ANO;MES;EMPRESA;ORIGEM;DESTINO;TARIFA;ASSENTOS
2008;6;GLO;SBSV;SBBR;805,00;60
2008;6;GLO;SBBE;SBBR;625,00;23
2008;6;GLO;SBGL;SBSP;350,00;93
2008;6;GLO;SBFZ;SBGL;670,00;1043
2008;6;GLO;SBGR;SBFL;325,00;1167
2008;6;GLO;SBBE;SBEG;545,00;36
2008;6;GLO;SBBR;SBEG;651,00;925
2008;6;GLO;SBCY;SBSP;800,00;7
2008;6;GLO;SBCT;SBBR;161,00;46
2008;6;GLO;SBPA;SBCT;109,00;10978
2008;6;GLO;SBGL;SBCF;450,00;285
2008;6;GLO;SBCT;SBGR;288,00;1242
2008;6;GLO;SBPA;SBCT;450,00;99
2008;6;GLO;SBEG;SBBE;495,00;41
2008;6;GLO;SBPS;SBSP;98,00;12
2008;6;GLO;SBRJ;SBBR;466,00;30
2008;6;GLO;SBCF;SBGR;79,00;58
2008;6;GLO;SBVT;SBSP;390,00;1681
2008;6;GLO;SBBE;SBEG;883,00;148
2008;6;GLO;SBGR;SBFZ;739,00;3133
2008;6;GLO;SBSV;SBGL;339,00;150
2008;6;GLO;SBFL;SBPA;306,00;1521
2008;6;GLO;SBPA;SBBR;465,00;2631
2008;6;GLO;SBEG;SBGR;910,00;50
2008;6;GLO;SBBR;SBGO;79,00;1093
2008;6;GLO;SBSP;SBVT;390,00;1997
2008;6;GLO;SBGR;SBCT;375,00;354
2008;6;GLO;SBBR;SBGO;420,00;143
2008;6;GLO;SBBR;SBSP;810,00;1
2008;6;GLO;SBPA;SBRJ;665,00;4
2008;6;GLO;SBSP;SBPA;440,00;333
2008;6;GLO;SBGR;SBFZ;1190,00;91
2008;6;GLO;SBFL;SBPA;515,00;383
2008;6;GLO;SBRF;SBGR;479,00;2173
2008;6;GLO;SBRF;SBGR;239,00;5226
2008;6;GLO;SBGR;SBGL;350,00;99
2008;6;GLO;SBCT;SBBR;835,00;399
2008;6;GLO;SBGR;SBFZ;980,00;97
2008;6;GLO;SBGR;SBBR;398,00;913
2008;6;GLO;SBRF;SBBR;573,00;107
2008;6;GLO;SBGR;SBFI;530,00;135
2008;6;GLO;SBBR;SBGR;410,00;252
2008;6;GLO;SBCY;SBBR;339,00;65
2008;6;GLO;SBSP;SBJV;64,00;37
2008;6;GLO;SBBR;SBCT;800,00;40
2008;6;GLO;SBFL;SBSP;595,00;1
2008;6;GLO;SBCG;SBSP;570,00;22
2008;6;GLO;SBCF;SBGR;570,00;36
2008;6;GLO;SBFL;SBSP;530,00;17
2008;6;GLO;SBGL;SBBR;215,00;10894
2008;6;GLO;SBGR;SBCF;570,00;44
2008;6;GLO;SBRF;SBGR;11,00;137
2008;6;GLO;SBCG;SBSP;269,00;401
2008;6;GLO;SBFL;SBCT;155,00;23
2008;6;GLO;SBSP;SBRJ;800,00;1
2008;6;GLO;SBCT;SBRJ;430,00;2
2008;6;GLO;SBCT;SBPA;91,00;34
2008;6;GLO;SBBR;SBSV;570,00;66
2008;6;GLO;SBRJ;SBSP;710,00;2
2008;6;GLO;SBRJ;SBBR;625,00;6
2008;6;GLO;SBSP;SBGL;560,00;41
2008;6;GLO;SBFL;SBCT;250,00;6
2008;6;GLO;SBGL;SBCT;620,00;28
2008;6;GLO;SBSP;SBLO;750,00;8
2008;6;GLO;SBSV;SBBR;239,00;5288
2008;6;GLO;SBLO;SBSP;665,00;28
2008;6;GLO;SBSP;SBUL;78,00;27
2008;6;GLO;SBPA;SBGL;790,00;13
2008;6;GLO;SBEG;SBBE;595,00;23
2008;6;GLO;SBGO;SBBR;305,00;21
2008;6;GLO;SBGR;SBPA;570,00;163
2008;6;GLO;SBGL;SBGR;56,00;48
2008;6;GLO;SBGR;SBFL;83,00;34
2008;6;GLO;SBCT;SBRJ;610,00;4
2008;6;GLO;SBSV;SBGR;555,00;448
2008;6;GLO;SBSP;SBCY;880,00;1
2008;6;GLO;SBGL;SBSP;560,00;35
2008;6;GLO;SBBR;SBSP;450,00;396
2008;6;GLO;SBFZ;SBGL;489,00;3222
2008;6;GLO;SBKP;SBBR;427,00;1237
2008;6;GLO;SBVT;SBSP;400,00;99
2008;6;GLO;SBPA;SBGR;810,00;1
2008;6;GLO;SBRF;SBFZ;330,00;111
2008;6;GLO;SBSP;SBGL;500,00;11
2008;6;GLO;SBPA;SBGR;640,00;102
2008;6;GLO;SBSP;SBCT;645,00;1
2008;6;GLO;SBGR;SBEG;750,00;360
2008;6;GLO;SBBR;SBSP;570,00;242
2008;6;GLO;SBUL;SBSP;605,00;333
2008;6;GLO;SBGL;SBGR;280,00;198
2008;6;GLO;SBBE;SBEG;319,00;500
2008;6;GLO;SBGL;SBCF;400,00;293
2008;6;GLO;SBGR;SBRF;1065,00;95
2008;6;GLO;SBSP;SBPS;685,00;9
2008;6;GLO;SBBR;SBSP;720,00;165
2008;6;GLO;SBGR;SBBR;580,00;112
2008;6;GLO;SBKP;SBCT;355,00;232
2008;6;GLO;SBRF;SBSV;560,00;46
2008;6;GLO;SBGL;SBGR;350,00;98
2008;6;GLO;SBFI;SBGR;475,00;97
2008;6;GLO;SBSV;SBBR;640,00;57
2008;6;GLO;SBRF;SBBR;695,00;81
2008;6;GLO;SBSV;SBBR;437,00;222
2008;6;GLO;SBGR;SBSV;670,00;204
2008;6;GLO;SBBE;SBMQ;485,00;1
2008;6;GLO;SBSV;SBRF;179,00;3789
2008;6;GLO;SBGL;SBGR;500,00;100
2008;6;GLO;SBCG;SBSP;820,00;17
2008;6;GLO;SBBE;SBMQ;340,00;17
2008;6;GLO;SBCT;SBSP;510,00;182
2008;6;GLO;SBFZ;SBGR;810,00;501
2008;6;GLO;SBFL;SBGR;475,00;55
2008;6;GLO;SBSP;SBCG;269,00;624
2008;6;GLO;SBFZ;SBRF;415,00;37
2008;6;GLO;SBEG;SBBR;655,00;23
2008;6;GLO;SBSP;SBPA;555,00;387
2008;6;GLO;SBSP;SBGL;315,00;459
2008;6;GLO;SBFZ;SBGR;1305,00;23
2008;6;GLO;SBGL;SBPA;495,00;379
2008;6;GLO;SBBR;SBFZ;855,00;33
2008;6;GLO;SBSP;SBCY;725,00;13
2008;6;GLO;SBGR;SBFZ;1410,00;569
2008;6;GLO;SBPA;SBFL;355,00;377
2008;6;GLO;SBGL;SBFZ;1085,00;94
2008;6;GLO;SBBR;SBPA;1,00;34
2008;6;GLO;SBSP;SBBR;505,00;405
2008;6;GLO;SBGL;SBBR;135,00;309
2008;6;GLO;SBRF;SBGR;880,00;165
2008;6;GLO;SBGL;SBSV;1,00;106
2008;6;GLO;SBGR;SBSV;249,00;12620
2008;6;GLO;SBVT;SBSP;450,00;126
2008;6;GLO;SBGR;SBEG;680,00;2450
2008;6;GLO;SBSP;SBFL;87,00;192
2008;6;GLO;SBRJ;SBSP;54,00;734
2008;6;GLO;SBFZ;SBBR;1035,00;29
2008;6;GLO;SBFZ;SBGL;740,00;261
2008;6;GLO;SBBR;SBCY;495,00;52
2008;6;GLO;SBGR;SBRF;239,00;7940
2008;6;GLO;SBBE;SBBR;690,00;29
2008;6;GLO;SBBR;SBRF;575,00;115
2008;6;GLO;SBGO;SBBR;420,00;98
2008;6;GLO;SBPS;SBSP;770,00;10
2008;6;GLO;SBGR;SBEG;685,00;140
2008;6;GLO;SBRF;SBBR;840,00;134
2008;6;GLO;SBBE;SBMQ;261,00;1337
2008;6;GLO;SBSP;SBUL;410,00;82
2008;6;GLO;SBSV;SBGL;470,00;253
2008;6;GLO;SBSV;SBGR;995,00;1443
2008;6;GLO;SBGR;SBFL;475,00;64
2008;6;GLO;SBSP;SBCY;800,00;2
2008;6;GLO;SBSP;SBSV;1,00;33
2008;6;GLO;SBGR;SBCT;335,00;321
2008;6;GLO;SBEG;SBBE;720,00;9
2008;6;GLO;SBGL;SBRF;1105,00;41
2008;6;GLO;SBSP;SBGO;450,00;123
2008;6;GLO;SBBE;SBBR;755,00;21
2008;6;GLO;SBBR;SBKP;440,00;40
2008;6;GLO;SBGL;SBSV;209,00;11281
2008;6;GLO;SBGL;SBFZ;670,00;1422
2008;6;GLO;SBPA;SBGL;835,00;781
2008;6;GLO;SBSP;SBCY;189,00;43
2008;6;GLO;SBBE;SBMQ;305,00;26
2008;6;GLO;SBRF;SBFZ;98,00;103
2008;6;GLO;SBFZ;SBGR;1190,00;71
2008;6;GLO;SBSP;SBUL;353,00;987
2008;6;GLO;SBCT;SBGR;295,00;665
2008;6;GLO;SBEG;SBGR;1210,00;11
2008;6;GLO;SBFZ;SBGR;739,00;3381
2008;6;GLO;SBBR;SBRF;635,00;53
2008;6;GLO;SBSP;SBSV;249,00;8444
2008;6;GLO;SBCT;SBKP;400,00;108
2008;6;GLO;SBSP;SBFL;755,00;1
2008;6;GLO;SBSP;SBCG;720,00;7
2008;6;GLO;SBBR;SBGR;205,00;5977
2008;6;GLO;SBGL;SBCT;345,00;69
2008;6;GLO;SBEG;SBBE;795,00;7
2008;6;GLO;SBCT;SBFL;99,00;414
2008;6;GLO;SBGL;SBCT;279,00;4797
2008;6;GLO;SBCT;SBFL;155,00;44
2008;6;GLO;SBUL;SBSP;353,00;864
2008;6;GLO;SBSP;SBRJ;500,00;293
2008;6;GLO;SBSP;SBJV;270,00;37
2008;6;GLO;SBUL;SBSP;460,00;25
2008;6;GLO;SBPA;SBGR;400,00;1352
2008;6;GLO;SBBR;SBRJ;1130,00;6
2008;6;GLO;SBGR;SBRF;661,00;1580
2008;6;GLO;SBSP;SBBR;640,00;176
2008;6;GLO;SBGO;SBSP;505,00;90
2008;6;GLO;SBFZ;SBRF;470,00;50
2008;6;GLO;SBGL;SBRF;830,00;89
2008;6;GLO;SBCT;SBKP;450,00;68
2008;6;GLO;SBBR;SBBE;755,00;14
2008;6;GLO;SBMQ;SBBE;270,00;105
2008;6;GLO;SBGL;SBCT;89,00;135
2008;6;GLO;SBPA;SBCT;505,00;55
2008;6;GLO;SBPA;SBBR;1,00;180
2008;6;GLO;SBCY;SBSP;545,00;19
2008;6;GLO;SBRF;SBBR;635,00;68
2008;6;GLO;SBGL;SBSV;755,00;86
2008;6;GLO;SBFZ;SBGL;675,00;106
2008;6;GLO;SBGL;SBFZ;489,00;2130
2008;6;GLO;SBGL;SBSV;835,00;1272
2008;6;GLO;SBMQ;SBBE;261,00;1936
2008;6;GLO;SBGL;SBRF;625,00;139
2008;6;GLO;SBSP;SBJV;380,00;35
2008;6;GLO;SBGL;SBFZ;1190,00;237
2008;6;GLO;SBRJ;SBCT;430,00;6
2008;6;GLO;SBFZ;SBGR;980,00;69
2008;6;GLO;SBGR;SBPA;720,00;39
2008;6;GLO;SBFI;SBGR;101,00;21
2008;6;GLO;SBFL;SBGR;375,00;376
2008;6;GLO;SBRF;SBGL;830,00;124
2008;6;GLO;SBSP;SBNF;475,00;37
2008;6;GLO;SBFZ;SBBR;339,00;2441
2008;6;GLO;SBGR;SBEG;910,00;100
2008;6;GLO;SBEG;SBBE;655,00;27
2008;6;GLO;SBGR;SBRF;665,00;539
2008;6;GLO;SBBR;SBRF;765,00;75
2008;6;GLO;SBGL;SBBR;600,00;267
2008;6;GLO;SBGL;SBPA;705,00;79
2008;6;GLO;SBSP;SBNF;335,00;35
2008;6;GLO;SBCT;SBFL;82,00;10
2008;6;GLO;SBGR;SBCF;400,00;155
2008;6;GLO;SBBR;SBBE;1028,00;98
2008;6;GLO;SBBR;SBCY;630,00;6
2008;6;GLO;SBJV;SBSP;340,00;52
2008;6;GLO;SBPA;SBBR;615,00;100
2008;6;GLO;SBPA;SBGL;309,00;10
2008;6;GLO;SBGR;SBSV;740,00;118
2008;6;GLO;SBCT;SBRJ;418,00;40
2008;6;GLO;SBFZ;SBGR;740,00;219
2008;6;GLO;SBSP;SBJV;430,00;3
2008;6;GLO;SBGL;SBRF;1162,00;468
2008;6;GLO;SBGL;SBFZ;815,00;44
2008;6;GLO;SBSP;SBLO;665,00;12
2008;6;GLO;SBBR;SBGR;520,00;98
2008;6;GLO;SBGR;SBFI;475,00;122
2008;6;GLO;SBPA;SBBR;675,00;48
2008;6;GLO;SBCY;SBBR;705,00;20
2008;6;GLO;SBBR;SBCT;630,00;71
2008;6;GLO;SBSP;SBVT;400,00;85
2008;6;GLO;SBEG;SBBR;790,00;10
2008;6;GLO;SBSV;SBBR;450,00;114
2008;6;GLO;SBPS;SBSP;479,00;355
2008;6;GLO;SBGL;SBRF;755,00;57
2008;6;GLO;SBSV;SBRF;495,00;66
2008;6;GLO;SBRJ;SBSP;445,00;279
2008;6;GLO;SBSP;SBVT;640,00;24
2008;6;GLO;SBKP;SBBR;440,00;13
2008;6;GLO;SBRF;SBBR;575,00;125
2008;6;GLO;SBRJ;SBPA;1204,00;4
2008;6;GLO;SBGR;SBCT;295,00;484
2008;6;GLO;SBCT;SBPA;640,00;1
2008;6;GLO;SBGL;SBGR;395,00;153
2008;6;GLO;SBPA;SBBR;745,00;13
2008;6;GLO;SBSP;SBBR;570,00;193
2008;6;GLO;SBSV;SBSP;1030,00;24
2008;6;GLO;SBBE;SBMQ;189,00;4883
2008;6;GLO;SBFL;SBSP;420,00;636
2008;6;GLO;SBGO;SBBR;215,00;29
2008;6;GLO;SBRF;SBGL;11,00;153
2008;6;GLO;SBRJ;SBSP;500,00;273
2008;6;GLO;SBSP;SBGO;738,00;282
2008;6;GLO;SBGL;SBGR;445,00;101
2008;6;GLO;SBCY;SBBR;395,00;28
2008;6;GLO;SBGR;SBCF;580,00;535
2008;6;GLO;SBRF;SBSV;179,00;3851
2008;6;GLO;SBBR;SBGR;830,00;4
2008;6;GLO;SBCY;SBBR;440,00;23
2008;6;GLO;SBKP;SBCT;515,00;270
2008;6;GLO;SBBR;SBPA;745,00;37
2008;6;GLO;SBGR;SBEG;1210,00;19
2008;6;GLO;SBBR;SBSP;640,00;190
2008;6;GLO;SBGR;SBSV;895,00;34
2008;6;GLO;SBCT;SBGL;620,00;30
2008;6;GLO;SBSP;SBVT;570,00;63
2008;6;GLO;SBUL;SBSP;515,00;19
2008;6;GLO;SBSP;SBCG;505,00;29
2008;6;GLO;SBBR;SBKP;555,00;42
2008;6;GLO;SBSP;SBPA;756,00;2692
2008;6;GLO;SBEG;SBBR;651,00;713
2008;6;GLO;SBBR;SBGR;745,00;253
2008;6;GLO;SBGL;SBRF;449,00;214
2008;6;GLO;SBBR;SBCT;133,00;58
2008;6;GLO;SBGO;SBBR;170,00;45
2008;6;GLO;SBRF;SBFZ;415,00;73
2008;6;GLO;SBGL;SBPA;555,00;201
2008;6;GLO;SBGL;SBRF;685,00;224
2008;6;GLO;SBGR;SBGL;445,00;115
2008;6;GLO;SBGL;SBFZ;985,00;58
2008;6;GLO;SBSP;SBFL;530,00;28
2008;6;GLO;SBSV;SBBR;720,00;110
2008;6;GLO;SBPA;SBGR;390,00;899
2008;6;GLO;SBBR;SBGL;475,00;400
2008;6;GLO;SBGL;SBSP;678,00;230
2008;6;GLO;SBGL;SBSP;395,00;98
2008;6;GLO;SBGL;SBFZ;675,00;119
2008;6;GLO;SBGL;SBRF;1005,00;57
2008;6;GLO;SBCY;SBSP;544,00;1085
2008;6;GLO;SBRF;SBBR;1020,00;38
2008;6;GLO;SBCT;SBGL;550,00;51
2008;6;GLO;SBBE;SBEG;446,00;244
2008;6;GLO;SBBR;SBGR;460,00;293
2008;6;GLO;SBFI;SBGR;409,00;1542
2008;6;GLO;SBCY;SBSP;189,00;3
2008;6;GLO;SBCT;SBRJ;685,00;2
2008;6;GLO;SBBR;SBGO;164,00;355
2008;6;GLO;SBCT;SBBR;710,00;55
2008;6;GLO;SBFL;SBCT;355,00;19
2008;6;GLO;SBGR;SBCF;306,00;2191
2008;6;GLO;SBPA;SBGR;279,00;1411
2008;6;GLO;SBBR;SBSP;820,00;1752
2008;6;GLO;SBPA;SBGR;726,00;851
2008;6;GLO;SBKP;SBCT;306,00;505
2008;6;GLO;SBGO;SBBR;27,00;63
2008;6;GLO;SBBR;SBGL;726,00;1970
2008;6;GLO;SBSP;SBCT;347,00;3031
2008;6;GLO;SBBR;SBFZ;710,00;21
2008;6;GLO;SBBR;SBGL;215,00;10270
2008;6;GLO;SBPA;SBCT;400,00;85
2008;6;GLO;SBRF;SBGL;285,00;6473
2008;6;GLO;SBEG;SBGR;750,00;216
2008;6;GLO;SBRF;SBSV;440,00;58
2008;6;GLO;SBSP;SBVT;730,00;438
2008;6;GLO;SBBR;SBEG;1204,00;245
2008;6;GLO;SBSP;SBBR;1,00;201
2008;6;GLO;SBBR;SBRF;1059,00;187
2008;6;GLO;SBBR;SBRJ;625,00;8
2008;6;GLO;SBSV;SBGR;249,00;14695
2008;6;GLO;SBSV;SBGL;1,00;198
2008;6;GLO;SBCT;SBGL;635,00;731
2008;6;GLO;SBRF;SBBR;925,00;52
2008;6;GLO;SBRF;SBBR;1059,00;159
2008;6;GLO;SBGL;SBPA;790,00;46
2008;6;GLO;SBBR;SBFZ;780,00;32
2008;6;GLO;SBFL;SBCT;175,00;4
2008;6;GLO;SBFL;SBSP;364,00;2284
2008;6;GLO;SBSV;SBGL;830,00;103
2008;6;GLO;SBBR;SBGR;1,00;89
2008;6;GLO;SBGL;SBCF;315,00;249
2008;6;GLO;SBBE;SBBR;915,00;16
2008;6;GLO;SBBR;SBFZ;585,00;98
2008;6;GLO;SBFZ;SBGR;1410,00;453
2008;6;GLO;SBSP;SBCY;600,00;69
2008;6;GLO;SBBR;SBGL;600,00;239
2008;6;GLO;SBCT;SBPA;109,00;12165
2008;6;GLO;SBGL;SBPA;440,00;531
2008;6;GLO;SBRF;SBFZ;590,00;33
2008;6;GLO;SBEG;SBBE;446,00;302
2008;6;GLO;SBFZ;SBBR;583,00;890
2008;6;GLO;SBPA;SBGL;427,00;715
2008;6;GLO;SBEG;SBGR;1585,00;119
2008;6;GLO;SBSP;SBNF;535,00;24
2008;6;GLO;SBBR;SBBE;830,00;10
2008;6;GLO;SBSP;SBSV;940,00;31
2008;6;GLO;SBPA;SBSP;555,00;235
2008;6;GLO;SBGL;SBBR;675,00;148
2008;6;GLO;SBGL;SBRF;8,00;63
2008;6;GLO;SBBR;SBCY;705,00;7
2008;6;GLO;SBPA;SBBR;510,00;264
2008;6;GLO;SBCT;SBFL;195,00;6
2008;6;GLO;SBGL;SBSP;269,00;1753
2008;6;GLO;SBFZ;SBGR;18,00;47
2008;6;GLO;SBRF;SBSV;705,00;1
2008;6;GLO;SBBR;SBRF;1020,00;47
2008;6;GLO;SBRF;SBFZ;470,00;74
2008;6;GLO;SBSV;SBSP;1250,00;4
2008;6;GLO;SBRJ;SBPA;885,00;2
2008;6;GLO;SBCF;SBGL;355,00;476
2008;6;GLO;SBRJ;SBCT;485,00;2
2008;6;GLO;SBSP;SBFL;364,00;2331
2008;6;GLO;SBEG;SBGR;15,00;157
2008;6;GLO;SBFZ;SBRF;97,00;96
2008;6;GLO;SBGO;SBSP;388,00;400
2008;6;GLO;SBSV;SBGR;610,00;423
2008;6;GLO;SBRF;SBBR;309,00;4271
2008;6;GLO;SBSP;SBGL;445,00;51
2008;6;GLO;SBBR;SBSV;640,00;41
2008;6;GLO;SBBR;SBSV;805,00;33
2008;6;GLO;SBRJ;SBCT;418,00;150
2008;6;GLO;SBPA;SBRJ;549,00;32
2008;6;GLO;SBFZ;SBRF;525,00;126
2008;6;GLO;SBSP;SBNF;76,00;168
2008;6;GLO;SBFZ;SBRF;370,00;160
2008;6;GLO;SBSP;SBGL;395,00;61
2008;6;GLO;SBGL;SBBR;726,00;1346
2008;6;GLO;SBGR;SBCF;72,00;66
2008;6;GLO;SBGL;SBPA;279,00;6640
2008;6;GLO;SBRJ;SBSP;560,00;312
2008;6;GLO;SBCT;SBPA;219,00;10
2008;6;GLO;SBSV;SBRF;249,00;12
2008;6;GLO;SBSV;SBGL;685,00;253
2008;6;GLO;SBGR;SBPA;726,00;681
2008;6;GLO;SBJV;SBSP;260,00;418
2008;6;GLO;SBBR;SBBE;515,00;409
2008;6;GLO;SBEG;SBBR;9,00;54
2008;6;GLO;SBSP;SBBR;720,00;112
2008;6;GLO;SBSP;SBLO;470,00;24
2008;6;GLO;SBSP;SBCT;360,00;262
2008;6;GLO;SBSP;SBSV;1030,00;17
2008;6;GLO;SBNF;SBSP;325,00;2905
2008;6;GLO;SBGR;SBGL;605,00;398
2008;6;GLO;SBGR;SBRF;479,00;1649
2008;6;GLO;SBSP;SBVT;510,00;29
2008;6;GLO;SBBR;SBRJ;830,00;2
2008;6;GLO;SBCY;SBBR;134,00;24
2008;6;GLO;SBSP;SBPS;865,00;24
2008;6;GLO;SBFL;SBGR;325,00;1115
2008;6;GLO;SBLO;SBSP;525,00;16
2008;6;GLO;SBSP;SBBR;820,00;1381
2008;6;GLO;SBFZ;SBGR;895,00;126
2008;6;GLO;SBSV;SBGR;399,00;285
2008;6;GLO;SBBE;SBBR;369,00;1409
2008;6;GLO;SBFL;SBSP;620,00;463
2008;6;GLO;SBBR;SBGR;735,00;4
2008;6;GLO;SBGL;SBCT;550,00;29
2008;6;GLO;SBBE;SBBR;515,00;672
2008;6;GLO;SBGR;SBFI;104,00;19
2008;6;GLO;SBPA;SBFL;306,00;1991
2008;6;GLO;SBBR;SBKP;427,00;1154
2008;6;GLO;SBRF;SBBR;8,00;117
2008;6;GLO;SBSP;SBSV;705,00;2
2008;6;GLO;SBCY;SBSP;880,00;14
2008;6;GLO;SBGL;SBSV;515,00;176
2008;6;GLO;SBCT;SBFL;140,00;2
2008;6;GLO;SBRF;SBGR;661,00;2468
2008;6;GLO;SBGR;SBCT;535,00;1
2008;6;GLO;SBRF;SBSV;495,00;35
2008;6;GLO;SBGL;SBSP;445,00;59
2008;6;GLO;SBCY;SBSP;660,00;13
2008;6;GLO;SBPA;SBBR;820,00;17
2008;6;GLO;SBSP;SBCG;820,00;40
2008;6;GLO;SBGR;SBBR;655,00;113
2008;6;GLO;SBPA;SBFL;62,00;181
2008;6;GLO;SBSP;SBPA;495,00;939
2008;6;GLO;SBRJ;SBSP;384,00;5773
2008;6;GLO;SBGR;SBSV;995,00;1435
2008;6;GLO;SBBR;SBPA;1041,00;106
2008;6;GLO;SBBR;SBGL;425,00;445
2008;6;GLO;SBGL;SBSV;565,00;172
2008;6;GLO;SBSP;SBCT;450,00;173
2008;6;GLO;SBPS;SBSP;540,00;36
2008;6;GLO;SBGL;SBCT;385,00;143
2008;6;GLO;SBGR;SBBR;1,00;84
2008;6;GLO;SBSP;SBRJ;630,00;5
2008;6;GLO;SBGR;SBBR;205,00;6154
2008;6;GLO;SBPA;SBCT;355,00;387
2008;6;GLO;SBSV;SBRF;118,00;54
2008;6;GLO;SBPA;SBGL;625,00;58
2008;6;GLO;SBCG;SBSP;720,00;5
2008;6;GLO;SBSV;SBBR;570,00;44
2008;6;GLO;SBBR;SBGR;580,00;76
2008;6;GLO;SBBR;SBRF;695,00;71
2008;6;GLO;SBBR;SBCT;485,00;1677
2008;6;GLO;SBCY;SBBR;350,00;67
2008;6;GLO;SBSP;SBPA;625,00;355
2008;6;GLO;SBCT;SBGR;420,00;130
2008;6;GLO;SBJV;SBSP;380,00;31
2008;6;GLO;SBBR;SBPA;465,00;2696
2008;6;GLO;SBSP;SBCG;810,00;6
2008;6;GLO;SBBR;SBFZ;339,00;3730
2008;6;GLO;SBGR;SBSV;985,00;75
2008;6;GLO;SBCT;SBPA;306,00;43
2008;6;GLO;SBSP;SBJV;199,00;2277
2008;6;GLO;SBCT;SBSP;347,00;2415
2008;6;GLO;SBRF;SBGR;1175,00;117
2008;6;GLO;SBBE;SBEG;450,00;73
2008;6;GLO;SBGL;SBSP;56,00;235
2008;6;GLO;SBLO;SBSP;455,00;252
2008;6;GLO;SBFL;SBGR;335,00;1
2008;6;GLO;SBRF;SBSV;350,00;111
2008;6;GLO;SBCY;SBBR;199,00;2353
2008;6;GLO;SBBE;SBMQ;74,00;184
2008;6;GLO;SBSP;SBCY;965,00;4
2008;6;GLO;SBCY;SBSP;725,00;18
2008;6;GLO;SBKP;SBCT;219,00;546
2008;6;GLO;SBSP;SBGO;388,00;548
2008;6;GLO;SBCG;SBSP;493,00;83
2008;6;GLO;SBGL;SBCT;334,00;396
2008;6;GLO;SBFZ;SBRF;320,00;1433
2008;6;GLO;SBBR;SBGO;305,00;36
2008;6;GLO;SBFZ;SBRF;590,00;36
2008;6;GLO;SBSP;SBRJ;384,00;4958
2008;6;GLO;SBGR;SBCF;315,00;79
2008;6;GLO;SBBR;SBPA;675,00;26
2008;6;GLO;SBRF;SBGL;1105,00;43
2008;6;GLO;SBKP;SBBR;625,00;7
2008;6;GLO;SBCY;SBSP;600,00;79
2008;6;GLO;SBCT;SBFL;280,00;1
2008;6;GLO;SBGL;SBRF;910,00;133
2008;6;GLO;SBGR;SBPA;400,00;1106
2008;6;GLO;SBBR;SBCY;726,00;127
2008;6;GLO;SBBR;SBRJ;466,00;34
2008;6;GLO;SBCT;SBBR;485,00;1759
2008;6;GLO;SBCT;SBFL;355,00;15
2008;6;GLO;SBBR;SBSP;249,00;4095
2008;6;GLO;SBPA;SBFL;450,00;15
2008;6;GLO;SBSP;SBCT;54,00;160
2008;6;GLO;SBBR;SBCY;560,00;46
2008;6;GLO;SBPA;SBSP;495,00;553
2008;6;GLO;SBSP;SBSV;709,00;137
2008;6;GLO;SBEG;SBGR;499,00;1525
2008;6;GLO;SBCT;SBKP;60,00;44
2008;6;GLO;SBRF;SBFZ;320,00;1408
2008;6;GLO;SBGR;SBRF;1289,00;1230
2008;6;GLO;SBCF;SBGR;355,00;251
2008;6;GLO;SBPA;SBRJ;1204,00;6
2008;6;GLO;SBPA;SBCT;306,00;20
2008;6;GLO;SBKP;SBBR;495,00;104
2008;6;GLO;SBCF;SBGR;306,00;1620
2008;6;GLO;SBSV;SBRF;395,00;71
2008;6;GLO;SBGR;SBSV;399,00;763
2008;6;GLO;SBBR;SBCY;199,00;2230
2008;6;GLO;SBBR;SBKP;710,00;230
2008;6;GLO;SBBR;SBGO;275,00;36
2008;6;GLO;SBSP;SBCT;400,00;551
2008;6;GLO;SBBR;SBGL;675,00;174
2008;6;GLO;SBSP;SBPS;770,00;34
2008;6;GLO;SBGR;SBEG;1000,00;43
2008;6;GLO;SBSP;SBGL;269,00;1939
2008;6;GLO;SBGL;SBCF;355,00;540
2008;6;GLO;SBRF;SBGR;665,00;160
2008;6;GLO;SBRJ;SBBR;570,00;40
2008;6;GLO;SBBE;SBEG;1,00;52
2008;6;GLO;SBCT;SBGL;695,00;1
2008;6;GLO;SBRJ;SBSP;678,00;5484
2008;6;GLO;SBGL;SBGR;315,00;251
2008;6;GLO;SBSP;SBRJ;560,00;274
2008;6;GLO;SBFZ;SBBR;8,00;292
2008;6;GLO;SBGL;SBFZ;740,00;204
2008;6;GLO;SBGO;SBSP;738,00;340
2008;6;GLO;SBGR;SBFZ;13,00;266
2008;6;GLO;SBCT;SBFL;139,00;186
2008;6;GLO;SBSP;SBCG;570,00;6
2008;6;GLO;SBBR;SBCT;560,00;217
2008;6;GLO;SBKP;SBCT;315,00;1
2008;6;GLO;SBGR;SBFL;545,00;149
2008;6;GLO;SBRF;SBSV;113,00;54
2008;6;GLO;SBRF;SBFZ;525,00;85
2008;6;GLO;SBLO;SBSP;840,00;8
2008;6;GLO;SBFZ;SBBR;710,00;42
2008;6;GLO;SBVT;SBSP;730,00;300
2008;6;GLO;SBPA;SBRJ;89,00;4
2008;6;GLO;SBBR;SBEG;8,00;22
2008;6;GLO;SBGO;SBSP;720,00;32
2008;6;GLO;SBRF;SBGR;730,00;365
2008;6;GLO;SBEG;SBBE;319,00;575
2008;6;GLO;SBSP;SBNF;425,00;74
2008;6;GLO;SBBR;SBPA;615,00;86
2008;6;GLO;SBGR;SBEG;1100,00;43
2008;6;GLO;SBFZ;SBBR;645,00;108
2008;6;GLO;SBGL;SBSV;466,00;326
2008;6;GLO;SBRF;SBSV;630,00;10
2008;6;GLO;SBBE;SBBR;830,00;16
2008;6;GLO;SBSP;SBCT;510,00;134
2008;6;GLO;SBGR;SBRF;970,00;349
2008;6;GLO;SBGR;SBCF;505,00;82
2008;6;GLO;SBSP;SBCY;140,00;57
2008;6;GLO;SBGL;SBPA;835,00;1035
2008;6;GLO;SBSP;SBFL;620,00;454
2008;6;GLO;SBSP;SBBR;439,00;2867
2008;6;GLO;SBFL;SBGR;425,00;82
2008;6;GLO;SBBR;SBCT;500,00;93
2008;6;GLO;SBEG;SBBE;406,00;2582
2008;6;GLO;SBBR;SBSP;505,00;340
2008;6;GLO;SBPS;SBSP;1220,00;32
2008;6;GLO;SBBR;SBBE;200,00;35
2008;6;GLO;SBSP;SBRJ;159,00;12482
2008;6;GLO;SBFI;SBGR;850,00;2
2008;6;GLO;SBNF;SBSP;425,00;37
2008;6;GLO;SBBE;SBMQ;665,00;40
2008;6;GLO;SBBR;SBPA;820,00;68
2008;6;GLO;SBSP;SBSV;1071,00;193
2008;6;GLO;SBGL;SBGR;605,00;411
2008;6;GLO;SBPA;SBGL;440,00;529
2008;6;GLO;SBRF;SBSV;640,00;337
2008;6;GLO;SBKP;SBCT;505,00;5
2008;6;GLO;SBGL;SBCF;306,00;4004
2008;6;GLO;SBSP;SBPA;122,00;186
2008;6;GLO;SBSV;SBBR;2,00;153
2008;6;GLO;SBGL;SBSV;470,00;314
2008;6;GLO;SBSP;SBFL;470,00;31
2008;6;GLO;SBGO;SBBR;275,00;38
2008;6;GLO;SBGL;SBSP;500,00;17
2008;6;GLO;SBSV;SBBR;835,00;121
2008;6;GLO;SBSV;SBGL;835,00;1335
2008;6;GLO;SBSP;SBUL;365,00;42
2008;6;GLO;SBSV;SBGL;625,00;178
2008;6;GLO;SBFI;SBGR;1040,00;40
2008;6;GLO;SBCT;SBBR;500,00;107
2008;6;GLO;SBBR;SBEG;1050,00;3
2008;6;GLO;SBCT;SBFL;220,00;6
2008;6;GLO;SBGL;SBCT;695,00;1
2008;6;GLO;SBGR;SBFZ;1080,00;172
2008;6;GLO;SBGR;SBGL;99,00;2193
2008;6;GLO;SBCF;SBGL;450,00;113
2008;6;GLO;SBCY;SBBR;726,00;96
2008;6;GLO;SBCY;SBSP;1174,00;148
2008;6;GLO;SBBR;SBGO;170,00;31
2008;6;GLO;SBSV;SBSP;775,00;73
2008;6;GLO;SBSP;SBCT;617,00;2600
2008;6;GLO;SBCF;SBGR;450,00;70
2008;6;GLO;SBSP;SBGO;505,00;52
2008;6;GLO;SBRJ;SBCT;685,00;2
2008;6;GLO;SBMQ;SBBE;340,00;50
2008;6;GLO;SBCT;SBSP;570,00;120
2008;6;GLO;SBBR;SBKP;625,00;24
2008;6;GLO;SBRF;SBGR;1289,00;1264
2008;6;GLO;SBCT;SBGR;375,00;149
2008;6;GLO;SBFZ;SBGL;1085,00;56
2008;6;GLO;SBRJ;SBPA;89,00;4
2008;6;GLO;SBSV;SBSP;940,00;33
2008;6;GLO;SBBR;SBFZ;1089,00;254
2008;6;GLO;SBGL;SBGR;269,00;1306
2008;6;GLO;SBCT;SBPA;315,00;2
2008;6;GLO;SBFZ;SBBR;855,00;59
2008;6;GLO;SBBE;SBMQ;385,00;12
2008;6;GLO;SBCT;SBGL;334,00;392
2008;6;GLO;SBNF;SBSP;545,00;833
2008;6;GLO;SBFL;SBPA;505,00;6
2008;6;GLO;SBSP;SBGL;350,00;51
2008;6;GLO;SBCF;SBGL;515,00;2275
2008;6;GLO;SBBR;SBCY;395,00;14
2008;6;GLO;SBCT;SBSP;400,00;557
2008;6;GLO;SBSP;SBSV;855,00;26
2008;6;GLO;SBBR;SBGR;655,00;19
2008;6;GLO;SBFZ;SBRF;330,00;90
2008;6;GLO;SBGL;SBRF;622,00;1028
2008;6;GLO;SBCT;SBSP;450,00;207
2008;6;GLO;SBKP;SBCT;450,00;30
2008;6;GLO;SBPA;SBFL;219,00;509
2008;6;GLO;SBCT;SBFL;175,00;4
2008;6;GLO;SBJV;SBSP;64,00;43
2008;6;GLO;SBGR;SBFI;409,00;2200
2008;6;GLO;SBCY;SBSP;131,00;53
2008;6;GLO;SBCT;SBBR;800,00;38
2008;6;GLO;SBRF;SBGL;622,00;970
2008;6;GLO;SBCT;SBSP;617,00;2452
2008;6;GLO;SBFL;SBCT;139,00;301
2008;6;GLO;SBSV;SBGR;1,00;188
2008;6;GLO;SBFL;SBCT;42,00;7
2008;6;GLO;SBSP;SBVT;82,00;138
2008;6;GLO;SBSV;SBGL;209,00;10221
2008;6;GLO;SBGR;SBSV;555,00;694
2008;6;GLO;SBSP;SBRJ;445,00;246
2008;6;GLO;SBBR;SBBE;570,00;65
2008;6;GLO;SBFL;SBPA;355,00;564
2008;6;GLO;SBRF;SBGL;910,00;93
2008;6;GLO;SBRF;SBSV;249,00;116
2008;6;GLO;SBSP;SBCY;544,00;918
2008;6;GLO;SBGR;SBFZ;810,00;529
2008;6;GLO;SBCT;SBKP;306,00;1068
2008;6;GLO;SBRF;SBGR;800,00;116
2008;6;GLO;SBJV;SBSP;199,00;2381
2008;6;GLO;SBCT;SBBR;630,00;36
2008;6;GLO;SBSP;SBCY;660,00;28
2008;6;GLO;SBBR;SBSV;835,00;357
2008;6;GLO;SBGR;SBPA;640,00;107
2008;6;GLO;SBCF;SBGL;315,00;173
2008;6;GLO;SBBR;SBRF;309,00;3413
2008;6;GLO;SBEG;SBBE;883,00;189
2008;6;GLO;SBGR;SBSV;1,00;179
2008;6;GLO;SBRF;SBGR;1065,00;106
2008;6;GLO;SBCT;SBGR;56,00;63
2008;6;GLO;SBFL;SBCT;195,00;8
2008;6;GLO;SBJV;SBSP;270,00;56
2008;6;GLO;SBCY;SBBR;630,00;9
2008;6;GLO;SBFZ;SBRF;600,00;596
2008;6;GLO;SBBR;SBFZ;1035,00;14
2008;6;GLO;SBPA;SBSP;705,00;19
2008;6;GLO;SBBR;SBRF;573,00;186
2008;6;GLO;SBSP;SBBR;249,00;3208
2008;6;GLO;SBSP;SBSV;775,00;63
2008;6;GLO;SBBE;SBEG;720,00;7
2008;6;GLO;SBGR;SBGL;315,00;339
2008;6;GLO;SBGR;SBGL;500,00;56
2008;6;GLO;SBSP;SBFL;420,00;730
2008;6;GLO;SBPA;SBCT;640,00;2
2008;6;GLO;SBRJ;SBSP;800,00;1
2008;6;GLO;SBSP;SBCT;570,00;105
2008;6;GLO;SBBR;SBSV;505,00;57
2008;6;GLO;SBGO;SBSP;570,00;102
2008;6;GLO;SBGR;SBGL;395,00;105
2008;6;GLO;SBGR;SBCF;355,00;388
2008;6;GLO;SBCT;SBKP;515,00;514
2008;6;GLO;SBBR;SBCY;339,00;105
2008;6;GLO;SBGR;SBCT;288,00;1466
2008;6;GLO;SBPA;SBSP;890,00;2
2008;6;GLO;SBGO;SBBR;164,00;389
2008;6;GLO;SBGR;SBBR;830,00;2
2008;6;GLO;SBRJ;SBSP;395,00;952
2008;6;GLO;SBGO;SBSP;127,00;123
2008;6;GLO;SBBR;SBFZ;8,00;59
2008;6;GLO;SBBR;SBGO;26,00;62
2008;6;GLO;SBSP;SBRJ;395,00;829
2008;6;GLO;SBSV;SBGL;755,00;82
2008;6;GLO;SBEG;SBGR;1100,00;10
2008;6;GLO;SBGL;SBCF;505,00;127
2008;6;GLO;SBCT;SBSP;360,00;237
2008;6;GLO;SBPA;SBBR;1041,00;117
2008;6;GLO;SBSV;SBSP;1,00;155
2008;6;GLO;SBSV;SBSP;709,00;256
2008;6;GLO;SBKP;SBCT;61,00;42
2008;6;GLO;SBSV;SBGR;553,00;1537
2008;6;GLO;SBCT;SBGL;345,00;68
2008;6;GLO;SBPA;SBSP;440,00;313
2008;6;GLO;SBPA;SBSP;625,00;171
2008;6;GLO;SBGR;SBSV;553,00;1690
2008;6;GLO;SBBR;SBPA;510,00;222
2008;6;GLO;SBGR;SBGL;560,00;22
2008;6;GLO;SBSP;SBGO;126,00;131
2008;6;GLO;SBRF;SBGL;685,00;452
2008;6;GLO;SBSP;SBLO;455,00;150
2008;6;GLO;SBEG;SBBR;870,00;15
2008;6;GLO;SBEG;SBBR;955,00;14
2008;6;GLO;SBCT;SBGR;475,00;16
2008;6;GLO;SBFL;SBPA;219,00;612
2008;6;GLO;SBGR;SBPA;810,00;3
2008;6;GLO;SBGR;SBGL;54,00;38
2008;6;GLO;SBJV;SBSP;508,00;180
2008;6;GLO;SBPS;SBSP;685,00;6
2008;6;GLO;SBBR;SBSV;437,00;356
2008;6;GLO;SBGL;SBSP;280,00;157
2008;6;GLO;SBBR;SBEG;720,00;85
2008;6;GLO;SBPA;SBSP;429,00;3929
2008;6;GLO;SBGL;SBPA;625,00;113
2008;6;GLO;SBGR;SBEG;825,00;48
2008;6;GLO;SBSP;SBPS;1220,00;26
2008;6;GLO;SBFI;SBGR;600,00;59
2008;6;GLO;SBCG;SBSP;640,00;8
2008;6;GLO;SBSV;SBGR;985,00;107
2008;6;GLO;SBCT;SBFL;250,00;1
2008;6;GLO;SBFZ;SBGR;1080,00;147
2008;6;GLO;SBPA;SBSP;790,00;2
2008;6;GLO;SBBR;SBGL;535,00;207
2008;6;GLO;SBGR;SBBR;410,00;366
2008;6;GLO;SBSP;SBUL;580,00;44
2008;6;GLO;SBFI;SBGR;530,00;65
2008;6;GLO;SBPA;SBFL;400,00;23
2008;6;GLO;SBSV;SBGR;815,00;153
2008;6;GLO;SBGL;SBCF;515,00;2763
2008;6;GLO;SBPA;SBSP;756,00;1829
2008;6;GLO;SBGR;SBPA;450,00;335
2008;6;GLO;SBLO;SBSP;34,00;54
2008;6;GLO;SBGL;SBCT;635,00;787
2008;6;GLO;SBGR;SBFI;850,00;12
2008;6;GLO;SBSV;SBGL;466,00;892
2008;6;GLO;SBGL;SBSV;339,00;363
2008;6;GLO;SBSP;SBPS;98,00;10
2008;6;GLO;SBEG;SBBR;1155,00;1
2008;6;GLO;SBGL;SBPA;309,00;289
2008;6;GLO;SBSP;SBBR;450,00;356
2008;6;GLO;SBSV;SBRF;440,00;54
2008;6;GLO;SBSP;SBCY;545,00;57
2008;6;GLO;SBSP;SBUL;515,00;60
2008;6;GLO;SBFZ;SBGL;1319,00;374
2008;6;GLO;SBMQ;SBBE;545,00;6
2008;6;GLO;SBSV;SBRF;630,00;6
2008;6;GLO;SBGL;SBRF;285,00;7175
2008;6;GLO;SBCT;SBGL;490,00;77
2008;6;GLO;SBGL;SBSV;685,00;158
2008;6;GLO;SBSP;SBGL;56,00;216
2008;6;GLO;SBFL;SBPA;61,00;176
2008;6;GLO;SBGR;SBFZ;740,00;281
2008;6;GLO;SBJV;SBSP;300,00;104
2008;6;GLO;SBFL;SBSP;470,00;49
2008;6;GLO;SBLO;SBSP;750,00;24
2008;6;GLO;SBGL;SBPA;890,00;1
2008;6;GLO;SBPA;SBGR;159,00;9982
2008;6;GLO;SBGL;SBGR;199,00;25
2008;6;GLO;SBCF;SBGR;315,00;82
2008;6;GLO;SBBR;SBFZ;645,00;97
2008;6;GLO;SBSP;SBUL;460,00;44
2008;6;GLO;SBBR;SBSP;439,00;2759
2008;6;GLO;SBCT;SBGL;279,00;4316
2008;6;GLO;SBGR;SBEG;1585,00;169
2008;6;GLO;SBPA;SBFL;505,00;1
2008;6;GLO;SBFL;SBCT;280,00;3
2008;6;GLO;SBBR;SBBE;690,00;47
2008;6;GLO;SBBR;SBGO;245,00;44
2008;6;GLO;SBGO;SBBR;190,00;42
2008;6;GLO;SBPA;SBRJ;605,00;4
2008;6;GLO;SBPA;SBRJ;550,00;2
2008;6;GLO;SBRJ;SBPA;605,00;12
2008;6;GLO;SBSP;SBLO;35,00;56
2008;6;GLO;SBGR;SBFZ;1305,00;30
2008;6;GLO;SBBR;SBRF;7,00;80
2008;6;GLO;SBBR;SBKP;1,00;19
2008;6;GLO;SBBR;SBGO;190,00;33
2008;6;GLO;SBRF;SBGR;970,00;358
2008;6;GLO;SBSP;SBCG;640,00;8
2008;6;GLO;SBLO;SBSP;590,00;18
2008;6;GLO;SBGR;SBFI;420,00;113
2008;6;GLO;SBGR;SBFI;755,00;9
2008;6;GLO;SBRJ;SBPA;549,00;32
2008;6;GLO;SBBR;SBFZ;940,00;25
2008;6;GLO;SBFL;SBPA;450,00;9
2008;6;GLO;SBMQ;SBBE;385,00;57
2008;6;GLO;SBVT;SBSP;640,00;18
2008;6;GLO;SBGL;SBGR;99,00;4238
2008;6;GLO;SBCT;SBRJ;47,00;22
2008;6;GLO;SBCT;SBGL;86,00;135
2008;6;GLO;SBFZ;SBGL;895,00;70
2008;6;GLO;SBGR;SBBR;460,00;291
2008;6;GLO;SBPA;SBGL;279,00;6351
2008;6;GLO;SBSP;SBLO;840,00;2
2008;6;GLO;SBCT;SBGL;318,00;1
2008;6;GLO;SBRF;SBGL;1005,00;59
2008;6;GLO;SBSV;SBSP;249,00;7479
2008;6;GLO;SBBE;SBEG;655,00;26
2008;6;GLO;SBGL;SBBR;535,00;229
2008;6;GLO;SBGR;SBCT;490,00;476
2008;6;GLO;SBBR;SBBE;369,00;1581
2008;6;GLO;SBMQ;SBBE;305,00;39
2008;6;GLO;SBFL;SBPA;400,00;14
2008;6;GLO;SBVT;SBSP;510,00;142
2008;6;GLO;SBBR;SBRF;925,00;47
2008;6;GLO;SBEG;SBGR;685,00;34
2008;6;GLO;SBCF;SBGR;580,00;485
2008;6;GLO;SBGR;SBCT;475,00;22
2008;6;GLO;SBKP;SBBR;710,00;169
2008;6;GLO;SBSP;SBRJ;54,00;741
2008;6;GLO;SBBR;SBGR;398,00;1295
2008;6;GLO;SBMQ;SBBE;73,00;175
2008;6;GLO;SBBR;SBKP;495,00;115
2008;6;GLO;SBKP;SBCT;400,00;35
2008;6;GLO;SBFL;SBGR;545,00;186
2008;6;GLO;SBCT;SBRJ;974,00;6
2008;6;GLO;SBSP;SBJV;300,00;93
2008;6;GLO;SBGL;SBCT;490,00;79
2008;6;GLO;SBCT;SBGL;385,00;295
2008;6;GLO;SBCT;SBSP;55,00;165
2008;6;GLO;SBKP;SBBR;555,00;7
2008;6;GLO;SBEG;SBBR;1204,00;170
2008;6;GLO;SBGR;SBFL;335,00;1
2008;6;GLO;SBRF;SBSV;395,00;76
2008;6;GLO;SBPS;SBSP;610,00;36
2008;6;GLO;SBBR;SBGO;345,00;38
2008;6;GLO;SBGR;SBFI;600,00;39
2008;6;GLO;SBGL;SBCF;57,00;314
2008;6;GLO;SBFI;SBGR;675,00;16
2008;6;GLO;SBBE;SBBR;209,00;37
2008;6;GLO;SBFL;SBSP;87,00;189
2008;6;GLO;SBRF;SBGL;449,00;298
2008;6;GLO;SBPA;SBSP;122,00;186
2008;6;GLO;SBSV;SBGL;515,00;202
2008;6;GLO;SBRJ;SBCT;974,00;10
2008;6;GLO;SBSP;SBGO;400,00;229
2008;6;GLO;SBFL;SBGR;85,00;38
2008;6;GLO;SBEG;SBBR;720,00;93
2008;6;GLO;SBCG;SBSP;505,00;24
2008;6;GLO;SBCT;SBPA;400,00;106
2008;6;GLO;SBEG;SBGR;825,00;15
2008;6;GLO;SBBR;SBPA;560,00;82
2008;6;GLO;SBFI;SBGR;420,00;57
2008;6;GLO;SBGR;SBBR;520,00;91
2008;6;GLO;SBRJ;SBPA;665,00;2
2008;6;GLO;SBFZ;SBBR;780,00;27
2008;6;GLO;SBGL;SBSV;625,00;151
2008;6;GLO;SBFZ;SBGL;985,00;101
2008;6;GLO;SBSP;SBCG;61,00;108
2008;6;GLO;SBSP;SBCG;493,00;98
2008;6;GLO;SBCF;SBGL;306,00;3809
2008;6;GLO;SBGO;SBBR;345,00;20
2008;6;GLO;SBPA;SBCT;90,00;34
2008;6;GLO;SBBR;SBSV;239,00;4197
2008;6;GLO;SBSP;SBLO;525,00;14
2008;6;GLO;SBGR;SBBR;735,00;37
2008;6;GLO;SBBR;SBGO;215,00;22
2008;6;GLO;SBSP;SBCY;1174,00;102
2008;6;GLO;SBSP;SBLO;877,00;62
2008;6;GLO;SBSV;SBGL;565,00;148
2008;6;GLO;SBGL;SBFZ;895,00;57
2008;6;GLO;SBEG;SBBE;450,00;52
2008;6;GLO;SBGL;SBBR;411,00;2625
2008;6;GLO;SBBE;SBBR;570,00;85
2008;6;GLO;SBSP;SBNF;545,00;789
2008;6;GLO;SBGO;SBSP;400,00;218
2008;6;GLO;SBGR;SBRF;730,00;519
2008;6;GLO;SBBE;SBEG;495,00;41
2008;6;GLO;SBPA;SBGL;495,00;339
2008;6;GLO;SBSP;SBNF;375,00;230
2008;6;GLO;SBGO;SBBR;245,00;30
2008;6;GLO;SBJV;SBSP;430,00;2
2008;6;GLO;SBSP;SBRJ;678,00;5362
2008;6;GLO;SBSP;SBLO;590,00;4
2008;6;GLO;SBCT;SBGR;335,00;248
2008;6;GLO;SBMQ;SBBE;665,00;52
2008;6;GLO;SBGR;SBSV;815,00;130
2008;6;GLO;SBPA;SBGR;450,00;233
2008;6;GLO;SBBR;SBEG;870,00;25
2008;6;GLO;SBUL;SBSP;365,00;48
2008;6;GLO;SBBR;SBSV;1,00;86
2008;6;GLO;SBCY;SBSP;965,00;3
2008;6;GLO;SBRJ;SBSP;630,00;1
2008;6;GLO;SBSV;SBRF;560,00;57
2008;6;GLO;SBSV;SBRF;339,00;391
2008;6;GLO;SBBE;SBMQ;430,00;1
2008;6;GLO;SBGR;SBGL;269,00;1674
2008;6;GLO;SBBR;SBEG;955,00;4
2008;6;GLO;SBFZ;SBBR;1089,00;174
2008;6;GLO;SBGR;SBFI;1040,00;33
2008;6;GLO;SBGR;SBCT;56,00;64
2008;6;GLO;SBPA;SBGR;570,00;205
2008;6;GLO;SBBR;SBSV;720,00;53
2008;6;GLO;SBCF;SBGL;400,00;141
2008;6;GLO;SBSP;SBGL;280,00;77
2008;6;GLO;SBRF;SBBR;765,00;80
2008;6;GLO;SBBR;SBEG;790,00;20
2008;6;GLO;SBBE;SBBR;1028,00;135
2008;6;GLO;SBGL;SBSP;315,00;433
2008;6;GLO;SBPS;SBSP;865,00;4
2008;6;GLO;SBCF;SBGL;505,00;80
2008;6;GLO;SBSV;SBGR;740,00;135
2008;6;GLO;SBEG;SBBR;469,00;475
2008;6;GLO;SBGO;SBSP;640,00;65
2008;6;GLO;SBGL;SBPA;1,00;62
2008;6;GLO;SBRJ;SBCT;47,00;20
2008;6;GLO;SBBR;SBRJ;570,00;6
2008;6;GLO;SBNF;SBSP;475,00;10
2008;6;GLO;SBRF;SBSV;339,00;379
2008;6;GLO;SBRF;SBGL;1162,00;532
2008;6;GLO;SBSP;SBPS;540,00;37
2008;6;GLO;SBGR;SBFI;675,00;72
2008;6;GLO;SBGR;SBFL;375,00;256
2008;6;GLO;SBSP;SBUL;605,00;422
2008;6;GLO;SBBE;SBEG;406,00;3282
2008;6;GLO;SBBR;SBCT;835,00;528
2008;6;GLO;SBRF;SBGL;625,00;218
2008;6;GLO;SBNF;SBSP;375,00;299
2008;6;GLO;SBRF;SBGL;755,00;149
2008;6;GLO;SBSV;SBGR;895,00;63
2008;6;GLO;SBMQ;SBBE;430,00;14
2008;6;GLO;SBSP;SBPA;429,00;4794
2008;6;GLO;SBGR;SBSV;610,00;611
2008;6;GLO;SBBR;SBEG;655,00;37
2008;6;GLO;SBBR;SBRJ;515,00;4
2008;6;GLO;SBGR;SBFZ;895,00;98
2008;6;GLO;SBFZ;SBGL;815,00;91
2008;6;GLO;SBPA;SBGR;510,00;264
2008;6;GLO;SBCT;SBRJ;485,00;2
2008;6;GLO;SBRJ;SBSP;159,00;13210
2008;6;GLO;SBFL;SBPA;315,00;1
2008;6;GLO;SBGR;SBPA;510,00;269
2008;6;GLO;SBSP;SBPA;705,00;22
2008;6;GLO;SBPA;SBBR;560,00;65
2008;6;GLO;SBSV;SBRF;640,00;326
2008;6;GLO;SBFI;SBGR;755,00;92
2008;6;GLO;SBSP;SBJV;340,00;35
2008;6;GLO;SBCT;SBPA;450,00;128
2008;6;GLO;SBSP;SBGL;678,00;302
2008;6;GLO;SBBR;SBGL;135,00;311
2008;6;GLO;SBCY;SBBR;560,00;21
2008;6;GLO;SBGR;SBRF;14,00;91
2008;6;GLO;SBGR;SBRF;880,00;255
2008;6;GLO;SBBR;SBFZ;583,00;754
2008;6;GLO;SBBR;SBGO;119,00;115
2008;6;GLO;SBSP;SBNF;325,00;2591
2008;6;GLO;SBVT;SBSP;98,00;113
2008;6;GLO;SBEG;SBBE;1,00;100
2008;6;GLO;SBFZ;SBGL;8,00;36
2008;6;GLO;SBGO;SBBR;79,00;1189
2008;6;GLO;SBBE;SBEG;595,00;36
2008;6;GLO;SBEG;SBBE;545,00;8
2008;6;GLO;SBCF;SBGL;57,00;311
2008;6;GLO;SBCT;SBPA;355,00;377
2008;6;GLO;SBGR;SBCF;450,00;142
2008;6;GLO;SBRF;SBFZ;370,00;169
2008;6;GLO;SBGL;SBCT;435,00;46
2008;6;GLO;SBGR;SBRF;800,00;292
2008;6;GLO;SBBR;SBCY;350,00;54
2008;6;GLO;SBGR;SBPA;122,00;51
2008;6;GLO;SBVT;SBSP;570,00;26
2008;6;GLO;SBSP;SBJV;508,00;151
2008;6;GLO;SBEG;SBGR;680,00;1701
2008;6;GLO;SBCT;SBGR;490,00;473
2008;6;GLO;SBLO;SBSP;877,00;106
2008;6;GLO;SBSP;SBGO;570,00;43
2008;6;GLO;SBBR;SBCT;710,00;94
2008;6;GLO;SBPA;SBGR;720,00;23
2008;6;GLO;SBCT;SBPA;505,00;29
2008;6;GLO;SBBE;SBEG;795,00;7
2008;6;GLO;SBLO;SBSP;470,00;36
2008;6;GLO;SBSP;SBPS;610,00;19
2008;6;GLO;SBGR;SBGL;280,00;196
2008;6;GLO;SBGL;SBBR;425,00;397
2008;6;GLO;SBKP;SBBR;1,00;21
2008;6;GLO;SBFZ;SBGL;1190,00;42
2008;6;GLO;SBNF;SBSP;335,00;37
2008;6;GLO;SBGR;SBGL;199,00;179
2008;6;GLO;SBBR;SBCY;440,00;28
2008;6;GLO;SBSP;SBPS;479,00;199
2008;6;GLO;SBSV;SBSP;855,00;30
2008;6;GLO;SBGR;SBFL;425,00;73
2008;6;GLO;SBBR;SBRF;840,00;113
2008;6;GLO;SBUL;SBSP;76,00;31
2008;6;GLO;SBUL;SBSP;580,00;25
2008;6;GLO;SBPA;SBGL;1,00;168
2008;6;GLO;SBGL;SBFZ;1319,00;379
2008;6;GLO;SBBR;SBBE;915,00;4
2008;6;GLO;SBBR;SBBE;625,00;16
2008;6;GLO;SBSV;SBGR;670,00;146
2008;6;GLO;SBEG;SBBR;1050,00;5
2008;6;GLO;SBCT;SBKP;505,00;37
2008;6;GLO;SBCG;SBSP;61,00;92
2008;6;GLO;SBSP;SBJV;260,00;496
2008;6;GLO;SBPA;SBGL;555,00;92
2008;6;GLO;SBGL;SBSV;830,00;43
2008;6;GLO;SBGR;SBPA;390,00;1214
2008;6;GLO;SBBR;SBEG;1155,00;2
2008;6;GLO;SBSV;SBBR;505,00;87
2008;6;GLO;SBBR;SBGL;411,00;2538
2008;6;GLO;SBGR;SBFL;535,00;1
2008;6;GLO;SBGO;SBSP;450,00;97
2008;6;GLO;SBRF;SBFZ;600,00;615
2008;6;GLO;SBBR;SBSP;1,00;103
2008;6;GLO;SBGL;SBGR;560,00;56
2008;6;GLO;SBCT;SBBR;560,00;246
2008;6;GLO;SBSP;SBGO;640,00;24
2008;6;GLO;SBGL;SBBR;475,00;596
2008;6;GLO;SBGR;SBRF;1175,00;128
2008;6;GLO;SBPA;SBGL;705,00;48
2008;6;GLO;SBCT;SBKP;355,00;396
2008;6;GLO;SBSP;SBGO;720,00;5
2008;6;GLO;SBSP;SBVT;450,00;119
2008;6;GLO;SBGR;SBPA;279,00;253
2008;6;GLO;SBBR;SBCY;133,00;20
2008;6;GLO;SBEG;SBGR;1000,00;137
2008;6;GLO;SBSV;SBRF;350,00;106
2008;6;GLO;SBBR;SBSV;450,00;120
2008;6;GLO;SBGR;SBBR;745,00;259
2008;6;GLO;SBGR;SBPA;159,00;9375
2008;6;GLO;SBBE;SBMQ;270,00;42
2008;6;GLO;SBCY;SBBR;495,00;32
2008;6;GLO;SBFZ;SBBR;940,00;12
2008;6;GLO;SBGR;SBCT;420,00;91
2008;6;GLO;SBGR;SBEG;12,00;46
2008;6;GLO;SBNF;SBSP;77,00;159
2008;6;GLO;SBGL;SBPA;427,00;1180
2008;6;GLO;SBMQ;SBBE;189,00;4517
2008;6;GLO;SBPA;SBGR;122,00;54
2008;6;GLO;SBCF;SBGR;505,00;58
2008;6;GLO;SBSP;SBVT;720,00;2
2008;6;GLO;SBFL;SBCT;220,00;27
2008;6;GLO;SBSV;SBSP;1071,00;221
2008;6;GLO;SBCF;SBGR;400,00;35
2008;6;GLO;SBGL;SBFZ;8,00;228
2008;6;GLO;SBFZ;SBBR;585,00;127
2008;6;GLO;SBUL;SBSP;410,00;45
2008;6;GLO;SBCT;SBGL;435,00;66
2008;6;ONE;SBSV;SBRF;219,00;38
2008;6;ONE;SBGL;SBGR;84,00;32
2008;6;ONE;SBRF;SBGR;359,00;85
2008;6;ONE;SBGR;SBBR;160,00;22
2008;6;ONE;SBPA;SBGR;289,00;123
2008;6;ONE;SBGL;SBFZ;1120,00;4
2008;6;ONE;SBSP;SBFL;317,00;139
2008;6;ONE;SBGR;SBSV;279,00;46
2008;6;ONE;SBGL;SBRF;542,00;7
2008;6;ONE;SBFL;SBSP;176,00;6
2008;6;ONE;SBGL;SBRF;287,00;19
2008;6;ONE;SBSV;SBBR;129,00;1
2008;6;ONE;SBFZ;SBGL;660,00;6
2008;6;ONE;SBGL;SBRF;419,00;14
2008;6;ONE;SBSV;SBRF;435,00;4
2008;6;ONE;SBBR;SBGR;329,00;24
2008;6;ONE;SBGR;SBRF;282,00;187
2008;6;ONE;SBBR;SBFZ;275,00;24
2008;6;ONE;SBGR;SBBR;329,00;18
2008;6;ONE;SBPA;SBBR;447,00;12
2008;6;ONE;SBPA;SBBR;530,00;3
2008;6;ONE;SBRF;SBSV;140,00;7
2008;6;ONE;SBGR;SBRF;471,00;172
2008;6;ONE;SBSV;SBGR;249,00;15
2008;6;ONE;SBSV;SBRF;376,00;5
2008;6;ONE;SBBR;SBSP;341,00;44
2008;6;ONE;SBSV;SBGR;469,00;8
2008;6;ONE;SBFZ;SBGL;577,00;5
2008;6;ONE;SBRF;SBGR;469,00;55
2008;6;ONE;SBGL;SBFZ;329,00;45
2008;6;ONE;SBGL;SBBR;216,00;129
2008;6;ONE;SBFZ;SBGL;405,00;38
2008;6;ONE;SBPA;SBGR;169,00;701
2008;6;ONE;SBGL;SBGR;156,00;7
2008;6;ONE;SBPA;SBGR;189,00;454
2008;6;ONE;SBFL;SBSP;270,00;72
2008;6;ONE;SBBR;SBCY;294,00;69
2008;6;ONE;SBRJ;SBSP;229,00;306
2008;6;ONE;SBBR;SBGL;294,00;45
2008;6;ONE;SBRF;SBGL;424,00;44
2008;6;ONE;SBRJ;SBSP;249,00;173
2008;6;ONE;SBFZ;SBGL;624,00;4
2008;6;ONE;SBPA;SBBR;483,00;2
2008;6;ONE;SBCY;SBBR;317,00;3
2008;6;ONE;SBGR;SBRF;388,00;151
2008;6;ONE;SBGR;SBFZ;707,00;116
2008;6;ONE;SBSP;SBRJ;189,00;683
2008;6;ONE;SBRJ;SBSP;299,00;37
2008;6;ONE;SBSV;SBRF;199,00;124
2008;6;ONE;SBRF;SBGR;299,00;19
2008;6;ONE;SBSP;SBBR;149,00;2
2008;6;ONE;SBPA;SBBR;412,00;14
2008;6;ONE;SBRF;SBSV;789,00;3
2008;6;ONE;SBRJ;SBSP;209,00;340
2008;6;ONE;SBRJ;SBSP;79,00;13
2008;6;ONE;SBGR;SBPA;409,00;14
2008;6;ONE;SBGR;SBGL;183,00;13
2008;6;ONE;SBSV;SBSP;235,00;61
2008;6;ONE;SBBR;SBSP;317,00;310
2008;6;ONE;SBSV;SBSP;365,00;57
2008;6;ONE;SBCY;SBSP;506,00;4
2008;6;ONE;SBRJ;SBSP;412,00;8
2008;6;ONE;SBGL;SBRF;389,00;13
2008;6;ONE;SBGR;SBBR;294,00;84
2008;6;ONE;SBGR;SBRF;553,00;12
2008;6;ONE;SBRF;SBSV;179,00;111
2008;6;ONE;SBGR;SBGL;103,00;248
2008;6;ONE;SBGR;SBBR;197,00;54
2008;6;ONE;SBFZ;SBGR;707,00;64
2008;6;ONE;SBRJ;SBSP;84,00;25
2008;6;ONE;SBPA;SBBR;612,00;6
2008;6;ONE;SBSV;SBSP;412,00;42
2008;6;ONE;SBBR;SBGL;216,00;272
2008;6;ONE;SBGR;SBPA;259,00;60
2008;6;ONE;SBSP;SBRJ;93,00;308
2008;6;ONE;SBRJ;SBSP;142,00;65
2008;6;ONE;SBSV;SBSP;907,00;18
2008;6;ONE;SBBR;SBGL;317,00;21
2008;6;ONE;SBSP;SBRJ;299,00;37
2008;6;ONE;SBSP;SBFL;199,00;30
2008;6;ONE;SBSP;SBSV;329,00;196
2008;6;ONE;SBSV;SBRF;164,00;3
2008;6;ONE;SBRJ;SBSP;189,00;748
2008;6;ONE;SBBR;SBRF;376,00;53
2008;6;ONE;SBGR;SBFZ;778,00;27
2008;6;ONE;SBSP;SBBR;459,00;8
2008;6;ONE;SBGL;SBGR;117,00;114
2008;6;ONE;SBRF;SBGL;339,00;16
2008;6;ONE;SBGL;SBRF;879,00;3
2008;6;ONE;SBGR;SBSV;349,00;28
2008;6;ONE;SBPA;SBGR;259,00;184
2008;6;ONE;SBSV;SBGR;199,00;2
2008;6;ONE;SBGL;SBGR;103,00;260
2008;6;ONE;SBGR;SBFZ;825,00;7
2008;6;ONE;SBRF;SBSV;329,00;26
2008;6;ONE;SBPA;SBGR;199,00;551
2008;6;ONE;SBGR;SBSV;309,00;77
2008;6;ONE;SBBR;SBGL;353,00;12
2008;6;ONE;SBSP;SBCY;353,00;3
2008;6;ONE;SBSP;SBSV;147,00;4
2008;6;ONE;SBGR;SBPA;199,00;904
2008;6;ONE;SBSV;SBGR;309,00;13
2008;6;ONE;SBGR;SBPA;169,00;489
2008;6;ONE;SBRF;SBGL;459,00;20
2008;6;ONE;SBBR;SBFZ;577,00;3
2008;6;ONE;SBBR;SBSP;412,00;19
2008;6;ONE;SBSV;SBGR;279,00;13
2008;6;ONE;SBGR;SBBR;365,00;8
2008;6;ONE;SBGR;SBFZ;565,00;132
2008;6;ONE;SBSP;SBRJ;553,00;14
2008;6;ONE;SBGL;SBFZ;506,00;119
2008;6;ONE;SBSV;SBSP;553,00;6
2008;6;ONE;SBPA;SBGR;329,00;7
2008;6;ONE;SBBR;SBSP;459,00;9
2008;6;ONE;SBSP;SBBR;341,00;46
2008;6;ONE;SBBR;SBGR;294,00;92
2008;6;ONE;SBRF;SBGR;329,00;90
2008;6;ONE;SBCY;SBSP;388,00;45
2008;6;ONE;SBBR;SBSP;294,00;55
2008;6;ONE;SBPA;SBGR;149,00;37
2008;6;ONE;SBGR;SBGL;117,00;177
2008;6;ONE;SBRF;SBBR;306,00;83
2008;6;ONE;SBFZ;SBGL;542,00;35
2008;6;ONE;SBRF;SBSV;219,00;31
2008;6;ONE;SBGR;SBRF;424,00;185
2008;6;ONE;SBBR;SBCY;199,00;96
2008;6;ONE;SBRF;SBGR;683,00;3
2008;6;ONE;SBGR;SBFZ;1320,00;8
2008;6;ONE;SBSV;SBGR;379,00;23
2008;6;ONE;SBFZ;SBBR;275,00;3
2008;6;ONE;SBSP;SBRJ;176,00;492
2008;6;ONE;SBGR;SBRF;966,00;9
2008;6;ONE;SBRF;SBBR;447,00;6
2008;6;ONE;SBBR;SBRF;306,00;59
2008;6;ONE;SBRJ;SBSP;169,00;2357
2008;6;ONE;SBPA;SBBR;329,00;13
2008;6;ONE;SBSV;SBRF;789,00;3
2008;6;ONE;SBSP;SBCY;553,00;8
2008;6;ONE;SBFL;SBSP;235,00;62
2008;6;ONE;SBGR;SBPA;149,00;77
2008;6;ONE;SBGL;SBGR;471,00;4
2008;6;ONE;SBGR;SBRF;229,00;1
2008;6;ONE;SBCY;SBSP;424,00;16
2008;6;ONE;SBFZ;SBGL;1120,00;7
2008;6;ONE;SBRJ;SBSP;176,00;402
2008;6;ONE;SBBR;SBSP;211,00;127
2008;6;ONE;SBSP;SBRJ;79,00;15
2008;6;ONE;SBSP;SBRJ;229,00;201
2008;6;ONE;SBRF;SBSV;164,00;7
2008;6;ONE;SBBR;SBFZ;494,00;6
2008;6;ONE;SBBR;SBCY;270,00;76
2008;6;ONE;SBBR;SBSP;376,00;24
2008;6;ONE;SBBR;SBRF;530,00;3
2008;6;ONE;SBRF;SBBR;990,00;3
2008;6;ONE;SBFZ;SBBR;542,00;6
2008;6;ONE;SBSP;SBBR;317,00;63
2008;6;ONE;SBBR;SBGL;388,00;17
2008;6;ONE;SBSP;SBSV;365,00;106
2008;6;ONE;SBBR;SBSP;872,00;3
2008;6;ONE;SBBR;SBGR;123,00;2
2008;6;ONE;SBCY;SBBR;270,00;30
2008;6;ONE;SBRF;SBGL;494,00;12
2008;6;ONE;SBBR;SBRF;447,00;12
2008;6;ONE;SBGL;SBFZ;577,00;8
2008;6;ONE;SBPA;SBBR;565,00;4
2008;6;ONE;SBGR;SBPA;189,00;659
2008;6;ONE;SBBR;SBRF;990,00;5
2008;6;ONE;SBRF;SBGL;275,00;1
2008;6;ONE;SBSP;SBBR;376,00;17
2008;6;ONE;SBCY;SBBR;199,00;144
2008;6;ONE;SBGL;SBBR;294,00;6
2008;6;ONE;SBRF;SBBR;412,00;29
2008;6;ONE;SBSV;SBRF;211,00;84
2008;6;ONE;SBBR;SBCY;317,00;15
2008;6;ONE;SBSP;SBFL;270,00;58
2008;6;ONE;SBSP;SBCY;388,00;5
2008;6;ONE;SBRF;SBGL;1037,00;4
2008;6;ONE;SBSV;SBGR;419,00;14
2008;6;ONE;SBGR;SBBR;825,00;4
2008;6;ONE;SBRF;SBGR;399,00;151
2008;6;ONE;SBCY;SBSP;223,00;3
2008;6;ONE;SBRF;SBGR;194,00;8
2008;6;ONE;SBBR;SBFZ;339,00;62
2008;6;ONE;SBGR;SBRF;353,00;216
2008;6;ONE;SBSV;SBSP;494,00;13
2008;6;ONE;SBRF;SBGR;429,00;92
2008;6;ONE;SBFZ;SBBR;424,00;95
2008;6;ONE;SBRF;SBGR;966,00;19
2008;6;ONE;SBSP;SBRJ;249,00;214
2008;6;ONE;SBSP;SBBR;412,00;10
2008;6;ONE;SBSP;SBBR;211,00;376
2008;6;ONE;SBSP;SBFL;376,00;45
2008;6;ONE;SBFZ;SBGR;825,00;42
2008;6;ONE;SBSP;SBFL;235,00;24
2008;6;ONE;SBSP;SBBR;294,00;226
2008;6;ONE;SBBR;SBGL;270,00;120
2008;6;ONE;SBBR;SBPA;565,00;8
2008;6;ONE;SBSP;SBCY;424,00;18
2008;6;ONE;SBSP;SBFL;152,00;12
2008;6;ONE;SBRJ;SBSP;553,00;8
2008;6;ONE;SBSP;SBRJ;142,00;143
2008;6;ONE;SBGL;SBRF;359,00;113
2008;6;ONE;SBSV;SBBR;199,00;1
2008;6;ONE;SBGL;SBFZ;405,00;39
2008;6;ONE;SBFZ;SBGR;778,00;25
2008;6;ONE;SBGR;SBGL;84,00;40
2008;6;ONE;SBBR;SBSP;518,00;8
2008;6;ONE;SBSP;SBSV;294,00;212
2008;6;ONE;SBGR;SBPA;229,00;403
2008;6;ONE;SBPA;SBGR;359,00;8
2008;6;ONE;SBRF;SBBR;245,00;16
2008;6;ONE;SBBR;SBGL;848,00;6
2008;6;ONE;SBBR;SBFZ;459,00;26
2008;6;ONE;SBCY;SBBR;229,00;6
2008;6;ONE;SBGR;SBSV;199,00;15
2008;6;ONE;SBBR;SBFZ;424,00;39
2008;6;ONE;SBGR;SBFZ;742,00;34
2008;6;ONE;SBFZ;SBGR;565,00;18
2008;6;ONE;SBSP;SBRJ;169,00;2169
2008;6;ONE;SBBR;SBPA;329,00;35
2008;6;ONE;SBCY;SBSP;353,00;3
2008;6;ONE;SBGR;SBGL;471,00;6
2008;6;ONE;SBRF;SBSV;249,00;30
2008;6;ONE;SBFZ;SBBR;494,00;5
2008;6;ONE;SBFZ;SBGR;1320,00;16
2008;6;ONE;SBFZ;SBBR;459,00;21
2008;6;ONE;SBGR;SBSV;249,00;49
2008;6;ONE;SBGR;SBPA;709,00;7
2008;6;ONE;SBPA;SBGR;709,00;7
2008;6;ONE;SBSP;SBCY;506,00;3
2008;6;ONE;SBGL;SBFZ;542,00;18
2008;6;ONE;SBSV;SBSP;329,00;233
2008;6;ONE;SBFL;SBSP;317,00;96
2008;6;ONE;SBGR;SBFZ;907,00;4
2008;6;ONE;SBBR;SBPA;530,00;5
2008;6;ONE;SBPA;SBGR;229,00;338
2008;6;ONE;SBSV;SBSP;199,00;2
2008;6;ONE;SBGL;SBBR;176,00;184
2008;6;ONE;SBGR;SBPA;359,00;10
2008;6;ONE;SBBR;SBPA;447,00;4
2008;6;ONE;SBGR;SBRF;683,00;14
2008;6;ONE;SBBR;SBGR;365,00;10
2008;6;ONE;SBFL;SBSP;122,00;2
2008;6;ONE;SBBR;SBPA;483,00;4
2008;6;ONE;SBGL;SBGR;132,00;14
2008;6;ONE;SBSP;SBRJ;209,00;327
2008;6;ONE;SBGR;SBRF;506,00;20
2008;6;ONE;SBBR;SBCY;353,00;3
2008;6;ONE;SBGL;SBGR;81,00;2
2008;6;ONE;SBFZ;SBBR;339,00;59
2008;6;ONE;SBGR;SBRF;766,00;12
2008;6;ONE;SBSV;SBRF;329,00;8
2008;6;ONE;SBBR;SBGR;270,00;197
2008;6;ONE;SBRF;SBGL;542,00;7
2008;6;ONE;SBRF;SBBR;376,00;50
2008;6;ONE;SBSP;SBSV;199,00;3
2008;6;ONE;SBSV;SBGR;349,00;17
2008;6;ONE;SBGL;SBBR;435,00;8
2008;6;ONE;SBBR;SBGR;247,00;148
2008;6;ONE;SBBR;SBCY;176,00;3
2008;6;ONE;SBGR;SBBR;270,00;105
2008;6;ONE;SBGR;SBBR;247,00;120
2008;6;ONE;SBBR;SBPA;412,00;25
2008;6;ONE;SBSP;SBRJ;349,00;32
2008;6;ONE;SBSV;SBRF;249,00;15
2008;6;ONE;SBRF;SBGR;519,00;33
2008;6;ONE;SBGR;SBGL;132,00;119
2008;6;ONE;SBSV;SBRF;140,00;15
2008;6;ONE;SBSP;SBFL;447,00;4
2008;6;ONE;SBFL;SBSP;199,00;112
2008;6;ONE;SBBR;SBGR;197,00;191
2008;6;ONE;SBGR;SBGL;156,00;49
2008;6;ONE;SBGR;SBFZ;860,00;6
2008;6;ONE;SBBR;SBGL;176,00;165
2008;6;ONE;SBFZ;SBGL;506,00;53
2008;6;ONE;SBGL;SBRF;489,00;3
2008;6;ONE;SBGR;SBGL;229,00;3
2008;6;ONE;SBFL;SBSP;376,00;8
2008;6;ONE;SBRF;SBGR;239,00;78
2008;6;ONE;SBGR;SBRF;612,00;32
2008;6;ONE;SBRJ;SBSP;93,00;290
2008;6;ONE;SBFZ;SBGR;742,00;63
2008;6;ONE;SBSV;SBSP;294,00;200
2008;6;ONE;SBSP;SBSV;235,00;163
2008;6;ONE;SBBR;SBGR;825,00;3
2008;6;ONE;SBSP;SBSV;907,00;6
2008;6;ONE;SBSP;SBCY;471,00;25
2008;6;ONE;SBBR;SBRF;245,00;140
2008;6;ONE;SBFL;SBSP;152,00;27
2008;6;ONE;SBBR;SBGR;160,00;46
2008;6;ONE;SBRF;SBBR;494,00;6
2008;6;ONE;SBGL;SBBR;270,00;173
2008;6;ONE;SBRF;SBSV;199,00;135
2008;6;ONE;SBBR;SBRF;412,00;21
2008;6;PTB;SBBR;SBSV;550,00;2
2008;6;PTB;SBCT;SBBH;452,00;1
2008;6;PTB;SBBH;SBCT;283,00;28
2008;6;PTB;SBCT;SBBH;316,00;14
2008;6;PTB;SBBH;SBCT;316,00;19
2008;6;PTB;SBGR;SBBR;268,00;5
2008;6;PTB;SBBH;SBCT;367,00;1
2008;6;PTB;SBGR;SBBR;437,00;1
2008;6;PTB;SBCT;SBBH;283,00;26
2008;6;PTN;SBAE;SBSP;79,00;97
2008;6;PTN;SBSP;SBAU;199,00;530
2008;6;PTN;SBSP;SBAU;529,00;68
2008;6;PTN;SBAU;SBSP;679,00;3
2008;6;PTN;SBAU;SBSP;119,00;233
2008;6;PTN;SBSP;SBML;779,00;33
2008;6;PTN;SBSP;SBAU;289,00;173
2008;6;PTN;SBSP;SBAU;449,00;236
2008;6;PTN;SBAU;SBSP;479,00;204
2008;6;PTN;SBSP;SBAE;649,00;6
2008;6;PTN;SBAE;SBSP;299,00;29
2008;6;PTN;SBAU;SBSP;529,00;70
2008;6;PTN;SBML;SBSP;549,00;5
2008;6;PTN;SBAE;SBSP;389,00;77
2008;6;PTN;SBSP;SBAU;85,00;270
2008;6;PTN;SBML;SBSP;649,00;4
2008;6;PTN;SBSP;SBAE;589,00;3
2008;6;PTN;SBSP;SBML;729,00;3
2008;6;PTN;SBSP;SBAE;149,00;6
2008;6;PTN;SBSP;SBML;339,00;96
2008;6;PTN;SBAU;SBSP;569,00;40
2008;6;PTN;SBAE;SBSP;719,00;13
2008;6;PTN;SBSP;SBAU;589,00;38
2008;6;PTN;SBSP;SBAE;519,00;58
2008;6;PTN;SBML;SBSP;479,00;61
2008;6;PTN;SBSP;SBAE;124,00;99
2008;6;PTN;SBSP;SBML;549,00;4
2008;6;PTN;SBAU;SBSP;639,00;1
2008;6;PTN;SBSP;SBAE;199,00;4
2008;6;PTN;SBAU;SBSP;589,00;23
2008;6;PTN;SBAE;SBSP;519,00;55
2008;6;PTN;SBAE;SBSP;759,00;77
2008;6;PTN;SBSP;SBAE;279,00;448
2008;6;PTN;SBSP;SBAU;169,00;183
2008;6;PTN;SBAE;SBSP;239,00;667
2008;6;PTN;SBAU;SBSP;239,00;556
2008;6;PTN;SBSP;SBML;379,00;72
2008;6;PTN;SBML;SBSP;379,00;43
2008;6;PTN;SBSP;SBAE;389,00;75
2008;6;PTN;SBSP;SBAE;79,00;98
2008;6;PTN;SBML;SBSP;339,00;88
2008;6;PTN;SBML;SBSP;729,00;2
2008;6;PTN;SBSP;SBAU;739,00;26
2008;6;PTN;SBML;SBSP;419,00;61
2008;6;PTN;SBSP;SBAE;459,00;30
2008;6;PTN;SBSP;SBAU;479,00;152
2008;6;PTN;SBSP;SBAU;569,00;40
2008;6;PTN;SBAU;SBSP;85,00;234
2008;6;PTN;SBML;SBSP;219,00;378
2008;6;PTN;SBAU;SBSP;739,00;8
2008;6;PTN;SBAE;SBSP;589,00;2
2008;6;PTN;SBAE;SBSP;119,00;2
2008;6;PTN;SBAE;SBSP;649,00;6
2008;6;PTN;SBML;SBSP;779,00;42
2008;6;PTN;SBAE;SBSP;459,00;9
2008;6;PTN;SBSP;SBML;419,00;70
2008;6;PTN;SBSP;SBAE;549,00;21
2008;6;PTN;SBML;SBSP;579,00;5
2008;6;PTN;SBSP;SBAE;759,00;58
2008;6;PTN;SBSP;SBML;579,00;5
2008;6;PTN;SBAU;SBSP;449,00;259
2008;6;PTN;SBSP;SBML;479,00;67
2008;6;PTN;SBSP;SBAU;239,00;525
2008;6;PTN;SBAE;SBSP;349,00;60
2008;6;PTN;SBSP;SBAE;179,00;85
2008;6;PTN;SBAE;SBSP;279,00;422
2008;6;PTN;SBSP;SBML;259,00;350
2008;6;PTN;SBAE;SBSP;689,00;2
2008;6;PTN;SBML;SBSP;259,00;339
2008;6;PTN;SBAU;SBSP;199,00;385
2008;6;PTN;SBAE;SBSP;179,00;98
2008;6;PTN;SBSP;SBAU;679,00;6
2008;6;PTN;SBSP;SBAE;299,00;31
2008;6;PTN;SBSP;SBML;299,00;240
2008;6;PTN;SBAU;SBSP;789,00;131
2008;6;PTN;SBAE;SBSP;549,00;20
2008;6;PTN;SBAU;SBSP;169,00;205
2008;6;PTN;SBAE;SBSP;124,00;96
2008;6;PTN;SBSP;SBAE;239,00;667
2008;6;PTN;SBSP;SBAU;789,00;117
2008;6;PTN;SBSP;SBAU;119,00;214
2008;6;PTN;SBSP;SBAE;349,00;71
2008;6;PTN;SBML;SBSP;299,00;253
2008;6;PTN;SBAE;SBSP;199,00;1
2008;6;PTN;SBSP;SBAE;719,00;16
2008;6;PTN;SBSP;SBML;219,00;392
2008;6;PTN;SBAU;SBSP;289,00;196
2008;6;SLX;SBBR;SBGO;89,00;59
2008;6;SLX;SBBR;SBGO;257,00;2
2008;6;SLX;SBBR;SBGO;56,00;64
2008;6;SLX;SBGO;SBBR;89,00;78
2008;6;SLX;SBGO;SBBR;56,00;62
2008;6;TAM;SBCT;SBGL;579,50;27
2008;6;TAM;SBPA;SBCT;519,50;19
2008;6;TAM;SBSV;SBGR;719,50;106
2008;6;TAM;SBMQ;SBBE;609,50;11
2008;6;TAM;SBGL;SBRF;449,50;17
2008;6;TAM;SBSP;SBJV;359,50;130
2008;6;TAM;SBBR;SBBE;589,50;189
2008;6;TAM;SBFL;SBSP;709,50;5
2008;6;TAM;SBFL;SBCT;899,50;3
2008;6;TAM;SBBR;SBBE;1339,50;5
2008;6;TAM;SBBE;SBBR;739,50;144
2008;6;TAM;SBCF;SBGL;579,50;39
2008;6;TAM;SBRP;SBSP;399,50;36
2008;6;TAM;SBGR;SBFI;889,50;6
2008;6;TAM;SBSP;SBCY;919,50;93
2008;6;TAM;SBSP;SBGO;399,50;2905
2008;6;TAM;SBGL;SBFZ;709,50;176
2008;6;TAM;SBSV;SBBR;829,50;71
2008;6;TAM;SBGR;SBEG;1519,50;23
2008;6;TAM;SBSP;SBCG;569,50;176
2008;6;TAM;SBPA;SBSP;589,50;505
2008;6;TAM;SBGL;SBSV;649,50;65
2008;6;TAM;SBGL;SBCT;449,50;65
2008;6;TAM;SBPA;SBGL;849,50;10
2008;6;TAM;SBRF;SBFZ;439,50;205
2008;6;TAM;SBCT;SBKP;479,50;85
2008;6;TAM;SBCT;SBPA;639,50;17
2008;6;TAM;SBSP;SBSV;999,50;21
2008;6;TAM;SBRJ;SBBR;699,50;5
2008;6;TAM;SBBR;SBCT;499,50;1370
2008;6;TAM;SBGL;SBPA;699,50;28
2008;6;TAM;SBCY;SBBR;349,50;1355
2008;6;TAM;SBRJ;SBCT;739,50;6
2008;6;TAM;SBRF;SBSV;809,50;6
2008;6;TAM;SBSP;SBBR;739,50;1255
2008;6;TAM;SBSR;SBSP;769,50;58
2008;6;TAM;SBPA;SBSP;819,50;66
2008;6;TAM;SBRJ;SBSP;489,50;1047
2008;6;TAM;SBRF;SBBR;799,50;95
2008;6;TAM;SBBR;SBRF;1489,50;28
2008;6;TAM;SBBR;SBCY;909,50;11
2008;6;TAM;SBBR;SBSP;549,50;839
2008;6;TAM;SBSP;SBJV;289,50;457
2008;6;TAM;SBGO;SBBR;179,50;74
2008;6;TAM;SBMQ;SBBE;309,50;149
2008;6;TAM;SBCT;SBSP;589,50;104
2008;6;TAM;SBFZ;SBGL;1569,50;2
2008;6;TAM;SBKP;SBBR;449,50;243
2008;6;TAM;SBSP;SBJV;409,50;107
2008;6;TAM;SBSP;SBVT;539,50;522
2008;6;TAM;SBBR;SBGO;289,50;47
2008;6;TAM;SBSP;SBLO;659,50;43
2008;6;TAM;SBFL;SBCT;669,50;2
2008;6;TAM;SBBR;SBPA;819,50;114
2008;6;TAM;SBGL;SBBR;909,50;150
2008;6;TAM;SBPA;SBRJ;589,50;21
2008;6;TAM;SBPS;SBSP;759,50;1
2008;6;TAM;SBGL;SBRF;649,50;1544
2008;6;TAM;SBEG;SBBE;629,50;6
2008;6;TAM;SBSP;SBVT;829,50;99
2008;6;TAM;SBGO;SBBR;289,50;22
2008;6;TAM;SBFZ;SBBR;1349,50;2
2008;6;TAM;SBCT;SBBR;1169,50;5
2008;6;TAM;SBGR;SBFI;539,50;19
2008;6;TAM;SBSV;SBRF;809,50;8
2008;6;TAM;SBRJ;SBBR;789,50;3
2008;6;TAM;SBGR;SBFI;579,50;18
2008;6;TAM;SBCT;SBFL;899,50;3
2008;6;TAM;SBCT;SBKP;329,50;116
2008;6;TAM;SBGL;SBRF;689,50;13
2008;6;TAM;SBCT;SBKP;339,50;138
2008;6;TAM;SBGR;SBSV;789,50;69
2008;6;TAM;SBRJ;SBVT;259,50;1
2008;6;TAM;SBBR;SBCY;419,50;150
2008;6;TAM;SBPA;SBGL;699,50;22
2008;6;TAM;SBRF;SBFZ;739,50;7
2008;6;TAM;SBMQ;SBBE;549,50;26
2008;6;TAM;SBSP;SBCY;739,50;103
2008;6;TAM;SBRF;SBBR;1489,50;1
2008;6;TAM;SBRF;SBFZ;329,50;314
2008;6;TAM;SBSR;SBSP;699,50;101
2008;6;TAM;SBBR;SBGO;149,50;108
2008;6;TAM;SBGL;SBRF;819,50;4
2008;6;TAM;SBSV;SBSP;1269,50;7
2008;6;TAM;SBGL;SBFZ;1079,50;10
2008;6;TAM;SBSP;SBVT;649,50;147
2008;6;TAM;SBBR;SBKP;829,50;3
2008;6;TAM;SBRF;SBGR;1309,50;31
2008;6;TAM;SBCG;SBSP;1019,50;18
2008;6;TAM;SBGL;SBSP;619,50;5
2008;6;TAM;SBGR;SBCF;709,50;27
2008;6;TAM;SBCY;SBBR;599,50;18
2008;6;TAM;SBSP;SBGO;579,50;285
2008;6;TAM;SBEG;SBBR;1249,50;11
2008;6;TAM;SBCT;SBFL;1029,50;3
2008;6;TAM;SBFL;SBCT;239,50;54
2008;6;TAM;SBSV;SBRF;559,50;34
2008;6;TAM;SBGL;SBPA;959,50;20
2008;6;TAM;SBPA;SBFL;329,50;264
2008;6;TAM;SBFZ;SBBR;529,50;574
2008;6;TAM;SBGL;SBCF;669,50;44
2008;6;TAM;SBBR;SBPA;1089,50;13
2008;6;TAM;SBFZ;SBBR;639,50;50
2008;6;TAM;SBCT;SBFL;669,50;4
2008;6;TAM;SBUL;SBSP;379,50;405
2008;6;TAM;SBGR;SBEG;959,50;46
2008;6;TAM;SBGL;SBSV;1159,50;16
2008;6;TAM;SBGL;SBCT;739,50;3
2008;6;TAM;SBBR;SBRF;799,50;62
2008;6;TAM;SBBR;SBEG;849,50;52
2008;6;TAM;SBCT;SBKP;549,50;78
2008;6;TAM;SBBR;SBRF;929,50;158
2008;6;TAM;SBBE;SBBR;1189,50;8
2008;6;TAM;SBGR;SBFL;799,50;20
2008;6;TAM;SBGL;SBGR;619,50;37
2008;6;TAM;SBBR;SBGO;389,50;11
2008;6;TAM;SBGL;SBSP;429,50;19
2008;6;TAM;SBSP;SBSV;719,50;12
2008;6;TAM;SBGL;SBRF;899,50;15
2008;6;TAM;SBPA;SBSP;729,50;159
2008;6;TAM;SBSP;SBCG;889,50;42
2008;6;TAM;SBGR;SBCT;359,50;542
2008;6;TAM;SBPA;SBBR;1089,50;14
2008;6;TAM;SBRJ;SBBR;449,50;8
2008;6;TAM;SBFZ;SBRF;489,50;75
2008;6;TAM;SBBR;SBGO;339,50;48
2008;6;TAM;SBGL;SBFZ;749,50;38
2008;6;TAM;SBGO;SBSP;859,50;19
2008;6;TAM;SBSP;SBLO;759,50;19
2008;6;TAM;SBKP;SBCT;379,50;217
2008;6;TAM;SBPA;SBBR;1239,50;26
2008;6;TAM;SBRJ;SBCT;509,50;56
2008;6;TAM;SBSP;SBCG;619,50;188
2008;6;TAM;SBRF;SBFZ;539,50;39
2008;6;TAM;SBFI;SBGR;889,50;7
2008;6;TAM;SBSP;SBFL;709,50;65
2008;6;TAM;SBFL;SBGR;799,50;8
2008;6;TAM;SBGL;SBBR;459,50;430
2008;6;TAM;SBPA;SBRJ;959,50;9
2008;6;TAM;SBNF;SBSP;399,50;34
2008;6;TAM;SBGO;SBBR;449,50;6
2008;6;TAM;SBLO;SBSP;449,50;154
2008;6;TAM;SBGL;SBCT;929,50;8
2008;6;TAM;SBCT;SBBR;629,50;233
2008;6;TAM;SBFL;SBPA;679,50;5
2008;6;TAM;SBEG;SBGR;1119,50;41
2008;6;TAM;SBKP;SBBR;559,50;81
2008;6;TAM;SBBR;SBGO;249,50;39
2008;6;TAM;SBGO;SBSP;509,50;125
2008;6;TAM;SBBR;SBFZ;1349,50;3
2008;6;TAM;SBSR;SBSP;609,50;93
2008;6;TAM;SBGL;SBBR;569,50;334
2008;6;TAM;SBRJ;SBSP;609,50;155
2008;6;TAM;SBCT;SBFL;299,50;70
2008;6;TAM;SBFZ;SBBR;709,50;55
2008;6;TAM;SBSP;SBVT;729,50;58
2008;6;TAM;SBVT;SBSP;939,50;1
2008;6;TAM;SBGL;SBCT;659,50;18
2008;6;TAM;SBGL;SBGR;489,50;33
2008;6;TAM;SBUL;SBSP;639,50;11
2008;6;TAM;SBSP;SBCT;499,50;1607
2008;6;TAM;SBSP;SBCY;559,50;1205
2008;6;TAM;SBGL;SBCF;399,50;147
2008;6;TAM;SBBR;SBKP;739,50;11
2008;6;TAM;SBNF;SBSP;489,50;32
2008;6;TAM;SBBE;SBMQ;269,50;260
2008;6;TAM;SBFZ;SBRF;329,50;330
2008;6;TAM;SBEG;SBBR;769,50;54
2008;6;TAM;SBCT;SBPA;779,50;5
2008;6;TAM;SBRF;SBBR;1179,50;12
2008;6;TAM;SBGL;SBSV;719,50;43
2008;6;TAM;SBVT;SBSP;489,50;496
2008;6;TAM;SBSV;SBBR;449,50;297
2008;6;TAM;SBCT;SBKP;769,50;18
2008;6;TAM;SBFL;SBPA;739,50;7
2008;6;TAM;SBBR;SBSV;469,50;492
2008;6;TAM;SBSP;SBSV;889,50;18
2008;6;TAM;SBGL;SBGR;549,50;13
2008;6;TAM;SBSP;SBBR;989,50;628
2008;6;TAM;SBSP;SBGO;659,50;188
2008;6;TAM;SBBR;SBFZ;789,50;32
2008;6;TAM;SBEG;SBBR;679,50;35
2008;6;TAM;SBCT;SBRJ;579,50;40
2008;6;TAM;SBSP;SBPA;469,50;2879
2008;6;TAM;SBSP;SBVT;269,50;49
2008;6;TAM;SBGL;SBSP;489,50;12
2008;6;TAM;SBBR;SBGL;909,50;248
2008;6;TAM;SBPA;SBCT;329,50;735
2008;6;TAM;SBGO;SBSP;399,50;2317
2008;6;TAM;SBSP;SBJV;259,50;338
2008;6;TAM;SBGL;SBSV;919,50;18
2008;6;TAM;SBGR;SBCT;309,50;12
2008;6;TAM;SBFL;SBGR;559,50;19
2008;6;TAM;SBCT;SBKP;419,50;170
2008;6;TAM;SBSV;SBGR;889,50;124
2008;6;TAM;SBGR;SBFZ;929,50;33
2008;6;TAM;SBBR;SBFZ;529,50;579
2008;6;TAM;SBFZ;SBGL;709,50;189
2008;6;TAM;SBGR;SBRF;1039,50;126
2008;6;TAM;SBFL;SBSP;559,50;47
2008;6;TAM;SBUL;SBSP;569,50;55
2008;6;TAM;SBBR;SBCT;1069,50;7
2008;6;TAM;SBNF;SBSP;559,50;25
2008;6;TAM;SBSP;SBGL;549,50;20
2008;6;TAM;SBFI;SBGR;689,50;123
2008;6;TAM;SBFZ;SBRF;439,50;133
2008;6;TAM;SBGL;SBPA;849,50;9
2008;6;TAM;SBSP;SBCT;459,50;241
2008;6;TAM;SBSP;SBJV;319,50;203
2008;6;TAM;SBGO;SBSP;659,50;73
2008;6;TAM;SBGR;SBRF;1489,50;62
2008;6;TAM;SBBR;SBRJ;569,50;10
2008;6;TAM;SBMQ;SBBE;269,50;511
2008;6;TAM;SBFZ;SBGL;1359,50;4
2008;6;TAM;SBGL;SBSP;699,50;6
2008;6;TAM;SBSP;SBRJ;379,50;10264
2008;6;TAM;SBFL;SBSP;629,50;47
2008;6;TAM;SBFZ;SBBR;1469,50;2
2008;6;TAM;SBCT;SBPA;329,50;774
2008;6;TAM;SBGL;SBFZ;1569,50;2
2008;6;TAM;SBCF;SBGR;709,50;40
2008;6;TAM;SBSP;SBRP;259,50;296
2008;6;TAM;SBFI;SBGR;579,50;28
2008;6;TAM;SBSV;SBSP;719,50;28
2008;6;TAM;SBRP;SBSP;339,50;58
2008;6;TAM;SBFZ;SBGL;839,50;4
2008;6;TAM;SBJV;SBSP;359,50;69
2008;6;TAM;SBRJ;SBPA;959,50;12
2008;6;TAM;SBSR;SBSP;289,50;382
2008;6;TAM;SBBR;SBEG;1449,50;8
2008;6;TAM;SBBE;SBMQ;669,50;2
2008;6;TAM;SBGR;SBFZ;1139,50;43
2008;6;TAM;SBGR;SBGL;379,50;112
2008;6;TAM;SBGL;SBBR;789,50;225
2008;6;TAM;SBGL;SBPA;769,50;39
2008;6;TAM;SBBR;SBRJ;789,50;4
2008;6;TAM;SBRF;SBGL;649,50;849
2008;6;TAM;SBFL;SBPA;339,50;1949
2008;6;TAM;SBBE;SBEG;899,50;1
2008;6;TAM;SBCT;SBPA;579,50;20
2008;6;TAM;SBCT;SBRJ;829,50;12
2008;6;TAM;SBSP;SBRP;269,50;162
2008;6;TAM;SBFZ;SBBR;909,50;18
2008;6;TAM;SBSP;SBCT;669,50;47
2008;6;TAM;SBPA;SBFL;399,50;3
2008;6;TAM;SBSP;SBCG;529,50;92
2008;6;TAM;SBVT;SBRJ;279,50;5
2008;6;TAM;SBCG;SBSP;529,50;35
2008;6;TAM;SBBR;SBSP;989,50;58
2008;6;TAM;SBBR;SBSV;919,50;101
2008;6;TAM;SBGL;SBFZ;809,50;1
2008;6;TAM;SBGR;SBFL;499,50;16
2008;6;TAM;SBLO;SBSP;759,50;32
2008;6;TAM;SBFZ;SBGR;1139,50;12
2008;6;TAM;SBGL;SBFZ;889,50;5
2008;6;TAM;SBGL;SBPA;589,50;58
2008;6;TAM;SBRF;SBGL;749,50;4
2008;6;TAM;SBSP;SBCT;449,50;1695
2008;6;TAM;SBCT;SBBR;919,50;16
2008;6;TAM;SBRJ;SBVT;339,50;1
2008;6;TAM;SBFL;SBPA;399,50;7
2008;6;TAM;SBSV;SBSP;789,50;33
2008;6;TAM;SBKP;SBCT;609,50;8
2008;6;TAM;SBBR;SBKP;449,50;299
2008;6;TAM;SBSP;SBNF;369,50;177
2008;6;TAM;SBFZ;SBBR;789,50;35
2008;6;TAM;SBRJ;SBPA;769,50;24
2008;6;TAM;SBGR;SBCF;799,50;16
2008;6;TAM;SBEG;SBBR;849,50;90
2008;6;TAM;SBSV;SBGL;919,50;17
2008;6;TAM;SBFL;SBSP;889,50;6
2008;6;TAM;SBGR;SBRF;1159,50;120
2008;6;TAM;SBSP;SBUL;379,50;593
2008;6;TAM;SBBR;SBFZ;639,50;67
2008;6;TAM;SBBE;SBBR;829,50;113
2008;6;TAM;SBSV;SBGL;809,50;40
2008;6;TAM;SBSP;SBRP;619,50;6
2008;6;TAM;SBGL;SBFZ;929,50;7
2008;6;TAM;SBLO;SBSP;579,50;90
2008;6;TAM;SBSP;SBCT;409,50;2694
2008;6;TAM;SBGL;SBCT;579,50;24
2008;6;TAM;SBSP;SBBR;659,50;1483
2008;6;TAM;SBGL;SBCF;519,50;99
2008;6;TAM;SBSP;SBRJ;609,50;340
2008;6;TAM;SBRF;SBGR;1709,50;7
2008;6;TAM;SBNF;SBSP;749,50;9
2008;6;TAM;SBPA;SBRJ;639,50;22
2008;6;TAM;SBCT;SBFL;779,50;8
2008;6;TAM;SBBR;SBCT;569,50;254
2008;6;TAM;SBRP;SBSP;619,50;8
2008;6;TAM;SBSP;SBVT;449,50;1256
2008;6;TAM;SBBR;SBEG;769,50;90
2008;6;TAM;SBJV;SBSP;229,50;434
2008;6;TAM;SBSP;SBPA;729,50;455
2008;6;TAM;SBGR;SBRF;1309,50;40
2008;6;TAM;SBRF;SBSV;489,50;18
2008;6;TAM;SBSP;SBPS;499,50;4
2008;6;TAM;SBSP;SBRJ;689,50;243
2008;6;TAM;SBSR;SBSP;369,50;250
2008;6;TAM;SBFZ;SBGR;1429,50;3
2008;6;TAM;SBEG;SBBE;1179,50;2
2008;6;TAM;SBSP;SBJV;619,50;12
2008;6;TAM;SBCT;SBBR;1069,50;10
2008;6;TAM;SBSP;SBCT;589,50;112
2008;6;TAM;SBFI;SBGR;449,50;40
2008;6;TAM;SBGR;SBCF;499,50;69
2008;6;TAM;SBGL;SBFZ;519,50;1
2008;6;TAM;SBCT;SBGL;659,50;31
2008;6;TAM;SBCT;SBGL;449,50;42
2008;6;TAM;SBRP;SBSP;289,50;152
2008;6;TAM;SBCY;SBSP;559,50;926
2008;6;TAM;SBMQ;SBBE;669,50;1
2008;6;TAM;SBGR;SBFZ;1609,50;8
2008;6;TAM;SBBE;SBEG;699,50;18
2008;6;TAM;SBCG;SBSP;619,50;139
2008;6;TAM;SBEG;SBBE;699,50;20
2008;6;TAM;SBNF;SBSP;649,50;36
2008;6;TAM;SBRJ;SBSP;689,50;51
2008;6;TAM;SBVT;SBRJ;259,50;8
2008;6;TAM;SBLO;SBSP;659,50;82
2008;6;TAM;SBGL;SBPA;639,50;27
2008;6;TAM;SBCF;SBGR;559,50;134
2008;6;TAM;SBGR;SBCF;559,50;67
2008;6;TAM;SBSP;SBSR;539,50;156
2008;6;TAM;SBFZ;SBRF;589,50;29
2008;6;TAM;SBSP;SBRP;399,50;14
2008;6;TAM;SBSP;SBRP;459,50;7
2008;6;TAM;SBFZ;SBGL;1079,50;7
2008;6;TAM;SBFL;SBGR;709,50;2
2008;6;TAM;SBGL;SBCT;829,50;10
2008;6;TAM;SBGR;SBFL;709,50;17
2008;6;TAM;SBGL;SBFZ;1719,50;1
2008;6;TAM;SBRJ;SBVT;309,50;6
2008;6;TAM;SBUL;SBSP;459,50;44
2008;6;TAM;SBEG;SBBR;669,50;178
2008;6;TAM;SBRF;SBGR;929,50;106
2008;6;TAM;SBNF;SBSP;369,50;55
2008;6;TAM;SBRF;SBBR;519,50;1
2008;6;TAM;SBSP;SBUL;509,50;40
2008;6;TAM;SBSV;SBGR;999,50;143
2008;6;TAM;SBCY;SBSP;1049,50;42
2008;6;TAM;SBBR;SBSP;599,50;699
2008;6;TAM;SBBR;SBRF;589,50;161
2008;6;TAM;SBSP;SBNF;649,50;29
2008;6;TAM;SBRF;SBSV;559,50;22
2008;6;TAM;SBEG;SBBR;689,50;71
2008;6;TAM;SBSP;SBGL;379,50;441
2008;6;TAM;SBSP;SBPS;859,50;6
2008;6;TAM;SBFL;SBCT;359,50;31
2008;6;TAM;SBGL;SBFZ;769,50;110
2008;6;TAM;SBCY;SBBR;379,50;192
2008;6;TAM;SBSP;SBRP;309,50;34
2008;6;TAM;SBSP;SBCT;519,50;122
2008;6;TAM;SBCT;SBRJ;509,50;60
2008;6;TAM;SBSV;SBRF;639,50;18
2008;6;TAM;SBGR;SBEG;1749,50;5
2008;6;TAM;SBFZ;SBBR;599,50;407
2008;6;TAM;SBMQ;SBBE;439,50;24
2008;6;TAM;SBBR;SBRJ;909,50;3
2008;6;TAM;SBSP;SBSV;1429,50;20
2008;6;TAM;SBKP;SBBR;829,50;6
2008;6;TAM;SBSP;SBPA;819,50;190
2008;6;TAM;SBBR;SBGL;789,50;189
2008;6;TAM;SBBR;SBGL;629,50;319
2008;6;TAM;SBSP;SBCY;1049,50;75
2008;6;TAM;SBGR;SBFI;769,50;2
2008;6;TAM;SBSP;SBLO;529,50;85
2008;6;TAM;SBRF;SBBR;649,50;153
2008;6;TAM;SBBR;SBKP;509,50;140
2008;6;TAM;SBCT;SBSP;669,50;20
2008;6;TAM;SBGL;SBSP;549,50;3
2008;6;TAM;SBBR;SBBE;739,50;144
2008;6;TAM;SBSP;SBSR;329,50;209
2008;6;TAM;SBSP;SBSV;789,50;19
2008;6;TAM;SBGL;SBCT;359,50;2
2008;6;TAM;SBBR;SBEG;689,50;99
2008;6;TAM;SBPS;SBSP;499,50;2
2008;6;TAM;SBCF;SBGR;499,50;66
2008;6;TAM;SBCT;SBSP;519,50;293
2008;6;TAM;SBGL;SBRF;1439,50;9
2008;6;TAM;SBEG;SBBE;899,50;2
2008;6;TAM;SBRF;SBGL;689,50;15
2008;6;TAM;SBRJ;SBBR;479,50;11
2008;6;TAM;SBKP;SBBR;649,50;55
2008;6;TAM;SBPA;SBRJ;849,50;5
2008;6;TAM;SBBR;SBRJ;1039,50;1
2008;6;TAM;SBGR;SBSV;889,50;91
2008;6;TAM;SBJV;SBSP;409,50;39
2008;6;TAM;SBSP;SBFL;889,50;19
2008;6;TAM;SBGL;SBRF;1249,50;8
2008;6;TAM;SBSP;SBPA;529,50;1019
2008;6;TAM;SBEG;SBBR;1119,50;28
2008;6;TAM;SBBE;SBMQ;229,50;181
2008;6;TAM;SBFZ;SBGR;1279,50;5
2008;6;TAM;SBRJ;SBVT;489,50;1
2008;6;TAM;SBCT;SBFL;429,50;12
2008;6;TAM;SBGR;SBGL;489,50;33
2008;6;TAM;SBSP;SBCG;759,50;30
2008;6;TAM;SBRJ;SBCT;579,50;14
2008;6;TAM;SBFZ;SBBR;1039,50;1
2008;6;TAM;SBBR;SBGL;699,50;224
2008;6;TAM;SBSV;SBGL;719,50;69
2008;6;TAM;SBPA;SBBR;949,50;26
2008;6;TAM;SBBR;SBFZ;909,50;17
2008;6;TAM;SBFI;SBGR;549,50;113
2008;6;TAM;SBPA;SBSP;919,50;80
2008;6;TAM;SBBR;SBGO;109,50;301
2008;6;TAM;SBPA;SBCT;399,50;250
2008;6;TAM;SBFL;SBCT;579,50;4
2008;6;TAM;SBCT;SBSP;419,50;495
2008;6;TAM;SBGL;SBSV;1029,50;25
2008;6;TAM;SBSV;SBGR;1269,50;51
2008;6;TAM;SBGR;SBFL;889,50;32
2008;6;TAM;SBCY;SBBR;419,50;125
2008;6;TAM;SBGR;SBFI;629,50;27
2008;6;TAM;SBSP;SBPA;589,50;984
2008;6;TAM;SBSP;SBUL;419,50;265
2008;6;TAM;SBJV;SBSP;289,50;297
2008;6;TAM;SBSP;SBCY;819,50;83
2008;6;TAM;SBCT;SBGL;509,50;23
2008;6;TAM;SBFZ;SBGL;489,50;2
2008;6;TAM;SBFL;SBGR;629,50;15
2008;6;TAM;SBCT;SBSP;379,50;836
2008;6;TAM;SBSV;SBSP;1119,50;3
2008;6;TAM;SBCT;SBFL;499,50;13
2008;6;TAM;SBBR;SBRJ;479,50;21
2008;6;TAM;SBVT;SBSP;729,50;135
2008;6;TAM;SBBR;SBGO;129,50;127
2008;6;TAM;SBSV;SBGR;789,50;134
2008;6;TAM;SBSP;SBNF;439,50;73
2008;6;TAM;SBFZ;SBGL;789,50;3
2008;6;TAM;SBBR;SBCY;689,50;3
2008;6;TAM;SBCT;SBSP;449,50;1558
2008;6;TAM;SBBE;SBMQ;349,50;39
2008;6;TAM;SBKP;SBCT;339,50;189
2008;6;TAM;SBBR;SBPA;709,50;211
2008;6;TAM;SBBR;SBCY;379,50;250
2008;6;TAM;SBBR;SBGL;459,50;494
2008;6;TAM;SBSP;SBRP;289,50;35
2008;6;TAM;SBMQ;SBBE;389,50;20
2008;6;TAM;SBRJ;SBBR;569,50;8
2008;6;TAM;SBRJ;SBPA;1099,50;8
2008;6;TAM;SBFL;SBPA;359,50;17
2008;6;TAM;SBFI;SBGR;1019,50;3
2008;6;TAM;SBPA;SBGL;959,50;25
2008;6;TAM;SBCF;SBGL;519,50;145
2008;6;TAM;SBGR;SBRF;929,50;184
2008;6;TAM;SBSV;SBRF;719,50;6
2008;6;TAM;SBKP;SBBR;739,50;26
2008;6;TAM;SBRJ;SBPA;589,50;50
2008;6;TAM;SBCF;SBGR;799,50;3
2008;6;TAM;SBGL;SBFZ;1219,50;3
2008;6;TAM;SBRJ;SBVT;279,50;3
2008;6;TAM;SBRJ;SBBR;909,50;7
2008;6;TAM;SBFZ;SBGL;549,50;1
2008;6;TAM;SBCY;SBSP;609,50;153
2008;6;TAM;SBBR;SBSP;859,50;127
2008;6;TAM;SBBR;SBFZ;599,50;578
2008;6;TAM;SBEG;SBBE;789,50;12
2008;6;TAM;SBSP;SBVT;939,50;41
2008;6;TAM;SBBR;SBEG;679,50;108
2008;6;TAM;SBCT;SBPA;859,50;13
2008;6;TAM;SBGR;SBGL;699,50;11
2008;6;TAM;SBFI;SBGR;629,50;17
2008;6;TAM;SBPA;SBSP;469,50;2327
2008;6;TAM;SBGR;SBFI;599,50;90
2008;6;TAM;SBBR;SBSP;739,50;229
2008;6;TAM;SBGR;SBFI;1019,50;2
2008;6;TAM;SBFL;SBSP;799,50;20
2008;6;TAM;SBGL;SBPA;1099,50;16
2008;6;TAM;SBPA;SBFL;339,50;2061
2008;6;TAM;SBSP;SBSR;289,50;187
2008;6;TAM;SBPA;SBSP;529,50;621
2008;6;TAM;SBSV;SBBR;509,50;252
2008;6;TAM;SBKP;SBCT;549,50;51
2008;6;TAM;SBPA;SBCT;709,50;15
2008;6;TAM;SBBR;SBBE;659,50;189
2008;6;TAM;SBBR;SBPA;1389,50;9
2008;6;TAM;SBCT;SBFL;579,50;11
2008;6;TAM;SBGR;SBFZ;1029,50;26
2008;6;TAM;SBSP;SBLO;489,50;165
2008;6;TAM;SBVT;SBSP;239,50;24
2008;6;TAM;SBPA;SBRJ;699,50;19
2008;6;TAM;SBSP;SBSV;1119,50;25
2008;6;TAM;SBVT;SBSP;269,50;97
2008;6;TAM;SBCT;SBFL;359,50;49
2008;6;TAM;SBRF;SBSV;719,50;7
2008;6;TAM;SBSV;SBBR;469,50;559
2008;6;TAM;SBSV;SBGR;1429,50;11
2008;6;TAM;SBCT;SBGR;359,50;778
2008;6;TAM;SBRJ;SBBR;629,50;9
2008;6;TAM;SBVT;SBSP;449,50;1113
2008;6;TAM;SBRF;SBGL;1249,50;5
2008;6;TAM;SBFZ;SBGR;1029,50;16
2008;6;TAM;SBBE;SBBR;659,50;257
2008;6;TAM;SBPA;SBGL;589,50;59
2008;6;TAM;SBGL;SBRF;639,50;299
2008;6;TAM;SBPS;SBSP;529,50;8
2008;6;TAM;SBFZ;SBGL;809,50;5
2008;6;TAM;SBGO;SBBR;249,50;21
2008;6;TAM;SBEG;SBBR;1589,50;3
2008;6;TAM;SBEG;SBBR;989,50;120
2008;6;TAM;SBSP;SBPA;659,50;444
2008;6;TAM;SBGR;SBRF;1709,50;42
2008;6;TAM;SBRF;SBGR;1039,50;90
2008;6;TAM;SBSP;SBPA;919,50;189
2008;6;TAM;SBRJ;SBSP;539,50;356
2008;6;TAM;SBSR;SBSP;539,50;129
2008;6;TAM;SBRF;SBGR;1489,50;27
2008;6;TAM;SBBR;SBCY;799,50;9
2008;6;TAM;SBPA;SBFL;679,50;1
2008;6;TAM;SBGR;SBGL;429,50;39
2008;6;TAM;SBBR;SBPA;949,50;32
2008;6;TAM;SBSV;SBRF;909,50;13
2008;6;TAM;SBBR;SBGO;179,50;85
2008;6;TAM;SBBE;SBEG;1179,50;2
2008;6;TAM;SBFL;SBCT;149,50;2
2008;6;TAM;SBGR;SBFI;449,50;25
2008;6;TAM;SBUL;SBSP;719,50;15
2008;6;TAM;SBSP;SBCY;1199,50;52
2008;6;TAM;SBRF;SBBR;1049,50;49
2008;6;TAM;SBRP;SBSP;269,50;423
2008;6;TAM;SBBE;SBEG;789,50;7
2008;6;TAM;SBGR;SBEG;1229,50;35
2008;6;TAM;SBPA;SBGL;639,50;84
2008;6;TAM;SBBR;SBSV;449,50;195
2008;6;TAM;SBGO;SBBR;109,50;534
2008;6;TAM;SBFZ;SBRF;739,50;1
2008;6;TAM;SBBR;SBRF;1179,50;92
2008;6;TAM;SBPA;SBFL;459,50;9
2008;6;TAM;SBRJ;SBVT;239,50;2
2008;6;TAM;SBRJ;SBBR;1039,50;2
2008;6;TAM;SBSP;SBBR;549,50;929
2008;6;TAM;SBBR;SBCT;509,50;364
2008;6;TAM;SBCT;SBRJ;659,50;21
2008;6;TAM;SBSP;SBJV;229,50;484
2008;6;TAM;SBSP;SBCG;679,50;69
2008;6;TAM;SBEG;SBGR;1229,50;25
2008;6;TAM;SBRF;SBGL;819,50;9
2008;6;TAM;SBRF;SBBR;1369,50;14
2008;6;TAM;SBSP;SBUL;459,50;84
2008;6;TAM;SBGO;SBSP;449,50;147
2008;6;TAM;SBRF;SBFZ;489,50;90
2008;6;TAM;SBGR;SBFI;689,50;12
2008;6;TAM;SBGR;SBSV;719,50;52
2008;6;TAM;SBBR;SBEG;1249,50;13
2008;6;TAM;SBGL;SBBR;699,50;216
2008;6;TAM;SBPA;SBCT;579,50;55
2008;6;TAM;SBSP;SBLO;449,50;240
2008;6;TAM;SBBR;SBFZ;1159,50;3
2008;6;TAM;SBRF;SBGL;1109,50;3
2008;6;TAM;SBFZ;SBRF;659,50;3
2008;6;TAM;SBSP;SBRJ;539,50;649
2008;6;TAM;SBSP;SBUL;569,50;45
2008;6;TAM;SBSP;SBGO;969,50;102
2008;6;TAM;SBGL;SBBR;1039,50;68
2008;6;TAM;SBBR;SBRF;649,50;131
2008;6;TAM;SBGO;SBBR;89,50;1378
2008;6;TAM;SBGO;SBSP;749,50;12
2008;6;TAM;SBEG;SBBR;1449,50;1
2008;6;TAM;SBSV;SBGR;1119,50;39
2008;6;TAM;SBRF;SBSV;639,50;7
2008;6;TAM;SBRF;SBFZ;359,50;269
2008;6;TAM;SBKP;SBCT;709,50;9
2008;6;TAM;SBMQ;SBBE;189,50;457
2008;6;TAM;SBPA;SBCT;859,50;13
2008;6;TAM;SBRP;SBSP;259,50;589
2008;6;TAM;SBPA;SBFL;359,50;26
2008;6;TAM;SBKP;SBBR;959,50;3
2008;6;TAM;SBKP;SBCT;329,50;380
2008;6;TAM;SBCT;SBFL;189,50;24
2008;6;TAM;SBSP;SBJV;469,50;39
2008;6;TAM;SBLO;SBSP;529,50;106
2008;6;TAM;SBBE;SBBR;939,50;33
2008;6;TAM;SBRJ;SBBR;519,50;4
2008;6;TAM;SBBE;SBMQ;549,50;1
2008;6;TAM;SBSP;SBUL;639,50;19
2008;6;TAM;SBSR;SBSP;479,50;87
2008;6;TAM;SBCT;SBBR;829,50;62
2008;6;TAM;SBFL;SBPA;519,50;17
2008;6;TAM;SBSP;SBNF;349,50;235
2008;6;TAM;SBCY;SBSP;669,50;106
2008;6;TAM;SBBE;SBEG;629,50;3
2008;6;TAM;SBCY;SBSP;449,50;245
2008;6;TAM;SBCF;SBGL;399,50;231
2008;6;TAM;SBPA;SBGL;769,50;23
2008;6;TAM;SBFZ;SBGL;1719,50;4
2008;6;TAM;SBSP;SBGL;429,50;76
2008;6;TAM;SBSV;SBSP;999,50;11
2008;6;TAM;SBSV;SBSP;889,50;13
2008;6;TAM;SBFZ;SBGL;1219,50;2
2008;6;TAM;SBRJ;SBVT;379,50;3
2008;6;TAM;SBCF;SBGL;459,50;199
2008;6;TAM;SBGL;SBSV;809,50;48
2008;6;TAM;SBCT;SBRJ;929,50;2
2008;6;TAM;SBRJ;SBSP;429,50;2617
2008;6;TAM;SBSV;SBBR;629,50;121
2008;6;TAM;SBSV;SBBR;1069,50;7
2008;6;TAM;SBSV;SBBR;1169,50;6
2008;6;TAM;SBBR;SBGL;479,50;1182
2008;6;TAM;SBBE;SBMQ;309,50;108
2008;6;TAM;SBBR;SBPA;1239,50;9
2008;6;TAM;SBCT;SBKP;379,50;170
2008;6;TAM;SBCY;SBBR;909,50;3
2008;6;TAM;SBBE;SBMQ;609,50;3
2008;6;TAM;SBSP;SBPS;539,50;3
2008;6;TAM;SBGR;SBCF;629,50;14
2008;6;TAM;SBGL;SBCT;509,50;28
2008;6;TAM;SBCG;SBSP;679,50;98
2008;6;TAM;SBMQ;SBBE;349,50;45
2008;6;TAM;SBCG;SBSP;759,50;103
2008;6;TAM;SBKP;SBCT;419,50;101
2008;6;TAM;SBCT;SBSP;499,50;1539
2008;6;TAM;SBFL;SBCT;499,50;5
2008;6;TAM;SBGR;SBFZ;1279,50;10
2008;6;TAM;SBBR;SBGO;519,50;4
2008;6;TAM;SBNF;SBSP;439,50;41
2008;6;TAM;SBGR;SBGL;549,50;18
2008;6;TAM;SBMQ;SBBE;229,50;165
2008;6;TAM;SBNF;SBSP;349,50;251
2008;6;TAM;SBPS;SBSP;659,50;5
2008;6;TAM;SBBR;SBCY;529,50;24
2008;6;TAM;SBJV;SBSP;619,50;12
2008;6;TAM;SBVT;SBSP;829,50;55
2008;6;TAM;SBFI;SBGR;769,50;7
2008;6;TAM;SBBR;SBRF;1049,50;141
2008;6;TAM;SBVT;SBSP;419,50;2159
2008;6;TAM;SBCY;SBSP;739,50;52
2008;6;TAM;SBBR;SBRF;1369,50;57
2008;6;TAM;SBBE;SBMQ;439,50;11
2008;6;TAM;SBCT;SBBR;729,50;93
2008;6;TAM;SBBR;SBSV;509,50;229
2008;6;TAM;SBSP;SBRP;539,50;22
2008;6;TAM;SBSP;SBCY;609,50;212
2008;6;TAM;SBBR;SBBE;1189,50;19
2008;6;TAM;SBGO;SBBR;129,50;164
2008;6;TAM;SBGL;SBPA;459,50;1
2008;6;TAM;SBPA;SBCT;459,50;54
2008;6;TAM;SBSR;SBSP;409,50;154
2008;6;TAM;SBPA;SBCT;639,50;93
2008;6;TAM;SBCT;SBGL;929,50;16
2008;6;TAM;SBPA;SBFL;519,50;2
2008;6;TAM;SBFL;SBCT;429,50;4
2008;6;TAM;SBSP;SBNF;749,50;8
2008;6;TAM;SBPA;SBGL;1099,50;27
2008;6;TAM;SBSP;SBPA;1029,50;139
2008;6;TAM;SBRJ;SBCT;449,50;41
2008;6;TAM;SBRF;SBGL;899,50;15
2008;6;TAM;SBSP;SBCT;559,50;931
2008;6;TAM;SBSP;SBBR;859,50;1267
2008;6;TAM;SBGL;SBCF;579,50;41
2008;6;TAM;SBPA;SBBR;709,50;109
2008;6;TAM;SBCT;SBPA;459,50;182
2008;6;TAM;SBBE;SBBR;589,50;168
2008;6;TAM;SBVT;SBSP;539,50;266
2008;6;TAM;SBBR;SBCT;829,50;21
2008;6;TAM;SBCT;SBGL;829,50;25
2008;6;TAM;SBCG;SBSP;569,50;87
2008;6;TAM;SBSP;SBGL;699,50;2
2008;6;TAM;SBSP;SBGO;749,50;187
2008;6;TAM;SBCT;SBSP;559,50;950
2008;6;TAM;SBGL;SBBR;449,50;647
2008;6;TAM;SBBR;SBCY;349,50;966
2008;6;TAM;SBSP;SBSV;1269,50;27
2008;6;TAM;SBSP;SBCY;449,50;229
2008;6;TAM;SBSV;SBBR;569,50;176
2008;6;TAM;SBBR;SBBE;939,50;121
2008;6;TAM;SBBR;SBCT;919,50;9
2008;6;TAM;SBGR;SBEG;1359,50;23
2008;6;TAM;SBBR;SBRJ;449,50;16
2008;6;TAM;SBSP;SBNF;559,50;24
2008;6;TAM;SBBR;SBRJ;699,50;9
2008;6;TAM;SBCT;SBFL;239,50;46
2008;6;TAM;SBBR;SBGO;209,50;78
2008;6;TAM;SBBR;SBFZ;1039,50;4
2008;6;TAM;SBGL;SBRF;749,50;8
2008;6;TAM;SBSP;SBSR;609,50;103
2008;6;TAM;SBVT;SBSP;589,50;178
2008;6;TAM;SBKP;SBBR;439,50;984
2008;6;TAM;SBRF;SBGR;1159,50;89
2008;6;TAM;SBSP;SBVT;239,50;19
2008;6;TAM;SBCY;SBBR;689,50;5
2008;6;TAM;SBFZ;SBGR;929,50;11
2008;6;TAM;SBSV;SBRF;489,50;46
2008;6;TAM;SBSP;SBCG;1019,50;24
2008;6;TAM;SBBE;SBMQ;189,50;370
2008;6;TAM;SBSP;SBVT;419,50;1635
2008;6;TAM;SBEG;SBGR;959,50;35
2008;6;TAM;SBFZ;SBRF;539,50;76
2008;6;TAM;SBFI;SBGR;539,50;33
2008;6;TAM;SBPA;SBRJ;769,50;11
2008;6;TAM;SBSP;SBUL;719,50;17
2008;6;TAM;SBGR;SBFI;369,50;8
2008;6;TAM;SBGL;SBGR;699,50;15
2008;6;TAM;SBFL;SBGR;499,50;22
2008;6;TAM;SBRF;SBBR;589,50;279
2008;6;TAM;SBCT;SBBR;509,50;308
2008;6;TAM;SBSP;SBSR;369,50;233
2008;6;TAM;SBCT;SBRJ;449,50;58
2008;6;TAM;SBCT;SBRJ;739,50;6
2008;6;TAM;SBBR;SBKP;1039,50;2
2008;6;TAM;SBSP;SBSR;409,50;288
2008;6;TAM;SBBR;SBSV;629,50;158
2008;6;TAM;SBFZ;SBRF;399,50;287
2008;6;TAM;SBSP;SBFL;629,50;180
2008;6;TAM;SBBR;SBCT;629,50;152
2008;6;TAM;SBFL;SBGR;889,50;2
2008;6;TAM;SBFL;SBPA;459,50;15
2008;6;TAM;SBGL;SBCF;459,50;181
2008;6;TAM;SBSP;SBCT;379,50;957
2008;6;TAM;SBSP;SBRJ;429,50;3118
2008;6;TAM;SBBR;SBEG;989,50;48
2008;6;TAM;SBSP;SBRJ;489,50;1735
2008;6;TAM;SBBR;SBEG;669,50;283
2008;6;TAM;SBSR;SBSP;329,50;260
2008;6;TAM;SBRJ;SBCT;929,50;2
2008;6;TAM;SBFZ;SBRF;359,50;326
2008;6;TAM;SBGL;SBRF;989,50;6
2008;6;TAM;SBKP;SBCT;479,50;70
2008;6;TAM;SBCT;SBPA;399,50;320
2008;6;TAM;SBBR;SBSV;1169,50;17
2008;6;TAM;SBFL;SBPA;329,50;264
2008;6;TAM;SBFL;SBCT;299,50;138
2008;6;TAM;SBFZ;SBGL;929,50;6
2008;6;TAM;SBSP;SBCY;669,50;142
2008;6;TAM;SBGO;SBBR;209,50;23
2008;6;TAM;SBGL;SBCF;729,50;10
2008;6;TAM;SBKP;SBBR;1039,50;13
2008;6;TAM;SBFL;SBPA;589,50;4
2008;6;TAM;SBCY;SBBR;469,50;72
2008;6;TAM;SBRF;SBBR;929,50;74
2008;6;TAM;SBRJ;SBKP;419,50;5
2008;6;TAM;SBGO;SBBR;519,50;2
2008;6;TAM;SBPA;SBFL;389,50;163
2008;6;TAM;SBPA;SBCT;779,50;37
2008;6;TAM;SBRP;SBSP;309,50;105
2008;6;TAM;SBGO;SBBR;339,50;13
2008;6;TAM;SBJV;SBSP;469,50;21
2008;6;TAM;SBRF;SBFZ;589,50;19
2008;6;TAM;SBSP;SBPA;539,50;1307
2008;6;TAM;SBGR;SBSV;1269,50;51
2008;6;TAM;SBRP;SBSP;459,50;33
2008;6;TAM;SBSP;SBLO;579,50;54
2008;6;TAM;SBSV;SBBR;729,50;103
2008;6;TAM;SBSP;SBFL;559,50;174
2008;6;TAM;SBFL;SBCT;1029,50;3
2008;6;TAM;SBGL;SBSP;379,50;68
2008;6;TAM;SBGR;SBFL;559,50;19
2008;6;TAM;SBGR;SBFZ;1429,50;14
2008;6;TAM;SBBE;SBMQ;489,50;3
2008;6;TAM;SBKP;SBCT;769,50;13
2008;6;TAM;SBRF;SBFZ;659,50;11
2008;6;TAM;SBRF;SBSV;909,50;4
2008;6;TAM;SBGL;SBGR;429,50;62
2008;6;TAM;SBGL;SBBR;629,50;355
2008;6;TAM;SBSV;SBGL;1159,50;19
2008;6;TAM;SBRJ;SBPA;639,50;55
2008;6;TAM;SBRJ;SBCT;829,50;4
2008;6;TAM;SBRJ;SBPA;699,50;18
2008;6;TAM;SBBR;SBCY;469,50;71
2008;6;TAM;SBEG;SBGR;1519,50;22
2008;6;TAM;SBSP;SBGO;859,50;145
2008;6;TAM;SBSP;SBRP;339,50;14
2008;6;TAM;SBSP;SBNF;399,50;127
2008;6;TAM;SBBR;SBKP;959,50;1
2008;6;TAM;SBVT;SBRJ;429,50;4
2008;6;TAM;SBFZ;SBGL;749,50;23
2008;6;TAM;SBGL;SBFZ;1359,50;2
2008;6;TAM;SBSP;SBGO;449,50;736
2008;6;TAM;SBSP;SBNF;489,50;74
2008;6;TAM;SBRP;SBSP;539,50;47
2008;6;TAM;SBCY;SBSP;819,50;54
2008;6;TAM;SBBR;SBGO;89,50;1050
2008;6;TAM;SBGR;SBPA;419,50;4
2008;6;TAM;SBKP;SBBR;509,50;184
2008;6;TAM;SBBR;SBBE;529,50;532
2008;6;TAM;SBBR;SBGL;519,50;726
2008;6;TAM;SBCF;SBGR;449,50;118
2008;6;TAM;SBBR;SBEG;1119,50;36
2008;6;TAM;SBCT;SBKP;709,50;17
2008;6;TAM;SBJV;SBSP;259,50;405
2008;6;TAM;SBCY;SBBR;799,50;1
2008;6;TAM;SBBR;SBSV;569,50;143
2008;6;TAM;SBSP;SBSR;479,50;224
2008;6;TAM;SBRF;SBGL;989,50;11
2008;6;TAM;SBBR;SBGO;449,50;17
2008;6;TAM;SBBE;SBBR;1059,50;12
2008;6;TAM;SBGO;SBSP;579,50;59
2008;6;TAM;SBBR;SBRJ;519,50;12
2008;6;TAM;SBGL;SBBR;479,50;984
2008;6;TAM;SBCF;SBGR;629,50;16
2008;6;TAM;SBBR;SBKP;559,50;56
2008;6;TAM;SBSP;SBSR;769,50;59
2008;6;TAM;SBPA;SBSP;539,50;1291
2008;6;TAM;SBLO;SBSP;489,50;138
2008;6;TAM;SBFL;SBCT;189,50;35
2008;6;TAM;SBMQ;SBBE;489,50;5
2008;6;TAM;SBGR;SBFI;549,50;242
2008;6;TAM;SBBE;SBEG;1029,50;1
2008;6;TAM;SBCT;SBPA;519,50;88
2008;6;TAM;SBFI;SBGR;599,50;67
2008;6;TAM;SBGR;SBSV;999,50;119
2008;6;TAM;SBBR;SBSP;659,50;532
2008;6;TAM;SBBR;SBFZ;709,50;42
2008;6;TAM;SBSP;SBFL;799,50;70
2008;6;TAM;SBBR;SBKP;649,50;17
2008;6;TAM;SBJV;SBSP;699,50;2
2008;6;TAM;SBVT;SBRJ;239,50;5
2008;6;TAM;SBJV;SBSP;539,50;10
2008;6;TAM;SBRJ;SBCT;659,50;6
2008;6;TAM;SBSP;SBVT;489,50;774
2008;6;TAM;SBFZ;SBBR;1159,50;5
2008;6;TAM;SBBR;SBKP;439,50;900
2008;6;TAM;SBBR;SBGL;569,50;430
2008;6;TAM;SBSP;SBGL;489,50;69
2008;6;TAM;SBBR;SBCT;729,50;64
2008;6;TAM;SBSP;SBGO;509,50;439
2008;6;TAM;SBCG;SBSP;889,50;41
2008;6;TAM;SBFL;SBSP;499,50;73
2008;6;TAM;SBBR;SBSV;729,50;170
2008;6;TAM;SBSV;SBGL;649,50;52
2008;6;TAM;SBRF;SBGL;719,50;59
2008;6;TAM;SBGR;SBEG;1119,50;43
2008;6;TAM;SBSV;SBBR;919,50;9
2008;6;TAM;SBCY;SBBR;529,50;14
2008;6;TAM;SBJV;SBSP;319,50;106
2008;6;TAM;SBSP;SBCT;419,50;549
2008;6;TAM;SBGR;SBSV;1119,50;18
2008;6;TAM;SBCT;SBPA;709,50;3
2008;6;TAM;SBGL;SBRF;1109,50;3
2008;6;TAM;SBBR;SBSV;399,50;1
2008;6;TAM;SBGL;SBBR;519,50;661
2008;6;TAM;SBGL;SBGR;379,50;179
2008;6;TAM;SBGL;SBFZ;489,50;2
2008;6;TAM;SBSP;SBJV;699,50;6
2008;6;TAM;SBRF;SBGL;639,50;152
2008;6;TAM;SBGR;SBCF;449,50;108
2008;6;TAM;SBVT;SBRJ;309,50;2
2008;6;TAM;SBSP;SBSR;699,50;95
2008;6;TAM;SBCF;SBGL;729,50;11
2008;6;TAM;SBBR;SBGL;449,50;641
2008;6;TAM;SBCF;SBGL;669,50;68
2008;6;TAM;SBRF;SBFZ;399,50;222
2008;6;TAM;SBBR;SBRF;719,50;53
2008;6;TAM;SBCY;SBSP;919,50;36
2008;6;TAM;SBGR;SBFI;389,50;18
2008;6;TAM;SBEG;SBGR;1359,50;19
2008;6;TAM;SBBR;SBFZ;1469,50;2
2008;6;TAM;SBFZ;SBGL;769,50;89
2008;6;TAM;SBBE;SBBR;529,50;677
2008;6;TAM;SBPA;SBBR;819,50;104
2008;6;TAM;SBSP;SBGL;619,50;13
2008;6;TAM;SBUL;SBSP;509,50;47
2008;6;TAM;SBBR;SBBE;1059,50;46
2008;6;TAM;SBBR;SBSV;829,50;132
2008;6;TAM;SBCT;SBBR;499,50;1192
2008;6;TAM;SBUL;SBSP;419,50;171
2008;6;TAM;SBRF;SBGL;1439,50;5
2008;6;TAM;SBCT;SBSP;459,50;412
2008;6;TAM;SBSP;SBVT;589,50;256
2008;6;TAM;SBBE;SBBR;1339,50;2
2008;6;TAM;SBCT;SBSP;409,50;3593
2008;6;TAM;SBSP;SBBR;599,50;1236
2008;6;TAM;SBBE;SBMQ;389,50;15
2008;6;TAM;SBCT;SBKP;609,50;72
2008;6;TAM;SBPA;SBSP;659,50;261
2008;6;TAM;SBBR;SBCY;599,50;18
2008;6;TAM;SBCT;SBGL;739,50;19
2008;6;TAM;SBGL;SBRF;719,50;44
2008;6;TAM;SBGO;SBBR;149,50;76
2008;6;TAM;SBGR;SBGL;619,50;16
2008;6;TAM;SBFL;SBPA;389,50;201
2008;6;TAM;SBSP;SBJV;539,50;26
2008;6;TAM;SBBR;SBSV;1069,50;69
2008;6;TAM;SBRF;SBBR;719,50;78
2008;6;TAM;SBBR;SBRJ;629,50;6
2008;6;TAM;SBSP;SBUL;819,50;4
2008;6;TAM;SBBR;SBBE;829,50;119
2008;6;TAM;SBUL;SBSP;819,50;6
2008;6;TAM;SBVT;SBRJ;489,50;2
2008;6;TAM;SBPA;SBBR;1389,50;6
2008;6;TAM;SBSP;SBFL;499,50;236
2008;6;TAM;SBBR;SBEG;1589,50;2
2008;6;TAM;SBRJ;SBPA;849,50;6
2008;6;TAM;SBPA;SBSP;1029,50;52
2008;6;TAM;SBCY;SBSP;1199,50;22
2008;6;TAM;SBCT;SBBR;569,50;289
2008;6;TAM;SBEG;SBGR;1749,50;3
2008;6;TAM;SBGR;SBSV;1429,50;11
2008;6;TAM;SBCT;SBGR;309,50;7
2008;6;TAM;SBGR;SBFL;629,50;22
2008;6;TAM;SBSV;SBBR;399,50;2
2008;6;TAM;SBVT;SBSP;649,50;225
2008;6;TAM;SBRJ;SBSP;379,50;11760
2008;6;TAM;SBBR;SBGL;1039,50;103
2008;6;TAM;SBRF;SBGL;449,50;131
2008;6;TAM;SBSV;SBGL;1029,50;30
2008;6;TIB;SBBE;SBEG;345,00;1
2008;6;TIB;SBBH;SBRJ;174,00;2
2008;6;TIB;SBKP;SBCT;311,00;252
2008;6;TIB;SBVT;SBBH;195,00;247
2008;6;TIB;SBBH;SBVT;258,00;13
2008;6;TIB;SBKP;SBCT;566,00;4
2008;6;TIB;SBCT;SBBH;424,00;7
2008;6;TIB;SBRJ;SBBH;165,00;117
2008;6;TIB;SBKP;SBCT;226,00;498
2008;6;TIB;SBCT;SBKP;226,00;314
2008;6;TIB;SBBH;SBVT;248,00;13
2008;6;TIB;SBCT;SBBH;217,50;1
2008;6;TIB;SBCT;SBBH;290,00;73
2008;6;TIB;SBCT;SBBH;236,00;117
2008;6;TIB;SBCT;SBKP;148,50;2
2008;6;TIB;SBEG;SBBE;345,00;1
2008;6;TIB;SBBE;SBEG;460,00;5
2008;6;TIB;SBCT;SBKP;311,00;121
2008;6;TIB;SBKP;SBCT;124,00;5
2008;6;TIB;SBBH;SBCT;290,00;108
2008;6;TIB;SBKP;SBCT;169,00;319
2008;6;TIB;SBVT;SBBH;146,25;3
2008;6;TIB;SBBH;SBVT;146,25;5
2008;6;TIB;SBBE;SBEG;542,00;4
2008;6;TIB;SBRJ;SBBH;303,00;22
2008;6;TIB;SBKP;SBCT;148,50;2
2008;6;TIB;SBBH;SBVT;152,00;1
2008;6;TIB;SBBH;SBRJ;204,00;53
2008;6;TIB;SBCT;SBKP;198,00;340
2008;6;TIB;SBBH;SBRJ;303,00;16
2008;6;TIB;SBKP;SBCT;198,00;313
2008;6;TIB;SBRJ;SBBH;183,00;350
2008;6;TIB;SBBH;SBRJ;137,25;4
2008;6;TIB;SBVT;SBBH;319,00;38
2008;6;TIB;SBRJ;SBBH;153,00;1
2008;6;TIB;SBBH;SBRJ;183,00;352
2008;6;TIB;SBVT;SBBH;507,00;1
2008;6;TIB;SBEG;SBBE;460,00;6
2008;6;TIB;SBBH;SBRJ;153,00;1
2008;6;TIB;SBRJ;SBBH;174,00;3
2008;6;TIB;SBKP;SBCT;169,50;2
2008;6;TIB;SBVT;SBBH;258,00;47
2008;6;TIB;SBCT;SBKP;169,00;328
2008;6;TIB;SBBH;SBCT;377,00;5
2008;6;TIB;SBVT;SBBH;152,00;4
2008;6;TIB;SBBH;SBVT;195,00;179
2008;6;TIB;SBCT;SBBH;177,00;2
2008;6;TIB;SBBH;SBRJ;165,00;124
2008;6;TIB;SBRJ;SBBH;137,25;3
2008;6;TIB;SBBH;SBCT;424,00;24
2008;6;TIB;SBBH;SBVT;319,00;11
2008;6;TIB;SBRJ;SBBH;204,00;58
2008;6;TIB;SBCT;SBKP;169,50;1
2008;6;TSD;SBMQ;SBBE;174,00;304
2008;6;TSD;SBBE;SBMQ;152,00;30
2008;6;TSD;SBBE;SBMQ;154,00;476
2008;6;TSD;SBBE;SBMQ;54,00;11
2008;6;TSD;SBBE;SBMQ;66,00;2
2008;6;TSD;SBMQ;SBBE;197,00;111
2008;6;TSD;SBBE;SBMQ;246,00;17
2008;6;TSD;SBMQ;SBBE;155,00;471
2008;6;TSD;SBMQ;SBBE;231,00;40
2008;6;TSD;SBBE;SBMQ;174,00;301
2008;6;TSD;SBBE;SBMQ;220,00;1
2008;6;TSD;SBBE;SBMQ;191,00;117
2008;6;VRN;SBGL;SBBR;443,00;275
2008;6;VRN;SBGR;SBGL;843,00;31
2008;6;VRN;SBGR;SBGL;350,00;48
2008;6;VRN;SBSP;SBFL;411,00;787
2008;6;VRN;SBBR;SBGL;458,00;372
2008;6;VRN;SBGL;SBSV;755,00;18
2008;6;VRN;SBPA;SBBR;615,00;266
2008;6;VRN;SBFZ;SBBR;134,00;2
2008;6;VRN;SBEG;SBGR;210,00;2
2008;6;VRN;SBBR;SBPA;615,00;332
2008;6;VRN;SBGL;SBGR;299,00;124
2008;6;VRN;SBBR;SBSP;640,00;66
2008;6;VRN;SBGL;SBSP;350,00;3
2008;6;VRN;SBSP;SBBR;810,00;50
2008;6;VRN;SBBR;SBSP;380,00;1247
2008;6;VRN;SBFZ;SBBR;349,00;24
2008;6;VRN;SBSP;SBBR;505,00;140
2008;6;VRN;SBGR;SBGL;773,00;19
2008;6;VRN;SBCT;SBSP;570,00;19
2008;6;VRN;SBSV;SBGL;565,00;10
2008;6;VRN;SBSP;SBPA;396,00;936
2008;6;VRN;SBBR;SBSP;505,00;150
2008;6;VRN;SBSP;SBRJ;560,00;88
2008;6;VRN;SBGL;SBBR;475,00;131
2008;6;VRN;SBSP;SBRJ;754,00;15516
2008;6;VRN;SBSV;SBGL;655,00;142
2008;6;VRN;SBBR;SBSV;292,00;10
2008;6;VRN;SBBR;SBPA;494,00;443
2008;6;VRN;SBCT;SBSP;617,00;321
2008;6;VRN;SBSP;SBRJ;500,00;167
2008;6;VRN;SBGL;SBGR;350,00;20
2008;6;VRN;SBGR;SBEG;910,00;12
2008;6;VRN;SBBR;SBSV;586,00;206
2008;6;VRN;SBRJ;SBSP;754,00;19280
2008;6;VRN;SBBR;SBSP;570,00;9
2008;6;VRN;SBGL;SBBR;458,00;337
2008;6;VRN;SBSP;SBGL;350,00;1
2008;6;VRN;SBFL;SBSP;485,00;5
2008;6;VRN;SBRJ;SBSP;445,00;43
2008;6;VRN;SBFZ;SBBR;626,00;109
2008;6;VRN;SBBR;SBPA;158,00;1
2008;6;VRN;SBGL;SBBR;675,00;1
2008;6;VRN;SBEG;SBGR;730,00;379
2008;6;VRN;SBPA;SBSP;705,00;44
2008;6;VRN;SBSP;SBPA;478,00;2798
2008;6;VRN;SBRJ;SBSP;650,00;33
2008;6;VRN;SBFZ;SBBR;89,00;34
2008;6;VRN;SBSV;SBBR;735,00;4
2008;6;VRN;SBGR;SBEG;210,00;1
2008;6;VRN;SBRJ;SBSP;500,00;126
2008;6;VRN;SBGL;SBGR;773,00;15
2008;6;VRN;SBGL;SBGR;843,00;22
2008;6;VRN;SBPA;SBSP;478,00;3594
2008;6;VRN;SBCT;SBSP;219,00;1
2008;6;VRN;SBGL;SBBR;726,00;111
2008;6;VRN;SBSV;SBGL;685,00;25
2008;6;VRN;SBGL;SBSP;754,00;307
2008;6;VRN;SBSP;SBFL;610,00;14
2008;6;VRN;SBFZ;SBBR;44,00;106
2008;6;VRN;SBBR;SBGL;475,00;129
2008;6;VRN;SBPA;SBBR;41,00;28
2008;6;VRN;SBSP;SBGL;395,00;1
2008;6;VRN;SBSP;SBRJ;650,00;69
2008;6;VRN;SBBR;SBSP;810,00;69
2008;6;VRN;SBBR;SBSV;835,00;13
2008;6;VRN;SBSP;SBFL;485,00;2
2008;6;VRN;SBRJ;SBSP;678,00;4831
2008;6;VRN;SBGR;SBGL;605,00;27
2008;6;VRN;SBSV;SBBR;835,00;20
2008;6;VRN;SBBR;SBGL;675,00;5
2008;6;VRN;SBPA;SBBR;560,00;9
2008;6;VRN;SBBR;SBSP;820,00;194
2008;6;VRN;SBGR;SBEG;585,00;36
2008;6;VRN;SBCT;SBSP;835,00;804
2008;6;VRN;SBGL;SBGR;315,00;156
2008;6;VRN;SBEG;SBGR;825,00;4
2008;6;VRN;SBSP;SBFL;620,00;28
2008;6;VRN;SBFL;SBSP;610,00;21
2008;6;VRN;SBFZ;SBBR;710,00;1
2008;6;VRN;SBSP;SBBR;488,00;1925
2008;6;VRN;SBCT;SBSP;400,00;126
2008;6;VRN;SBSP;SBPA;625,00;25
2008;6;VRN;SBSV;SBGL;755,00;45
2008;6;VRN;SBPA;SBSP;756,00;150
2008;6;VRN;SBSV;SBBR;471,00;53
2008;6;VRN;SBGL;SBSP;395,00;37
2008;6;VRN;SBGL;SBBR;535,00;5
2008;6;VRN;SBSP;SBCT;387,00;438
2008;6;VRN;SBPA;SBBR;510,00;135
2008;6;VRN;SBSV;SBGL;515,00;144
2008;6;VRN;SBPA;SBBR;494,00;559
2008;6;VRN;SBSP;SBCT;835,00;411
2008;6;VRN;SBGR;SBGL;299,00;363
2008;6;VRN;SBGL;SBSP;500,00;1
2008;6;VRN;SBBR;SBPA;675,00;6
2008;6;VRN;SBSP;SBGL;754,00;276
2008;6;VRN;SBRJ;SBSP;255,00;2308
2008;6;VRN;SBGR;SBEG;750,00;36
2008;6;VRN;SBSV;SBBR;410,00;89
2008;6;VRN;SBSV;SBGL;625,00;39
2008;6;VRN;SBSP;SBPA;705,00;22
2008;6;VRN;SBBR;SBGL;443,00;515
2008;6;VRN;SBSV;SBGL;830,00;44
2008;6;VRN;SBGL;SBGR;500,00;12
2008;6;VRN;SBPA;SBBR;158,00;8
2008;6;VRN;SBSV;SBBR;720,00;4
2008;6;VRN;SBBR;SBSV;735,00;11
2008;6;VRN;SBGL;SBBR;600,00;27
2008;6;VRN;SBBR;SBSV;910,00;3
2008;6;VRN;SBSP;SBBR;570,00;8
2008;6;VRN;SBSP;SBCT;510,00;81
2008;6;VRN;SBSP;SBGL;315,00;24
2008;6;VRN;SBPA;SBSP;555,00;34
2008;6;VRN;SBSV;SBBR;910,00;2
2008;6;VRN;SBBR;SBSV;570,00;79
2008;6;VRN;SBSP;SBPA;756,00;68
2008;6;VRN;SBPA;SBBR;88,00;287
2008;6;VRN;SBGR;SBGL;754,00;234
2008;6;VRN;SBGR;SBEG;825,00;6
2008;6;VRN;SBSP;SBGL;299,00;281
2008;6;VRN;SBGR;SBGL;315,00;188
2008;6;VRN;SBGR;SBGL;445,00;7
2008;6;VRN;SBBR;SBPA;820,00;3
2008;6;VRN;SBGL;SBSV;835,00;10
2008;6;VRN;SBEG;SBGR;585,00;36
2008;6;VRN;SBBR;SBSP;488,00;1954
2008;6;VRN;SBBR;SBGL;535,00;10
2008;6;VRN;SBGL;SBSP;315,00;13
2008;6;VRN;SBGR;SBEG;100,00;7
2008;6;VRN;SBGL;SBSV;502,00;53
2008;6;VRN;SBGL;SBGR;395,00;56
2008;6;VRN;SBPA;SBSP;495,00;200
2008;6;VRN;SBBR;SBSP;720,00;10
2008;6;VRN;SBCT;SBSP;450,00;25
2008;6;VRN;SBSP;SBGL;678,00;3
2008;6;VRN;SBGL;SBSP;445,00;4
2008;6;VRN;SBSP;SBRJ;255,00;2811
2008;6;VRN;SBSV;SBBR;805,00;4
2008;6;VRN;SBFL;SBSP;411,00;654
2008;6;VRN;SBSV;SBGL;502,00;113
2008;6;VRN;SBPA;SBSP;396,00;786
2008;6;VRN;SBFZ;SBBR;645,00;18
2008;6;VRN;SBBR;SBPA;560,00;5
2008;6;VRN;SBSP;SBCT;617,00;251
2008;6;VRN;SBBR;SBGL;600,00;32
2008;6;VRN;SBSV;SBBR;586,00;166
2008;6;VRN;SBSP;SBRJ;445,00;157
2008;6;VRN;SBSP;SBBR;820,00;106
2008;6;VRN;SBBR;SBFZ;415,00;74
2008;6;VRN;SBEG;SBGR;750,00;42
2008;6;VRN;SBBR;SBPA;41,00;38
2008;6;VRN;SBBR;SBPA;745,00;36
2008;6;VRN;SBEG;SBGR;910,00;11
2008;6;VRN;SBPA;SBBR;675,00;25
2008;6;VRN;SBSV;SBBR;640,00;3
2008;6;VRN;SBSP;SBBR;640,00;29
2008;6;VRN;SBSV;SBBR;570,00;1
2008;6;VRN;SBFL;SBSP;620,00;22
2008;6;VRN;SBSP;SBFL;430,00;54
2008;6;VRN;SBSP;SBFL;545,00;16
2008;6;VRN;SBGL;SBGR;445,00;10
2008;6;VRN;SBSP;SBRJ;235,00;626
2008;6;VRN;SBSP;SBRJ;630,00;11
2008;6;VRN;SBPA;SBBR;745,00;48
2008;6;VRN;SBGL;SBGR;754,00;89
2008;6;VRN;SBBR;SBFZ;44,00;73
2008;6;VRN;SBBR;SBSV;410,00;95
2008;6;VRN;SBGL;SBGR;605,00;21
2008;6;VRN;SBBR;SBFZ;626,00;341
2008;6;VRN;SBGR;SBEG;730,00;656
2008;6;VRN;SBGL;SBGR;560,00;31
2008;6;VRN;SBGL;SBSP;678,00;7
2008;6;VRN;SBGL;SBSV;515,00;52
2008;6;VRN;SBSP;SBPA;339,00;3
2008;6;VRN;SBBR;SBPA;510,00;192
2008;6;VRN;SBPA;SBSP;625,00;50
2008;6;VRN;SBGR;SBGL;560,00;37
2008;6;VRN;SBRJ;SBSP;590,00;37
2008;6;VRN;SBGL;SBSP;299,00;184
2008;6;VRN;SBSP;SBFL;38,00;224
2008;6;VRN;SBGL;SBSV;655,00;92
2008;6;VRN;SBEG;SBGR;707,00;141
2008;6;VRN;SBRJ;SBSP;560,00;87
2008;6;VRN;SBEG;SBGR;100,00;1
2008;6;VRN;SBBR;SBFZ;780,00;1
2008;6;VRN;SBSP;SBPA;495,00;138
2008;6;VRN;SBFL;SBSP;430,00;45
2008;6;VRN;SBGR;SBGL;395,00;68
2008;6;VRN;SBSP;SBGL;560,00;6
2008;6;VRN;SBBR;SBPA;88,00;333
2008;6;VRN;SBFL;SBSP;38,00;354
2008;6;VRN;SBSP;SBRJ;590,00;42
2008;6;VRN;SBGL;SBSV;565,00;2
2008;6;VRN;SBFL;SBSP;545,00;18
2008;6;VRN;SBSP;SBPA;555,00;9
2008;6;VRN;SBGL;SBSP;560,00;4
2008;6;VRN;SBSP;SBGL;445,00;1
2008;6;VRN;SBCT;SBSP;387,00;598
2008;6;VRN;SBSV;SBBR;292,00;24
2008;6;VRN;SBBR;SBFZ;89,00;106
2008;6;VRN;SBBR;SBPA;399,00;115
2008;6;VRN;SBFZ;SBBR;940,00;2
2008;6;VRN;SBSP;SBBR;380,00;660
2008;6;VRN;SBRJ;SBSP;235,00;535
2008;6;VRN;SBSP;SBCT;450,00;7
2008;6;VRN;SBCT;SBSP;510,00;93
2008;6;VRN;SBBR;SBSV;471,00;46
2008;6;VRN;SBSV;SBGL;835,00;27
2008;6;VRN;SBRJ;SBSP;630,00;13
2008;6;VRN;SBPA;SBBR;339,00;126
2008;6;VRN;SBSP;SBRJ;678,00;5647
2008;6;VRN;SBGL;SBSV;830,00;6
2008;6;VRN;SBSP;SBBR;720,00;16
2008;6;VRN;SBBR;SBSV;805,00;1
2008;6;VRN;SBGR;SBEG;707,00;98
2008;6;VRN;SBBR;SBGL;726,00;98
2008;6;VRN;SBSP;SBGL;500,00;4
2008;6;VRN;SBPA;SBSP;339,00;3
2008;6;VRN;SBGR;SBGL;500,00;88
2008;6;VRN;SBBR;SBFZ;645,00;4
2008;6;VRN;SBSP;SBCT;400,00;88
2008;6;VRN;SBSP;SBCT;570,00;21
2008;6;VRN;SBPA;SBBR;820,00;23
2008;6;WEB;SBRF;SBBR;449,00;1
2008;6;WEB;SBGL;SBSV;375,00;13
2008;6;WEB;SBRF;SBSV;155,00;43
2008;6;WEB;SBSV;SBBR;307,00;2
2008;6;WEB;SBSV;SBGL;375,00;29
2008;6;WEB;SBFZ;SBGR;495,00;2
2008;6;WEB;SBPA;SBCT;203,00;6
2008;6;WEB;SBFZ;SBBR;409,00;1
2008;6;WEB;SBRF;SBBR;197,00;105
2008;6;WEB;SBBR;SBGL;337,00;27
2008;6;WEB;SBCT;SBPA;119,00;626
2008;6;WEB;SBGL;SBSV;294,00;86
2008;6;WEB;SBCF;SBGL;202,00;92
2008;6;WEB;SBPA;SBBR;345,00;107
2008;6;WEB;SBCF;SBGL;251,00;17
2008;6;WEB;SBGL;SBSV;204,00;872
2008;6;WEB;SBFZ;SBGR;413,00;20
2008;6;WEB;SBBR;SBGL;595,00;3
2008;6;WEB;SBGL;SBPA;487,00;1
2008;6;WEB;SBRF;SBBR;268,00;138
2008;6;WEB;SBGL;SBPA;409,00;8
2008;6;WEB;SBBR;SBGL;487,00;3
2008;6;WEB;SBBR;SBRF;183,00;102
2008;6;WEB;SBPA;SBCT;121,00;609
2008;6;WEB;SBGL;SBSV;319,00;45
2008;6;WEB;SBFZ;SBBR;372,00;5
2008;6;WEB;SBFZ;SBGR;382,00;41
2008;6;WEB;SBGL;SBRF;465,00;1
2008;6;WEB;SBGL;SBPA;339,00;41
2008;6;WEB;SBCT;SBPA;224,00;43
2008;6;WEB;SBCT;SBGL;284,00;209
2008;6;WEB;SBPA;SBGL;300,00;274
2008;6;WEB;SBFZ;SBGR;727,00;3
2008;6;WEB;SBRF;SBSV;277,00;84
2008;6;WEB;SBSV;SBGL;142,00;643
2008;6;WEB;SBCT;SBGL;305,00;2
2008;6;WEB;SBCT;SBGL;132,00;323
2008;6;WEB;SBPA;SBCT;178,00;190
2008;6;WEB;SBBR;SBRF;395,00;39
2008;6;WEB;SBGL;SBCF;237,00;44
2008;6;WEB;SBBR;SBFZ;202,00;22
2008;6;WEB;SBCF;SBGL;178,00;323
2008;6;WEB;SBGR;SBFZ;473,00;20
2008;6;WEB;SBGL;SBPA;198,00;505
2008;6;WEB;SBGL;SBRF;485,00;2
2008;6;WEB;SBPA;SBGL;317,00;109
2008;6;WEB;SBPA;SBGL;177,00;475
2008;6;WEB;SBFZ;SBGR;487,00;16
2008;6;WEB;SBGR;SBFZ;526,00;11
2008;6;WEB;SBGL;SBRF;290,00;89
2008;6;WEB;SBCT;SBPA;180,00;203
2008;6;WEB;SBGL;SBSV;347,00;27
2008;6;WEB;SBGL;SBCF;125,00;236
2008;6;WEB;SBGL;SBCT;215,00;1057
2008;6;WEB;SBBR;SBCT;174,00;46
2008;6;WEB;SBSV;SBGL;314,00;113
2008;6;WEB;SBGL;SBBR;283,00;69
2008;6;WEB;SBPA;SBGL;409,00;1
2008;6;WEB;SBSV;SBGL;336,00;62
2008;6;WEB;SBBR;SBFZ;366,00;8
2008;6;WEB;SBGL;SBRF;303,00;25
2008;6;WEB;SBBR;SBCT;331,00;173
2008;6;WEB;SBRF;SBBR;483,00;9
2008;6;WEB;SBGL;SBFZ;340,00;6
2008;6;WEB;SBBR;SBGL;268,00;322
2008;6;WEB;SBGL;SBBR;128,00;527
2008;6;WEB;SBSV;SBRF;201,00;90
2008;6;WEB;SBGL;SBPA;243,00;1415
2008;6;WEB;SBPA;SBBR;417,00;8
2008;6;WEB;SBSV;SBBR;195,00;29
2008;6;WEB;SBBR;SBGL;369,00;13
2008;6;WEB;SBCT;SBGL;299,00;10
2008;6;WEB;SBCT;SBBR;185,00;37
2008;6;WEB;SBPA;SBBR;290,00;38
2008;6;WEB;SBBR;SBPA;353,00;109
2008;6;WEB;SBCT;SBGL;217,00;889
2008;6;WEB;SBRF;SBSV;195,00;3
2008;6;WEB;SBFZ;SBGR;541,00;9
2008;6;WEB;SBRF;SBBR;377,00;98
2008;6;WEB;SBGL;SBCF;119,00;76
2008;6;WEB;SBGL;SBSV;141,00;712
2008;6;WEB;SBGL;SBSV;417,00;10
2008;6;WEB;SBBR;SBRF;427,00;10
2008;6;WEB;SBPA;SBCT;82,00;149
2008;6;WEB;SBPA;SBGL;375,00;17
2008;6;WEB;SBCT;SBPA;240,00;14
2008;6;WEB;SBBR;SBSV;265,00;40
2008;6;WEB;SBPA;SBCT;213,00;6
2008;6;WEB;SBFZ;SBGR;302,00;29
2008;6;WEB;SBPA;SBGL;231,00;1780
2008;6;WEB;SBGL;SBBR;312,00;12
2008;6;WEB;SBGL;SBCF;177,00;328
2008;6;WEB;SBSV;SBGL;211,00;1052
2008;6;WEB;SBBR;SBFZ;266,00;6
2008;6;WEB;SBRF;SBGL;212,00;35
2008;6;WEB;SBGR;SBFZ;531,00;8
2008;6;WEB;SBGL;SBCF;107,00;144
2008;6;WEB;SBBR;SBCT;394,00;5
2008;6;WEB;SBCF;SBGL;120,00;116
2008;6;WEB;SBCT;SBPA;100,00;156
2008;6;WEB;SBCT;SBBR;254,00;67
2008;6;WEB;SBGL;SBCT;296,00;97
2008;6;WEB;SBCT;SBBR;358,00;7
2008;6;WEB;SBCT;SBBR;347,00;14
2008;6;WEB;SBCF;SBGL;121,00;190
2008;6;WEB;SBBR;SBCT;369,00;20
2008;6;WEB;SBGR;SBFZ;305,00;20
2008;6;WEB;SBFZ;SBGL;340,00;10
2008;6;WEB;SBRF;SBSV;301,00;3
2008;6;WEB;SBBR;SBGL;443,00;5
2008;6;WEB;SBCT;SBPA;203,00;78
2008;6;WEB;SBCF;SBGL;193,00;350
2008;6;WEB;SBGL;SBRF;435,00;6
2008;6;WEB;SBBR;SBGL;198,00;852
2008;6;WEB;SBBR;SBRF;267,00;151
2008;6;WEB;SBGL;SBFZ;503,00;1
2008;6;WEB;SBGL;SBPA;176,00;550
2008;6;WEB;SBFZ;SBGR;605,00;7
2008;6;WEB;SBBR;SBCT;256,00;74
2008;6;WEB;SBBR;SBGL;157,00;397
2008;6;WEB;SBGL;SBPA;316,00;142
2008;6;WEB;SBGR;SBFZ;385,00;36
2008;6;WEB;SBBR;SBGL;391,00;11
2008;6;WEB;SBBR;SBGL;130,00;536
2008;6;WEB;SBPA;SBCT;196,00;55
2008;6;WEB;SBBR;SBPA;298,00;61
2008;6;WEB;SBPA;SBBR;217,00;38
2008;6;WEB;SBGR;SBFZ;661,00;4
2008;6;WEB;SBGL;SBPA;379,00;10
2008;6;WEB;SBRF;SBBR;413,00;5
2008;6;WEB;SBGL;SBCF;197,00;84
2008;6;WEB;SBFZ;SBGL;482,00;27
2008;6;WEB;SBRF;SBGL;356,00;79
2008;6;WEB;SBBR;SBSV;199,00;20
2008;6;WEB;SBFZ;SBGR;441,00;18
2008;6;WEB;SBGL;SBCT;293,00;3
2008;6;WEB;SBRF;SBGL;300,00;19
2008;6;WEB;SBBR;SBPA;453,00;3
2008;6;WEB;SBGL;SBBR;193,00;825
2008;6;WEB;SBCT;SBBR;321,00;53
2008;6;WEB;SBGL;SBCT;140,00;578
2008;6;WEB;SBSV;SBGL;417,00;2
2008;6;WEB;SBCF;SBGL;268,00;5
2008;6;WEB;SBFZ;SBGL;503,00;1
2008;6;WEB;SBGL;SBPA;281,00;732
2008;6;WEB;SBGL;SBBR;341,00;5
2008;6;WEB;SBFZ;SBBR;292,00;6
2008;6;WEB;SBCF;SBGL;104,00;216
2008;6;WEB;SBSV;SBRF;277,00;47
2008;6;WEB;SBRF;SBBR;327,00;308
2008;6;WEB;SBPA;SBCT;101,00;81
2008;6;WEB;SBGL;SBBR;265,00;281
2008;6;WEB;SBCF;SBGL;141,00;30
2008;6;WEB;SBSV;SBRF;239,00;4
2008;6;WEB;SBGR;SBFZ;377,00;1
2008;6;WEB;SBGL;SBSV;274,00;221
2008;6;WEB;SBGL;SBSV;147,00;537
2008;6;WEB;SBRF;SBSV;255,00;1
2008;6;WEB;SBSV;SBBR;167,00;9
2008;6;WEB;SBGR;SBFZ;406,00;20
2008;6;WEB;SBCT;SBPA;81,00;135
2008;6;WEB;SBGL;SBCF;190,00;25
2008;6;WEB;SBPA;SBGL;343,00;28
2008;6;WEB;SBCT;SBPA;627,00;2
2008;6;WEB;SBFZ;SBGL;371,00;5
2008;6;WEB;SBFZ;SBBR;222,00;13
2008;6;WEB;SBRF;SBSV;231,00;32
2008;6;WEB;SBSV;SBGL;364,00;19
2008;6;WEB;SBPA;SBGL;445,00;1
2008;6;WEB;SBBR;SBPA;411,00;6
2008;6;WEB;SBBR;SBSV;173,00;13
2008;6;WEB;SBGL;SBFZ;452,00;20
2008;6;WEB;SBBR;SBSV;307,00;5
2008;6;WEB;SBRF;SBBR;387,00;38
2008;6;WEB;SBGL;SBCF;195,00;139
2008;6;WEB;SBGR;SBFZ;459,00;4
2008;6;WEB;SBGR;SBFZ;441,00;20
2008;6;WEB;SBCT;SBPA;243,00;24
2008;6;WEB;SBGL;SBPA;298,00;357
2008;6;WEB;SBPA;SBGL;280,00;614
2008;6;WEB;SBGL;SBCT;285,00;266
2008;6;WEB;SBRF;SBSV;197,00;143
2008;6;WEB;SBBR;SBRF;337,00;344
2008;6;WEB;SBSV;SBBR;258,00;25
2008;6;WEB;SBGL;SBRF;199,00;64
2008;6;WEB;SBBR;SBRF;381,00;151
2008;6;WEB;SBBR;SBPA;212,00;37
2008;6;WEB;SBSV;SBGL;441,00;1
2008;6;WEB;SBSV;SBGL;148,00;557
2008;6;WEB;SBGL;SBBR;156,00;414
2008;6;WEB;SBBR;SBGL;283,00;121
2008;6;WEB;SBPA;SBGL;198,00;542
2008;6;WEB;SBBR;SBGL;312,00;44
2008;6;WEB;SBGL;SBCT;134,00;377
2008;6;WEB;SBSV;SBRF;152,00;26
2008;6;WEB;SBSV;SBGL;279,00;242
2008;6;WEB;SBCT;SBGL;140,00;485
2008;6;WEB;SBRF;SBGL;439,00;6
