ANO;MES;EMPRESA;ORIGEM;DESTINO;TARIFA;ASSENTOS
2003;2;GLO;SBBR;SBSV;220,66;3
2003;2;GLO;SBPA;SBSP;364,00;25
2003;2;GLO;SBRJ;SBVT;79,37;1757
2003;2;GLO;SBBE;SBBR;290,77;164
2003;2;GLO;SBSV;SBRF;344,00;13
2003;2;GLO;SBGL;SBPA;204,81;1415
2003;2;GLO;SBBR;SBGL;309,24;38
2003;2;GLO;SBBR;SBPA;408,10;228
2003;2;GLO;SBBH;SBSP;319,00;1
2003;2;GLO;SBCT;SBGL;149,85;1073
2003;2;GLO;SBBR;SBGL;488,00;2
2003;2;GLO;SBCT;SBSP;180,45;1486
2003;2;GLO;SBBR;SBSP;184,00;13
2003;2;GLO;SBFL;SBPA;99,00;25
2003;2;GLO;SBRJ;SBPA;187,07;101
2003;2;GLO;SBRJ;SBKP;143,20;5
2003;2;GLO;SBBR;SBSV;455,66;3
2003;2;GLO;SBRF;SBFZ;460,62;4
2003;2;GLO;SBBR;SBKP;247,00;12
2003;2;GLO;SBGL;SBPA;184,19;478
2003;2;GLO;SBPA;SBRJ;338,94;34
2003;2;GLO;SBBH;SBRJ;347,00;2
2003;2;GLO;SBKP;SBBR;400,00;2
2003;2;GLO;SBGO;SBBR;73,36;108
2003;2;GLO;SBCT;SBSP;164,27;2531
2003;2;GLO;SBBR;SBFZ;517,64;7
2003;2;GLO;SBCT;SBPA;0,92;222
2003;2;GLO;SBBH;SBCT;302,29;17
2003;2;GLO;SBRJ;SBSP;181,78;121
2003;2;GLO;SBFL;SBPA;221,29;17
2003;2;GLO;SBBR;SBFZ;0,95;378
2003;2;GLO;SBBR;SBRJ;150,00;2
2003;2;GLO;SBFZ;SBBR;515,61;11
2003;2;GLO;SBGL;SBFL;546,30;47
2003;2;GLO;SBSP;SBRJ;212,30;228
2003;2;GLO;SBPA;SBFL;150,07;85
2003;2;GLO;SBGL;SBBR;362,00;2
2003;2;GLO;SBKP;SBRJ;235,98;126
2003;2;GLO;SBRJ;SBFL;416,11;75
2003;2;GLO;SBPA;SBCT;122,58;493
2003;2;GLO;SBBR;SBRJ;276,00;4
2003;2;GLO;SBBR;SBFZ;267,78;64
2003;2;GLO;SBSP;SBGL;249,82;62
2003;2;GLO;SBSP;SBBH;239,15;53
2003;2;GLO;SBPA;SBFL;86,76;557
2003;2;GLO;SBPA;SBKP;364,00;7
2003;2;GLO;SBKP;SBRJ;148,01;151
2003;2;GLO;SBFZ;SBBR;268,03;60
2003;2;GLO;SBSP;SBGO;142,54;2083
2003;2;GLO;SBCT;SBGL;299,92;13
2003;2;GLO;SBSV;SBGL;289,69;356
2003;2;GLO;SBPA;SBSP;301,33;435
2003;2;GLO;SBFL;SBRJ;482,40;5
2003;2;GLO;SBBR;SBFZ;566,15;19
2003;2;GLO;SBPS;SBSP;273,74;35
2003;2;GLO;SBRJ;SBBH;0,87;4
2003;2;GLO;SBSP;SBFL;368,43;8
2003;2;GLO;SBPA;SBRJ;485,04;6
2003;2;GLO;SBBR;SBFZ;563,61;21
2003;2;GLO;SBGL;SBRF;641,00;2
2003;2;GLO;SBSP;SBPS;247,54;274
2003;2;GLO;SBSV;SBBR;335,71;151
2003;2;GLO;SBPA;SBBR;514,00;2
2003;2;GLO;SBRJ;SBKP;196,08;732
2003;2;GLO;SBPA;SBKP;381,00;26
2003;2;GLO;SBBR;SBBH;291,00;1
2003;2;GLO;SBRJ;SBFL;275,77;413
2003;2;GLO;SBRF;SBGL;382,25;181
2003;2;GLO;SBBR;SBFZ;754,92;14
2003;2;GLO;SBRJ;SBVT;124,22;165
2003;2;GLO;SBGL;SBFL;475,00;2
2003;2;GLO;SBFL;SBPA;94,53;2175
2003;2;GLO;SBSP;SBVT;335,50;6
2003;2;GLO;SBSP;SBBH;1,00;19
2003;2;GLO;SBVT;SBRJ;79,31;1870
2003;2;GLO;SBPA;SBBR;353,20;133
2003;2;GLO;SBPA;SBSP;312,52;383
2003;2;GLO;SBGO;SBBR;140,00;2
2003;2;GLO;SBPA;SBRJ;406,81;11
2003;2;GLO;SBGL;SBPA;283,08;111
2003;2;GLO;SBBR;SBRJ;174,87;3828
2003;2;GLO;SBRJ;SBCT;227,58;349
2003;2;GLO;SBBR;SBSP;247,32;858
2003;2;GLO;SBSP;SBRJ;330,00;1
2003;2;GLO;SBRJ;SBKP;271,00;3
2003;2;GLO;SBSP;SBPA;196,89;38
2003;2;GLO;SBGL;SBFL;255,18;27
2003;2;GLO;SBRJ;SBSP;215,15;1346
2003;2;GLO;SBFZ;SBRF;170,69;33
2003;2;GLO;SBBR;SBBE;488,14;7
2003;2;GLO;SBGL;SBSP;209,00;18
2003;2;GLO;SBSP;SBGL;185,83;203
2003;2;GLO;SBRJ;SBVT;88,11;2300
2003;2;GLO;SBFZ;SBBR;471,96;323
2003;2;GLO;SBBR;SBBH;174,71;1796
2003;2;GLO;SBBR;SBSP;168,45;1057
2003;2;GLO;SBKP;SBCT;195,00;5
2003;2;GLO;SBRF;SBSV;340,62;51
2003;2;GLO;SBRJ;SBBH;100,00;6
2003;2;GLO;SBCT;SBSP;208,57;364
2003;2;GLO;SBBH;SBKP;254,76;156
2003;2;GLO;SBSP;SBCT;201,00;16
2003;2;GLO;SBPA;SBSP;370,90;11
2003;2;GLO;SBSV;SBBR;287,04;25
2003;2;GLO;SBSP;SBCT;196,49;257
2003;2;GLO;SBPS;SBSP;330,95;98
2003;2;GLO;SBPS;SBSP;350,39;49
2003;2;GLO;SBFZ;SBBR;378,27;178
2003;2;GLO;SBFL;SBGL;275,83;677
2003;2;GLO;SBPA;SBCT;137,00;19
2003;2;GLO;SBBR;SBKP;195,48;188
2003;2;GLO;SBCT;SBSP;214,11;154
2003;2;GLO;SBGL;SBSV;293,06;440
2003;2;GLO;SBKP;SBPA;385,33;3
2003;2;GLO;SBRJ;SBVT;126,95;751
2003;2;GLO;SBPA;SBKP;401,63;11
2003;2;GLO;SBBR;SBBE;501,00;2
2003;2;GLO;SBBR;SBCT;255,75;153
2003;2;GLO;SBRF;SBSV;137,00;20
2003;2;GLO;SBRF;SBSV;111,39;837
2003;2;GLO;SBBH;SBBR;369,00;2
2003;2;GLO;SBPA;SBFL;160,58;424
2003;2;GLO;SBGL;SBPA;344,00;1
2003;2;GLO;SBRJ;SBBR;511,00;2
2003;2;GLO;SBRJ;SBCT;138,40;311
2003;2;GLO;SBRJ;SBKP;323,00;2
2003;2;GLO;SBFZ;SBRF;320,00;9
2003;2;GLO;SBBE;SBBR;283,17;87
2003;2;GLO;SBRJ;SBBR;1,00;5
2003;2;GLO;SBRF;SBFZ;174,16;37
2003;2;GLO;SBCT;SBKP;204,00;13
2003;2;GLO;SBRJ;SBBR;248,66;15
2003;2;GLO;SBGL;SBSV;255,76;524
2003;2;GLO;SBFL;SBGL;318,59;16
2003;2;GLO;SBRF;SBFZ;1,00;1
2003;2;GLO;SBCT;SBRJ;150,00;1
2003;2;GLO;SBSV;SBGL;288,14;61
2003;2;GLO;SBCT;SBPA;137,00;18
2003;2;GLO;SBPA;SBCT;190,28;359
2003;2;GLO;SBBR;SBBH;188,09;22
2003;2;GLO;SBBR;SBKP;276,36;130
2003;2;GLO;SBBH;SBRJ;256,00;1
2003;2;GLO;SBRJ;SBVT;150,00;153
2003;2;GLO;SBCT;SBBH;251,65;6
2003;2;GLO;SBGL;SBRF;428,66;324
2003;2;GLO;SBSP;SBFL;258,86;60
2003;2;GLO;SBFL;SBBR;361,15;20
2003;2;GLO;SBSP;SBRJ;159,57;4247
2003;2;GLO;SBBH;SBSP;150,00;6
2003;2;GLO;SBBE;SBMQ;91,70;1567
2003;2;GLO;SBSP;SBCT;193,00;23
2003;2;GLO;SBKP;SBCT;130,73;52
2003;2;GLO;SBBH;SBBR;171,79;1693
2003;2;GLO;SBSP;SBVT;213,45;187
2003;2;GLO;SBGO;SBSP;311,00;5
2003;2;GLO;SBRF;SBSV;169,04;76
2003;2;GLO;SBBH;SBRJ;112,35;28
2003;2;GLO;SBGL;SBPA;255,00;2
2003;2;GLO;SBFL;SBBR;508,00;1
2003;2;GLO;SBBR;SBRJ;164,32;2011
2003;2;GLO;SBGL;SBSP;100,00;28
2003;2;GLO;SBGL;SBRF;491,31;253
2003;2;GLO;SBCT;SBGL;177,12;8
2003;2;GLO;SBSP;SBRJ;185,05;74
2003;2;GLO;SBSP;SBRJ;283,88;25
2003;2;GLO;SBSV;SBBR;294,36;357
2003;2;GLO;SBPA;SBBR;359,61;540
2003;2;GLO;SBSP;SBNF;228,62;51
2003;2;GLO;SBPS;SBSP;409,00;13
2003;2;GLO;SBSP;SBFL;222,94;250
2003;2;GLO;SBFL;SBBR;399,00;1
2003;2;GLO;SBBR;SBFZ;498,85;242
2003;2;GLO;SBBR;SBGL;175,50;18
2003;2;GLO;SBCT;SBRJ;228,02;25
2003;2;GLO;SBSP;SBCT;256,50;8
2003;2;GLO;SBNF;SBSP;217,61;76
2003;2;GLO;SBFZ;SBRF;137,72;260
2003;2;GLO;SBFL;SBPA;100,00;3
2003;2;GLO;SBVT;SBSP;433,50;6
2003;2;GLO;SBBR;SBFL;389,02;200
2003;2;GLO;SBKP;SBCT;200,50;21
2003;2;GLO;SBKP;SBRJ;271,00;2
2003;2;GLO;SBBR;SBKP;348,45;12
2003;2;GLO;SBSP;SBCT;180,18;1498
2003;2;GLO;SBGO;SBSP;142,99;1971
2003;2;GLO;SBFL;SBSP;278,00;5
2003;2;GLO;SBFL;SBBR;444,00;1
2003;2;GLO;SBFL;SBSP;168,72;86
2003;2;GLO;SBPA;SBKP;309,24;5
2003;2;GLO;SBBH;SBRJ;185,25;4
2003;2;GLO;SBSP;SBBR;260,80;10
2003;2;GLO;SBFL;SBRJ;344,18;32
2003;2;GLO;SBPA;SBRJ;281,16;12
2003;2;GLO;SBRF;SBSV;417,00;24
2003;2;GLO;SBGL;SBBR;187,00;12
2003;2;GLO;SBBH;SBRJ;251,60;86
2003;2;GLO;SBSP;SBRJ;160,10;2290
2003;2;GLO;SBRJ;SBPA;204,51;351
2003;2;GLO;SBBH;SBRJ;0,98;136
2003;2;GLO;SBBE;SBBR;365,74;27
2003;2;GLO;SBKP;SBRJ;375,00;1
2003;2;GLO;SBPA;SBRJ;350,08;55
2003;2;GLO;SBSP;SBBR;174,95;4288
2003;2;GLO;SBSP;SBFL;178,63;223
2003;2;GLO;SBSP;SBPA;347,98;189
2003;2;GLO;SBFZ;SBBR;654,00;1
2003;2;GLO;SBSP;SBGL;177,00;15
2003;2;GLO;SBSP;SBBH;231,76;327
2003;2;GLO;SBPA;SBGL;184,29;612
2003;2;GLO;SBBR;SBBE;352,72;38
2003;2;GLO;SBGO;SBSP;0,96;95
2003;2;GLO;SBRF;SBGL;391,08;76
2003;2;GLO;SBGL;SBSV;250,00;4
2003;2;GLO;SBBH;SBSP;122,49;148
2003;2;GLO;SBGO;SBSP;167,00;17
2003;2;GLO;SBPA;SBSP;422,00;1
2003;2;GLO;SBSV;SBRF;179,10;54
2003;2;GLO;SBRF;SBFZ;136,35;246
2003;2;GLO;SBBR;SBFZ;721,00;5
2003;2;GLO;SBBR;SBCT;275,16;111
2003;2;GLO;SBRF;SBGL;546,82;26
2003;2;GLO;SBBH;SBCT;233,00;238
2003;2;GLO;SBSP;SBFL;300,73;177
2003;2;GLO;SBSP;SBVT;370,73;9
2003;2;GLO;SBGL;SBBR;173,52;986
2003;2;GLO;SBSP;SBPA;355,41;99
2003;2;GLO;SBBH;SBCT;220,32;34
2003;2;GLO;SBPA;SBCT;210,31;19
2003;2;GLO;SBGL;SBSV;257,10;1025
2003;2;GLO;SBRJ;SBSP;235,00;1
2003;2;GLO;SBGL;SBRF;507,82;114
2003;2;GLO;SBSP;SBGL;289,00;4
2003;2;GLO;SBKP;SBBH;187,63;72
2003;2;GLO;SBFL;SBGL;274,58;42
2003;2;GLO;SBRJ;SBSP;158,14;38
2003;2;GLO;SBRJ;SBFL;377,14;7
2003;2;GLO;SBBR;SBFZ;860,00;1
2003;2;GLO;SBRF;SBSV;100,81;11
2003;2;GLO;SBRJ;SBCT;292,37;27
2003;2;GLO;SBRF;SBSV;255,00;1
2003;2;GLO;SBGO;SBBR;0,95;37
2003;2;GLO;SBBR;SBGL;388,00;2
2003;2;GLO;SBCT;SBSP;118,00;25
2003;2;GLO;SBFL;SBPA;0,97;85
2003;2;GLO;SBBR;SBFL;414,35;267
2003;2;GLO;SBGL;SBBR;248,21;203
2003;2;GLO;SBBR;SBRJ;365,71;54
2003;2;GLO;SBCT;SBGL;227,99;134
2003;2;GLO;SBSP;SBPA;294,47;408
2003;2;GLO;SBFZ;SBBR;491,67;226
2003;2;GLO;SBFL;SBGL;377,14;7
2003;2;GLO;SBBR;SBRJ;336,59;229
2003;2;GLO;SBSP;SBPS;213,32;123
2003;2;GLO;SBRJ;SBSP;160,68;1989
2003;2;GLO;SBCT;SBBH;226,87;48
2003;2;GLO;SBVT;SBRJ;231,78;22
2003;2;GLO;SBVT;SBSP;262,53;96
2003;2;GLO;SBBH;SBRJ;97,01;2795
2003;2;GLO;SBRJ;SBSP;180,46;4222
2003;2;GLO;SBCT;SBPA;216,00;23
2003;2;GLO;SBKP;SBCT;0,92;35
2003;2;GLO;SBSV;SBGL;349,00;11
2003;2;GLO;SBCT;SBBR;405,00;9
2003;2;GLO;SBBH;SBSP;223,68;296
2003;2;GLO;SBBH;SBCT;162,47;117
2003;2;GLO;SBSP;SBVT;190,65;775
2003;2;GLO;SBBE;SBBR;473,33;3
2003;2;GLO;SBSP;SBFL;0,98;74
2003;2;GLO;SBRF;SBGL;250,00;2
2003;2;GLO;SBCT;SBPA;262,21;32
2003;2;GLO;SBCT;SBPA;422,00;4
2003;2;GLO;SBGL;SBSV;155,00;74
2003;2;GLO;SBRJ;SBFL;539,00;1
2003;2;GLO;SBRF;SBGL;471,21;253
2003;2;GLO;SBKP;SBBH;260,71;135
2003;2;GLO;SBGL;SBFL;479,36;29
2003;2;GLO;SBFL;SBGL;323,00;14
2003;2;GLO;SBSP;SBPA;183,68;3308
2003;2;GLO;SBVT;SBRJ;124,71;743
2003;2;GLO;SBSP;SBBR;517,00;1
2003;2;GLO;SBBH;SBBR;150,00;1
2003;2;GLO;SBRJ;SBBR;397,21;42
2003;2;GLO;SBSV;SBRF;115,32;1574
2003;2;GLO;SBPS;SBSP;217,00;16
2003;2;GLO;SBRF;SBSV;168,01;307
2003;2;GLO;SBBH;SBBR;184,00;16
2003;2;GLO;SBCT;SBPA;130,92;1892
2003;2;GLO;SBSP;SBCT;118,00;41
2003;2;GLO;SBGL;SBCT;345,41;8
2003;2;GLO;SBCT;SBSP;286,00;1
2003;2;GLO;SBBR;SBBH;0,98;71
2003;2;GLO;SBSP;SBFL;196,15;103
2003;2;GLO;SBRJ;SBFL;150,00;6
2003;2;GLO;SBCT;SBSP;193,00;12
2003;2;GLO;SBFL;SBBR;359,00;4
2003;2;GLO;SBRF;SBGL;425,60;291
2003;2;GLO;SBSV;SBRF;111,19;886
2003;2;GLO;SBBR;SBGL;255,68;8
2003;2;GLO;SBBR;SBCT;322,17;280
2003;2;GLO;SBPA;SBSP;356,56;214
2003;2;GLO;SBRF;SBSV;115,30;1562
2003;2;GLO;SBVT;SBSP;199,00;10
2003;2;GLO;SBGL;SBRF;615,66;3
2003;2;GLO;SBBH;SBBR;230,90;259
2003;2;GLO;SBBH;SBBR;251,08;36
2003;2;GLO;SBBR;SBGL;160,02;337
2003;2;GLO;SBFL;SBRJ;240,00;2
2003;2;GLO;SBNF;SBSP;230,71;475
2003;2;GLO;SBRJ;SBBR;284,06;77
2003;2;GLO;SBRJ;SBCT;512,00;1
2003;2;GLO;SBBR;SBPA;368,07;549
2003;2;GLO;SBSP;SBGL;205,55;42
2003;2;GLO;SBMQ;SBBE;91,89;808
2003;2;GLO;SBBR;SBGL;171,74;714
2003;2;GLO;SBRJ;SBPA;286,97;158
2003;2;GLO;SBBR;SBBH;240,16;42
2003;2;GLO;SBSP;SBRJ;167,54;31
2003;2;GLO;SBBH;SBSP;255,42;26
2003;2;GLO;SBBR;SBFZ;715,00;7
2003;2;GLO;SBMQ;SBBE;126,47;105
2003;2;GLO;SBRF;SBGL;577,70;17
2003;2;GLO;SBGL;SBSP;236,00;11
2003;2;GLO;SBCT;SBBR;315,30;219
2003;2;GLO;SBSP;SBNF;201,45;56
2003;2;GLO;SBPA;SBBR;569,72;5
2003;2;GLO;SBBH;SBRJ;137,59;685
2003;2;GLO;SBBR;SBKP;177,61;195
2003;2;GLO;SBSV;SBBR;126,00;43
2003;2;GLO;SBBH;SBKP;241,50;2
2003;2;GLO;SBRJ;SBKP;217,45;165
2003;2;GLO;SBCT;SBRJ;285,90;10
2003;2;GLO;SBCT;SBRJ;256,26;68
2003;2;GLO;SBFL;SBGL;179,72;11
2003;2;GLO;SBSP;SBFL;274,76;85
2003;2;GLO;SBRF;SBSV;219,31;8
2003;2;GLO;SBGO;SBSP;512,75;8
2003;2;GLO;SBGL;SBSP;221,36;36
2003;2;GLO;SBBR;SBGO;186,50;8
2003;2;GLO;SBKP;SBCT;185,02;70
2003;2;GLO;SBGL;SBFL;425,26;61
2003;2;GLO;SBFZ;SBRF;362,00;5
2003;2;GLO;SBSP;SBGO;239,36;38
2003;2;GLO;SBGL;SBFL;203,45;11
2003;2;GLO;SBPA;SBGL;189,70;5
2003;2;GLO;SBRJ;SBBH;316,00;12
2003;2;GLO;SBSP;SBPA;309,27;362
2003;2;GLO;SBCT;SBSP;100,00;3
2003;2;GLO;SBPA;SBCT;292,95;40
2003;2;GLO;SBKP;SBRJ;151,09;1208
2003;2;GLO;SBFL;SBSP;223,82;299
2003;2;GLO;SBGL;SBSV;350,52;155
2003;2;GLO;SBKP;SBPA;150,00;1
2003;2;GLO;SBPA;SBFL;195,16;6
2003;2;GLO;SBPA;SBSP;327,00;16
2003;2;GLO;SBBR;SBPA;556,93;15
2003;2;GLO;SBSV;SBBR;0,94;79
2003;2;GLO;SBSP;SBBR;388,00;1
2003;2;GLO;SBRJ;SBKP;224,67;107
2003;2;GLO;SBRJ;SBKP;183,17;240
2003;2;GLO;SBGL;SBFL;378,95;34
2003;2;GLO;SBKP;SBCT;140,42;556
2003;2;GLO;SBPA;SBFL;142,73;910
2003;2;GLO;SBVT;SBRJ;260,00;6
2003;2;GLO;SBCT;SBRJ;223,67;238
2003;2;GLO;SBSV;SBGL;256,73;910
2003;2;GLO;SBFZ;SBBR;425,33;15
2003;2;GLO;SBSP;SBBH;201,02;1459
2003;2;GLO;SBRJ;SBKP;297,00;3
2003;2;GLO;SBPA;SBFL;1,00;1
2003;2;GLO;SBCT;SBBH;301,06;22
2003;2;GLO;SBCT;SBSP;311,80;5
2003;2;GLO;SBGL;SBRF;555,44;26
2003;2;GLO;SBRJ;SBFL;346,55;43
2003;2;GLO;SBFL;SBPA;198,33;3
2003;2;GLO;SBPA;SBFL;225,50;2
2003;2;GLO;SBBE;SBBR;374,00;3
2003;2;GLO;SBCT;SBKP;192,47;19
2003;2;GLO;SBCT;SBBH;230,00;207
2003;2;GLO;SBKP;SBRJ;198,45;739
2003;2;GLO;SBBR;SBFL;397,71;7
2003;2;GLO;SBSP;SBFL;354,12;87
2003;2;GLO;SBBR;SBRJ;226,11;9
2003;2;GLO;SBPA;SBBR;278,00;2
2003;2;GLO;SBPS;SBSP;319,90;32
2003;2;GLO;SBGL;SBSV;589,00;1
2003;2;GLO;SBSP;SBBR;490,00;1
2003;2;GLO;SBGL;SBBR;441,00;1
2003;2;GLO;SBBR;SBKP;278,11;9
2003;2;GLO;SBRJ;SBBH;158,48;114
2003;2;GLO;SBVT;SBSP;234,30;487
2003;2;GLO;SBKP;SBCT;187,87;16
2003;2;GLO;SBFL;SBRJ;305,83;286
2003;2;GLO;SBSP;SBRJ;183,76;5389
2003;2;GLO;SBFL;SBSP;198,70;100
2003;2;GLO;SBFL;SBSP;100,00;4
2003;2;GLO;SBFZ;SBRF;531,00;2
2003;2;GLO;SBGL;SBSV;305,34;23
2003;2;GLO;SBPA;SBGL;341,33;6
2003;2;GLO;SBGL;SBBR;217,60;30
2003;2;GLO;SBGL;SBCT;0,98;156
2003;2;GLO;SBSV;SBGL;355,80;226
2003;2;GLO;SBPA;SBSP;287,00;2
2003;2;GLO;SBRJ;SBVT;328,00;4
2003;2;GLO;SBGL;SBCT;151,53;927
2003;2;GLO;SBSV;SBGL;234,00;1
2003;2;GLO;SBBH;SBRJ;100,00;3
2003;2;GLO;SBPA;SBGL;363,81;11
2003;2;GLO;SBPA;SBSP;182,79;3368
2003;2;GLO;SBRJ;SBBR;340,16;102
2003;2;GLO;SBVT;SBSP;188,62;842
2003;2;GLO;SBKP;SBPA;190,50;37
2003;2;GLO;SBVT;SBSP;442,00;1
2003;2;GLO;SBFZ;SBRF;0,98;29
2003;2;GLO;SBSP;SBBR;334,00;15
2003;2;GLO;SBPA;SBRJ;250,00;2
2003;2;GLO;SBBR;SBGO;166,87;8
2003;2;GLO;SBSP;SBPS;217,00;3
2003;2;GLO;SBBR;SBBH;399,00;1
2003;2;GLO;SBBR;SBFZ;440,39;256
2003;2;GLO;SBRJ;SBFL;455,00;15
2003;2;GLO;SBCT;SBBH;149,67;23
2003;2;GLO;SBFL;SBBR;483,00;5
2003;2;GLO;SBGL;SBRF;750,00;8
2003;2;GLO;SBPS;SBSP;166,00;3
2003;2;GLO;SBSP;SBCT;230,79;108
2003;2;GLO;SBBR;SBRJ;245,47;824
2003;2;GLO;SBKP;SBPA;322,62;149
2003;2;GLO;SBKP;SBCT;197,32;14
2003;2;GLO;SBCT;SBPA;187,92;380
2003;2;GLO;SBBR;SBBE;281,28;62
2003;2;GLO;SBPA;SBCT;229,30;13
2003;2;GLO;SBKP;SBCT;136,00;17
2003;2;GLO;SBPA;SBCT;261,00;2
2003;2;GLO;SBFL;SBPA;173,00;21
2003;2;GLO;SBPA;SBGL;204,13;1390
2003;2;GLO;SBGL;SBSP;165,12;540
2003;2;GLO;SBBR;SBCT;547,00;1
2003;2;GLO;SBSP;SBPA;378,92;38
2003;2;GLO;SBVT;SBRJ;151,57;71
2003;2;GLO;SBPA;SBGL;255,00;2
2003;2;GLO;SBRJ;SBVT;191,00;1
2003;2;GLO;SBPA;SBGL;455,00;2
2003;2;GLO;SBRJ;SBCT;152,46;868
2003;2;GLO;SBBR;SBBE;289,42;203
2003;2;GLO;SBPA;SBKP;350,09;76
2003;2;GLO;SBRJ;SBFL;480,93;33
2003;2;GLO;SBPA;SBCT;129,34;2109
2003;2;GLO;SBGL;SBPA;321,52;70
2003;2;GLO;SBKP;SBBR;275,23;112
2003;2;GLO;SBPS;SBSP;420,92;13
2003;2;GLO;SBSV;SBGL;435,45;35
2003;2;GLO;SBSP;SBPS;459,69;26
2003;2;GLO;SBRJ;SBBR;162,95;1148
2003;2;GLO;SBBH;SBBR;258,71;7
2003;2;GLO;SBPA;SBBR;449,95;41
2003;2;GLO;SBKP;SBPA;394,00;8
2003;2;GLO;SBCT;SBBH;167,81;197
2003;2;GLO;SBRF;SBSV;1,00;1
2003;2;GLO;SBRJ;SBPA;344,00;22
2003;2;GLO;SBBR;SBBH;165,23;974
2003;2;GLO;SBRJ;SBKP;100,00;3
2003;2;GLO;SBRJ;SBSP;217,00;3
2003;2;GLO;SBBR;SBBE;491,00;2
2003;2;GLO;SBRJ;SBCT;249,75;79
2003;2;GLO;SBBR;SBRJ;402,00;9
2003;2;GLO;SBFL;SBSP;335,63;26
2003;2;GLO;SBSP;SBGL;155,70;476
2003;2;GLO;SBCT;SBBR;466,91;7
2003;2;GLO;SBGL;SBSV;0,98;80
2003;2;GLO;SBCT;SBBR;254,34;138
2003;2;GLO;SBFZ;SBBR;506,22;43
2003;2;GLO;SBSP;SBGO;150,00;1
2003;2;GLO;SBGL;SBPA;292,81;372
2003;2;GLO;SBKP;SBBR;193,94;168
2003;2;GLO;SBSP;SBPS;318,32;182
2003;2;GLO;SBBH;SBCT;147,33;27
2003;2;GLO;SBSP;SBBR;324,53;136
2003;2;GLO;SBGL;SBBR;160,95;143
2003;2;GLO;SBPA;SBBR;380,61;267
2003;2;GLO;SBBR;SBBH;403,69;21
2003;2;GLO;SBGL;SBCT;218,19;182
2003;2;GLO;SBFL;SBSP;197,29;798
2003;2;GLO;SBFL;SBPA;137,00;2
2003;2;GLO;SBBR;SBPA;278,00;2
2003;2;GLO;SBRJ;SBBH;137,33;489
2003;2;GLO;SBSP;SBPS;437,00;1
2003;2;GLO;SBFL;SBSP;147,62;3015
2003;2;GLO;SBKP;SBRJ;0,96;104
2003;2;GLO;SBSP;SBGL;191,26;48
2003;2;GLO;SBPA;SBFL;236,20;13
2003;2;GLO;SBSP;SBFL;100,00;1
2003;2;GLO;SBSP;SBGL;100,00;25
2003;2;GLO;SBGL;SBSP;174,66;812
2003;2;GLO;SBRF;SBFZ;404,00;1
2003;2;GLO;SBBR;SBPA;367,33;124
2003;2;GLO;SBSV;SBGL;139,97;274
2003;2;GLO;SBPA;SBSP;165,14;799
2003;2;GLO;SBBR;SBFZ;423,70;81
2003;2;GLO;SBRF;SBFZ;178,74;106
2003;2;GLO;SBMQ;SBBE;131,40;5
2003;2;GLO;SBRJ;SBSP;183,00;5352
2003;2;GLO;SBPA;SBSP;150,00;1
2003;2;GLO;SBNF;SBSP;207,00;62
2003;2;GLO;SBGL;SBRF;748,00;9
2003;2;GLO;SBKP;SBPA;381,00;17
2003;2;GLO;SBCT;SBSP;170,37;395
2003;2;GLO;SBCT;SBBH;277,82;34
2003;2;GLO;SBBR;SBGL;351,71;35
2003;2;GLO;SBBR;SBCT;377,73;60
2003;2;GLO;SBBR;SBSP;150,00;1
2003;2;GLO;SBFL;SBRJ;150,00;3
2003;2;GLO;SBSP;SBRJ;236,94;436
2003;2;GLO;SBFL;SBGL;310,59;335
2003;2;GLO;SBCT;SBBR;269,92;818
2003;2;GLO;SBRJ;SBBR;336,91;91
2003;2;GLO;SBVT;SBSP;387,00;1
2003;2;GLO;SBPA;SBRJ;354,00;10
2003;2;GLO;SBGL;SBCT;180,50;8
2003;2;GLO;SBBR;SBSV;295,94;309
2003;2;GLO;SBSV;SBRF;0,96;181
2003;2;GLO;SBGL;SBBR;331,11;11
2003;2;GLO;SBRJ;SBSP;274,33;3
2003;2;GLO;SBSV;SBBR;382,40;20
2003;2;GLO;SBBH;SBBR;166,03;899
2003;2;GLO;SBGL;SBFL;281,75;64
2003;2;GLO;SBKP;SBBH;174,00;16
2003;2;GLO;SBRJ;SBPA;347,25;68
2003;2;GLO;SBRJ;SBBR;441,00;12
2003;2;GLO;SBBR;SBSP;481,33;3
2003;2;GLO;SBBE;SBMQ;122,54;49
2003;2;GLO;SBRJ;SBCT;258,97;22
2003;2;GLO;SBGL;SBSP;186,48;206
2003;2;GLO;SBBR;SBCT;0,95;114
2003;2;GLO;SBSP;SBBH;212,43;378
2003;2;GLO;SBSP;SBBH;194,00;55
2003;2;GLO;SBCT;SBSP;96,63;36
2003;2;GLO;SBBH;SBKP;253,26;19
2003;2;GLO;SBSP;SBBH;150,00;5
2003;2;GLO;SBKP;SBBR;312,00;14
2003;2;GLO;SBSP;SBBR;359,13;198
2003;2;GLO;SBSP;SBPA;378,00;25
2003;2;GLO;SBKP;SBPA;331,77;10
2003;2;GLO;SBFZ;SBBR;250,00;1
2003;2;GLO;SBBR;SBGL;225,00;3
2003;2;GLO;SBRJ;SBKP;243,85;7
2003;2;GLO;SBSP;SBGL;157,79;51
2003;2;GLO;SBSP;SBCT;213,58;166
2003;2;GLO;SBBR;SBSV;549,00;2
2003;2;GLO;SBBR;SBSV;405,91;78
2003;2;GLO;SBPA;SBGL;250,00;1
2003;2;GLO;SBCT;SBGL;265,00;1
2003;2;GLO;SBSV;SBGL;265,64;1280
2003;2;GLO;SBBE;SBMQ;125,96;51
2003;2;GLO;SBSP;SBFL;149,17;2779
2003;2;GLO;SBFL;SBSP;142,21;1284
2003;2;GLO;SBSP;SBFL;380,79;165
2003;2;GLO;SBSP;SBBR;150,00;3
2003;2;GLO;SBPA;SBKP;319,10;188
2003;2;GLO;SBKP;SBRJ;209,00;1
2003;2;GLO;SBGL;SBBR;335,00;3
2003;2;GLO;SBBH;SBKP;174,00;32
2003;2;GLO;SBMQ;SBBE;88,60;1219
2003;2;GLO;SBRJ;SBSP;236,08;423
2003;2;GLO;SBGL;SBCT;242,70;66
2003;2;GLO;SBBR;SBPA;467,28;66
2003;2;GLO;SBSP;SBCT;116,36;186
2003;2;GLO;SBGL;SBFL;356,80;10
2003;2;GLO;SBFL;SBPA;165,52;204
2003;2;GLO;SBBH;SBBR;345,00;1
2003;2;GLO;SBRJ;SBCT;291,00;5
2003;2;GLO;SBNF;SBSP;265,00;13
2003;2;GLO;SBBR;SBSV;293,25;26
2003;2;GLO;SBCT;SBRJ;150,94;767
2003;2;GLO;SBBR;SBCT;424,68;25
2003;2;GLO;SBSP;SBBH;138,40;117
2003;2;GLO;SBBH;SBKP;192,74;82
2003;2;GLO;SBPA;SBSP;437,00;1
2003;2;GLO;SBPA;SBKP;215,06;168
2003;2;GLO;SBRF;SBSV;314,53;3
2003;2;GLO;SBSP;SBBH;175,00;1
2003;2;GLO;SBBR;SBPA;621,00;1
2003;2;GLO;SBBH;SBSP;138,59;170
2003;2;GLO;SBSP;SBBR;166,93;989
2003;2;GLO;SBSP;SBGL;225,47;20
2003;2;GLO;SBGL;SBPA;439,27;30
2003;2;GLO;SBFL;SBBR;404,11;263
2003;2;GLO;SBSP;SBRJ;261,66;9
2003;2;GLO;SBSP;SBGO;213,00;2
2003;2;GLO;SBBH;SBRJ;270,70;20
2003;2;GLO;SBFL;SBBR;462,91;53
2003;2;GLO;SBKP;SBRJ;183,07;278
2003;2;GLO;SBFL;SBRJ;289,00;8
2003;2;GLO;SBGL;SBPA;417,00;4
2003;2;GLO;SBFZ;SBBR;558,05;10
2003;2;GLO;SBKP;SBBR;363,56;15
2003;2;GLO;SBGL;SBFL;310,27;264
2003;2;GLO;SBSP;SBGL;174,18;710
2003;2;GLO;SBBR;SBFL;444,00;1
2003;2;GLO;SBBE;SBMQ;199,00;1
2003;2;GLO;SBSP;SBGO;147,03;1190
2003;2;GLO;SBBR;SBSP;308,50;4
2003;2;GLO;SBFZ;SBRF;168,56;44
2003;2;GLO;SBSP;SBPS;303,37;24
2003;2;GLO;SBBR;SBGL;457,24;27
2003;2;GLO;SBGL;SBRF;382,15;178
2003;2;GLO;SBRJ;SBSP;307,00;1
2003;2;GLO;SBBR;SBSV;417,61;50
2003;2;GLO;SBSP;SBRJ;245,59;31
2003;2;GLO;SBSP;SBPA;150,00;6
2003;2;GLO;SBKP;SBBH;278,85;7
2003;2;GLO;SBGL;SBCT;224,06;24
2003;2;GLO;SBRJ;SBBH;95,97;1515
2003;2;GLO;SBCT;SBKP;190,55;56
2003;2;GLO;SBGL;SBRF;834,40;44
2003;2;GLO;SBSV;SBGL;250,00;1
2003;2;GLO;SBCT;SBSP;231,15;52
2003;2;GLO;SBPA;SBFL;94,92;2276
2003;2;GLO;SBFL;SBSP;302,00;2
2003;2;GLO;SBSP;SBVT;271,81;127
2003;2;GLO;SBBR;SBGO;73,45;103
2003;2;GLO;SBKP;SBRJ;216,56;129
2003;2;GLO;SBSP;SBPS;277,06;80
2003;2;GLO;SBSV;SBRF;221,00;4
2003;2;GLO;SBSP;SBRJ;253,00;7
2003;2;GLO;SBGL;SBSV;277,71;1367
2003;2;GLO;SBKP;SBRJ;241,00;2
2003;2;GLO;SBSV;SBBR;319,06;257
2003;2;GLO;SBRJ;SBVT;100,00;2
2003;2;GLO;SBSV;SBRF;183,59;106
2003;2;GLO;SBBR;SBGL;245,08;111
2003;2;GLO;SBSP;SBBH;332,70;136
2003;2;GLO;SBBR;SBFL;520,60;23
2003;2;GLO;SBSV;SBRF;255,00;2
2003;2;GLO;SBSP;SBNF;288,75;8
2003;2;GLO;SBGL;SBSV;540,00;32
2003;2;GLO;SBBH;SBRJ;286,00;1
2003;2;GLO;SBSV;SBGL;425,37;20
2003;2;GLO;SBBR;SBSP;355,80;167
2003;2;GLO;SBBH;SBSP;132,23;3236
2003;2;GLO;SBCT;SBBR;273,97;111
2003;2;GLO;SBGL;SBFL;0,98;84
2003;2;GLO;SBBH;SBSP;282,00;7
2003;2;GLO;SBCT;SBKP;141,04;562
2003;2;GLO;SBKP;SBBR;177,87;203
2003;2;GLO;SBRJ;SBVT;209,84;13
2003;2;GLO;SBSP;SBGL;236,00;4
2003;2;GLO;SBSV;SBBR;376,30;70
2003;2;GLO;SBGL;SBFL;274,74;659
2003;2;GLO;SBPA;SBFL;315,00;1
2003;2;GLO;SBRJ;SBFL;311,79;369
2003;2;GLO;SBBR;SBSV;301,60;535
2003;2;GLO;SBSV;SBGL;432,00;2
2003;2;GLO;SBCT;SBGL;195,18;30
2003;2;GLO;SBSP;SBPS;345,46;54
2003;2;GLO;SBRJ;SBPA;250,00;1
2003;2;GLO;SBBR;SBSP;176,26;3712
2003;2;GLO;SBBR;SBFZ;622,42;7
2003;2;GLO;SBPA;SBRJ;203,85;343
2003;2;GLO;SBBR;SBSV;0,89;14
2003;2;GLO;SBSV;SBBR;220,66;3
2003;2;GLO;SBRF;SBFZ;139,00;761
2003;2;GLO;SBCT;SBBR;365,58;53
2003;2;GLO;SBBH;SBSP;186,42;64
2003;2;GLO;SBBH;SBKP;356,00;1
2003;2;GLO;SBCT;SBSP;188,89;29
2003;2;GLO;SBRJ;SBSP;160,22;4174
2003;2;GLO;SBSV;SBGL;317,26;657
2003;2;GLO;SBSP;SBBH;133,53;3432
2003;2;GLO;SBBR;SBBH;225,60;366
2003;2;GLO;SBPA;SBKP;193,07;26
2003;2;GLO;SBSP;SBBR;252,96;878
2003;2;GLO;SBFZ;SBRF;139,56;705
2003;2;GLO;SBBR;SBSV;302,26;458
2003;2;GLO;SBFZ;SBBR;444,53;254
2003;2;GLO;SBGO;SBSP;146,35;1482
2003;2;GLO;SBBR;SBCT;274,34;921
2003;2;GLO;SBBH;SBBR;291,00;1
2003;2;GLO;SBSP;SBPS;671,58;31
2003;2;GLO;SBRJ;SBKP;151,18;1279
2003;2;GLO;SBCT;SBBH;173,00;18
2003;2;GLO;SBFL;SBGL;150,00;3
2003;2;GLO;SBGO;SBSP;222,79;159
2003;2;GLO;SBGL;SBSV;566,20;10
2003;2;GLO;SBPA;SBRJ;287,15;159
2003;2;GLO;SBPA;SBSP;277,00;16
2003;2;GLO;SBBH;SBSP;215,63;423
2003;2;GLO;SBRJ;SBFL;240,00;2
2003;2;GLO;SBSV;SBRF;412,88;8
2003;2;GLO;SBSP;SBFL;196,95;875
2003;2;GLO;SBGL;SBSV;273,21;1265
2003;2;GLO;SBPA;SBSP;520,00;1
2003;2;GLO;SBBR;SBGL;379,23;23
2003;2;GLO;SBSP;SBNF;211,50;2
2003;2;GLO;SBKP;SBRJ;343,18;30
2003;2;GLO;SBRJ;SBBH;244,01;15
2003;2;GLO;SBSP;SBNF;230,16;495
2003;2;GLO;SBPA;SBFL;100,00;5
2003;2;GLO;SBSP;SBCT;161,64;2544
2003;2;GLO;SBSP;SBFL;381,20;15
2003;2;GLO;SBBR;SBGL;243,20;10
2003;2;GLO;SBCT;SBGL;141,98;492
2003;2;GLO;SBBH;SBCT;270,44;34
2003;2;GLO;SBPS;SBSP;427,87;8
2003;2;GLO;SBCT;SBRJ;159,00;3
2003;2;GLO;SBGO;SBSP;499,00;7
2003;2;GLO;SBPA;SBSP;189,14;57
2003;2;GLO;SBRJ;SBPA;379,00;23
2003;2;GLO;SBBR;SBBH;288,14;7
2003;2;GLO;SBSP;SBPA;388,90;16
2003;2;GLO;SBRJ;SBVT;252,77;18
2003;2;GLO;SBBR;SBGO;73,32;392
2003;2;GLO;SBBR;SBRJ;0,97;110
2003;2;GLO;SBRJ;SBKP;144,19;155
2003;2;GLO;SBBH;SBRJ;95,78;1758
2003;2;GLO;SBRJ;SBFL;411,07;13
2003;2;GLO;SBRJ;SBBR;150,00;2
2003;2;GLO;SBRJ;SBBH;144,56;8
2003;2;GLO;SBVT;SBRJ;125,04;182
2003;2;GLO;SBGL;SBFL;396,00;4
2003;2;GLO;SBRJ;SBBH;112,35;28
2003;2;GLO;SBSP;SBVT;150,00;2
2003;2;GLO;SBSP;SBCT;100,00;6
2003;2;GLO;SBFL;SBGL;249,60;25
2003;2;GLO;SBBR;SBSV;654,80;164
2003;2;GLO;SBCT;SBPA;286,19;29
2003;2;GLO;SBFL;SBPA;145,78;55
2003;2;GLO;SBPA;SBBR;561,00;1
2003;2;GLO;SBGL;SBSV;416,51;288
2003;2;GLO;SBBH;SBSP;195,69;1713
2003;2;GLO;SBKP;SBRJ;100,00;1
2003;2;GLO;SBSP;SBGL;0,98;44
2003;2;GLO;SBRF;SBGL;504,44;154
2003;2;GLO;SBSP;SBRJ;216,35;1311
2003;2;GLO;SBRJ;SBCT;233,69;23
2003;2;GLO;SBSP;SBGO;219,57;185
2003;2;GLO;SBSV;SBBR;380,89;29
2003;2;GLO;SBCT;SBKP;204,82;28
2003;2;GLO;SBPS;SBSP;249,66;456
2003;2;GLO;SBSP;SBPA;301,35;17
2003;2;GLO;SBBE;SBMQ;86,91;643
2003;2;GLO;SBGO;SBBR;179,14;7
2003;2;GLO;SBPA;SBSP;358,87;114
2003;2;GLO;SBVT;SBSP;177,76;586
2003;2;GLO;SBSP;SBGO;292,75;20
2003;2;GLO;SBCT;SBSP;115,52;517
2003;2;GLO;SBRJ;SBFL;336,48;14
2003;2;GLO;SBBH;SBKP;429,00;4
2003;2;GLO;SBGL;SBPA;271,00;1
2003;2;GLO;SBFL;SBBR;391,76;193
2003;2;GLO;SBGL;SBFL;374,00;5
2003;2;GLO;SBBR;SBCT;541,04;10
2003;2;GLO;SBFL;SBBR;292,50;3
2003;2;GLO;SBRF;SBFZ;213,24;27
2003;2;GLO;SBSP;SBGL;165,17;461
2003;2;GLO;SBSP;SBCT;286,00;1
2003;2;GLO;SBBR;SBPA;323,08;213
2003;2;GLO;SBRJ;SBKP;349,00;2
2003;2;GLO;SBKP;SBBR;318,38;18
2003;2;GLO;SBGL;SBCT;150,00;1
2003;2;GLO;SBPS;SBSP;213,32;52
2003;2;GLO;SBSP;SBVT;180,37;464
2003;2;GLO;SBSP;SBBH;246,00;36
2003;2;GLO;SBBR;SBFL;382,00;6
2003;2;GLO;SBSP;SBVT;199,00;4
2003;2;GLO;SBBR;SBCT;489,50;8
2003;2;GLO;SBFZ;SBRF;267,60;43
2003;2;GLO;SBSP;SBPA;359,14;28
2003;2;GLO;SBCT;SBKP;130,75;53
2003;2;GLO;SBFL;SBSP;173,74;227
2003;2;GLO;SBPA;SBGL;467,29;19
2003;2;GLO;SBBR;SBBE;412,58;1
2003;2;GLO;SBFZ;SBRF;225,81;58
2003;2;GLO;SBCT;SBRJ;321,15;12
2003;2;GLO;SBCT;SBGL;250,83;53
2003;2;GLO;SBSP;SBGO;413,01;9
2003;2;GLO;SBBR;SBRJ;408,95;104
2003;2;GLO;SBRF;SBSV;275,18;25
2003;2;GLO;SBPA;SBGL;289,50;139
2003;2;GLO;SBRJ;SBPA;309,00;4
2003;2;GLO;SBBR;SBFL;583,15;20
2003;2;GLO;SBSV;SBBR;343,00;1
2003;2;GLO;SBGL;SBCT;140,84;489
2003;2;GLO;SBGL;SBRF;430,83;76
2003;2;GLO;SBRJ;SBBR;173,14;3822
2003;2;GLO;SBCT;SBRJ;371,00;1
2003;2;GLO;SBCT;SBPA;121,65;503
2003;2;GLO;SBBR;SBSP;343,93;266
2003;2;GLO;SBSP;SBRJ;179,45;4570
2003;2;GLO;SBGL;SBRF;250,00;1
2003;2;GLO;SBBR;SBSV;643,06;133
2003;2;GLO;SBSP;SBVT;235,64;444
2003;2;GLO;SBKP;SBRJ;136,00;5
2003;2;GLO;SBBH;SBSP;345,53;121
2003;2;GLO;SBRJ;SBSP;185,33;72
2003;2;GLO;SBGO;SBSP;244,88;43
2003;2;GLO;SBRJ;SBBR;225,00;2
2003;2;GLO;SBSP;SBBR;344,90;106
2003;2;GLO;SBKP;SBBH;314,84;5
2003;2;GLO;SBBR;SBFZ;440,42;164
2003;2;GLO;SBBH;SBRJ;159,77;79
2003;2;GLO;SBPA;SBGL;296,69;295
2003;2;GLO;SBPA;SBGL;337,69;83
2003;2;GLO;SBSP;SBCT;314,00;2
2003;2;GLO;SBSP;SBPA;165,20;816
2003;2;GLO;SBGL;SBSP;155,94;52
2003;2;GLO;SBCT;SBGL;450,00;1
2003;2;GLO;SBRJ;SBPA;389,00;8
2003;2;GLO;SBVT;SBRJ;100,00;1
2003;2;GLO;SBRJ;SBPA;535,81;12
2003;2;GLO;SBGL;SBSP;157,00;516
2003;2;GLO;SBSP;SBPS;180,00;3
2003;2;GLO;SBRJ;SBFL;289,00;24
2003;2;GLO;SBGL;SBBR;150,00;2
2003;2;GLO;SBBR;SBBH;405,00;1
2003;2;GLO;SBBR;SBFL;658,00;20
2003;2;GLO;SBBR;SBBH;327,00;3
2003;2;GLO;SBFL;SBSP;255,28;14
2003;2;GLO;SBBR;SBSV;343,96;147
2003;2;GLO;SBGO;SBBR;72,27;256
2003;2;GLO;SBBR;SBFL;479,60;49
2003;2;GLO;SBPS;SBSP;283,00;1
2003;2;GLO;SBPS;SBSP;363,05;9
2003;2;GLO;SBSP;SBRJ;237,00;9
2003;2;GLO;SBSP;SBFL;194,00;59
2003;2;GLO;SBSP;SBFL;142,58;1269
2003;2;GLO;SBBH;SBCT;317,34;12
2003;2;GLO;SBBR;SBSP;330,20;5
2003;2;GLO;SBSP;SBCT;169,86;442
2003;2;GLO;SBRJ;SBFL;286,89;29
2003;2;GLO;SBCT;SBSP;256,00;5
2003;2;GLO;SBFL;SBSP;220,00;13
2003;2;GLO;SBNF;SBSP;280,66;9
2003;2;GLO;SBCT;SBRJ;251,75;10
2003;2;GLO;SBFZ;SBBR;535,19;59
2003;2;GLO;SBSP;SBBR;184,00;22
2003;2;GLO;SBSV;SBBR;290,68;211
2003;2;GLO;SBGL;SBCT;335,00;1
2003;2;GLO;SBBR;SBBH;260,75;4
2003;2;GLO;SBFL;SBGL;337,67;61
2003;2;GLO;SBCT;SBKP;146,25;2
2003;2;GLO;SBKP;SBPA;341,16;81
2003;2;GLO;SBSP;SBGO;167,00;13
2003;2;GLO;SBFL;SBPA;85,40;475
2003;2;GLO;SBPA;SBBR;321,87;198
2003;2;GLO;SBRJ;SBBH;95,45;3002
2003;2;GLO;SBCT;SBGL;291,00;4
2003;2;GLO;SBSP;SBBH;319,00;3
2003;2;GLO;SBGL;SBPA;508,00;1
2003;2;GLO;SBSP;SBFL;317,33;40
2003;2;GLO;SBBE;SBBR;494,71;7
2003;2;GLO;SBPA;SBRJ;187,69;132
2003;2;GLO;SBSP;SBVT;368,51;42
2003;2;GLO;SBRJ;SBBR;251,11;849
2003;2;GLO;SBFL;SBPA;146,40;728
2003;2;GLO;SBRJ;SBSP;275,75;14
2003;2;GLO;SBGL;SBSP;174,34;32
2003;2;GLO;SBCT;SBRJ;139,64;320
2003;2;GLO;SBRJ;SBSP;237,54;36
2003;2;GLO;SBSV;SBGL;381,19;63
2003;2;GLO;SBRJ;SBSP;199,00;3
2003;2;GLO;SBSP;SBBH;263,00;18
2003;2;GLO;SBFL;SBRJ;276,16;417
2003;2;GLO;SBFL;SBRJ;285,76;38
2003;2;GLO;SBGL;SBFL;150,00;3
2003;2;GLO;SBBH;SBSP;175,00;11
2003;2;GLO;SBCT;SBBH;365,00;1
2003;2;GLO;SBKP;SBPA;214,31;132
2003;2;GLO;SBBR;SBSP;294,84;186
2003;2;GLO;SBBR;SBRJ;284,29;124
2003;2;GLO;SBGL;SBSV;631,46;294
2003;2;GLO;SBVT;SBSP;215,79;192
2003;2;GLO;SBRJ;SBSP;253,00;2
2003;2;GLO;SBGL;SBBR;260,12;4
2003;2;GLO;SBCT;SBSP;296,00;1
2003;2;GLO;SBVT;SBRJ;88,41;2315
2003;2;GLO;SBSP;SBPS;313,60;5
2003;2;GLO;SBSP;SBBH;124,86;128
2003;2;GLO;SBRF;SBGL;584,42;7
2003;2;GLO;SBSP;SBRJ;181,10;171
2003;2;GLO;SBBR;SBPA;468,08;6
2003;2;PEP;SBMQ;SBBE;132,20;81
2003;2;PEP;SBMQ;SBBE;160,01;16
2003;2;PEP;SBBE;SBMQ;148,17;5
2003;2;PEP;SBBE;SBMQ;103,61;83
2003;2;PEP;SBMQ;SBBE;104,68;91
2003;2;PEP;SBBE;SBMQ;213,34;2
2003;2;PEP;SBBE;SBMQ;131,22;70
2003;2;PLY;SBBE;SBMQ;189,38;3
2003;2;PLY;SBMQ;SBBE;378,76;3
2003;2;PLY;SBBE;SBMQ;378,76;2
2003;2;TAM;SBSP;SBRP;319,00;2389
2003;2;TAM;SBGO;SBSP;554,00;69
2003;2;TAM;SBRJ;SBBH;144,00;1379
2003;2;TAM;SBBE;SBBR;545,00;57
2003;2;TAM;SBMQ;SBBE;340,00;5
2003;2;TAM;SBGR;SBFL;165,00;27
2003;2;TAM;SBBR;SBGR;698,00;12
2003;2;TAM;SBSP;SBFL;601,00;8
2003;2;TAM;SBCT;SBSP;429,00;102
2003;2;TAM;SBFL;SBGR;427,00;38
2003;2;TAM;SBFL;SBSP;278,00;63
2003;2;TAM;SBBR;SBSP;443,00;1058
2003;2;TAM;SBGL;SBRF;894,00;7
2003;2;TAM;SBGL;SBSP;399,00;4
2003;2;TAM;SBFL;SBPA;142,00;1
2003;2;TAM;SBFZ;SBBR;1042,00;2
2003;2;TAM;SBRJ;SBVT;315,00;28
2003;2;TAM;SBSV;SBRF;484,00;35
2003;2;TAM;SBRF;SBGL;767,00;82
2003;2;TAM;SBSP;SBVT;662,00;21
2003;2;TAM;SBBR;SBBH;348,00;106
2003;2;TAM;SBPA;SBGL;469,00;48
2003;2;TAM;SBFL;SBPA;259,00;11
2003;2;TAM;SBGR;SBFL;494,00;12
2003;2;TAM;SBGL;SBBR;366,00;4
2003;2;TAM;SBBR;SBGO;294,00;75
2003;2;TAM;SBGR;SBSV;809,00;76
2003;2;TAM;SBGR;SBFL;524,00;19
2003;2;TAM;SBMQ;SBBE;116,00;1537
2003;2;TAM;SBBR;SBCT;880,00;104
2003;2;TAM;SBCT;SBGL;410,00;4
2003;2;TAM;SBPA;SBSP;619,00;175
2003;2;TAM;SBRJ;SBSP;343,00;11
2003;2;TAM;SBGR;SBBR;467,00;3
2003;2;TAM;SBPA;SBKP;548,00;54
2003;2;TAM;SBBR;SBSV;515,00;18
2003;2;TAM;SBGL;SBGR;348,00;11
2003;2;TAM;SBVT;SBRJ;287,00;16
2003;2;TAM;SBFL;SBSP;524,00;69
2003;2;TAM;SBBE;SBBR;466,00;349
2003;2;TAM;SBRF;SBFZ;639,00;14
2003;2;TAM;SBSP;SBGO;792,00;54
2003;2;TAM;SBSP;SBFL;310,00;30
2003;2;TAM;SBPA;SBGL;595,00;5
2003;2;TAM;SBGR;SBFL;463,00;17
2003;2;TAM;SBSV;SBGL;1161,00;3
2003;2;TAM;SBPS;SBSP;592,00;29
2003;2;TAM;SBGL;SBPA;743,00;5
2003;2;TAM;SBSP;SBFL;524,00;70
2003;2;TAM;SBSP;SBUL;332,00;80
2003;2;TAM;SBGR;SBGL;419,00;146
2003;2;TAM;SBBE;SBMQ;104,00;62
2003;2;TAM;SBCT;SBFL;287,00;24
2003;2;TAM;SBBR;SBKP;608,00;23
2003;2;TAM;SBSP;SBBR;651,00;85
2003;2;TAM;SBSP;SBCT;397,00;97
2003;2;TAM;SBBR;SBBH;401,00;11
2003;2;TAM;SBSV;SBBR;515,00;9
2003;2;TAM;SBGO;SBSP;680,00;34
2003;2;TAM;SBGR;SBCF;255,00;215
2003;2;TAM;SBFL;SBBR;865,00;40
2003;2;TAM;SBRF;SBSV;381,00;3
2003;2;TAM;SBBR;SBSP;698,00;177
2003;2;TAM;SBBR;SBSV;697,00;13
2003;2;TAM;SBGL;SBSV;738,00;64
2003;2;TAM;SBSP;SBRJ;343,00;7
2003;2;TAM;SBRF;SBGL;702,00;7
2003;2;TAM;SBBR;SBKP;413,00;751
2003;2;TAM;SBGR;SBGL;399,00;64
2003;2;TAM;SBBR;SBFL;764,00;48
2003;2;TAM;SBBR;SBRJ;366,00;3118
2003;2;TAM;SBSP;SBBH;457,00;128
2003;2;TAM;SBBR;SBBE;686,00;23
2003;2;TAM;SBBR;SBCT;581,00;130
2003;2;TAM;SBFZ;SBRF;387,00;2
2003;2;TAM;SBCT;SBGR;228,00;63
2003;2;TAM;SBRP;SBSP;569,00;6
2003;2;TAM;SBFL;SBGR;555,00;23
2003;2;TAM;SBSP;SBPS;755,00;10
2003;2;TAM;SBBE;SBMQ;137,00;881
2003;2;TAM;SBBR;SBKP;435,00;53
2003;2;TAM;SBSP;SBBR;839,00;358
2003;2;TAM;SBBR;SBFL;920,00;250
2003;2;TAM;SBMQ;SBBE;137,00;1010
2003;2;TAM;SBRF;SBGL;894,00;27
2003;2;TAM;SBPA;SBCT;269,00;973
2003;2;TAM;SBRJ;SBBH;382,00;11
2003;2;TAM;SBGL;SBSP;371,00;2
2003;2;TAM;SBRJ;SBBR;594,00;15
2003;2;TAM;SBVT;SBSP;509,00;54
2003;2;TAM;SBBR;SBKP;747,00;8
2003;2;TAM;SBFL;SBGR;461,00;16
2003;2;TAM;SBVT;SBSP;278,00;133
2003;2;TAM;SBSV;SBGL;785,00;24
2003;2;TAM;SBBR;SBGO;309,00;51
2003;2;TAM;SBBE;SBBR;915,00;1
2003;2;TAM;SBCT;SBPA;317,00;70
2003;2;TAM;SBVT;SBSP;662,00;21
2003;2;TAM;SBBR;SBFL;708,00;42
2003;2;TAM;SBKP;SBBR;695,00;1
2003;2;TAM;SBMQ;SBBE;104,00;76
2003;2;TAM;SBSP;SBVT;311,00;2802
2003;2;TAM;SBGO;SBBR;238,00;29
2003;2;TAM;SBPS;SBSP;568,00;56
2003;2;TAM;SBBR;SBBE;799,00;12
2003;2;TAM;SBVT;SBSP;582,00;22
2003;2;TAM;SBCT;SBPA;505,00;2
2003;2;TAM;SBFL;SBPA;299,00;3
2003;2;TAM;SBFL;SBBR;558,00;16
2003;2;TAM;SBBR;SBFL;607,00;142
2003;2;TAM;SBKP;SBCT;259,00;302
2003;2;TAM;SBBE;SBBR;624,00;24
2003;2;TAM;SBRJ;SBVT;368,00;10
2003;2;TAM;SBFL;SBCT;310,00;3
2003;2;TAM;SBCT;SBGR;258,00;1091
2003;2;TAM;SBRP;SBSP;319,00;2464
2003;2;TAM;SBRJ;SBBH;565,00;9
2003;2;TAM;SBSV;SBGR;520,00;333
2003;2;TAM;SBGR;SBBR;443,00;29
2003;2;TAM;SBSP;SBFL;427,00;60
2003;2;TAM;SBGR;SBFL;342,00;4
2003;2;TAM;SBGR;SBCF;538,00;12
2003;2;TAM;SBBR;SBBH;455,00;96
2003;2;TAM;SBGL;SBBR;770,00;2
2003;2;TAM;SBGR;SBBR;355,00;343
2003;2;TAM;SBCT;SBBH;318,00;829
2003;2;TAM;SBGL;SBSV;540,00;16
2003;2;TAM;SBBR;SBBE;624,00;9
2003;2;TAM;SBPA;SBKP;715,00;2
2003;2;TAM;SBGL;SBCT;523,00;7
2003;2;TAM;SBSP;SBGO;594,00;23
2003;2;TAM;SBSP;SBPA;469,00;356
2003;2;TAM;SBBH;SBBR;862,00;200
2003;2;TAM;SBGO;SBBR;155,00;531
2003;2;TAM;SBBH;SBCT;738,00;124
2003;2;TAM;SBPA;SBSP;192,00;625
2003;2;TAM;SBBE;SBBR;988,00;11
2003;2;TAM;SBPA;SBGL;275,00;146
2003;2;TAM;SBGR;SBPA;709,00;30
2003;2;TAM;SBSP;SBPA;504,00;304
2003;2;TAM;SBGR;SBCT;354,00;63
2003;2;TAM;SBVT;SBRJ;420,00;1
2003;2;TAM;SBSV;SBRF;554,00;10
2003;2;TAM;SBFL;SBSP;366,00;49
2003;2;TAM;SBSP;SBBR;467,00;294
2003;2;TAM;SBBR;SBBE;853,00;1
2003;2;TAM;SBBE;SBMQ;116,00;1623
2003;2;TAM;SBKP;SBGR;163,00;1
2003;2;TAM;SBBR;SBFL;558,00;130
2003;2;TAM;SBRJ;SBBH;249,00;97
2003;2;TAM;SBCT;SBBR;774,00;2
2003;2;TAM;SBGL;SBPA;595,00;8
2003;2;TAM;SBPA;SBGL;898,00;100
2003;2;TAM;SBRJ;SBSP;309,00;13400
2003;2;TAM;SBBR;SBFZ;965,00;2
2003;2;TAM;SBPA;SBGR;579,00;10
2003;2;TAM;SBRF;SBSV;522,00;15
2003;2;TAM;SBPA;SBCT;442,00;22
2003;2;TAM;SBPA;SBKP;499,00;349
2003;2;TAM;SBFL;SBBR;543,00;71
2003;2;TAM;SBGL;SBSP;218,00;526
2003;2;TAM;SBRF;SBSV;629,00;75
2003;2;TAM;SBRF;SBGL;534,00;180
2003;2;TAM;SBBH;SBRJ;412,00;34
2003;2;TAM;SBBR;SBGR;489,00;23
2003;2;TAM;SBRJ;SBBR;770,00;343
2003;2;TAM;SBSV;SBGR;936,00;11
2003;2;TAM;SBGR;SBCF;489,00;9
2003;2;TAM;SBGR;SBGL;280,00;5
2003;2;TAM;SBRJ;SBBR;1049,00;5
2003;2;TAM;SBCT;SBBH;738,00;167
2003;2;TAM;SBVT;SBRJ;368,00;9
2003;2;TAM;SBSV;SBBR;560,00;43
2003;2;TAM;SBGR;SBSV;872,00;31
2003;2;TAM;SBPA;SBGR;192,00;133
2003;2;TAM;SBCT;SBSP;258,00;5921
2003;2;TAM;SBBR;SBSP;651,00;88
2003;2;TAM;SBSV;SBGR;600,00;100
2003;2;TAM;SBFL;SBGR;333,00;8
2003;2;TAM;SBGR;SBGL;548,00;1
2003;2;TAM;SBPA;SBCT;193,00;960
2003;2;TAM;SBCT;SBGR;446,00;186
2003;2;TAM;SBRJ;SBBH;274,00;26
2003;2;TAM;SBSV;SBRF;594,00;5
2003;2;TAM;SBKP;SBCT;422,00;8
2003;2;TAM;SBSP;SBVT;859,00;1
2003;2;TAM;SBKP;SBCT;344,00;15
2003;2;TAM;SBRJ;SBBR;223,00;1065
2003;2;TAM;SBRP;SBSP;393,00;47
2003;2;TAM;SBBR;SBBE;988,00;7
2003;2;TAM;SBGL;SBBR;509,00;2
2003;2;TAM;SBBR;SBSV;416,00;454
2003;2;TAM;SBCT;SBBH;215,00;1383
2003;2;TAM;SBBH;SBSP;329,00;974
2003;2;TAM;SBSP;SBBH;771,00;11
2003;2;TAM;SBBR;SBBE;359,00;349
2003;2;TAM;SBFL;SBSP;722,00;1
2003;2;TAM;SBGL;SBSV;785,00;55
2003;2;TAM;SBGR;SBSV;600,00;178
2003;2;TAM;SBGO;SBBR;309,00;30
2003;2;TAM;SBBR;SBBH;862,00;174
2003;2;TAM;SBRP;SBSP;386,00;3
2003;2;TAM;SBBH;SBSP;255,00;5005
2003;2;TAM;SBSP;SBBR;570,00;164
2003;2;TAM;SBVT;SBRJ;477,00;30
2003;2;TAM;SBGL;SBGR;399,00;19
2003;2;TAM;SBGR;SBCF;406,00;9
2003;2;TAM;SBBR;SBSV;654,00;34
2003;2;TAM;SBSP;SBPS;661,00;40
2003;2;TAM;SBGR;SBBR;419,00;252
2003;2;TAM;SBFL;SBSP;279,00;23
2003;2;TAM;SBPA;SBGL;694,00;9
2003;2;TAM;SBCT;SBSP;583,00;10
2003;2;TAM;SBSP;SBGO;208,00;2070
2003;2;TAM;SBGR;SBCF;554,00;31
2003;2;TAM;SBGL;SBGR;419,00;82
2003;2;TAM;SBPA;SBSP;469,00;362
2003;2;TAM;SBBR;SBSV;560,00;98
2003;2;TAM;SBCF;SBGR;406,00;3
2003;2;TAM;SBGR;SBFL;461,00;3
2003;2;TAM;SBPA;SBCT;381,00;43
2003;2;TAM;SBGL;SBGR;280,00;14
2003;2;TAM;SBGR;SBSV;1366,00;14
2003;2;TAM;SBKP;SBBR;475,00;32
2003;2;TAM;SBCT;SBGL;212,00;96
2003;2;TAM;SBSV;SBGL;738,00;10
2003;2;TAM;SBGR;SBPA;579,00;4
2003;2;TAM;SBBE;SBMQ;340,00;4
2003;2;TAM;SBCT;SBSP;294,00;710
2003;2;TAM;SBKP;SBPA;499,00;439
2003;2;TAM;SBCT;SBGR;311,00;98
2003;2;TAM;SBRF;SBFZ;387,00;2
2003;2;TAM;SBGR;SBCT;311,00;26
2003;2;TAM;SBBR;SBGR;443,00;37
2003;2;TAM;SBBH;SBBR;306,00;2083
2003;2;TAM;SBCT;SBPA;545,00;10
2003;2;TAM;SBGR;SBBR;489,00;11
2003;2;TAM;SBBR;SBGO;170,00;11
2003;2;TAM;SBBH;SBRJ;565,00;10
2003;2;TAM;SBGL;SBCT;180,00;37
2003;2;TAM;SBBH;SBCT;448,00;46
2003;2;TAM;SBGL;SBSV;492,00;92
2003;2;TAM;SBCT;SBPA;157,00;131
2003;2;TAM;SBBR;SBGO;110,00;350
2003;2;TAM;SBBR;SBFL;511,00;938
2003;2;TAM;SBBR;SBFZ;1042,00;15
2003;2;TAM;SBBR;SBRJ;468,00;144
2003;2;TAM;SBCT;SBKP;371,00;17
2003;2;TAM;SBRJ;SBBH;412,00;12
2003;2;TAM;SBGO;SBSP;289,00;1110
2003;2;TAM;SBGL;SBBR;468,00;2
2003;2;TAM;SBBE;SBMQ;394,00;38
2003;2;TAM;SBFL;SBGR;372,00;4
2003;2;TAM;SBBE;SBBR;853,00;3
2003;2;TAM;SBSP;SBFL;165,00;531
2003;2;TAM;SBCF;SBGR;199,00;11
2003;2;TAM;SBCT;SBSP;228,00;1401
2003;2;TAM;SBGL;SBCT;335,00;62
2003;2;TAM;SBCT;SBKP;422,00;8
2003;2;TAM;SBBR;SBBH;655,00;11
2003;2;TAM;SBGR;SBBR;738,00;62
2003;2;TAM;SBPA;SBKP;586,00;11
2003;2;TAM;SBPA;SBGR;709,00;6
2003;2;TAM;SBPS;SBSP;1110,00;1
2003;2;TAM;SBGR;SBSV;936,00;45
2003;2;TAM;SBBR;SBGO;155,00;313
2003;2;TAM;SBRF;SBSV;594,00;6
2003;2;TAM;SBCT;SBGR;354,00;128
2003;2;TAM;SBFL;SBCT;353,00;4
2003;2;TAM;SBSP;SBGO;475,00;44
2003;2;TAM;SBGR;SBSV;1051,00;517
2003;2;TAM;SBBR;SBFZ;594,00;132
2003;2;TAM;SBGR;SBFL;427,00;23
2003;2;TAM;SBGR;SBCT;446,00;60
2003;2;TAM;SBPA;SBGL;851,00;8
2003;2;TAM;SBBH;SBCT;568,00;22
2003;2;TAM;SBSV;SBGL;492,00;38
2003;2;TAM;SBRJ;SBBH;334,00;11
2003;2;TAM;SBBH;SBSP;623,00;104
2003;2;TAM;SBGR;SBBR;651,00;4
2003;2;TAM;SBPA;SBGR;469,00;2
2003;2;TAM;SBBE;SBMQ;274,00;25
2003;2;TAM;SBFZ;SBBR;659,00;7
2003;2;TAM;SBBE;SBBR;686,00;25
2003;2;TAM;SBCF;SBGR;523,00;10
2003;2;TAM;SBGR;SBPA;504,00;13
2003;2;TAM;SBBR;SBRJ;509,00;72
2003;2;TAM;SBPA;SBSP;504,00;387
2003;2;TAM;SBCT;SBBR;678,00;39
2003;2;TAM;SBPA;SBFL;191,00;4
2003;2;TAM;SBSP;SBBH;329,00;912
2003;2;TAM;SBBH;SBSP;489,00;76
2003;2;TAM;SBSP;SBVT;621,00;25
2003;2;TAM;SBFL;SBSP;310,00;1
2003;2;TAM;SBRJ;SBBR;680,00;28
2003;2;TAM;SBSP;SBKP;151,00;46
2003;2;TAM;SBPA;SBGL;234,00;46
2003;2;TAM;SBGR;SBSV;636,00;31
2003;2;TAM;SBGL;SBSV;844,00;92
2003;2;TAM;SBGR;SBFL;216,00;63
2003;2;TAM;SBKP;SBPA;632,00;20
2003;2;TAM;SBPA;SBGR;619,00;4
2003;2;TAM;SBFZ;SBRF;603,00;4
2003;2;TAM;SBGR;SBFL;310,00;11
2003;2;TAM;SBKP;SBCT;272,00;15
2003;2;TAM;SBBR;SBBH;517,00;61
2003;2;TAM;SBGR;SBFL;488,00;1
2003;2;TAM;SBUL;SBSP;453,00;822
2003;2;TAM;SBPA;SBCT;826,00;1
2003;2;TAM;SBBR;SBKP;475,00;9
2003;2;TAM;SBGO;SBSP;791,00;3
2003;2;TAM;SBBR;SBSV;468,00;57
2003;2;TAM;SBGL;SBGR;371,00;10
2003;2;TAM;SBKP;SBBR;521,00;44
2003;2;TAM;SBGL;SBPA;795,00;4
2003;2;TAM;SBGL;SBRF;1510,00;7
2003;2;TAM;SBSP;SBVT;582,00;7
2003;2;TAM;SBVT;SBSP;311,00;2953
2003;2;TAM;SBSP;SBPS;938,00;14
2003;2;TAM;SBSP;SBBR;355,00;3125
2003;2;TAM;SBSP;SBBH;406,00;306
2003;2;TAM;SBFL;SBCT;374,00;15
2003;2;TAM;SBGL;SBRF;1097,00;15
2003;2;TAM;SBSP;SBGO;680,00;44
2003;2;TAM;SBCT;SBGL;673,00;38
2003;2;TAM;SBRJ;SBVT;454,00;11
2003;2;TAM;SBSP;SBBR;698,00;288
2003;2;TAM;SBGO;SBBR;204,00;24
2003;2;TAM;SBVT;SBSP;436,00;67
2003;2;TAM;SBRJ;SBVT;134,00;1990
2003;2;TAM;SBKP;SBSP;151,00;15
2003;2;TAM;SBSP;SBFL;494,00;8
2003;2;TAM;SBFZ;SBRF;527,00;2
2003;2;TAM;SBSP;SBCT;375,00;279
2003;2;TAM;SBGR;SBBR;570,00;10
2003;2;TAM;SBBR;SBSP;489,00;601
2003;2;TAM;SBPA;SBGR;747,00;78
2003;2;TAM;SBCT;SBBH;448,00;42
2003;2;TAM;SBCT;SBFL;374,00;23
2003;2;TAM;SBGO;SBSP;475,00;93
2003;2;TAM;SBSV;SBRF;522,00;3
2003;2;TAM;SBGR;SBCF;353,00;12
2003;2;TAM;SBFL;SBSP;488,00;2
2003;2;TAM;SBSV;SBGR;487,00;108
2003;2;TAM;SBFL;SBCT;251,00;404
2003;2;TAM;SBSP;SBBR;615,00;51
2003;2;TAM;SBBR;SBCT;678,00;62
2003;2;TAM;SBRF;SBSV;415,00;65
2003;2;TAM;SBRJ;SBVT;287,00;11
2003;2;TAM;SBBH;SBBR;401,00;19
2003;2;TAM;SBGO;SBSP;342,00;179
2003;2;TAM;SBPA;SBCT;471,00;2
2003;2;TAM;SBRJ;SBBR;468,00;104
2003;2;TAM;SBBR;SBBH;586,00;26
2003;2;TAM;SBFZ;SBRF;639,00;17
2003;2;TAM;SBCT;SBGR;429,00;10
2003;2;TAM;SBCT;SBGR;583,00;1
2003;2;TAM;SBFL;SBGR;178,00;87
2003;2;TAM;SBSV;SBGR;1051,00;174
2003;2;TAM;SBSV;SBGR;289,00;138
2003;2;TAM;SBKP;SBBR;656,00;6
2003;2;TAM;SBBE;SBBR;1040,00;62
2003;2;TAM;SBBR;SBSV;747,00;16
2003;2;TAM;SBBR;SBSV;849,00;222
2003;2;TAM;SBCF;SBGR;255,00;149
2003;2;TAM;SBCT;SBGL;558,00;1
2003;2;TAM;SBCT;SBBR;361,00;1640
2003;2;TAM;SBSP;SBPS;568,00;50
2003;2;TAM;SBGR;SBGL;325,00;308
2003;2;TAM;SBFZ;SBRF;199,00;640
2003;2;TAM;SBMQ;SBBE;274,00;17
2003;2;TAM;SBBR;SBGL;366,00;4
2003;2;TAM;SBBR;SBGO;185,00;4
2003;2;TAM;SBCT;SBGR;397,00;5
2003;2;TAM;SBPS;SBSP;810,00;18
2003;2;TAM;SBGR;SBPA;439,00;40
2003;2;TAM;SBGO;SBBR;88,00;5
2003;2;TAM;SBSV;SBGL;844,00;11
2003;2;TAM;SBFL;SBSP;372,00;4
2003;2;TAM;SBRP;SBSP;363,00;15
2003;2;TAM;SBBR;SBFZ;724,00;29
2003;2;TAM;SBKP;SBGR;197,00;2
2003;2;TAM;SBSP;SBCT;469,00;92
2003;2;TAM;SBSV;SBRF;312,00;227
2003;2;TAM;SBBR;SBBE;545,00;14
2003;2;TAM;SBBR;SBGO;272,00;50
2003;2;TAM;SBCT;SBBH;347,00;130
2003;2;TAM;SBBH;SBBR;517,00;75
2003;2;TAM;SBCF;SBGR;329,00;5
2003;2;TAM;SBBH;SBCT;649,00;4
2003;2;TAM;SBBR;SBBE;319,00;33
2003;2;TAM;SBGR;SBCF;329,00;5
2003;2;TAM;SBFL;SBBR;920,00;135
2003;2;TAM;SBBH;SBRJ;454,00;229
2003;2;TAM;SBPA;SBSP;579,00;127
2003;2;TAM;SBKP;SBPA;761,00;57
2003;2;TAM;SBRF;SBGL;1023,00;7
2003;2;TAM;SBGL;SBPA;898,00;70
2003;2;TAM;SBRJ;SBSP;419,00;793
2003;2;TAM;SBBR;SBRJ;727,00;135
2003;2;TAM;SBSP;SBFL;722,00;10
2003;2;TAM;SBRJ;SBVT;477,00;53
2003;2;TAM;SBGL;SBBR;423,00;2
2003;2;TAM;SBFL;SBPA;418,00;7
2003;2;TAM;SBRJ;SBVT;420,00;1
2003;2;TAM;SBPA;SBKP;632,00;11
2003;2;TAM;SBBR;SBSP;615,00;99
2003;2;TAM;SBSP;SBGO;632,00;10
2003;2;TAM;SBSV;SBGR;1366,00;2
2003;2;TAM;SBBR;SBSP;839,00;296
2003;2;TAM;SBSP;SBBR;961,00;204
2003;2;TAM;SBBH;SBBR;348,00;135
2003;2;TAM;SBCT;SBSP;397,00;72
2003;2;TAM;SBGL;SBCT;212,00;109
2003;2;TAM;SBGL;SBSV;894,00;377
2003;2;TAM;SBBR;SBBH;306,00;2148
2003;2;TAM;SBRF;SBGL;1161,00;164
2003;2;TAM;SBGO;SBBR;170,00;39
2003;2;TAM;SBFZ;SBRF;492,00;30
2003;2;TAM;SBGL;SBRF;958,00;2
2003;2;TAM;SBGR;SBCF;457,00;30
2003;2;TAM;SBBH;SBSP;523,00;79
2003;2;TAM;SBCT;SBSP;354,00;226
2003;2;TAM;SBPA;SBFL;259,00;5
2003;2;TAM;SBFL;SBGR;488,00;2
2003;2;TAM;SBSP;SBCT;583,00;13
2003;2;TAM;SBSP;SBPS;592,00;34
2003;2;TAM;SBBH;SBRJ;122,00;247
2003;2;TAM;SBKP;SBBR;747,00;4
2003;2;TAM;SBKP;SBBR;435,00;59
2003;2;TAM;SBBR;SBGR;570,00;22
2003;2;TAM;SBRF;SBGL;1510,00;11
2003;2;TAM;SBSP;SBCT;228,00;1552
2003;2;TAM;SBSP;SBGL;218,00;574
2003;2;TAM;SBPA;SBSP;439,00;2867
2003;2;TAM;SBBH;SBCT;318,00;916
2003;2;TAM;SBRJ;SBVT;622,00;1
2003;2;TAM;SBSP;SBGO;791,00;5
2003;2;TAM;SBSP;SBUL;482,00;118
2003;2;TAM;SBPA;SBSP;659,00;14
2003;2;TAM;SBRJ;SBBR;509,00;50
2003;2;TAM;SBFL;SBGR;524,00;6
2003;2;TAM;SBCT;SBKP;173,00;866
2003;2;TAM;SBBR;SBFL;810,00;14
2003;2;TAM;SBSP;SBGO;396,00;29
2003;2;TAM;SBGL;SBPA;498,00;14
2003;2;TAM;SBGR;SBBR;698,00;14
2003;2;TAM;SBMQ;SBBE;415,00;23
2003;2;TAM;SBGL;SBCT;558,00;2
2003;2;TAM;SBGL;SBPA;694,00;2
2003;2;TAM;SBGL;SBSP;419,00;4
2003;2;TAM;SBKP;SBGR;151,00;56
2003;2;TAM;SBBH;SBSP;406,00;319
2003;2;TAM;SBRJ;SBBH;454,00;116
2003;2;TAM;SBGO;SBBR;253,00;5
2003;2;TAM;SBRJ;SBBH;217,00;1673
2003;2;TAM;SBPA;SBSP;785,00;102
2003;2;TAM;SBSP;SBPS;810,00;31
2003;2;TAM;SBFL;SBGR;366,00;41
2003;2;TAM;SBBH;SBRJ;144,00;1268
2003;2;TAM;SBBR;SBBE;1040,00;60
2003;2;TAM;SBSV;SBBR;747,00;3
2003;2;TAM;SBGR;SBCT;375,00;13
2003;2;TAM;SBGL;SBCT;640,00;3
2003;2;TAM;SBBE;SBMQ;209,00;36
2003;2;TAM;SBPS;SBSP;755,00;12
2003;2;TAM;SBSP;SBGO;289,00;867
2003;2;TAM;SBGR;SBCT;583,00;2
2003;2;TAM;SBSP;SBPA;192,00;620
2003;2;TAM;SBSP;SBFL;216,00;963
2003;2;TAM;SBBR;SBGL;509,00;2
2003;2;TAM;SBKP;SBGR;187,00;1
2003;2;TAM;SBCT;SBSP;375,00;250
2003;2;TAM;SBFL;SBSP;427,00;29
2003;2;TAM;SBGL;SBSV;687,00;122
2003;2;TAM;SBGL;SBGR;325,00;222
2003;2;TAM;SBGL;SBPA;851,00;5
2003;2;TAM;SBRF;SBSV;312,00;163
2003;2;TAM;SBBH;SBBR;655,00;7
2003;2;TAM;SBCF;SBGR;538,00;17
2003;2;TAM;SBSP;SBPA;659,00;68
2003;2;TAM;SBRF;SBFZ;603,00;3
2003;2;TAM;SBCT;SBSP;271,00;1713
2003;2;TAM;SBGO;SBBR;185,00;8
2003;2;TAM;SBBR;SBFZ;900,00;3
2003;2;TAM;SBBR;SBGR;467,00;4
2003;2;TAM;SBFZ;SBRF;352,00;15
2003;2;TAM;SBGR;SBFL;366,00;26
2003;2;TAM;SBPA;SBSP;972,00;53
2003;2;TAM;SBSV;SBRF;169,00;613
2003;2;TAM;SBGO;SBSP;208,00;1909
2003;2;TAM;SBSP;SBCT;258,00;5882
2003;2;TAM;SBGL;SBCT;595,00;12
2003;2;TAM;SBVT;SBSP;364,00;69
2003;2;TAM;SBPA;SBSP;352,00;3409
2003;2;TAM;SBSP;SBPA;352,00;4131
2003;2;TAM;SBCT;SBPA;269,00;929
2003;2;TAM;SBVT;SBRJ;173,00;8
2003;2;TAM;SBRJ;SBBH;359,00;4
2003;2;TAM;SBSP;SBCT;294,00;518
2003;2;TAM;SBSP;SBPA;579,00;146
2003;2;TAM;SBSV;SBBR;849,00;144
2003;2;TAM;SBSP;SBRP;386,00;2
2003;2;TAM;SBGL;SBSV;349,00;602
2003;2;TAM;SBBR;SBSP;419,00;4821
2003;2;TAM;SBGR;SBFL;555,00;48
2003;2;TAM;SBBH;SBBR;455,00;120
2003;2;TAM;SBCF;SBGR;318,00;215
2003;2;TAM;SBGO;SBBR;110,00;318
2003;2;TAM;SBKP;SBBR;261,00;277
2003;2;TAM;SBKP;SBCT;371,00;5
2003;2;TAM;SBCT;SBGL;595,00;1
2003;2;TAM;SBSP;SBFL;342,00;24
2003;2;TAM;SBCT;SBGL;180,00;35
2003;2;TAM;SBFZ;SBBR;568,00;131
2003;2;TAM;SBPA;SBFL;299,00;1
2003;2;TAM;SBSP;SBFL;488,00;4
2003;2;TAM;SBGL;SBRF;1161,00;146
2003;2;TAM;SBSP;SBVT;400,00;24
2003;2;TAM;SBFL;SBBR;511,00;1159
2003;2;TAM;SBGR;SBPA;747,00;77
2003;2;TAM;SBCT;SBFL;353,00;9
2003;2;TAM;SBBR;SBRJ;594,00;55
2003;2;TAM;SBSP;SBFL;372,00;40
2003;2;TAM;SBGR;SBBR;961,00;1
2003;2;TAM;SBGL;SBSV;590,00;164
2003;2;TAM;SBBH;SBRJ;359,00;15
2003;2;TAM;SBKP;SBBR;790,00;99
2003;2;TAM;SBFZ;SBRF;422,00;43
2003;2;TAM;SBPA;SBCT;574,00;85
2003;2;TAM;SBBH;SBSP;538,00;63
2003;2;TAM;SBGL;SBPA;234,00;41
2003;2;TAM;SBSP;SBGL;257,00;8
2003;2;TAM;SBRF;SBGL;1097,00;13
2003;2;TAM;SBBR;SBSP;570,00;365
2003;2;TAM;SBKP;SBPA;586,00;16
2003;2;TAM;SBBR;SBFL;865,00;67
2003;2;TAM;SBBR;SBBE;466,00;286
2003;2;TAM;SBGL;SBPA;275,00;140
2003;2;TAM;SBGR;SBSV;487,00;224
2003;2;TAM;SBPA;SBKP;220,00;624
2003;2;TAM;SBBR;SBFL;543,00;109
2003;2;TAM;SBGR;SBPA;469,00;10
2003;2;TAM;SBSV;SBGR;694,00;56
2003;2;TAM;SBGL;SBCT;374,00;11
2003;2;TAM;SBPA;SBCT;348,00;28
2003;2;TAM;SBGR;SBCT;397,00;9
2003;2;TAM;SBBH;SBRJ;382,00;18
2003;2;TAM;SBSP;SBVT;549,00;11
2003;2;TAM;SBBH;SBRJ;217,00;2085
2003;2;TAM;SBSV;SBGL;430,00;576
2003;2;TAM;SBGR;SBFL;278,00;16
2003;2;TAM;SBPS;SBSP;661,00;41
2003;2;TAM;SBVT;SBSP;621,00;29
2003;2;TAM;SBSV;SBGL;540,00;2
2003;2;TAM;SBGR;SBCT;294,00;4
2003;2;TAM;SBUL;SBSP;518,00;46
2003;2;TAM;SBCF;SBGR;457,00;33
2003;2;TAM;SBGR;SBFL;333,00;2
2003;2;TAM;SBSP;SBPA;972,00;14
2003;2;TAM;SBBH;SBCT;406,00;48
2003;2;TAM;SBPA;SBFL;142,00;20
2003;2;TAM;SBBR;SBSV;808,00;56
2003;2;TAM;SBRF;SBSV;169,00;460
2003;2;TAM;SBSP;SBGO;554,00;62
2003;2;TAM;SBFZ;SBBR;533,00;136
2003;2;TAM;SBFL;SBPA;494,00;34
2003;2;TAM;SBPA;SBGR;504,00;17
2003;2;TAM;SBRJ;SBBR;727,00;46
2003;2;TAM;SBGO;SBSP;396,00;87
2003;2;TAM;SBGO;SBBR;272,00;6
2003;2;TAM;SBBH;SBCT;215,00;1521
2003;2;TAM;SBVT;SBSP;400,00;32
2003;2;TAM;SBCT;SBSP;311,00;500
2003;2;TAM;SBBR;SBGL;770,00;2
2003;2;TAM;SBPA;SBGR;352,00;158
2003;2;TAM;SBFZ;SBBR;1097,00;177
2003;2;TAM;SBBR;SBRJ;399,00;263
2003;2;TAM;SBBE;SBBR;359,00;310
2003;2;TAM;SBBR;SBKP;521,00;52
2003;2;TAM;SBFL;SBGR;165,00;32
2003;2;TAM;SBGR;SBCT;271,00;44
2003;2;TAM;SBKP;SBCT;392,00;5
2003;2;TAM;SBFZ;SBBR;900,00;1
2003;2;TAM;SBGR;SBGL;371,00;10
2003;2;TAM;SBSP;SBFL;278,00;46
2003;2;TAM;SBSP;SBVT;278,00;41
2003;2;TAM;SBBR;SBRJ;770,00;529
2003;2;TAM;SBGR;SBFL;601,00;4
2003;2;TAM;SBBR;SBFZ;1207,00;2
2003;2;TAM;SBBR;SBGL;727,00;2
2003;2;TAM;SBRF;SBSV;344,00;19
2003;2;TAM;SBSV;SBBR;808,00;6
2003;2;TAM;SBBR;SBRJ;223,00;682
2003;2;TAM;SBSP;SBBR;419,00;3309
2003;2;TAM;SBPA;SBCT;317,00;58
2003;2;TAM;SBPA;SBFL;339,00;3
2003;2;TAM;SBCT;SBGL;335,00;79
2003;2;TAM;SBBH;SBBR;724,00;50
2003;2;TAM;SBSP;SBUL;558,00;40
2003;2;TAM;SBBR;SBKP;261,00;152
2003;2;TAM;SBGR;SBBR;615,00;3
2003;2;TAM;SBSV;SBRF;344,00;19
2003;2;TAM;SBCT;SBBH;959,00;2
2003;2;TAM;SBFL;SBSP;165,00;599
2003;2;TAM;SBCT;SBSP;469,00;94
2003;2;TAM;SBBR;SBGR;419,00;318
2003;2;TAM;SBRF;SBSV;484,00;12
2003;2;TAM;SBBR;SBCT;827,00;11
2003;2;TAM;SBUL;SBSP;332,00;124
2003;2;TAM;SBBH;SBRJ;334,00;24
2003;2;TAM;SBRF;SBFZ;234,00;200
2003;2;TAM;SBFL;SBBR;708,00;12
2003;2;TAM;SBPA;SBFL;494,00;82
2003;2;TAM;SBBR;SBGR;738,00;60
2003;2;TAM;SBFL;SBPA;128,00;77
2003;2;TAM;SBRJ;SBVT;391,00;4
2003;2;TAM;SBSP;SBKP;163,00;3
2003;2;TAM;SBFL;SBBR;764,00;12
2003;2;TAM;SBUL;SBSP;558,00;75
2003;2;TAM;SBFL;SBSP;333,00;9
2003;2;TAM;SBSP;SBPS;704,00;12
2003;2;TAM;SBBH;SBCT;347,00;185
2003;2;TAM;SBGL;SBPA;469,00;57
2003;2;TAM;SBGR;SBCF;318,00;177
2003;2;TAM;SBCT;SBBR;502,00;17
2003;2;TAM;SBSP;SBRP;363,00;13
2003;2;TAM;SBBR;SBCT;502,00;69
2003;2;TAM;SBBR;SBCT;774,00;14
2003;2;TAM;SBBR;SBGO;204,00;66
2003;2;TAM;SBCT;SBBR;880,00;189
2003;2;TAM;SBGL;SBGR;218,00;508
2003;2;TAM;SBSP;SBBH;538,00;62
2003;2;TAM;SBSP;SBRP;393,00;44
2003;2;TAM;SBBE;SBMQ;415,00;17
2003;2;TAM;SBMQ;SBBE;394,00;3
2003;2;TAM;SBBR;SBSP;355,00;2969
2003;2;TAM;SBBH;SBRJ;249,00;202
2003;2;TAM;SBPS;SBSP;938,00;14
2003;2;TAM;SBBR;SBBE;915,00;1
2003;2;TAM;SBFL;SBCT;329,00;2
2003;2;TAM;SBVT;SBSP;859,00;8
2003;2;TAM;SBSP;SBFL;611,00;84
2003;2;TAM;SBCT;SBBH;568,00;14
2003;2;TAM;SBSP;SBPS;1110,00;9
2003;2;TAM;SBSV;SBBR;654,00;23
2003;2;TAM;SBGR;SBPA;352,00;144
2003;2;TAM;SBRF;SBSV;554,00;13
2003;2;TAM;SBPA;SBGL;1171,00;3
2003;2;TAM;SBSP;SBBH;353,00;315
2003;2;TAM;SBSP;SBRP;569,00;6
2003;2;TAM;SBVT;SBRJ;315,00;8
2003;2;TAM;SBFL;SBBR;607,00;56
2003;2;TAM;SBVT;SBSP;210,00;72
2003;2;TAM;SBKP;SBPA;548,00;94
2003;2;TAM;SBRF;SBGL;958,00;1
2003;2;TAM;SBPA;SBSP;709,00;88
2003;2;TAM;SBBR;SBRJ;680,00;37
2003;2;TAM;SBGL;SBCT;673,00;30
2003;2;TAM;SBPA;SBGL;498,00;4
2003;2;TAM;SBCT;SBKP;325,00;38
2003;2;TAM;SBSP;SBRJ;309,00;9232
2003;2;TAM;SBSV;SBGL;687,00;79
2003;2;TAM;SBGL;SBRF;702,00;2
2003;2;TAM;SBGR;SBSV;1006,00;70
2003;2;TAM;SBSP;SBBH;318,00;3851
2003;2;TAM;SBMQ;SBBE;320,00;19
2003;2;TAM;SBBR;SBRJ;423,00;42
2003;2;TAM;SBCT;SBBR;827,00;5
2003;2;TAM;SBCF;SBGR;554,00;22
2003;2;TAM;SBFL;SBCT;287,00;36
2003;2;TAM;SBKP;SBBR;413,00;707
2003;2;TAM;SBCT;SBKP;446,00;56
2003;2;TAM;SBFL;SBPA;191,00;1
2003;2;TAM;SBSV;SBGR;872,00;29
2003;2;TAM;SBPA;SBCT;545,00;5
2003;2;TAM;SBGR;SBFL;178,00;120
2003;2;TAM;SBGL;SBPA;546,00;1
2003;2;TAM;SBSP;SBPA;785,00;105
2003;2;TAM;SBSV;SBRF;415,00;78
2003;2;TAM;SBSP;SBGO;342,00;77
2003;2;TAM;SBCT;SBGR;375,00;35
2003;2;TAM;SBGR;SBCF;523,00;2
2003;2;TAM;SBBR;SBSV;1077,00;3
2003;2;TAM;SBGR;SBPA;192,00;151
2003;2;TAM;SBSP;SBUL;577,00;58
2003;2;TAM;SBSP;SBVT;509,00;44
2003;2;TAM;SBPA;SBFL;128,00;84
2003;2;TAM;SBGR;SBFL;433,00;7
2003;2;TAM;SBSP;SBBH;623,00;64
2003;2;TAM;SBBR;SBKP;695,00;1
2003;2;TAM;SBVT;SBRJ;109,00;65
2003;2;TAM;SBSP;SBPA;619,00;242
2003;2;TAM;SBBR;SBSP;961,00;42
2003;2;TAM;SBBE;SBMQ;156,00;245
2003;2;TAM;SBBR;SBFZ;1097,00;134
2003;2;TAM;SBFL;SBSP;216,00;1207
2003;2;TAM;SBFL;SBGR;216,00;128
2003;2;TAM;SBSP;SBFL;333,00;15
2003;2;TAM;SBGR;SBFL;279,00;7
2003;2;TAM;SBSP;SBFL;279,00;52
2003;2;TAM;SBBR;SBBH;724,00;31
2003;2;TAM;SBBR;SBGR;355,00;228
2003;2;TAM;SBSP;SBRJ;419,00;626
2003;2;TAM;SBMQ;SBBE;156,00;224
2003;2;TAM;SBBE;SBMQ;320,00;12
2003;2;TAM;SBBR;SBCT;361,00;1609
2003;2;TAM;SBCT;SBFL;310,00;4
2003;2;TAM;SBSP;SBPA;709,00;134
2003;2;TAM;SBGO;SBBR;294,00;19
2003;2;TAM;SBPA;SBKP;761,00;82
2003;2;TAM;SBCT;SBKP;272,00;28
2003;2;TAM;SBSP;SBFL;433,00;24
2003;2;TAM;SBSV;SBGL;349,00;592
2003;2;TAM;SBSP;SBBH;489,00;90
2003;2;TAM;SBSV;SBBR;697,00;4
2003;2;TAM;SBBH;SBSP;771,00;9
2003;2;TAM;SBGL;SBSV;430,00;640
2003;2;TAM;SBCT;SBBH;406,00;44
2003;2;TAM;SBSP;SBGL;325,00;19
2003;2;TAM;SBGO;SBBR;340,00;1
2003;2;TAM;SBBR;SBKP;790,00;89
2003;2;TAM;SBPA;SBFL;418,00;7
2003;2;TAM;SBRJ;SBVT;109,00;150
2003;2;TAM;SBSP;SBGL;371,00;2
2003;2;TAM;SBFZ;SBBR;724,00;49
2003;2;TAM;SBGR;SBPA;619,00;2
2003;2;TAM;SBGR;SBSV;289,00;204
2003;2;TAM;SBRJ;SBBH;122,00;56
2003;2;TAM;SBSP;SBUL;518,00;73
2003;2;TAM;SBBH;SBBR;586,00;17
2003;2;TAM;SBFZ;SBRF;234,00;237
2003;2;TAM;SBSV;SBBR;468,00;41
2003;2;TAM;SBSP;SBVT;436,00;84
2003;2;TAM;SBRJ;SBBR;366,00;3210
2003;2;TAM;SBCT;SBGR;294,00;32
2003;2;TAM;SBSV;SBGL;894,00;212
2003;2;TAM;SBBE;SBBR;319,00;29
2003;2;TAM;SBFL;SBGR;494,00;4
2003;2;TAM;SBGL;SBCT;410,00;5
2003;2;TAM;SBBR;SBFZ;659,00;4
2003;2;TAM;SBKP;SBCT;173,00;972
2003;2;TAM;SBRJ;SBVT;91,00;164
2003;2;TAM;SBGR;SBCT;228,00;86
2003;2;TAM;SBRJ;SBVT;173,00;41
2003;2;TAM;SBKP;SBCT;325,00;36
2003;2;TAM;SBSP;SBBR;489,00;288
2003;2;TAM;SBFZ;SBBR;845,00;9
2003;2;TAM;SBFL;SBSP;342,00;1
2003;2;TAM;SBCT;SBPA;193,00;925
2003;2;TAM;SBCT;SBKP;259,00;349
2003;2;TAM;SBSV;SBGR;1006,00;7
2003;2;TAM;SBKP;SBBR;608,00;23
2003;2;TAM;SBCT;SBPA;574,00;109
2003;2;TAM;SBBH;SBSP;199,00;552
2003;2;TAM;SBCT;SBFL;251,00;286
2003;2;TAM;SBMQ;SBBE;209,00;40
2003;2;TAM;SBCT;SBBR;440,00;101
2003;2;TAM;SBVT;SBRJ;91,00;74
2003;2;TAM;SBBH;SBCT;487,00;26
2003;2;TAM;SBSP;SBCT;271,00;1667
2003;2;TAM;SBSP;SBFL;461,00;9
2003;2;TAM;SBRJ;SBBR;423,00;89
2003;2;TAM;SBCT;SBPA;348,00;6
2003;2;TAM;SBGR;SBSV;694,00;103
2003;2;TAM;SBRF;SBFZ;492,00;12
2003;2;TAM;SBSP;SBVT;210,00;36
2003;2;TAM;SBBR;SBRJ;1049,00;19
2003;2;TAM;SBGR;SBGL;257,00;1
2003;2;TAM;SBCT;SBKP;344,00;12
2003;2;TAM;SBSP;SBBH;255,00;5299
2003;2;TAM;SBUL;SBSP;482,00;68
2003;2;TAM;SBGL;SBSP;280,00;31
2003;2;TAM;SBGO;SBSP;594,00;53
2003;2;TAM;SBMQ;SBBE;365,00;3
2003;2;TAM;SBBH;SBSP;318,00;4696
2003;2;TAM;SBRP;SBSP;400,00;59
2003;2;TAM;SBSP;SBBH;523,00;19
2003;2;TAM;SBSP;SBGL;348,00;1
2003;2;TAM;SBUL;SBSP;577,00;92
2003;2;TAM;SBCT;SBBH;696,00;2
2003;2;TAM;SBCT;SBGL;374,00;6
2003;2;TAM;SBSP;SBFL;178,00;1519
2003;2;TAM;SBSV;SBGR;636,00;9
2003;2;TAM;SBFL;SBSP;611,00;50
2003;2;TAM;SBKP;SBPA;220,00;642
2003;2;TAM;SBRJ;SBBR;399,00;293
2003;2;TAM;SBSP;SBCT;311,00;420
2003;2;TAM;SBGR;SBFL;372,00;7
2003;2;TAM;SBGO;SBSP;632,00;12
2003;2;TAM;SBCT;SBBR;730,00;18
2003;2;TAM;SBBR;SBGO;238,00;60
2003;2;TAM;SBCT;SBBR;581,00;50
2003;2;TAM;SBGL;SBSP;348,00;3
2003;2;TAM;SBBR;SBCT;440,00;158
2003;2;TAM;SBFL;SBGR;278,00;17
2003;2;TAM;SBGR;SBSV;520,00;397
2003;2;TAM;SBSP;SBPA;439,00;2918
2003;2;TAM;SBRF;SBFZ;199,00;566
2003;2;TAM;SBGR;SBCT;429,00;16
2003;2;TAM;SBSV;SBBR;416,00;563
2003;2;TAM;SBSP;SBCT;354,00;189
2003;2;TAM;SBPS;SBSP;704,00;8
2003;2;TAM;SBPA;SBCT;157,00;163
2003;2;TAM;SBCT;SBBH;487,00;17
2003;2;TAM;SBCT;SBGR;271,00;67
2003;2;TAM;SBRF;SBFZ;352,00;3
2003;2;TAM;SBBR;SBKP;656,00;18
2003;2;TAM;SBBH;SBCT;696,00;14
2003;2;TAM;SBPA;SBGR;439,00;102
2003;2;TAM;SBSP;SBGL;280,00;14
2003;2;TAM;SBBH;SBSP;457,00;129
2003;2;TAM;SBBR;SBGO;253,00;49
2003;2;TAM;SBGR;SBCF;199,00;6
2003;2;TAM;SBGR;SBGL;348,00;5
2003;2;TAM;SBGR;SBKP;197,00;2
2003;2;TAM;SBSV;SBGL;590,00;148
2003;2;TAM;SBCT;SBPA;442,00;21
2003;2;TAM;SBSP;SBVT;364,00;35
2003;2;TAM;SBGL;SBRF;1023,00;8
2003;2;TAM;SBRF;SBFZ;422,00;13
2003;2;TAM;SBCT;SBGL;523,00;26
2003;2;TAM;SBBR;SBGL;468,00;4
2003;2;TAM;SBRJ;SBBH;299,00;81
2003;2;TAM;SBBH;SBSP;353,00;287
2003;2;TAM;SBBR;SBGR;615,00;20
2003;2;TAM;SBBR;SBSP;467,00;387
2003;2;TAM;SBFZ;SBBR;965,00;5
2003;2;TAM;SBSP;SBCT;429,00;100
2003;2;TAM;SBBR;SBCT;730,00;28
2003;2;TAM;SBSP;SBGL;399,00;13
2003;2;TAM;SBGL;SBRF;671,00;202
2003;2;TAM;SBSP;SBFL;366,00;51
2003;2;TAM;SBBR;SBGR;651,00;16
2003;2;TAM;SBGR;SBCT;258,00;1017
2003;2;TAM;SBGR;SBGL;218,00;434
2003;2;TAM;SBSP;SBGL;419,00;17
2003;2;TAM;SBRF;SBGL;671,00;150
2003;2;TAM;SBGL;SBGR;257,00;3
2003;2;TAM;SBUL;SBSP;749,00;5
2003;2;TAM;SBBH;SBRJ;274,00;51
2003;2;TAM;SBBR;SBFZ;568,00;177
2003;2;TAM;SBFL;SBSP;461,00;11
2003;2;TAM;SBFL;SBSP;178,00;1375
2003;2;TAM;SBSP;SBUL;453,00;802
2003;2;TAM;SBKP;SBCT;446,00;40
2003;2;TAM;SBBH;SBRJ;299,00;65
2003;2;TAM;SBSP;SBBR;443,00;822
2003;2;TAM;SBFZ;SBBR;594,00;82
2003;2;TAM;SBBE;SBBR;799,00;25
2003;2;TAM;SBSP;SBBH;199,00;489
2003;2;TAM;SBGL;SBRF;767,00;40
2003;2;TAM;SBVT;SBRJ;454,00;11
2003;2;TAM;SBBR;SBFZ;533,00;133
2003;2;TAM;SBGR;SBKP;151,00;25
2003;2;TAM;SBRF;SBFZ;562,00;2
2003;2;TAM;SBSV;SBGR;809,00;31
2003;2;TAM;SBGL;SBSP;257,00;4
2003;2;TAM;SBCT;SBPA;381,00;40
2003;2;TAM;SBGO;SBSP;792,00;86
2003;2;TAM;SBBR;SBFZ;845,00;12
2003;2;TAM;SBBR;SBGO;88,00;5
2003;2;TAM;SBCT;SBPA;471,00;5
2003;2;TAM;SBGL;SBSP;325,00;1
2003;2;TAM;SBGL;SBCT;446,00;5
2003;2;TAM;SBSV;SBRF;629,00;28
2003;2;TAM;SBGL;SBRF;534,00;181
2003;2;TAM;SBSP;SBRP;400,00;24
2003;2;TAM;SBSP;SBFL;463,00;32
2003;2;TAM;SBVT;SBRJ;134,00;1232
2003;2;VRG;SBBE;SBMQ;271,00;25
2003;2;VRG;SBRF;SBSV;169,00;2035
2003;2;VRG;SBBH;SBBR;576,00;1
2003;2;VRG;SBBR;SBSP;648,00;46
2003;2;VRG;SBRJ;SBCT;590,00;2
2003;2;VRG;SBPA;SBFL;429,00;3
2003;2;VRG;SBBR;SBGL;592,00;140
2003;2;VRG;SBMQ;SBBE;116,00;439
2003;2;VRG;SBPS;SBSP;755,00;5
2003;2;VRG;SBGR;SBGL;371,00;66
2003;2;VRG;SBSV;SBRF;169,00;1682
2003;2;VRG;SBEG;SBGR;409,00;3054
2003;2;VRG;SBSV;SBGL;682,00;471
2003;2;VRG;SBSP;SBNF;492,00;7
2003;2;VRG;SBSV;SBGR;925,00;112
2003;2;VRG;SBBR;SBRJ;727,00;6
2003;2;VRG;SBVT;SBSP;436,00;96
2003;2;VRG;SBPA;SBSP;179,00;3231
2003;2;VRG;SBPA;SBGL;595,00;175
2003;2;VRG;SBCT;SBGR;392,00;18
2003;2;VRG;SBGR;SBCF;367,00;86
2003;2;VRG;SBBR;SBPA;625,00;41
2003;2;VRG;SBGR;SBCT;344,00;17
2003;2;VRG;SBBR;SBGR;405,00;236
2003;2;VRG;SBKP;SBPA;188,00;3
2003;2;VRG;SBBR;SBFL;991,00;47
2003;2;VRG;SBGR;SBEG;1978,00;34
2003;2;VRG;SBGR;SBFL;664,00;37
2003;2;VRG;SBKP;SBBR;261,00;142
2003;2;VRG;SBSP;SBVT;370,00;18
2003;2;VRG;SBGO;SBSP;167,00;24
2003;2;VRG;SBRJ;SBBR;507,00;236
2003;2;VRG;SBSP;SBFL;427,00;84
2003;2;VRG;SBKP;SBCT;446,00;65
2003;2;VRG;SBRF;SBSV;554,00;40
2003;2;VRG;SBGR;SBGL;324,00;263
2003;2;VRG;SBRJ;SBFL;486,00;5
2003;2;VRG;SBGR;SBCF;428,00;65
2003;2;VRG;SBRF;SBFZ;562,00;11
2003;2;VRG;SBGR;SBSV;763,00;405
2003;2;VRG;SBPA;SBFL;399,00;29
2003;2;VRG;SBBE;SBBR;1248,00;76
2003;2;VRG;SBBR;SBGO;131,00;181
2003;2;VRG;SBKP;SBBR;521,00;11
2003;2;VRG;SBGR;SBFL;165,00;144
2003;2;VRG;SBBE;SBBR;686,00;76
2003;2;VRG;SBPS;SBSP;811,00;3
2003;2;VRG;SBSP;SBUL;545,00;1
2003;2;VRG;SBSP;SBPA;179,00;3190
2003;2;VRG;SBRJ;SBCT;375,00;32
2003;2;VRG;SBGR;SBSV;872,00;135
2003;2;VRG;SBGR;SBPA;893,00;436
2003;2;VRG;SBSP;SBGO;401,00;1
2003;2;VRG;SBRJ;SBVT;316,00;163
2003;2;VRG;SBSP;SBKP;142,00;4
2003;2;VRG;SBRF;SBGL;760,00;147
2003;2;VRG;SBNF;SBSP;521,00;386
2003;2;VRG;SBPA;SBFL;545,00;26
2003;2;VRG;SBRJ;SBBH;399,00;8
2003;2;VRG;SBRF;SBSV;484,00;277
2003;2;VRG;SBFL;SBGL;648,00;4
2003;2;VRG;SBRJ;SBCT;804,00;1
2003;2;VRG;SBFL;SBPA;454,00;288
2003;2;VRG;SBKP;SBSP;185,00;52
2003;2;VRG;SBPA;SBGL;851,00;5
2003;2;VRG;SBFZ;SBRF;422,00;166
2003;2;VRG;SBBR;SBKP;261,00;233
2003;2;VRG;SBFL;SBSP;310,00;55
2003;2;VRG;SBSP;SBPS;300,00;213
2003;2;VRG;SBBR;SBSV;475,00;57
2003;2;VRG;SBPA;SBRJ;234,00;230
2003;2;VRG;SBBH;SBSP;428,00;200
2003;2;VRG;SBBH;SBBR;536,00;23
2003;2;VRG;SBSP;SBBR;413,00;102
2003;2;VRG;SBGR;SBCT;295,00;96
2003;2;VRG;SBBH;SBSP;489,00;37
2003;2;VRG;SBGR;SBEG;1446,00;379
2003;2;VRG;SBSP;SBBH;367,00;227
2003;2;VRG;SBBH;SBSP;556,00;1494
2003;2;VRG;SBBR;SBFL;1189,00;9
2003;2;VRG;SBCT;SBSP;392,00;37
2003;2;VRG;SBBH;SBRJ;254,00;27
2003;2;VRG;SBSV;SBGL;885,00;678
2003;2;VRG;SBGL;SBGR;504,00;1419
2003;2;VRG;SBRF;SBGL;1381,00;219
2003;2;VRG;SBPA;SBGR;703,00;29
2003;2;VRG;SBCT;SBGL;442,00;154
2003;2;VRG;SBSV;SBGR;693,00;431
2003;2;VRG;SBVT;SBRJ;316,00;234
2003;2;VRG;SBVT;SBRJ;368,00;223
2003;2;VRG;SBEG;SBGR;1446,00;358
2003;2;VRG;SBSV;SBGL;835,00;13
2003;2;VRG;SBSP;SBPS;811,00;3
2003;2;VRG;SBPA;SBGR;417,00;189
2003;2;VRG;SBBR;SBFL;872,00;5
2003;2;VRG;SBCT;SBFL;353,00;1
2003;2;VRG;SBCT;SBSP;225,00;2244
2003;2;VRG;SBRF;SBGL;454,00;994
2003;2;VRG;SBGO;SBBR;355,00;8
2003;2;VRG;SBBR;SBGL;677,00;25
2003;2;VRG;SBCT;SBRJ;375,00;15
2003;2;VRG;SBSV;SBRF;628,00;287
2003;2;VRG;SBSP;SBCT;344,00;415
2003;2;VRG;SBBR;SBFL;654,00;93
2003;2;VRG;SBRF;SBSV;415,00;206
2003;2;VRG;SBBR;SBGO;355,00;1
2003;2;VRG;SBBR;SBGL;923,00;340
2003;2;VRG;SBGR;SBEG;409,00;3192
2003;2;VRG;SBGL;SBRF;1151,00;244
2003;2;VRG;SBBR;SBPA;1055,00;2
2003;2;VRG;SBRJ;SBBR;677,00;35
2003;2;VRG;SBGL;SBCT;590,00;11
2003;2;VRG;SBFL;SBSP;427,00;14
2003;2;VRG;SBPA;SBGR;893,00;532
2003;2;VRG;SBGR;SBBR;413,00;26
2003;2;VRG;SBKP;SBCT;344,00;39
2003;2;VRG;SBSP;SBPA;655,00;20
2003;2;VRG;SBFL;SBBR;1189,00;6
2003;2;VRG;SBBR;SBFZ;1310,00;77
2003;2;VRG;SBGR;SBSV;588,00;169
2003;2;VRG;SBGL;SBSV;885,00;619
2003;2;VRG;SBCT;SBGR;446,00;182
2003;2;VRG;SBSV;SBGL;584,00;338
2003;2;VRG;SBBR;SBBE;916,00;6
2003;2;VRG;SBFL;SBPA;254,00;47
2003;2;VRG;SBPA;SBKP;188,00;3
2003;2;VRG;SBPA;SBBR;625,00;41
2003;2;VRG;SBGO;SBBR;280,00;1
2003;2;VRG;SBBR;SBGR;486,00;274
2003;2;VRG;SBMQ;SBBE;411,00;75
2003;2;VRG;SBBR;SBFL;555,00;9
2003;2;VRG;SBSV;SBGR;588,00;258
2003;2;VRG;SBRJ;SBBH;349,00;119
2003;2;VRG;SBPA;SBSP;417,00;109
2003;2;VRG;SBCT;SBFL;209,00;40
2003;2;VRG;SBGL;SBPA;851,00;9
2003;2;VRG;SBSV;SBGL;496,00;394
2003;2;VRG;SBEG;SBGR;1004,00;509
2003;2;VRG;SBFL;SBGL;386,00;521
2003;2;VRG;SBEG;SBGR;1735,00;536
2003;2;VRG;SBPA;SBFL;454,00;123
2003;2;VRG;SBBR;SBGR;737,00;452
2003;2;VRG;SBGR;SBGL;235,00;36
2003;2;VRG;SBPA;SBBR;1116,00;127
2003;2;VRG;SBBR;SBFZ;842,00;136
2003;2;VRG;SBGL;SBCT;516,00;117
2003;2;VRG;SBRF;SBGL;1013,00;35
2003;2;VRG;SBNF;SBSP;402,00;231
2003;2;VRG;SBRJ;SBVT;368,00;114
2003;2;VRG;SBUL;SBSP;576,00;215
2003;2;VRG;SBSP;SBBR;487,00;434
2003;2;VRG;SBCF;SBGR;668,00;48
2003;2;VRG;SBBR;SBFZ;612,00;54
2003;2;VRG;SBCT;SBKP;295,00;49
2003;2;VRG;SBCT;SBPA;442,00;58
2003;2;VRG;SBBH;SBSP;318,00;1053
2003;2;VRG;SBMQ;SBBE;271,00;11
2003;2;VRG;SBEG;SBGR;1978,00;34
2003;2;VRG;SBGL;SBPA;1081,00;299
2003;2;VRG;SBGL;SBCT;633,00;26
2003;2;VRG;SBSP;SBVT;661,00;347
2003;2;VRG;SBGL;SBPA;595,00;143
2003;2;VRG;SBPA;SBBR;982,00;27
2003;2;VRG;SBGR;SBSV;936,00;39
2003;2;VRG;SBPA;SBRJ;901,00;31
2003;2;VRG;SBSP;SBPS;755,00;5
2003;2;VRG;SBBE;SBBR;801,00;134
2003;2;VRG;SBPA;SBSP;655,00;7
2003;2;VRG;SBRJ;SBKP;271,00;20
2003;2;VRG;SBCF;SBGR;367,00;119
2003;2;VRG;SBGL;SBPA;901,00;1036
2003;2;VRG;SBRJ;SBPA;595,00;10
2003;2;VRG;SBFL;SBSP;488,00;2
2003;2;VRG;SBGR;SBSV;991,00;1091
2003;2;VRG;SBBR;SBGL;422,00;443
2003;2;VRG;SBGR;SBFL;554,00;156
2003;2;VRG;SBKP;SBSP;223,00;1
2003;2;VRG;SBGR;SBCT;139,00;257
2003;2;VRG;SBCT;SBGR;295,00;91
2003;2;VRG;SBGL;SBCT;670,00;274
2003;2;VRG;SBSP;SBVT;508,00;70
2003;2;VRG;SBSP;SBKP;101,00;22
2003;2;VRG;SBGL;SBBR;507,00;126
2003;2;VRG;SBRJ;SBKP;246,00;2699
2003;2;VRG;SBGR;SBGL;546,00;49
2003;2;VRG;SBCT;SBGR;344,00;63
2003;2;VRG;SBRF;SBFZ;359,00;39
2003;2;VRG;SBFL;SBGR;165,00;369
2003;2;VRG;SBCT;SBPA;574,00;412
2003;2;VRG;SBSP;SBBH;489,00;17
2003;2;VRG;SBRF;SBFZ;605,00;6
2003;2;VRG;SBVT;SBRJ;477,00;936
2003;2;VRG;SBSP;SBRJ;309,00;40992
2003;2;VRG;SBSV;SBGL;778,00;26
2003;2;VRG;SBSP;SBBH;556,00;1575
2003;2;VRG;SBBE;SBBR;442,00;884
2003;2;VRG;SBGR;SBCF;525,00;1
2003;2;VRG;SBGO;SBBR;99,00;574
2003;2;VRG;SBRF;SBGL;886,00;127
2003;2;VRG;SBBR;SBFL;936,00;3
2003;2;VRG;SBBR;SBGR;884,00;260
2003;2;VRG;SBPA;SBCT;542,00;3
2003;2;VRG;SBGL;SBSV;584,00;554
2003;2;VRG;SBBH;SBBR;166,00;47
2003;2;VRG;SBCT;SBKP;173,00;164
2003;2;VRG;SBGR;SBPA;655,00;66
2003;2;VRG;SBCT;SBPA;321,00;31
2003;2;VRG;SBBR;SBBH;576,00;2
2003;2;VRG;SBSP;SBNF;271,00;3111
2003;2;VRG;SBPA;SBGR;574,00;170
2003;2;VRG;SBPA;SBFL;349,00;27
2003;2;VRG;SBBR;SBRJ;677,00;52
2003;2;VRG;SBPA;SBKP;498,00;2
2003;2;VRG;SBBH;SBSP;668,00;13
2003;2;VRG;SBBH;SBBR;610,00;249
2003;2;VRG;SBGR;SBPA;417,00;217
2003;2;VRG;SBBR;SBFZ;1033,00;4
2003;2;VRG;SBBR;SBPA;737,00;232
2003;2;VRG;SBBE;SBMQ;361,00;6
2003;2;VRG;SBFL;SBRJ;736,00;38
2003;2;VRG;SBSP;SBFL;488,00;19
2003;2;VRG;SBCT;SBGR;139,00;382
2003;2;VRG;SBRF;SBGL;1151,00;262
2003;2;VRG;SBSP;SBUL;332,00;354
2003;2;VRG;SBBR;SBSV;802,00;20
2003;2;VRG;SBFZ;SBBR;842,00;218
2003;2;VRG;SBSP;SBCT;225,00;2598
2003;2;VRG;SBBR;SBGO;166,00;5
2003;2;VRG;SBUL;SBSP;332,00;260
2003;2;VRG;SBSP;SBCT;295,00;363
2003;2;VRG;SBGR;SBEG;1272,00;26
2003;2;VRG;SBGR;SBGL;397,00;37
2003;2;VRG;SBPA;SBGR;655,00;94
2003;2;VRG;SBSP;SBCT;446,00;1394
2003;2;VRG;SBSP;SBUL;576,00;123
2003;2;VRG;SBGL;SBPA;505,00;350
2003;2;VRG;SBRJ;SBFL;386,00;150
2003;2;VRG;SBVT;SBRJ;267,00;12
2003;2;VRG;SBGR;SBPA;703,00;15
2003;2;VRG;SBCT;SBRJ;516,00;51
2003;2;VRG;SBBR;SBFZ;962,00;10
2003;2;VRG;SBFZ;SBBR;1310,00;97
2003;2;VRG;SBBE;SBBR;983,00;1
2003;2;VRG;SBRJ;SBKP;372,00;57
2003;2;VRG;SBGL;SBFL;567,00;58
2003;2;VRG;SBGR;SBCF;668,00;36
2003;2;VRG;SBBR;SBGL;507,00;145
2003;2;VRG;SBKP;SBBR;607,00;11
2003;2;VRG;SBSP;SBFL;310,00;53
2003;2;VRG;SBRF;SBFZ;165,00;2148
2003;2;VRG;SBBR;SBBE;442,00;1042
2003;2;VRG;SBGL;SBPA;793,00;28
2003;2;VRG;SBFL;SBBR;991,00;23
2003;2;VRG;SBPA;SBGR;745,00;808
2003;2;VRG;SBGL;SBGR;546,00;42
2003;2;VRG;SBSP;SBBR;405,00;1771
2003;2;VRG;SBSP;SBVT;224,00;2754
2003;2;VRG;SBBR;SBBE;583,00;14
2003;2;VRG;SBSV;SBBR;560,00;234
2003;2;VRG;SBSV;SBGR;259,00;2961
2003;2;VRG;SBFL;SBGL;883,00;24
2003;2;VRG;SBFL;SBGR;310,00;114
2003;2;VRG;SBBE;SBMQ;116,00;690
2003;2;VRG;SBBH;SBRJ;299,00;115
2003;2;VRG;SBGO;SBBR;261,00;3
2003;2;VRG;SBCT;SBSP;446,00;1256
2003;2;VRG;SBGL;SBBR;1001,00;13
2003;2;VRG;SBKP;SBCT;173,00;92
2003;2;VRG;SBPA;SBGR;491,00;446
2003;2;VRG;SBPA;SBGL;1081,00;309
2003;2;VRG;SBCT;SBGL;633,00;6
2003;2;VRG;SBGR;SBCT;392,00;4
2003;2;VRG;SBSP;SBPS;481,00;167
2003;2;VRG;SBGO;SBBR;227,00;23
2003;2;VRG;SBBH;SBRJ;399,00;14
2003;2;VRG;SBFZ;SBRF;359,00;59
2003;2;VRG;SBPA;SBRJ;505,00;64
2003;2;VRG;SBGR;SBEG;1735,00;604
2003;2;VRG;SBBH;SBRJ;429,00;5
2003;2;VRG;SBSV;SBRF;554,00;28
2003;2;VRG;SBCT;SBSP;536,00;82
2003;2;VRG;SBFL;SBBR;936,00;1
2003;2;VRG;SBGR;SBCT;536,00;26
2003;2;VRG;SBGL;SBGR;218,00;1147
2003;2;VRG;SBFL;SBBR;763,00;15
2003;2;VRG;SBGL;SBRF;454,00;1096
2003;2;VRG;SBCF;SBGR;318,00;111
2003;2;VRG;SBFL;SBCT;287,00;126
2003;2;VRG;SBCF;SBGR;312,00;48
2003;2;VRG;SBBH;SBSP;367,00;225
2003;2;VRG;SBBR;SBSP;405,00;1207
2003;2;VRG;SBBR;SBBE;983,00;4
2003;2;VRG;SBSP;SBBR;567,00;1092
2003;2;VRG;SBFL;SBGR;664,00;37
2003;2;VRG;SBRJ;SBCT;670,00;156
2003;2;VRG;SBBE;SBMQ;388,00;1
2003;2;VRG;SBFL;SBBR;654,00;57
2003;2;VRG;SBCT;SBFL;287,00;104
2003;2;VRG;SBSP;SBVT;582,00;16
2003;2;VRG;SBBR;SBBH;470,00;217
2003;2;VRG;SBPA;SBSP;703,00;1
2003;2;VRG;SBBR;SBSP;487,00;234
2003;2;VRG;SBRJ;SBFL;567,00;7
2003;2;VRG;SBFL;SBGR;427,00;35
2003;2;VRG;SBBH;SBRJ;454,00;1268
2003;2;VRG;SBBE;SBMQ;411,00;128
2003;2;VRG;SBCT;SBFL;373,00;73
2003;2;VRG;SBSP;SBGO;551,00;3
2003;2;VRG;SBKP;SBRJ;318,00;135
2003;2;VRG;SBUL;SBSP;545,00;4
2003;2;VRG;SBGL;SBBR;727,00;6
2003;2;VRG;SBCT;SBGL;670,00;325
2003;2;VRG;SBGL;SBSV;1151,00;6
2003;2;VRG;SBSV;SBRF;415,00;168
2003;2;VRG;SBBR;SBSV;1018,00;135
2003;2;VRG;SBPA;SBGL;901,00;627
2003;2;VRG;SBGL;SBGR;420,00;4190
2003;2;VRG;SBCT;SBPA;505,00;2
2003;2;VRG;SBBR;SBBE;1248,00;44
2003;2;VRG;SBBR;SBFZ;1092,00;165
2003;2;VRG;SBFL;SBSP;366,00;18
2003;2;VRG;SBFL;SBSP;554,00;43
2003;2;VRG;SBFZ;SBRF;640,00;244
2003;2;VRG;SBSP;SBGO;716,00;1
2003;2;VRG;SBBR;SBKP;607,00;17
2003;2;VRG;SBFL;SBPA;399,00;31
2003;2;VRG;SBBR;SBPA;469,00;897
2003;2;VRG;SBSP;SBPS;858,00;92
2003;2;VRG;SBSP;SBBR;884,00;245
2003;2;VRG;SBBR;SBPA;1116,00;202
2003;2;VRG;SBBH;SBSP;525,00;10
2003;2;VRG;SBGR;SBPA;574,00;213
2003;2;VRG;SBSV;SBGL;1061,00;139
2003;2;VRG;SBGR;SBGL;504,00;1311
2003;2;VRG;SBGL;SBCT;804,00;32
2003;2;VRG;SBGO;SBSP;473,00;1
2003;2;VRG;SBRP;SBSP;352,00;4
2003;2;VRG;SBPA;SBRJ;694,00;4
2003;2;VRG;SBBR;SBRJ;507,00;222
2003;2;VRG;SBRJ;SBFL;696,00;1
2003;2;VRG;SBBH;SBRJ;349,00;86
2003;2;VRG;SBBR;SBGR;648,00;35
2003;2;VRG;SBGR;SBPA;745,00;1135
2003;2;VRG;SBCT;SBSP;421,00;8
2003;2;VRG;SBPA;SBFL;254,00;24
2003;2;VRG;SBPS;SBSP;858,00;72
2003;2;VRG;SBFL;SBGR;524,00;4
2003;2;VRG;SBFZ;SBBR;1092,00;163
2003;2;VRG;SBBE;SBBR;1041,00;207
2003;2;VRG;SBBR;SBPA;1339,00;111
2003;2;VRG;SBCT;SBRJ;633,00;2
2003;2;VRG;SBGL;SBFL;736,00;126
2003;2;VRG;SBBR;SBGR;696,00;13
2003;2;VRG;SBBR;SBSV;560,00;195
2003;2;VRG;SBVT;SBRJ;420,00;38
2003;2;VRG;SBSV;SBBR;1018,00;105
2003;2;VRG;SBGL;SBRF;1088,00;18
2003;2;VRG;SBVT;SBSP;661,00;295
2003;2;VRG;SBFL;SBGR;366,00;100
2003;2;VRG;SBRJ;SBFL;412,00;69
2003;2;VRG;SBRF;SBFZ;492,00;142
2003;2;VRG;SBGL;SBFL;648,00;5
2003;2;VRG;SBGL;SBFL;386,00;821
2003;2;VRG;SBPA;SBBR;859,00;171
2003;2;VRG;SBGR;SBBR;486,00;293
2003;2;VRG;SBRJ;SBVT;91,00;4048
2003;2;VRG;SBCT;SBSP;295,00;210
2003;2;VRG;SBSP;SBBH;428,00;221
2003;2;VRG;SBCT;SBRJ;590,00;7
2003;2;VRG;SBRJ;SBSP;309,00;43134
2003;2;VRG;SBFL;SBRJ;648,00;1
2003;2;VRG;SBGR;SBCT;446,00;80
2003;2;VRG;SBBR;SBRJ;422,00;1215
2003;2;VRG;SBFL;SBGR;488,00;15
2003;2;VRG;SBGL;SBSV;496,00;326
2003;2;VRG;SBKP;SBBR;442,00;10
2003;2;VRG;SBPS;SBSP;661,00;57
2003;2;VRG;SBSP;SBNF;521,00;766
2003;2;VRG;SBRJ;SBKP;483,00;358
2003;2;VRG;SBGL;SBRF;1013,00;32
2003;2;VRG;SBVT;SBRJ;452,00;8
2003;2;VRG;SBBR;SBFZ;721,00;51
2003;2;VRG;SBBR;SBSV;746,00;86
2003;2;VRG;SBKP;SBRJ;271,00;22
2003;2;VRG;SBGL;SBBR;770,00;350
2003;2;VRG;SBUL;SBSP;507,00;6
2003;2;VRG;SBSV;SBRF;352,00;53
2003;2;VRG;SBSV;SBGR;1050,00;1275
2003;2;VRG;SBGL;SBSV;297,00;1377
2003;2;VRG;SBRJ;SBPA;901,00;10
2003;2;VRG;SBCT;SBGL;804,00;74
2003;2;VRG;SBGR;SBPA;491,00;288
2003;2;VRG;SBBR;SBGO;227,00;17
2003;2;VRG;SBSP;SBVT;436,00;114
2003;2;VRG;SBFL;SBRJ;486,00;15
2003;2;VRG;SBBR;SBPA;859,00;150
2003;2;VRG;SBBR;SBGR;413,00;19
2003;2;VRG;SBFZ;SBBR;612,00;46
2003;2;VRG;SBPA;SBGR;968,00;20
2003;2;VRG;SBFZ;SBRF;492,00;207
2003;2;VRG;SBMQ;SBBE;316,00;68
2003;2;VRG;SBGR;SBCT;250,00;31
2003;2;VRG;SBSP;SBPA;745,00;1097
2003;2;VRG;SBFL;SBPA;429,00;2
2003;2;VRG;SBGL;SBFL;486,00;102
2003;2;VRG;SBRF;SBFZ;422,00;110
2003;2;VRG;SBBR;SBPA;982,00;25
2003;2;VRG;SBVT;SBRJ;91,00;4893
2003;2;VRG;SBPA;SBGL;234,00;3517
2003;2;VRG;SBBE;SBBR;583,00;14
2003;2;VRG;SBCT;SBGL;180,00;1318
2003;2;VRG;SBCT;SBGL;516,00;181
2003;2;VRG;SBRF;SBGL;645,00;140
2003;2;VRG;SBBR;SBSV;417,00;463
2003;2;VRG;SBFZ;SBRF;562,00;24
2003;2;VRG;SBBR;SBBE;1041,00;175
2003;2;VRG;SBSP;SBPA;417,00;56
2003;2;VRG;SBSV;SBBR;417,00;433
2003;2;VRG;SBFL;SBCT;373,00;20
2003;2;VRG;SBRJ;SBFL;736,00;34
2003;2;VRG;SBPA;SBRJ;595,00;1
2003;2;VRG;SBCT;SBSP;344,00;545
2003;2;VRG;SBNF;SBSP;492,00;5
2003;2;VRG;SBRF;SBSV;593,00;10
2003;2;VRG;SBKP;SBRJ;372,00;125
2003;2;VRG;SBCT;SBRJ;804,00;2
2003;2;VRG;SBPS;SBSP;300,00;210
2003;2;VRG;SBGR;SBBR;884,00;282
2003;2;VRG;SBFL;SBRJ;567,00;5
2003;2;VRG;SBSP;SBUL;507,00;4
2003;2;VRG;SBGL;SBPA;234,00;3550
2003;2;VRG;SBFL;SBRJ;412,00;41
2003;2;VRG;SBSP;SBFL;524,00;1
2003;2;VRG;SBRF;SBFZ;769,00;16
2003;2;VRG;SBVT;SBSP;224,00;2529
2003;2;VRG;SBGR;SBEG;1366,00;30
2003;2;VRG;SBCT;SBGL;590,00;41
2003;2;VRG;SBGR;SBEG;1113,00;325
2003;2;VRG;SBCT;SBPA;379,00;93
2003;2;VRG;SBSP;SBNF;459,00;24
2003;2;VRG;SBGR;SBCF;556,00;75
2003;2;VRG;SBGR;SBBR;567,00;261
2003;2;VRG;SBRJ;SBBR;592,00;302
2003;2;VRG;SBSP;SBRP;352,00;5
2003;2;VRG;SBCF;SBGR;556,00;75
2003;2;VRG;SBBR;SBSP;567,00;506
2003;2;VRG;SBPA;SBSP;574,00;227
2003;2;VRG;SBFL;SBBR;511,00;9
2003;2;VRG;SBKP;SBSP;142,00;1
2003;2;VRG;SBPA;SBCT;379,00;85
2003;2;VRG;SBFZ;SBBR;721,00;68
2003;2;VRG;SBGR;SBBR;405,00;245
2003;2;VRG;SBFL;SBBR;872,00;3
2003;2;VRG;SBGL;SBGR;397,00;33
2003;2;VRG;SBRJ;SBKP;426,00;3
2003;2;VRG;SBRJ;SBBR;422,00;1576
2003;2;VRG;SBGL;SBSV;835,00;13
2003;2;VRG;SBFL;SBPA;108,00;2578
2003;2;VRG;SBGL;SBRF;886,00;177
2003;2;VRG;SBEG;SBGR;1272,00;59
2003;2;VRG;SBFL;SBGR;554,00;47
2003;2;VRG;SBCT;SBPA;146,00;1669
2003;2;VRG;SBSP;SBVT;625,00;4
2003;2;VRG;SBGL;SBRF;1381,00;212
2003;2;VRG;SBGR;SBSV;259,00;1827
2003;2;VRG;SBRJ;SBVT;420,00;29
2003;2;VRG;SBKP;SBRJ;483,00;358
2003;2;VRG;SBSP;SBPA;491,00;272
2003;2;VRG;SBBR;SBSV;654,00;423
2003;2;VRG;SBEG;SBGR;1113,00;178
2003;2;VRG;SBBR;SBGO;280,00;1
2003;2;VRG;SBSV;SBBR;654,00;211
2003;2;VRG;SBPA;SBBR;1055,00;1
2003;2;VRG;SBFL;SBPA;299,00;73
2003;2;VRG;SBBE;SBMQ;492,00;7
2003;2;VRG;SBGR;SBBR;696,00;11
2003;2;VRG;SBSP;SBBH;318,00;1157
2003;2;VRG;SBGL;SBFL;412,00;113
2003;2;VRG;SBBR;SBGO;261,00;1
2003;2;VRG;SBRJ;SBCT;180,00;876
2003;2;VRG;SBRF;SBSV;628,00;380
2003;2;VRG;SBCT;SBGL;375,00;68
2003;2;VRG;SBGR;SBCT;421,00;2
2003;2;VRG;SBRJ;SBBH;429,00;4
2003;2;VRG;SBSV;SBGR;1260,00;422
2003;2;VRG;SBCT;SBRJ;670,00;327
2003;2;VRG;SBSP;SBRP;399,00;109
2003;2;VRG;SBBR;SBBH;99,00;67
2003;2;VRG;SBGL;SBRF;645,00;134
2003;2;VRG;SBGR;SBBR;648,00;31
2003;2;VRG;SBBR;SBFZ;630,00;707
2003;2;VRG;SBRJ;SBVT;267,00;18
2003;2;VRG;SBPA;SBCT;321,00;27
2003;2;VRG;SBGL;SBCT;375,00;74
2003;2;VRG;SBGL;SBRF;760,00;145
2003;2;VRG;SBGR;SBFL;310,00;110
2003;2;VRG;SBBR;SBSP;696,00;14
2003;2;VRG;SBGL;SBSV;1061,00;201
2003;2;VRG;SBBE;SBMQ;316,00;108
2003;2;VRG;SBSP;SBCT;392,00;19
2003;2;VRG;SBCF;SBGR;489,00;19
2003;2;VRG;SBBR;SBFL;511,00;7
2003;2;VRG;SBFZ;SBRF;769,00;8
2003;2;VRG;SBSP;SBPA;574,00;221
2003;2;VRG;SBGR;SBFL;366,00;227
2003;2;VRG;SBVT;SBSP;625,00;2
2003;2;VRG;SBKP;SBPA;498,00;6
2003;2;VRG;SBPA;SBBR;469,00;1034
2003;2;VRG;SBSP;SBFL;165,00;1251
2003;2;VRG;SBGL;SBFL;883,00;32
2003;2;VRG;SBRF;SBGL;1088,00;5
2003;2;VRG;SBCT;SBGR;250,00;57
2003;2;VRG;SBPA;SBCT;442,00;88
2003;2;VRG;SBPA;SBSP;491,00;143
2003;2;VRG;SBSP;SBGO;167,00;13
2003;2;VRG;SBBR;SBBE;801,00;90
2003;2;VRG;SBGL;SBBR;431,00;48
2003;2;VRG;SBBH;SBBR;99,00;86
2003;2;VRG;SBBR;SBGR;567,00;208
2003;2;VRG;SBFL;SBGL;567,00;38
2003;2;VRG;SBPA;SBGR;179,00;3236
2003;2;VRG;SBSV;SBBR;746,00;43
2003;2;VRG;SBFL;SBCT;328,00;1
2003;2;VRG;SBSV;SBGL;297,00;1380
2003;2;VRG;SBGO;SBSP;551,00;2
2003;2;VRG;SBPA;SBCT;505,00;2
2003;2;VRG;SBGR;SBSV;693,00;433
2003;2;VRG;SBPA;SBCT;574,00;259
2003;2;VRG;SBGL;SBGR;371,00;36
2003;2;VRG;SBCT;SBGR;421,00;5
2003;2;VRG;SBPS;SBSP;481,00;139
2003;2;VRG;SBSP;SBBR;648,00;125
2003;2;VRG;SBRJ;SBCT;633,00;1
2003;2;VRG;SBFZ;SBBR;962,00;9
2003;2;VRG;SBBH;SBRJ;274,00;178
2003;2;VRG;SBRF;SBSV;754,00;41
2003;2;VRG;SBSP;SBBR;737,00;1446
2003;2;VRG;SBGR;SBGL;420,00;7174
2003;2;VRG;SBCF;SBGR;525,00;13
2003;2;VRG;SBGR;SBBR;737,00;505
2003;2;VRG;SBGR;SBFL;427,00;73
2003;2;VRG;SBSP;SBPA;893,00;19
2003;2;VRG;SBRJ;SBBR;727,00;5
2003;2;VRG;SBBR;SBGL;770,00;594
2003;2;VRG;SBSP;SBCT;421,00;6
2003;2;VRG;SBSP;SBFL;366,00;114
2003;2;VRG;SBPA;SBBR;675,00;88
2003;2;VRG;SBKP;SBRJ;457,00;2
2003;2;VRG;SBGL;SBFL;696,00;2
2003;2;VRG;SBGL;SBSV;682,00;377
2003;2;VRG;SBFL;SBGL;736,00;133
2003;2;VRG;SBSP;SBNF;402,00;200
2003;2;VRG;SBRJ;SBPA;505,00;18
2003;2;VRG;SBBR;SBBE;686,00;69
2003;2;VRG;SBBR;SBGL;431,00;31
2003;2;VRG;SBPA;SBGL;694,00;117
2003;2;VRG;SBBR;SBSP;737,00;882
2003;2;VRG;SBSV;SBBR;848,00;105
2003;2;VRG;SBCT;SBKP;392,00;1
2003;2;VRG;SBKP;SBCT;295,00;39
2003;2;VRG;SBSV;SBRF;593,00;4
2003;2;VRG;SBFL;SBPA;349,00;23
2003;2;VRG;SBRP;SBSP;399,00;51
2003;2;VRG;SBFL;SBRJ;386,00;153
2003;2;VRG;SBBH;SBBR;470,00;258
2003;2;VRG;SBSV;SBRF;754,00;70
2003;2;VRG;SBBR;SBRJ;770,00;1931
2003;2;VRG;SBKP;SBRJ;426,00;14
2003;2;VRG;SBFZ;SBBR;630,00;912
2003;2;VRG;SBFL;SBBR;555,00;8
2003;2;VRG;SBGR;SBFL;488,00;19
2003;2;VRG;SBBR;SBPA;675,00;79
2003;2;VRG;SBSP;SBBR;696,00;29
2003;2;VRG;SBBR;SBSP;413,00;81
2003;2;VRG;SBGL;SBSV;778,00;29
2003;2;VRG;SBCT;SBFL;246,00;360
2003;2;VRG;SBCF;SBGR;428,00;98
2003;2;VRG;SBBR;SBSV;848,00;385
2003;2;VRG;SBSP;SBCT;250,00;89
2003;2;VRG;SBBR;SBSP;884,00;133
2003;2;VRG;SBBR;SBRJ;592,00;308
2003;2;VRG;SBBH;SBSP;312,00;107
2003;2;VRG;SBSV;SBBR;475,00;20
2003;2;VRG;SBRJ;SBBH;254,00;44
2003;2;VRG;SBGO;SBBR;296,00;120
2003;2;VRG;SBEG;SBGR;853,00;103
2003;2;VRG;SBCT;SBKP;446,00;95
2003;2;VRG;SBCT;SBKP;344,00;49
2003;2;VRG;SBBR;SBKP;521,00;11
2003;2;VRG;SBCT;SBSP;250,00;60
2003;2;VRG;SBPA;SBSP;893,00;13
2003;2;VRG;SBKP;SBSP;101,00;63
2003;2;VRG;SBBR;SBBH;536,00;18
2003;2;VRG;SBRJ;SBBH;299,00;153
2003;2;VRG;SBBR;SBBH;166,00;34
2003;2;VRG;SBGR;SBEG;853,00;115
2003;2;VRG;SBFL;SBSP;664,00;16
2003;2;VRG;SBGR;SBFL;524,00;3
2003;2;VRG;SBSV;SBRF;484,00;143
2003;2;VRG;SBFZ;SBRF;165,00;1865
2003;2;VRG;SBBR;SBGO;296,00;105
2003;2;VRG;SBCT;SBRJ;442,00;45
2003;2;VRG;SBGR;SBGL;218,00;720
2003;2;VRG;SBSV;SBGR;993,00;12
2003;2;VRG;SBPA;SBGL;793,00;13
2003;2;VRG;SBVT;SBSP;582,00;7
2003;2;VRG;SBBR;SBKP;442,00;3
2003;2;VRG;SBGL;SBCT;180,00;2238
2003;2;VRG;SBNF;SBSP;459,00;33
2003;2;VRG;SBFL;SBCT;246,00;149
2003;2;VRG;SBKP;SBBR;789,00;17
2003;2;VRG;SBKP;SBRJ;246,00;2357
2003;2;VRG;SBSP;SBGO;473,00;1
2003;2;VRG;SBPA;SBFL;299,00;97
2003;2;VRG;SBFL;SBGL;486,00;62
2003;2;VRG;SBEG;SBGR;1366,00;14
2003;2;VRG;SBBR;SBKP;694,00;2
2003;2;VRG;SBGR;SBPA;179,00;2468
2003;2;VRG;SBRJ;SBCT;442,00;74
2003;2;VRG;SBFL;SBSP;165,00;252
2003;2;VRG;SBSP;SBBH;312,00;154
2003;2;VRG;SBRJ;SBBR;431,00;24
2003;2;VRG;SBBR;SBFL;763,00;22
2003;2;VRG;SBSP;SBCT;536,00;25
2003;2;VRG;SBFL;SBGL;412,00;105
2003;2;VRG;SBSP;SBNF;344,00;204
2003;2;VRG;SBFL;SBCT;209,00;28
2003;2;VRG;SBBR;SBRJ;431,00;18
2003;2;VRG;SBSP;SBBH;668,00;8
2003;2;VRG;SBGL;SBCT;442,00;195
2003;2;VRG;SBPA;SBFL;108,00;1288
2003;2;VRG;SBRJ;SBPA;234,00;75
2003;2;VRG;SBPA;SBCT;146,00;1629
2003;2;VRG;SBKP;SBCT;392,00;3
2003;2;VRG;SBCT;SBPA;689,00;20
2003;2;VRG;SBSP;SBFL;664,00;1
2003;2;VRG;SBGL;SBBR;592,00;238
2003;2;VRG;SBCT;SBRJ;180,00;898
2003;2;VRG;SBGO;SBBR;166,00;18
2003;2;VRG;SBPA;SBBR;1339,00;128
2003;2;VRG;SBRF;SBSV;352,00;93
2003;2;VRG;SBGL;SBBR;677,00;18
2003;2;VRG;SBRJ;SBCT;516,00;75
2003;2;VRG;SBFL;SBGL;696,00;4
2003;2;VRG;SBFL;SBPA;545,00;18
2003;2;VRG;SBRJ;SBKP;318,00;71
2003;2;VRG;SBRJ;SBFL;648,00;2
2003;2;VRG;SBRP;SBSP;241,00;4
2003;2;VRG;SBBR;SBKP;789,00;24
2003;2;VRG;SBGR;SBEG;1004,00;646
2003;2;VRG;SBSP;SBKP;185,00;7
2003;2;VRG;SBGL;SBBR;923,00;254
2003;2;VRG;SBPA;SBSP;745,00;684
2003;2;VRG;SBBR;SBBH;610,00;205
2003;2;VRG;SBGL;SBPA;694,00;192
2003;2;VRG;SBCT;SBGR;536,00;67
2003;2;VRG;SBBR;SBGL;1001,00;28
2003;2;VRG;SBGR;SBCF;318,00;104
2003;2;VRG;SBSP;SBPS;661,00;52
2003;2;VRG;SBGR;SBCF;312,00;64
2003;2;VRG;SBRJ;SBPA;694,00;6
2003;2;VRG;SBPA;SBGL;505,00;361
2003;2;VRG;SBRJ;SBBR;770,00;1246
2003;2;VRG;SBKP;SBBR;694,00;6
2003;2;VRG;SBVT;SBSP;370,00;35
2003;2;VRG;SBNF;SBSP;344,00;280
2003;2;VRG;SBSP;SBBH;525,00;3
2003;2;VRG;SBGL;SBBR;422,00;403
2003;2;VRG;SBRJ;SBVT;477,00;931
2003;2;VRG;SBSV;SBGR;808,00;345
2003;2;VRG;SBPA;SBBR;737,00;195
2003;2;VRG;SBRJ;SBBH;274,00;178
2003;2;VRG;SBRJ;SBBH;454,00;1544
2003;2;VRG;SBVT;SBSP;508,00;78
2003;2;VRG;SBBR;SBGL;727,00;11
2003;2;VRG;SBRF;SBFZ;640,00;321
2003;2;VRG;SBSP;SBFL;554,00;533
2003;2;VRG;SBGR;SBSV;1189,00;329
2003;2;VRG;SBBE;SBBR;916,00;9
2003;2;VRG;SBGR;SBCF;489,00;6
2003;2;VRG;SBGL;SBGR;235,00;84
2003;2;VRG;SBRJ;SBVT;452,00;8
2003;2;VRG;SBMQ;SBBE;492,00;4
2003;2;VRG;SBNF;SBSP;271,00;2127
2003;2;VRG;SBGL;SBGR;324,00;236
2003;2;VSP;SBCT;SBBR;652,00;2
2003;2;VSP;SBSV;SBRF;339,00;183
2003;2;VSP;SBCF;SBGR;297,00;88
2003;2;VSP;SBBH;SBSP;355,00;35
2003;2;VSP;SBGR;SBEG;368,00;279
2003;2;VSP;SBBE;SBBR;566,00;23
2003;2;VSP;SBBR;SBSV;543,00;437
2003;2;VSP;SBBR;SBGR;530,00;10
2003;2;VSP;SBCT;SBSP;108,00;922
2003;2;VSP;SBGR;SBPA;411,00;113
2003;2;VSP;SBCT;SBGL;428,00;20
2003;2;VSP;SBBR;SBFZ;549,00;91
2003;2;VSP;SBRF;SBGL;955,00;54
2003;2;VSP;SBGL;SBGR;341,00;26
2003;2;VSP;SBGO;SBSP;473,00;79
2003;2;VSP;SBBR;SBCF;392,00;144
2003;2;VSP;SBSV;SBRF;109,00;2897
2003;2;VSP;SBPA;SBBR;338,00;266
2003;2;VSP;SBBR;SBGO;216,00;5
2003;2;VSP;SBBR;SBFZ;1092,00;75
2003;2;VSP;SBSP;SBPA;160,00;881
2003;2;VSP;SBBR;SBBE;286,00;1709
2003;2;VSP;SBBR;SBPA;465,00;21
2003;2;VSP;SBMQ;SBBE;192,00;26
2003;2;VSP;SBFZ;SBBR;786,00;7
2003;2;VSP;SBBR;SBBH;165,00;1660
2003;2;VSP;SBCF;SBBR;165,00;985
2003;2;VSP;SBBH;SBBR;493,00;1
2003;2;VSP;SBGL;SBRF;760,00;73
2003;2;VSP;SBGL;SBSV;782,00;98
2003;2;VSP;SBBR;SBSV;354,00;216
2003;2;VSP;SBGR;SBSV;322,00;440
2003;2;VSP;SBBR;SBGR;165,00;1265
2003;2;VSP;SBFZ;SBRF;619,00;69
2003;2;VSP;SBRF;SBFZ;409,00;176
2003;2;VSP;SBBR;SBFZ;602,00;290
2003;2;VSP;SBSP;SBBR;385,00;108
2003;2;VSP;SBBR;SBBH;493,00;16
2003;2;VSP;SBSV;SBBR;723,00;33
2003;2;VSP;SBBE;SBMQ;192,00;26
2003;2;VSP;SBBR;SBGL;579,00;18
2003;2;VSP;SBPA;SBGR;619,00;3
2003;2;VSP;SBGL;SBRF;829,00;17
2003;2;VSP;SBGR;SBSV;232,00;3421
2003;2;VSP;SBBR;SBSV;592,00;75
2003;2;VSP;SBPA;SBGL;447,00;3
2003;2;VSP;SBSP;SBGO;473,00;63
2003;2;VSP;SBBR;SBBE;803,00;1
2003;2;VSP;SBCF;SBGR;473,00;1
2003;2;VSP;SBCT;SBGR;108,00;1345
2003;2;VSP;SBBR;SBFZ;786,00;34
2003;2;VSP;SBGL;SBBR;752,00;173
2003;2;VSP;SBGR;SBBR;736,00;379
2003;2;VSP;SBSV;SBBR;408,00;181
2003;2;VSP;SBBR;SBSV;822,00;260
2003;2;VSP;SBGR;SBBR;648,00;2
2003;2;VSP;SBPA;SBBR;983,00;1
2003;2;VSP;SBKP;SBBR;497,00;1
2003;2;VSP;SBGR;SBCT;192,00;91
2003;2;VSP;SBGL;SBCT;357,00;41
2003;2;VSP;SBGR;SBSV;694,00;492
2003;2;VSP;SBGL;SBGR;368,00;1
2003;2;VSP;SBBR;SBCT;500,00;25
2003;2;VSP;SBBR;SBGL;662,00;9
2003;2;VSP;SBGO;SBBR;231,00;1
2003;2;VSP;SBSV;SBBR;316,00;879
2003;2;VSP;SBCF;SBGR;447,00;6
2003;2;VSP;SBBH;SBSP;387,00;2
2003;2;VSP;SBSV;SBGR;757,00;79
2003;2;VSP;SBBR;SBGO;70,00;1766
2003;2;VSP;SBKP;SBGL;134,00;94
2003;2;VSP;SBGL;SBRF;408,00;1585
2003;2;VSP;SBGR;SBEG;1525,00;34
2003;2;VSP;SBGR;SBEG;688,00;43
2003;2;VSP;SBFL;SBGR;276,00;5
2003;2;VSP;SBGR;SBFL;246,00;19
2003;2;VSP;SBGR;SBFL;492,00;2
2003;2;VSP;SBCT;SBGR;394,00;1
2003;2;VSP;SBGL;SBKP;468,00;10
2003;2;VSP;SBRF;SBSV;613,00;83
2003;2;VSP;SBSP;SBCT;323,00;3
2003;2;VSP;SBGL;SBSV;738,00;61
2003;2;VSP;SBBR;SBBH;594,00;82
2003;2;VSP;SBBE;SBMQ;317,00;3
2003;2;VSP;SBBR;SBGR;611,00;3
2003;2;VSP;SBGL;SBSV;587,00;380
2003;2;VSP;SBPA;SBGL;187,00;2022
2003;2;VSP;SBSV;SBGL;738,00;7
2003;2;VSP;SBGR;SBEG;889,00;20
2003;2;VSP;SBRF;SBFZ;446,00;9
2003;2;VSP;SBSV;SBRF;289,00;18
2003;2;VSP;SBBR;SBKP;753,00;3
2003;2;VSP;SBCF;SBBR;457,00;5
2003;2;VSP;SBSP;SBGO;717,00;45
2003;2;VSP;SBCT;SBGL;649,00;29
2003;2;VSP;SBBR;SBCF;293,00;26
2003;2;VSP;SBBR;SBCF;339,00;44
2003;2;VSP;SBBR;SBSP;736,00;452
2003;2;VSP;SBSP;SBBH;297,00;87
2003;2;VSP;SBGR;SBSV;925,00;38
2003;2;VSP;SBFZ;SBBR;961,00;12
2003;2;VSP;SBSP;SBBH;387,00;1
2003;2;VSP;SBBE;SBBR;286,00;1903
2003;2;VSP;SBGL;SBBR;167,00;1805
2003;2;VSP;SBBE;SBMQ;342,00;2
2003;2;VSP;SBGL;SBCT;428,00;43
2003;2;VSP;SBSV;SBBR;592,00;37
2003;2;VSP;SBCF;SBBR;339,00;64
2003;2;VSP;SBPA;SBGR;160,00;1646
2003;2;VSP;SBGR;SBEG;1007,00;31
2003;2;VSP;SBKP;SBGL;208,00;9
2003;2;VSP;SBBR;SBPA;338,00;179
2003;2;VSP;SBCT;SBBR;500,00;11
2003;2;VSP;SBGL;SBPA;396,00;58
2003;2;VSP;SBRF;SBFZ;135,00;1679
2003;2;VSP;SBGL;SBBR;317,00;152
2003;2;VSP;SBSP;SBCT;108,00;911
2003;2;VSP;SBSP;SBPA;492,00;12
2003;2;VSP;SBFL;SBGR;492,00;13
2003;2;VSP;SBSV;SBGR;232,00;3476
2003;2;VSP;SBCT;SBPA;573,00;2
2003;2;VSP;SBSV;SBBR;633,00;29
2003;2;VSP;SBEG;SBGR;1342,00;25
2003;2;VSP;SBGL;SBSV;420,00;92
2003;2;VSP;SBGL;SBPA;187,00;1992
2003;2;VSP;SBRF;SBGL;586,00;57
2003;2;VSP;SBFZ;SBRF;250,00;172
2003;2;VSP;SBFL;SBGR;142,00;635
2003;2;VSP;SBGL;SBSV;348,00;467
2003;2;VSP;SBBR;SBKP;415,00;1
2003;2;VSP;SBCT;SBGR;221,00;36
2003;2;VSP;SBGR;SBCF;139,00;316
2003;2;VSP;SBFL;SBGR;369,00;35
2003;2;VSP;SBGR;SBSV;809,00;81
2003;2;VSP;SBGR;SBGL;443,00;123
2003;2;VSP;SBBR;SBCT;427,00;5
2003;2;VSP;SBBR;SBFZ;841,00;8
2003;2;VSP;SBGR;SBPA;746,00;167
2003;2;VSP;SBSP;SBCT;345,00;2
2003;2;VSP;SBBR;SBKP;497,00;1
2003;2;VSP;SBGL;SBGR;443,00;97
2003;2;VSP;SBGR;SBSV;872,00;43
2003;2;VSP;SBGL;SBPA;447,00;10
2003;2;VSP;SBRF;SBSV;289,00;20
2003;2;VSP;SBBE;SBBR;803,00;19
2003;2;VSP;SBPA;SBGL;595,00;8
2003;2;VSP;SBCT;SBPA;315,00;4
2003;2;VSP;SBGL;SBSV;640,00;62
2003;2;VSP;SBEG;SBGR;1098,00;1
2003;2;VSP;SBCF;SBBR;493,00;3
2003;2;VSP;SBBH;SBSP;139,00;3413
2003;2;VSP;SBSP;SBBH;139,00;3811
2003;2;VSP;SBCT;SBSP;192,00;66
2003;2;VSP;SBBR;SBSV;723,00;45
2003;2;VSP;SBGL;SBBR;624,00;7
2003;2;VSP;SBPA;SBSP;160,00;790
2003;2;VSP;SBCF;SBGR;414,00;13
2003;2;VSP;SBBR;SBPA;616,00;24
2003;2;VSP;SBBR;SBKP;358,00;5
2003;2;VSP;SBRF;SBSV;109,00;2983
2003;2;VSP;SBCT;SBBR;797,00;1
2003;2;VSP;SBBR;SBCT;369,00;46
2003;2;VSP;SBCT;SBSP;247,00;34
2003;2;VSP;SBCF;SBBR;594,00;42
2003;2;VSP;SBSV;SBGR;925,00;61
2003;2;VSP;SBGR;SBPA;160,00;1450
2003;2;VSP;SBMQ;SBBE;297,00;4
2003;2;VSP;SBSP;SBBR;736,00;307
2003;2;VSP;SBKP;SBGL;258,00;8
2003;2;VSP;SBBR;SBBE;918,00;3
2003;2;VSP;SBCT;SBGR;372,00;10
2003;2;VSP;SBGR;SBBR;415,00;153
2003;2;VSP;SBBH;SBBR;165,00;909
2003;2;VSP;SBGL;SBKP;134,00;115
2003;2;VSP;SBFL;SBGR;559,00;159
2003;2;VSP;SBSV;SBGL;420,00;39
2003;2;VSP;SBBR;SBGO;195,00;189
2003;2;VSP;SBBR;SBSP;567,00;43
2003;2;VSP;SBGL;SBCT;300,00;27
2003;2;VSP;SBBH;SBBR;293,00;83
2003;2;VSP;SBSV;SBBR;543,00;499
2003;2;VSP;SBBR;SBGL;317,00;130
2003;2;VSP;SBRF;SBGL;1151,00;159
2003;2;VSP;SBGR;SBCT;296,00;67
2003;2;VSP;SBGL;SBBR;496,00;185
2003;2;VSP;SBRF;SBSV;472,00;1
2003;2;VSP;SBBR;SBFZ;961,00;2
2003;2;VSP;SBCT;SBPA;122,00;96
2003;2;VSP;SBCT;SBGL;467,00;6
2003;2;VSP;SBGR;SBBR;530,00;61
2003;2;VSP;SBCT;SBGL;357,00;39
2003;2;VSP;SBMQ;SBBE;92,00;1327
2003;2;VSP;SBPA;SBSP;411,00;49
2003;2;VSP;SBGR;SBCF;269,00;15
2003;2;VSP;SBSP;SBBH;414,00;2
2003;2;VSP;SBBR;SBBE;688,00;151
2003;2;VSP;SBRF;SBSV;405,00;188
2003;2;VSP;SBBR;SBGR;486,00;302
2003;2;VSP;SBSP;SBRJ;163,00;22823
2003;2;VSP;SBPA;SBGR;411,00;127
2003;2;VSP;SBCT;SBSP;448,00;92
2003;2;VSP;SBCF;SBGR;269,00;14
2003;2;VSP;SBEG;SBGR;1007,00;49
2003;2;VSP;SBGR;SBPA;574,00;3
2003;2;VSP;SBPA;SBGR;537,00;8
2003;2;VSP;SBPA;SBGL;901,00;96
2003;2;VSP;SBBR;SBSP;486,00;483
2003;2;VSP;SBBR;SBSV;316,00;1044
2003;2;VSP;SBBR;SBSP;530,00;11
2003;2;VSP;SBSV;SBBR;682,00;2
2003;2;VSP;SBSP;SBBR;165,00;1593
2003;2;VSP;SBPA;SBSP;746,00;71
2003;2;VSP;SBGR;SBCF;447,00;1
2003;2;VSP;SBCT;SBGR;192,00;130
2003;2;VSP;SBPA;SBGL;793,00;1
2003;2;VSP;SBRF;SBFZ;619,00;102
2003;2;VSP;SBSP;SBBH;355,00;76
2003;2;VSP;SBFZ;SBBR;841,00;2
2003;2;VSP;SBGL;SBSV;685,00;71
2003;2;VSP;SBGR;SBCT;221,00;14
2003;2;VSP;SBBR;SBSV;682,00;33
2003;2;VSP;SBMQ;SBBE;412,00;99
2003;2;VSP;SBRF;SBSV;441,00;9
2003;2;VSP;SBRF;SBFZ;291,00;3
2003;2;VSP;SBBH;SBBR;457,00;5
2003;2;VSP;SBSP;SBBH;269,00;21
2003;2;VSP;SBSV;SBGL;348,00;566
2003;2;VSP;SBCF;SBGR;387,00;8
2003;2;VSP;SBKP;SBBR;358,00;10
2003;2;VSP;SBSP;SBBR;415,00;85
2003;2;VSP;SBRF;SBFZ;477,00;9
2003;2;VSP;SBGL;SBCT;142,00;846
2003;2;VSP;SBMQ;SBBE;272,00;77
2003;2;VSP;SBSP;SBPA;213,00;115
2003;2;VSP;SBKP;SBBR;178,00;34
2003;2;VSP;SBFL;SBGR;310,00;79
2003;2;VSP;SBBR;SBCF;457,00;4
2003;2;VSP;SBBR;SBKP;178,00;37
2003;2;VSP;SBSV;SBRF;441,00;2
2003;2;VSP;SBMQ;SBBE;342,00;1
2003;2;VSP;SBBR;SBCT;259,00;209
2003;2;VSP;SBCT;SBPA;249,00;1
2003;2;VSP;SBSV;SBGR;322,00;296
2003;2;VSP;SBBR;SBGR;648,00;1
2003;2;VSP;SBBR;SBSV;633,00;37
2003;2;VSP;SBBR;SBSV;454,00;419
2003;2;VSP;SBBR;SBGO;249,00;1
2003;2;VSP;SBEG;SBGR;1525,00;75
2003;2;VSP;SBSV;SBRF;613,00;121
2003;2;VSP;SBRF;SBSV;248,00;191
2003;2;VSP;SBRF;SBGL;760,00;48
2003;2;VSP;SBGR;SBSV;1051,00;514
2003;2;VSP;SBBR;SBSV;408,00;191
2003;2;VSP;SBEG;SBGR;889,00;19
2003;2;VSP;SBKP;SBGL;360,00;3
2003;2;VSP;SBPA;SBBR;465,00;24
2003;2;VSP;SBGL;SBCT;339,00;5
2003;2;VSP;SBBR;SBGR;736,00;154
2003;2;VSP;SBFZ;SBRF;135,00;1522
2003;2;VSP;SBBE;SBMQ;412,00;51
2003;2;VSP;SBSP;SBBR;567,00;5
2003;2;VSP;SBBE;SBMQ;272,00;68
2003;2;VSP;SBBE;SBBR;620,00;63
2003;2;VSP;SBGO;SBBR;300,00;106
2003;2;VSP;SBGR;SBCF;414,00;1
2003;2;VSP;SBPA;SBBR;616,00;28
2003;2;VSP;SBRF;SBFZ;341,00;172
2003;2;VSP;SBGO;SBBR;216,00;8
2003;2;VSP;SBCT;SBBR;369,00;16
2003;2;VSP;SBBR;SBCF;428,00;1
2003;2;VSP;SBEG;SBGR;688,00;34
2003;2;VSP;SBGL;SBBR;662,00;3
2003;2;VSP;SBCT;SBGR;345,00;2
2003;2;VSP;SBGL;SBKP;258,00;38
2003;2;VSP;SBGR;SBEG;780,00;4
2003;2;VSP;SBSP;SBBR;648,00;2
2003;2;VSP;SBGR;SBFL;276,00;13
2003;2;VSP;SBEG;SBGR;780,00;6
2003;2;VSP;SBBE;SBBR;688,00;101
2003;2;VSP;SBGL;SBRF;886,00;29
2003;2;VSP;SBFZ;SBRF;446,00;6
2003;2;VSP;SBCT;SBSP;372,00;4
2003;2;VSP;SBEG;SBGR;368,00;627
2003;2;VSP;SBGR;SBSV;757,00;68
2003;2;VSP;SBGL;SBRF;955,00;72
2003;2;VSP;SBBR;SBCF;594,00;17
2003;2;VSP;SBGR;SBFL;310,00;62
2003;2;VSP;SBSV;SBGR;809,00;77
2003;2;VSP;SBGO;SBBR;249,00;9
2003;2;VSP;SBBR;SBGL;413,00;65
2003;2;VSP;SBBR;SBSP;415,00;233
2003;2;VSP;SBCT;SBGL;142,00;659
2003;2;VSP;SBBR;SBGR;385,00;31
2003;2;VSP;SBCT;SBSP;221,00;24
2003;2;VSP;SBBE;SBBR;1043,00;133
2003;2;VSP;SBBR;SBFZ;721,00;51
2003;2;VSP;SBFL;SBGR;402,00;4
2003;2;VSP;SBSP;SBGO;595,00;1
2003;2;VSP;SBGR;SBCT;247,00;45
2003;2;VSP;SBSV;SBRF;539,00;1
2003;2;VSP;SBGO;SBSP;516,00;1
2003;2;VSP;SBGL;SBRF;549,00;256
2003;2;VSP;SBCT;SBBR;259,00;127
2003;2;VSP;SBGR;SBBR;611,00;19
2003;2;VSP;SBGL;SBRF;586,00;32
2003;2;VSP;SBCT;SBBR;598,00;50
2003;2;VSP;SBBH;SBBR;594,00;78
2003;2;VSP;SBFL;SBGR;246,00;24
2003;2;VSP;SBSP;SBPA;411,00;36
2003;2;VSP;SBFL;SBGR;430,00;3
2003;2;VSP;SBGL;SBSV;489,00;648
2003;2;VSP;SBCT;SBBR;427,00;2
2003;2;VSP;SBGR;SBFL;142,00;580
2003;2;VSP;SBSV;SBGL;685,00;8
2003;2;VSP;SBPA;SBCT;378,00;2
2003;2;VSP;SBCT;SBBR;752,00;1
2003;2;VSP;SBGR;SBCF;355,00;24
2003;2;VSP;SBPA;SBSP;492,00;5
2003;2;VSP;SBSV;SBRF;248,00;143
2003;2;VSP;SBSP;SBBR;486,00;160
2003;2;VSP;SBBR;SBCF;165,00;569
2003;2;VSP;SBGL;SBRF;633,00;274
2003;2;VSP;SBPA;SBBR;529,00;5
2003;2;VSP;SBBR;SBGL;624,00;9
2003;2;VSP;SBPA;SBGR;492,00;59
2003;2;VSP;SBBE;SBMQ;92,00;1554
2003;2;VSP;SBPA;SBGL;495,00;133
2003;2;VSP;SBSV;SBGL;587,00;577
2003;2;VSP;SBBR;SBBH;339,00;193
2003;2;VSP;SBGL;SBKP;309,00;39
2003;2;VSP;SBCT;SBSP;296,00;25
2003;2;VSP;SBSP;SBGO;355,00;26
2003;2;VSP;SBBR;SBFZ;906,00;9
2003;2;VSP;SBGR;SBGL;292,00;78
2003;2;VSP;SBBE;SBMQ;297,00;1
2003;2;VSP;SBGR;SBBR;165,00;2573
2003;2;VSP;SBRF;SBGL;549,00;315
2003;2;VSP;SBRF;SBGL;408,00;1613
2003;2;VSP;SBSV;SBBR;454,00;418
2003;2;VSP;SBCT;SBGR;296,00;103
2003;2;VSP;SBGL;SBPA;901,00;75
2003;2;VSP;SBBR;SBPA;737,00;45
2003;2;VSP;SBGL;SBGR;319,00;1
2003;2;VSP;SBGR;SBFL;464,00;16
2003;2;VSP;SBRF;SBGL;829,00;27
2003;2;VSP;SBPA;SBGR;574,00;8
2003;2;VSP;SBGL;SBSV;889,00;338
2003;2;VSP;SBGR;SBPA;537,00;7
2003;2;VSP;SBCF;SBBR;428,00;10
2003;2;VSP;SBRF;SBFZ;545,00;1
2003;2;VSP;SBGR;SBCT;108,00;1360
2003;2;VSP;SBFZ;SBRF;409,00;192
2003;2;VSP;SBCF;SBGR;355,00;44
2003;2;VSP;SBBH;SBSP;269,00;41
2003;2;VSP;SBSV;SBBR;354,00;216
2003;2;VSP;SBFZ;SBRF;291,00;4
2003;2;VSP;SBSP;SBPA;746,00;82
2003;2;VSP;SBBH;SBBR;428,00;7
2003;2;VSP;SBGR;SBBR;385,00;95
2003;2;VSP;SBSP;SBPA;366,00;18
2003;2;VSP;SBBR;SBBE;620,00;83
2003;2;VSP;SBBR;SBBH;392,00;237
2003;2;VSP;SBBR;SBGR;415,00;93
2003;2;VSP;SBSP;SBCT;296,00;12
2003;2;VSP;SBBR;SBPA;1117,00;14
2003;2;VSP;SBRF;SBGL;633,00;293
2003;2;VSP;SBSV;SBBR;822,00;235
2003;2;VSP;SBFZ;SBRF;477,00;16
2003;2;VSP;SBSP;SBCT;448,00;82
2003;2;VSP;SBGL;SBBR;413,00;139
2003;2;VSP;SBGR;SBFL;369,00;46
2003;2;VSP;SBMQ;SBBE;229,00;23
2003;2;VSP;SBBE;SBBR;866,00;8
2003;2;VSP;SBGR;SBPA;213,00;122
2003;2;VSP;SBGR;SBGL;163,00;922
2003;2;VSP;SBRJ;SBSP;163,00;21679
2003;2;VSP;SBBR;SBSP;385,00;287
2003;2;VSP;SBCT;SBGR;323,00;21
2003;2;VSP;SBCT;SBGL;539,00;1
2003;2;VSP;SBFZ;SBBR;721,00;91
2003;2;VSP;SBCF;SBBR;392,00;179
2003;2;VSP;SBBE;SBBR;555,00;128
2003;2;VSP;SBGR;SBPA;492,00;29
2003;2;VSP;SBGL;SBCT;500,00;1
2003;2;VSP;SBBR;SBGR;567,00;35
2003;2;VSP;SBBR;SBPA;529,00;13
2003;2;VSP;SBBR;SBBH;457,00;20
2003;2;VSP;SBBR;SBBE;555,00;137
2003;2;VSP;SBGO;SBBR;70,00;1735
2003;2;VSP;SBBR;SBSP;648,00;9
2003;2;VSP;SBCT;SBGR;247,00;95
2003;2;VSP;SBGR;SBCT;448,00;128
2003;2;VSP;SBSP;SBCT;247,00;31
2003;2;VSP;SBGR;SBFL;402,00;2
2003;2;VSP;SBGR;SBCF;387,00;3
2003;2;VSP;SBFZ;SBBR;602,00;285
2003;2;VSP;SBSV;SBGR;578,00;302
2003;2;VSP;SBPA;SBSP;213,00;166
2003;2;VSP;SBCT;SBGL;500,00;1
2003;2;VSP;SBSP;SBBH;538,00;156
2003;2;VSP;SBGR;SBFL;559,00;126
2003;2;VSP;SBCT;SBGL;339,00;7
2003;2;VSP;SBSV;SBGL;266,00;2675
2003;2;VSP;SBGR;SBFL;430,00;20
2003;2;VSP;SBKP;SBBR;415,00;1
2003;2;VSP;SBBR;SBGL;541,00;15
2003;2;VSP;SBSV;SBGR;1051,00;454
2003;2;VSP;SBGR;SBEG;1342,00;2
2003;2;VSP;SBGO;SBSP;394,00;39
2003;2;VSP;SBBR;SBGL;356,00;66
2003;2;VSP;SBBE;SBBR;751,00;24
2003;2;VSP;SBBH;SBSP;297,00;14
2003;2;VSP;SBSP;SBBR;530,00;12
2003;2;VSP;SBBR;SBBH;428,00;19
2003;2;VSP;SBFZ;SBBR;480,00;979
2003;2;VSP;SBGR;SBCF;297,00;29
2003;2;VSP;SBGR;SBBR;486,00;343
2003;2;VSP;SBGR;SBBR;567,00;68
2003;2;VSP;SBBR;SBCT;598,00;74
2003;2;VSP;SBGR;SBCT;345,00;2
2003;2;VSP;SBGR;SBGL;368,00;1
2003;2;VSP;SBBE;SBBR;918,00;17
2003;2;VSP;SBGL;SBPA;495,00;103
2003;2;VSP;SBKP;SBGL;468,00;16
2003;2;VSP;SBGL;SBPA;595,00;38
2003;2;VSP;SBSP;SBGO;516,00;2
2003;2;VSP;SBCF;SBGR;139,00;759
2003;2;VSP;SBBR;SBGO;264,00;1
2003;2;VSP;SBCT;SBPA;378,00;4
2003;2;VSP;SBPA;SBCT;315,00;2
2003;2;VSP;SBRF;SBSV;339,00;226
2003;2;VSP;SBCT;SBGR;448,00;74
2003;2;VSP;SBSV;SBGL;889,00;404
2003;2;VSP;SBGL;SBBR;356,00;85
2003;2;VSP;SBSV;SBRF;405,00;162
2003;2;VSP;SBGL;SBPA;649,00;2
2003;2;VSP;SBCT;SBBR;698,00;2
2003;2;VSP;SBBR;SBBE;566,00;12
2003;2;VSP;SBGR;SBCF;538,00;35
2003;2;VSP;SBFZ;SBRF;514,00;2
2003;2;VSP;SBPA;SBSP;366,00;10
2003;2;VSP;SBGL;SBSV;266,00;2849
2003;2;VSP;SBPA;SBGR;366,00;9
2003;2;VSP;SBRF;SBGL;1013,00;36
2003;2;VSP;SBPA;SBBR;737,00;35
2003;2;VSP;SBGO;SBSP;149,00;1065
2003;2;VSP;SBGL;SBKP;388,00;1
2003;2;VSP;SBKP;SBGL;309,00;20
2003;2;VSP;SBSP;SBGO;149,00;978
2003;2;VSP;SBBR;SBBE;751,00;8
2003;2;VSP;SBFZ;SBBR;549,00;191
2003;2;VSP;SBGR;SBCT;323,00;20
2003;2;VSP;SBGL;SBBR;579,00;13
2003;2;VSP;SBPA;SBCT;573,00;7
2003;2;VSP;SBPA;SBGL;396,00;35
2003;2;VSP;SBBR;SBBE;1043,00;103
2003;2;VSP;SBBH;SBBR;339,00;76
2003;2;VSP;SBSP;SBGO;394,00;27
2003;2;VSP;SBGL;SBCT;467,00;2
2003;2;VSP;SBGR;SBGL;319,00;2
2003;2;VSP;SBCF;SBGR;538,00;80
2003;2;VSP;SBBR;SBCF;493,00;2
2003;2;VSP;SBRF;SBFZ;514,00;9
2003;2;VSP;SBGL;SBCT;649,00;38
2003;2;VSP;SBGO;SBBR;195,00;153
2003;2;VSP;SBGR;SBGL;341,00;1
2003;2;VSP;SBFZ;SBBR;1092,00;93
2003;2;VSP;SBGR;SBPA;366,00;27
2003;2;VSP;SBSV;SBGL;640,00;16
2003;2;VSP;SBPA;SBGR;213,00;69
2003;2;VSP;SBBR;SBBH;293,00;228
2003;2;VSP;SBGL;SBRF;1013,00;11
2003;2;VSP;SBGL;SBRF;1151,00;128
2003;2;VSP;SBBH;SBSP;538,00;178
2003;2;VSP;SBCT;SBBR;906,00;15
2003;2;VSP;SBSP;SBPA;574,00;8
2003;2;VSP;SBPA;SBBR;1117,00;37
2003;2;VSP;SBSV;SBGR;694,00;438
2003;2;VSP;SBSV;SBGR;872,00;4
2003;2;VSP;SBGO;SBSP;355,00;13
2003;2;VSP;SBSP;SBGO;552,00;1
2003;2;VSP;SBGL;SBGR;163,00;734
2003;2;VSP;SBSV;SBRF;472,00;8
2003;2;VSP;SBGR;SBEG;1174,00;2
2003;2;VSP;SBBR;SBGO;231,00;3
2003;2;VSP;SBFZ;SBRF;341,00;148
2003;2;VSP;SBEG;SBGR;1174,00;3
2003;2;VSP;SBBR;SBGL;496,00;191
2003;2;VSP;SBCT;SBGL;300,00;26
2003;2;VSP;SBBR;SBGL;167,00;1655
2003;2;VSP;SBGO;SBSP;330,00;46
2003;2;VSP;SBGR;SBSV;578,00;330
2003;2;VSP;SBSP;SBCT;192,00;188
2003;2;VSP;SBFZ;SBRF;545,00;1
2003;2;VSP;SBBE;SBMQ;229,00;25
2003;2;VSP;SBPA;SBCT;122,00;128
2003;2;VSP;SBGL;SBGR;292,00;23
2003;2;VSP;SBBR;SBFZ;480,00;737
2003;2;VSP;SBSP;SBGO;330,00;54
2003;2;VSP;SBBR;SBGL;752,00;165
2003;2;VSP;SBBR;SBCT;906,00;31
2003;2;VSP;SBBR;SBSP;165,00;3198
2003;2;VSP;SBBR;SBCT;752,00;1
2003;2;VSP;SBGO;SBSP;717,00;54
2003;2;VSP;SBBR;SBSP;611,00;5
2003;2;VSP;SBBH;SBBR;392,00;113
2003;2;VSP;SBCF;SBBR;293,00;110
2003;2;VSP;SBPA;SBGR;746,00;158
2003;2;VSP;SBKP;SBBR;753,00;2
2003;2;VSP;SBBR;SBKP;389,00;1
2003;2;VSP;SBSP;SBCT;221,00;17
2003;2;VSP;SBGL;SBBR;541,00;40
2003;2;VSP;SBGL;SBKP;208,00;10
2003;2;VSP;SBRF;SBFZ;250,00;30
2003;2;VSP;SBBR;SBGO;300,00;99
2003;2;VSP;SBSV;SBGL;489,00;690
