ANO;MES;EMPRESA;ORIGEM;DESTINO;TARIFA;ASSENTOS
2003;8;GLO;SBFL;SBBR;194,93;538
2003;8;GLO;SBPA;SBCT;205,88;185
2003;8;GLO;SBSP;SBRJ;191,04;3691
2003;8;GLO;SBBR;SBSP;352,08;280
2003;8;GLO;SBSV;SBBR;493,00;4
2003;8;GLO;SBCT;SBPA;281,00;1
2003;8;GLO;SBBR;SBGL;403,00;27
2003;8;GLO;SBCT;SBBH;142,54;326
2003;8;GLO;SBGL;SBFL;422,00;2
2003;8;GLO;SBBR;SBSP;289,25;1680
2003;8;GLO;SBFL;SBGL;236,67;3
2003;8;GLO;SBCT;SBSP;249,52;966
2003;8;GLO;SBBH;SBBR;322,74;50
2003;8;GLO;SBRJ;SBBR;396,00;5
2003;8;GLO;SBMQ;SBBE;92,00;5
2003;8;GLO;SBPA;SBKP;205,22;541
2003;8;GLO;SBGO;SBSP;364,59;34
2003;8;GLO;SBBR;SBSP;474,00;111
2003;8;GLO;SBCT;SBSP;286,95;221
2003;8;GLO;SBKP;SBBH;127,00;20
2003;8;GLO;SBGL;SBCT;306,20;18
2003;8;GLO;SBSP;SBRJ;215,33;3
2003;8;GLO;SBPA;SBRJ;217,87;241
2003;8;GLO;SBBR;SBRJ;329,00;431
2003;8;GLO;SBPA;SBGL;233,95;148
2003;8;GLO;SBBR;SBBH;211,67;15
2003;8;GLO;SBSV;SBRF;200,00;184
2003;8;GLO;SBSP;SBPS;250,00;6
2003;8;GLO;SBSP;SBCT;309,19;47
2003;8;GLO;SBFL;SBPA;94,71;975
2003;8;GLO;SBBR;SBRJ;345,12;407
2003;8;GLO;SBPA;SBFL;101,00;208
2003;8;GLO;SBKP;SBRJ;323,00;9
2003;8;GLO;SBBR;SBBH;266,00;67
2003;8;GLO;SBGO;SBBR;61,00;4
2003;8;GLO;SBCT;SBRJ;129,50;6
2003;8;GLO;SBKP;SBCT;237,00;55
2003;8;GLO;SBPA;SBFL;277,81;14
2003;8;GLO;SBPA;SBCT;135,22;2886
2003;8;GLO;SBBE;SBBR;373,00;2
2003;8;GLO;SBBR;SBSV;572,00;1
2003;8;GLO;SBVT;SBRJ;254,00;1
2003;8;GLO;SBGL;SBSV;250,00;3
2003;8;GLO;SBRJ;SBKP;100,00;1
2003;8;GLO;SBBH;SBCT;162,00;58
2003;8;GLO;SBRF;SBGL;250,00;1
2003;8;GLO;SBRJ;SBBR;361,00;11
2003;8;GLO;SBSP;SBRJ;286,00;2
2003;8;GLO;SBBE;SBBR;568,00;1
2003;8;GLO;SBPA;SBSP;321,95;39
2003;8;GLO;SBGL;SBPA;301,91;1078
2003;8;GLO;SBSP;SBBR;534,00;1
2003;8;GLO;SBFZ;SBRF;509,00;2
2003;8;GLO;SBPA;SBBR;374,63;16
2003;8;GLO;SBRJ;SBVT;100,00;5
2003;8;GLO;SBPA;SBCT;176,81;750
2003;8;GLO;SBSP;SBPA;389,37;436
2003;8;GLO;SBSP;SBRJ;247,72;15872
2003;8;GLO;SBBR;SBKP;115,97;220
2003;8;GLO;SBCT;SBSP;100,00;8
2003;8;GLO;SBGL;SBCT;197,67;3
2003;8;GLO;SBRJ;SBBR;207,88;77
2003;8;GLO;SBSP;SBRJ;293,00;15
2003;8;GLO;SBVT;SBRJ;100,00;5
2003;8;GLO;SBBR;SBCT;254,99;192
2003;8;GLO;SBVT;SBSP;183,77;167
2003;8;GLO;SBSP;SBFL;216,00;60
2003;8;GLO;SBRF;SBGL;834,00;2
2003;8;GLO;SBBR;SBFL;163,73;51
2003;8;GLO;SBPA;SBBR;606,00;20
2003;8;GLO;SBGO;SBSP;277,35;43
2003;8;GLO;SBSP;SBRJ;177,28;38
2003;8;GLO;SBCT;SBGL;198,97;708
2003;8;GLO;SBBH;SBSP;417,00;6
2003;8;GLO;SBCT;SBKP;217,94;72
2003;8;GLO;SBSP;SBGL;155,11;140
2003;8;GLO;SBVT;SBRJ;315,07;15
2003;8;GLO;SBBR;SBRJ;344,29;423
2003;8;GLO;SBKP;SBCT;338,00;22
2003;8;GLO;SBKP;SBRJ;100,00;2
2003;8;GLO;SBBH;SBBR;356,00;1
2003;8;GLO;SBBR;SBRJ;150,00;8
2003;8;GLO;SBBR;SBRJ;243,52;62
2003;8;GLO;SBBR;SBRJ;430,05;74
2003;8;GLO;SBFZ;SBRF;199,78;34
2003;8;GLO;SBCT;SBGL;196,00;6
2003;8;GLO;SBBH;SBSP;91,01;220
2003;8;GLO;SBBR;SBSV;405,54;1514
2003;8;GLO;SBSV;SBGL;454,00;39
2003;8;GLO;SBSP;SBFL;190,01;593
2003;8;GLO;SBPA;SBCT;419,73;39
2003;8;GLO;SBRF;SBSV;267,00;2
2003;8;GLO;SBBH;SBCT;183,00;62
2003;8;GLO;SBCT;SBPA;326,80;26
2003;8;GLO;SBBR;SBGL;360,64;100
2003;8;GLO;SBRF;SBGL;629,00;8
2003;8;GLO;SBRF;SBFZ;189,79;2577
2003;8;GLO;SBKP;SBBH;64,67;3
2003;8;GLO;SBBR;SBGL;329,00;52
2003;8;GLO;SBBR;SBSP;359,00;3
2003;8;GLO;SBBR;SBSV;201,01;425
2003;8;GLO;SBSP;SBFL;244,00;50
2003;8;GLO;SBRJ;SBVT;254,00;1
2003;8;GLO;SBBH;SBRJ;277,97;49
2003;8;GLO;SBBR;SBPA;458,48;155
2003;8;GLO;SBBR;SBFZ;157,25;40
2003;8;GLO;SBPA;SBBR;330,74;7
2003;8;GLO;SBCT;SBSP;267,91;285
2003;8;GLO;SBGL;SBSP;217,50;73
2003;8;GLO;SBGL;SBFL;339,13;49
2003;8;GLO;SBBR;SBGL;294,86;279
2003;8;GLO;SBSP;SBPA;255,35;445
2003;8;GLO;SBSV;SBGL;413,00;20
2003;8;GLO;SBVT;SBSP;75,00;2
2003;8;GLO;SBSP;SBPS;153,33;660
2003;8;GLO;SBPA;SBSP;510,00;1
2003;8;GLO;SBSP;SBFL;221,31;194
2003;8;GLO;SBBR;SBCT;348,66;866
2003;8;GLO;SBSP;SBRJ;159,83;6126
2003;8;GLO;SBBR;SBSP;417,46;62
2003;8;GLO;SBPA;SBSP;312,10;346
2003;8;GLO;SBRJ;SBCT;337,16;22
2003;8;GLO;SBBH;SBCT;112,92;1052
2003;8;GLO;SBBR;SBGO;143,98;130
2003;8;GLO;SBSV;SBRF;442,00;1
2003;8;GLO;SBBH;SBSP;33,01;91
2003;8;GLO;SBPA;SBFL;295,00;2
2003;8;GLO;SBCT;SBBR;254,99;192
2003;8;GLO;SBPA;SBSP;381,04;468
2003;8;GLO;SBBH;SBKP;184,20;5
2003;8;GLO;SBKP;SBCT;175,82;437
2003;8;GLO;SBCT;SBBR;553,00;2
2003;8;GLO;SBSP;SBBR;374,00;11
2003;8;GLO;SBGO;SBSP;404,08;104
2003;8;GLO;SBSV;SBRF;129,00;4
2003;8;GLO;SBBH;SBRJ;216,35;66
2003;8;GLO;SBMQ;SBBE;103,00;15
2003;8;GLO;SBBR;SBFL;391,00;3
2003;8;GLO;SBSP;SBBR;332,00;3447
2003;8;GLO;SBKP;SBPA;246,20;41
2003;8;GLO;SBBH;SBBR;242,24;2012
2003;8;GLO;SBSV;SBBR;463,74;34
2003;8;GLO;SBPA;SBBR;624,82;61
2003;8;GLO;SBSP;SBPA;295,03;317
2003;8;GLO;SBFL;SBPA;101,00;166
2003;8;GLO;SBBH;SBRJ;147,16;3036
2003;8;GLO;SBKP;SBBH;103,76;962
2003;8;GLO;SBRF;SBFZ;280,00;1
2003;8;GLO;SBBH;SBKP;210,00;1
2003;8;GLO;SBRJ;SBBH;281,00;1
2003;8;GLO;SBRJ;SBKP;304,00;84
2003;8;GLO;SBBR;SBBE;364,38;424
2003;8;GLO;SBFL;SBPA;124,37;556
2003;8;GLO;SBSV;SBRF;302,00;2
2003;8;GLO;SBSP;SBNF;189,84;1554
2003;8;GLO;SBBH;SBSP;150,00;3
2003;8;GLO;SBCT;SBBR;505,69;40
2003;8;GLO;SBPA;SBGL;316,08;131
2003;8;GLO;SBBR;SBCT;357,14;14
2003;8;GLO;SBRJ;SBKP;283,89;342
2003;8;GLO;SBKP;SBRJ;343,00;14
2003;8;GLO;SBSP;SBPA;125,00;6
2003;8;GLO;SBSP;SBBH;150,00;1
2003;8;GLO;SBRJ;SBBH;248,00;1
2003;8;GLO;SBPA;SBFL;149,03;268
2003;8;GLO;SBPS;SBSP;152,85;1830
2003;8;GLO;SBGL;SBCT;223,15;690
2003;8;GLO;SBRF;SBFZ;600,18;50
2003;8;GLO;SBSP;SBBR;298,53;2003
2003;8;GLO;SBSP;SBPA;510,88;17
2003;8;GLO;SBBR;SBBH;270,45;2217
2003;8;GLO;SBRJ;SBBR;275,20;2544
2003;8;GLO;SBGL;SBFL;243,58;178
2003;8;GLO;SBPA;SBKP;246,86;42
2003;8;GLO;SBPA;SBRJ;197,50;4
2003;8;GLO;SBBR;SBSV;458,00;3
2003;8;GLO;SBRJ;SBSP;184,10;30
2003;8;GLO;SBGL;SBCT;230,05;243
2003;8;GLO;SBPA;SBRJ;337,01;16
2003;8;GLO;SBBR;SBFZ;250,00;1
2003;8;GLO;SBRJ;SBFL;193,75;112
2003;8;GLO;SBPA;SBBR;380,06;50
2003;8;GLO;SBBR;SBGO;149,97;8
2003;8;GLO;SBGL;SBSP;177,94;452
2003;8;GLO;SBSV;SBGL;250,00;4
2003;8;GLO;SBVT;SBRJ;188,29;51
2003;8;GLO;SBCT;SBKP;176,30;577
2003;8;GLO;SBFL;SBGL;237,60;5
2003;8;GLO;SBBH;SBCT;113,67;60
2003;8;GLO;SBPA;SBRJ;217,65;159
2003;8;GLO;SBFZ;SBRF;319,67;43
2003;8;GLO;SBBR;SBFZ;255,87;1088
2003;8;GLO;SBFL;SBPA;146,06;260
2003;8;GLO;SBSP;SBGO;343,42;1013
2003;8;GLO;SBGL;SBRF;440,36;112
2003;8;GLO;SBSP;SBBH;402,00;1
2003;8;GLO;SBKP;SBBR;116,50;156
2003;8;GLO;SBKP;SBRJ;262,00;10
2003;8;GLO;SBCT;SBSP;353,00;3
2003;8;GLO;SBSP;SBPS;206,25;105
2003;8;GLO;SBRF;SBGL;279,29;354
2003;8;GLO;SBSP;SBCT;250,33;642
2003;8;GLO;SBRJ;SBBR;135,00;10
2003;8;GLO;SBPA;SBKP;214,63;35
2003;8;GLO;SBPA;SBRJ;242,73;44
2003;8;GLO;SBCT;SBPA;210,78;205
2003;8;GLO;SBGL;SBRF;536,71;105
2003;8;GLO;SBCT;SBSP;210,03;2412
2003;8;GLO;SBBR;SBBE;373,00;1
2003;8;GLO;SBBR;SBSP;534,00;1
2003;8;GLO;SBVT;SBSP;213,67;575
2003;8;GLO;SBGL;SBRF;282,75;372
2003;8;GLO;SBBR;SBFL;279,71;123
2003;8;GLO;SBBR;SBCT;370,28;160
2003;8;GLO;SBBH;SBRJ;127,00;7
2003;8;GLO;SBFL;SBBR;174,24;752
2003;8;GLO;SBBR;SBKP;145,90;68
2003;8;GLO;SBGL;SBBR;150,00;1
2003;8;GLO;SBKP;SBCT;321,00;14
2003;8;GLO;SBGL;SBRF;834,00;1
2003;8;GLO;SBKP;SBBH;113,85;19
2003;8;GLO;SBCT;SBSP;194,00;9
2003;8;GLO;SBBR;SBPA;490,97;16
2003;8;GLO;SBGL;SBFL;220,11;3
2003;8;GLO;SBCT;SBPA;244,54;35
2003;8;GLO;SBRJ;SBFL;159,96;1232
2003;8;GLO;SBBR;SBFZ;751,00;1
2003;8;GLO;SBCT;SBGL;227,59;909
2003;8;GLO;SBFZ;SBBR;584,64;5
2003;8;GLO;SBSP;SBBH;379,00;1
2003;8;GLO;SBRF;SBSV;302,00;1
2003;8;GLO;SBPS;SBSP;120,21;153
2003;8;GLO;SBSV;SBBR;663,00;2
2003;8;GLO;SBGO;SBSP;342,00;31
2003;8;GLO;SBGO;SBSP;476,00;1
2003;8;GLO;SBGL;SBPA;345,81;83
2003;8;GLO;SBRF;SBGL;565,71;137
2003;8;GLO;SBFL;SBSP;100,00;7
2003;8;GLO;SBBH;SBRJ;142,00;397
2003;8;GLO;SBBR;SBFZ;518,19;85
2003;8;GLO;SBRF;SBFZ;826,00;1
2003;8;GLO;SBNF;SBSP;248,30;20
2003;8;GLO;SBPA;SBRJ;125,00;2
2003;8;GLO;SBVT;SBSP;168,00;40
2003;8;GLO;SBCT;SBBR;282,61;23
2003;8;GLO;SBGL;SBRF;810,00;5
2003;8;GLO;SBRJ;SBPA;246,44;203
2003;8;GLO;SBGL;SBPA;322,08;166
2003;8;GLO;SBVT;SBRJ;187,00;21
2003;8;GLO;SBMQ;SBBE;140,72;36
2003;8;GLO;SBBE;SBMQ;132,88;2581
2003;8;GLO;SBPA;SBSP;307,68;5673
2003;8;GLO;SBCT;SBRJ;486,00;1
2003;8;GLO;SBBR;SBPA;418,76;726
2003;8;GLO;SBBH;SBBR;269,59;2119
2003;8;GLO;SBBH;SBRJ;363,00;1
2003;8;GLO;SBSV;SBBR;415,45;1273
2003;8;GLO;SBCT;SBBH;181,50;122
2003;8;GLO;SBKP;SBBH;113,05;490
2003;8;GLO;SBSV;SBBR;451,00;10
2003;8;GLO;SBFL;SBRJ;187,59;16
2003;8;GLO;SBCT;SBSP;229,00;42
2003;8;GLO;SBFL;SBSP;272,46;26
2003;8;GLO;SBFZ;SBBR;591,67;3
2003;8;GLO;SBGL;SBPA;457,52;32
2003;8;GLO;SBRJ;SBSP;232,67;3
2003;8;GLO;SBBH;SBKP;112,00;16
2003;8;GLO;SBRJ;SBCT;152,98;1408
2003;8;GLO;SBKP;SBCT;278,58;32
2003;8;GLO;SBGL;SBSP;137,56;50
2003;8;GLO;SBCT;SBGL;122,13;30
2003;8;GLO;SBFL;SBRJ;178,54;846
2003;8;GLO;SBPA;SBSP;150,00;5
2003;8;GLO;SBBE;SBBR;358,92;375
2003;8;GLO;SBSV;SBBR;531,00;1
2003;8;GLO;SBGL;SBCT;150,00;3
2003;8;GLO;SBRJ;SBBR;329,00;499
2003;8;GLO;SBBR;SBSV;493,00;10
2003;8;GLO;SBRJ;SBPA;187,67;575
2003;8;GLO;SBBH;SBKP;51,00;2
2003;8;GLO;SBBR;SBSV;418,00;81
2003;8;GLO;SBRJ;SBBR;320,65;4532
2003;8;GLO;SBBH;SBSP;237,98;4020
2003;8;GLO;SBRJ;SBPA;202,98;1094
2003;8;GLO;SBKP;SBBR;168,00;7
2003;8;GLO;SBCT;SBBR;308,97;880
2003;8;GLO;SBCT;SBGL;150,00;2
2003;8;GLO;SBSP;SBCT;268,15;339
2003;8;GLO;SBBR;SBFL;264,32;79
2003;8;GLO;SBBR;SBPA;565,32;90
2003;8;GLO;SBKP;SBRJ;265,85;932
2003;8;GLO;SBRJ;SBSP;219,00;1
2003;8;GLO;SBSV;SBGL;555,00;1
2003;8;GLO;SBBH;SBRJ;166,65;814
2003;8;GLO;SBCT;SBRJ;113,21;19
2003;8;GLO;SBSP;SBBR;359,00;1
2003;8;GLO;SBKP;SBCT;284,08;79
2003;8;GLO;SBRJ;SBSP;247,66;15503
2003;8;GLO;SBBH;SBRJ;162,00;11
2003;8;GLO;SBRJ;SBVT;167,19;344
2003;8;GLO;SBSP;SBPS;160,88;2060
2003;8;GLO;SBSV;SBGL;374,99;372
2003;8;GLO;SBGL;SBBR;517,52;7
2003;8;GLO;SBRJ;SBKP;238,36;964
2003;8;GLO;SBGL;SBSP;145,10;1391
2003;8;GLO;SBSP;SBVT;208,80;65
2003;8;GLO;SBCT;SBRJ;158,60;492
2003;8;GLO;SBBH;SBSP;261,60;995
2003;8;GLO;SBFZ;SBRF;160,37;83
2003;8;GLO;SBVT;SBRJ;146,20;2212
2003;8;GLO;SBSP;SBNF;292,64;7
2003;8;GLO;SBBH;SBRJ;248,00;3
2003;8;GLO;SBBR;SBSV;531,00;13
2003;8;GLO;SBFL;SBPA;144,00;5
2003;8;GLO;SBRJ;SBCT;175,55;1386
2003;8;GLO;SBGL;SBFL;153,33;6
2003;8;GLO;SBFL;SBPA;126,30;28
2003;8;GLO;SBGL;SBSV;667,00;1
2003;8;GLO;SBKP;SBRJ;341,00;7
2003;8;GLO;SBSP;SBBH;300,64;47
2003;8;GLO;SBSP;SBBH;189,70;66
2003;8;GLO;SBFL;SBPA;181,00;4
2003;8;GLO;SBCT;SBPA;333,00;2
2003;8;GLO;SBBE;SBMQ;239,50;6
2003;8;GLO;SBSP;SBVT;218,00;2
2003;8;GLO;SBGO;SBSP;412,50;32
2003;8;GLO;SBGL;SBSP;248,54;27
2003;8;GLO;SBPA;SBFL;105,67;1686
2003;8;GLO;SBSP;SBCT;353,00;2
2003;8;GLO;SBFL;SBPA;225,78;10
2003;8;GLO;SBRJ;SBBR;351,40;439
2003;8;GLO;SBVT;SBRJ;142,00;320
2003;8;GLO;SBBR;SBBE;330,05;1
2003;8;GLO;SBSP;SBFL;282,00;34
2003;8;GLO;SBPA;SBKP;272,74;153
2003;8;GLO;SBVT;SBSP;166,61;3139
2003;8;GLO;SBPA;SBKP;330,56;9
2003;8;GLO;SBGL;SBPA;395,00;2
2003;8;GLO;SBBH;SBBR;298,00;99
2003;8;GLO;SBBR;SBSV;422,02;58
2003;8;GLO;SBFZ;SBBR;256,33;1100
2003;8;GLO;SBSV;SBGL;307,93;301
2003;8;GLO;SBKP;SBRJ;291,48;85
2003;8;GLO;SBPS;SBSP;278,06;287
2003;8;GLO;SBFL;SBRJ;192,30;110
2003;8;GLO;SBBR;SBPA;512,00;51
2003;8;GLO;SBKP;SBRJ;238,10;994
2003;8;GLO;SBSP;SBPS;129,89;23
2003;8;GLO;SBCT;SBKP;235,54;81
2003;8;GLO;SBGL;SBPA;438,00;20
2003;8;GLO;SBKP;SBPA;197,40;250
2003;8;GLO;SBCT;SBKP;195,88;510
2003;8;GLO;SBFL;SBGL;667,00;1
2003;8;GLO;SBCT;SBKP;283,00;1
2003;8;GLO;SBRF;SBGL;510,63;1139
2003;8;GLO;SBBH;SBCT;104,00;2
2003;8;GLO;SBRJ;SBFL;75,00;4
2003;8;GLO;SBBR;SBCT;307,22;9
2003;8;GLO;SBBR;SBCT;627,63;23
2003;8;GLO;SBCT;SBRJ;199,07;227
2003;8;GLO;SBSP;SBRJ;268,15;46
2003;8;GLO;SBRJ;SBCT;216,91;224
2003;8;GLO;SBFZ;SBBR;629,00;10
2003;8;GLO;SBBR;SBGO;63,50;16
2003;8;GLO;SBSP;SBVT;302,53;83
2003;8;GLO;SBCT;SBGL;253,91;99
2003;8;GLO;SBRJ;SBBH;255,44;50
2003;8;GLO;SBRJ;SBBH;214,00;218
2003;8;GLO;SBNF;SBSP;189,82;1543
2003;8;GLO;SBSP;SBBR;393,37;345
2003;8;GLO;SBBH;SBKP;103,14;1012
2003;8;GLO;SBBH;SBCT;141,00;240
2003;8;GLO;SBRF;SBFZ;158,51;73
2003;8;GLO;SBBR;SBSV;309,00;1
2003;8;GLO;SBSV;SBGL;414,42;173
2003;8;GLO;SBRJ;SBBR;430,32;170
2003;8;GLO;SBBR;SBGL;411,82;23
2003;8;GLO;SBBR;SBPA;469,21;615
2003;8;GLO;SBBR;SBSP;319,64;3381
2003;8;GLO;SBRJ;SBBR;353,77;141
2003;8;GLO;SBRJ;SBSP;286,00;1
2003;8;GLO;SBBE;SBBR;419,00;1
2003;8;GLO;SBSP;SBGL;211,70;15
2003;8;GLO;SBSP;SBGL;100,00;62
2003;8;GLO;SBPA;SBKP;336,52;23
2003;8;GLO;SBVT;SBSP;512,00;1
2003;8;GLO;SBRJ;SBFL;206,77;24
2003;8;GLO;SBSP;SBNF;100,00;1
2003;8;GLO;SBSP;SBGL;176,72;280
2003;8;GLO;SBBH;SBBR;464,00;5
2003;8;GLO;SBCT;SBSP;209,93;813
2003;8;GLO;SBSP;SBVT;341,33;3
2003;8;GLO;SBGL;SBPA;250,00;2
2003;8;GLO;SBPA;SBSP;465,00;5
2003;8;GLO;SBRJ;SBKP;323,00;8
2003;8;GLO;SBNF;SBSP;235,00;51
2003;8;GLO;SBCT;SBKP;230,00;3
2003;8;GLO;SBFL;SBSP;216,00;52
2003;8;GLO;SBSP;SBVT;223,20;30
2003;8;GLO;SBRJ;SBPA;246,00;50
2003;8;GLO;SBBR;SBFZ;691,45;38
2003;8;GLO;SBFL;SBGL;422,00;1
2003;8;GLO;SBFL;SBBR;162,75;80
2003;8;GLO;SBPA;SBGL;354,94;54
2003;8;GLO;SBSP;SBBH;257,55;1082
2003;8;GLO;SBPA;SBBR;388,57;597
2003;8;GLO;SBNF;SBSP;210,02;815
2003;8;GLO;SBSP;SBNF;387,00;1
2003;8;GLO;SBFL;SBPA;295,00;1
2003;8;GLO;SBPS;SBSP;232,75;226
2003;8;GLO;SBGL;SBPA;294,78;954
2003;8;GLO;SBBR;SBBH;241,85;2002
2003;8;GLO;SBRJ;SBBH;132,26;3454
2003;8;GLO;SBCT;SBBH;167,00;10
2003;8;GLO;SBCT;SBRJ;159,19;1584
2003;8;GLO;SBBR;SBBH;318,76;45
2003;8;GLO;SBRF;SBFZ;455,46;12
2003;8;GLO;SBSP;SBBH;279,00;1
2003;8;GLO;SBGO;SBBR;152,13;9
2003;8;GLO;SBSP;SBNF;206,00;16
2003;8;GLO;SBCT;SBBH;113,67;60
2003;8;GLO;SBKP;SBPA;207,79;526
2003;8;GLO;SBSP;SBGL;249,00;69
2003;8;GLO;SBRJ;SBSP;285,00;1
2003;8;GLO;SBSP;SBFL;100,00;5
2003;8;GLO;SBGL;SBCT;200,60;660
2003;8;GLO;SBGL;SBPA;453,19;16
2003;8;GLO;SBBR;SBBE;477,00;4
2003;8;GLO;SBSP;SBGO;371,34;386
2003;8;GLO;SBBR;SBKP;162,00;1
2003;8;GLO;SBKP;SBBR;213,50;292
2003;8;GLO;SBGL;SBPA;365,09;95
2003;8;GLO;SBBR;SBSP;235,54;295
2003;8;GLO;SBGL;SBRF;690,12;24
2003;8;GLO;SBGO;SBBR;146,78;85
2003;8;GLO;SBPA;SBRJ;200,56;1009
2003;8;GLO;SBGL;SBSP;156,00;126
2003;8;GLO;SBBE;SBMQ;291,50;30
2003;8;GLO;SBFZ;SBBR;561,45;38
2003;8;GLO;SBBH;SBSP;284,28;830
2003;8;GLO;SBSP;SBBR;563,00;2
2003;8;GLO;SBBR;SBKP;184,77;814
2003;8;GLO;SBSP;SBFL;251,00;36
2003;8;GLO;SBGL;SBSV;454,00;20
2003;8;GLO;SBBH;SBRJ;100,00;3
2003;8;GLO;SBNF;SBSP;181,55;85
2003;8;GLO;SBKP;SBPA;209,88;19
2003;8;GLO;SBRJ;SBVT;127,00;8
2003;8;GLO;SBCT;SBSP;323,00;2
2003;8;GLO;SBSP;SBPA;458,18;11
2003;8;GLO;SBGL;SBCT;122,13;30
2003;8;GLO;SBCT;SBBR;295,64;95
2003;8;GLO;SBBH;SBSP;285,89;148
2003;8;GLO;SBRF;SBSV;185,52;23
2003;8;GLO;SBRJ;SBVT;331,00;1
2003;8;GLO;SBFZ;SBBR;618,15;753
2003;8;GLO;SBBR;SBRJ;484,00;1
2003;8;GLO;SBBR;SBCT;658,00;1
2003;8;GLO;SBFL;SBSP;168,22;256
2003;8;GLO;SBSP;SBBR;150,00;3
2003;8;GLO;SBSP;SBCT;229,00;57
2003;8;GLO;SBFL;SBSP;218,46;347
2003;8;GLO;SBFL;SBBR;244,00;32
2003;8;GLO;SBFL;SBRJ;128,42;152
2003;8;GLO;SBCT;SBBH;162,00;78
2003;8;GLO;SBKP;SBCT;241,94;508
2003;8;GLO;SBGL;SBSV;414,44;41
2003;8;GLO;SBFL;SBSP;196,57;3816
2003;8;GLO;SBSP;SBCT;289,00;137
2003;8;GLO;SBSP;SBGO;342,00;34
2003;8;GLO;SBVT;SBRJ;130,89;3593
2003;8;GLO;SBGO;SBSP;373,02;393
2003;8;GLO;SBPA;SBGL;449,22;23
2003;8;GLO;SBSV;SBRF;343,00;1
2003;8;GLO;SBSV;SBBR;314,63;86
2003;8;GLO;SBPA;SBSP;264,54;3345
2003;8;GLO;SBFL;SBGL;336,66;195
2003;8;GLO;SBFZ;SBRF;131,00;56
2003;8;GLO;SBKP;SBPA;214,52;105
2003;8;GLO;SBSP;SBNF;210,29;922
2003;8;GLO;SBSP;SBBR;362,43;738
2003;8;GLO;SBRJ;SBPA;232,33;138
2003;8;GLO;SBGL;SBSP;161,02;1975
2003;8;GLO;SBBR;SBKP;213,07;5
2003;8;GLO;SBVT;SBSP;198,55;96
2003;8;GLO;SBBR;SBBH;293,34;128
2003;8;GLO;SBPA;SBCT;128,50;8
2003;8;GLO;SBRJ;SBKP;388,00;6
2003;8;GLO;SBSP;SBCT;100,00;3
2003;8;GLO;SBRJ;SBBR;378,33;228
2003;8;GLO;SBKP;SBRJ;237,14;149
2003;8;GLO;SBCT;SBBR;226,33;27
2003;8;GLO;SBSP;SBBH;417,00;9
2003;8;GLO;SBRF;SBSV;250,89;118
2003;8;GLO;SBSP;SBNF;229,07;36
2003;8;GLO;SBSV;SBBR;192,49;378
2003;8;GLO;SBSP;SBPS;384,09;28
2003;8;GLO;SBSP;SBGO;458,29;26
2003;8;GLO;SBBR;SBSP;333,49;89
2003;8;GLO;SBCT;SBKP;259,00;48
2003;8;GLO;SBCT;SBBH;107,67;6
2003;8;GLO;SBGL;SBCT;234,10;84
2003;8;GLO;SBSP;SBCT;233,73;3438
2003;8;GLO;SBSP;SBNF;228,00;38
2003;8;GLO;SBGL;SBRF;501,29;1176
2003;8;GLO;SBGL;SBBR;326,79;366
2003;8;GLO;SBPA;SBGL;250,00;1
2003;8;GLO;SBFL;SBGL;383,18;25
2003;8;GLO;SBGL;SBSV;642,00;2
2003;8;GLO;SBPA;SBFL;116,35;13
2003;8;GLO;SBSP;SBVT;166,25;1497
2003;8;GLO;SBPA;SBSP;540,00;2
2003;8;GLO;SBCT;SBKP;215,63;217
2003;8;GLO;SBKP;SBBH;87,00;2
2003;8;GLO;SBRF;SBSV;221,87;2521
2003;8;GLO;SBBR;SBSP;392,00;1
2003;8;GLO;SBBH;SBKP;371,00;1
2003;8;GLO;SBPS;SBSP;293,79;70
2003;8;GLO;SBSP;SBGL;191,00;2
2003;8;GLO;SBRJ;SBBH;100,00;3
2003;8;GLO;SBMQ;SBBE;104,95;2511
2003;8;GLO;SBSP;SBBH;283,51;1206
2003;8;GLO;SBFZ;SBBR;498,57;56
2003;8;GLO;SBBR;SBCT;317,64;980
2003;8;GLO;SBSP;SBGL;181,59;52
2003;8;GLO;SBPA;SBRJ;246,00;21
2003;8;GLO;SBGL;SBPA;282,90;149
2003;8;GLO;SBBR;SBCT;382,22;64
2003;8;GLO;SBRJ;SBKP;343,00;1
2003;8;GLO;SBKP;SBCT;323,00;4
2003;8;GLO;SBRJ;SBSP;259,41;41
2003;8;GLO;SBPA;SBGL;362,86;126
2003;8;GLO;SBBR;SBGL;442,00;2
2003;8;GLO;SBPA;SBSP;413,41;345
2003;8;GLO;SBSP;SBPA;264,51;2953
2003;8;GLO;SBRJ;SBPA;227,23;47
2003;8;GLO;SBBR;SBBH;356,00;2
2003;8;GLO;SBBH;SBCT;125,58;790
2003;8;GLO;SBRJ;SBCT;186,76;471
2003;8;GLO;SBKP;SBBR;185,84;1020
2003;8;GLO;SBGL;SBSV;306,32;291
2003;8;GLO;SBBH;SBRJ;131,90;3483
2003;8;GLO;SBSP;SBVT;75,00;4
2003;8;GLO;SBSP;SBBR;462,33;80
2003;8;GLO;SBGL;SBSV;555,00;1
2003;8;GLO;SBVT;SBSP;250,07;90
2003;8;GLO;SBBH;SBSP;345,00;1
2003;8;GLO;SBRJ;SBPA;178,81;442
2003;8;GLO;SBSP;SBBH;227,37;70
2003;8;GLO;SBRJ;SBBH;166,85;522
2003;8;GLO;SBKP;SBBH;160,17;23
2003;8;GLO;SBSP;SBGL;195,00;165
2003;8;GLO;SBSV;SBGL;506,00;2
2003;8;GLO;SBCT;SBBH;113,30;1194
2003;8;GLO;SBPA;SBGL;438,00;10
2003;8;GLO;SBKP;SBRJ;350,00;25
2003;8;GLO;SBSP;SBBH;345,00;3
2003;8;GLO;SBPA;SBRJ;181,96;450
2003;8;GLO;SBPA;SBGL;466,86;21
2003;8;GLO;SBGO;SBBR;127,01;115
2003;8;GLO;SBBE;SBMQ;239,75;4
2003;8;GLO;SBBR;SBBH;299,85;36
2003;8;GLO;SBBH;SBCT;167,00;6
2003;8;GLO;SBGL;SBSP;194,56;288
2003;8;GLO;SBKP;SBBR;274,88;9
2003;8;GLO;SBFL;SBRJ;75,00;2
2003;8;GLO;SBCT;SBRJ;150,00;1
2003;8;GLO;SBRJ;SBBH;142,00;416
2003;8;GLO;SBKP;SBPA;187,77;135
2003;8;GLO;SBKP;SBRJ;388,00;4
2003;8;GLO;SBRJ;SBBR;484,00;5
2003;8;GLO;SBRJ;SBVT;132,52;3293
2003;8;GLO;SBPA;SBSP;263,09;400
2003;8;GLO;SBFL;SBSP;260,82;23
2003;8;GLO;SBGL;SBBR;374,21;7
2003;8;GLO;SBKP;SBPA;220,62;943
2003;8;GLO;SBSP;SBBR;336,55;53
2003;8;GLO;SBKP;SBRJ;282,71;274
2003;8;GLO;SBRJ;SBSP;160,02;5476
2003;8;GLO;SBSV;SBBR;418,00;51
2003;8;GLO;SBGL;SBCT;336,00;2
2003;8;GLO;SBBR;SBKP;167,00;2
2003;8;GLO;SBSP;SBNF;245,56;9
2003;8;GLO;SBRF;SBGL;434,49;114
2003;8;GLO;SBSP;SBFL;168,18;233
2003;8;GLO;SBBH;SBKP;318,43;4
2003;8;GLO;SBCT;SBRJ;127,12;717
2003;8;GLO;SBPA;SBBR;314,28;166
2003;8;GLO;SBKP;SBCT;259,30;57
2003;8;GLO;SBSP;SBBR;271,94;272
2003;8;GLO;SBBR;SBKP;187,15;349
2003;8;GLO;SBSP;SBGL;160,17;1970
2003;8;GLO;SBBR;SBGL;329,24;547
2003;8;GLO;SBFL;SBBR;220,50;64
2003;8;GLO;SBRF;SBGL;810,00;1
2003;8;GLO;SBGL;SBSV;421,47;99
2003;8;GLO;SBBH;SBRJ;319,00;16
2003;8;GLO;SBSP;SBFL;230,53;26
2003;8;GLO;SBSP;SBGL;134,26;84
2003;8;GLO;SBSV;SBRF;267,00;3
2003;8;GLO;SBBE;SBBR;238,50;1
2003;8;GLO;SBCT;SBPA;165,98;3084
2003;8;GLO;SBBR;SBBE;426,00;17
2003;8;GLO;SBSP;SBPS;210,15;275
2003;8;GLO;SBPS;SBSP;154,75;646
2003;8;GLO;SBBR;SBFZ;588,00;4
2003;8;GLO;SBVT;SBSP;149,09;163
2003;8;GLO;SBBE;SBMQ;160,50;163
2003;8;GLO;SBBE;SBBR;419,13;31
2003;8;GLO;SBRJ;SBSP;324,00;1
2003;8;GLO;SBGL;SBFL;180,41;61
2003;8;GLO;SBBR;SBCT;230,76;17
2003;8;GLO;SBSP;SBBR;516,00;1
2003;8;GLO;SBBR;SBSP;353,84;1152
2003;8;GLO;SBPA;SBCT;132,64;95
2003;8;GLO;SBSP;SBBH;235,00;3871
2003;8;GLO;SBFL;SBPA;170,75;12
2003;8;GLO;SBBH;SBRJ;188,50;220
2003;8;GLO;SBRJ;SBVT;142,06;351
2003;8;GLO;SBKP;SBBR;121,50;4
2003;8;GLO;SBSP;SBFL;176,13;2407
2003;8;GLO;SBSP;SBVT;145,21;3424
2003;8;GLO;SBSP;SBBR;436,91;85
2003;8;GLO;SBFL;SBSP;190,09;607
2003;8;GLO;SBSV;SBRF;173,10;30
2003;8;GLO;SBCT;SBSP;234,30;3031
2003;8;GLO;SBPA;SBBR;279,51;44
2003;8;GLO;SBPA;SBKP;229,31;711
2003;8;GLO;SBSP;SBPA;320,09;2193
2003;8;GLO;SBRJ;SBFL;135,13;158
2003;8;GLO;SBBR;SBPA;666,65;37
2003;8;GLO;SBSP;SBFL;377,00;1
2003;8;GLO;SBSV;SBRF;232,45;46
2003;8;GLO;SBRJ;SBVT;184,30;20
2003;8;GLO;SBSP;SBVT;179,55;412
2003;8;GLO;SBCT;SBSP;299,00;6
2003;8;GLO;SBPS;SBSP;347,53;74
2003;8;GLO;SBGL;SBRF;187,50;4
2003;8;GLO;SBFL;SBGL;311,08;153
2003;8;GLO;SBRF;SBSV;430,05;23
2003;8;GLO;SBGO;SBSP;150,00;4
2003;8;GLO;SBGL;SBSP;100,00;44
2003;8;GLO;SBFZ;SBRF;280,00;1
2003;8;GLO;SBCT;SBGL;299,00;5
2003;8;GLO;SBBE;SBBR;330,05;1
2003;8;GLO;SBSP;SBRJ;219,36;14
2003;8;GLO;SBSP;SBFL;316,00;1
2003;8;GLO;SBGL;SBSV;413,00;20
2003;8;GLO;SBRJ;SBCT;268,80;5
2003;8;GLO;SBBR;SBCT;745,00;2
2003;8;GLO;SBVT;SBSP;190,42;1588
2003;8;GLO;SBRF;SBSV;173,76;25
2003;8;GLO;SBSP;SBCT;156,14;7
2003;8;GLO;SBBR;SBSP;369,02;463
2003;8;GLO;SBFL;SBSP;249,07;65
2003;8;GLO;SBKP;SBBR;489,00;6
2003;8;GLO;SBSP;SBPA;295,68;6018
2003;8;GLO;SBSV;SBRF;203,12;2139
2003;8;GLO;SBMQ;SBBE;145,00;9
2003;8;GLO;SBRJ;SBBH;296,21;7
2003;8;GLO;SBNF;SBSP;302,87;6
2003;8;GLO;SBNF;SBSP;287,00;2
2003;8;GLO;SBRJ;SBVT;147,58;2217
2003;8;GLO;SBPA;SBRJ;172,08;635
2003;8;GLO;SBRJ;SBKP;233,42;151
2003;8;GLO;SBKP;SBRJ;151,00;2
2003;8;GLO;SBBH;SBBR;266,00;48
2003;8;GLO;SBKP;SBPA;234,00;2
2003;8;GLO;SBCT;SBRJ;258,36;39
2003;8;GLO;SBPA;SBSP;352,17;334
2003;8;GLO;SBSP;SBVT;142,03;150
2003;8;GLO;SBPA;SBSP;571,00;1
2003;8;GLO;SBRF;SBGL;558,00;2
2003;8;GLO;SBRF;SBSV;200,00;187
2003;8;GLO;SBSP;SBPA;371,37;333
2003;8;GLO;SBRJ;SBPA;449,35;10
2003;8;GLO;SBRJ;SBBH;147,34;3232
2003;8;GLO;SBSP;SBGO;282,26;47
2003;8;GLO;SBFL;SBSP;176,66;1990
2003;8;GLO;SBNF;SBSP;206,00;52
2003;8;GLO;SBBH;SBSP;253,00;1
2003;8;GLO;SBSP;SBGL;145,13;1474
2003;8;GLO;SBBR;SBFZ;626,01;823
2003;8;GLO;SBBH;SBRJ;281,00;1
2003;8;GLO;SBGL;SBFL;247,59;221
2003;8;GLO;SBRF;SBFZ;275,74;19
2003;8;GLO;SBSP;SBBR;345,89;304
2003;8;GLO;SBSP;SBNF;182,00;85
2003;8;GLO;SBBH;SBSP;458,00;1
2003;8;GLO;SBRJ;SBBH;188,91;304
2003;8;GLO;SBBR;SBSV;615,00;1
2003;8;GLO;SBPA;SBSP;343,10;2341
2003;8;GLO;SBSP;SBPA;350,55;687
2003;8;GLO;SBPA;SBGL;319,40;1082
2003;8;GLO;SBCT;SBPA;181,86;739
2003;8;GLO;SBBH;SBKP;127,00;10
2003;8;GLO;SBGL;SBBR;292,77;378
2003;8;GLO;SBGL;SBSV;377,67;4235
2003;8;GLO;SBFL;SBRJ;160,63;1100
2003;8;GLO;SBBH;SBBR;310,88;23
2003;8;GLO;SBRF;SBFZ;231,34;87
2003;8;GLO;SBKP;SBCT;212,75;216
2003;8;GLO;SBCT;SBSP;309,00;1
2003;8;GLO;SBBR;SBFL;197,96;661
2003;8;GLO;SBRJ;SBCT;116,42;12
2003;8;GLO;SBSP;SBRJ;163,00;2
2003;8;GLO;SBSP;SBFL;197,24;3417
2003;8;GLO;SBPA;SBCT;152,35;3188
2003;8;GLO;SBRJ;SBFL;178,45;840
2003;8;GLO;SBBR;SBRJ;311,71;5011
2003;8;GLO;SBFL;SBRJ;177,50;74
2003;8;GLO;SBRJ;SBSP;163,00;6
2003;8;GLO;SBCT;SBBH;125,31;732
2003;8;GLO;SBBH;SBSP;307,59;49
2003;8;GLO;SBBH;SBSP;210,92;2689
2003;8;GLO;SBKP;SBCT;370,00;8
2003;8;GLO;SBSV;SBGL;375,13;4256
2003;8;GLO;SBRJ;SBSP;293,00;8
2003;8;GLO;SBGL;SBRF;524,00;70
2003;8;GLO;SBBR;SBRJ;274,05;2475
2003;8;GLO;SBCT;SBPA;136,19;2835
2003;8;GLO;SBCT;SBBR;287,27;990
2003;8;GLO;SBPA;SBFL;125,56;423
2003;8;GLO;SBSV;SBRF;361,95;18
2003;8;GLO;SBSV;SBGL;461,00;61
2003;8;GLO;SBSP;SBBH;270,93;160
2003;8;GLO;SBKP;SBPA;172,50;16
2003;8;GLO;SBCT;SBRJ;456,00;1
2003;8;GLO;SBBR;SBRJ;362,80;86
2003;8;GLO;SBGL;SBSP;282,00;17
2003;8;GLO;SBBH;SBBR;210,58;19
2003;8;GLO;SBPA;SBGL;297,17;992
2003;8;GLO;SBSP;SBBH;210,62;2323
2003;8;GLO;SBCT;SBKP;209,00;7
2003;8;GLO;SBGL;SBSV;461,00;33
2003;8;GLO;SBCT;SBRJ;139,20;1541
2003;8;GLO;SBRJ;SBCT;131,68;760
2003;8;GLO;SBBR;SBPA;293,65;40
2003;8;GLO;SBCT;SBRJ;336,00;1
2003;8;GLO;SBRF;SBGL;699,48;31
2003;8;GLO;SBPA;SBFL;94,21;1128
2003;8;GLO;SBCT;SBBR;674,00;1
2003;8;GLO;SBGO;SBSP;343,08;894
2003;8;GLO;SBGL;SBSP;181,15;39
2003;8;GLO;SBSP;SBCT;208,34;809
2003;8;GLO;SBCT;SBPA;188,75;148
2003;8;GLO;SBBR;SBFL;232,49;511
2003;8;GLO;SBKP;SBPA;313,00;9
2003;8;GLO;SBSV;SBGL;407,50;36
2003;8;GLO;SBSP;SBCT;210,52;2549
2003;8;GLO;SBPA;SBCT;170,00;20
2003;8;GLO;SBSP;SBGO;431,85;27
2003;8;GLO;SBSP;SBPS;292,19;16
2003;8;GLO;SBPA;SBBR;388,74;737
2003;8;GLO;SBBR;SBRJ;361,00;29
2003;8;GLO;SBFL;SBPA;123,09;1879
2003;8;GLO;SBSP;SBPA;344,00;20
2003;8;GLO;SBSV;SBBR;389,79;48
2003;8;GLO;SBSP;SBGO;402,86;119
2003;8;GLO;SBGL;SBSV;397,01;441
2003;8;GLO;SBVT;SBRJ;167,58;349
2003;8;GLO;SBBH;SBSP;212,83;138
2003;8;GLO;SBPA;SBSP;615,00;2
2003;8;GLO;SBBR;SBGO;128,78;118
2003;8;GLO;SBGL;SBBR;368,00;8
2003;8;GLO;SBMQ;SBBE;117,33;42
2003;8;GLO;SBFL;SBPA;211,00;1
2003;8;GLO;SBBE;SBMQ;162,40;15
2003;8;GLO;SBRJ;SBSP;191,04;3589
2003;8;GLO;SBRJ;SBKP;265,13;968
2003;8;GLO;SBRJ;SBVT;265,68;16
2003;8;GLO;SBFL;SBGL;150,00;1
2003;8;GLO;SBPA;SBKP;170,32;10
2003;8;GLO;SBRJ;SBBH;124,60;15
2003;8;GLO;SBPA;SBGL;545,00;1
2003;8;GLO;SBBH;SBKP;111,63;577
2003;8;GLO;SBCT;SBGL;304,71;10
2003;8;GLO;SBSP;SBGO;150,00;1
2003;8;GLO;SBRF;SBGL;524,00;71
2003;8;GLO;SBGL;SBRF;629,00;9
2003;8;GLO;SBPA;SBFL;90,64;11
2003;8;GLO;SBFZ;SBRF;177,89;2547
2003;8;GLO;SBKP;SBCT;571,00;2
2003;8;GLO;SBSP;SBPA;462,29;205
2003;8;GLO;SBCT;SBBR;255,58;304
2003;8;PLY;SBMQ;SBBE;187,49;18
2003;8;PLY;SBMQ;SBBE;99,54;52
2003;8;PLY;SBBE;SBMQ;416,64;10
2003;8;PLY;SBBE;SBMQ;187,49;5
2003;8;TAM;SBBR;SBBE;867,00;28
2003;8;TAM;SBCT;SBBH;614,00;38
2003;8;TAM;SBFL;SBGR;413,00;6
2003;8;TAM;SBVT;SBRJ;481,00;2
2003;8;TAM;SBCT;SBGR;450,00;3
2003;8;TAM;SBBH;SBRJ;529,00;91
2003;8;TAM;SBVT;SBRJ;176,00;2268
2003;8;TAM;SBBR;SBKP;450,00;195
2003;8;TAM;SBFL;SBGR;364,00;26
2003;8;TAM;SBBR;SBBE;513,00;17
2003;8;TAM;SBRP;SBSP;363,00;2502
2003;8;TAM;SBPA;SBFL;339,00;2
2003;8;TAM;SBFL;SBPA;458,00;1
2003;8;TAM;SBGO;SBSP;597,00;115
2003;8;TAM;SBFZ;SBRF;589,00;53
2003;8;TAM;SBPA;SBCT;528,00;15
2003;8;TAM;SBCT;SBGL;736,00;52
2003;8;TAM;SBRJ;SBVT;176,00;2725
2003;8;TAM;SBSP;SBBR;743,00;123
2003;8;TAM;SBBR;SBBE;1137,00;55
2003;8;TAM;SBBE;SBBR;434,00;865
2003;8;TAM;SBBH;SBSP;318,00;9255
2003;8;TAM;SBSP;SBBH;463,00;174
2003;8;TAM;SBKP;SBPA;499,00;61
2003;8;TAM;SBBH;SBRJ;378,00;177
2003;8;TAM;SBSV;SBRF;1410,00;5
2003;8;TAM;SBBH;SBCT;390,00;76
2003;8;TAM;SBBR;SBCT;757,00;36
2003;8;TAM;SBGR;SBBR;485,00;76
2003;8;TAM;SBBR;SBFL;738,00;96
2003;8;TAM;SBRJ;SBSP;423,00;13
2003;8;TAM;SBBR;SBGR;807,00;49
2003;8;TAM;SBCT;SBGL;620,00;10
2003;8;TAM;SBBR;SBFZ;815,00;26
2003;8;TAM;SBVT;SBSP;639,00;185
2003;8;TAM;SBGO;SBBR;220,00;72
2003;8;TAM;SBGR;SBKP;151,00;49
2003;8;TAM;SBPA;SBGR;490,00;46
2003;8;TAM;SBSP;SBPA;422,00;4914
2003;8;TAM;SBFL;SBBR;1085,00;92
2003;8;TAM;SBRF;SBFZ;280,00;47
2003;8;TAM;SBSP;SBFL;364,00;26
2003;8;TAM;SBFL;SBPA;494,00;17
2003;8;TAM;SBGR;SBSV;1059,00;6
2003;8;TAM;SBBR;SBBH;348,00;210
2003;8;TAM;SBRJ;SBBR;709,00;152
2003;8;TAM;SBCT;SBPA;377,00;31
2003;8;TAM;SBGL;SBPA;750,00;12
2003;8;TAM;SBRF;SBSV;256,00;846
2003;8;TAM;SBBH;SBCT;614,00;16
2003;8;TAM;SBCT;SBBH;679,00;41
2003;8;TAM;SBPS;SBSP;865,00;2
2003;8;TAM;SBBH;SBCT;743,00;6
2003;8;TAM;SBCT;SBBR;916,00;2
2003;8;TAM;SBBR;SBGL;641,00;3
2003;8;TAM;SBBR;SBGO;324,00;71
2003;8;TAM;SBGR;SBCT;411,00;34
2003;8;TAM;SBBR;SBSP;549,00;861
2003;8;TAM;SBBR;SBBE;1050,00;1
2003;8;TAM;SBBR;SBGO;272,00;72
2003;8;TAM;SBGO;SBBR;194,00;102
2003;8;TAM;SBSP;SBVT;456,00;289
2003;8;TAM;SBGR;SBCT;333,00;74
2003;8;TAM;SBGO;SBSP;723,00;38
2003;8;TAM;SBCF;SBGR;606,00;21
2003;8;TAM;SBSP;SBVT;699,00;20
2003;8;TAM;SBRJ;SBVT;521,00;53
2003;8;TAM;SBVT;SBRJ;397,00;34
2003;8;TAM;SBBH;SBSP;463,00;140
2003;8;TAM;SBPA;SBGL;982,00;152
2003;8;TAM;SBBH;SBSP;560,00;46
2003;8;TAM;SBBR;SBRJ;418,00;3125
2003;8;TAM;SBFL;SBBR;500,00;643
2003;8;TAM;SBGR;SBFL;234,00;144
2003;8;TAM;SBFL;SBGR;510,00;14
2003;8;TAM;SBGR;SBKP;215,00;3
2003;8;TAM;SBKP;SBBR;727,00;24
2003;8;TAM;SBSV;SBGR;691,00;170
2003;8;TAM;SBPA;SBKP;566,00;5
2003;8;TAM;SBGR;SBGL;350,00;10
2003;8;TAM;SBFL;SBSP;364,00;18
2003;8;TAM;SBMQ;SBBE;133,00;2795
2003;8;TAM;SBSP;SBRP;363,00;2329
2003;8;TAM;SBVT;SBSP;456,00;467
2003;8;TAM;SBRJ;SBBR;776,00;22
2003;8;TAM;SBPA;SBKP;699,00;8
2003;8;TAM;SBBR;SBGL;776,00;2
2003;8;TAM;SBVT;SBRJ;356,00;54
2003;8;TAM;SBRF;SBSV;1261,00;30
2003;8;TAM;SBCT;SBSP;372,00;179
2003;8;TAM;SBSV;SBRF;310,00;4
2003;8;TAM;SBBR;SBFL;500,00;235
2003;8;TAM;SBCF;SBGR;512,00;14
2003;8;TAM;SBCT;SBGL;331,00;19
2003;8;TAM;SBBH;SBBR;348,00;110
2003;8;TAM;SBBE;SBMQ;133,00;2882
2003;8;TAM;SBBH;SBCT;420,00;103
2003;8;TAM;SBFL;SBSP;510,00;114
2003;8;TAM;SBGR;SBCF;414,00;12
2003;8;TAM;SBSP;SBUL;463,00;180
2003;8;TAM;SBSV;SBBR;928,00;117
2003;8;TAM;SBBR;SBCT;916,00;6
2003;8;TAM;SBBR;SBGO;194,00;143
2003;8;TAM;SBRF;SBSV;1558,00;8
2003;8;TAM;SBCT;SBFL;501,00;359
2003;8;TAM;SBGL;SBGR;313,00;8
2003;8;TAM;SBFL;SBGR;607,00;34
2003;8;TAM;SBSP;SBBR;614,00;365
2003;8;TAM;SBRJ;SBVT;235,00;44
2003;8;TAM;SBGL;SBSV;899,00;7
2003;8;TAM;SBPS;SBSP;714,00;8
2003;8;TAM;SBBR;SBGL;709,00;2
2003;8;TAM;SBGR;SBGL;458,00;56
2003;8;TAM;SBGL;SBSV;821,00;48
2003;8;TAM;SBBR;SBSP;418,00;12047
2003;8;TAM;SBGR;SBCT;372,00;40
2003;8;TAM;SBBR;SBKP;863,00;75
2003;8;TAM;SBSP;SBPA;686,00;285
2003;8;TAM;SBBH;SBCT;341,00;1275
2003;8;TAM;SBGL;SBSV;664,00;47
2003;8;TAM;SBSV;SBRF;256,00;885
2003;8;TAM;SBBE;SBBR;867,00;9
2003;8;TAM;SBGR;SBFL;364,00;2
2003;8;TAM;SBVT;SBSP;517,00;227
2003;8;TAM;SBFL;SBSP;234,00;2344
2003;8;TAM;SBBR;SBKP;519,00;70
2003;8;TAM;SBSP;SBVT;517,00;127
2003;8;TAM;SBCF;SBGR;318,00;618
2003;8;TAM;SBSP;SBGO;597,00;50
2003;8;TAM;SBRF;SBFZ;645,00;3
2003;8;TAM;SBSP;SBRJ;199,00;3130
2003;8;TAM;SBSV;SBGL;586,00;279
2003;8;TAM;SBSP;SBUL;595,00;13
2003;8;TAM;SBCT;SBGL;455,00;31
2003;8;TAM;SBCT;SBBH;390,00;139
2003;8;TAM;SBBR;SBFL;825,00;32
2003;8;TAM;SBGL;SBCT;331,00;15
2003;8;TAM;SBSP;SBGL;243,00;5
2003;8;TAM;SBVT;SBRJ;314,00;134
2003;8;TAM;SBSV;SBBR;631,00;115
2003;8;TAM;SBCT;SBFL;834,00;11
2003;8;TAM;SBCT;SBBH;743,00;15
2003;8;TAM;SBFL;SBBR;825,00;19
2003;8;TAM;SBBR;SBCT;499,00;1449
2003;8;TAM;SBCT;SBKP;464,00;13
2003;8;TAM;SBBH;SBSP;512,00;209
2003;8;TAM;SBCT;SBGR;372,00;57
2003;8;TAM;SBBH;SBBR;306,00;2154
2003;8;TAM;SBPA;SBFL;378,00;6
2003;8;TAM;SBGR;SBCT;299,00;1104
2003;8;TAM;SBKP;SBPA;699,00;7
2003;8;TAM;SBVT;SBRJ;521,00;66
2003;8;TAM;SBRF;SBGL;1066,00;37
2003;8;TAM;SBFZ;SBRF;280,00;14
2003;8;TAM;SBBR;SBSV;705,00;66
2003;8;TAM;SBBR;SBBH;306,00;2591
2003;8;TAM;SBBR;SBBH;655,00;13
2003;8;TAM;SBVT;SBRJ;209,00;75
2003;8;TAM;SBGL;SBRF;1066,00;35
2003;8;TAM;SBRF;SBFZ;589,00;28
2003;8;TAM;SBFZ;SBRF;533,00;29
2003;8;TAM;SBPA;SBKP;376,00;934
2003;8;TAM;SBUL;SBSP;403,00;2502
2003;8;TAM;SBSP;SBPS;976,00;14
2003;8;TAM;SBGR;SBBR;679,00;59
2003;8;TAM;SBSP;SBRP;434,00;26
2003;8;TAM;SBBR;SBCT;610,00;143
2003;8;TAM;SBCT;SBKP;383,00;18
2003;8;TAM;SBBH;SBBR;586,00;107
2003;8;TAM;SBCT;SBPA;327,00;134
2003;8;TAM;SBBR;SBSP;614,00;225
2003;8;TAM;SBGL;SBRF;709,00;171
2003;8;TAM;SBSP;SBPA;858,00;213
2003;8;TAM;SBSP;SBGO;660,00;90
2003;8;TAM;SBMQ;SBBE;309,00;18
2003;8;TAM;SBBR;SBSP;485,00;2309
2003;8;TAM;SBBR;SBFL;912,00;16
2003;8;TAM;SBPA;SBCT;377,00;20
2003;8;TAM;SBKP;SBCT;383,00;50
2003;8;TAM;SBCT;SBKP;232,00;686
2003;8;TAM;SBBH;SBRJ;630,00;230
2003;8;TAM;SBBH;SBRJ;176,00;4450
2003;8;TAM;SBGO;SBSP;534,00;266
2003;8;TAM;SBSP;SBPS;639,00;2
2003;8;TAM;SBFL;SBPA;299,00;15
2003;8;TAM;SBRJ;SBBH;224,00;211
2003;8;TAM;SBSP;SBBH;560,00;139
2003;8;TAM;SBSP;SBFL;668,00;28
2003;8;TAM;SBRF;SBSV;965,00;262
2003;8;TAM;SBVT;SBSP;835,00;179
2003;8;TAM;SBRJ;SBBH;378,00;246
2003;8;TAM;SBBH;SBBR;401,00;220
2003;8;TAM;SBRJ;SBBR;439,00;1561
2003;8;TAM;SBGR;SBPA;752,00;1
2003;8;TAM;SBBR;SBFZ;726,00;806
2003;8;TAM;SBGR;SBBR;807,00;92
2003;8;TAM;SBBR;SBGO;164,00;1144
2003;8;TAM;SBSP;SBBR;917,00;307
2003;8;TAM;SBCT;SBKP;487,00;181
2003;8;TAM;SBBR;SBFL;999,00;6
2003;8;TAM;SBGR;SBFL;316,00;16
2003;8;TAM;SBCF;SBGR;365,00;34
2003;8;TAM;SBGL;SBRF;761,00;167
2003;8;TAM;SBBH;SBRJ;224,00;154
2003;8;TAM;SBVT;SBRJ;439,00;25
2003;8;TAM;SBKP;SBCT;343,00;30
2003;8;TAM;SBGL;SBPA;671,00;35
2003;8;TAM;SBGR;SBSV;783,00;33
2003;8;TAM;SBPS;SBSP;639,00;83
2003;8;TAM;SBRJ;SBBH;630,00;170
2003;8;TAM;SBPA;SBCT;283,00;14
2003;8;TAM;SBRJ;SBBR;842,00;418
2003;8;TAM;SBRJ;SBVT;356,00;15
2003;8;TAM;SBFL;SBPA;418,00;13
2003;8;TAM;SBBE;SBBR;456,00;51
2003;8;TAM;SBRJ;SBBH;529,00;82
2003;8;TAM;SBBR;SBBH;586,00;39
2003;8;TAM;SBRJ;SBVT;272,00;142
2003;8;TAM;SBCT;SBPA;627,00;68
2003;8;TAM;SBRJ;SBBH;479,00;106
2003;8;TAM;SBGR;SBFL;510,00;15
2003;8;TAM;SBPA;SBKP;499,00;43
2003;8;TAM;SBCT;SBBH;807,00;136
2003;8;TAM;SBBR;SBSV;631,00;142
2003;8;TAM;SBCT;SBBR;499,00;1974
2003;8;TAM;SBBE;SBBR;513,00;83
2003;8;TAM;SBRF;SBGL;635,00;1191
2003;8;TAM;SBGR;SBCF;606,00;62
2003;8;TAM;SBFL;SBCT;501,00;468
2003;8;TAM;SBCT;SBGL;500,00;12
2003;8;TAM;SBGL;SBRF;1269,00;192
2003;8;TAM;SBMQ;SBBE;236,00;43
2003;8;TAM;SBPA;SBKP;632,00;15
2003;8;TAM;SBGR;SBGL;243,00;280
2003;8;TAM;SBFZ;SBBR;815,00;38
2003;8;TAM;SBSP;SBPS;714,00;4
2003;8;TAM;SBFL;SBGR;316,00;62
2003;8;TAM;SBBR;SBGO;220,00;71
2003;8;TAM;SBBR;SBGR;485,00;25
2003;8;TAM;SBFL;SBSP;269,00;38
2003;8;TAM;SBGR;SBCT;450,00;2
2003;8;TAM;SBBR;SBBE;456,00;52
2003;8;TAM;SBSV;SBGL;664,00;176
2003;8;TAM;SBBR;SBBH;724,00;37
2003;8;TAM;SBRJ;SBVT;314,00;82
2003;8;TAM;SBRJ;SBVT;397,00;5
2003;8;TAM;SBGO;SBSP;474,00;3185
2003;8;TAM;SBPA;SBGR;752,00;4
2003;8;TAM;SBBR;SBRJ;709,00;162
2003;8;TAM;SBSP;SBVT;399,00;3941
2003;8;TAM;SBGR;SBGL;423,00;9
2003;8;TAM;SBRF;SBFZ;421,00;58
2003;8;TAM;SBFZ;SBRF;217,00;164
2003;8;TAM;SBRF;SBFZ;533,00;29
2003;8;TAM;SBGR;SBGL;313,00;101
2003;8;TAM;SBPA;SBCT;209,00;1746
2003;8;TAM;SBSP;SBGL;276,00;2
2003;8;TAM;SBBE;SBBR;958,00;23
2003;8;TAM;SBGO;SBBR;298,00;8
2003;8;TAM;SBRP;SBSP;519,00;85
2003;8;TAM;SBGL;SBGR;458,00;29
2003;8;TAM;SBSV;SBBR;780,00;22
2003;8;TAM;SBBR;SBCT;677,00;162
2003;8;TAM;SBGR;SBCF;463,00;10
2003;8;TAM;SBGL;SBSV;459,00;1894
2003;8;TAM;SBRF;SBFZ;245,00;76
2003;8;TAM;SBGL;SBRF;863,00;13
2003;8;TAM;SBCF;SBGR;463,00;11
2003;8;TAM;SBPA;SBGR;556,00;17
2003;8;TAM;SBBR;SBGR;418,00;778
2003;8;TAM;SBBE;SBBR;685,00;33
2003;8;TAM;SBBR;SBCT;837,00;29
2003;8;TAM;SBGR;SBPA;422,00;521
2003;8;TAM;SBFZ;SBRF;698,00;89
2003;8;TAM;SBSV;SBRF;965,00;197
2003;8;TAM;SBRF;SBSV;276,00;82
2003;8;TAM;SBGL;SBCT;313,00;695
2003;8;TAM;SBFL;SBPA;128,00;886
2003;8;TAM;SBPA;SBKP;832,00;50
2003;8;TAM;SBBR;SBBE;685,00;126
2003;8;TAM;SBBR;SBRJ;439,00;1243
2003;8;TAM;SBBR;SBBE;434,00;565
2003;8;TAM;SBSP;SBBH;512,00;292
2003;8;TAM;SBSP;SBCT;333,00;757
2003;8;TAM;SBRF;SBGL;1269,00;183
2003;8;TAM;SBRF;SBSV;1410,00;2
2003;8;TAM;SBCF;SBGR;560,00;5
2003;8;TAM;SBBH;SBRJ;328,00;494
2003;8;TAM;SBGL;SBPA;829,00;33
2003;8;TAM;SBCT;SBBH;341,00;1021
2003;8;TAM;SBFZ;SBBR;911,00;7
2003;8;TAM;SBBH;SBRJ;479,00;48
2003;8;TAM;SBFZ;SBRF;245,00;105
2003;8;TAM;SBPA;SBCT;428,00;15
2003;8;TAM;SBKP;SBCT;302,00;69
2003;8;TAM;SBGL;SBPA;449,00;1882
2003;8;TAM;SBFZ;SBRF;365,00;89
2003;8;TAM;SBFL;SBGR;269,00;10
2003;8;TAM;SBBE;SBMQ;159,00;847
2003;8;TAM;SBCT;SBBH;420,00;57
2003;8;TAM;SBFL;SBPA;174,00;104
2003;8;TAM;SBBR;SBGR;679,00;14
2003;8;TAM;SBBR;SBGL;418,00;32
2003;8;TAM;SBSV;SBGL;459,00;2183
2003;8;TAM;SBFZ;SBBR;726,00;583
2003;8;TAM;SBPS;SBSP;790,00;39
2003;8;TAM;SBSP;SBFL;413,00;35
2003;8;TAM;SBBR;SBFZ;911,00;5
2003;8;TAM;SBGL;SBGR;243,00;88
2003;8;TAM;SBGL;SBPA;513,00;151
2003;8;TAM;SBGR;SBPA;816,00;50
2003;8;TAM;SBGR;SBSV;603,00;2291
2003;8;TAM;SBGL;SBGR;276,00;46
2003;8;TAM;SBUL;SBSP;727,00;35
2003;8;TAM;SBCT;SBPA;428,00;16
2003;8;TAM;SBRJ;SBSP;458,00;1504
2003;8;TAM;SBSP;SBBR;679,00;360
2003;8;TAM;SBSP;SBUL;403,00;2201
2003;8;TAM;SBMQ;SBBE;204,00;24
2003;8;TAM;SBBR;SBSP;917,00;332
2003;8;TAM;SBBR;SBFZ;1199,00;82
2003;8;TAM;SBCT;SBGL;394,00;45
2003;8;TAM;SBGL;SBBR;418,00;2
2003;8;TAM;SBGR;SBSV;967,00;54
2003;8;TAM;SBPA;SBKP;433,00;353
2003;8;TAM;SBBR;SBKP;305,00;360
2003;8;TAM;SBCT;SBBR;610,00;85
2003;8;TAM;SBKP;SBBR;588,00;65
2003;8;TAM;SBCT;SBGR;333,00;104
2003;8;TAM;SBPA;SBFL;418,00;15
2003;8;TAM;SBCT;SBBH;485,00;80
2003;8;TAM;SBFZ;SBRF;645,00;31
2003;8;TAM;SBBE;SBMQ;236,00;111
2003;8;TAM;SBSV;SBGR;783,00;98
2003;8;TAM;SBPS;SBSP;579,00;114
2003;8;TAM;SBBH;SBCT;485,00;74
2003;8;TAM;SBVT;SBSP;578,00;211
2003;8;TAM;SBCT;SBPA;528,00;15
2003;8;TAM;SBBR;SBKP;796,00;17
2003;8;TAM;SBBH;SBRJ;199,00;560
2003;8;TAM;SBSV;SBGL;821,00;66
2003;8;TAM;SBBR;SBFL;565,00;369
2003;8;TAM;SBGL;SBCT;500,00;2
2003;8;TAM;SBBR;SBSV;484,00;779
2003;8;TAM;SBPS;SBSP;976,00;18
2003;8;TAM;SBRJ;SBBH;580,00;6
2003;8;TAM;SBRF;SBFZ;365,00;118
2003;8;TAM;SBSP;SBPS;579,00;85
2003;8;TAM;SBSV;SBGR;603,00;2724
2003;8;TAM;SBBE;SBMQ;182,00;106
2003;8;TAM;SBPA;SBGR;621,00;13
2003;8;TAM;SBPA;SBCT;627,00;66
2003;8;TAM;SBSV;SBGR;1149,00;365
2003;8;TAM;SBKP;SBGR;151,00;101
2003;8;TAM;SBRP;SBSP;396,00;179
2003;8;TAM;SBSP;SBPS;790,00;46
2003;8;TAM;SBSV;SBRF;1261,00;23
2003;8;TAM;SBRJ;SBBR;506,00;535
2003;8;TAM;SBRF;SBFZ;477,00;67
2003;8;TAM;SBPA;SBFL;199,00;30
2003;8;TAM;SBSP;SBBR;549,00;588
2003;8;TAM;SBRF;SBFZ;315,00;2
2003;8;TAM;SBCT;SBBR;560,00;185
2003;8;TAM;SBSP;SBFL;461,00;8
2003;8;TAM;SBSV;SBRF;1855,00;40
2003;8;TAM;SBSV;SBBR;557,00;122
2003;8;TAM;SBRJ;SBBR;641,00;223
2003;8;TAM;SBBR;SBGO;246,00;42
2003;8;TAM;SBFZ;SBRF;477,00;86
2003;8;TAM;SBGR;SBCF;318,00;485
2003;8;TAM;SBVT;SBRJ;272,00;156
2003;8;TAM;SBSP;SBCT;513,00;141
2003;8;TAM;SBGR;SBBR;614,00;26
2003;8;TAM;SBGR;SBPA;686,00;45
2003;8;TAM;SBBE;SBBR;593,00;120
2003;8;TAM;SBCT;SBBR;757,00;58
2003;8;TAM;SBCT;SBGL;576,00;4
2003;8;TAM;SBSP;SBGO;723,00;8
2003;8;TAM;SBBE;SBMQ;272,00;71
2003;8;TAM;SBBR;SBGL;439,00;9
2003;8;TAM;SBRJ;SBBH;199,00;440
2003;8;TAM;SBFL;SBBR;652,00;20
2003;8;TAM;SBBR;SBSV;928,00;102
2003;8;TAM;SBSV;SBRF;276,00;56
2003;8;TAM;SBCT;SBGR;411,00;32
2003;8;TAM;SBBR;SBKP;588,00;74
2003;8;TAM;SBSP;SBPA;556,00;214
2003;8;TAM;SBBR;SBSP;679,00;221
2003;8;TAM;SBGL;SBRF;635,00;1099
2003;8;TAM;SBFZ;SBRF;315,00;4
2003;8;TAM;SBCT;SBBR;677,00;77
2003;8;TAM;SBGR;SBGL;386,00;34
2003;8;TAM;SBSP;SBGL;313,00;1
2003;8;TAM;SBKP;SBGR;197,00;2
2003;8;TAM;SBBR;SBBH;517,00;38
2003;8;TAM;SBFL;SBPA;378,00;7
2003;8;TAM;SBBR;SBBE;776,00;54
2003;8;TAM;SBBE;SBBR;776,00;18
2003;8;TAM;SBBH;SBBR;862,00;220
2003;8;TAM;SBSV;SBGL;977,00;234
2003;8;TAM;SBSV;SBRF;1558,00;7
2003;8;TAM;SBPA;SBGL;449,00;1698
2003;8;TAM;SBKP;SBGR;215,00;3
2003;8;TAM;SBSP;SBFL;269,00;103
2003;8;TAM;SBKP;SBPA;433,00;336
2003;8;TAM;SBMQ;SBBE;345,00;5
2003;8;TAM;SBCT;SBSP;411,00;192
2003;8;TAM;SBKP;SBBR;389,00;502
2003;8;TAM;SBUL;SBSP;529,00;91
2003;8;TAM;SBPA;SBCT;252,00;39
2003;8;TAM;SBBH;SBBR;517,00;66
2003;8;TAM;SBCT;SBFL;584,00;3
2003;8;TAM;SBKP;SBBR;796,00;5
2003;8;TAM;SBPA;SBSP;686,00;388
2003;8;TAM;SBKP;SBBR;657,00;32
2003;8;TAM;SBBR;SBGO;298,00;14
2003;8;TAM;SBCT;SBBH;549,00;98
2003;8;TAM;SBGL;SBGR;423,00;9
2003;8;TAM;SBBE;SBMQ;381,00;23
2003;8;TAM;SBBH;SBSP;681,00;248
2003;8;TAM;SBBR;SBGR;743,00;2
2003;8;TAM;SBBR;SBFZ;1007,00;17
2003;8;TAM;SBBR;SBRJ;842,00;416
2003;8;TAM;SBSP;SBPA;490,00;573
2003;8;TAM;SBGR;SBPA;556,00;10
2003;8;TAM;SBCT;SBSP;513,00;173
2003;8;TAM;SBGR;SBPA;621,00;4
2003;8;TAM;SBKP;SBCT;262,00;144
2003;8;TAM;SBCT;SBKP;302,00;37
2003;8;TAM;SBGR;SBCT;487,00;67
2003;8;TAM;SBVT;SBRJ;235,00;52
2003;8;TAM;SBBR;SBSV;780,00;29
2003;8;TAM;SBSP;SBCT;411,00;199
2003;8;TAM;SBPA;SBGR;816,00;93
2003;8;TAM;SBKP;SBPA;832,00;47
2003;8;TAM;SBBE;SBMQ;345,00;16
2003;8;TAM;SBBH;SBSP;414,00;443
2003;8;TAM;SBMQ;SBBE;272,00;9
2003;8;TAM;SBPA;SBFL;494,00;32
2003;8;TAM;SBBR;SBSV;557,00;134
2003;8;TAM;SBGR;SBCF;365,00;68
2003;8;TAM;SBCT;SBPA;283,00;19
2003;8;TAM;SBRF;SBSV;310,00;6
2003;8;TAM;SBVT;SBSP;699,00;52
2003;8;TAM;SBCT;SBPA;209,00;1790
2003;8;TAM;SBUL;SBSP;595,00;18
2003;8;TAM;SBBR;SBFL;1085,00;96
2003;8;TAM;SBBE;SBBR;1137,00;45
2003;8;TAM;SBCF;SBGR;414,00;14
2003;8;TAM;SBGL;SBGR;350,00;3
2003;8;TAM;SBSV;SBBR;484,00;965
2003;8;TAM;SBPA;SBGL;513,00;269
2003;8;TAM;SBGL;SBCT;455,00;18
2003;8;TAM;SBGL;SBSV;586,00;182
2003;8;TAM;SBSP;SBRJ;458,00;998
2003;8;TAM;SBGL;SBSV;977,00;144
2003;8;TAM;SBSP;SBBR;418,00;12058
2003;8;TAM;SBKP;SBBR;305,00;444
2003;8;TAM;SBCT;SBSP;299,00;9123
2003;8;TAM;SBSP;SBPA;752,00;77
2003;8;TAM;SBGO;SBBR;272,00;64
2003;8;TAM;SBGL;SBCT;394,00;30
2003;8;TAM;SBSP;SBGL;350,00;12
2003;8;TAM;SBPA;SBSP;422,00;4593
2003;8;TAM;SBBR;SBCT;995,00;96
2003;8;TAM;SBBH;SBBR;655,00;72
2003;8;TAM;SBKP;SBCT;464,00;35
2003;8;TAM;SBBR;SBKP;657,00;67
2003;8;TAM;SBPA;SBSP;752,00;81
2003;8;TAM;SBGL;SBGR;386,00;17
2003;8;TAM;SBFL;SBSP;413,00;65
2003;8;TAM;SBBE;SBMQ;309,00;30
2003;8;TAM;SBBR;SBGL;506,00;17
2003;8;TAM;SBGL;SBSV;508,00;455
2003;8;TAM;SBPS;SBSP;499,00;346
2003;8;TAM;SBSP;SBBH;318,00;8836
2003;8;TAM;SBBR;SBBH;401,00;83
2003;8;TAM;SBBH;SBCT;679,00;27
2003;8;TAM;SBCT;SBFL;667,00;13
2003;8;TAM;SBGR;SBBR;418,00;901
2003;8;TAM;SBRF;SBGL;863,00;33
2003;8;TAM;SBMQ;SBBE;454,00;27
2003;8;TAM;SBGR;SBSV;875,00;7
2003;8;TAM;SBBR;SBRJ;506,00;774
2003;8;TAM;SBSP;SBRJ;423,00;5
2003;8;TAM;SBBE;SBMQ;454,00;55
2003;8;TAM;SBSV;SBGL;899,00;4
2003;8;TAM;SBBH;SBSP;365,00;863
2003;8;TAM;SBBR;SBRJ;641,00;270
2003;8;TAM;SBSP;SBFL;234,00;2281
2003;8;TAM;SBBE;SBMQ;418,00;21
2003;8;TAM;SBSP;SBRJ;386,00;425
2003;8;TAM;SBVT;SBSP;399,00;3289
2003;8;TAM;SBPA;SBGL;750,00;12
2003;8;TAM;SBBR;SBBH;455,00;116
2003;8;TAM;SBBR;SBBH;862,00;125
2003;8;TAM;SBBR;SBGR;614,00;22
2003;8;TAM;SBBH;SBBR;455,00;186
2003;8;TAM;SBRJ;SBBH;428,00;92
2003;8;TAM;SBRJ;SBSP;199,00;4564
2003;8;TAM;SBKP;SBBR;450,00;90
2003;8;TAM;SBCT;SBPA;252,00;55
2003;8;TAM;SBCT;SBBR;837,00;29
2003;8;TAM;SBFL;SBPA;259,00;59
2003;8;TAM;SBUL;SBSP;463,00;242
2003;8;TAM;SBRJ;SBBH;176,00;4569
2003;8;TAM;SBBH;SBBR;724,00;111
2003;8;TAM;SBSP;SBVT;578,00;73
2003;8;TAM;SBKP;SBCT;487,00;98
2003;8;TAM;SBRJ;SBSP;386,00;434
2003;8;TAM;SBKP;SBCT;232,00;816
2003;8;TAM;SBSP;SBFL;510,00;133
2003;8;TAM;SBCT;SBGL;313,00;710
2003;8;TAM;SBSP;SBRJ;299,00;19568
2003;8;TAM;SBFL;SBCT;834,00;4
2003;8;TAM;SBBR;SBSP;743,00;48
2003;8;TAM;SBSP;SBGO;534,00;135
2003;8;TAM;SBCT;SBBR;995,00;123
2003;8;TAM;SBFL;SBBR;565,00;148
2003;8;TAM;SBMQ;SBBE;159,00;854
2003;8;TAM;SBPA;SBSP;556,00;313
2003;8;TAM;SBSP;SBUL;529,00;86
2003;8;TAM;SBBE;SBMQ;204,00;42
2003;8;TAM;SBRF;SBGL;761,00;210
2003;8;TAM;SBSV;SBGR;967,00;45
2003;8;TAM;SBPA;SBFL;299,00;11
2003;8;TAM;SBPA;SBGL;592,00;158
2003;8;TAM;SBSP;SBGO;474,00;3826
2003;8;TAM;SBKP;SBPA;566,00;8
2003;8;TAM;SBPA;SBFL;174,00;34
2003;8;TAM;SBGR;SBFL;607,00;17
2003;8;TAM;SBCT;SBGR;299,00;1271
2003;8;TAM;SBPA;SBFL;259,00;47
2003;8;TAM;SBKP;SBSP;151,00;2
2003;8;TAM;SBSV;SBBR;705,00;21
2003;8;TAM;SBFL;SBPA;199,00;12
2003;8;TAM;SBGO;SBBR;164,00;1234
2003;8;TAM;SBCT;SBKP;423,00;38
2003;8;TAM;SBFL;SBCT;584,00;12
2003;8;TAM;SBFL;SBBR;738,00;27
2003;8;TAM;SBRF;SBFZ;217,00;245
2003;8;TAM;SBGR;SBSV;691,00;107
2003;8;TAM;SBPA;SBGR;422,00;483
2003;8;TAM;SBRJ;SBBH;328,00;469
2003;8;TAM;SBSP;SBCT;450,00;26
2003;8;TAM;SBSP;SBBH;414,00;424
2003;8;TAM;SBGL;SBCT;620,00;13
2003;8;TAM;SBGR;SBBR;549,00;26
2003;8;TAM;SBGL;SBSV;743,00;28
2003;8;TAM;SBGR;SBGL;276,00;185
2003;8;TAM;SBBR;SBBE;593,00;262
2003;8;TAM;SBGR;SBPA;490,00;39
2003;8;TAM;SBMQ;SBBE;381,00;12
2003;8;TAM;SBFZ;SBBR;1007,00;9
2003;8;TAM;SBFZ;SBBR;1199,00;154
2003;8;TAM;SBBR;SBFL;652,00;166
2003;8;TAM;SBFZ;SBRF;421,00;74
2003;8;TAM;SBRJ;SBBR;418,00;3227
2003;8;TAM;SBFL;SBGR;234,00;172
2003;8;TAM;SBMQ;SBBE;182,00;84
2003;8;TAM;SBPA;SBCT;478,00;4
2003;8;TAM;SBGL;SBCT;736,00;53
2003;8;TAM;SBCT;SBSP;333,00;673
2003;8;TAM;SBBR;SBBE;958,00;19
2003;8;TAM;SBCT;SBGR;487,00;130
2003;8;TAM;SBSP;SBFL;316,00;132
2003;8;TAM;SBPA;SBSP;621,00;227
2003;8;TAM;SBKP;SBPA;376,00;747
2003;8;TAM;SBFL;SBGR;461,00;14
2003;8;TAM;SBGR;SBBR;743,00;2
2003;8;TAM;SBSV;SBRF;1113,00;45
2003;8;TAM;SBRF;SBGL;964,00;7
2003;8;TAM;SBBH;SBRJ;428,00;62
2003;8;TAM;SBRF;SBSV;1113,00;53
2003;8;TAM;SBBR;SBCT;560,00;353
2003;8;TAM;SBRF;SBGL;709,00;208
2003;8;TAM;SBSP;SBBR;485,00;1416
2003;8;TAM;SBGO;SBBR;324,00;47
2003;8;TAM;SBKP;SBGR;180,00;2
2003;8;TAM;SBCT;SBSP;450,00;16
2003;8;TAM;SBSV;SBGL;508,00;676
2003;8;TAM;SBGL;SBPA;592,00;82
2003;8;TAM;SBSP;SBGO;865,00;42
2003;8;TAM;SBPA;SBGL;671,00;44
2003;8;TAM;SBSV;SBGR;875,00;36
2003;8;TAM;SBSP;SBUL;727,00;39
2003;8;TAM;SBSP;SBRP;519,00;83
2003;8;TAM;SBGR;SBCF;512,00;50
2003;8;TAM;SBSP;SBRP;396,00;251
2003;8;TAM;SBGO;SBSP;660,00;127
2003;8;TAM;SBSV;SBGL;743,00;48
2003;8;TAM;SBBR;SBRJ;574,00;365
2003;8;TAM;SBBR;SBGR;549,00;52
2003;8;TAM;SBPA;SBSP;490,00;623
2003;8;TAM;SBRP;SBSP;434,00;8
2003;8;TAM;SBPA;SBSP;858,00;173
2003;8;TAM;SBSP;SBVT;835,00;56
2003;8;TAM;SBBH;SBBR;793,00;29
2003;8;TAM;SBBR;SBKP;727,00;34
2003;8;TAM;SBGO;SBSP;865,00;51
2003;8;TAM;SBFL;SBSP;668,00;24
2003;8;TAM;SBFL;SBBR;912,00;21
2003;8;TAM;SBCT;SBKP;343,00;12
2003;8;TAM;SBGO;SBBR;246,00;27
2003;8;TAM;SBPA;SBCT;327,00;134
2003;8;TAM;SBRJ;SBBR;574,00;314
2003;8;TAM;SBBH;SBRJ;580,00;37
2003;8;TAM;SBPA;SBGR;686,00;23
2003;8;TAM;SBFL;SBPA;339,00;21
2003;8;TAM;SBSP;SBVT;639,00;97
2003;8;TAM;SBBH;SBCT;807,00;112
2003;8;TAM;SBGL;SBCT;576,00;10
2003;8;TAM;SBGR;SBSV;1149,00;278
2003;8;TAM;SBRJ;SBVT;209,00;35
2003;8;TAM;SBKP;SBBR;519,00;58
2003;8;TAM;SBPA;SBFL;128,00;835
2003;8;TAM;SBKP;SBBR;863,00;67
2003;8;TAM;SBFL;SBSP;316,00;110
2003;8;TAM;SBRF;SBSV;1855,00;35
2003;8;TAM;SBFL;SBSP;461,00;11
2003;8;TAM;SBBR;SBKP;389,00;555
2003;8;TAM;SBRJ;SBSP;299,00;23168
2003;8;TAM;SBSP;SBCT;372,00;157
2003;8;TAM;SBPA;SBGL;829,00;46
2003;8;TAM;SBRJ;SBVT;439,00;18
2003;8;TAM;SBKP;SBPA;632,00;3
2003;8;TAM;SBBR;SBRJ;776,00;38
2003;8;TAM;SBBR;SBGL;842,00;5
2003;8;TAM;SBCT;SBKP;262,00;102
2003;8;TAM;SBSP;SBCT;299,00;9109
2003;8;TAM;SBBR;SBGL;574,00;17
2003;8;TAM;SBKP;SBCT;423,00;50
2003;8;TAM;SBSP;SBPS;499,00;346
2003;8;TAM;SBSP;SBBH;365,00;1008
2003;8;TAM;SBSP;SBPA;621,00;171
2003;8;TAM;SBGR;SBKP;163,00;2
2003;8;TAM;SBRF;SBFZ;698,00;69
2003;8;TAM;SBGR;SBFL;413,00;2
2003;8;TAM;SBBR;SBSV;854,00;7
2003;8;TAM;SBGL;SBPA;982,00;154
2003;8;TAM;SBBH;SBCT;549,00;86
2003;8;TAM;SBSP;SBBH;681,00;203
2003;8;VRG;SBFL;SBCT;376,00;5
2003;8;VRG;SBSV;SBRF;469,00;308
2003;8;VRG;SBPA;SBFL;458,00;118
2003;8;VRG;SBBH;SBKP;396,00;14
2003;8;VRG;SBPA;SBSP;490,00;713
2003;8;VRG;SBFL;SBPA;339,00;67
2003;8;VRG;SBSV;SBGL;977,00;513
2003;8;VRG;SBSP;SBVT;517,00;213
2003;8;VRG;SBCT;SBRJ;697,00;5
2003;8;VRG;SBSV;SBBR;632,00;278
2003;8;VRG;SBGR;SBGL;423,00;433
2003;8;VRG;SBSV;SBGR;783,00;907
2003;8;VRG;SBCT;SBFL;286,00;219
2003;8;VRG;SBBR;SBBE;776,00;317
2003;8;VRG;SBGL;SBFL;363,00;133
2003;8;VRG;SBFL;SBPA;174,00;63
2003;8;VRG;SBGL;SBCT;736,00;180
2003;8;VRG;SBNF;SBSP;297,00;766
2003;8;VRG;SBPA;SBCT;377,00;99
2003;8;VRG;SBGR;SBSV;875,00;107
2003;8;VRG;SBBH;SBBR;306,00;509
2003;8;VRG;SBBR;SBPA;1027,00;45
2003;8;VRG;SBSP;SBFL;243,00;436
2003;8;VRG;SBCF;SBGR;365,00;289
2003;8;VRG;SBNF;SBSP;434,00;28
2003;8;VRG;SBBR;SBRJ;418,00;4479
2003;8;VRG;SBCF;SBGR;274,00;24
2003;8;VRG;SBBE;SBMQ;204,00;19
2003;8;VRG;SBSP;SBBH;560,00;172
2003;8;VRG;SBRJ;SBBH;498,00;1329
2003;8;VRG;SBRJ;SBBR;844,00;1645
2003;8;VRG;SBFL;SBGR;316,00;599
2003;8;VRG;SBRJ;SBKP;317,00;1223
2003;8;VRG;SBMQ;SBBE;381,00;4
2003;8;VRG;SBFL;SBSP;316,00;280
2003;8;VRG;SBBR;SBSV;557,00;1126
2003;8;VRG;SBGR;SBSV;783,00;750
2003;8;VRG;SBBR;SBBH;455,00;382
2003;8;VRG;SBBE;SBBR;776,00;334
2003;8;VRG;SBFL;SBSP;364,00;57
2003;8;VRG;SBEG;SBGR;1401,00;23
2003;8;VRG;SBGL;SBGR;207,00;202
2003;8;VRG;SBKP;SBBR;399,00;82
2003;8;VRG;SBGR;SBEG;1134,00;392
2003;8;VRG;SBPA;SBCT;428,00;110
2003;8;VRG;SBGO;SBSP;722,00;1379
2003;8;VRG;SBFL;SBGR;243,00;6
2003;8;VRG;SBPA;SBSP;368,00;466
2003;8;VRG;SBGR;SBSV;1381,00;270
2003;8;VRG;SBGR;SBFL;316,00;668
2003;8;VRG;SBRJ;SBBH;418,00;2
2003;8;VRG;SBGL;SBGR;460,00;7098
2003;8;VRG;SBSP;SBBR;614,00;72
2003;8;VRG;SBBE;SBMQ;133,00;767
2003;8;VRG;SBBH;SBSP;365,00;962
2003;8;VRG;SBSP;SBFL;316,00;280
2003;8;VRG;SBBR;SBPA;636,00;195
2003;8;VRG;SBPA;SBCT;478,00;5
2003;8;VRG;SBBR;SBGL;439,00;618
2003;8;VRG;SBBR;SBSV;780,00;13
2003;8;VRG;SBGR;SBGL;552,00;1527
2003;8;VRG;SBBR;SBPA;1223,00;373
2003;8;VRG;SBSV;SBGR;691,00;1158
2003;8;VRG;SBGL;SBBR;439,00;551
2003;8;VRG;SBCT;SBPA;377,00;100
2003;8;VRG;SBEG;SBGR;1668,00;426
2003;8;VRG;SBGL;SBPA;908,00;152
2003;8;VRG;SBSP;SBFL;461,00;5
2003;8;VRG;SBKP;SBCT;232,00;521
2003;8;VRG;SBBR;SBBH;306,00;844
2003;8;VRG;SBKP;SBBR;865,00;47
2003;8;VRG;SBFZ;SBRF;280,00;18
2003;8;VRG;SBCT;SBRJ;736,00;50
2003;8;VRG;SBSP;SBBR;364,00;266
2003;8;VRG;SBRJ;SBKP;409,00;43
2003;8;VRG;SBGL;SBPA;444,00;254
2003;8;VRG;SBGR;SBPA;980,00;11
2003;8;VRG;SBBR;SBFL;738,00;24
2003;8;VRG;SBBH;SBBR;615,00;55
2003;8;VRG;SBRF;SBGL;863,00;360
2003;8;VRG;SBSV;SBRF;413,00;466
2003;8;VRG;SBBE;SBMQ;418,00;10
2003;8;VRG;SBRJ;SBBH;176,00;3407
2003;8;VRG;SBFL;SBBR;652,00;17
2003;8;VRG;SBFZ;SBBR;815,00;134
2003;8;VRG;SBBR;SBBE;513,00;787
2003;8;VRG;SBGR;SBCF;512,00;26
2003;8;VRG;SBGL;SBSV;664,00;653
2003;8;VRG;SBFZ;SBRF;245,00;272
2003;8;VRG;SBBR;SBBE;1050,00;23
2003;8;VRG;SBEG;SBGR;1001,00;793
2003;8;VRG;SBFZ;SBBR;1199,00;160
2003;8;VRG;SBBE;SBBR;867,00;16
2003;8;VRG;SBSV;SBBR;418,00;206
2003;8;VRG;SBFL;SBSP;558,00;56
2003;8;VRG;SBBR;SBKP;588,00;83
2003;8;VRG;SBPA;SBFL;199,00;13
2003;8;VRG;SBCT;SBSP;489,00;2702
2003;8;VRG;SBRJ;SBCT;697,00;6
2003;8;VRG;SBSP;SBRP;363,00;809
2003;8;VRG;SBCT;SBKP;232,00;551
2003;8;VRG;SBGR;SBEG;2002,00;558
2003;8;VRG;SBCF;SBGR;731,00;74
2003;8;VRG;SBGL;SBCT;455,00;196
2003;8;VRG;SBKP;SBBH;297,00;27
2003;8;VRG;SBBH;SBRJ;458,00;79
2003;8;VRG;SBBR;SBGO;298,00;25
2003;8;VRG;SBKP;SBBR;519,00;59
2003;8;VRG;SBFL;SBGL;363,00;90
2003;8;VRG;SBBR;SBRJ;506,00;757
2003;8;VRG;SBCT;SBPA;528,00;2
2003;8;VRG;SBSV;SBRF;634,00;44
2003;8;VRG;SBCT;SBGR;587,00;78
2003;8;VRG;SBPA;SBGL;908,00;171
2003;8;VRG;SBGR;SBCT;299,00;817
2003;8;VRG;SBGR;SBCF;731,00;122
2003;8;VRG;SBGL;SBGR;386,00;69
2003;8;VRG;SBPA;SBBR;636,00;182
2003;8;VRG;SBSP;SBVT;699,00;281
2003;8;VRG;SBKP;SBRJ;317,00;1321
2003;8;VRG;SBRJ;SBSP;299,00;37025
2003;8;VRG;SBSP;SBRP;472,00;213
2003;8;VRG;SBPA;SBFL;378,00;11
2003;8;VRG;SBGL;SBRF;635,00;1342
2003;8;VRG;SBGL;SBCT;620,00;4
2003;8;VRG;SBRJ;SBKP;495,00;35
2003;8;VRG;SBBR;SBFL;652,00;20
2003;8;VRG;SBBH;SBSP;560,00;236
2003;8;VRG;SBFL;SBSP;461,00;3
2003;8;VRG;SBSP;SBCT;489,00;1994
2003;8;VRG;SBSP;SBPA;817,00;1400
2003;8;VRG;SBPA;SBBR;1125,00;17
2003;8;VRG;SBSP;SBFL;607,00;491
2003;8;VRG;SBRJ;SBVT;356,00;183
2003;8;VRG;SBSP;SBFL;364,00;81
2003;8;VRG;SBGL;SBCT;502,00;190
2003;8;VRG;SBRF;SBFZ;365,00;264
2003;8;VRG;SBCT;SBGR;372,00;49
2003;8;VRG;SBRF;SBSV;310,00;174
2003;8;VRG;SBPA;SBBR;609,00;1283
2003;8;VRG;SBVT;SBRJ;356,00;214
2003;8;VRG;SBBR;SBRJ;574,00;838
2003;8;VRG;SBCT;SBGR;489,00;421
2003;8;VRG;SBGL;SBBR;844,00;256
2003;8;VRG;SBKP;SBBH;660,00;18
2003;8;VRG;SBVT;SBSP;517,00;336
2003;8;VRG;SBSV;SBGR;1059,00;2932
2003;8;VRG;SBBR;SBGR;679,00;51
2003;8;VRG;SBGL;SBFL;432,00;575
2003;8;VRG;SBKP;SBBR;305,00;439
2003;8;VRG;SBGL;SBPA;829,00;1
2003;8;VRG;SBPA;SBGR;556,00;716
2003;8;VRG;SBSP;SBUL;403,00;1157
2003;8;VRG;SBRJ;SBBH;224,00;641
2003;8;VRG;SBMQ;SBBE;236,00;7
2003;8;VRG;SBSP;SBUL;727,00;156
2003;8;VRG;SBGL;SBFL;968,00;122
2003;8;VRG;SBSV;SBGR;518,00;336
2003;8;VRG;SBFL;SBSP;413,00;182
2003;8;VRG;SBGL;SBFL;678,00;1
2003;8;VRG;SBFL;SBGL;968,00;53
2003;8;VRG;SBRF;SBSV;256,00;899
2003;8;VRG;SBCT;SBGL;332,00;272
2003;8;VRG;SBRJ;SBVT;397,00;21
2003;8;VRG;SBGR;SBFL;243,00;8
2003;8;VRG;SBBR;SBBH;401,00;340
2003;8;VRG;SBRJ;SBKP;538,00;231
2003;8;VRG;SBGO;SBSP;474,00;1599
2003;8;VRG;SBBR;SBKP;657,00;8
2003;8;VRG;SBPA;SBGR;752,00;1634
2003;8;VRG;SBGL;SBSV;582,00;563
2003;8;VRG;SBSP;SBPS;579,00;76
2003;8;VRG;SBUL;SBSP;727,00;146
2003;8;VRG;SBRF;SBSV;634,00;80
2003;8;VRG;SBRJ;SBBH;339,00;285
2003;8;VRG;SBRJ;SBCT;455,00;96
2003;8;VRG;SBMQ;SBBE;182,00;2
2003;8;VRG;SBGR;SBFL;234,00;424
2003;8;VRG;SBNF;SBSP;257,00;257
2003;8;VRG;SBBR;SBFZ;539,00;58
2003;8;VRG;SBBH;SBRJ;498,00;1041
2003;8;VRG;SBFZ;SBBR;1007,00;2
2003;8;VRG;SBFZ;SBRF;477,00;393
2003;8;VRG;SBRJ;SBBR;776,00;202
2003;8;VRG;SBPA;SBSP;752,00;176
2003;8;VRG;SBGL;SBRF;1513,00;498
2003;8;VRG;SBGR;SBCT;489,00;614
2003;8;VRG;SBKP;SBCT;220,00;2
2003;8;VRG;SBBH;SBBR;669,00;291
2003;8;VRG;SBBH;SBSP;512,00;6
2003;8;VRG;SBFL;SBGR;461,00;16
2003;8;VRG;SBCT;SBGR;411,00;29
2003;8;VRG;SBPS;SBSP;714,00;7
2003;8;VRG;SBBH;SBBR;401,00;413
2003;8;VRG;SBSP;SBUL;595,00;109
2003;8;VRG;SBBR;SBBH;508,00;44
2003;8;VRG;SBGR;SBEG;751,00;814
2003;8;VRG;SBGR;SBGL;207,00;178
2003;8;VRG;SBBE;SBMQ;182,00;19
2003;8;VRG;SBPA;SBGL;1184,00;574
2003;8;VRG;SBFL;SBBR;489,00;5
2003;8;VRG;SBPA;SBBR;1468,00;132
2003;8;VRG;SBKP;SBBH;502,00;1
2003;8;VRG;SBSP;SBGO;597,00;14
2003;8;VRG;SBRF;SBSV;524,00;22
2003;8;VRG;SBSP;SBNF;480,00;2
2003;8;VRG;SBGL;SBBR;574,00;175
2003;8;VRG;SBKP;SBBH;279,00;82
2003;8;VRG;SBVT;SBSP;724,00;444
2003;8;VRG;SBKP;SBCT;302,00;266
2003;8;VRG;SBSP;SBFL;234,00;1338
2003;8;VRG;SBRF;SBSV;469,00;325
2003;8;VRG;SBCT;SBRJ;394,00;36
2003;8;VRG;SBFZ;SBBR;539,00;197
2003;8;VRG;SBBE;SBMQ;159,00;254
2003;8;VRG;SBFL;SBSP;273,00;846
2003;8;VRG;SBGL;SBRF;863,00;315
2003;8;VRG;SBGR;SBGL;460,00;8867
2003;8;VRG;SBBR;SBPA;734,00;266
2003;8;VRG;SBGR;SBGL;243,00;3176
2003;8;VRG;SBMQ;SBBE;204,00;1
2003;8;VRG;SBSP;SBBH;512,00;6
2003;8;VRG;SBGR;SBBR;970,00;127
2003;8;VRG;SBGO;SBSP;353,00;343
2003;8;VRG;SBRJ;SBBR;506,00;813
2003;8;VRG;SBFL;SBGR;413,00;135
2003;8;VRG;SBGR;SBPA;422,00;3907
2003;8;VRG;SBFL;SBPA;128,00;1266
2003;8;VRG;SBFL;SBPA;199,00;10
2003;8;VRG;SBSV;SBBR;855,00;26
2003;8;VRG;SBCT;SBKP;464,00;20
2003;8;VRG;SBBR;SBSP;679,00;22
2003;8;VRG;SBCT;SBGL;697,00;64
2003;8;VRG;SBGR;SBFL;728,00;15
2003;8;VRG;SBSP;SBUL;529,00;4
2003;8;VRG;SBPA;SBGL;987,00;491
2003;8;VRG;SBFL;SBBR;869,00;2
2003;8;VRG;SBBR;SBKP;450,00;231
2003;8;VRG;SBSP;SBFL;273,00;825
2003;8;VRG;SBVT;SBRJ;235,00;455
2003;8;VRG;SBPA;SBFL;598,00;20
2003;8;VRG;SBGL;SBCT;697,00;61
2003;8;VRG;SBBH;SBBR;508,00;51
2003;8;VRG;SBRJ;SBCT;394,00;50
2003;8;VRG;SBRF;SBSV;689,00;189
2003;8;VRG;SBBR;SBSV;855,00;43
2003;8;VRG;SBFL;SBGL;742,00;27
2003;8;VRG;SBSV;SBGR;603,00;3881
2003;8;VRG;SBGL;SBBR;431,00;61
2003;8;VRG;SBKP;SBRJ;409,00;36
2003;8;VRG;SBGR;SBEG;1401,00;24
2003;8;VRG;SBSP;SBCT;220,00;360
2003;8;VRG;SBVT;SBRJ;272,00;438
2003;8;VRG;SBCT;SBKP;343,00;71
2003;8;VRG;SBGL;SBCT;330,00;93
2003;8;VRG;SBKP;SBBR;796,00;2
2003;8;VRG;SBFL;SBGR;607,00;155
2003;8;VRG;SBPA;SBSP;422,00;6995
2003;8;VRG;SBRF;SBFZ;421,00;213
2003;8;VRG;SBEG;SBGR;2002,00;650
2003;8;VRG;SBMQ;SBBE;133,00;462
2003;8;VRG;SBRJ;SBVT;481,00;140
2003;8;VRG;SBBE;SBBR;513,00;773
2003;8;VRG;SBSV;SBGL;436,00;256
2003;8;VRG;SBFL;SBSP;234,00;1314
2003;8;VRG;SBBH;SBRJ;176,00;3412
2003;8;VRG;SBRJ;SBVT;439,00;11
2003;8;VRG;SBBE;SBMQ;272,00;32
2003;8;VRG;SBGR;SBPA;490,00;376
2003;8;VRG;SBBR;SBRJ;709,00;18
2003;8;VRG;SBCT;SBGL;330,00;72
2003;8;VRG;SBPA;SBFL;224,00;34
2003;8;VRG;SBPA;SBGR;621,00;158
2003;8;VRG;SBSP;SBBH;414,00;1255
2003;8;VRG;SBPS;SBSP;940,00;63
2003;8;VRG;SBFL;SBCT;184,00;30
2003;8;VRG;SBFL;SBBR;1086,00;32
2003;8;VRG;SBBE;SBBR;1369,00;135
2003;8;VRG;SBFL;SBBR;565,00;41
2003;8;VRG;SBSP;SBPS;499,00;202
2003;8;VRG;SBBH;SBRJ;418,00;1
2003;8;VRG;SBCT;SBGL;313,00;680
2003;8;VRG;SBSV;SBGL;743,00;44
2003;8;VRG;SBCT;SBPA;252,00;18
2003;8;VRG;SBKP;SBBH;264,00;8
2003;8;VRG;SBRP;SBSP;472,00;196
2003;8;VRG;SBRJ;SBBR;641,00;64
2003;8;VRG;SBCT;SBKP;220,00;2
2003;8;VRG;SBPA;SBCT;209,00;936
2003;8;VRG;SBVT;SBSP;578,00;72
2003;8;VRG;SBFL;SBSP;243,00;350
2003;8;VRG;SBPA;SBBR;1027,00;7
2003;8;VRG;SBSV;SBRF;358,00;505
2003;8;VRG;SBSP;SBNF;343,00;229
2003;8;VRG;SBGR;SBSV;603,00;3652
2003;8;VRG;SBSP;SBFL;558,00;50
2003;8;VRG;SBBR;SBRJ;844,00;1879
2003;8;VRG;SBRF;SBGL;761,00;373
2003;8;VRG;SBCT;SBKP;489,00;113
2003;8;VRG;SBGR;SBCT;333,00;415
2003;8;VRG;SBPA;SBGR;980,00;3
2003;8;VRG;SBSV;SBRF;256,00;1177
2003;8;VRG;SBGL;SBRF;1167,00;291
2003;8;VRG;SBCT;SBSP;411,00;18
2003;8;VRG;SBSV;SBBR;929,00;158
2003;8;VRG;SBSP;SBGO;474,00;1553
2003;8;VRG;SBCT;SBGL;620,00;6
2003;8;VRG;SBGL;SBFL;613,00;1
2003;8;VRG;SBCT;SBFL;491,00;2
2003;8;VRG;SBGR;SBSV;1151,00;1627
2003;8;VRG;SBGL;SBPA;671,00;379
2003;8;VRG;SBGL;SBSV;459,00;1457
2003;8;VRG;SBBR;SBFL;565,00;48
2003;8;VRG;SBKP;SBBR;657,00;2
2003;8;VRG;SBGR;SBFL;413,00;189
2003;8;VRG;SBSP;SBBR;743,00;234
2003;8;VRG;SBMQ;SBBE;418,00;9
2003;8;VRG;SBBR;SBGO;146,00;94
2003;8;VRG;SBPA;SBSP;686,00;5
2003;8;VRG;SBRJ;SBCT;736,00;48
2003;8;VRG;SBSV;SBGL;821,00;8
2003;8;VRG;SBSP;SBBR;679,00;38
2003;8;VRG;SBPA;SBSP;817,00;1349
2003;8;VRG;SBRF;SBFZ;645,00;20
2003;8;VRG;SBBH;SBKP;140,00;591
2003;8;VRG;SBSP;SBRP;395,00;96
2003;8;VRG;SBGL;SBFL;742,00;30
2003;8;VRG;SBBR;SBGL;1013,00;263
2003;8;VRG;SBVT;SBRJ;176,00;2657
2003;8;VRG;SBKP;SBRJ;495,00;60
2003;8;VRG;SBGO;SBSP;597,00;23
2003;8;VRG;SBSP;SBPA;556,00;686
2003;8;VRG;SBCT;SBFL;311,00;2
2003;8;VRG;SBFL;SBGR;234,00;377
2003;8;VRG;SBFL;SBPA;498,00;162
2003;8;VRG;SBVT;SBSP;326,00;114
2003;8;VRG;SBRJ;SBKP;238,00;11
2003;8;VRG;SBMQ;SBBE;345,00;2
2003;8;VRG;SBPA;SBSP;621,00;27
2003;8;VRG;SBBR;SBBE;867,00;9
2003;8;VRG;SBFL;SBBR;999,00;1
2003;8;VRG;SBPA;SBGR;490,00;467
2003;8;VRG;SBSV;SBBR;706,00;22
2003;8;VRG;SBCT;SBSP;299,00;5447
2003;8;VRG;SBSP;SBNF;257,00;210
2003;8;VRG;SBBE;SBMQ;236,00;19
2003;8;VRG;SBFZ;SBRF;533,00;25
2003;8;VRG;SBGO;SBBR;298,00;33
2003;8;VRG;SBGR;SBPA;621,00;121
2003;8;VRG;SBPA;SBCT;283,00;168
2003;8;VRG;SBCT;SBKP;383,00;2
2003;8;VRG;SBGO;SBBR;246,00;1
2003;8;VRG;SBFZ;SBRF;701,00;241
2003;8;VRG;SBSP;SBGO;534,00;296
2003;8;VRG;SBSP;SBNF;297,00;714
2003;8;VRG;SBGL;SBBR;641,00;10
2003;8;VRG;SBMQ;SBBE;272,00;17
2003;8;VRG;SBGL;SBSV;821,00;11
2003;8;VRG;SBBR;SBBH;669,00;324
2003;8;VRG;SBFL;SBBR;760,00;41
2003;8;VRG;SBFL;SBGL;432,00;438
2003;8;VRG;SBGR;SBCT;587,00;134
2003;8;VRG;SBPA;SBGR;686,00;78
2003;8;VRG;SBGR;SBFL;510,00;15
2003;8;VRG;SBNF;SBSP;343,00;182
2003;8;VRG;SBFZ;SBBR;726,00;1101
2003;8;VRG;SBSV;SBGR;1381,00;287
2003;8;VRG;SBGR;SBBR;549,00;353
2003;8;VRG;SBGR;SBCT;450,00;904
2003;8;VRG;SBGR;SBCF;274,00;27
2003;8;VRG;SBSP;SBPA;368,00;412
2003;8;VRG;SBRJ;SBKP;452,00;6
2003;8;VRG;SBGR;SBBR;679,00;48
2003;8;VRG;SBSP;SBVT;639,00;17
2003;8;VRG;SBSV;SBGL;1164,00;284
2003;8;VRG;SBBR;SBFL;1086,00;31
2003;8;VRG;SBGR;SBSV;1059,00;2440
2003;8;VRG;SBPA;SBFL;498,00;173
2003;8;VRG;SBRJ;SBBH;299,00;176
2003;8;VRG;SBBE;SBMQ;540,00;34
2003;8;VRG;SBSP;SBBH;318,00;6544
2003;8;VRG;SBSP;SBPA;752,00;119
2003;8;VRG;SBNF;SBSP;571,00;505
2003;8;VRG;SBBR;SBPA;550,00;101
2003;8;VRG;SBCT;SBRJ;502,00;32
2003;8;VRG;SBRF;SBFZ;245,00;286
2003;8;VRG;SBGL;SBRF;1269,00;282
2003;8;VRG;SBSP;SBGO;722,00;745
2003;8;VRG;SBSP;SBNF;388,00;252
2003;8;VRG;SBVT;SBSP;639,00;21
2003;8;VRG;SBSV;SBBR;780,00;8
2003;8;VRG;SBBR;SBRJ;439,00;1653
2003;8;VRG;SBGR;SBCF;463,00;32
2003;8;VRG;SBBR;SBSV;418,00;173
2003;8;VRG;SBGL;SBCT;332,00;394
2003;8;VRG;SBMQ;SBBE;159,00;41
2003;8;VRG;SBCT;SBSP;372,00;32
2003;8;VRG;SBGL;SBBR;776,00;222
2003;8;VRG;SBCT;SBKP;262,00;58
2003;8;VRG;SBPS;SBSP;423,00;173
2003;8;VRG;SBBE;SBBR;456,00;34
2003;8;VRG;SBCT;SBKP;302,00;196
2003;8;VRG;SBBH;SBBR;348,00;395
2003;8;VRG;SBBR;SBFL;1303,00;10
2003;8;VRG;SBSP;SBNF;525,00;118
2003;8;VRG;SBBH;SBSP;414,00;845
2003;8;VRG;SBCT;SBPA;428,00;136
2003;8;VRG;SBKP;SBCT;383,00;8
2003;8;VRG;SBCT;SBFL;184,00;47
2003;8;VRG;SBBH;SBBR;562,00;18
2003;8;VRG;SBRF;SBGL;1513,00;519
2003;8;VRG;SBCT;SBSP;450,00;62
2003;8;VRG;SBGL;SBSV;1164,00;271
2003;8;VRG;SBGR;SBPA;556,00;657
2003;8;VRG;SBFL;SBBR;977,00;5
2003;8;VRG;SBBR;SBBE;1141,00;355
2003;8;VRG;SBGL;SBBR;418,00;943
2003;8;VRG;SBBR;SBGL;709,00;4
2003;8;VRG;SBSP;SBVT;456,00;355
2003;8;VRG;SBPA;SBCT;327,00;178
2003;8;VRG;SBBR;SBBH;348,00;415
2003;8;VRG;SBGL;SBCT;394,00;268
2003;8;VRG;SBBH;SBKP;279,00;30
2003;8;VRG;SBRJ;SBCT;330,00;6
2003;8;VRG;SBFL;SBPA;378,00;9
2003;8;VRG;SBSV;SBGL;899,00;689
2003;8;VRG;SBGO;SBBR;272,00;6
2003;8;VRG;SBVT;SBSP;399,00;2686
2003;8;VRG;SBPA;SBBR;734,00;217
2003;8;VRG;SBRF;SBGL;1167,00;218
2003;8;VRG;SBCT;SBGL;736,00;131
2003;8;VRG;SBBE;SBMQ;454,00;98
2003;8;VRG;SBBR;SBFZ;815,00;66
2003;8;VRG;SBKP;SBRJ;238,00;4
2003;8;VRG;SBPA;SBSP;556,00;700
2003;8;VRG;SBPS;SBSP;639,00;73
2003;8;VRG;SBSP;SBGO;659,00;6
2003;8;VRG;SBSP;SBVT;578,00;11
2003;8;VRG;SBBR;SBBH;562,00;15
2003;8;VRG;SBUL;SBSP;529,00;1
2003;8;VRG;SBBH;SBRJ;339,00;268
2003;8;VRG;SBBR;SBKP;519,00;82
2003;8;VRG;SBFL;SBGR;558,00;797
2003;8;VRG;SBSP;SBBH;365,00;1015
2003;8;VRG;SBGR;SBCF;365,00;255
2003;8;VRG;SBBR;SBGO;194,00;129
2003;8;VRG;SBPA;SBCT;579,00;74
2003;8;VRG;SBPA;SBGL;829,00;2
2003;8;VRG;SBGL;SBBR;709,00;8
2003;8;VRG;SBGR;SBEG;1668,00;401
2003;8;VRG;SBPA;SBGR;368,00;400
2003;8;VRG;SBCT;SBRJ;330,00;1
2003;8;VRG;SBPS;SBSP;790,00;8
2003;8;VRG;SBEG;SBGR;1268,00;29
2003;8;VRG;SBFL;SBBR;500,00;46
2003;8;VRG;SBGR;SBCT;372,00;98
2003;8;VRG;SBBE;SBBR;685,00;222
2003;8;VRG;SBGR;SBGL;350,00;93
2003;8;VRG;SBRJ;SBVT;235,00;427
2003;8;VRG;SBRJ;SBBH;458,00;43
2003;8;VRG;SBGR;SBBR;614,00;30
2003;8;VRG;SBFZ;SBBR;1436,00;142
2003;8;VRG;SBUL;SBSP;595,00;151
2003;8;VRG;SBSV;SBGL;664,00;537
2003;8;VRG;SBSP;SBPS;639,00;48
2003;8;VRG;SBGL;SBPA;1184,00;550
2003;8;VRG;SBPA;SBGL;671,00;196
2003;8;VRG;SBGO;SBSP;785,00;440
2003;8;VRG;SBRJ;SBVT;209,00;117
2003;8;VRG;SBSP;SBBR;549,00;1556
2003;8;VRG;SBGR;SBGL;386,00;68
2003;8;VRG;SBSV;SBRF;524,00;28
2003;8;VRG;SBGO;SBSP;659,00;6
2003;8;VRG;SBNF;SBSP;388,00;239
2003;8;VRG;SBSP;SBPA;621,00;44
2003;8;VRG;SBFZ;SBBR;1103,00;13
2003;8;VRG;SBSV;SBBR;557,00;676
2003;8;VRG;SBBR;SBKP;865,00;61
2003;8;VRG;SBPA;SBGL;444,00;242
2003;8;VRG;SBFZ;SBRF;421,00;257
2003;8;VRG;SBFL;SBGR;273,00;314
2003;8;VRG;SBGL;SBFL;807,00;62
2003;8;VRG;SBSP;SBBH;463,00;52
2003;8;VRG;SBRJ;SBBH;199,00;284
2003;8;VRG;SBCF;SBGR;414,00;318
2003;8;VRG;SBGR;SBCF;414,00;312
2003;8;VRG;SBKP;SBBH;449,00;11
2003;8;VRG;SBKP;SBRJ;538,00;265
2003;8;VRG;SBSV;SBRF;579,00;4
2003;8;VRG;SBKP;SBBH;140,00;518
2003;8;VRG;SBGR;SBFL;607,00;226
2003;8;VRG;SBBH;SBKP;264,00;27
2003;8;VRG;SBBR;SBGL;418,00;1000
2003;8;VRG;SBFL;SBPA;299,00;21
2003;8;VRG;SBGR;SBBR;485,00;312
2003;8;VRG;SBKP;SBCT;423,00;1
2003;8;VRG;SBBR;SBFZ;1103,00;2
2003;8;VRG;SBGL;SBSV;899,00;384
2003;8;VRG;SBBE;SBBR;1141,00;241
2003;8;VRG;SBBH;SBKP;343,00;45
2003;8;VRG;SBGL;SBRF;964,00;42
2003;8;VRG;SBRJ;SBCT;620,00;1
2003;8;VRG;SBBR;SBBH;301,00;30
2003;8;VRG;SBVT;SBRJ;523,00;792
2003;8;VRG;SBSP;SBNF;571,00;644
2003;8;VRG;SBGL;SBGR;350,00;119
2003;8;VRG;SBCT;SBRJ;313,00;115
2003;8;VRG;SBBR;SBSV;484,00;1621
2003;8;VRG;SBSP;SBUL;293,00;17
2003;8;VRG;SBBE;SBMQ;345,00;3
2003;8;VRG;SBRJ;SBBR;431,00;81
2003;8;VRG;SBSP;SBRJ;199,00;8704
2003;8;VRG;SBSP;SBPS;865,00;106
2003;8;VRG;SBCT;SBSP;333,00;533
2003;8;VRG;SBBR;SBGO;272,00;1
2003;8;VRG;SBPA;SBGL;513,00;280
2003;8;VRG;SBBE;SBMQ;309,00;58
2003;8;VRG;SBBR;SBBE;434,00;729
2003;8;VRG;SBGO;SBBR;146,00;156
2003;8;VRG;SBBR;SBSP;418,00;6452
2003;8;VRG;SBRF;SBSV;358,00;394
2003;8;VRG;SBFL;SBCT;286,00;114
2003;8;VRG;SBPA;SBBR;550,00;43
2003;8;VRG;SBBE;SBBR;1050,00;24
2003;8;VRG;SBGL;SBBR;1013,00;284
2003;8;VRG;SBRJ;SBBR;709,00;19
2003;8;VRG;SBGL;SBGR;552,00;1781
2003;8;VRG;SBBH;SBRJ;199,00;273
2003;8;VRG;SBBH;SBRJ;299,00;267
2003;8;VRG;SBBR;SBKP;796,00;10
2003;8;VRG;SBBR;SBBE;958,00;14
2003;8;VRG;SBGL;SBSV;436,00;254
2003;8;VRG;SBBR;SBPA;929,00;94
2003;8;VRG;SBFL;SBBR;1303,00;1
2003;8;VRG;SBFL;SBSP;607,00;299
2003;8;VRG;SBBR;SBFL;500,00;30
2003;8;VRG;SBFL;SBCT;409,00;23
2003;8;VRG;SBPA;SBCT;629,00;174
2003;8;VRG;SBGL;SBRF;761,00;255
2003;8;VRG;SBGO;SBBR;194,00;92
2003;8;VRG;SBFL;SBGL;807,00;43
2003;8;VRG;SBGR;SBFL;364,00;98
2003;8;VRG;SBSV;SBBR;484,00;1596
2003;8;VRG;SBBR;SBKP;389,00;117
2003;8;VRG;SBKP;SBBH;607,00;3
2003;8;VRG;SBSP;SBPS;714,00;5
2003;8;VRG;SBGR;SBEG;1001,00;972
2003;8;VRG;SBSP;SBPA;490,00;643
2003;8;VRG;SBRF;SBSV;579,00;1
2003;8;VRG;SBGR;SBGL;313,00;844
2003;8;VRG;SBRJ;SBCT;313,00;129
2003;8;VRG;SBBR;SBGR;743,00;1438
2003;8;VRG;SBGL;SBPA;513,00;324
2003;8;VRG;SBMQ;SBBE;454,00;62
2003;8;VRG;SBRJ;SBBH;378,00;5
2003;8;VRG;SBSP;SBCT;299,00;5858
2003;8;VRG;SBGL;SBRF;1066,00;9
2003;8;VRG;SBRJ;SBVT;176,00;2805
2003;8;VRG;SBGR;SBEG;1535,00;540
2003;8;VRG;SBRF;SBFZ;533,00;10
2003;8;VRG;SBCT;SBPA;283,00;213
2003;8;VRG;SBFZ;SBRF;315,00;138
2003;8;VRG;SBBR;SBFZ;726,00;483
2003;8;VRG;SBBR;SBPA;832,00;419
2003;8;VRG;SBGR;SBPA;817,00;1648
2003;8;VRG;SBBH;SBKP;297,00;11
2003;8;VRG;SBBR;SBGL;641,00;14
2003;8;VRG;SBRF;SBFZ;280,00;21
2003;8;VRG;SBBR;SBGL;844,00;489
2003;8;VRG;SBGL;SBCT;576,00;6
2003;8;VRG;SBGR;SBBR;808,00;503
2003;8;VRG;SBSP;SBPA;686,00;6
2003;8;VRG;SBBH;SBSP;318,00;6681
2003;8;VRG;SBCT;SBRJ;620,00;8
2003;8;VRG;SBFZ;SBRF;645,00;64
2003;8;VRG;SBBR;SBGR;364,00;62
2003;8;VRG;SBSP;SBBR;808,00;1824
2003;8;VRG;SBKP;SBCT;489,00;100
2003;8;VRG;SBGR;SBCF;609,00;288
2003;8;VRG;SBGR;SBCF;560,00;1252
2003;8;VRG;SBPA;SBBR;832,00;343
2003;8;VRG;SBBR;SBGL;574,00;223
2003;8;VRG;SBPA;SBFL;128,00;1580
2003;8;VRG;SBBR;SBFZ;1436,00;43
2003;8;VRG;SBBH;SBSP;463,00;82
2003;8;VRG;SBBR;SBBH;615,00;38
2003;8;VRG;SBCT;SBPA;327,00;214
2003;8;VRG;SBSV;SBGL;459,00;1317
2003;8;VRG;SBRJ;SBVT;523,00;997
2003;8;VRG;SBBR;SBPA;1468,00;162
2003;8;VRG;SBCF;SBGR;463,00;35
2003;8;VRG;SBGL;SBGR;276,00;730
2003;8;VRG;SBVT;SBSP;456,00;447
2003;8;VRG;SBBR;SBGO;164,00;267
2003;8;VRG;SBBR;SBPA;609,00;1157
2003;8;VRG;SBPA;SBGR;817,00;1184
2003;8;VRG;SBGO;SBBR;324,00;78
2003;8;VRG;SBGL;SBCT;881,00;68
2003;8;VRG;SBGL;SBFL;549,00;51
2003;8;VRG;SBBR;SBSP;614,00;58
2003;8;VRG;SBPA;SBFL;259,00;83
2003;8;VRG;SBRF;SBGL;1269,00;239
2003;8;VRG;SBBR;SBBE;685,00;173
2003;8;VRG;SBCF;SBGR;318,00;1938
2003;8;VRG;SBPS;SBSP;499,00;113
2003;8;VRG;SBFL;SBGL;613,00;5
2003;8;VRG;SBGR;SBFL;461,00;32
2003;8;VRG;SBSP;SBPS;423,00;194
2003;8;VRG;SBBR;SBGR;485,00;170
2003;8;VRG;SBBH;SBBR;455,00;402
2003;8;VRG;SBPA;SBBR;1223,00;194
2003;8;VRG;SBGL;SBSV;743,00;51
2003;8;VRG;SBBR;SBSP;743,00;273
2003;8;VRG;SBSP;SBCT;450,00;115
2003;8;VRG;SBBR;SBSV;706,00;60
2003;8;VRG;SBSP;SBPS;790,00;7
2003;8;VRG;SBFL;SBPA;598,00;102
2003;8;VRG;SBGL;SBPA;449,00;2327
2003;8;VRG;SBVT;SBRJ;209,00;98
2003;8;VRG;SBBR;SBGL;506,00;137
2003;8;VRG;SBBR;SBSP;808,00;2098
2003;8;VRG;SBGR;SBGL;276,00;463
2003;8;VRG;SBBR;SBPA;1125,00;40
2003;8;VRG;SBBR;SBFZ;911,00;13
2003;8;VRG;SBKP;SBBR;389,00;81
2003;8;VRG;SBGR;SBEG;1268,00;25
2003;8;VRG;SBCT;SBGL;881,00;79
2003;8;VRG;SBKP;SBBH;231,00;52
2003;8;VRG;SBKP;SBBH;343,00;62
2003;8;VRG;SBBR;SBBE;456,00;26
2003;8;VRG;SBGL;SBPA;987,00;509
2003;8;VRG;SBKP;SBBR;450,00;141
2003;8;VRG;SBSP;SBBR;485,00;987
2003;8;VRG;SBSV;SBGR;967,00;37
2003;8;VRG;SBGR;SBSV;967,00;33
2003;8;VRG;SBCT;SBGR;333,00;253
2003;8;VRG;SBRJ;SBBR;439,00;2031
2003;8;VRG;SBSP;SBCT;411,00;12
2003;8;VRG;SBCT;SBGL;455,00;81
2003;8;VRG;SBBR;SBGO;324,00;44
2003;8;VRG;SBVT;SBRJ;314,00;127
2003;8;VRG;SBEG;SBGR;1535,00;681
2003;8;VRG;SBSP;SBRJ;299,00;36213
2003;8;VRG;SBSP;SBUL;463,00;19
2003;8;VRG;SBGL;SBRF;567,00;67
2003;8;VRG;SBBR;SBRJ;776,00;116
2003;8;VRG;SBFL;SBPA;224,00;44
2003;8;VRG;SBCT;SBGL;576,00;10
2003;8;VRG;SBVT;SBSP;699,00;432
2003;8;VRG;SBKP;SBCT;343,00;130
2003;8;VRG;SBSP;SBNF;434,00;28
2003;8;VRG;SBSP;SBNF;251,00;2223
2003;8;VRG;SBPA;SBFL;174,00;93
2003;8;VRG;SBGL;SBGR;423,00;782
2003;8;VRG;SBGL;SBPA;592,00;207
2003;8;VRG;SBBE;SBBR;958,00;10
2003;8;VRG;SBUL;SBSP;293,00;22
2003;8;VRG;SBBH;SBKP;660,00;27
2003;8;VRG;SBBR;SBRJ;431,00;57
2003;8;VRG;SBGR;SBEG;867,00;969
2003;8;VRG;SBRF;SBSV;276,00;76
2003;8;VRG;SBBR;SBGR;970,00;143
2003;8;VRG;SBGR;SBEG;701,00;2350
2003;8;VRG;SBFL;SBGL;484,00;32
2003;8;VRG;SBBH;SBSP;274,00;484
2003;8;VRG;SBPS;SBSP;865,00;159
2003;8;VRG;SBBE;SBBR;434,00;698
2003;8;VRG;SBEG;SBGR;1134,00;360
2003;8;VRG;SBFL;SBPA;458,00;93
2003;8;VRG;SBSP;SBBH;274,00;396
2003;8;VRG;SBVT;SBRJ;481,00;271
2003;8;VRG;SBBR;SBGO;246,00;8
2003;8;VRG;SBRJ;SBKP;366,00;429
2003;8;VRG;SBBR;SBGL;776,00;234
2003;8;VRG;SBPA;SBFL;339,00;40
2003;8;VRG;SBMQ;SBBE;540,00;3
2003;8;VRG;SBBH;SBKP;502,00;1
2003;8;VRG;SBGR;SBFL;558,00;682
2003;8;VRG;SBRJ;SBSP;199,00;7411
2003;8;VRG;SBSV;SBGL;508,00;869
2003;8;VRG;SBCT;SBGR;450,00;964
2003;8;VRG;SBSV;SBGL;582,00;781
2003;8;VRG;SBRF;SBFZ;477,00;257
2003;8;VRG;SBCT;SBRJ;455,00;53
2003;8;VRG;SBCT;SBPA;478,00;6
2003;8;VRG;SBRF;SBFZ;315,00;124
2003;8;VRG;SBUL;SBSP;403,00;763
2003;8;VRG;SBGL;SBSV;508,00;902
2003;8;VRG;SBRF;SBGL;1066,00;4
2003;8;VRG;SBFZ;SBRF;217,00;1171
2003;8;VRG;SBSP;SBCT;333,00;500
2003;8;VRG;SBPA;SBGL;750,00;49
2003;8;VRG;SBRJ;SBCT;502,00;56
2003;8;VRG;SBCT;SBGL;394,00;126
2003;8;VRG;SBSP;SBVT;326,00;124
2003;8;VRG;SBSV;SBRF;276,00;100
2003;8;VRG;SBBH;SBKP;231,00;41
2003;8;VRG;SBBH;SBRJ;259,00;280
2003;8;VRG;SBSP;SBPA;422,00;6366
2003;8;VRG;SBSV;SBRF;310,00;303
2003;8;VRG;SBFL;SBSP;510,00;3
2003;8;VRG;SBGR;SBSV;691,00;971
2003;8;VRG;SBKP;SBCT;262,00;83
2003;8;VRG;SBPA;SBBR;929,00;34
2003;8;VRG;SBRF;SBFZ;217,00;1291
2003;8;VRG;SBRJ;SBBR;418,00;4317
2003;8;VRG;SBCT;SBFL;409,00;49
2003;8;VRG;SBFZ;SBRF;589,00;4
2003;8;VRG;SBGR;SBSV;518,00;330
2003;8;VRG;SBCT;SBGL;502,00;95
2003;8;VRG;SBBR;SBSV;632,00;450
2003;8;VRG;SBFL;SBPA;259,00;81
2003;8;VRG;SBNF;SBSP;525,00;125
2003;8;VRG;SBKP;SBBR;588,00;67
2003;8;VRG;SBGR;SBCF;318,00;1180
2003;8;VRG;SBBR;SBSV;929,00;302
2003;8;VRG;SBRJ;SBBH;259,00;200
2003;8;VRG;SBRP;SBSP;363,00;750
2003;8;VRG;SBUL;SBSP;463,00;12
2003;8;VRG;SBBR;SBBE;1369,00;127
2003;8;VRG;SBGL;SBBR;506,00;132
2003;8;VRG;SBRF;SBGL;567,00;88
2003;8;VRG;SBEG;SBGR;867,00;743
2003;8;VRG;SBGL;SBPA;750,00;29
2003;8;VRG;SBSP;SBFL;413,00;225
2003;8;VRG;SBRJ;SBVT;272,00;334
2003;8;VRG;SBBR;SBFL;999,00;16
2003;8;VRG;SBBH;SBBR;301,00;65
2003;8;VRG;SBSP;SBBR;418,00;6307
2003;8;VRG;SBBR;SBGR;808,00;502
2003;8;VRG;SBSP;SBGO;353,00;256
2003;8;VRG;SBRJ;SBBR;574,00;883
2003;8;VRG;SBGO;SBBR;164,00;316
2003;8;VRG;SBBR;SBRJ;641,00;62
2003;8;VRG;SBPA;SBGR;422,00;3651
2003;8;VRG;SBBR;SBGR;418,00;974
2003;8;VRG;SBPA;SBFL;299,00;28
2003;8;VRG;SBSV;SBGR;1151,00;1162
2003;8;VRG;SBBR;SBFL;489,00;87
2003;8;VRG;SBGL;SBGR;313,00;999
2003;8;VRG;SBGO;SBSP;534,00;513
2003;8;VRG;SBGR;SBPA;686,00;70
2003;8;VRG;SBBR;SBGR;549,00;364
2003;8;VRG;SBEG;SBGR;701,00;2597
2003;8;VRG;SBSP;SBBH;609,00;2326
2003;8;VRG;SBCF;SBGR;609,00;302
2003;8;VRG;SBBR;SBGO;220,00;104
2003;8;VRG;SBNF;SBSP;251,00;2229
2003;8;VRG;SBCT;SBGR;299,00;867
2003;8;VRG;SBGR;SBFL;273,00;284
2003;8;VRG;SBBR;SBSP;364,00;239
2003;8;VRG;SBGR;SBPA;368,00;322
2003;8;VRG;SBSP;SBCT;372,00;48
2003;8;VRG;SBBE;SBMQ;381,00;4
2003;8;VRG;SBCT;SBKP;423,00;1
2003;8;VRG;SBFZ;SBRF;365,00;280
2003;8;VRG;SBBR;SBSP;485,00;1237
2003;8;VRG;SBKP;SBRJ;366,00;396
2003;8;VRG;SBGR;SBBR;418,00;799
2003;8;VRG;SBGO;SBBR;220,00;141
2003;8;VRG;SBFL;SBGR;510,00;14
2003;8;VRG;SBGR;SBBR;364,00;23
2003;8;VRG;SBRF;SBGL;635,00;1410
2003;8;VRG;SBVT;SBRJ;397,00;20
2003;8;VRG;SBFL;SBGL;678,00;2
2003;8;VRG;SBBR;SBFL;825,00;6
2003;8;VRG;SBSP;SBGO;785,00;795
2003;8;VRG;SBSV;SBRF;689,00;263
2003;8;VRG;SBGR;SBPA;752,00;1523
2003;8;VRG;SBCT;SBGR;220,00;188
2003;8;VRG;SBCT;SBSP;220,00;387
2003;8;VRG;SBGL;SBCT;313,00;931
2003;8;VRG;SBPA;SBGL;592,00;170
2003;8;VRG;SBFL;SBGR;728,00;24
2003;8;VRG;SBBR;SBFZ;1199,00;116
2003;8;VRG;SBSP;SBVT;399,00;3021
2003;8;VRG;SBKP;SBBH;396,00;8
2003;8;VRG;SBBH;SBKP;449,00;16
2003;8;VRG;SBRP;SBSP;395,00;114
2003;8;VRG;SBSV;SBGR;875,00;140
2003;8;VRG;SBGR;SBBR;743,00;1027
2003;8;VRG;SBSP;SBPS;940,00;51
2003;8;VRG;SBRF;SBGL;964,00;39
2003;8;VRG;SBBR;SBKP;727,00;1
2003;8;VRG;SBRF;SBSV;413,00;384
2003;8;VRG;SBVT;SBRJ;439,00;5
2003;8;VRG;SBFZ;SBBR;911,00;32
2003;8;VRG;SBCT;SBRJ;332,00;33
2003;8;VRG;SBEG;SBGR;751,00;809
2003;8;VRG;SBGR;SBCT;411,00;53
2003;8;VRG;SBPA;SBCT;252,00;18
2003;8;VRG;SBBH;SBRJ;378,00;22
2003;8;VRG;SBPA;SBGL;449,00;2580
2003;8;VRG;SBRF;SBFZ;701,00;234
2003;8;VRG;SBGL;SBFL;484,00;46
2003;8;VRG;SBCF;SBGR;512,00;26
2003;8;VRG;SBMQ;SBBE;309,00;41
2003;8;VRG;SBCT;SBPA;579,00;124
2003;8;VRG;SBKP;SBCT;464,00;6
2003;8;VRG;SBCT;SBPA;629,00;216
2003;8;VRG;SBRJ;SBCT;332,00;46
2003;8;VRG;SBSP;SBVT;724,00;426
2003;8;VRG;SBBH;SBRJ;224,00;736
2003;8;VRG;SBGL;SBSV;977,00;483
2003;8;VRG;SBGR;SBCT;220,00;131
2003;8;VRG;SBRF;SBFZ;589,00;1
2003;8;VRG;SBBH;SBSP;609,00;1862
2003;8;VRG;SBBR;SBGL;431,00;75
2003;8;VRG;SBBR;SBGR;614,00;63
2003;8;VRG;SBCT;SBPA;209,00;901
2003;8;VRG;SBFL;SBGL;549,00;80
2003;8;VRG;SBCT;SBRJ;576,00;3
2003;8;VRG;SBKP;SBRJ;452,00;9
2003;8;VRG;SBCF;SBGR;560,00;1592
2003;8;VRG;SBRJ;SBVT;314,00;139
2003;8;VRG;SBCT;SBFL;376,00;4
2003;8;VRG;SBSP;SBFL;510,00;2
2003;8;VRG;SBGL;SBGR;243,00;3909
2003;8;VRG;SBBR;SBSP;549,00;1330
2003;8;VRG;SBFL;SBGR;364,00;180
2003;8;VSP;SBCT;SBGL;357,00;31
2003;8;VSP;SBBR;SBSV;497,00;300
2003;8;VSP;SBPA;SBSP;299,00;53
2003;8;VSP;SBGL;SBPA;991,00;59
2003;8;VSP;SBBR;SBSP;527,00;51
2003;8;VSP;SBGR;SBPA;534,00;2
2003;8;VSP;SBSV;SBGR;636,00;157
2003;8;VSP;SBBR;SBKP;290,00;71
2003;8;VSP;SBBR;SBKP;538,00;1
2003;8;VSP;SBBR;SBCF;392,00;32
2003;8;VSP;SBFL;SBBR;537,00;46
2003;8;VSP;SBBR;SBSV;409,00;416
2003;8;VSP;SBBR;SBKP;414,00;5
2003;8;VSP;SBGR;SBPA;299,00;284
2003;8;VSP;SBGR;SBFL;615,00;75
2003;8;VSP;SBBR;SBGO;248,00;2
2003;8;VSP;SBSV;SBGL;734,00;20
2003;8;VSP;SBBR;SBBE;415,00;52
2003;8;VSP;SBCF;SBBR;653,00;17
2003;8;VSP;SBGR;SBCF;355,00;30
2003;8;VSP;SBPA;SBGR;452,00;10
2003;8;VSP;SBBR;SBBE;688,00;30
2003;8;VSP;SBBR;SBGL;703,00;1
2003;8;VSP;SBGR;SBEG;1007,00;17
2003;8;VSP;SBBR;SBGR;214,00;536
2003;8;VSP;SBSV;SBRF;674,00;35
2003;8;VSP;SBGO;SBBR;198,00;122
2003;8;VSP;SBFL;SBGR;338,00;23
2003;8;VSP;SBSP;SBBR;810,00;254
2003;8;VSP;SBSV;SBGR;694,00;152
2003;8;VSP;SBSV;SBGL;636,00;24
2003;8;VSP;SBRF;SBSV;144,00;1614
2003;8;VSP;SBGL;SBGR;487,00;108
2003;8;VSP;SBRF;SBGL;696,00;30
2003;8;VSP;SBCT;SBBR;598,00;14
2003;8;VSP;SBBH;SBSP;237,00;262
2003;8;VSP;SBGO;SBBR;248,00;3
2003;8;VSP;SBGL;SBCT;393,00;19
2003;8;VSP;SBPA;SBGR;616,00;3
2003;8;VSP;SBBR;SBSV;542,00;279
2003;8;VSP;SBFZ;SBRF;375,00;104
2003;8;VSP;SBSP;SBBR;405,00;182
2003;8;VSP;SBMQ;SBBE;294,00;35
2003;8;VSP;SBBR;SBSP;369,00;121
2003;8;VSP;SBCT;SBBR;748,00;3
2003;8;VSP;SBSP;SBPA;299,00;44
2003;8;VSP;SBBR;SBCT;648,00;6
2003;8;VSP;SBMQ;SBBE;227,00;54
2003;8;VSP;SBBR;SBGL;538,00;7
2003;8;VSP;SBBR;SBPA;799,00;1
2003;8;VSP;SBGL;SBGR;268,00;25
2003;8;VSP;SBFZ;SBRF;511,00;3
2003;8;VSP;SBBR;SBSP;405,00;167
2003;8;VSP;SBRF;SBGL;556,00;893
2003;8;VSP;SBGL;SBCT;299,00;27
2003;8;VSP;SBGL;SBSV;308,00;3337
2003;8;VSP;SBBR;SBGR;319,00;245
2003;8;VSP;SBSV;SBBR;452,00;359
2003;8;VSP;SBBH;SBBR;359,00;36
2003;8;VSP;SBFZ;SBRF;252,00;39
2003;8;VSP;SBGL;SBSV;636,00;8
2003;8;VSP;SBCT;SBPA;347,00;1
2003;8;VSP;SBBH;SBBR;289,00;36
2003;8;VSP;SBBR;SBBH;260,00;726
2003;8;VSP;SBCF;SBBR;392,00;25
2003;8;VSP;SBCF;SBBR;359,00;8
2003;8;VSP;SBBR;SBPA;519,00;74
2003;8;VSP;SBBR;SBSP;608,00;9
2003;8;VSP;SBGR;SBGL;317,00;5
2003;8;VSP;SBBR;SBSP;214,00;1149
2003;8;VSP;SBBR;SBSP;689,00;6
2003;8;VSP;SBSP;SBCT;370,00;18
2003;8;VSP;SBGR;SBCF;296,00;11
2003;8;VSP;SBGR;SBGL;414,00;13
2003;8;VSP;SBGL;SBGR;365,00;8
2003;8;VSP;SBBH;SBBR;392,00;75
2003;8;VSP;SBBR;SBSP;446,00;55
2003;8;VSP;SBGL;SBKP;309,00;22
2003;8;VSP;SBGL;SBGR;414,00;1
2003;8;VSP;SBBR;SBCT;598,00;27
2003;8;VSP;SBBR;SBCT;449,00;6
2003;8;VSP;SBSV;SBGR;867,00;3
2003;8;VSP;SBBR;SBFL;590,00;11
2003;8;VSP;SBSP;SBBH;326,00;8
2003;8;VSP;SBGR;SBPA;452,00;12
2003;8;VSP;SBRF;SBGL;633,00;79
2003;8;VSP;SBFL;SBGR;400,00;1
2003;8;VSP;SBFZ;SBRF;681,00;107
2003;8;VSP;SBFL;SBBR;590,00;10
2003;8;VSP;SBGL;SBKP;515,00;13
2003;8;VSP;SBFL;SBBR;452,00;3
2003;8;VSP;SBBR;SBPA;676,00;3
2003;8;VSP;SBGR;SBPA;493,00;38
2003;8;VSP;SBSV;SBBR;409,00;322
2003;8;VSP;SBMQ;SBBE;103,00;1351
2003;8;VSP;SBEG;SBGR;839,00;9
2003;8;VSP;SBGR;SBEG;500,00;209
2003;8;VSP;SBGR;SBBR;608,00;12
2003;8;VSP;SBGL;SBRF;1266,00;106
2003;8;VSP;SBGL;SBBR;359,00;178
2003;8;VSP;SBGR;SBSV;694,00;148
2003;8;VSP;SBGL;SBCT;714,00;42
2003;8;VSP;SBGR;SBSV;578,00;87
2003;8;VSP;SBBR;SBBH;327,00;65
2003;8;VSP;SBCF;SBGR;385,00;3
2003;8;VSP;SBCT;SBGL;536,00;2
2003;8;VSP;SBBR;SBSV;588,00;30
2003;8;VSP;SBBR;SBBH;359,00;31
2003;8;VSP;SBBR;SBGR;810,00;135
2003;8;VSP;SBRF;SBGL;760,00;22
2003;8;VSP;SBGO;SBBR;215,00;4
2003;8;VSP;SBSP;SBCT;493,00;12
2003;8;VSP;SBFZ;SBRF;579,00;12
2003;8;VSP;SBGR;SBGL;365,00;12
2003;8;VSP;SBSP;SBPA;493,00;2
2003;8;VSP;SBGL;SBSV;489,00;144
2003;8;VSP;SBGR;SBBR;446,00;30
2003;8;VSP;SBBR;SBCF;424,00;2
2003;8;VSP;SBSV;SBBR;904,00;120
2003;8;VSP;SBBE;SBBR;631,00;23
2003;8;VSP;SBBR;SBKP;329,00;26
2003;8;VSP;SBBR;SBBE;860,00;1
2003;8;VSP;SBPA;SBGR;493,00;59
2003;8;VSP;SBKP;SBGL;309,00;7
2003;8;VSP;SBBR;SBGR;369,00;45
2003;8;VSP;SBBR;SBPA;1229,00;15
2003;8;VSP;SBGR;SBFL;400,00;3
2003;8;VSP;SBCT;SBBR;997,00;8
2003;8;VSP;SBRF;SBGL;950,00;4
2003;8;VSP;SBBE;SBMQ;227,00;69
2003;8;VSP;SBBR;SBSP;486,00;404
2003;8;VSP;SBCF;SBGR;186,00;230
2003;8;VSP;SBBH;SBSP;296,00;36
2003;8;VSP;SBFL;SBGR;369,00;4
2003;8;VSP;SBBE;SBMQ;272,00;57
2003;8;VSP;SBGR;SBGL;268,00;24
2003;8;VSP;SBBR;SBSV;768,00;3
2003;8;VSP;SBKP;SBBR;329,00;11
2003;8;VSP;SBFZ;SBRF;169,00;1593
2003;8;VSP;SBSP;SBBR;214,00;908
2003;8;VSP;SBSV;SBRF;438,00;3
2003;8;VSP;SBPA;SBSP;616,00;6
2003;8;VSP;SBKP;SBGL;386,00;1
2003;8;VSP;SBRF;SBFZ;199,00;142
2003;8;VSP;SBPA;SBBR;469,00;122
2003;8;VSP;SBPA;SBSP;821,00;5
2003;8;VSP;SBCF;SBGR;296,00;2
2003;8;VSP;SBBR;SBGL;496,00;123
2003;8;VSP;SBEG;SBGR;599,00;8
2003;8;VSP;SBGL;SBBR;496,00;108
2003;8;VSP;SBBR;SBGL;827,00;184
2003;8;VSP;SBBH;SBSP;385,00;5
2003;8;VSP;SBCT;SBGL;428,00;16
2003;8;VSP;SBSV;SBGR;983,00;25
2003;8;VSP;SBPA;SBBR;615,00;13
2003;8;VSP;SBPA;SBCT;144,00;73
2003;8;VSP;SBGR;SBFL;159,00;441
2003;8;VSP;SBGR;SBPA;411,00;61
2003;8;VSP;SBEG;SBGR;1259,00;2
2003;8;VSP;SBBE;SBMQ;103,00;1450
2003;8;VSP;SBFZ;SBBR;781,00;5
2003;8;VSP;SBSP;SBBR;527,00;27
2003;8;VSP;SBBR;SBCT;997,00;5
2003;8;VSP;SBSP;SBBH;355,00;5
2003;8;VSP;SBCT;SBPA;144,00;107
2003;8;VSP;SBGL;SBKP;386,00;3
2003;8;VSP;SBKP;SBGL;279,00;422
2003;8;VSP;SBGL;SBSV;587,00;98
2003;8;VSP;SBKP;SBGL;515,00;15
2003;8;VSP;SBRF;SBSV;337,00;61
2003;8;VSP;SBBR;SBGR;608,00;5
2003;8;VSP;SBSV;SBRF;404,00;106
2003;8;VSP;SBPA;SBGL;279,00;946
2003;8;VSP;SBPA;SBSP;359,00;26
2003;8;VSP;SBBR;SBCT;352,00;47
2003;8;VSP;SBGR;SBEG;839,00;11
2003;8;VSP;SBFL;SBBR;404,00;28
2003;8;VSP;SBBR;SBCT;748,00;1
2003;8;VSP;SBBR;SBCT;499,00;14
2003;8;VSP;SBGR;SBSV;296,00;2686
2003;8;VSP;SBGL;SBRF;760,00;27
2003;8;VSP;SBSV;SBGR;296,00;3046
2003;8;VSP;SBBR;SBGL;359,00;168
2003;8;VSP;SBEG;SBGR;1007,00;21
2003;8;VSP;SBSV;SBGL;831,00;7
2003;8;VSP;SBSP;SBCT;296,00;2
2003;8;VSP;SBCF;SBGR;326,00;2
2003;8;VSP;SBBR;SBKP;828,00;9
2003;8;VSP;SBBR;SBBE;746,00;5
2003;8;VSP;SBGL;SBCT;357,00;26
2003;8;VSP;SBFZ;SBBR;601,00;25
2003;8;VSP;SBPA;SBCT;630,00;7
2003;8;VSP;SBGL;SBPA;595,00;4
2003;8;VSP;SBBH;SBBR;260,00;788
2003;8;VSP;SBBH;SBBR;653,00;35
2003;8;VSP;SBRF;SBSV;184,00;341
2003;8;VSP;SBSV;SBGR;1156,00;295
2003;8;VSP;SBGL;SBSV;359,00;106
2003;8;VSP;SBBE;SBBR;415,00;39
2003;8;VSP;SBSV;SBBR;497,00;220
2003;8;VSP;SBGR;SBCF;186,00;210
2003;8;VSP;SBRF;SBFZ;681,00;82
2003;8;VSP;SBCT;SBBR;449,00;13
2003;8;VSP;SBCT;SBGL;464,00;5
2003;8;VSP;SBGR;SBBR;810,00;211
2003;8;VSP;SBGR;SBPA;266,00;1127
2003;8;VSP;SBPA;SBGR;359,00;56
2003;8;VSP;SBFL;SBGR;189,00;50
2003;8;VSP;SBGR;SBBR;319,00;254
2003;8;VSP;SBRF;SBFZ;409,00;169
2003;8;VSP;SBFL;SBGR;219,00;2
2003;8;VSP;SBGR;SBSV;867,00;4
2003;8;VSP;SBBR;SBGR;446,00;35
2003;8;VSP;SBGO;SBBR;182,00;71
2003;8;VSP;SBCF;SBBR;327,00;13
2003;8;VSP;SBPA;SBSP;534,00;19
2003;8;VSP;SBSV;SBGR;578,00;105
2003;8;VSP;SBGL;SBBR;414,00;60
2003;8;VSP;SBPA;SBGR;534,00;5
2003;8;VSP;SBCT;SBBR;648,00;3
2003;8;VSP;SBBR;SBGL;455,00;77
2003;8;VSP;SBFZ;SBBR;569,00;152
2003;8;VSP;SBPA;SBGR;266,00;1159
2003;8;VSP;SBGR;SBPA;359,00;45
2003;8;VSP;SBBR;SBFL;805,00;4
2003;8;VSP;SBBH;SBBR;424,00;5
2003;8;VSP;SBKP;SBBR;414,00;5
2003;8;VSP;SBFZ;SBBR;1201,00;13
2003;8;VSP;SBSV;SBGL;538,00;348
2003;8;VSP;SBGR;SBPA;698,00;2
2003;8;VSP;SBFL;SBGR;615,00;86
2003;8;VSP;SBFL;SBBR;360,00;95
2003;8;VSP;SBPA;SBGL;991,00;45
2003;8;VSP;SBCT;SBBR;548,00;34
2003;8;VSP;SBPA;SBGL;496,00;52
2003;8;VSP;SBPA;SBSP;266,00;154
2003;8;VSP;SBCF;SBBR;260,00;251
2003;8;VSP;SBSP;SBPA;452,00;5
2003;8;VSP;SBGL;SBPA;545,00;2
2003;8;VSP;SBSV;SBGL;308,00;3599
2003;8;VSP;SBRF;SBFZ;443,00;14
2003;8;VSP;SBBR;SBGL;414,00;101
2003;8;VSP;SBGR;SBFL;338,00;12
2003;8;VSP;SBGL;SBRF;633,00;75
2003;8;VSP;SBGR;SBEG;923,00;37
2003;8;VSP;SBBR;SBGL;620,00;2
2003;8;VSP;SBSV;SBBR;542,00;314
2003;8;VSP;SBBR;SBBH;289,00;22
2003;8;VSP;SBPA;SBBR;676,00;5
2003;8;VSP;SBSV;SBBR;588,00;53
2003;8;VSP;SBGL;SBCT;464,00;12
2003;8;VSP;SBGO;SBBR;139,00;1867
2003;8;VSP;SBSP;SBBH;186,00;1299
2003;8;VSP;SBBH;SBSP;186,00;1127
2003;8;VSP;SBKP;SBBR;828,00;12
2003;8;VSP;SBBR;SBGR;689,00;1
2003;8;VSP;SBSP;SBPA;821,00;3
2003;8;VSP;SBPA;SBGL;545,00;7
2003;8;VSP;SBGR;SBBR;486,00;184
2003;8;VSP;SBBR;SBSV;379,00;891
2003;8;VSP;SBPA;SBSP;493,00;8
2003;8;VSP;SBBH;SBBR;327,00;83
2003;8;VSP;SBBR;SBKP;455,00;4
2003;8;VSP;SBGL;SBKP;279,00;427
2003;8;VSP;SBRF;SBFZ;341,00;69
2003;8;VSP;SBCT;SBPA;630,00;11
2003;8;VSP;SBPA;SBBR;1229,00;12
2003;8;VSP;SBGL;SBPA;329,00;21
2003;8;VSP;SBSV;SBGL;489,00;316
2003;8;VSP;SBGR;SBGL;487,00;140
2003;8;VSP;SBCF;SBGR;355,00;27
2003;8;VSP;SBGL;SBBR;455,00;95
2003;8;VSP;SBSV;SBRF;184,00;438
2003;8;VSP;SBBR;SBBE;574,00;45
2003;8;VSP;SBBH;SBSP;592,00;35
2003;8;VSP;SBSV;SBRF;371,00;58
2003;8;VSP;SBBR;SBGO;182,00;102
2003;8;VSP;SBBE;SBBR;1147,00;35
2003;8;VSP;SBCT;SBSP;493,00;11
2003;8;VSP;SBSP;SBPA;359,00;13
2003;8;VSP;SBSV;SBBR;678,00;18
2003;8;VSP;SBGR;SBSV;636,00;164
2003;8;VSP;SBFZ;SBRF;443,00;13
2003;8;VSP;SBCF;SBBR;424,00;1
2003;8;VSP;SBBR;SBPA;569,00;18
2003;8;VSP;SBSP;SBPA;266,00;125
2003;8;VSP;SBBE;SBMQ;294,00;22
2003;8;VSP;SBBR;SBBE;1147,00;44
2003;8;VSP;SBMQ;SBBE;131,00;54
2003;8;VSP;SBFL;SBGR;308,00;16
2003;8;VSP;SBRF;SBFZ;169,00;1666
2003;8;VSP;SBKP;SBBR;250,00;147
2003;8;VSP;SBBR;SBFL;1073,00;9
2003;8;VSP;SBCT;SBSP;271,00;13
2003;8;VSP;SBBE;SBMQ;131,00;72
2003;8;VSP;SBRJ;SBSP;249,00;13318
2003;8;VSP;SBBR;SBGO;330,00;94
2003;8;VSP;SBBE;SBBR;574,00;43
2003;8;VSP;SBBR;SBSV;452,00;309
2003;8;VSP;SBBR;SBCF;260,00;343
2003;8;VSP;SBSP;SBBR;486,00;259
2003;8;VSP;SBGL;SBSV;978,00;226
2003;8;VSP;SBGL;SBPA;644,00;1
2003;8;VSP;SBBE;SBBR;746,00;14
2003;8;VSP;SBBR;SBGO;165,00;113
2003;8;VSP;SBRF;SBSV;438,00;5
2003;8;VSP;SBBR;SBBH;392,00;55
2003;8;VSP;SBBR;SBCF;327,00;16
2003;8;VSP;SBCT;SBSP;320,00;8
2003;8;VSP;SBBR;SBGR;527,00;5
2003;8;VSP;SBSP;SBBR;319,00;530
2003;8;VSP;SBGR;SBGL;249,00;614
2003;8;VSP;SBBR;SBBE;631,00;42
2003;8;VSP;SBEG;SBGR;500,00;223
2003;8;VSP;SBPA;SBBR;569,00;3
2003;8;VSP;SBBR;SBGO;215,00;6
2003;8;VSP;SBGR;SBFL;369,00;3
2003;8;VSP;SBGR;SBSV;379,00;68
2003;8;VSP;SBSP;SBBH;237,00;101
2003;8;VSP;SBCT;SBGL;299,00;62
2003;8;VSP;SBSP;SBCT;237,00;319
2003;8;VSP;SBSV;SBRF;219,00;72
2003;8;VSP;SBGO;SBBR;281,00;2
2003;8;VSP;SBBE;SBMQ;385,00;3
2003;8;VSP;SBKP;SBBR;290,00;50
2003;8;VSP;SBCF;SBGR;592,00;18
2003;8;VSP;SBMQ;SBBE;249,00;36
2003;8;VSP;SBCT;SBGL;237,00;279
2003;8;VSP;SBGR;SBEG;1678,00;25
2003;8;VSP;SBCT;SBGL;607,00;1
2003;8;VSP;SBRF;SBFZ;579,00;5
2003;8;VSP;SBPA;SBGR;411,00;14
2003;8;VSP;SBSP;SBPA;616,00;12
2003;8;VSP;SBRF;SBFZ;252,00;30
2003;8;VSP;SBFL;SBGR;159,00;517
2003;8;VSP;SBRF;SBFZ;375,00;136
2003;8;VSP;SBSV;SBRF;506,00;7
2003;8;VSP;SBGR;SBFL;308,00;25
2003;8;VSP;SBBH;SBSP;326,00;15
2003;8;VSP;SBSV;SBGR;379,00;139
2003;8;VSP;SBGL;SBRF;950,00;6
2003;8;VSP;SBBR;SBSP;810,00;313
2003;8;VSP;SBSP;SBPA;411,00;19
2003;8;VSP;SBGL;SBRF;823,00;3
2003;8;VSP;SBSP;SBBH;592,00;67
2003;8;VSP;SBCT;SBBR;352,00;86
2003;8;VSP;SBBR;SBSP;319,00;656
2003;8;VSP;SBBR;SBGR;486,00;219
2003;8;VSP;SBGO;SBBR;330,00;77
2003;8;VSP;SBSP;SBBR;446,00;94
2003;8;VSP;SBCF;SBBR;289,00;1
2003;8;VSP;SBMQ;SBBE;272,00;42
2003;8;VSP;SBPA;SBSP;452,00;15
2003;8;VSP;SBGL;SBKP;438,00;2
2003;8;VSP;SBGR;SBFL;219,00;1
2003;8;VSP;SBSP;SBBH;296,00;5
2003;8;VSP;SBFZ;SBBR;721,00;5
2003;8;VSP;SBRF;SBSV;506,00;4
2003;8;VSP;SBBR;SBPA;469,00;120
2003;8;VSP;SBPA;SBCT;378,00;2
2003;8;VSP;SBGR;SBPA;821,00;153
2003;8;VSP;SBPA;SBGR;299,00;301
2003;8;VSP;SBFL;SBBR;1073,00;8
2003;8;VSP;SBBR;SBGL;260,00;1369
2003;8;VSP;SBSV;SBGL;359,00;272
2003;8;VSP;SBPA;SBGL;329,00;28
2003;8;VSP;SBBR;SBFL;404,00;31
2003;8;VSP;SBBR;SBGR;405,00;62
2003;8;VSP;SBSV;SBRF;144,00;1261
2003;8;VSP;SBGR;SBFL;189,00;63
2003;8;VSP;SBGL;SBBR;703,00;12
2003;8;VSP;SBBR;SBFZ;661,00;7
2003;8;VSP;SBCT;SBSP;296,00;3
2003;8;VSP;SBPA;SBSP;411,00;21
2003;8;VSP;SBFL;SBBR;805,00;3
2003;8;VSP;SBCT;SBPA;199,00;12
2003;8;VSP;SBBR;SBBH;653,00;43
2003;8;VSP;SBGL;SBGR;317,00;4
2003;8;VSP;SBRF;SBGL;1266,00;45
2003;8;VSP;SBCT;SBSP;237,00;386
2003;8;VSP;SBBH;SBSP;355,00;8
2003;8;VSP;SBRF;SBFZ;511,00;6
2003;8;VSP;SBSP;SBBR;689,00;6
2003;8;VSP;SBCT;SBSP;370,00;25
2003;8;VSP;SBCT;SBBR;399,00;32
2003;8;VSP;SBGL;SBCT;237,00;342
2003;8;VSP;SBFZ;SBRF;409,00;106
2003;8;VSP;SBBR;SBCT;399,00;50
2003;8;VSP;SBGL;SBBR;827,00;162
2003;8;VSP;SBFZ;SBRF;341,00;54
2003;8;VSP;SBGR;SBCF;592,00;11
2003;8;VSP;SBMQ;SBBE;453,00;74
2003;8;VSP;SBBR;SBFZ;721,00;7
2003;8;VSP;SBFL;SBBR;644,00;4
2003;8;VSP;SBBR;SBFL;537,00;54
2003;8;VSP;SBBR;SBGO;198,00;132
2003;8;VSP;SBBR;SBFZ;569,00;124
2003;8;VSP;SBCT;SBGL;714,00;35
2003;8;VSP;SBBE;SBBR;330,00;761
2003;8;VSP;SBGL;SBCT;607,00;6
2003;8;VSP;SBSV;SBBR;379,00;868
2003;8;VSP;SBSV;SBGL;978,00;185
2003;8;VSP;SBBR;SBSV;678,00;23
2003;8;VSP;SBEG;SBGR;1678,00;32
2003;8;VSP;SBBR;SBPA;615,00;23
2003;8;VSP;SBBR;SBKP;497,00;2
2003;8;VSP;SBGL;SBCT;536,00;2
2003;8;VSP;SBBR;SBKP;250,00;144
2003;8;VSP;SBBR;SBPA;737,00;11
2003;8;VSP;SBBR;SBFZ;781,00;6
2003;8;VSP;SBGR;SBSV;1156,00;254
2003;8;VSP;SBSP;SBBR;608,00;18
2003;8;VSP;SBSV;SBRF;337,00;48
2003;8;VSP;SBGR;SBBR;405,00;54
2003;8;VSP;SBBE;SBMQ;453,00;35
2003;8;VSP;SBRF;SBGL;823,00;26
2003;8;VSP;SBBR;SBCF;289,00;21
2003;8;VSP;SBCF;SBGR;237,00;29
2003;8;VSP;SBFZ;SBRF;199,00;102
2003;8;VSP;SBGR;SBEG;1259,00;4
2003;8;VSP;SBGL;SBPA;279,00;944
2003;8;VSP;SBBE;SBMQ;249,00;48
2003;8;VSP;SBGL;SBSV;734,00;25
2003;8;VSP;SBGR;SBCF;237,00;74
2003;8;VSP;SBGR;SBBR;369,00;59
2003;8;VSP;SBBE;SBBR;688,00;22
2003;8;VSP;SBPA;SBGR;698,00;5
2003;8;VSP;SBRF;SBSV;371,00;84
2003;8;VSP;SBBR;SBFL;644,00;2
2003;8;VSP;SBGR;SBBR;527,00;6
2003;8;VSP;SBFZ;SBBR;661,00;6
2003;8;VSP;SBBR;SBBE;330,00;966
2003;8;VSP;SBSP;SBCT;320,00;3
2003;8;VSP;SBGL;SBBR;620,00;2
2003;8;VSP;SBGL;SBGR;292,00;85
2003;8;VSP;SBBR;SBCT;548,00;3
2003;8;VSP;SBMQ;SBBE;385,00;4
2003;8;VSP;SBGL;SBBR;260,00;1299
2003;8;VSP;SBGR;SBBR;214,00;744
2003;8;VSP;SBPA;SBCT;199,00;8
2003;8;VSP;SBSP;SBCT;271,00;9
2003;8;VSP;SBBR;SBCF;653,00;28
2003;8;VSP;SBSP;SBBR;369,00;161
2003;8;VSP;SBBR;SBGO;139,00;2090
2003;8;VSP;SBBR;SBFL;360,00;108
2003;8;VSP;SBBR;SBSV;904,00;116
2003;8;VSP;SBGO;SBBR;165,00;90
2003;8;VSP;SBGL;SBSV;538,00;219
2003;8;VSP;SBGR;SBCF;385,00;15
2003;8;VSP;SBCT;SBBR;499,00;9
2003;8;VSP;SBGL;SBPA;496,00;7
2003;8;VSP;SBCT;SBGL;393,00;27
2003;8;VSP;SBBR;SBFZ;1201,00;10
2003;8;VSP;SBRF;SBSV;404,00;138
2003;8;VSP;SBPA;SBGR;821,00;146
2003;8;VSP;SBGL;SBRF;556,00;1630
2003;8;VSP;SBBR;SBBH;424,00;2
2003;8;VSP;SBPA;SBBR;519,00;19
2003;8;VSP;SBGR;SBGL;292,00;68
2003;8;VSP;SBSV;SBGL;587,00;119
2003;8;VSP;SBBR;SBFZ;601,00;32
2003;8;VSP;SBGL;SBCT;428,00;14
2003;8;VSP;SBGL;SBBR;299,00;429
2003;8;VSP;SBRF;SBSV;674,00;42
2003;8;VSP;SBBR;SBCF;359,00;4
2003;8;VSP;SBRF;SBSV;219,00;35
2003;8;VSP;SBGR;SBEG;599,00;6
2003;8;VSP;SBSP;SBRJ;249,00;13251
2003;8;VSP;SBGL;SBGR;249,00;467
2003;8;VSP;SBPA;SBBR;737,00;8
2003;8;VSP;SBCF;SBGR;444,00;3
2003;8;VSP;SBGL;SBRF;696,00;23
2003;8;VSP;SBBR;SBGL;299,00;546
2003;8;VSP;SBEG;SBGR;923,00;23
2003;8;VSP;SBGL;SBBR;538,00;7
2003;8;VSP;SBSP;SBPA;534,00;15
