ANO;MES;EMPRESA;ORIGEM;DESTINO;TARIFA;ASSENTOS
2003;4;GLO;SBBH;SBBR;217,90;141
2003;4;GLO;SBFL;SBPA;70,00;4
2003;4;GLO;SBBR;SBCT;307,99;112
2003;4;GLO;SBKP;SBBH;135,50;2
2003;4;GLO;SBGL;SBCT;208,48;168
2003;4;GLO;SBFL;SBSP;57,57;89
2003;4;GLO;SBFZ;SBRF;76,68;17
2003;4;GLO;SBBR;SBGL;407,14;14
2003;4;GLO;SBMQ;SBBE;54,00;22
2003;4;GLO;SBSP;SBFL;170,10;343
2003;4;GLO;SBRJ;SBBH;178,77;758
2003;4;GLO;SBRJ;SBCT;183,58;387
2003;4;GLO;SBRJ;SBFL;136,82;102
2003;4;GLO;SBSP;SBRJ;233,44;61
2003;4;GLO;SBSP;SBBH;62,01;38
2003;4;GLO;SBSV;SBBR;397,99;66
2003;4;GLO;SBVT;SBSP;218,00;12
2003;4;GLO;SBRF;SBGL;233,00;4
2003;4;GLO;SBSP;SBRJ;246,49;5534
2003;4;GLO;SBRJ;SBCT;210,00;9
2003;4;GLO;SBSP;SBPS;304,57;145
2003;4;GLO;SBVT;SBSP;72,74;223
2003;4;GLO;SBRJ;SBCT;120,00;5
2003;4;GLO;SBPA;SBKP;162,03;696
2003;4;GLO;SBRF;SBSV;91,00;44
2003;4;GLO;SBFL;SBRJ;182,09;20
2003;4;GLO;SBBR;SBGO;134,69;35
2003;4;GLO;SBGO;SBBR;130,73;42
2003;4;GLO;SBFL;SBSP;124,51;938
2003;4;GLO;SBSV;SBBR;366,76;482
2003;4;GLO;SBPA;SBCT;185,45;11
2003;4;GLO;SBSV;SBRF;147,22;828
2003;4;GLO;SBRJ;SBPA;408,50;3
2003;4;GLO;SBVT;SBSP;188,86;544
2003;4;GLO;SBBR;SBBH;71,25;16
2003;4;GLO;SBCT;SBGL;162,50;267
2003;4;GLO;SBSV;SBBR;662,00;12
2003;4;GLO;SBFL;SBGL;323,54;104
2003;4;GLO;SBFZ;SBRF;162,27;679
2003;4;GLO;SBPA;SBSP;148,80;5971
2003;4;GLO;SBPA;SBSP;268,73;22
2003;4;GLO;SBGL;SBSV;616,55;28
2003;4;GLO;SBRF;SBSV;109,81;803
2003;4;GLO;SBCT;SBPA;633,00;1
2003;4;GLO;SBRF;SBGL;399,00;1
2003;4;GLO;SBSP;SBNF;165,00;3
2003;4;GLO;SBKP;SBRJ;272,88;528
2003;4;GLO;SBFL;SBGL;357,11;85
2003;4;GLO;SBRF;SBGL;762,00;3
2003;4;GLO;SBBR;SBRJ;185,63;249
2003;4;GLO;SBCT;SBKP;178,00;8
2003;4;GLO;SBFL;SBRJ;139,01;92
2003;4;GLO;SBPA;SBGL;282,33;273
2003;4;GLO;SBSV;SBBR;613,75;18
2003;4;GLO;SBFL;SBRJ;228,69;26
2003;4;GLO;SBNF;SBSP;395,00;3
2003;4;GLO;SBRF;SBGL;402,30;279
2003;4;GLO;SBKP;SBBR;167,40;250
2003;4;GLO;SBSP;SBNF;143,50;30
2003;4;GLO;SBRF;SBSV;181,34;262
2003;4;GLO;SBBE;SBBR;271,79;71
2003;4;GLO;SBSP;SBPA;540,00;1
2003;4;GLO;SBBH;SBBR;202,40;102
2003;4;GLO;SBSP;SBGL;158,39;374
2003;4;GLO;SBRF;SBGL;621,50;13
2003;4;GLO;SBSP;SBBH;167,11;302
2003;4;GLO;SBRJ;SBSP;144,36;473
2003;4;GLO;SBCT;SBSP;269,63;4
2003;4;GLO;SBKP;SBRJ;50,00;7
2003;4;GLO;SBGL;SBPA;408,50;6
2003;4;GLO;SBSP;SBVT;144,79;2343
2003;4;GLO;SBPA;SBSP;476,00;1
2003;4;GLO;SBRJ;SBSP;218,50;1556
2003;4;GLO;SBSP;SBPA;139,06;36
2003;4;GLO;SBCT;SBBR;454,00;5
2003;4;GLO;SBRF;SBGL;974,00;1
2003;4;GLO;SBSP;SBGO;138,67;27
2003;4;GLO;SBSV;SBRF;111,92;456
2003;4;GLO;SBBE;SBBR;726,00;1
2003;4;GLO;SBBR;SBPA;570,75;8
2003;4;GLO;SBGO;SBSP;381,10;392
2003;4;GLO;SBKP;SBCT;160,20;352
2003;4;GLO;SBSP;SBFL;377,26;39
2003;4;GLO;SBPA;SBKP;342,00;1
2003;4;GLO;SBPA;SBGL;316,44;9
2003;4;GLO;SBFL;SBRJ;100,00;8
2003;4;GLO;SBBR;SBGL;113,58;24
2003;4;GLO;SBRJ;SBKP;385,00;3
2003;4;GLO;SBCT;SBBR;242,42;171
2003;4;GLO;SBPA;SBGL;204,57;450
2003;4;GLO;SBBR;SBFZ;484,61;3
2003;4;GLO;SBSP;SBRJ;144,97;398
2003;4;GLO;SBRJ;SBKP;100,00;3
2003;4;GLO;SBBR;SBFL;334,88;4
2003;4;GLO;SBRF;SBFZ;305,50;139
2003;4;GLO;SBBR;SBPA;404,84;448
2003;4;GLO;SBRJ;SBBR;360,93;62
2003;4;GLO;SBRJ;SBKP;266,02;465
2003;4;GLO;SBPS;SBSP;332,34;168
2003;4;GLO;SBSV;SBBR;609,00;1
2003;4;GLO;SBBR;SBSV;640,25;16
2003;4;GLO;SBSP;SBBR;332,97;266
2003;4;GLO;SBBR;SBRJ;216,58;4114
2003;4;GLO;SBFL;SBGL;150,00;1
2003;4;GLO;SBBR;SBFL;61,50;4
2003;4;GLO;SBFL;SBSP;345,44;63
2003;4;GLO;SBSP;SBCT;150,00;1
2003;4;GLO;SBSP;SBBR;539,00;4
2003;4;GLO;SBNF;SBSP;104,90;829
2003;4;GLO;SBBR;SBFL;147,04;480
2003;4;GLO;SBGL;SBCT;165,59;286
2003;4;GLO;SBSP;SBFL;80,79;215
2003;4;GLO;SBBR;SBSV;593,04;28
2003;4;GLO;SBFZ;SBBR;697,50;6
2003;4;GLO;SBFL;SBRJ;47,50;12
2003;4;GLO;SBRJ;SBSP;159,15;11562
2003;4;GLO;SBBR;SBSP;228,89;319
2003;4;GLO;SBKP;SBCT;283,00;1
2003;4;GLO;SBGL;SBFL;255,67;69
2003;4;GLO;SBBR;SBKP;405,17;3
2003;4;GLO;SBSP;SBFL;100,00;3
2003;4;GLO;SBBH;SBCT;156,98;4
2003;4;GLO;SBFL;SBSP;190,71;719
2003;4;GLO;SBBR;SBBH;198,43;72
2003;4;GLO;SBBR;SBCT;397,00;10
2003;4;GLO;SBCT;SBSP;239,51;369
2003;4;GLO;SBSP;SBPA;301,37;319
2003;4;GLO;SBBR;SBSP;471,63;68
2003;4;GLO;SBGL;SBSP;478,02;22
2003;4;GLO;SBSP;SBPS;217,08;404
2003;4;GLO;SBMQ;SBBE;41,00;5
2003;4;GLO;SBBR;SBBH;313,60;45
2003;4;GLO;SBVT;SBRJ;145,72;416
2003;4;GLO;SBRJ;SBVT;314,00;3
2003;4;GLO;SBRJ;SBCT;319,33;3
2003;4;GLO;SBSV;SBGL;515,11;27
2003;4;GLO;SBSV;SBRF;242,00;1
2003;4;GLO;SBCT;SBGL;84,00;6
2003;4;GLO;SBBH;SBRJ;100,00;11
2003;4;GLO;SBRJ;SBFL;144,00;102
2003;4;GLO;SBBR;SBSV;180,00;31
2003;4;GLO;SBCT;SBBR;411,50;2
2003;4;GLO;SBFL;SBSP;169,99;361
2003;4;GLO;SBRF;SBSV;212,00;50
2003;4;GLO;SBCT;SBPA;702,00;3
2003;4;GLO;SBMQ;SBBE;100,53;1059
2003;4;GLO;SBGL;SBFL;75,00;2
2003;4;GLO;SBFL;SBPA;121,00;20
2003;4;GLO;SBSP;SBBH;458,00;2
2003;4;GLO;SBGL;SBSP;144,97;408
2003;4;GLO;SBVT;SBSP;262,50;16
2003;4;GLO;SBSP;SBVT;170,70;480
2003;4;GLO;SBBH;SBCT;164,00;204
2003;4;GLO;SBKP;SBRJ;237,63;418
2003;4;GLO;SBSV;SBBR;177,35;43
2003;4;GLO;SBSP;SBGO;535,00;1
2003;4;GLO;SBPA;SBRJ;115,50;684
2003;4;GLO;SBPA;SBFL;230,00;1
2003;4;GLO;SBRJ;SBCT;151,28;656
2003;4;GLO;SBCT;SBGL;153,27;600
2003;4;GLO;SBRJ;SBBR;192,72;365
2003;4;GLO;SBSP;SBBR;227,32;3787
2003;4;GLO;SBPA;SBRJ;237,80;5
2003;4;GLO;SBPA;SBSP;117,82;91
2003;4;GLO;SBFL;SBRJ;188,55;240
2003;4;GLO;SBPA;SBCT;200,00;1
2003;4;GLO;SBSP;SBGL;165,11;893
2003;4;GLO;SBCT;SBPA;456,64;14
2003;4;GLO;SBCT;SBRJ;203,52;34
2003;4;GLO;SBGL;SBFL;290,31;13
2003;4;GLO;SBBH;SBCT;142,88;134
2003;4;GLO;SBBR;SBPA;331,37;79
2003;4;GLO;SBKP;SBPA;150,10;815
2003;4;GLO;SBPA;SBFL;82,21;703
2003;4;GLO;SBBH;SBRJ;92,43;42
2003;4;GLO;SBRJ;SBSP;233,63;32
2003;4;GLO;SBKP;SBCT;234,60;86
2003;4;GLO;SBBH;SBCT;267,00;2
2003;4;GLO;SBBH;SBKP;271,00;1
2003;4;GLO;SBRF;SBFZ;149,47;866
2003;4;GLO;SBCT;SBKP;292,23;18
2003;4;GLO;SBKP;SBBH;171,00;2
2003;4;GLO;SBBR;SBGL;333,00;2
2003;4;GLO;SBPA;SBSP;231,91;4771
2003;4;GLO;SBSP;SBPS;189,90;199
2003;4;GLO;SBPA;SBKP;167,55;215
2003;4;GLO;SBRJ;SBSP;214,50;2
2003;4;GLO;SBBR;SBKP;65,34;25
2003;4;GLO;SBGL;SBRF;667,20;10
2003;4;GLO;SBRJ;SBBR;217,75;4115
2003;4;GLO;SBGL;SBCT;154,98;546
2003;4;GLO;SBRJ;SBVT;94,54;87
2003;4;GLO;SBPA;SBGL;190,50;4
2003;4;GLO;SBSP;SBVT;205,12;196
2003;4;GLO;SBPS;SBSP;342,64;11
2003;4;GLO;SBKP;SBRJ;155,29;683
2003;4;GLO;SBPA;SBCT;275,00;1
2003;4;GLO;SBRJ;SBPA;158,23;692
2003;4;GLO;SBBR;SBCT;186,92;123
2003;4;GLO;SBKP;SBPA;121,65;295
2003;4;GLO;SBRJ;SBSP;247,04;5029
2003;4;GLO;SBBH;SBBR;309,26;38
2003;4;GLO;SBCT;SBRJ;76,75;8
2003;4;GLO;SBVT;SBSP;465,00;1
2003;4;GLO;SBBR;SBBH;277,11;120
2003;4;GLO;SBBR;SBFZ;548,79;118
2003;4;GLO;SBKP;SBPA;116,70;820
2003;4;GLO;SBSP;SBFL;121,86;856
2003;4;GLO;SBBR;SBSP;145,30;3460
2003;4;GLO;SBGL;SBFL;191,64;120
2003;4;GLO;SBCT;SBPA;142,95;131
2003;4;GLO;SBCT;SBBR;211,72;605
2003;4;GLO;SBSP;SBPA;210,47;1147
2003;4;GLO;SBBE;SBBR;100,50;2
2003;4;GLO;SBFZ;SBBR;515,11;416
2003;4;GLO;SBBR;SBGO;19,34;38
2003;4;GLO;SBSP;SBGO;260,84;180
2003;4;GLO;SBSP;SBPS;311,00;2
2003;4;GLO;SBBR;SBGO;104,56;95
2003;4;GLO;SBFL;SBPA;83,70;759
2003;4;GLO;SBRJ;SBPA;140,00;3
2003;4;GLO;SBBR;SBFL;202,53;378
2003;4;GLO;SBSP;SBPS;282,46;171
2003;4;GLO;SBSV;SBBR;246,85;13
2003;4;GLO;SBGL;SBBR;237,82;525
2003;4;GLO;SBPA;SBFL;59,00;33
2003;4;GLO;SBFZ;SBBR;267,60;131
2003;4;GLO;SBBH;SBRJ;127,67;2475
2003;4;GLO;SBSP;SBNF;191,31;54
2003;4;GLO;SBFL;SBGL;420,00;2
2003;4;GLO;SBPS;SBSP;312,69;193
2003;4;GLO;SBRJ;SBVT;118,99;2496
2003;4;GLO;SBPA;SBSP;246,98;118
2003;4;GLO;SBSV;SBRF;91,00;40
2003;4;GLO;SBBH;SBRJ;302,00;1
2003;4;GLO;SBBR;SBSP;259,50;30
2003;4;GLO;SBBH;SBCT;52,00;2
2003;4;GLO;SBNF;SBSP;192,52;52
2003;4;GLO;SBGO;SBBR;90,91;65
2003;4;GLO;SBCT;SBKP;206,49;65
2003;4;GLO;SBPA;SBSP;141,17;36
2003;4;GLO;SBBR;SBSV;295,93;116
2003;4;GLO;SBBR;SBGL;235,10;143
2003;4;GLO;SBPA;SBKP;91,13;23
2003;4;GLO;SBVT;SBSP;55,23;43
2003;4;GLO;SBPS;SBSP;311,00;12
2003;4;GLO;SBVT;SBRJ;63,64;54
2003;4;GLO;SBRJ;SBSP;160,98;335
2003;4;GLO;SBPA;SBCT;120,00;4
2003;4;GLO;SBKP;SBBH;142,68;167
2003;4;GLO;SBBR;SBBE;943,00;2
2003;4;GLO;SBSP;SBGL;303,50;2
2003;4;GLO;SBGO;SBSP;150,26;25
2003;4;GLO;SBGL;SBSV;740,00;2
2003;4;GLO;SBPS;SBSP;191,48;536
2003;4;GLO;SBBR;SBRJ;143,36;4503
2003;4;GLO;SBPA;SBFL;67,00;4
2003;4;GLO;SBBH;SBSP;147,81;1291
2003;4;GLO;SBKP;SBBR;108,17;15
2003;4;GLO;SBBH;SBCT;87,86;280
2003;4;GLO;SBBR;SBGL;294,00;51
2003;4;GLO;SBFZ;SBBR;512,50;36
2003;4;GLO;SBPA;SBRJ;216,28;152
2003;4;GLO;SBPA;SBSP;380,39;92
2003;4;GLO;SBBR;SBFZ;154,69;59
2003;4;GLO;SBBR;SBSP;279,00;77
2003;4;GLO;SBFL;SBSP;402,00;4
2003;4;GLO;SBGL;SBSV;582,35;20
2003;4;GLO;SBRF;SBFZ;284,41;120
2003;4;GLO;SBSP;SBNF;187,99;175
2003;4;GLO;SBBR;SBRJ;588,00;1
2003;4;GLO;SBRJ;SBBR;369,00;7
2003;4;GLO;SBVT;SBRJ;160,15;259
2003;4;GLO;SBFZ;SBRF;209,80;142
2003;4;GLO;SBGL;SBPA;218,16;865
2003;4;GLO;SBRF;SBFZ;269,00;1
2003;4;GLO;SBGL;SBPA;209,63;459
2003;4;GLO;SBSV;SBRF;81,00;2
2003;4;GLO;SBRJ;SBCT;233,70;6
2003;4;GLO;SBRJ;SBFL;228,45;16
2003;4;GLO;SBSV;SBGL;216,00;8
2003;4;GLO;SBKP;SBRJ;341,50;6
2003;4;GLO;SBSV;SBGL;180,00;19
2003;4;GLO;SBKP;SBPA;248,73;11
2003;4;GLO;SBBR;SBCT;281,35;337
2003;4;GLO;SBGO;SBBR;100,27;101
2003;4;GLO;SBBR;SBSV;380,51;127
2003;4;GLO;SBGL;SBSP;98,28;29
2003;4;GLO;SBBR;SBBH;462,06;9
2003;4;GLO;SBGO;SBSP;235,00;19
2003;4;GLO;SBSP;SBBR;426,14;68
2003;4;GLO;SBRJ;SBFL;108,25;8
2003;4;GLO;SBSV;SBBR;275,88;610
2003;4;GLO;SBPA;SBKP;125,13;729
2003;4;GLO;SBKP;SBPA;157,11;254
2003;4;GLO;SBSP;SBNF;252,05;25
2003;4;GLO;SBFL;SBBR;140,38;37
2003;4;GLO;SBGL;SBPA;250,00;1
2003;4;GLO;SBBH;SBCT;87,94;96
2003;4;GLO;SBSP;SBBH;420,00;5
2003;4;GLO;SBPA;SBKP;109,00;2
2003;4;GLO;SBFL;SBPA;178,00;1
2003;4;GLO;SBRJ;SBFL;186,50;284
2003;4;GLO;SBGL;SBRF;698,88;16
2003;4;GLO;SBPA;SBGL;184,07;261
2003;4;GLO;SBFL;SBBR;127,12;546
2003;4;GLO;SBPA;SBGL;223,55;903
2003;4;GLO;SBCT;SBPA;89,28;91
2003;4;GLO;SBBR;SBGO;164,00;1
2003;4;GLO;SBFL;SBBR;220,26;2
2003;4;GLO;SBSP;SBNF;216,42;666
2003;4;GLO;SBFL;SBSP;128,32;588
2003;4;GLO;SBCT;SBSP;200,01;299
2003;4;GLO;SBSV;SBRF;224,18;186
2003;4;GLO;SBNF;SBSP;256,52;23
2003;4;GLO;SBGL;SBPA;181,10;1111
2003;4;GLO;SBGL;SBSV;178,00;9
2003;4;GLO;SBPA;SBKP;232,75;10
2003;4;GLO;SBRJ;SBCT;148,71;1401
2003;4;GLO;SBBR;SBRJ;195,53;107
2003;4;GLO;SBCT;SBSP;182,21;2908
2003;4;GLO;SBGO;SBSP;232,30;264
2003;4;GLO;SBRJ;SBFL;228,85;46
2003;4;GLO;SBGO;SBSP;195,00;3
2003;4;GLO;SBGL;SBRF;551,26;129
2003;4;GLO;SBSP;SBGL;82,00;11
2003;4;GLO;SBBR;SBFZ;424,01;389
2003;4;GLO;SBCT;SBRJ;201,60;15
2003;4;GLO;SBSP;SBFL;224,52;176
2003;4;GLO;SBPA;SBRJ;245,30;10
2003;4;GLO;SBPA;SBSP;150,00;3
2003;4;GLO;SBPS;SBSP;430,00;45
2003;4;GLO;SBFZ;SBRF;171,75;4
2003;4;GLO;SBSP;SBFL;430,05;21
2003;4;GLO;SBBR;SBFZ;429,96;144
2003;4;GLO;SBGL;SBSV;150,75;34
2003;4;GLO;SBSP;SBPA;437,94;35
2003;4;GLO;SBBR;SBSP;383,00;2
2003;4;GLO;SBPA;SBFL;86,72;374
2003;4;GLO;SBRJ;SBVT;231,36;11
2003;4;GLO;SBBH;SBRJ;179,16;712
2003;4;GLO;SBSP;SBRJ;171,13;4597
2003;4;GLO;SBRJ;SBPA;238,50;2
2003;4;GLO;SBCT;SBPA;96,33;9
2003;4;GLO;SBFZ;SBBR;591,20;61
2003;4;GLO;SBRJ;SBCT;160,18;261
2003;4;GLO;SBRJ;SBVT;156,81;454
2003;4;GLO;SBBR;SBBH;247,81;1971
2003;4;GLO;SBBR;SBSP;328,56;457
2003;4;GLO;SBPA;SBRJ;125,00;2
2003;4;GLO;SBRF;SBFZ;570,92;78
2003;4;GLO;SBSV;SBBR;176,00;1
2003;4;GLO;SBSV;SBGL;345,02;394
2003;4;GLO;SBFL;SBBR;92,73;33
2003;4;GLO;SBFL;SBPA;88,59;353
2003;4;GLO;SBVT;SBRJ;229,00;1
2003;4;GLO;SBRJ;SBBH;100,00;11
2003;4;GLO;SBBR;SBSP;388,33;3
2003;4;GLO;SBVT;SBRJ;117,60;2246
2003;4;GLO;SBRF;SBSV;333,09;15
2003;4;GLO;SBBH;SBKP;140,00;20
2003;4;GLO;SBRF;SBGL;615,83;60
2003;4;GLO;SBBH;SBKP;36,00;5
2003;4;GLO;SBSP;SBFL;348,21;29
2003;4;GLO;SBSP;SBCT;38,86;96
2003;4;GLO;SBBE;SBBR;202,43;7
2003;4;GLO;SBFL;SBPA;114,68;1426
2003;4;GLO;SBGL;SBFL;166,75;2
2003;4;GLO;SBSP;SBFL;268,22;9
2003;4;GLO;SBFL;SBBR;181,28;70
2003;4;GLO;SBBR;SBGL;121,95;55
2003;4;GLO;SBSP;SBPA;230,19;4779
2003;4;GLO;SBSP;SBFL;262,74;174
2003;4;GLO;SBKP;SBRJ;386,50;4
2003;4;GLO;SBVT;SBRJ;91,88;138
2003;4;GLO;SBBR;SBSV;475,71;88
2003;4;GLO;SBBH;SBSP;156,65;102
2003;4;GLO;SBSP;SBGL;100,00;28
2003;4;GLO;SBBR;SBSV;695,95;46
2003;4;GLO;SBBR;SBSP;214,83;81
2003;4;GLO;SBRJ;SBKP;82,00;8
2003;4;GLO;SBFL;SBPA;136,42;533
2003;4;GLO;SBSP;SBRJ;198,00;25
2003;4;GLO;SBGL;SBFL;243,21;117
2003;4;GLO;SBCT;SBRJ;84,00;3
2003;4;GLO;SBBH;SBSP;498,00;4
2003;4;GLO;SBSP;SBGO;227,08;128
2003;4;GLO;SBSP;SBVT;100,00;6
2003;4;GLO;SBCT;SBRJ;75,00;2
2003;4;GLO;SBSP;SBVT;512,00;1
2003;4;GLO;SBRJ;SBBH;150,86;590
2003;4;GLO;SBCT;SBKP;283,00;1
2003;4;GLO;SBFL;SBGL;230,74;128
2003;4;GLO;SBSP;SBRJ;159,22;11595
2003;4;GLO;SBRJ;SBBR;311,45;109
2003;4;GLO;SBGL;SBBR;135,33;29
2003;4;GLO;SBVT;SBSP;224,40;5
2003;4;GLO;SBPA;SBCT;111,81;1380
2003;4;GLO;SBCT;SBSP;277,58;24
2003;4;GLO;SBBR;SBFL;111,27;22
2003;4;GLO;SBCT;SBPA;119,35;1414
2003;4;GLO;SBGL;SBSV;347,56;334
2003;4;GLO;SBBR;SBSV;479,26;21
2003;4;GLO;SBGL;SBPA;212,08;145
2003;4;GLO;SBPA;SBKP;208,34;193
2003;4;GLO;SBKP;SBPA;185,00;1
2003;4;GLO;SBBR;SBFL;140,84;38
2003;4;GLO;SBPA;SBSP;434,04;25
2003;4;GLO;SBRJ;SBKP;184,26;17
2003;4;GLO;SBFZ;SBRF;179,00;4
2003;4;GLO;SBPA;SBFL;109,40;1311
2003;4;GLO;SBGL;SBRF;372,63;309
2003;4;GLO;SBRJ;SBBR;144,18;4392
2003;4;GLO;SBGL;SBSV;227,19;759
2003;4;GLO;SBBH;SBKP;159,50;4
2003;4;GLO;SBBR;SBFL;361,00;20
2003;4;GLO;SBVT;SBSP;510,00;1
2003;4;GLO;SBPA;SBGL;481,75;8
2003;4;GLO;SBBR;SBSP;534,00;2
2003;4;GLO;SBBH;SBCT;63,31;52
2003;4;GLO;SBBR;SBRJ;254,42;454
2003;4;GLO;SBKP;SBRJ;83,27;15
2003;4;GLO;SBCT;SBSP;258,22;69
2003;4;GLO;SBRJ;SBBH;235,00;1
2003;4;GLO;SBGL;SBSP;293,00;2
2003;4;GLO;SBPA;SBBR;374,47;236
2003;4;GLO;SBFZ;SBRF;130,00;50
2003;4;GLO;SBPA;SBRJ;206,17;48
2003;4;GLO;SBRJ;SBFL;197,50;174
2003;4;GLO;SBRJ;SBBH;44,00;1
2003;4;GLO;SBRJ;SBPA;217,83;212
2003;4;GLO;SBPA;SBRJ;90,50;8
2003;4;GLO;SBFZ;SBBR;618,54;65
2003;4;GLO;SBPA;SBSP;151,03;247
2003;4;GLO;SBGL;SBPA;624,00;1
2003;4;GLO;SBPA;SBBR;242,51;157
2003;4;GLO;SBVT;SBRJ;100,00;4
2003;4;GLO;SBPA;SBBR;283,18;421
2003;4;GLO;SBGL;SBRF;581,47;87
2003;4;GLO;SBMQ;SBBE;139,35;31
2003;4;GLO;SBSV;SBRF;212,00;20
2003;4;GLO;SBPA;SBGL;105,00;8
2003;4;GLO;SBKP;SBPA;96,83;23
2003;4;GLO;SBSP;SBCT;84,02;152
2003;4;GLO;SBCT;SBGL;163,00;2
2003;4;GLO;SBSP;SBCT;222,77;2650
2003;4;GLO;SBGL;SBPA;175,00;4
2003;4;GLO;SBGO;SBSP;145,54;42
2003;4;GLO;SBBR;SBKP;173,59;283
2003;4;GLO;SBSP;SBRJ;257,40;5
2003;4;GLO;SBSP;SBBR;150,00;1
2003;4;GLO;SBKP;SBBR;426,00;1
2003;4;GLO;SBBR;SBSV;319,17;23
2003;4;GLO;SBBE;SBMQ;52,36;33
2003;4;GLO;SBRF;SBFZ;94,18;79
2003;4;GLO;SBCT;SBKP;81,00;12
2003;4;GLO;SBKP;SBCT;195,34;341
2003;4;GLO;SBRJ;SBPA;137,00;6
2003;4;GLO;SBRJ;SBVT;64,82;28
2003;4;GLO;SBSP;SBBH;172,08;107
2003;4;GLO;SBKP;SBRJ;100,00;4
2003;4;GLO;SBBR;SBFL;318,61;18
2003;4;GLO;SBSP;SBPA;89,69;48
2003;4;GLO;SBSV;SBBR;295,93;116
2003;4;GLO;SBCT;SBPA;420,14;21
2003;4;GLO;SBPA;SBFL;136,32;575
2003;4;GLO;SBGL;SBSV;590,27;61
2003;4;GLO;SBNF;SBSP;190,10;456
2003;4;GLO;SBFL;SBRJ;197,50;82
2003;4;GLO;SBRJ;SBVT;252,00;6
2003;4;GLO;SBBH;SBSP;236,09;1445
2003;4;GLO;SBSP;SBVT;104,66;305
2003;4;GLO;SBSV;SBRF;106,25;724
2003;4;GLO;SBCT;SBPA;998,00;1
2003;4;GLO;SBBH;SBSP;418,67;3
2003;4;GLO;SBBH;SBRJ;40,86;14
2003;4;GLO;SBFL;SBBR;230,48;31
2003;4;GLO;SBCT;SBBR;90,00;6
2003;4;GLO;SBGL;SBPA;116,67;3
2003;4;GLO;SBRF;SBFZ;203,30;276
2003;4;GLO;SBBR;SBCT;251,13;489
2003;4;GLO;SBCT;SBRJ;557,00;1
2003;4;GLO;SBFZ;SBRF;123,28;738
2003;4;GLO;SBGL;SBFL;87,08;6
2003;4;GLO;SBSP;SBBH;197,33;6
2003;4;GLO;SBSP;SBRJ;242,50;4
2003;4;GLO;SBGL;SBSP;190,12;17
2003;4;GLO;SBRJ;SBPA;624,00;1
2003;4;GLO;SBSP;SBGL;233,80;15
2003;4;GLO;SBBR;SBBE;218,00;10
2003;4;GLO;SBCT;SBRJ;166,30;47
2003;4;GLO;SBSP;SBBH;236,48;1490
2003;4;GLO;SBSP;SBVT;110,81;1440
2003;4;GLO;SBRJ;SBPA;229,62;26
2003;4;GLO;SBSV;SBGL;300,10;854
2003;4;GLO;SBCT;SBGL;186,50;2
2003;4;GLO;SBFL;SBSP;116,00;3
2003;4;GLO;SBCT;SBBR;223,21;103
2003;4;GLO;SBSP;SBBR;168,65;27
2003;4;GLO;SBGL;SBCT;164,06;53
2003;4;GLO;SBKP;SBBH;159,00;6
2003;4;GLO;SBRJ;SBBH;243,90;15
2003;4;GLO;SBBR;SBBH;346,00;1
2003;4;GLO;SBGL;SBCT;84,00;4
2003;4;GLO;SBKP;SBBR;244,98;63
2003;4;GLO;SBSV;SBGL;297,00;30
2003;4;GLO;SBVT;SBSP;208,38;200
2003;4;GLO;SBBR;SBKP;274,00;2
2003;4;GLO;SBBR;SBFZ;257,10;189
2003;4;GLO;SBSP;SBRJ;305,33;46
2003;4;GLO;SBVT;SBSP;142,14;1235
2003;4;GLO;SBRJ;SBCT;163,09;81
2003;4;GLO;SBPA;SBCT;378,00;3
2003;4;GLO;SBSP;SBVT;167,01;115
2003;4;GLO;SBSP;SBCT;198,78;241
2003;4;GLO;SBFL;SBRJ;181,88;16
2003;4;GLO;SBSP;SBBR;190,89;9
2003;4;GLO;SBRJ;SBFL;249,50;6
2003;4;GLO;SBRJ;SBVT;92,00;2
2003;4;GLO;SBGL;SBFL;186,67;3
2003;4;GLO;SBBR;SBFL;275,99;74
2003;4;GLO;SBSP;SBNF;100,00;1
2003;4;GLO;SBRJ;SBSP;82,00;5
2003;4;GLO;SBFL;SBGL;271,97;16
2003;4;GLO;SBPA;SBFL;412,00;2
2003;4;GLO;SBBR;SBRJ;399,50;34
2003;4;GLO;SBNF;SBSP;721,00;1
2003;4;GLO;SBBR;SBSV;609,00;13
2003;4;GLO;SBCT;SBKP;44,00;5
2003;4;GLO;SBPA;SBBR;270,13;120
2003;4;GLO;SBCT;SBBR;174,30;219
2003;4;GLO;SBNF;SBSP;143,50;30
2003;4;GLO;SBFL;SBRJ;176,22;583
2003;4;GLO;SBBR;SBGL;210,80;30
2003;4;GLO;SBGL;SBSP;173,63;806
2003;4;GLO;SBRJ;SBBH;96,53;88
2003;4;GLO;SBSP;SBBH;210,54;2730
2003;4;GLO;SBSP;SBPA;272,15;33
2003;4;GLO;SBSP;SBCT;255,98;159
2003;4;GLO;SBSP;SBBH;190,67;15
2003;4;GLO;SBGL;SBBR;288,62;34
2003;4;GLO;SBRJ;SBVT;50,76;63
2003;4;GLO;SBBR;SBFZ;612,97;59
2003;4;GLO;SBFZ;SBRF;485,75;4
2003;4;GLO;SBFL;SBSP;386,54;20
2003;4;GLO;SBGL;SBBR;159,96;586
2003;4;GLO;SBPS;SBSP;370,59;190
2003;4;GLO;SBPA;SBGL;145,57;30
2003;4;GLO;SBRJ;SBBH;113,48;42
2003;4;GLO;SBSP;SBPS;91,00;6
2003;4;GLO;SBFZ;SBBR;566,48;86
2003;4;GLO;SBBR;SBFZ;512,50;36
2003;4;GLO;SBPS;SBSP;464,07;43
2003;4;GLO;SBVT;SBRJ;138,00;50
2003;4;GLO;SBFL;SBGL;534,00;1
2003;4;GLO;SBFZ;SBRF;96,00;82
2003;4;GLO;SBSP;SBPA;299,00;40
2003;4;GLO;SBBE;SBBR;375,72;44
2003;4;GLO;SBFL;SBRJ;77,94;192
2003;4;GLO;SBGL;SBSP;217,83;115
2003;4;GLO;SBFL;SBSP;81,36;199
2003;4;GLO;SBSV;SBGL;148,22;16
2003;4;GLO;SBGL;SBSP;252,50;6
2003;4;GLO;SBBH;SBBR;477,59;11
2003;4;GLO;SBGL;SBPA;267,78;18
2003;4;GLO;SBFL;SBSP;256,63;277
2003;4;GLO;SBSP;SBBH;304,71;7
2003;4;GLO;SBSP;SBBR;259,08;485
2003;4;GLO;SBBE;SBMQ;108,11;214
2003;4;GLO;SBBR;SBSP;129,25;67
2003;4;GLO;SBRJ;SBFL;211,50;8
2003;4;GLO;SBSP;SBCT;355,00;3
2003;4;GLO;SBSP;SBBH;312,03;120
2003;4;GLO;SBPA;SBCT;122,46;502
2003;4;GLO;SBPA;SBBR;160,80;5
2003;4;GLO;SBVT;SBRJ;92,19;329
2003;4;GLO;SBBH;SBSP;309,67;6
2003;4;GLO;SBBR;SBBH;218,53;131
2003;4;GLO;SBBR;SBBH;417,00;2
2003;4;GLO;SBPA;SBRJ;103,46;138
2003;4;GLO;SBKP;SBBR;201,62;222
2003;4;GLO;SBCT;SBGL;232,33;205
2003;4;GLO;SBVT;SBRJ;297,00;8
2003;4;GLO;SBGL;SBRF;719,06;8
2003;4;GLO;SBFL;SBBR;347,00;2
2003;4;GLO;SBRJ;SBFL;267,00;2
2003;4;GLO;SBBH;SBSP;89,17;106
2003;4;GLO;SBGL;SBRF;163,10;10
2003;4;GLO;SBBH;SBCT;84,13;428
2003;4;GLO;SBSP;SBCT;281,00;50
2003;4;GLO;SBBR;SBGL;405,16;43
2003;4;GLO;SBBH;SBBR;272,89;74
2003;4;GLO;SBSP;SBPA;383,45;159
2003;4;GLO;SBPS;SBSP;96,75;23
2003;4;GLO;SBRF;SBFZ;229,00;4
2003;4;GLO;SBCT;SBSP;141,00;1
2003;4;GLO;SBSV;SBBR;427,99;97
2003;4;GLO;SBSP;SBFL;58,98;121
2003;4;GLO;SBNF;SBSP;372,25;4
2003;4;GLO;SBRJ;SBBR;150,00;2
2003;4;GLO;SBRJ;SBBR;208,39;175
2003;4;GLO;SBCT;SBRJ;162,20;91
2003;4;GLO;SBVT;SBSP;133,42;64
2003;4;GLO;SBKP;SBRJ;213,59;17
2003;4;GLO;SBCT;SBBR;288,46;280
2003;4;GLO;SBSP;SBGL;43,15;74
2003;4;GLO;SBRJ;SBKP;248,15;58
2003;4;GLO;SBSP;SBVT;47,50;56
2003;4;GLO;SBBH;SBRJ;330,00;1
2003;4;GLO;SBBR;SBFL;237,39;66
2003;4;GLO;SBFL;SBRJ;164,23;164
2003;4;GLO;SBCT;SBPA;218,02;53
2003;4;GLO;SBPA;SBSP;193,77;1301
2003;4;GLO;SBSP;SBCT;100,00;4
2003;4;GLO;SBCT;SBGL;205,00;15
2003;4;GLO;SBKP;SBBR;150,39;77
2003;4;GLO;SBRF;SBFZ;143,99;217
2003;4;GLO;SBFL;SBSP;159,64;3006
2003;4;GLO;SBSV;SBRF;115,50;14
2003;4;GLO;SBRF;SBSV;440,05;11
2003;4;GLO;SBBE;SBBR;224,95;198
2003;4;GLO;SBBR;SBBE;271,78;78
2003;4;GLO;SBSV;SBRF;161,00;48
2003;4;GLO;SBGL;SBSV;451,61;144
2003;4;GLO;SBBH;SBCT;183,00;4
2003;4;GLO;SBSP;SBFL;127,83;542
2003;4;GLO;SBPA;SBCT;145,93;2502
2003;4;GLO;SBRJ;SBSP;296,38;50
2003;4;GLO;SBSP;SBFL;301,50;2
2003;4;GLO;SBSP;SBPS;315,72;18
2003;4;GLO;SBGL;SBSV;390,11;203
2003;4;GLO;SBCT;SBRJ;177,65;372
2003;4;GLO;SBSP;SBFL;159,42;2895
2003;4;GLO;SBFZ;SBRF;244,66;75
2003;4;GLO;SBBR;SBPA;393,96;281
2003;4;GLO;SBKP;SBRJ;307,33;3
2003;4;GLO;SBSV;SBGL;450,65;198
2003;4;GLO;SBBH;SBBR;343,50;4
2003;4;GLO;SBGO;SBSP;542,33;3
2003;4;GLO;SBBH;SBRJ;57,22;32
2003;4;GLO;SBSP;SBBR;142,42;67
2003;4;GLO;SBRF;SBGL;546,27;16
2003;4;GLO;SBCT;SBGL;103,50;12
2003;4;GLO;SBCT;SBBR;346,78;9
2003;4;GLO;SBVT;SBSP;207,12;111
2003;4;GLO;SBPA;SBBR;337,54;117
2003;4;GLO;SBPA;SBBR;336,55;301
2003;4;GLO;SBGO;SBSP;486,00;1
2003;4;GLO;SBSP;SBPA;100,28;118
2003;4;GLO;SBRJ;SBPA;170,00;4
2003;4;GLO;SBBR;SBCT;178,56;185
2003;4;GLO;SBCT;SBGL;155,00;29
2003;4;GLO;SBBR;SBSV;374,45;74
2003;4;GLO;SBRF;SBSV;296,00;4
2003;4;GLO;SBGO;SBSP;237,70;424
2003;4;GLO;SBFL;SBSP;122,90;2959
2003;4;GLO;SBPA;SBSP;295,18;308
2003;4;GLO;SBSP;SBVT;218,00;2
2003;4;GLO;SBSP;SBGO;346,94;32
2003;4;GLO;SBBR;SBKP;158,41;123
2003;4;GLO;SBSV;SBBR;522,97;30
2003;4;GLO;SBMQ;SBBE;86,61;179
2003;4;GLO;SBGL;SBCT;110,33;30
2003;4;GLO;SBSP;SBBH;144,31;1690
2003;4;GLO;SBBE;SBMQ;112,36;1064
2003;4;GLO;SBRJ;SBFL;175,48;682
2003;4;GLO;SBBH;SBCT;118,03;1000
2003;4;GLO;SBRJ;SBSP;217,88;4
2003;4;GLO;SBGO;SBBR;46,00;9
2003;4;GLO;SBRF;SBFZ;79,00;3
2003;4;GLO;SBVT;SBSP;113,20;232
2003;4;GLO;SBFL;SBBR;268,70;10
2003;4;GLO;SBRF;SBGL;905,00;3
2003;4;GLO;SBRF;SBFZ;214,42;910
2003;4;GLO;SBBR;SBSP;96,69;31
2003;4;GLO;SBBR;SBPA;345,37;67
2003;4;GLO;SBBR;SBBE;381,80;82
2003;4;GLO;SBBE;SBMQ;438,44;9
2003;4;GLO;SBNF;SBSP;219,92;482
2003;4;GLO;SBRJ;SBFL;270,50;2
2003;4;GLO;SBSP;SBPS;213,67;623
2003;4;GLO;SBSP;SBPA;601,00;2
2003;4;GLO;SBGL;SBPA;173,06;89
2003;4;GLO;SBPA;SBCT;81,34;75
2003;4;GLO;SBBR;SBGL;150,00;1
2003;4;GLO;SBPA;SBBR;327,00;4
2003;4;GLO;SBRJ;SBBH;56,46;53
2003;4;GLO;SBFZ;SBRF;138,16;293
2003;4;GLO;SBBR;SBBH;108,28;209
2003;4;GLO;SBRJ;SBBH;214,00;5
2003;4;GLO;SBPA;SBGL;250,00;1
2003;4;GLO;SBFL;SBRJ;75,00;8
2003;4;GLO;SBBE;SBBR;482,00;2
2003;4;GLO;SBFL;SBPA;58,33;44
2003;4;GLO;SBRF;SBSV;161,00;67
2003;4;GLO;SBCT;SBBR;282,67;416
2003;4;GLO;SBVT;SBRJ;49,40;60
2003;4;GLO;SBSP;SBBH;150,00;2
2003;4;GLO;SBCT;SBBH;165,69;154
2003;4;GLO;SBGL;SBRF;557,00;205
2003;4;GLO;SBFL;SBBR;82,00;10
2003;4;GLO;SBSV;SBGL;244,18;278
2003;4;GLO;SBCT;SBKP;152,08;425
2003;4;GLO;SBSP;SBPA;152,48;5886
2003;4;GLO;SBBR;SBCT;306,54;13
2003;4;GLO;SBSP;SBBR;597,00;2
2003;4;GLO;SBSV;SBRF;176,00;215
2003;4;GLO;SBBR;SBFZ;139,26;50
2003;4;GLO;SBSV;SBGL;360,00;20
2003;4;GLO;SBSP;SBRJ;159,48;282
2003;4;GLO;SBCT;SBRJ;45,00;6
2003;4;GLO;SBRJ;SBPA;122,31;651
2003;4;GLO;SBGL;SBCT;379,38;4
2003;4;GLO;SBKP;SBBH;81,13;88
2003;4;GLO;SBRJ;SBBH;318,07;14
2003;4;GLO;SBBE;SBBR;317,85;183
2003;4;GLO;SBKP;SBPA;169,50;2
2003;4;GLO;SBGL;SBCT;189,06;481
2003;4;GLO;SBGO;SBBR;19,54;36
2003;4;GLO;SBCT;SBRJ;137,57;1465
2003;4;GLO;SBBR;SBCT;411,50;1
2003;4;GLO;SBGL;SBSV;489,11;36
2003;4;GLO;SBPS;SBSP;198,77;13
2003;4;GLO;SBBH;SBSP;208,38;2923
2003;4;GLO;SBMQ;SBBE;143,00;5
2003;4;GLO;SBRJ;SBCT;104,33;6
2003;4;GLO;SBBH;SBBR;72,20;30
2003;4;GLO;SBCT;SBSP;192,76;109
2003;4;GLO;SBBR;SBCT;123,75;6
2003;4;GLO;SBBR;SBRJ;116,00;32
2003;4;GLO;SBFL;SBRJ;139,24;826
2003;4;GLO;SBBR;SBPA;654,00;3
2003;4;GLO;SBCT;SBSP;178,15;135
2003;4;GLO;SBBR;SBSV;686,17;12
2003;4;GLO;SBSP;SBVT;66,75;228
2003;4;GLO;SBRJ;SBBR;105,45;33
2003;4;GLO;SBRF;SBSV;214,63;230
2003;4;GLO;SBBH;SBBR;180,20;2395
2003;4;GLO;SBSV;SBGL;643,08;13
2003;4;GLO;SBBR;SBKP;249,45;33
2003;4;GLO;SBBR;SBRJ;347,40;10
2003;4;GLO;SBSP;SBPA;529,21;14
2003;4;GLO;SBSP;SBNF;104,31;782
2003;4;GLO;SBBH;SBSP;60,44;86
2003;4;GLO;SBPA;SBKP;112,83;228
2003;4;GLO;SBFZ;SBBR;197,39;31
2003;4;GLO;SBSP;SBPS;123,38;8
2003;4;GLO;SBSV;SBBR;144,73;13
2003;4;GLO;SBPA;SBRJ;408,50;2
2003;4;GLO;SBCT;SBBH;63,34;50
2003;4;GLO;SBCT;SBBH;83,52;438
2003;4;GLO;SBFL;SBGL;132,50;6
2003;4;GLO;SBSV;SBGL;241,69;40
2003;4;GLO;SBPS;SBSP;218,18;175
2003;4;GLO;SBRF;SBFZ;250,00;1
2003;4;GLO;SBKP;SBPA;285,50;2
2003;4;GLO;SBBE;SBMQ;270,00;3
2003;4;GLO;SBBH;SBSP;177,79;270
2003;4;GLO;SBPA;SBSP;257,17;2397
2003;4;GLO;SBGL;SBSP;48,31;90
2003;4;GLO;SBSP;SBGO;103,00;5
2003;4;GLO;SBSP;SBGL;216,12;78
2003;4;GLO;SBRJ;SBFL;78,37;194
2003;4;GLO;SBRF;SBGL;518,46;307
2003;4;GLO;SBBH;SBSP;402,00;1
2003;4;GLO;SBFL;SBGL;333,50;5
2003;4;GLO;SBBR;SBSP;269,05;608
2003;4;GLO;SBRJ;SBBR;252,17;394
2003;4;GLO;SBCT;SBSP;38,59;102
2003;4;GLO;SBKP;SBPA;84,78;9
2003;4;GLO;SBKP;SBBH;53,48;23
2003;4;GLO;SBRJ;SBBR;545,00;7
2003;4;GLO;SBFL;SBPA;295,00;2
2003;4;GLO;SBFL;SBPA;206,00;1
2003;4;GLO;SBCT;SBSP;100,00;3
2003;4;GLO;SBBH;SBSP;220,00;19
2003;4;GLO;SBFL;SBGL;330,00;2
2003;4;GLO;SBPA;SBRJ;140,00;2
2003;4;GLO;SBFL;SBGL;95,00;1
2003;4;GLO;SBGL;SBBR;200,83;30
2003;4;GLO;SBRJ;SBPA;127,28;147
2003;4;GLO;SBBR;SBGO;98,44;68
2003;4;GLO;SBFL;SBSP;100,00;3
2003;4;GLO;SBGO;SBSP;270,20;223
2003;4;GLO;SBRJ;SBKP;230,73;702
2003;4;GLO;SBBE;SBMQ;85,47;1489
2003;4;GLO;SBRJ;SBFL;44,33;30
2003;4;GLO;SBSP;SBCT;181,91;3139
2003;4;GLO;SBRJ;SBSP;203,27;2493
2003;4;GLO;SBCT;SBPA;74,56;31
2003;4;GLO;SBSP;SBBR;228,97;89
2003;4;GLO;SBSP;SBBH;402,00;5
2003;4;GLO;SBFL;SBRJ;267,00;2
2003;4;GLO;SBNF;SBSP;100,00;1
2003;4;GLO;SBBH;SBCT;206,50;2
2003;4;GLO;SBGL;SBBR;395,10;10
2003;4;GLO;SBSV;SBRF;365,00;71
2003;4;GLO;SBVT;SBSP;75,00;10
2003;4;GLO;SBFL;SBSP;351,50;12
2003;4;GLO;SBRJ;SBFL;141,03;794
2003;4;GLO;SBBH;SBSP;182,29;120
2003;4;GLO;SBKP;SBCT;44,00;4
2003;4;GLO;SBKP;SBPA;297,50;2
2003;4;GLO;SBBR;SBSV;241,00;13
2003;4;GLO;SBBH;SBKP;141,54;370
2003;4;GLO;SBBR;SBSV;354,05;596
2003;4;GLO;SBGL;SBRF;250,00;2
2003;4;GLO;SBBR;SBSV;176,00;1
2003;4;GLO;SBSP;SBFL;122,63;2731
2003;4;GLO;SBKP;SBCT;346,86;21
2003;4;GLO;SBBR;SBCT;322,46;405
2003;4;GLO;SBSP;SBFL;195,09;820
2003;4;GLO;SBSP;SBBH;156,84;89
2003;4;GLO;SBGO;SBSP;335,27;77
2003;4;GLO;SBSV;SBGL;228,03;794
2003;4;GLO;SBKP;SBRJ;146,00;1
2003;4;GLO;SBPA;SBFL;43,70;20
2003;4;GLO;SBSP;SBCT;183,70;162
2003;4;GLO;SBBR;SBFL;285,00;8
2003;4;GLO;SBSP;SBFL;123,33;3
2003;4;GLO;SBBH;SBSP;276,10;809
2003;4;GLO;SBSP;SBPA;142,86;195
2003;4;GLO;SBPA;SBKP;125,94;49
2003;4;GLO;SBBR;SBSP;224,38;3536
2003;4;GLO;SBCT;SBPA;151,88;2807
2003;4;GLO;SBRF;SBGL;564,31;112
2003;4;GLO;SBFL;SBSP;284,00;12
2003;4;GLO;SBSP;SBBR;191,28;69
2003;4;GLO;SBBR;SBGL;161,99;613
2003;4;GLO;SBSP;SBNF;212,91;594
2003;4;GLO;SBRJ;SBVT;93,35;347
2003;4;GLO;SBCT;SBSP;220,94;2987
2003;4;GLO;SBCT;SBGL;199,88;472
2003;4;GLO;SBRJ;SBSP;272,50;4
2003;4;GLO;SBRJ;SBBH;90,19;31
2003;4;GLO;SBNF;SBSP;213,76;675
2003;4;GLO;SBBH;SBRJ;83,13;31
2003;4;GLO;SBKP;SBBH;134,09;247
2003;4;GLO;SBKP;SBPA;125,57;49
2003;4;GLO;SBPS;SBSP;236,78;92
2003;4;GLO;SBSP;SBBR;382,00;1
2003;4;GLO;SBPA;SBFL;194,00;1
2003;4;GLO;SBRJ;SBKP;336,00;3
2003;4;GLO;SBSP;SBVT;107,67;82
2003;4;GLO;SBFL;SBSP;216,21;107
2003;4;GLO;SBSP;SBCT;300,44;8
2003;4;GLO;SBGL;SBSP;212,56;255
2003;4;GLO;SBCT;SBSP;331,00;1
2003;4;GLO;SBNF;SBSP;149,67;3
2003;4;GLO;SBSP;SBGL;181,74;464
2003;4;GLO;SBPA;SBSP;426,13;69
2003;4;GLO;SBRJ;SBBR;109,05;138
2003;4;GLO;SBGL;SBSV;299,97;990
2003;4;GLO;SBGL;SBSP;335,00;1
2003;4;GLO;SBSP;SBBR;143,91;3888
2003;4;GLO;SBFL;SBGL;330,67;3
2003;4;GLO;SBPA;SBCT;64,91;16
2003;4;GLO;SBRJ;SBBH;128,16;2524
2003;4;GLO;SBBH;SBRJ;108,44;71
2003;4;GLO;SBKP;SBBH;141,50;8
2003;4;GLO;SBSV;SBGL;496,97;33
2003;4;GLO;SBBH;SBBR;247,58;1994
2003;4;GLO;SBVT;SBRJ;221,00;30
2003;4;GLO;SBFL;SBBR;162,32;535
2003;4;GLO;SBRF;SBFZ;244,56;90
2003;4;GLO;SBGL;SBCT;166,58;12
2003;4;GLO;SBBR;SBBH;180,00;2386
2003;4;GLO;SBGL;SBSV;251,41;349
2003;4;GLO;SBSP;SBBH;271,26;796
2003;4;GLO;SBSP;SBGO;195,00;3
2003;4;GLO;SBFZ;SBBR;636,26;3
2003;4;GLO;SBBR;SBFZ;532,70;522
2003;4;GLO;SBRF;SBSV;60,75;4
2003;4;GLO;SBBR;SBGO;134,50;1
2003;4;GLO;SBCT;SBGL;361,17;4
2003;4;GLO;SBCT;SBKP;233,73;131
2003;4;GLO;SBGL;SBFL;297,80;5
2003;4;GLO;SBPA;SBCT;461,16;19
2003;4;GLO;SBGL;SBFL;229,42;46
2003;4;GLO;SBPA;SBKP;185,00;1
2003;4;GLO;SBFZ;SBBR;398,94;154
2003;4;GLO;SBFL;SBBR;135,00;2
2003;4;GLO;SBNF;SBSP;215,11;18
2003;4;GLO;SBSP;SBNF;235,00;1
2003;4;GLO;SBSP;SBVT;276,00;7
2003;4;GLO;SBFZ;SBBR;407,66;387
2003;4;GLO;SBSP;SBRJ;203,72;2341
2003;4;GLO;SBBR;SBGL;240,16;486
2003;4;GLO;SBKP;SBCT;75,21;21
2003;4;GLO;SBPA;SBGL;318,00;24
2003;4;GLO;SBSP;SBRJ;241,50;4
2003;4;GLO;SBFL;SBPA;43,24;25
2003;4;GLO;SBRF;SBSV;157,00;1036
2003;4;GLO;SBKP;SBRJ;229,20;651
2003;4;GLO;SBBH;SBRJ;309,00;37
2003;4;GLO;SBBH;SBRJ;152,60;767
2003;4;GLO;SBBH;SBSP;352,92;146
2003;4;GLO;SBSP;SBPS;504,00;15
2003;4;GLO;SBGO;SBSP;359,26;219
2003;4;GLO;SBKP;SBPA;229,00;2
2003;4;GLO;SBSP;SBPS;152,00;4
2003;4;GLO;SBRF;SBGL;557,00;205
2003;4;GLO;SBBH;SBKP;157,99;308
2003;4;GLO;SBPA;SBSP;501,56;8
2003;4;GLO;SBBH;SBRJ;80,50;2465
2003;4;GLO;SBSP;SBPA;100,00;3
2003;4;GLO;SBSP;SBPA;247,87;2294
2003;4;GLO;SBBR;SBGO;47,88;17
2003;4;GLO;SBBR;SBPA;368,39;232
2003;4;GLO;SBRJ;SBKP;276,00;2
2003;4;GLO;SBBE;SBMQ;41,00;4
2003;4;GLO;SBSP;SBVT;207,69;13
2003;4;GLO;SBGL;SBRF;491,00;1
2003;4;GLO;SBRF;SBSV;112,74;475
2003;4;GLO;SBSP;SBGO;470,06;14
2003;4;GLO;SBGL;SBSP;187,75;66
2003;4;GLO;SBRF;SBSV;131,00;3
2003;4;GLO;SBMQ;SBBE;75,22;1482
2003;4;GLO;SBSP;SBVT;144,00;60
2003;4;GLO;SBCT;SBSP;150,00;1
2003;4;GLO;SBRJ;SBVT;163,54;241
2003;4;GLO;SBBR;SBPA;201,00;2
2003;4;GLO;SBCT;SBBH;116,77;1082
2003;4;GLO;SBPA;SBGL;624,00;2
2003;4;GLO;SBCT;SBRJ;157,36;641
2003;4;GLO;SBRJ;SBKP;157,93;664
2003;4;GLO;SBBH;SBKP;88,92;76
2003;4;GLO;SBRF;SBGL;365,00;20
2003;4;GLO;SBSP;SBRJ;214,75;1526
2003;4;GLO;SBKP;SBBH;139,00;91
2003;4;GLO;SBCT;SBBH;222,67;6
2003;4;GLO;SBCT;SBKP;189,65;409
2003;4;GLO;SBRJ;SBBH;80,74;2544
2003;4;GLO;SBBR;SBBE;314,03;204
2003;4;GLO;SBGL;SBRF;542,36;16
2003;4;GLO;SBPA;SBFL;95,78;158
2003;4;GLO;SBBR;SBSV;268,63;600
2003;4;GLO;SBCT;SBRJ;153,34;274
2003;4;GLO;SBRJ;SBKP;50,00;5
2003;4;GLO;SBCT;SBKP;155,00;17
2003;4;GLO;SBKP;SBPA;191,28;205
2003;4;GLO;SBVT;SBRJ;85,07;3102
2003;4;GLO;SBSP;SBRJ;219,57;708
2003;4;GLO;SBRJ;SBSP;171,18;4200
2003;4;GLO;SBPA;SBBR;344,51;541
2003;4;GLO;SBBR;SBFZ;523,00;41
2003;4;GLO;SBGL;SBSP;187,81;368
2003;4;GLO;SBRJ;SBPA;136,00;74
2003;4;GLO;SBRJ;SBVT;142,00;20
2003;4;GLO;SBPA;SBGL;187,16;1117
2003;4;GLO;SBRJ;SBKP;243,79;385
2003;4;GLO;SBRJ;SBSP;198,00;25
2003;4;GLO;SBNF;SBSP;49,98;75
2003;4;GLO;SBGL;SBSP;177,75;463
2003;4;GLO;SBRF;SBSV;356,33;18
2003;4;GLO;SBRJ;SBCT;42,00;10
2003;4;GLO;SBKP;SBCT;154,00;5
2003;4;GLO;SBSV;SBBR;476,80;49
2003;4;GLO;SBCT;SBKP;259,00;1
2003;4;GLO;SBCT;SBBH;87,86;280
2003;4;GLO;SBBR;SBSV;130,34;29
2003;4;GLO;SBSP;SBPS;265,44;17
2003;4;GLO;SBGL;SBBR;216,80;120
2003;4;GLO;SBPA;SBRJ;155,27;702
2003;4;GLO;SBKP;SBRJ;310,35;91
2003;4;GLO;SBPS;SBSP;459,00;7
2003;4;GLO;SBGL;SBPA;254,78;361
2003;4;GLO;SBSP;SBGL;143,00;404
2003;4;GLO;SBFL;SBPA;94,28;134
2003;4;GLO;SBKP;SBCT;211,88;59
2003;4;GLO;SBSP;SBPA;475,93;57
2003;4;GLO;SBSV;SBBR;284,64;84
2003;4;GLO;SBBR;SBKP;160,73;272
2003;4;GLO;SBBR;SBBE;789,00;9
2003;4;GLO;SBBR;SBRJ;380,41;37
2003;4;GLO;SBBH;SBKP;171,00;2
2003;4;GLO;SBBR;SBPA;242,88;147
2003;4;GLO;SBBR;SBBE;233,01;187
2003;4;GLO;SBBR;SBRJ;125,76;85
2003;4;GLO;SBBH;SBBR;107,52;165
2003;4;GLO;SBSP;SBGL;207,05;220
2003;4;GLO;SBGL;SBPA;208,00;2
2003;4;GLO;SBFZ;SBBR;367,06;47
2003;4;GLO;SBRJ;SBVT;100,00;1
2003;4;GLO;SBGL;SBPA;128,98;44
2003;4;GLO;SBSP;SBCT;201,00;75
2003;4;GLO;SBGL;SBSV;247,92;59
2003;4;GLO;SBRJ;SBSP;221,79;820
2003;4;GLO;SBGL;SBSV;180,00;28
2003;4;GLO;SBKP;SBBR;295,27;30
2003;4;GLO;SBSP;SBBH;92,46;68
2003;4;GLO;SBBH;SBSP;150,00;3
2003;4;GLO;SBCT;SBBH;90,21;78
2003;4;GLO;SBSP;SBGO;226,69;440
2003;4;GLO;SBSV;SBRF;454,03;18
2003;4;GLO;SBGL;SBBR;386,47;19
2003;4;GLO;SBRF;SBSV;416,00;9
2003;4;GLO;SBRJ;SBVT;84,39;2743
2003;4;GLO;SBSP;SBGO;284,23;335
2003;4;GLO;SBPA;SBRJ;136,00;32
2003;4;GLO;SBGL;SBRF;506,29;325
2003;4;GLO;SBBE;SBMQ;1325,00;1
2003;4;GLO;SBPA;SBSP;87,50;21
2003;4;GLO;SBBR;SBSP;214,86;7
2003;4;GLO;SBSV;SBBR;716,00;1
2003;4;GLO;SBBR;SBKP;257,60;15
2003;4;GLO;SBGO;SBSP;150,00;1
2003;4;GLO;SBSP;SBBR;178,12;568
2003;4;GLO;SBCT;SBBH;139,28;144
2003;4;GLO;SBFL;SBBR;176,95;44
2003;4;GLO;SBPA;SBCT;114,80;99
2003;4;GLO;SBPS;SBSP;94,00;3
2003;4;GLO;SBSP;SBPA;505,00;1
2003;4;GLO;SBSP;SBGO;226,33;318
2003;4;GLO;SBPA;SBRJ;181,30;313
2003;4;GLO;SBBH;SBRJ;214,00;5
2003;4;GLO;SBVT;SBSP;159,16;2626
2003;4;GLO;SBBH;SBSP;458,00;1
2003;4;GLO;SBFZ;SBRF;149,62;223
2003;4;GLO;SBSP;SBCT;237,71;276
2003;4;GLO;SBBH;SBKP;135,95;123
2003;4;GLO;SBCT;SBSP;84,98;144
2003;4;GLO;SBGO;SBSP;442,76;9
2003;4;GLO;SBSV;SBGL;561,00;1
2003;4;GLO;SBKP;SBRJ;350,00;1
2003;4;GLO;SBRJ;SBPA;180,06;372
2003;4;GLO;SBSP;SBGL;208,89;52
2003;4;GLO;SBRJ;SBCT;183,11;18
2003;4;GLO;SBBR;SBPA;311,33;453
2003;4;GLO;SBSP;SBNF;51,00;68
2003;4;GLO;SBSV;SBRF;269,33;6
2003;4;GLO;SBSV;SBGL;389,44;314
2003;4;GLO;SBPA;SBGL;241,00;14
2003;4;PEP;SBBE;SBMQ;103,38;180
2003;4;PEP;SBBE;SBMQ;133,34;2
2003;4;PEP;SBMQ;SBBE;161,45;35
2003;4;PEP;SBBE;SBMQ;145,37;15
2003;4;PEP;SBMQ;SBBE;108,17;4
2003;4;PEP;SBMQ;SBBE;102,74;297
2003;4;PLY;SBMQ;SBBE;187,49;22
2003;4;PLY;SBBE;SBMQ;187,49;23
2003;4;PLY;SBBE;SBMQ;416,64;1
2003;4;PLY;SBMQ;SBBE;99,54;13
2003;4;TAM;SBBR;SBBH;455,00;126
2003;4;TAM;SBGR;SBBR;614,00;9
2003;4;TAM;SBBR;SBBH;586,00;34
2003;4;TAM;SBGR;SBPA;752,00;1
2003;4;TAM;SBBE;SBBR;377,00;364
2003;4;TAM;SBPS;SBSP;702,00;45
2003;4;TAM;SBSP;SBRJ;386,00;434
2003;4;TAM;SBFL;SBBR;825,00;37
2003;4;TAM;SBPA;SBCT;428,00;34
2003;4;TAM;SBMQ;SBBE;159,00;703
2003;4;TAM;SBFL;SBSP;642,00;20
2003;4;TAM;SBSP;SBPA;858,00;322
2003;4;TAM;SBBR;SBGO;324,00;111
2003;4;TAM;SBSP;SBGO;723,00;41
2003;4;TAM;SBGR;SBSV;691,00;143
2003;4;TAM;SBFL;SBPA;378,00;6
2003;4;TAM;SBVT;SBSP;796,00;101
2003;4;TAM;SBFL;SBGR;273,00;67
2003;4;TAM;SBSV;SBGR;691,00;135
2003;4;TAM;SBFL;SBBR;652,00;94
2003;4;TAM;SBFL;SBGR;419,00;4
2003;4;TAM;SBGR;SBFL;314,00;2
2003;4;TAM;SBSP;SBBR;614,00;275
2003;4;TAM;SBBE;SBMQ;236,00;50
2003;4;TAM;SBFL;SBPA;339,00;21
2003;4;TAM;SBPA;SBCT;171,00;2174
2003;4;TAM;SBGR;SBPA;490,00;18
2003;4;TAM;SBRF;SBGL;633,00;217
2003;4;TAM;SBSV;SBRF;1855,00;60
2003;4;TAM;SBSP;SBPS;579,00;149
2003;4;TAM;SBFZ;SBBR;1007,00;23
2003;4;TAM;SBFL;SBSP;363,00;51
2003;4;TAM;SBRJ;SBBR;709,00;162
2003;4;TAM;SBFZ;SBBR;745,00;84
2003;4;TAM;SBGL;SBBR;506,00;2
2003;4;TAM;SBSP;SBFL;475,00;10
2003;4;TAM;SBRP;SBSP;367,00;288
2003;4;TAM;SBGR;SBBR;420,00;54
2003;4;TAM;SBRF;SBSV;1855,00;47
2003;4;TAM;SBBH;SBBR;401,00;53
2003;4;TAM;SBSP;SBFL;668,00;167
2003;4;TAM;SBPA;SBCT;219,00;802
2003;4;TAM;SBCT;SBBH;807,00;250
2003;4;TAM;SBBR;SBBE;1137,00;41
2003;4;TAM;SBRF;SBFZ;642,00;4
2003;4;TAM;SBRF;SBFZ;419,00;49
2003;4;TAM;SBSV;SBGL;743,00;37
2003;4;TAM;SBGR;SBFL;530,00;9
2003;4;TAM;SBSP;SBBH;365,00;1560
2003;4;TAM;SBRJ;SBSP;423,00;12
2003;4;TAM;SBPA;SBGL;513,00;6
2003;4;TAM;SBSP;SBBR;917,00;403
2003;4;TAM;SBGL;SBRF;964,00;41
2003;4;TAM;SBFL;SBBR;1085,00;167
2003;4;TAM;SBGL;SBCT;617,00;6
2003;4;TAM;SBSP;SBPA;686,00;260
2003;4;TAM;SBGL;SBPA;395,00;4
2003;4;TAM;SBBH;SBBR;586,00;59
2003;4;TAM;SBGR;SBSV;875,00;45
2003;4;TAM;SBGR;SBGL;350,00;12
2003;4;TAM;SBBR;SBFL;652,00;229
2003;4;TAM;SBBR;SBRJ;842,00;697
2003;4;TAM;SBMQ;SBBE;204,00;36
2003;4;TAM;SBBR;SBGO;164,00;619
2003;4;TAM;SBFZ;SBRF;244,00;756
2003;4;TAM;SBBR;SBSP;614,00;377
2003;4;TAM;SBSP;SBRJ;423,00;3
2003;4;TAM;SBGR;SBCT;372,00;84
2003;4;TAM;SBPA;SBSP;490,00;1748
2003;4;TAM;SBPA;SBGL;829,00;8
2003;4;TAM;SBRJ;SBVT;235,00;65
2003;4;TAM;SBFL;SBSP;413,00;65
2003;4;TAM;SBSP;SBPA;490,00;1926
2003;4;TAM;SBBH;SBSP;463,00;197
2003;4;TAM;SBPA;SBFL;458,00;8
2003;4;TAM;SBFZ;SBBR;911,00;7
2003;4;TAM;SBPA;SBFL;299,00;33
2003;4;TAM;SBRJ;SBBR;306,00;1953
2003;4;TAM;SBSV;SBRF;222,00;2
2003;4;TAM;SBGR;SBSV;518,00;95
2003;4;TAM;SBBR;SBBE;864,00;17
2003;4;TAM;SBCT;SBFL;584,00;80
2003;4;TAM;SBPA;SBGL;982,00;27
2003;4;TAM;SBGR;SBSV;783,00;120
2003;4;TAM;SBSP;SBFL;217,00;8
2003;4;TAM;SBCT;SBGL;617,00;12
2003;4;TAM;SBCT;SBPA;528,00;24
2003;4;TAM;SBGR;SBFL;510,00;22
2003;4;TAM;SBFL;SBPA;418,00;24
2003;4;TAM;SBBR;SBBE;456,00;96
2003;4;TAM;SBPA;SBCT;377,00;43
2003;4;TAM;SBFL;SBPA;142,00;110
2003;4;TAM;SBBR;SBBH;655,00;38
2003;4;TAM;SBBE;SBBR;685,00;21
2003;4;TAM;SBFL;SBSP;475,00;13
2003;4;TAM;SBBR;SBGO;220,00;74
2003;4;TAM;SBGL;SBSV;743,00;43
2003;4;TAM;SBMQ;SBBE;418,00;3
2003;4;TAM;SBPA;SBCT;252,00;27
2003;4;TAM;SBBH;SBCT;485,00;178
2003;4;TAM;SBGL;SBRF;761,00;59
2003;4;TAM;SBRF;SBFZ;475,00;7
2003;4;TAM;SBFL;SBGR;587,00;6
2003;4;TAM;SBSV;SBBR;631,00;64
2003;4;TAM;SBCT;SBBH;420,00;201
2003;4;TAM;SBGR;SBCT;450,00;11
2003;4;TAM;SBGR;SBFL;413,00;1
2003;4;TAM;SBGR;SBGL;458,00;136
2003;4;TAM;SBRJ;SBBR;439,00;381
2003;4;TAM;SBBR;SBFL;738,00;98
2003;4;TAM;SBPA;SBSP;314,00;1618
2003;4;TAM;SBGR;SBPA;621,00;10
2003;4;TAM;SBRJ;SBBH;378,00;105
2003;4;TAM;SBGR;SBFL;475,00;15
2003;4;TAM;SBBR;SBSP;364,00;3852
2003;4;TAM;SBGO;SBSP;471,00;298
2003;4;TAM;SBRJ;SBVT;397,00;24
2003;4;TAM;SBSP;SBPS;1032,00;41
2003;4;TAM;SBFL;SBSP;314,00;30
2003;4;TAM;SBSP;SBCT;293,00;8122
2003;4;TAM;SBFZ;SBRF;698,00;30
2003;4;TAM;SBCT;SBGL;294,00;19
2003;4;TAM;SBSP;SBVT;374,00;1570
2003;4;TAM;SBGR;SBCT;487,00;117
2003;4;TAM;SBRF;SBSV;965,00;118
2003;4;TAM;SBRF;SBSV;222,00;47
2003;4;TAM;SBGR;SBBR;679,00;31
2003;4;TAM;SBGR;SBPA;314,00;174
2003;4;TAM;SBMQ;SBBE;454,00;75
2003;4;TAM;SBBE;SBMQ;454,00;55
2003;4;TAM;SBBR;SBGO;194,00;137
2003;4;TAM;SBGL;SBRF;1269,00;199
2003;4;TAM;SBSV;SBRF;965,00;98
2003;4;TAM;SBSP;SBUL;463,00;786
2003;4;TAM;SBBH;SBBR;517,00;168
2003;4;TAM;SBSP;SBFL;363,00;46
2003;4;TAM;SBSP;SBFL;280,00;3
2003;4;TAM;SBGL;SBCT;736,00;18
2003;4;TAM;SBFL;SBGR;461,00;19
2003;4;TAM;SBSV;SBBR;432,00;210
2003;4;TAM;SBSP;SBGO;534,00;154
2003;4;TAM;SBSV;SBBR;557,00;97
2003;4;TAM;SBSV;SBGR;518,00;95
2003;4;TAM;SBFL;SBGR;475,00;2
2003;4;TAM;SBFL;SBSP;364,00;113
2003;4;TAM;SBBH;SBRJ;378,00;88
2003;4;TAM;SBSP;SBFL;419,00;17
2003;4;TAM;SBSP;SBGO;408,00;483
2003;4;TAM;SBBH;SBBR;306,00;1572
2003;4;TAM;SBBR;SBSV;928,00;123
2003;4;TAM;SBSV;SBBR;928,00;180
2003;4;TAM;SBPA;SBGR;816,00;84
2003;4;TAM;SBCT;SBGR;487,00;223
2003;4;TAM;SBRJ;SBBH;339,00;167
2003;4;TAM;SBFL;SBGR;249,00;5
2003;4;TAM;SBMQ;SBBE;345,00;9
2003;4;TAM;SBSP;SBPS;949,00;43
2003;4;TAM;SBBR;SBGR;485,00;46
2003;4;TAM;SBCT;SBGL;558,00;4
2003;4;TAM;SBPA;SBGR;686,00;49
2003;4;TAM;SBBH;SBRJ;418,00;120
2003;4;TAM;SBSP;SBFL;558,00;39
2003;4;TAM;SBBR;SBBE;776,00;31
2003;4;TAM;SBGL;SBGR;386,00;27
2003;4;TAM;SBMQ;SBBE;309,00;27
2003;4;TAM;SBPA;SBSP;686,00;251
2003;4;TAM;SBGL;SBSP;386,00;13
2003;4;TAM;SBFZ;SBRF;363,00;57
2003;4;TAM;SBPA;SBFL;494,00;55
2003;4;TAM;SBVT;SBRJ;397,00;63
2003;4;TAM;SBBE;SBMQ;309,00;22
2003;4;TAM;SBPA;SBGR;368,00;7
2003;4;TAM;SBPA;SBGR;314,00;102
2003;4;TAM;SBGO;SBBR;246,00;42
2003;4;TAM;SBBR;SBRJ;306,00;1784
2003;4;TAM;SBSP;SBPS;702,00;41
2003;4;TAM;SBBH;SBCT;420,00;263
2003;4;TAM;SBBR;SBFL;565,00;392
2003;4;TAM;SBUL;SBSP;403,00;815
2003;4;TAM;SBBH;SBBR;724,00;67
2003;4;TAM;SBBR;SBGL;709,00;12
2003;4;TAM;SBBH;SBSP;279,00;2257
2003;4;TAM;SBVT;SBSP;666,00;57
2003;4;TAM;SBBH;SBSP;414,00;406
2003;4;TAM;SBFL;SBBR;999,00;22
2003;4;TAM;SBGR;SBFL;587,00;3
2003;4;TAM;SBGR;SBFL;364,00;5
2003;4;TAM;SBFL;SBSP;316,00;281
2003;4;TAM;SBSP;SBFL;413,00;74
2003;4;TAM;SBGL;SBSP;423,00;3
2003;4;TAM;SBSV;SBBR;483,00;271
2003;4;TAM;SBGL;SBSP;350,00;1
2003;4;TAM;SBCT;SBPA;579,00;1
2003;4;TAM;SBBR;SBFZ;911,00;29
2003;4;TAM;SBGL;SBGR;458,00;117
2003;4;TAM;SBCF;SBGR;317,00;16
2003;4;TAM;SBBR;SBSP;743,00;118
2003;4;TAM;SBUL;SBSP;363,00;330
2003;4;TAM;SBGL;SBCT;278,00;24
2003;4;TAM;SBFL;SBGR;316,00;51
2003;4;TAM;SBRJ;SBSP;299,00;8254
2003;4;TAM;SBBR;SBBE;1050,00;5
2003;4;TAM;SBGL;SBGR;350,00;20
2003;4;TAM;SBCT;SBBH;743,00;25
2003;4;TAM;SBGL;SBSP;243,00;759
2003;4;TAM;SBGO;SBSP;408,00;360
2003;4;TAM;SBGR;SBGL;423,00;18
2003;4;TAM;SBSV;SBGR;1059,00;39
2003;4;TAM;SBPA;SBGR;556,00;9
2003;4;TAM;SBSV;SBRF;1261,00;15
2003;4;TAM;SBSP;SBCT;333,00;595
2003;4;TAM;SBRJ;SBBR;506,00;794
2003;4;TAM;SBGO;SBSP;865,00;179
2003;4;TAM;SBGR;SBFL;243,00;1
2003;4;TAM;SBBH;SBCT;743,00;24
2003;4;TAM;SBCT;SBBH;485,00;186
2003;4;TAM;SBGR;SBGL;313,00;23
2003;4;TAM;SBCT;SBBR;448,00;658
2003;4;TAM;SBFL;SBCT;584,00;109
2003;4;TAM;SBGR;SBBR;321,00;128
2003;4;TAM;SBFL;SBSP;530,00;26
2003;4;TAM;SBBE;SBBR;864,00;14
2003;4;TAM;SBFL;SBPA;299,00;23
2003;4;TAM;SBFL;SBSP;280,00;9
2003;4;TAM;SBBH;SBCT;549,00;54
2003;4;TAM;SBBR;SBGR;743,00;6
2003;4;TAM;SBFL;SBCT;751,00;6
2003;4;TAM;SBBR;SBSP;549,00;513
2003;4;TAM;SBGL;SBBR;574,00;2
2003;4;TAM;SBCT;SBGL;382,00;20
2003;4;TAM;SBCT;SBBH;323,00;42
2003;4;TAM;SBBR;SBFL;825,00;73
2003;4;TAM;SBFL;SBPA;191,00;17
2003;4;TAM;SBSP;SBRP;332,00;1912
2003;4;TAM;SBRJ;SBBH;259,00;447
2003;4;TAM;SBCT;SBBR;677,00;82
2003;4;TAM;SBGR;SBCF;414,00;16
2003;4;TAM;SBVT;SBRJ;481,00;18
2003;4;TAM;SBGL;SBCT;440,00;20
2003;4;TAM;SBRF;SBGL;964,00;7
2003;4;TAM;SBGL;SBSV;977,00;285
2003;4;TAM;SBCT;SBFL;667,00;1
2003;4;TAM;SBSV;SBGL;586,00;179
2003;4;TAM;SBBH;SBBR;793,00;22
2003;4;TAM;SBPA;SBFL;339,00;10
2003;4;TAM;SBPA;SBSP;327,00;490
2003;4;TAM;SBGL;SBGR;313,00;16
2003;4;TAM;SBCT;SBPA;219,00;823
2003;4;TAM;SBGR;SBCT;411,00;49
2003;4;TAM;SBSV;SBGL;440,00;20
2003;4;TAM;SBBR;SBSV;705,00;25
2003;4;TAM;SBGL;SBBR;709,00;2
2003;4;TAM;SBFL;SBPA;458,00;2
2003;4;TAM;SBGL;SBSV;410,00;1224
2003;4;TAM;SBBR;SBCT;757,00;48
2003;4;TAM;SBCT;SBGR;372,00;68
2003;4;TAM;SBCT;SBFL;751,00;4
2003;4;TAM;SBGL;SBPA;344,00;34
2003;4;TAM;SBRJ;SBVT;481,00;11
2003;4;TAM;SBBR;SBBH;862,00;176
2003;4;TAM;SBGL;SBSV;664,00;59
2003;4;TAM;SBBH;SBRJ;152,00;2631
2003;4;TAM;SBBR;SBCT;995,00;139
2003;4;TAM;SBSP;SBGL;350,00;2
2003;4;TAM;SBBR;SBGO;272,00;60
2003;4;TAM;SBFL;SBSP;587,00;23
2003;4;TAM;SBCT;SBGR;450,00;3
2003;4;TAM;SBGR;SBSV;450,00;166
2003;4;TAM;SBSP;SBBH;317,00;1112
2003;4;TAM;SBGR;SBBR;549,00;6
2003;4;TAM;SBGL;SBSV;821,00;48
2003;4;TAM;SBBR;SBSV;854,00;5
2003;4;TAM;SBBR;SBBE;685,00;34
2003;4;TAM;SBSP;SBFL;530,00;6
2003;4;TAM;SBRJ;SBVT;272,00;190
2003;4;TAM;SBBE;SBMQ;159,00;618
2003;4;TAM;SBCT;SBSP;411,00;170
2003;4;TAM;SBGR;SBPA;425,00;18
2003;4;TAM;SBRJ;SBBH;224,00;815
2003;4;TAM;SBCT;SBBH;364,00;227
2003;4;TAM;SBRJ;SBVT;439,00;51
2003;4;TAM;SBRJ;SBBH;299,00;1499
2003;4;TAM;SBBE;SBBR;958,00;23
2003;4;TAM;SBGR;SBPA;327,00;30
2003;4;TAM;SBCT;SBGL;736,00;21
2003;4;TAM;SBGO;SBBR;298,00;4
2003;4;TAM;SBBR;SBRJ;709,00;159
2003;4;TAM;SBBH;SBRJ;259,00;435
2003;4;TAM;SBGR;SBFL;419,00;7
2003;4;TAM;SBGO;SBBR;272,00;35
2003;4;TAM;SBBR;SBFZ;1103,00;8
2003;4;TAM;SBSV;SBGR;599,00;341
2003;4;TAM;SBFL;SBPA;494,00;36
2003;4;TAM;SBBR;SBSP;420,00;1559
2003;4;TAM;SBCT;SBBH;679,00;47
2003;4;TAM;SBFL;SBCT;834,00;10
2003;4;TAM;SBBH;SBCT;679,00;28
2003;4;TAM;SBBR;SBGL;380,00;4
2003;4;TAM;SBCT;SBPA;327,00;74
2003;4;TAM;SBVT;SBSP;374,00;1330
2003;4;TAM;SBPA;SBCT;283,00;18
2003;4;TAM;SBCT;SBGR;333,00;72
2003;4;TAM;SBBE;SBMQ;119,00;1038
2003;4;TAM;SBSP;SBCT;450,00;14
2003;4;TAM;SBBR;SBFZ;839,00;37
2003;4;TAM;SBCT;SBBR;518,00;227
2003;4;TAM;SBFL;SBSP;217,00;6
2003;4;TAM;SBRP;SBSP;481,00;90
2003;4;TAM;SBGR;SBCF;317,00;20
2003;4;TAM;SBBR;SBBE;593,00;51
2003;4;TAM;SBGO;SBBR;164,00;783
2003;4;TAM;SBSP;SBCT;411,00;214
2003;4;TAM;SBFZ;SBRF;586,00;23
2003;4;TAM;SBPA;SBSP;858,00;277
2003;4;TAM;SBFL;SBBR;738,00;72
2003;4;TAM;SBSP;SBGO;471,00;284
2003;4;TAM;SBGR;SBCT;333,00;47
2003;4;TAM;SBCT;SBSP;450,00;17
2003;4;TAM;SBBR;SBFL;999,00;32
2003;4;TAM;SBPA;SBGL;908,00;3
2003;4;TAM;SBRJ;SBBR;380,00;196
2003;4;TAM;SBSP;SBVT;796,00;62
2003;4;TAM;SBSV;SBRF;1558,00;12
2003;4;TAM;SBBH;SBSP;365,00;1489
2003;4;TAM;SBBE;SBMQ;381,00;25
2003;4;TAM;SBCT;SBSP;333,00;526
2003;4;TAM;SBGL;SBSP;276,00;13
2003;4;TAM;SBSP;SBUL;727,00;114
2003;4;TAM;SBSP;SBBH;463,00;224
2003;4;TAM;SBRF;SBFZ;530,00;5
2003;4;TAM;SBFL;SBBR;489,00;1106
2003;4;TAM;SBBR;SBGL;439,00;14
2003;4;TAM;SBBR;SBGR;679,00;39
2003;4;TAM;SBPA;SBGL;750,00;4
2003;4;TAM;SBRJ;SBVT;314,00;696
2003;4;TAM;SBCT;SBPA;428,00;36
2003;4;TAM;SBPA;SBGL;327,00;30
2003;4;TAM;SBBR;SBBH;401,00;32
2003;4;TAM;SBRF;SBFZ;279,00;157
2003;4;TAM;SBRF;SBSV;1558,00;15
2003;4;TAM;SBCT;SBBR;757,00;31
2003;4;TAM;SBSP;SBFL;316,00;233
2003;4;TAM;SBFL;SBSP;461,00;86
2003;4;TAM;SBBR;SBSV;432,00;176
2003;4;TAM;SBCF;SBGR;365,00;23
2003;4;TAM;SBRJ;SBSP;386,00;445
2003;4;TAM;SBBR;SBSV;557,00;102
2003;4;TAM;SBCT;SBBH;614,00;41
2003;4;TAM;SBBR;SBCT;677,00;85
2003;4;TAM;SBPA;SBSP;556,00;326
2003;4;TAM;SBGL;SBSV;586,00;252
2003;4;TAM;SBGO;SBBR;194,00;169
2003;4;TAM;SBSP;SBPA;621,00;92
2003;4;TAM;SBCT;SBBH;549,00;78
2003;4;TAM;SBPA;SBSP;621,00;135
2003;4;TAM;SBBR;SBGR;364,00;277
2003;4;TAM;SBSP;SBVT;550,00;118
2003;4;TAM;SBBR;SBBH;517,00;64
2003;4;TAM;SBGO;SBSP;534,00;198
2003;4;TAM;SBGO;SBBR;324,00;41
2003;4;TAM;SBPA;SBGL;395,00;6
2003;4;TAM;SBGL;SBPA;327,00;58
2003;4;TAM;SBRF;SBFZ;244,00;402
2003;4;TAM;SBCT;SBGL;278,00;34
2003;4;TAM;SBCT;SBSP;293,00;7626
2003;4;TAM;SBGR;SBPA;686,00;51
2003;4;TAM;SBFL;SBGR;510,00;10
2003;4;TAM;SBSP;SBBR;420,00;1279
2003;4;TAM;SBBR;SBGR;549,00;40
2003;4;TAM;SBBE;SBMQ;418,00;12
2003;4;TAM;SBBR;SBBE;377,00;220
2003;4;TAM;SBMQ;SBBE;381,00;29
2003;4;TAM;SBSP;SBVT;434,00;813
2003;4;TAM;SBVT;SBRJ;209,00;139
2003;4;TAM;SBGR;SBSV;1059,00;53
2003;4;TAM;SBPS;SBSP;784,00;10
2003;4;TAM;SBBR;SBSV;483,00;277
2003;4;TAM;SBBR;SBGR;420,00;62
2003;4;TAM;SBBR;SBRJ;776,00;60
2003;4;TAM;SBBR;SBFZ;648,00;189
2003;4;TAM;SBGL;SBCT;558,00;2
2003;4;TAM;SBBE;SBBR;513,00;15
2003;4;TAM;SBUL;SBSP;595,00;240
2003;4;TAM;SBPA;SBGL;671,00;20
2003;4;TAM;SBPS;SBSP;1032,00;23
2003;4;TAM;SBGL;SBPA;750,00;2
2003;4;TAM;SBFL;SBGR;607,00;37
2003;4;TAM;SBRP;SBSP;332,00;2066
2003;4;TAM;SBVT;SBSP;492,00;290
2003;4;TAM;SBSP;SBCT;513,00;127
2003;4;TAM;SBGL;SBSP;313,00;8
2003;4;TAM;SBBR;SBGL;641,00;6
2003;4;TAM;SBGL;SBCT;675,00;4
2003;4;TAM;SBBR;SBRJ;439,00;341
2003;4;TAM;SBRJ;SBSP;458,00;1136
2003;4;TAM;SBBR;SBRJ;574,00;154
2003;4;TAM;SBFL;SBGR;413,00;8
2003;4;TAM;SBSV;SBGR;1149,00;467
2003;4;TAM;SBFL;SBGR;217,00;2
2003;4;TAM;SBBR;SBBH;348,00;183
2003;4;TAM;SBSV;SBRF;1113,00;74
2003;4;TAM;SBGL;SBPA;513,00;2
2003;4;TAM;SBBR;SBSP;679,00;543
2003;4;TAM;SBBR;SBCT;518,00;312
2003;4;TAM;SBCT;SBGL;440,00;16
2003;4;TAM;SBGL;SBBR;338,00;12
2003;4;TAM;SBSV;SBGR;783,00;101
2003;4;TAM;SBFL;SBBR;565,00;270
2003;4;TAM;SBRF;SBGL;1066,00;12
2003;4;TAM;SBPA;SBCT;327,00;114
2003;4;TAM;SBCT;SBPA;627,00;141
2003;4;TAM;SBSP;SBUL;403,00;979
2003;4;TAM;SBSP;SBBR;485,00;714
2003;4;TAM;SBBR;SBCT;837,00;52
2003;4;TAM;SBGR;SBPA;816,00;58
2003;4;TAM;SBFL;SBSP;668,00;145
2003;4;TAM;SBGL;SBCT;330,00;52
2003;4;TAM;SBSP;SBFL;642,00;5
2003;4;TAM;SBPS;SBSP;949,00;75
2003;4;TAM;SBSP;SBPS;867,00;79
2003;4;TAM;SBFZ;SBBR;839,00;39
2003;4;TAM;SBBE;SBBR;1050,00;2
2003;4;TAM;SBGL;SBSV;899,00;49
2003;4;TAM;SBSP;SBBH;414,00;439
2003;4;TAM;SBBH;SBCT;614,00;38
2003;4;TAM;SBSP;SBGO;865,00;171
2003;4;TAM;SBCT;SBGR;411,00;33
2003;4;TAM;SBGL;SBCT;294,00;14
2003;4;TAM;SBFZ;SBBR;1199,00;157
2003;4;TAM;SBUL;SBSP;727,00;191
2003;4;TAM;SBBR;SBSP;321,00;5372
2003;4;TAM;SBSP;SBPA;368,00;151
2003;4;TAM;SBSV;SBGR;875,00;64
2003;4;TAM;SBSP;SBCT;372,00;255
2003;4;TAM;SBGL;SBBR;306,00;34
2003;4;TAM;SBRJ;SBBH;496,00;266
2003;4;TAM;SBBR;SBFZ;1007,00;29
2003;4;TAM;SBBH;SBRJ;224,00;1289
2003;4;TAM;SBSP;SBBR;743,00;168
2003;4;TAM;SBFL;SBCT;501,00;43
2003;4;TAM;SBBR;SBBH;793,00;6
2003;4;TAM;SBCT;SBPA;252,00;34
2003;4;TAM;SBUL;SBSP;327,00;210
2003;4;TAM;SBCF;SBGR;414,00;6
2003;4;TAM;SBGR;SBFL;607,00;37
2003;4;TAM;SBGO;SBBR;220,00;59
2003;4;TAM;SBGL;SBGR;243,00;525
2003;4;TAM;SBBH;SBSP;512,00;296
2003;4;TAM;SBRJ;SBVT;356,00;93
2003;4;TAM;SBBR;SBSV;631,00;64
2003;4;TAM;SBBH;SBRJ;496,00;368
2003;4;TAM;SBFZ;SBRF;279,00;16
2003;4;TAM;SBBH;SBSP;317,00;997
2003;4;TAM;SBSP;SBPA;425,00;483
2003;4;TAM;SBBH;SBCT;300,00;1186
2003;4;TAM;SBGR;SBFL;280,00;1
2003;4;TAM;SBSP;SBBH;279,00;2328
2003;4;TAM;SBPA;SBFL;142,00;148
2003;4;TAM;SBPS;SBSP;867,00;61
2003;4;TAM;SBBR;SBRJ;641,00;104
2003;4;TAM;SBFL;SBSP;243,00;134
2003;4;TAM;SBGO;SBSP;597,00;142
2003;4;TAM;SBRF;SBSV;1410,00;39
2003;4;TAM;SBRF;SBSV;1707,00;6
2003;4;TAM;SBSP;SBFL;273,00;337
2003;4;TAM;SBCT;SBGL;499,00;8
2003;4;TAM;SBSV;SBGL;899,00;28
2003;4;TAM;SBBE;SBMQ;345,00;18
2003;4;TAM;SBCT;SBSP;513,00;95
2003;4;TAM;SBVT;SBRJ;235,00;36
2003;4;TAM;SBGR;SBFL;316,00;4
2003;4;TAM;SBFL;SBBR;912,00;35
2003;4;TAM;SBSV;SBBR;705,00;36
2003;4;TAM;SBVT;SBSP;608,00;183
2003;4;TAM;SBSP;SBGL;243,00;746
2003;4;TAM;SBCF;SBGR;463,00;1
2003;4;TAM;SBCT;SBPA;377,00;39
2003;4;TAM;SBBH;SBCT;807,00;185
2003;4;TAM;SBBR;SBBH;306,00;1900
2003;4;TAM;SBGR;SBGL;243,00;537
2003;4;TAM;SBCT;SBPA;478,00;17
2003;4;TAM;SBBR;SBFZ;745,00;169
2003;4;TAM;SBCT;SBFL;834,00;30
2003;4;TAM;SBRF;SBGL;1269,00;178
2003;4;TAM;SBVT;SBRJ;521,00;90
2003;4;TAM;SBGL;SBSV;508,00;321
2003;4;TAM;SBBH;SBBR;862,00;297
2003;4;TAM;SBSP;SBUL;595,00;191
2003;4;TAM;SBBH;SBRJ;339,00;186
2003;4;TAM;SBBR;SBGL;574,00;10
2003;4;TAM;SBGR;SBCF;463,00;4
2003;4;TAM;SBSV;SBGL;664,00;63
2003;4;TAM;SBFL;SBGR;363,00;16
2003;4;TAM;SBRJ;SBVT;182,00;239
2003;4;TAM;SBBR;SBBE;958,00;20
2003;4;TAM;SBBR;SBRJ;380,00;164
2003;4;TAM;SBRJ;SBBH;152,00;3172
2003;4;TAM;SBBR;SBCT;416,00;1259
2003;4;TAM;SBSP;SBBH;512,00;405
2003;4;TAM;SBSP;SBRP;367,00;286
2003;4;TAM;SBSP;SBGL;276,00;48
2003;4;TAM;SBSP;SBPA;314,00;1334
2003;4;TAM;SBSP;SBPA;556,00;219
2003;4;TAM;SBSP;SBFL;461,00;45
2003;4;TAM;SBBR;SBRJ;338,00;584
2003;4;TAM;SBBH;SBCT;364,00;291
2003;4;TAM;SBGL;SBPA;592,00;13
2003;4;TAM;SBGL;SBPA;982,00;41
2003;4;TAM;SBGR;SBPA;368,00;12
2003;4;TAM;SBPA;SBFL;191,00;10
2003;4;TAM;SBRJ;SBBH;174,00;139
2003;4;TAM;SBGR;SBBR;485,00;24
2003;4;TAM;SBCF;SBGR;560,00;1
2003;4;TAM;SBFL;SBPA;259,00;46
2003;4;TAM;SBCT;SBBR;416,00;1281
2003;4;TAM;SBGO;SBSP;660,00;235
2003;4;TAM;SBGR;SBCF;606,00;55
2003;4;TAM;SBGR;SBCF;279,00;99
2003;4;TAM;SBBH;SBBR;455,00;174
2003;4;TAM;SBMQ;SBBE;272,00;40
2003;4;TAM;SBBR;SBFL;489,00;1133
2003;4;TAM;SBFL;SBBR;431,00;114
2003;4;TAM;SBRF;SBGL;863,00;38
2003;4;TAM;SBPA;SBGL;344,00;16
2003;4;TAM;SBBR;SBGR;614,00;41
2003;4;TAM;SBPA;SBCT;478,00;12
2003;4;TAM;SBGL;SBPA;829,00;26
2003;4;TAM;SBSP;SBRP;402,00;11
2003;4;TAM;SBSP;SBVT;492,00;220
2003;4;TAM;SBFL;SBBR;425,00;11
2003;4;TAM;SBBR;SBSV;780,00;37
2003;4;TAM;SBSP;SBPA;327,00;560
2003;4;TAM;SBCF;SBGR;606,00;43
2003;4;TAM;SBBH;SBBR;348,00;233
2003;4;TAM;SBRJ;SBBR;574,00;144
2003;4;TAM;SBRJ;SBBR;776,00;106
2003;4;TAM;SBMQ;SBBE;119,00;1106
2003;4;TAM;SBBR;SBCT;916,00;9
2003;4;TAM;SBRJ;SBBH;458,00;14
2003;4;TAM;SBSV;SBGL;821,00;50
2003;4;TAM;SBBH;SBSP;560,00;151
2003;4;TAM;SBFL;SBCT;667,00;15
2003;4;TAM;SBFZ;SBRF;475,00;5
2003;4;TAM;SBGR;SBBR;364,00;523
2003;4;TAM;SBBR;SBFL;912,00;74
2003;4;TAM;SBCT;SBGR;293,00;1141
2003;4;TAM;SBGR;SBFL;363,00;16
2003;4;TAM;SBPA;SBSP;752,00;75
2003;4;TAM;SBSV;SBGL;977,00;370
2003;4;TAM;SBSV;SBGL;508,00;287
2003;4;TAM;SBSV;SBGR;967,00;80
2003;4;TAM;SBBH;SBRJ;299,00;1396
2003;4;TAM;SBCT;SBGR;278,00;236
2003;4;TAM;SBGL;SBBR;842,00;12
2003;4;TAM;SBPA;SBCT;528,00;28
2003;4;TAM;SBBH;SBRJ;458,00;53
2003;4;TAM;SBGR;SBBR;743,00;7
2003;4;TAM;SBFL;SBSP;558,00;23
2003;4;TAM;SBBR;SBFL;425,00;10
2003;4;TAM;SBPA;SBSP;368,00;160
2003;4;TAM;SBSP;SBFL;314,00;24
2003;4;TAM;SBVT;SBRJ;314,00;248
2003;4;TAM;SBBR;SBFZ;1199,00;135
2003;4;TAM;SBGR;SBSV;1149,00;431
2003;4;TAM;SBPA;SBGL;592,00;12
2003;4;TAM;SBRF;SBSV;1261,00;7
2003;4;TAM;SBSP;SBPA;752,00;80
2003;4;TAM;SBRP;SBSP;306,00;861
2003;4;TAM;SBGL;SBRF;863,00;34
2003;4;TAM;SBRF;SBFZ;363,00;22
2003;4;TAM;SBSV;SBRF;1410,00;32
2003;4;TAM;SBSP;SBGO;660,00;132
2003;4;TAM;SBCT;SBBH;300,00;917
2003;4;TAM;SBBE;SBMQ;182,00;105
2003;4;TAM;SBSP;SBUL;363,00;212
2003;4;TAM;SBFZ;SBBR;648,00;141
2003;4;TAM;SBBE;SBMQ;204,00;32
2003;4;TAM;SBSP;SBFL;510,00;140
2003;4;TAM;SBGR;SBCF;512,00;15
2003;4;TAM;SBBH;SBRJ;174,00;233
2003;4;TAM;SBBR;SBGR;807,00;47
2003;4;TAM;SBSP;SBGO;597,00;117
2003;4;TAM;SBGL;SBRF;1066,00;12
2003;4;TAM;SBMQ;SBBE;236,00;79
2003;4;TAM;SBSP;SBRP;481,00;64
2003;4;TAM;SBRF;SBGL;761,00;45
2003;4;TAM;SBCT;SBPA;171,00;2279
2003;4;TAM;SBRJ;SBBR;842,00;641
2003;4;TAM;SBVT;SBRJ;439,00;69
2003;4;TAM;SBSV;SBBR;854,00;6
2003;4;TAM;SBPA;SBGR;425,00;36
2003;4;TAM;SBSP;SBFL;364,00;178
2003;4;TAM;SBFZ;SBBR;1103,00;8
2003;4;TAM;SBRJ;SBBR;641,00;71
2003;4;TAM;SBPA;SBSP;425,00;496
2003;4;TAM;SBCF;SBGR;279,00;101
2003;4;TAM;SBBR;SBGL;306,00;58
2003;4;TAM;SBRF;SBFZ;314,00;14
2003;4;TAM;SBGL;SBGR;276,00;440
2003;4;TAM;SBSP;SBBR;364,00;3438
2003;4;TAM;SBSP;SBVT;666,00;30
2003;4;TAM;SBVT;SBSP;434,00;746
2003;4;TAM;SBPA;SBFL;128,00;49
2003;4;TAM;SBBH;SBCT;323,00;55
2003;4;TAM;SBBH;SBBR;655,00;40
2003;4;TAM;SBSP;SBGL;386,00;15
2003;4;TAM;SBSP;SBFL;243,00;153
2003;4;TAM;SBFL;SBGR;314,00;16
2003;4;TAM;SBGR;SBSV;967,00;210
2003;4;TAM;SBPA;SBGR;490,00;24
2003;4;TAM;SBSP;SBRJ;299,00;6571
2003;4;TAM;SBBE;SBBR;593,00;84
2003;4;TAM;SBSP;SBRJ;458,00;853
2003;4;TAM;SBFZ;SBRF;314,00;22
2003;4;TAM;SBVT;SBRJ;356,00;61
2003;4;TAM;SBFZ;SBRF;194,00;532
2003;4;TAM;SBVT;SBRJ;142,00;1674
2003;4;TAM;SBFL;SBGR;243,00;24
2003;4;TAM;SBFL;SBSP;510,00;115
2003;4;TAM;SBRF;SBGL;1167,00;9
2003;4;TAM;SBGL;SBBR;439,00;4
2003;4;TAM;SBCT;SBBR;598,00;114
2003;4;TAM;SBPA;SBGR;327,00;49
2003;4;TAM;SBRJ;SBBR;338,00;733
2003;4;TAM;SBUL;SBSP;463,00;734
2003;4;TAM;SBBR;SBBH;724,00;64
2003;4;TAM;SBVT;SBSP;550,00;176
2003;4;TAM;SBFL;SBSP;419,00;20
2003;4;TAM;SBSP;SBBR;321,00;4776
2003;4;TAM;SBGR;SBBR;807,00;60
2003;4;TAM;SBVT;SBRJ;182,00;385
2003;4;TAM;SBGR;SBSV;599,00;312
2003;4;TAM;SBSV;SBBR;780,00;40
2003;4;TAM;SBSP;SBBH;560,00;135
2003;4;TAM;SBBR;SBGR;321,00;260
2003;4;TAM;SBGR;SBGL;386,00;45
2003;4;TAM;SBCF;SBGR;512,00;14
2003;4;TAM;SBGR;SBCF;365,00;31
2003;4;TAM;SBBE;SBBR;456,00;81
2003;4;TAM;SBSP;SBRP;306,00;772
2003;4;TAM;SBCT;SBBR;995,00;229
2003;4;TAM;SBCT;SBSP;372,00;141
2003;4;TAM;SBBR;SBGL;506,00;10
2003;4;TAM;SBCT;SBPA;283,00;11
2003;4;TAM;SBSV;SBGR;450,00;317
2003;4;TAM;SBRF;SBSV;1113,00;74
2003;4;TAM;SBCT;SBBR;837,00;58
2003;4;TAM;SBGL;SBSP;458,00;4
2003;4;TAM;SBBE;SBMQ;272,00;48
2003;4;TAM;SBPA;SBFL;418,00;18
2003;4;TAM;SBGR;SBGL;276,00;495
2003;4;TAM;SBCT;SBFL;501,00;32
2003;4;TAM;SBGL;SBRF;1167,00;7
2003;4;TAM;SBRP;SBSP;402,00;19
2003;4;TAM;SBFL;SBPA;128,00;33
2003;4;TAM;SBRJ;SBVT;142,00;1374
2003;4;TAM;SBSP;SBGL;458,00;1
2003;4;TAM;SBBE;SBBR;776,00;22
2003;4;TAM;SBSV;SBRF;1707,00;12
2003;4;TAM;SBGL;SBCT;382,00;10
2003;4;TAM;SBGR;SBCT;278,00;195
2003;4;TAM;SBRJ;SBVT;209,00;147
2003;4;TAM;SBRF;SBFZ;698,00;32
2003;4;TAM;SBFZ;SBRF;530,00;6
2003;4;TAM;SBSP;SBPS;784,00;18
2003;4;TAM;SBCT;SBGL;330,00;26
2003;4;TAM;SBBR;SBGO;298,00;32
2003;4;TAM;SBPA;SBCT;627,00;198
2003;4;TAM;SBGL;SBSV;440,00;42
2003;4;TAM;SBSP;SBVT;608,00;125
2003;4;TAM;SBCT;SBSP;278,00;2632
2003;4;TAM;SBRJ;SBBH;418,00;102
2003;4;TAM;SBSP;SBBH;681,00;255
2003;4;TAM;SBGR;SBFL;273,00;4
2003;4;TAM;SBBR;SBSP;485,00;879
2003;4;TAM;SBBR;SBFL;431,00;143
2003;4;TAM;SBRJ;SBSP;199,00;2367
2003;4;TAM;SBRF;SBFZ;194,00;546
2003;4;TAM;SBFZ;SBRF;419,00;33
2003;4;TAM;SBBR;SBBE;513,00;20
2003;4;TAM;SBPA;SBFL;378,00;2
2003;4;TAM;SBRJ;SBVT;521,00;88
2003;4;TAM;SBSP;SBBR;679,00;466
2003;4;TAM;SBGO;SBSP;723,00;125
2003;4;TAM;SBSP;SBUL;327,00;186
2003;4;TAM;SBSP;SBCT;278,00;2662
2003;4;TAM;SBRF;SBFZ;586,00;16
2003;4;TAM;SBGL;SBRF;633,00;184
2003;4;TAM;SBSP;SBGL;313,00;9
2003;4;TAM;SBBR;SBRJ;506,00;877
2003;4;TAM;SBFL;SBGR;364,00;39
2003;4;TAM;SBGR;SBCT;293,00;845
2003;4;TAM;SBSP;SBBR;549,00;500
2003;4;TAM;SBCT;SBBR;916,00;10
2003;4;TAM;SBBR;SBSP;917,00;414
2003;4;TAM;SBSP;SBRJ;199,00;1724
2003;4;TAM;SBSP;SBFL;587,00;21
2003;4;TAM;SBBR;SBCT;448,00;590
2003;4;TAM;SBBH;SBSP;681,00;335
2003;4;TAM;SBBE;SBBR;1137,00;61
2003;4;TAM;SBSV;SBGL;410,00;991
2003;4;TAM;SBPA;SBFL;259,00;76
2003;4;TAM;SBVT;SBRJ;272,00;251
2003;4;TAM;SBBR;SBGL;842,00;6
2003;4;TAM;SBFL;SBSP;273,00;289
2003;4;TAM;SBMQ;SBBE;182,00;145
2003;4;TAM;SBGR;SBPA;556,00;4
2003;4;TAM;SBFL;SBGR;530,00;3
2003;4;TAM;SBSP;SBFL;249,00;1
2003;4;TAM;SBBR;SBGO;246,00;49
2003;4;TAM;SBUL;SBSP;529,00;530
2003;4;TAM;SBPS;SBSP;579,00;92
2003;4;TAM;SBSP;SBUL;529,00;496
2003;4;TAM;SBBR;SBCT;598,00;181
2003;4;TAM;SBBR;SBFL;1085,00;202
2003;4;VRG;SBGL;SBRF;883,00;142
2003;4;VRG;SBGL;SBFL;807,00;85
2003;4;VRG;SBFL;SBGR;304,00;481
2003;4;VRG;SBRJ;SBVT;418,00;17
2003;4;VRG;SBGR;SBCF;274,00;11
2003;4;VRG;SBFL;SBBR;869,00;6
2003;4;VRG;SBBR;SBSV;929,00;383
2003;4;VRG;SBPA;SBBR;554,00;303
2003;4;VRG;SBGL;SBPA;395,00;261
2003;4;VRG;SBSP;SBPA;817,00;1334
2003;4;VRG;SBCT;SBPA;171,00;643
2003;4;VRG;SBSP;SBBH;274,00;259
2003;4;VRG;SBFL;SBGR;213,00;205
2003;4;VRG;SBGR;SBGL;207,00;42
2003;4;VRG;SBBE;SBMQ;225,00;12
2003;4;VRG;SBRF;SBFZ;351,00;120
2003;4;VRG;SBBE;SBMQ;119,00;1019
2003;4;VRG;SBGL;SBBR;844,00;460
2003;4;VRG;SBBR;SBGR;574,00;150
2003;4;VRG;SBCT;SBRJ;734,00;126
2003;4;VRG;SBBH;SBSP;279,00;2587
2003;4;VRG;SBSP;SBVT;326,00;50
2003;4;VRG;SBMQ;SBBE;180,00;8
2003;4;VRG;SBVT;SBRJ;418,00;4
2003;4;VRG;SBBR;SBBE;799,00;97
2003;4;VRG;SBBR;SBGL;844,00;749
2003;4;VRG;SBBH;SBSP;432,00;583
2003;4;VRG;SBRJ;SBBH;174,00;294
2003;4;VRG;SBBH;SBRJ;349,00;164
2003;4;VRG;SBGR;SBEG;570,00;358
2003;4;VRG;SBKP;SBRJ;423,00;22
2003;4;VRG;SBFL;SBGL;432,00;129
2003;4;VRG;SBBR;SBPA;550,00;25
2003;4;VRG;SBSP;SBBH;279,00;3067
2003;4;VRG;SBBE;SBBR;399,00;456
2003;4;VRG;SBRJ;SBSP;299,00;34746
2003;4;VRG;SBBR;SBRJ;520,00;485
2003;4;VRG;SBGR;SBGL;414,00;25
2003;4;VRG;SBFL;SBBR;1303,00;2
2003;4;VRG;SBGR;SBBR;412,00;392
2003;4;VRG;SBBR;SBRJ;306,00;1283
2003;4;VRG;SBSV;SBGR;518,00;191
2003;4;VRG;SBBR;SBSP;493,00;597
2003;4;VRG;SBSV;SBRF;551,00;49
2003;4;VRG;SBFZ;SBRF;561,00;12
2003;4;VRG;SBSP;SBFL;486,00;12
2003;4;VRG;SBPA;SBGL;987,00;841
2003;4;VRG;SBGL;SBFL;363,00;142
2003;4;VRG;SBRJ;SBBR;306,00;1195
2003;4;VRG;SBFL;SBBR;425,00;62
2003;4;VRG;SBGR;SBPA;314,00;886
2003;4;VRG;SBVT;SBRJ;209,00;111
2003;4;VRG;SBSP;SBBH;493,00;57
2003;4;VRG;SBBR;SBGR;412,00;521
2003;4;VRG;SBBE;SBBR;513,00;44
2003;4;VRG;SBCT;SBKP;293,00;90
2003;4;VRG;SBRF;SBSV;689,00;363
2003;4;VRG;SBFZ;SBBR;539,00;77
2003;4;VRG;SBCT;SBPA;566,00;5
2003;4;VRG;SBRF;SBGL;1261,00;421
2003;4;VRG;SBKP;SBCT;293,00;108
2003;4;VRG;SBGL;SBBR;306,00;621
2003;4;VRG;SBFZ;SBRF;219,00;237
2003;4;VRG;SBSP;SBNF;343,00;176
2003;4;VRG;SBRF;SBSV;345,00;105
2003;4;VRG;SBRJ;SBCT;734,00;117
2003;4;VRG;SBBR;SBGR;880,00;515
2003;4;VRG;SBGL;SBGR;276,00;557
2003;4;VRG;SBGR;SBBR;735,00;51
2003;4;VRG;SBGR;SBEG;2002,00;414
2003;4;VRG;SBRJ;SBKP;329,00;302
2003;4;VRG;SBBR;SBFL;1303,00;15
2003;4;VRG;SBSV;SBGR;610,00;706
2003;4;VRG;SBGL;SBBR;520,00;231
2003;4;VRG;SBSV;SBGL;582,00;433
2003;4;VRG;SBSV;SBGL;970,00;594
2003;4;VRG;SBGR;SBEG;834,00;435
2003;4;VRG;SBBR;SBFL;869,00;4
2003;4;VRG;SBGL;SBRF;633,00;468
2003;4;VRG;SBBR;SBFL;1086,00;55
2003;4;VRG;SBPA;SBFL;448,00;3
2003;4;VRG;SBGL;SBBR;604,00;165
2003;4;VRG;SBKP;SBCT;440,00;1
2003;4;VRG;SBSV;SBGR;403,00;725
2003;4;VRG;SBCT;SBGL;587,00;19
2003;4;VRG;SBGL;SBPA;327,00;1150
2003;4;VRG;SBPA;SBCT;377,00;129
2003;4;VRG;SBBR;SBPA;554,00;343
2003;4;VRG;SBPA;SBGL;327,00;1074
2003;4;VRG;SBFL;SBPA;349,00;35
2003;4;VRG;SBBH;SBBR;669,00;428
2003;4;VRG;SBBR;SBSP;574,00;860
2003;4;VRG;SBFL;SBPA;249,00;88
2003;4;VRG;SBSP;SBPA;498,00;645
2003;4;VRG;SBBR;SBFZ;1077,00;2
2003;4;VRG;SBCT;SBSP;489,00;3061
2003;4;VRG;SBCT;SBKP;489,00;187
2003;4;VRG;SBSP;SBVT;652,00;3
2003;4;VRG;SBFL;SBGR;364,00;237
2003;4;VRG;SBSP;SBFL;243,00;239
2003;4;VRG;SBRF;SBFZ;701,00;297
2003;4;VRG;SBFL;SBSP;304,00;358
2003;4;VRG;SBRJ;SBBH;248,00;1317
2003;4;VRG;SBGL;SBPA;691,00;434
2003;4;VRG;SBFZ;SBRF;280,00;79
2003;4;VRG;SBSP;SBNF;257,00;284
2003;4;VRG;SBBR;SBKP;291,00;23
2003;4;VRG;SBPA;SBFL;199,00;33
2003;4;VRG;SBSP;SBVT;724,00;617
2003;4;VRG;SBGR;SBBR;364,00;38
2003;4;VRG;SBSV;SBRF;689,00;353
2003;4;VRG;SBBR;SBFZ;648,00;271
2003;4;VRG;SBFL;SBGR;607,00;204
2003;4;VRG;SBRJ;SBBR;604,00;341
2003;4;VRG;SBGR;SBSV;1381,00;418
2003;4;VRG;SBBE;SBMQ;270,00;57
2003;4;VRG;SBGR;SBFL;364,00;266
2003;4;VRG;SBRF;SBFZ;491,00;158
2003;4;VRG;SBSV;SBRF;165,00;1859
2003;4;VRG;SBEG;SBGR;1168,00;253
2003;4;VRG;SBGR;SBPA;498,00;464
2003;4;VRG;SBCT;SBFL;245,00;267
2003;4;VRG;SBGR;SBSV;338,00;2765
2003;4;VRG;SBSP;SBBH;371,00;785
2003;4;VRG;SBGL;SBCT;881,00;52
2003;4;VRG;SBBH;SBSP;371,00;861
2003;4;VRG;SBFZ;SBBR;1436,00;94
2003;4;VRG;SBCT;SBRJ;587,00;2
2003;4;VRG;SBFL;SBBR;543,00;14
2003;4;VRG;SBFL;SBSP;213,00;421
2003;4;VRG;SBFZ;SBRF;194,00;1787
2003;4;VRG;SBGL;SBGR;243,00;1413
2003;4;VRG;SBGO;SBBR;389,00;2
2003;4;VRG;SBGR;SBFL;728,00;37
2003;4;VRG;SBPA;SBCT;315,00;143
2003;4;VRG;SBGR;SBEG;1168,00;307
2003;4;VRG;SBGR;SBBR;493,00;356
2003;4;VRG;SBSP;SBGO;393,00;158
2003;4;VRG;SBGL;SBCT;189,00;1396
2003;4;VRG;SBRJ;SBVT;366,00;107
2003;4;VRG;SBRJ;SBBR;431,00;3
2003;4;VRG;SBSP;SBBR;364,00;138
2003;4;VRG;SBGL;SBFL;432,00;233
2003;4;VRG;SBGL;SBGR;322,00;394
2003;4;VRG;SBBR;SBBH;401,00;373
2003;4;VRG;SBRF;SBGL;883,00;114
2003;4;VRG;SBGR;SBGL;368,00;61
2003;4;VRG;SBGL;SBFL;484,00;68
2003;4;VRG;SBSV;SBBR;650,00;141
2003;4;VRG;SBPA;SBFL;598,00;15
2003;4;VRG;SBBR;SBSP;970,00;64
2003;4;VRG;SBSV;SBGR;840,00;308
2003;4;VRG;SBSV;SBBR;863,00;7
2003;4;VRG;SBRJ;SBVT;471,00;1
2003;4;VRG;SBGR;SBPA;580,00;280
2003;4;VRG;SBBR;SBKP;605,00;1
2003;4;VRG;SBSV;SBGR;1070,00;21
2003;4;VRG;SBSP;SBNF;400,00;50
2003;4;VRG;SBFL;SBGR;425,00;106
2003;4;VRG;SBBR;SBKP;865,00;4
2003;4;VRG;SBCT;SBRJ;189,00;777
2003;4;VRG;SBSP;SBPA;662,00;59
2003;4;VRG;SBPA;SBCT;171,00;684
2003;4;VRG;SBNF;SBSP;400,00;52
2003;4;VRG;SBGL;SBSV;970,00;478
2003;4;VRG;SBRF;SBFZ;280,00;140
2003;4;VRG;SBRJ;SBBR;844,00;1131
2003;4;VRG;SBSP;SBPA;314,00;672
2003;4;VRG;SBBR;SBGL;436,00;269
2003;4;VRG;SBGR;SBSV;725,00;570
2003;4;VRG;SBFL;SBRJ;432,00;1
2003;4;VRG;SBBH;SBBR;602,00;11
2003;4;VRG;SBGR;SBFL;243,00;58
2003;4;VRG;SBRP;SBSP;287,00;255
2003;4;VRG;SBKP;SBCT;245,00;87
2003;4;VRG;SBBE;SBBR;799,00;88
2003;4;VRG;SBSP;SBCT;297,00;389
2003;4;VRG;SBGR;SBCF;371,00;97
2003;4;VRG;SBSP;SBFL;273,00;216
2003;4;VRG;SBPA;SBCT;235,00;77
2003;4;VRG;SBBH;SBRJ;299,00;356
2003;4;VRG;SBPA;SBGR;368,00;235
2003;4;VRG;SBBR;SBGL;1013,00;301
2003;4;VRG;SBEG;SBGR;600,00;1661
2003;4;VRG;SBKP;SBRJ;370,00;203
2003;4;VRG;SBBH;SBSP;274,00;288
2003;4;VRG;SBFZ;SBRF;631,00;1
2003;4;VRG;SBPA;SBGL;691,00;207
2003;4;VRG;SBSV;SBBR;557,00;309
2003;4;VRG;SBGL;SBSV;776,00;59
2003;4;VRG;SBSP;SBBR;412,00;324
2003;4;VRG;SBCT;SBRJ;367,00;20
2003;4;VRG;SBFL;SBGL;968,00;48
2003;4;VRG;SBBR;SBBH;669,00;453
2003;4;VRG;SBFL;SBPA;190,00;27
2003;4;VRG;SBRF;SBGL;1513,00;248
2003;4;VRG;SBBH;SBBR;535,00;38
2003;4;VRG;SBBR;SBGL;520,00;285
2003;4;VRG;SBRF;SBSV;551,00;31
2003;4;VRG;SBCT;SBPA;200,00;69
2003;4;VRG;SBBR;SBGO;194,00;164
2003;4;VRG;SBCT;SBFL;286,00;11
2003;4;VRG;SBPA;SBGL;444,00;402
2003;4;VRG;SBPA;SBBR;1468,00;103
2003;4;VRG;SBRF;SBGL;567,00;125
2003;4;VRG;SBVT;SBRJ;262,00;286
2003;4;VRG;SBSV;SBGR;1381,00;432
2003;4;VRG;SBGL;SBBR;1097,00;3
2003;4;VRG;SBGL;SBRF;567,00;98
2003;4;VRG;SBBE;SBBR;377,00;1002
2003;4;VRG;SBNF;SBSP;343,00;113
2003;4;VRG;SBBR;SBPA;1468,00;177
2003;4;VRG;SBEG;SBGR;1668,00;507
2003;4;VRG;SBSP;SBVT;434,00;546
2003;4;VRG;SBBR;SBBE;456,00;180
2003;4;VRG;SBFZ;SBBR;718,00;142
2003;4;VRG;SBGO;SBBR;227,00;31
2003;4;VRG;SBNF;SBSP;514,00;6
2003;4;VRG;SBBE;SBMQ;450,00;151
2003;4;VRG;SBGL;SBCT;734,00;217
2003;4;VRG;SBRJ;SBKP;423,00;21
2003;4;VRG;SBBE;SBMQ;315,00;51
2003;4;VRG;SBGL;SBPA;790,00;150
2003;4;VRG;SBPA;SBFL;349,00;30
2003;4;VRG;SBSP;SBPA;580,00;292
2003;4;VRG;SBGR;SBPA;368,00;166
2003;4;VRG;SBSV;SBGL;1164,00;93
2003;4;VRG;SBGL;SBFL;565,00;46
2003;4;VRG;SBFL;SBGL;646,00;4
2003;4;VRG;SBRJ;SBKP;476,00;5
2003;4;VRG;SBSP;SBBH;609,00;2079
2003;4;VRG;SBSV;SBGL;351,00;1033
2003;4;VRG;SBCT;SBGL;278,00;311
2003;4;VRG;SBGL;SBGR;414,00;58
2003;4;VRG;SBSP;SBVT;507,00;231
2003;4;VRG;SBGO;SBSP;706,00;3
2003;4;VRG;SBBR;SBFL;652,00;49
2003;4;VRG;SBBR;SBGL;431,00;33
2003;4;VRG;SBFL;SBBR;489,00;22
2003;4;VRG;SBGO;SBBR;259,00;7
2003;4;VRG;SBFL;SBBR;652,00;23
2003;4;VRG;SBGR;SBPA;743,00;43
2003;4;VRG;SBSP;SBFL;425,00;121
2003;4;VRG;SBCF;SBGR;279,00;1154
2003;4;VRG;SBBR;SBGL;306,00;778
2003;4;VRG;SBEG;SBGR;834,00;379
2003;4;VRG;SBMQ;SBBE;270,00;44
2003;4;VRG;SBNF;SBSP;286,00;222
2003;4;VRG;SBSP;SBRP;287,00;353
2003;4;VRG;SBSP;SBRJ;299,00;33125
2003;4;VRG;SBBE;SBMQ;360,00;5
2003;4;VRG;SBPA;SBFL;299,00;76
2003;4;VRG;SBGL;SBGR;552,00;1610
2003;4;VRG;SBRJ;SBFL;363,00;10
2003;4;VRG;SBFL;SBGL;565,00;27
2003;4;VRG;SBSP;SBRP;437,00;156
2003;4;VRG;SBGR;SBBR;880,00;488
2003;4;VRG;SBSP;SBGO;471,00;122
2003;4;VRG;SBBR;SBGO;164,00;142
2003;4;VRG;SBFL;SBPA;128,00;1955
2003;4;VRG;SBRJ;SBCT;299,00;42
2003;4;VRG;SBSP;SBCT;489,00;2555
2003;4;VRG;SBGR;SBFL;304,00;479
2003;4;VRG;SBGR;SBFL;486,00;29
2003;4;VRG;SBCT;SBSP;394,00;20
2003;4;VRG;SBFL;SBPA;398,00;20
2003;4;VRG;SBFL;SBSP;486,00;15
2003;4;VRG;SBPA;SBGL;592,00;226
2003;4;VRG;SBPA;SBGL;395,00;234
2003;4;VRG;SBSP;SBBH;432,00;322
2003;4;VRG;SBNF;SBSP;257,00;261
2003;4;VRG;SBCT;SBPA;503,00;19
2003;4;VRG;SBRF;SBGL;757,00;218
2003;4;VRG;SBFL;SBGL;484,00;49
2003;4;VRG;SBFL;SBPA;140,00;205
2003;4;VRG;SBBH;SBBR;401,00;338
2003;4;VRG;SBGL;SBRF;1261,00;439
2003;4;VRG;SBGR;SBPA;662,00;75
2003;4;VRG;SBMQ;SBBE;315,00;61
2003;4;VRG;SBCT;SBGL;299,00;287
2003;4;VRG;SBRJ;SBCT;587,00;4
2003;4;VRG;SBFL;SBSP;273,00;236
2003;4;VRG;SBRJ;SBBH;448,00;1
2003;4;VRG;SBBR;SBSP;654,00;156
2003;4;VRG;SBRJ;SBBH;498,00;1470
2003;4;VRG;SBGL;SBRF;1009,00;37
2003;4;VRG;SBCF;SBGR;371,00;274
2003;4;VRG;SBMQ;SBBE;450,00;165
2003;4;VRG;SBMQ;SBBE;119,00;1051
2003;4;VRG;SBSV;SBGR;955,00;79
2003;4;VRG;SBPA;SBBR;856,00;140
2003;4;VRG;SBGL;SBGR;207,00;113
2003;4;VRG;SBBE;SBBR;456,00;142
2003;4;VRG;SBPA;SBSP;580,00;468
2003;4;VRG;SBBH;SBSP;493,00;112
2003;4;VRG;SBSP;SBGO;706,00;2
2003;4;VRG;SBBR;SBBE;913,00;18
2003;4;VRG;SBSP;SBRJ;199,00;5153
2003;4;VRG;SBPA;SBRJ;327,00;1
2003;4;VRG;SBRJ;SBKP;370,00;174
2003;4;VRG;SBSP;SBFL;213,00;483
2003;4;VRG;SBPA;SBFL;128,00;2360
2003;4;VRG;SBRF;SBFZ;631,00;6
2003;4;VRG;SBGR;SBEG;751,00;125
2003;4;VRG;SBSV;SBBR;432,00;326
2003;4;VRG;SBGR;SBSV;1070,00;30
2003;4;VRG;SBFZ;SBRF;421,00;113
2003;4;VRG;SBGR;SBSV;610,00;595
2003;4;VRG;SBNF;SBSP;457,00;18
2003;4;VRG;SBPA;SBFL;249,00;60
2003;4;VRG;SBRJ;SBBH;158,00;1376
2003;4;VRG;SBGL;SBPA;888,00;47
2003;4;VRG;SBCT;SBGL;189,00;763
2003;4;VRG;SBNF;SBSP;251,00;1062
2003;4;VRG;SBKP;SBRJ;529,00;408
2003;4;VRG;SBRJ;SBKP;238,00;10
2003;4;VRG;SBGO;SBBR;164,00;70
2003;4;VRG;SBBR;SBGO;259,00;2
2003;4;VRG;SBRF;SBSV;310,00;47
2003;4;VRG;SBGL;SBGR;460,00;5820
2003;4;VRG;SBCF;SBGR;731,00;136
2003;4;VRG;SBBR;SBRJ;844,00;1771
2003;4;VRG;SBGR;SBEG;2168,00;11
2003;4;VRG;SBKP;SBCT;391,00;9
2003;4;VRG;SBPA;SBSP;368,00;182
2003;4;VRG;SBRJ;SBCT;189,00;760
2003;4;VRG;SBFL;SBPA;498,00;438
2003;4;VRG;SBGR;SBGL;598,00;44
2003;4;VRG;SBSP;SBCT;346,00;120
2003;4;VRG;SBFZ;SBBR;648,00;268
2003;4;VRG;SBGL;SBSV;436,00;154
2003;4;VRG;SBKP;SBBR;291,00;5
2003;4;VRG;SBCT;SBGL;330,00;26
2003;4;VRG;SBGL;SBBR;431,00;18
2003;4;VRG;SBGR;SBGL;552,00;1269
2003;4;VRG;SBVT;SBSP;507,00;229
2003;4;VRG;SBSP;SBPA;368,00;109
2003;4;VRG;SBBR;SBRJ;604,00;302
2003;4;VRG;SBCF;SBGR;554,00;13
2003;4;VRG;SBSV;SBGL;679,00;316
2003;4;VRG;SBGR;SBGL;276,00;813
2003;4;VRG;SBRJ;SBBH;349,00;246
2003;4;VRG;SBGL;SBCT;587,00;8
2003;4;VRG;SBBR;SBGR;970,00;176
2003;4;VRG;SBCT;SBPA;283,00;129
2003;4;VRG;SBPA;SBCT;566,00;4
2003;4;VRG;SBGR;SBCF;432,00;24
2003;4;VRG;SBPA;SBGR;662,00;139
2003;4;VRG;SBCT;SBRJ;330,00;29
2003;4;VRG;SBBR;SBBE;1141,00;617
2003;4;VRG;SBCT;SBGL;440,00;209
2003;4;VRG;SBBR;SBFZ;1197,00;167
2003;4;VRG;SBEG;SBGR;570,00;321
2003;4;VRG;SBGR;SBPA;417,00;793
2003;4;VRG;SBBR;SBRJ;431,00;54
2003;4;VRG;SBPA;SBGR;314,00;1158
2003;4;VRG;SBGO;SBBR;194,00;55
2003;4;VRG;SBFL;SBGL;726,00;1
2003;4;VRG;SBBR;SBBE;1369,00;194
2003;4;VRG;SBRP;SBSP;350,00;12
2003;4;VRG;SBFL;SBSP;546,00;4
2003;4;VRG;SBBE;SBMQ;158,00;319
2003;4;VRG;SBGR;SBFL;546,00;12
2003;4;VRG;SBBR;SBBH;335,00;328
2003;4;VRG;SBKP;SBBR;519,00;2
2003;4;VRG;SBVT;SBSP;724,00;441
2003;4;VRG;SBBE;SBBR;685,00;132
2003;4;VRG;SBBR;SBBH;602,00;3
2003;4;VRG;SBPA;SBGL;494,00;175
2003;4;VRG;SBBR;SBGL;772,00;8
2003;4;VRG;SBRJ;SBVT;523,00;299
2003;4;VRG;SBFL;SBBR;1086,00;19
2003;4;VRG;SBGL;SBFL;646,00;14
2003;4;VRG;SBGR;SBBR;970,00;158
2003;4;VRG;SBRF;SBSV;231,00;294
2003;4;VRG;SBSV;SBRF;413,00;246
2003;4;VRG;SBPA;SBSP;743,00;19
2003;4;VRG;SBBE;SBBR;1141,00;393
2003;4;VRG;SBFZ;SBBR;838,00;57
2003;4;VRG;SBFZ;SBRF;701,00;238
2003;4;VRG;SBBR;SBSV;557,00;308
2003;4;VRG;SBSP;SBGO;628,00;6
2003;4;VRG;SBBH;SBSP;609,00;2261
2003;4;VRG;SBRJ;SBCT;278,00;226
2003;4;VRG;SBFZ;SBRF;351,00;92
2003;4;VRG;SBFL;SBPA;299,00;58
2003;4;VRG;SBCT;SBPA;377,00;137
2003;4;VRG;SBGL;SBFL;968,00;47
2003;4;VRG;SBFL;SBRJ;807,00;1
2003;4;VRG;SBMQ;SBBE;158,00;149
2003;4;VRG;SBPA;SBCT;503,00;6
2003;4;VRG;SBGL;SBBR;1013,00;278
2003;4;VRG;SBGL;SBSV;679,00;227
2003;4;VRG;SBSV;SBGL;388,00;245
2003;4;VRG;SBGL;SBBR;772,00;34
2003;4;VRG;SBBR;SBPA;856,00;144
2003;4;VRG;SBBR;SBRJ;436,00;401
2003;4;VRG;SBGR;SBFL;273,00;129
2003;4;VRG;SBBH;SBRJ;158,00;1436
2003;4;VRG;SBGR;SBGL;243,00;1202
2003;4;VRG;SBSV;SBGR;460,00;467
2003;4;VRG;SBSV;SBBR;418,00;74
2003;4;VRG;SBBE;SBBR;1027,00;3
2003;4;VRG;SBSP;SBVT;374,00;1093
2003;4;VRG;SBRF;SBFZ;194,00;1847
2003;4;VRG;SBBR;SBRJ;338,00;384
2003;4;VRG;SBGL;SBCT;661,00;4
2003;4;VRG;SBPA;SBGR;580,00;351
2003;4;VRG;SBBR;SBGR;364,00;45
2003;4;VRG;SBNF;SBSP;571,00;545
2003;4;VRG;SBBR;SBFZ;838,00;59
2003;4;VRG;SBBR;SBFL;489,00;15
2003;4;VRG;SBBH;SBBR;301,00;41
2003;4;VRG;SBGL;SBSV;873,00;25
2003;4;VRG;SBCT;SBFL;184,00;9
2003;4;VRG;SBBR;SBGL;687,00;67
2003;4;VRG;SBSP;SBBR;654,00;216
2003;4;VRG;SBSV;SBGL;485,00;406
2003;4;VRG;SBRP;SBSP;437,00;62
2003;4;VRG;SBBR;SBGO;146,00;46
2003;4;VRG;SBSV;SBBR;929,00;262
2003;4;VRG;SBPA;SBGR;1062,00;30
2003;4;VRG;SBBR;SBBE;377,00;959
2003;4;VRG;SBBR;SBGR;321,00;136
2003;4;VRG;SBFL;SBSP;364,00;180
2003;4;VRG;SBRJ;SBBR;436,00;516
2003;4;VRG;SBFL;SBPA;224,00;16
2003;4;VRG;SBGR;SBCF;279,00;168
2003;4;VRG;SBBR;SBBH;468,00;177
2003;4;VRG;SBBR;SBSP;364,00;114
2003;4;VRG;SBGR;SBFL;189,00;657
2003;4;VRG;SBPA;SBFL;498,00;287
2003;4;VRG;SBBR;SBGL;338,00;246
2003;4;VRG;SBRJ;SBVT;262,00;663
2003;4;VRG;SBCT;SBSP;220,00;101
2003;4;VRG;SBSV;SBGR;725,00;695
2003;4;VRG;SBRF;SBSV;482,00;228
2003;4;VRG;SBKP;SBCT;233,00;1172
2003;4;VRG;SBBR;SBBH;535,00;19
2003;4;VRG;SBCT;SBRJ;514,00;46
2003;4;VRG;SBEG;SBGR;751,00;111
2003;4;VRG;SBGL;SBGR;368,00;68
2003;4;VRG;SBGL;SBBR;338,00;169
2003;4;VRG;SBBR;SBBE;399,00;435
2003;4;VRG;SBRF;SBGL;633,00;414
2003;4;VRG;SBRF;SBGL;1009,00;24
2003;4;VRG;SBBH;SBRJ;248,00;1004
2003;4;VRG;SBCF;SBGR;274,00;28
2003;4;VRG;SBCT;SBSP;443,00;6
2003;4;VRG;SBBR;SBSV;743,00;102
2003;4;VRG;SBBR;SBFZ;1436,00;88
2003;4;VRG;SBSP;SBCT;220,00;130
2003;4;VRG;SBRJ;SBBR;687,00;88
2003;4;VRG;SBSP;SBRP;350,00;21
2003;4;VRG;SBSP;SBBR;321,00;1250
2003;4;VRG;SBCF;SBGR;609,00;252
2003;4;VRG;SBFL;SBSP;189,00;2868
2003;4;VRG;SBRJ;SBBH;398,00;61
2003;4;VRG;SBGL;SBSV;351,00;914
2003;4;VRG;SBCT;SBKP;440,00;1
2003;4;VRG;SBBR;SBSP;321,00;892
2003;4;VRG;SBSP;SBNF;514,00;4
2003;4;VRG;SBCT;SBRJ;278,00;169
2003;4;VRG;SBGL;SBSV;582,00;424
2003;4;VRG;SBBR;SBPA;734,00;165
2003;4;VRG;SBBR;SBBH;306,00;335
2003;4;VRG;SBPA;SBGL;888,00;14
2003;4;VRG;SBFL;SBPA;598,00;33
2003;4;VRG;SBSV;SBRF;482,00;106
2003;4;VRG;SBBR;SBFZ;718,00;121
2003;4;VRG;SBPA;SBGR;980,00;343
2003;4;VRG;SBRF;SBFZ;561,00;26
2003;4;VRG;SBRJ;SBVT;235,00;4
2003;4;VRG;SBFZ;SBRF;315,00;41
2003;4;VRG;SBGR;SBFL;607,00;307
2003;4;VRG;SBBR;SBBE;685,00;155
2003;4;VRG;SBFZ;SBRF;491,00;99
2003;4;VRG;SBPA;SBBR;1101,00;4
2003;4;VRG;SBFZ;SBBR;958,00;22
2003;4;VRG;SBGR;SBBR;321,00;157
2003;4;VRG;SBBH;SBRJ;498,00;1113
2003;4;VRG;SBKP;SBRJ;476,00;2
2003;4;VRG;SBRF;SBGL;1135,00;4
2003;4;VRG;SBBR;SBSP;735,00;49
2003;4;VRG;SBBR;SBSV;465,00;205
2003;4;VRG;SBGL;SBCT;514,00;37
2003;4;VRG;SBCT;SBKP;220,00;62
2003;4;VRG;SBSV;SBGL;436,00;242
2003;4;VRG;SBKP;SBRJ;329,00;309
2003;4;VRG;SBRJ;SBPA;327,00;1
2003;4;VRG;SBSP;SBRP;393,00;2
2003;4;VRG;SBGO;SBSP;353,00;367
2003;4;VRG;SBRJ;SBCT;440,00;40
2003;4;VRG;SBGL;SBPA;444,00;395
2003;4;VRG;SBRJ;SBBH;224,00;14
2003;4;VRG;SBGO;SBSP;393,00;176
2003;4;VRG;SBBH;SBSP;554,00;2
2003;4;VRG;SBCT;SBSP;346,00;96
2003;4;VRG;SBGO;SBSP;785,00;156
2003;4;VRG;SBBH;SBRJ;224,00;21
2003;4;VRG;SBGR;SBPA;980,00;9
2003;4;VRG;SBSP;SBCT;278,00;3958
2003;4;VRG;SBBH;SBBR;335,00;397
2003;4;VRG;SBPA;SBBR;1223,00;229
2003;4;VRG;SBGR;SBEG;1001,00;527
2003;4;VRG;SBGR;SBFL;213,00;263
2003;4;VRG;SBCF;SBGR;432,00;118
2003;4;VRG;SBBR;SBGR;493,00;355
2003;4;VRG;SBFL;SBGR;546,00;12
2003;4;VRG;SBRF;SBSV;620,00;9
2003;4;VRG;SBVT;SBSP;326,00;93
2003;4;VRG;SBBH;SBRJ;174,00;195
2003;4;VRG;SBBE;SBBR;1369,00;162
2003;4;VRG;SBGR;SBEG;1334,00;51
2003;4;VRG;SBSP;SBPA;743,00;6
2003;4;VRG;SBSV;SBRF;620,00;16
2003;4;VRG;SBEG;SBGR;1334,00;50
2003;4;VRG;SBCT;SBSP;278,00;3786
2003;4;VRG;SBFL;SBSP;607,00;585
2003;4;VRG;SBPA;SBCT;629,00;368
2003;4;VRG;SBGL;SBBR;687,00;79
2003;4;VRG;SBGR;SBCF;731,00;29
2003;4;VRG;SBRJ;SBCT;514,00;85
2003;4;VRG;SBCT;SBPA;440,00;56
2003;4;VRG;SBSP;SBFL;304,00;403
2003;4;VRG;SBPA;SBGL;790,00;47
2003;4;VRG;SBSP;SBBH;554,00;11
2003;4;VRG;SBFL;SBGR;243,00;52
2003;4;VRG;SBGR;SBEG;1501,00;9
2003;4;VRG;SBCT;SBFL;409,00;37
2003;4;VRG;SBSP;SBNF;251,00;1640
2003;4;VRG;SBSV;SBRF;231,00;374
2003;4;VRG;SBPA;SBGR;743,00;59
2003;4;VRG;SBGL;SBRF;757,00;226
2003;4;VRG;SBBR;SBPA;1223,00;388
2003;4;VRG;SBBE;SBBR;913,00;24
2003;4;VRG;SBFL;SBGR;486,00;23
2003;4;VRG;SBCT;SBFL;327,00;5
2003;4;VRG;SBBR;SBKP;433,00;7
2003;4;VRG;SBKP;SBRJ;238,00;10
2003;4;VRG;SBCT;SBKP;391,00;8
2003;4;VRG;SBPA;SBSP;817,00;1181
2003;4;VRG;SBCT;SBGL;367,00;94
2003;4;VRG;SBBR;SBSP;880,00;1481
2003;4;VRG;SBSP;SBVT;579,00;19
2003;4;VRG;SBCT;SBKP;342,00;68
2003;4;VRG;SBMQ;SBBE;360,00;1
2003;4;VRG;SBGL;SBCT;440,00;125
2003;4;VRG;SBPA;SBCT;283,00;76
2003;4;VRG;SBKP;SBCT;342,00;50
2003;4;VRG;SBBR;SBRJ;687,00;91
2003;4;VRG;SBPA;SBFL;140,00;189
2003;4;VRG;SBPA;SBBR;1590,00;26
2003;4;VRG;SBRJ;SBCT;367,00;38
2003;4;VRG;SBEG;SBGR;1501,00;14
2003;4;VRG;SBSP;SBFL;189,00;2755
2003;4;VRG;SBMQ;SBBE;225,00;6
2003;4;VRG;SBRF;SBFZ;315,00;21
2003;4;VRG;SBGR;SBBR;654,00;38
2003;4;VRG;SBSP;SBBR;880,00;1771
2003;4;VRG;SBCT;SBGL;514,00;232
2003;4;VRG;SBSV;SBRF;345,00;116
2003;4;VRG;SBSP;SBGO;353,00;348
2003;4;VRG;SBSP;SBFL;607,00;582
2003;4;VRG;SBCT;SBPA;315,00;119
2003;4;VRG;SBRJ;SBVT;209,00;128
2003;4;VRG;SBBR;SBGR;654,00;53
2003;4;VRG;SBFZ;SBBR;1197,00;234
2003;4;VRG;SBBR;SBSV;863,00;36
2003;4;VRG;SBPA;SBSP;314,00;623
2003;4;VRG;SBBR;SBFZ;958,00;24
2003;4;VRG;SBGO;SBSP;549,00;50
2003;4;VRG;SBEG;SBGR;2168,00;15
2003;4;VRG;SBSP;SBCT;443,00;4
2003;4;VRG;SBBE;SBMQ;540,00;39
2003;4;VRG;SBGR;SBGL;460,00;7024
2003;4;VRG;SBBR;SBFL;425,00;48
2003;4;VRG;SBRF;SBFZ;219,00;251
2003;4;VRG;SBGL;SBSV;1164,00;94
2003;4;VRG;SBGO;SBBR;146,00;37
2003;4;VRG;SBCT;SBGL;734,00;119
2003;4;VRG;SBSV;SBGL;873,00;25
2003;4;VRG;SBCT;SBRJ;440,00;22
2003;4;VRG;SBSV;SBRF;310,00;27
2003;4;VRG;SBPA;SBGR;498,00;622
2003;4;VRG;SBPA;SBFL;224,00;19
2003;4;VRG;SBBR;SBBE;513,00;31
2003;4;VRG;SBBR;SBGR;735,00;52
2003;4;VRG;SBVT;SBRJ;143,00;631
2003;4;VRG;SBBE;SBMQ;180,00;36
2003;4;VRG;SBBR;SBKP;519,00;10
2003;4;VRG;SBPA;SBSP;498,00;671
2003;4;VRG;SBRJ;SBPA;301,00;10
2003;4;VRG;SBGR;SBEG;1668,00;435
2003;4;VRG;SBCT;SBGL;881,00;109
2003;4;VRG;SBPA;SBSP;417,00;2153
2003;4;VRG;SBVT;SBRJ;314,00;57
2003;4;VRG;SBRJ;SBCT;661,00;2
2003;4;VRG;SBGR;SBCF;493,00;3
2003;4;VRG;SBGR;SBGL;322,00;248
2003;4;VRG;SBVT;SBSP;652,00;5
2003;4;VRG;SBRJ;SBVT;143,00;525
2003;4;VRG;SBGR;SBFL;425,00;89
2003;4;VRG;SBSP;SBNF;457,00;9
2003;4;VRG;SBBR;SBBH;301,00;17
2003;4;VRG;SBPA;SBBR;734,00;156
2003;4;VRG;SBSP;SBBR;493,00;747
2003;4;VRG;SBVT;SBRJ;523,00;500
2003;4;VRG;SBGO;SBBR;324,00;95
2003;4;VRG;SBBR;SBPA;978,00;53
2003;4;VRG;SBFL;SBGR;728,00;34
2003;4;VRG;SBKP;SBCT;220,00;92
2003;4;VRG;SBBR;SBPA;612,00;75
2003;4;VRG;SBGR;SBSV;518,00;251
2003;4;VRG;SBRF;SBFZ;421,00;190
2003;4;VRG;SBGR;SBSV;460,00;365
2003;4;VRG;SBBR;SBSV;650,00;294
2003;4;VRG;SBSV;SBGR;1151,00;1006
2003;4;VRG;SBSV;SBBR;743,00;25
2003;4;VRG;SBCT;SBGL;661,00;7
2003;4;VRG;SBEG;SBGR;1001,00;459
2003;4;VRG;SBGL;SBBR;436,00;184
2003;4;VRG;SBPA;SBBR;612,00;87
2003;4;VRG;SBSV;SBRF;276,00;85
2003;4;VRG;SBPA;SBGR;817,00;1287
2003;4;VRG;SBEG;SBGR;2002,00;458
2003;4;VRG;SBPA;SBRJ;444,00;1
2003;4;VRG;SBPA;SBBR;550,00;15
2003;4;VRG;SBRJ;SBBH;299,00;506
2003;4;VRG;SBGL;SBCT;330,00;14
2003;4;VRG;SBSP;SBPA;417,00;1955
2003;4;VRG;SBGL;SBPA;494,00;208
2003;4;VRG;SBBH;SBBR;306,00;349
2003;4;VRG;SBGL;SBSV;485,00;231
2003;4;VRG;SBGR;SBSV;955,00;74
2003;4;VRG;SBPA;SBRJ;395,00;7
2003;4;VRG;SBKP;SBBR;605,00;1
2003;4;VRG;SBCT;SBRJ;299,00;19
2003;4;VRG;SBKP;SBBR;865,00;4
2003;4;VRG;SBBR;SBKP;309,00;4
2003;4;VRG;SBBR;SBGO;324,00;111
2003;4;VRG;SBSP;SBFL;364,00;260
2003;4;VRG;SBSV;SBGL;776,00;68
2003;4;VRG;SBBR;SBPA;1101,00;8
2003;4;VRG;SBCT;SBKP;245,00;91
2003;4;VRG;SBRP;SBSP;393,00;1
2003;4;VRG;SBSP;SBGO;785,00;253
2003;4;VRG;SBRJ;SBBR;520,00;397
2003;4;VRG;SBPA;SBBR;978,00;26
2003;4;VRG;SBVT;SBSP;579,00;32
2003;4;VRG;SBFL;SBBR;760,00;25
2003;4;VRG;SBPA;SBRJ;494,00;3
2003;4;VRG;SBFL;SBSP;243,00;226
2003;4;VRG;SBKP;SBBR;433,00;1
2003;4;VRG;SBSV;SBGR;338,00;2814
2003;4;VRG;SBPA;SBSP;662,00;62
2003;4;VRG;SBGL;SBCT;299,00;102
2003;4;VRG;SBBR;SBRJ;772,00;14
2003;4;VRG;SBFL;SBSP;425,00;120
2003;4;VRG;SBGL;SBPA;1184,00;409
2003;4;VRG;SBBR;SBFZ;539,00;87
2003;4;VRG;SBBR;SBGO;227,00;39
2003;4;VRG;SBFL;SBGR;273,00;252
2003;4;VRG;SBPA;SBGR;417,00;1267
2003;4;VRG;SBFZ;SBBR;1077,00;5
2003;4;VRG;SBBH;SBBR;468,00;172
2003;4;VRG;SBVT;SBSP;434,00;349
2003;4;VRG;SBGR;SBPA;817,00;1297
2003;4;VRG;SBSP;SBCT;394,00;24
2003;4;VRG;SBGR;SBBR;574,00;154
2003;4;VRG;SBGR;SBEG;600,00;1565
2003;4;VRG;SBGL;SBCT;278,00;385
2003;4;VRG;SBPA;SBCT;440,00;62
2003;4;VRG;SBFL;SBGR;189,00;775
2003;4;VRG;SBBR;SBBE;1027,00;5
2003;4;VRG;SBGR;SBSV;1151,00;1380
2003;4;VRG;SBRJ;SBFL;565,00;1
2003;4;VRG;SBSP;SBBR;735,00;45
2003;4;VRG;SBGR;SBSV;403,00;776
2003;4;VRG;SBMQ;SBBE;540,00;22
2003;4;VRG;SBBR;SBSP;412,00;253
2003;4;VRG;SBCF;SBGR;493,00;27
2003;4;VRG;SBRJ;SBBR;772,00;18
2003;4;VRG;SBCT;SBKP;233,00;1071
2003;4;VRG;SBRJ;SBSP;199,00;4740
2003;4;VRG;SBKP;SBCT;489,00;172
2003;4;VRG;SBSP;SBNF;286,00;334
2003;4;VRG;SBGL;SBRF;1513,00;300
2003;4;VRG;SBGL;SBCT;367,00;106
2003;4;VRG;SBGL;SBRF;1135,00;18
2003;4;VRG;SBSP;SBNF;571,00;652
2003;4;VRG;SBBR;SBSV;432,00;136
2003;4;VRG;SBCT;SBPA;629,00;500
2003;4;VRG;SBBR;SBGL;604,00;156
2003;4;VRG;SBFL;SBGL;807,00;63
2003;4;VRG;SBGL;SBSV;388,00;288
2003;4;VRG;SBCT;SBSP;297,00;412
2003;4;VRG;SBGL;SBPA;592,00;201
2003;4;VRG;SBSP;SBGO;549,00;117
2003;4;VRG;SBGR;SBSV;840,00;395
2003;4;VRG;SBBR;SBFL;760,00;46
2003;4;VRG;SBGL;SBGR;598,00;51
2003;4;VRG;SBGL;SBPA;987,00;1173
2003;4;VRG;SBRF;SBSV;276,00;63
2003;4;VRG;SBRJ;SBVT;314,00;163
2003;4;VRG;SBRJ;SBCT;330,00;24
2003;4;VRG;SBBH;SBRJ;398,00;34
2003;4;VRG;SBPA;SBRJ;987,00;2
2003;4;VRG;SBRJ;SBBR;338,00;369
2003;4;VRG;SBBR;SBFL;543,00;8
2003;4;VRG;SBPA;SBFL;398,00;14
2003;4;VRG;SBFL;SBGL;363,00;99
2003;4;VRG;SBSP;SBBR;574,00;887
2003;4;VRG;SBRJ;SBKP;529,00;413
2003;4;VRG;SBGO;SBSP;471,00;114
2003;4;VRG;SBVT;SBRJ;366,00;23
2003;4;VRG;SBRF;SBSV;413,00;359
2003;4;VRG;SBRF;SBSV;165,00;1679
2003;4;VRG;SBPA;SBGL;1184,00;387
2003;4;VRG;SBGR;SBCF;609,00;128
2003;4;VRG;SBVT;SBSP;374,00;1087
2003;4;VRG;SBSV;SBBR;465,00;189
2003;4;VRG;SBGO;SBSP;628,00;4
2003;4;VRG;SBBR;SBSV;418,00;70
2003;4;VSP;SBFL;SBGR;523,00;10
2003;4;VSP;SBGR;SBBR;608,00;9
2003;4;VSP;SBKP;SBGL;515,00;7
2003;4;VSP;SBSP;SBGO;299,00;1267
2003;4;VSP;SBGL;SBCT;536,00;2
2003;4;VSP;SBCT;SBBR;847,00;1
2003;4;VSP;SBCT;SBSP;493,00;64
2003;4;VSP;SBGL;SBBR;359,00;30
2003;4;VSP;SBCF;SBBR;653,00;14
2003;4;VSP;SBBR;SBGL;359,00;22
2003;4;VSP;SBRF;SBFZ;252,00;26
2003;4;VSP;SBFZ;SBRF;579,00;7
2003;4;VSP;SBGR;SBCF;355,00;34
2003;4;VSP;SBGR;SBBR;810,00;201
2003;4;VSP;SBBH;SBSP;592,00;60
2003;4;VSP;SBGR;SBCT;296,00;8
2003;4;VSP;SBBR;SBFZ;721,00;25
2003;4;VSP;SBFZ;SBRF;252,00;30
2003;4;VSP;SBFZ;SBRF;681,00;41
2003;4;VSP;SBGR;SBCF;326,00;28
2003;4;VSP;SBFZ;SBBR;721,00;25
2003;4;VSP;SBSP;SBPA;299,00;145
2003;4;VSP;SBBR;SBKP;250,00;21
2003;4;VSP;SBRJ;SBSP;249,00;18508
2003;4;VSP;SBBE;SBMQ;453,00;24
2003;4;VSP;SBBR;SBSV;542,00;120
2003;4;VSP;SBBR;SBPA;676,00;11
2003;4;VSP;SBMQ;SBBE;249,00;73
2003;4;VSP;SBGL;SBGR;317,00;5
2003;4;VSP;SBBR;SBGR;446,00;35
2003;4;VSP;SBMQ;SBBE;294,00;8
2003;4;VSP;SBGR;SBSV;379,00;109
2003;4;VSP;SBGL;SBPA;595,00;2
2003;4;VSP;SBSV;SBGL;734,00;14
2003;4;VSP;SBGR;SBEG;923,00;13
2003;4;VSP;SBPA;SBGL;991,00;41
2003;4;VSP;SBBR;SBGO;165,00;355
2003;4;VSP;SBSV;SBGR;1156,00;366
2003;4;VSP;SBPA;SBGR;821,00;154
2003;4;VSP;SBBE;SBBR;860,00;8
2003;4;VSP;SBPA;SBCT;144,00;85
2003;4;VSP;SBGO;SBSP;592,00;15
2003;4;VSP;SBPA;SBCT;315,00;5
2003;4;VSP;SBGO;SBSP;671,00;1
2003;4;VSP;SBBR;SBSV;452,00;412
2003;4;VSP;SBBE;SBMQ;131,00;24
2003;4;VSP;SBBE;SBMQ;340,00;9
2003;4;VSP;SBFL;SBBR;644,00;8
2003;4;VSP;SBBR;SBSP;446,00;192
2003;4;VSP;SBBR;SBBE;975,00;4
2003;4;VSP;SBGL;SBSV;308,00;2633
2003;4;VSP;SBGR;SBCT;271,00;26
2003;4;VSP;SBBE;SBBR;415,00;24
2003;4;VSP;SBKP;SBBR;621,00;2
2003;4;VSP;SBBH;SBBR;653,00;89
2003;4;VSP;SBBR;SBKP;290,00;12
2003;4;VSP;SBSP;SBCT;419,00;1
2003;4;VSP;SBFL;SBBR;404,00;8
2003;4;VSP;SBGR;SBEG;1091,00;2
2003;4;VSP;SBFL;SBGR;615,00;79
2003;4;VSP;SBGL;SBGR;249,00;663
2003;4;VSP;SBBR;SBGR;405,00;276
2003;4;VSP;SBBR;SBFZ;661,00;42
2003;4;VSP;SBBE;SBBR;574,00;91
2003;4;VSP;SBPA;SBBR;469,00;153
2003;4;VSP;SBBH;SBSP;355,00;22
2003;4;VSP;SBSV;SBRF;506,00;6
2003;4;VSP;SBCT;SBGR;320,00;1
2003;4;VSP;SBPA;SBGL;545,00;7
2003;4;VSP;SBCT;SBBR;648,00;2
2003;4;VSP;SBCF;SBGR;355,00;22
2003;4;VSP;SBBR;SBCT;997,00;18
2003;4;VSP;SBSV;SBGR;379,00;129
2003;4;VSP;SBBR;SBGO;182,00;88
2003;4;VSP;SBSV;SBBR;452,00;394
2003;4;VSP;SBGL;SBPA;329,00;18
2003;4;VSP;SBGO;SBSP;395,00;86
2003;4;VSP;SBBR;SBPA;569,00;5
2003;4;VSP;SBGR;SBEG;500,00;424
2003;4;VSP;SBSP;SBPA;411,00;26
2003;4;VSP;SBFL;SBGR;159,00;625
2003;4;VSP;SBSP;SBGO;789,00;32
2003;4;VSP;SBFZ;SBBR;1021,00;21
2003;4;VSP;SBSV;SBRF;219,00;156
2003;4;VSP;SBPA;SBBR;799,00;4
2003;4;VSP;SBBR;SBSV;904,00;166
2003;4;VSP;SBSP;SBPA;821,00;64
2003;4;VSP;SBBR;SBPA;1229,00;21
2003;4;VSP;SBCF;SBGR;296,00;57
2003;4;VSP;SBPA;SBGL;595,00;8
2003;4;VSP;SBPA;SBSP;493,00;4
2003;4;VSP;SBRF;SBGL;696,00;49
2003;4;VSP;SBSP;SBGO;434,00;64
2003;4;VSP;SBBR;SBGL;703,00;22
2003;4;VSP;SBRF;SBSV;404,00;47
2003;4;VSP;SBSV;SBGL;587,00;170
2003;4;VSP;SBGL;SBRF;760,00;37
2003;4;VSP;SBGR;SBFL;338,00;2
2003;4;VSP;SBSV;SBRF;438,00;4
2003;4;VSP;SBSP;SBBR;319,00;385
2003;4;VSP;SBSP;SBBH;186,00;3909
2003;4;VSP;SBSV;SBGL;489,00;865
2003;4;VSP;SBCF;SBGR;592,00;54
2003;4;VSP;SBEG;SBGR;839,00;16
2003;4;VSP;SBFL;SBGR;338,00;48
2003;4;VSP;SBCF;SBGR;385,00;1
2003;4;VSP;SBGR;SBGL;414,00;12
2003;4;VSP;SBBR;SBFL;537,00;31
2003;4;VSP;SBBH;SBSP;326,00;76
2003;4;VSP;SBRF;SBFZ;409,00;59
2003;4;VSP;SBSP;SBBR;608,00;30
2003;4;VSP;SBGR;SBCF;296,00;72
2003;4;VSP;SBGR;SBPA;299,00;189
2003;4;VSP;SBBR;SBKP;414,00;4
2003;4;VSP;SBBR;SBGO;215,00;19
2003;4;VSP;SBGR;SBPA;616,00;5
2003;4;VSP;SBSV;SBRF;337,00;163
2003;4;VSP;SBGR;SBPA;821,00;159
2003;4;VSP;SBGR;SBFL;308,00;8
2003;4;VSP;SBKP;SBBR;290,00;15
2003;4;VSP;SBFL;SBBR;452,00;3
2003;4;VSP;SBSP;SBCT;493,00;72
2003;4;VSP;SBSV;SBBR;678,00;51
2003;4;VSP;SBPA;SBGR;359,00;27
2003;4;VSP;SBBR;SBBE;415,00;23
2003;4;VSP;SBBR;SBFL;644,00;4
2003;4;VSP;SBBR;SBBH;555,00;7
2003;4;VSP;SBGL;SBSV;538,00;251
2003;4;VSP;SBMQ;SBBE;272,00;24
2003;4;VSP;SBGR;SBCF;385,00;3
2003;4;VSP;SBRF;SBGL;950,00;7
2003;4;VSP;SBSP;SBCT;320,00;8
2003;4;VSP;SBBR;SBFL;805,00;2
2003;4;VSP;SBBR;SBCF;359,00;19
2003;4;VSP;SBSV;SBRF;573,00;12
2003;4;VSP;SBGR;SBSV;867,00;51
2003;4;VSP;SBRF;SBGL;760,00;53
2003;4;VSP;SBFZ;SBBR;569,00;796
2003;4;VSP;SBSV;SBGR;296,00;3966
2003;4;VSP;SBBH;SBSP;186,00;3279
2003;4;VSP;SBSP;SBBH;503,00;1
2003;4;VSP;SBSV;SBGL;978,00;241
2003;4;VSP;SBRF;SBGL;1266,00;114
2003;4;VSP;SBRF;SBGL;556,00;1701
2003;4;VSP;SBFL;SBGR;369,00;16
2003;4;VSP;SBFL;SBBR;1073,00;20
2003;4;VSP;SBPA;SBGR;698,00;13
2003;4;VSP;SBBR;SBFZ;569,00;687
2003;4;VSP;SBFZ;SBRF;375,00;83
2003;4;VSP;SBGR;SBPA;266,00;1478
2003;4;VSP;SBBR;SBBH;260,00;1423
2003;4;VSP;SBFL;SBBR;537,00;26
2003;4;VSP;SBBR;SBCT;548,00;38
2003;4;VSP;SBGO;SBSP;473,00;18
2003;4;VSP;SBBR;SBSP;369,00;114
2003;4;VSP;SBGR;SBGL;292,00;26
2003;4;VSP;SBGL;SBRF;950,00;19
2003;4;VSP;SBBR;SBSP;486,00;158
2003;4;VSP;SBBR;SBFZ;1021,00;12
2003;4;VSP;SBPA;SBGL;279,00;1048
2003;4;VSP;SBGL;SBPA;496,00;65
2003;4;VSP;SBBR;SBSP;214,00;2262
2003;4;VSP;SBCF;SBBR;260,00;119
2003;4;VSP;SBRF;SBSV;438,00;35
2003;4;VSP;SBSP;SBGO;339,00;52
2003;4;VSP;SBBR;SBGL;260,00;1098
2003;4;VSP;SBBR;SBCT;499,00;71
2003;4;VSP;SBRF;SBSV;184,00;479
2003;4;VSP;SBGL;SBSV;734,00;63
2003;4;VSP;SBGO;SBBR;248,00;7
2003;4;VSP;SBCF;SBBR;327,00;9
2003;4;VSP;SBBR;SBBE;574,00;95
2003;4;VSP;SBGL;SBBR;414,00;200
2003;4;VSP;SBGO;SBBR;281,00;1
2003;4;VSP;SBBH;SBBR;359,00;119
2003;4;VSP;SBGL;SBRF;1266,00;108
2003;4;VSP;SBBH;SBBR;392,00;35
2003;4;VSP;SBBR;SBSP;527,00;45
2003;4;VSP;SBPA;SBBR;519,00;42
2003;4;VSP;SBRF;SBFZ;443,00;29
2003;4;VSP;SBGR;SBEG;1259,00;2
2003;4;VSP;SBSP;SBCT;296,00;3
2003;4;VSP;SBRF;SBSV;674,00;78
2003;4;VSP;SBPA;SBBR;1229,00;27
2003;4;VSP;SBGL;SBSV;978,00;222
2003;4;VSP;SBGR;SBCF;444,00;1
2003;4;VSP;SBGL;SBRF;556,00;1568
2003;4;VSP;SBFL;SBGR;189,00;43
2003;4;VSP;SBBR;SBKP;621,00;1
2003;4;VSP;SBGR;SBSV;983,00;26
2003;4;VSP;SBBR;SBBE;330,00;1697
2003;4;VSP;SBSP;SBGO;671,00;12
2003;4;VSP;SBPA;SBSP;411,00;38
2003;4;VSP;SBPA;SBBR;1045,00;3
2003;4;VSP;SBBR;SBCF;424,00;2
2003;4;VSP;SBGL;SBBR;299,00;149
2003;4;VSP;SBGO;SBSP;789,00;36
2003;4;VSP;SBSV;SBBR;542,00;94
2003;4;VSP;SBPA;SBGL;329,00;12
2003;4;VSP;SBSP;SBPA;616,00;1
2003;4;VSP;SBFL;SBBR;590,00;13
2003;4;VSP;SBSP;SBPA;266,00;678
2003;4;VSP;SBBR;SBBH;653,00;106
2003;4;VSP;SBBE;SBBR;688,00;26
2003;4;VSP;SBRF;SBGL;633,00;372
2003;4;VSP;SBBH;SBBR;490,00;24
2003;4;VSP;SBSV;SBBR;497,00;164
2003;4;VSP;SBBR;SBBE;631,00;33
2003;4;VSP;SBFL;SBBR;360,00;95
2003;4;VSP;SBRF;SBSV;371,00;100
2003;4;VSP;SBBR;SBGL;496,00;45
2003;4;VSP;SBSV;SBBR;768,00;38
2003;4;VSP;SBBR;SBFL;1073,00;15
2003;4;VSP;SBGR;SBSV;578,00;269
2003;4;VSP;SBGL;SBPA;644,00;4
2003;4;VSP;SBGR;SBCT;419,00;1
2003;4;VSP;SBBR;SBGR;689,00;15
2003;4;VSP;SBGL;SBPA;991,00;29
2003;4;VSP;SBCT;SBGL;393,00;27
2003;4;VSP;SBGL;SBCT;428,00;24
2003;4;VSP;SBBR;SBBE;746,00;4
2003;4;VSP;SBBH;SBSP;237,00;273
2003;4;VSP;SBSP;SBGO;592,00;10
2003;4;VSP;SBGR;SBCF;592,00;31
2003;4;VSP;SBBH;SBSP;385,00;5
2003;4;VSP;SBMQ;SBBE;131,00;87
2003;4;VSP;SBKP;SBBR;828,00;2
2003;4;VSP;SBCF;SBBR;424,00;1
2003;4;VSP;SBCT;SBPA;199,00;14
2003;4;VSP;SBSV;SBGR;694,00;112
2003;4;VSP;SBGR;SBSV;1156,00;328
2003;4;VSP;SBGO;SBSP;434,00;81
2003;4;VSP;SBBR;SBGL;538,00;6
2003;4;VSP;SBBR;SBGL;827,00;181
2003;4;VSP;SBGR;SBFL;615,00;22
2003;4;VSP;SBFZ;SBRF;409,00;54
2003;4;VSP;SBPA;SBSP;299,00;189
2003;4;VSP;SBCT;SBBR;748,00;5
2003;4;VSP;SBBR;SBFL;697,00;1
2003;4;VSP;SBSV;SBRF;144,00;2442
2003;4;VSP;SBGL;SBKP;279,00;83
2003;4;VSP;SBGL;SBCT;393,00;15
2003;4;VSP;SBBE;SBBR;1147,00;78
2003;4;VSP;SBBR;SBSV;588,00;70
2003;4;VSP;SBCT;SBBR;598,00;23
2003;4;VSP;SBSP;SBBH;296,00;44
2003;4;VSP;SBGL;SBCT;607,00;2
2003;4;VSP;SBGL;SBGR;365,00;4
2003;4;VSP;SBBH;SBBR;260,00;1426
2003;4;VSP;SBBE;SBBR;330,00;1781
2003;4;VSP;SBSV;SBRF;674,00;94
2003;4;VSP;SBGR;SBSV;694,00;64
2003;4;VSP;SBRF;SBFZ;341,00;267
2003;4;VSP;SBCT;SBBR;449,00;4
2003;4;VSP;SBPA;SBCT;378,00;2
2003;4;VSP;SBGR;SBGL;249,00;894
2003;4;VSP;SBEG;SBGR;500,00;541
2003;4;VSP;SBBR;SBCF;392,00;8
2003;4;VSP;SBBR;SBFL;590,00;18
2003;4;VSP;SBBR;SBGR;319,00;156
2003;4;VSP;SBBR;SBCT;648,00;13
2003;4;VSP;SBBH;SBBR;555,00;3
2003;4;VSP;SBSV;SBGR;751,00;46
2003;4;VSP;SBRF;SBFZ;375,00;67
2003;4;VSP;SBBR;SBGO;198,00;43
2003;4;VSP;SBGO;SBBR;198,00;35
2003;4;VSP;SBGL;SBBR;703,00;14
2003;4;VSP;SBSV;SBRF;184,00;471
2003;4;VSP;SBSV;SBBR;588,00;31
2003;4;VSP;SBGR;SBCF;237,00;136
2003;4;VSP;SBBR;SBFL;360,00;88
2003;4;VSP;SBBR;SBGO;139,00;2555
2003;4;VSP;SBGR;SBBR;405,00;221
2003;4;VSP;SBSV;SBGR;867,00;34
2003;4;VSP;SBSP;SBBR;405,00;488
2003;4;VSP;SBGL;SBSV;359,00;110
2003;4;VSP;SBBR;SBSP;405,00;528
2003;4;VSP;SBSP;SBBH;326,00;28
2003;4;VSP;SBPA;SBSP;534,00;8
2003;4;VSP;SBCF;SBGR;444,00;3
2003;4;VSP;SBGR;SBCF;186,00;374
2003;4;VSP;SBGL;SBSV;636,00;43
2003;4;VSP;SBCF;SBGR;503,00;13
2003;4;VSP;SBPA;SBSP;266,00;754
2003;4;VSP;SBCF;SBGR;237,00;115
2003;4;VSP;SBBR;SBGR;486,00;80
2003;4;VSP;SBMQ;SBBE;340,00;11
2003;4;VSP;SBBR;SBPA;799,00;7
2003;4;VSP;SBFL;SBGR;461,00;1
2003;4;VSP;SBGR;SBSV;636,00;123
2003;4;VSP;SBCF;SBBR;289,00;11
2003;4;VSP;SBRF;SBSV;219,00;124
2003;4;VSP;SBGR;SBBR;214,00;1014
2003;4;VSP;SBFZ;SBBR;661,00;79
2003;4;VSP;SBPA;SBCT;630,00;3
2003;4;VSP;SBGL;SBBR;538,00;23
2003;4;VSP;SBGL;SBCT;714,00;68
2003;4;VSP;SBGL;SBPA;545,00;17
2003;4;VSP;SBBR;SBGR;214,00;997
2003;4;VSP;SBCT;SBBR;499,00;46
2003;4;VSP;SBSV;SBBR;379,00;1191
2003;4;VSP;SBPA;SBGR;411,00;249
2003;4;VSP;SBBR;SBSV;678,00;43
2003;4;VSP;SBBR;SBGO;330,00;100
2003;4;VSP;SBBE;SBBR;975,00;2
2003;4;VSP;SBCF;SBGR;186,00;561
2003;4;VSP;SBSV;SBGL;831,00;4
2003;4;VSP;SBPA;SBBR;676,00;8
2003;4;VSP;SBMQ;SBBE;453,00;62
2003;4;VSP;SBBR;SBBH;424,00;18
2003;4;VSP;SBFL;SBBR;805,00;1
2003;4;VSP;SBGO;SBBR;139,00;2245
2003;4;VSP;SBSP;SBBH;237,00;289
2003;4;VSP;SBSP;SBBH;355,00;8
2003;4;VSP;SBBR;SBBH;327,00;439
2003;4;VSP;SBBR;SBPA;469,00;160
2003;4;VSP;SBRF;SBSV;573,00;9
2003;4;VSP;SBRF;SBSV;506,00;18
2003;4;VSP;SBRF;SBGL;1076,00;14
2003;4;VSP;SBCT;SBGL;357,00;129
2003;4;VSP;SBEG;SBGR;1678,00;56
2003;4;VSP;SBCF;SBBR;359,00;11
2003;4;VSP;SBCT;SBGL;714,00;43
2003;4;VSP;SBCT;SBGR;237,00;1041
2003;4;VSP;SBGR;SBSV;751,00;45
2003;4;VSP;SBGR;SBGL;317,00;10
2003;4;VSP;SBBR;SBPA;1045,00;5
2003;4;VSP;SBPA;SBSP;698,00;11
2003;4;VSP;SBBR;SBBE;688,00;24
2003;4;VSP;SBGL;SBGR;268,00;40
2003;4;VSP;SBSV;SBGL;308,00;2732
2003;4;VSP;SBSP;SBCT;237,00;746
2003;4;VSP;SBBR;SBSV;768,00;30
2003;4;VSP;SBGO;SBBR;330,00;101
2003;4;VSP;SBSP;SBCT;271,00;45
2003;4;VSP;SBBR;SBCT;598,00;30
2003;4;VSP;SBGL;SBSV;587,00;128
2003;4;VSP;SBBE;SBMQ;103,00;1572
2003;4;VSP;SBGR;SBCT;320,00;6
2003;4;VSP;SBBH;SBBR;327,00;481
2003;4;VSP;SBBR;SBGO;281,00;7
2003;4;VSP;SBCT;SBSP;271,00;5
2003;4;VSP;SBRF;SBFZ;681,00;57
2003;4;VSP;SBSV;SBGL;538,00;241
2003;4;VSP;SBBR;SBSV;379,00;1111
2003;4;VSP;SBRF;SBFZ;169,00;1686
2003;4;VSP;SBCT;SBBR;352,00;121
2003;4;VSP;SBSP;SBBH;592,00;156
2003;4;VSP;SBPA;SBSP;821,00;60
2003;4;VSP;SBRF;SBSV;337,00;124
2003;4;VSP;SBBE;SBBR;631,00;33
2003;4;VSP;SBBE;SBBR;746,00;9
2003;4;VSP;SBRF;SBFZ;511,00;4
2003;4;VSP;SBBH;SBBR;424,00;24
2003;4;VSP;SBSP;SBBR;486,00;150
2003;4;VSP;SBGR;SBBR;689,00;1
2003;4;VSP;SBSV;SBRF;371,00;54
2003;4;VSP;SBGR;SBSV;296,00;3440
2003;4;VSP;SBCT;SBGR;271,00;20
2003;4;VSP;SBBR;SBPA;615,00;65
2003;4;VSP;SBBR;SBSP;608,00;19
2003;4;VSP;SBBR;SBCF;327,00;105
2003;4;VSP;SBSP;SBGO;513,00;13
2003;4;VSP;SBGR;SBBR;446,00;89
2003;4;VSP;SBGL;SBBR;260,00;1211
2003;4;VSP;SBCT;SBGL;299,00;16
2003;4;VSP;SBBR;SBGR;369,00;19
2003;4;VSP;SBBR;SBCT;449,00;6
2003;4;VSP;SBCT;SBSP;237,00;608
2003;4;VSP;SBCT;SBGL;237,00;617
2003;4;VSP;SBGL;SBRF;823,00;30
2003;4;VSP;SBSV;SBGL;359,00;139
2003;4;VSP;SBSP;SBRJ;249,00;18285
2003;4;VSP;SBCT;SBBR;997,00;10
2003;4;VSP;SBGR;SBBR;369,00;34
2003;4;VSP;SBSV;SBGR;636,00;119
2003;4;VSP;SBFZ;SBRF;443,00;53
2003;4;VSP;SBGL;SBGR;487,00;188
2003;4;VSP;SBFZ;SBBR;901,00;25
2003;4;VSP;SBPA;SBBR;569,00;8
2003;4;VSP;SBCT;SBGR;493,00;86
2003;4;VSP;SBBR;SBBH;359,00;127
2003;4;VSP;SBBR;SBCF;260,00;254
2003;4;VSP;SBBR;SBSV;409,00;52
2003;4;VSP;SBBR;SBBH;392,00;45
2003;4;VSP;SBEG;SBGR;923,00;12
2003;4;VSP;SBSV;SBGL;636,00;50
2003;4;VSP;SBPA;SBBR;737,00;5
2003;4;VSP;SBFZ;SBBR;601,00;283
2003;4;VSP;SBBR;SBCF;490,00;2
2003;4;VSP;SBGL;SBRF;696,00;57
2003;4;VSP;SBGL;SBPA;279,00;1015
2003;4;VSP;SBBR;SBGL;455,00;30
2003;4;VSP;SBGL;SBBR;455,00;49
2003;4;VSP;SBRF;SBGL;823,00;27
2003;4;VSP;SBGL;SBBR;827,00;192
2003;4;VSP;SBSP;SBGO;473,00;21
2003;4;VSP;SBSP;SBBR;527,00;66
2003;4;VSP;SBBR;SBFZ;601,00;242
2003;4;VSP;SBCT;SBGL;536,00;8
2003;4;VSP;SBGR;SBGL;365,00;1
2003;4;VSP;SBBR;SBGR;608,00;2
2003;4;VSP;SBBR;SBGO;248,00;7
2003;4;VSP;SBBR;SBCF;289,00;5
2003;4;VSP;SBGR;SBEG;1007,00;10
2003;4;VSP;SBBR;SBPA;519,00;30
2003;4;VSP;SBPA;SBSP;359,00;32
2003;4;VSP;SBBR;SBSP;319,00;473
2003;4;VSP;SBSP;SBBR;810,00;464
2003;4;VSP;SBBE;SBMQ;249,00;55
2003;4;VSP;SBFZ;SBBR;1201,00;91
2003;4;VSP;SBGR;SBBR;486,00;71
2003;4;VSP;SBGR;SBPA;534,00;7
2003;4;VSP;SBGR;SBPA;452,00;53
2003;4;VSP;SBPA;SBGR;534,00;5
2003;4;VSP;SBMQ;SBBE;103,00;1300
2003;4;VSP;SBBR;SBGL;414,00;141
2003;4;VSP;SBRF;SBFZ;579,00;1
2003;4;VSP;SBGL;SBCT;464,00;4
2003;4;VSP;SBCT;SBBR;548,00;10
2003;4;VSP;SBBR;SBFL;404,00;4
2003;4;VSP;SBCT;SBBR;399,00;7
2003;4;VSP;SBBR;SBBH;490,00;6
2003;4;VSP;SBGL;SBSV;831,00;6
2003;4;VSP;SBPA;SBGR;493,00;16
2003;4;VSP;SBGR;SBBR;319,00;117
2003;4;VSP;SBGL;SBRF;633,00;351
2003;4;VSP;SBBR;SBSP;810,00;503
2003;4;VSP;SBBR;SBBH;289,00;64
2003;4;VSP;SBSP;SBPA;493,00;2
2003;4;VSP;SBFZ;SBRF;169,00;1665
2003;4;VSP;SBSP;SBPA;698,00;13
2003;4;VSP;SBGR;SBEG;1678,00;41
2003;4;VSP;SBCT;SBPA;144,00;115
2003;4;VSP;SBFL;SBGR;308,00;73
2003;4;VSP;SBPA;SBGL;496,00;99
2003;4;VSP;SBMQ;SBBE;227,00;68
2003;4;VSP;SBGR;SBPA;359,00;81
2003;4;VSP;SBSP;SBPA;452,00;18
2003;4;VSP;SBGR;SBFL;219,00;1
2003;4;VSP;SBPA;SBSP;452,00;15
2003;4;VSP;SBFL;SBBR;912,00;1
2003;4;VSP;SBCF;SBGR;326,00;16
2003;4;VSP;SBBH;SBSP;444,00;1
2003;4;VSP;SBPA;SBGR;266,00;1478
2003;4;VSP;SBGR;SBBR;527,00;15
2003;4;VSP;SBGR;SBFL;159,00;119
2003;4;VSP;SBCT;SBPA;630,00;5
2003;4;VSP;SBBH;SBSP;296,00;84
2003;4;VSP;SBSV;SBRF;404,00;25
2003;4;VSP;SBBR;SBCT;352,00;191
2003;4;VSP;SBCT;SBSP;296,00;3
2003;4;VSP;SBBR;SBFZ;1201,00;86
2003;4;VSP;SBGL;SBCT;357,00;98
2003;4;VSP;SBFZ;SBRF;341,00;225
2003;4;VSP;SBGR;SBCT;493,00;72
2003;4;VSP;SBBE;SBMQ;272,00;30
2003;4;VSP;SBCT;SBSP;320,00;1
2003;4;VSP;SBSV;SBGR;983,00;54
2003;4;VSP;SBGL;SBCT;299,00;11
2003;4;VSP;SBBH;SBBR;289,00;52
2003;4;VSP;SBPA;SBBR;615,00;43
2003;4;VSP;SBGR;SBGL;487,00;225
2003;4;VSP;SBSV;SBBR;904,00;184
2003;4;VSP;SBKP;SBBR;414,00;2
2003;4;VSP;SBBR;SBPA;922,00;5
2003;4;VSP;SBSV;SBBR;409,00;82
2003;4;VSP;SBBR;SBFZ;901,00;15
2003;4;VSP;SBSP;SBGO;395,00;96
2003;4;VSP;SBBR;SBBE;860,00;5
2003;4;VSP;SBGL;SBBR;620,00;14
2003;4;VSP;SBBR;SBBE;1147,00;94
2003;4;VSP;SBFZ;SBRF;511,00;1
2003;4;VSP;SBGO;SBBR;165,00;362
2003;4;VSP;SBKP;SBBR;250,00;35
2003;4;VSP;SBGR;SBCT;237,00;959
2003;4;VSP;SBEG;SBGR;599,00;5
2003;4;VSP;SBFZ;SBRF;199,00;191
2003;4;VSP;SBFL;SBBR;697,00;3
2003;4;VSP;SBPA;SBGR;452,00;32
2003;4;VSP;SBPA;SBGR;616,00;11
2003;4;VSP;SBGL;SBRF;1076,00;3
2003;4;VSP;SBBR;SBGR;810,00;190
2003;4;VSP;SBGO;SBSP;299,00;1300
2003;4;VSP;SBFL;SBGR;400,00;12
2003;4;VSP;SBPA;SBGR;299,00;151
2003;4;VSP;SBKP;SBGL;279,00;170
2003;4;VSP;SBGO;SBBR;182,00;102
2003;4;VSP;SBPA;SBCT;199,00;4
2003;4;VSP;SBBR;SBGL;299,00;94
2003;4;VSP;SBPA;SBBR;922,00;6
2003;4;VSP;SBGO;SBSP;513,00;2
2003;4;VSP;SBGL;SBCT;237,00;732
2003;4;VSP;SBBE;SBMQ;294,00;4
2003;4;VSP;SBGO;SBBR;215,00;17
2003;4;VSP;SBSP;SBPA;359,00;23
2003;4;VSP;SBBE;SBMQ;227,00;61
2003;4;VSP;SBBR;SBFL;452,00;2
2003;4;VSP;SBSP;SBBR;214,00;2093
2003;4;VSP;SBGL;SBKP;515,00;3
2003;4;VSP;SBBR;SBSP;689,00;12
2003;4;VSP;SBBR;SBCT;399,00;23
2003;4;VSP;SBSP;SBBR;369,00;82
2003;4;VSP;SBBR;SBPA;737,00;19
2003;4;VSP;SBSP;SBBR;446,00;150
2003;4;VSP;SBSP;SBBR;689,00;15
2003;4;VSP;SBGR;SBPA;411,00;152
2003;4;VSP;SBRF;SBFZ;199,00;278
2003;4;VSP;SBGR;SBEG;839,00;20
2003;4;VSP;SBGO;SBSP;339,00;66
2003;4;VSP;SBFL;SBGR;219,00;20
2003;4;VSP;SBGR;SBEG;599,00;11
2003;4;VSP;SBGR;SBGL;268,00;33
2003;4;VSP;SBRF;SBSV;144,00;2566
2003;4;VSP;SBGL;SBSV;489,00;887
2003;4;VSP;SBFZ;SBBR;781,00;28
2003;4;VSP;SBBR;SBSV;497,00;131
2003;4;VSP;SBBR;SBKP;828,00;1
2003;4;VSP;SBCT;SBPA;315,00;7
2003;4;VSP;SBSV;SBGR;578,00;293
2003;4;VSP;SBGL;SBBR;496,00;69
2003;4;VSP;SBBR;SBGR;527,00;21
2003;4;VSP;SBSP;SBBH;385,00;1
2003;4;VSP;SBBR;SBCF;653,00;22
2003;4;VSP;SBCT;SBGR;296,00;16
2003;4;VSP;SBBR;SBFZ;781,00;21
2003;4;VSP;SBCT;SBGL;428,00;26
2003;4;VSP;SBGL;SBGR;292,00;26
