ANO;MES;EMPRESA;ORIGEM;DESTINO;TARIFA;ASSENTOS
2003;9;GLO;SBKP;SBBR;430,43;5
2003;9;GLO;SBSP;SBPA;540,00;1
2003;9;GLO;SBKP;SBRJ;414,00;1
2003;9;GLO;SBBR;SBGO;170,00;3
2003;9;GLO;SBSP;SBPA;571,00;2
2003;9;GLO;SBSP;SBGL;185,94;60
2003;9;GLO;SBRJ;SBBH;178,26;552
2003;9;GLO;SBSP;SBVT;191,70;20
2003;9;GLO;SBRJ;SBPA;224,03;160
2003;9;GLO;SBNF;SBSP;387,00;2
2003;9;GLO;SBKP;SBBH;153,17;12
2003;9;GLO;SBSV;SBBR;447,05;23
2003;9;GLO;SBVT;SBSP;452,00;1
2003;9;GLO;SBCT;SBBH;124,96;834
2003;9;GLO;SBBH;SBKP;169,46;13
2003;9;GLO;SBPA;SBSP;615,00;1
2003;9;GLO;SBFZ;SBBR;632,88;40
2003;9;GLO;SBCT;SBBR;281,91;1125
2003;9;GLO;SBRJ;SBKP;341,00;1
2003;9;GLO;SBPA;SBGL;299,41;1053
2003;9;GLO;SBSP;SBBH;253,00;19
2003;9;GLO;SBBE;SBMQ;662,50;1
2003;9;GLO;SBSP;SBBR;431,30;67
2003;9;GLO;SBPA;SBSP;388,67;481
2003;9;GLO;SBBR;SBKP;162,00;2
2003;9;GLO;SBSP;SBGO;150,00;2
2003;9;GLO;SBSV;SBGL;416,91;238
2003;9;GLO;SBGO;SBSP;150,00;1
2003;9;GLO;SBSP;SBGO;370,00;4
2003;9;GLO;SBBE;SBBR;385,27;432
2003;9;GLO;SBBE;SBBR;310,14;14
2003;9;GLO;SBRJ;SBCT;224,00;3
2003;9;GLO;SBGL;SBSP;131,71;31
2003;9;GLO;SBBR;SBBH;243,15;2384
2003;9;GLO;SBSP;SBGO;360,96;34
2003;9;GLO;SBGL;SBSV;608,00;2
2003;9;GLO;SBBH;SBSP;391,00;7
2003;9;GLO;SBBH;SBBR;424,00;1
2003;9;GLO;SBRJ;SBVT;125,92;13
2003;9;GLO;SBBH;SBSP;345,00;3
2003;9;GLO;SBVT;SBRJ;138,00;1
2003;9;GLO;SBRJ;SBSP;194,56;9
2003;9;GLO;SBKP;SBRJ;388,00;3
2003;9;GLO;SBFL;SBSP;100,00;5
2003;9;GLO;SBGL;SBFL;222,33;18
2003;9;GLO;SBGL;SBPA;654,00;1
2003;9;GLO;SBBR;SBBE;462,07;2
2003;9;GLO;SBSP;SBBH;345,00;1
2003;9;GLO;SBGL;SBSV;376,00;489
2003;9;GLO;SBGL;SBFL;422,00;3
2003;9;GLO;SBSP;SBFL;173,63;115
2003;9;GLO;SBGO;SBSP;350,70;1287
2003;9;GLO;SBBR;SBGL;375,74;62
2003;9;GLO;SBCT;SBSP;100,00;10
2003;9;GLO;SBRF;SBSV;134,36;106
2003;9;GLO;SBBR;SBBH;266,00;45
2003;9;GLO;SBFL;SBRJ;194,47;152
2003;9;GLO;SBKP;SBRJ;264,13;31
2003;9;GLO;SBBH;SBSP;402,00;2
2003;9;GLO;SBGL;SBCT;242,70;109
2003;9;GLO;SBBR;SBBE;325,00;13
2003;9;GLO;SBKP;SBPA;215,64;896
2003;9;GLO;SBRJ;SBBR;558,00;1
2003;9;GLO;SBRJ;SBBR;190,36;121
2003;9;GLO;SBNF;SBSP;189,76;1714
2003;9;GLO;SBPA;SBFL;99,09;1369
2003;9;GLO;SBPA;SBKP;200,81;907
2003;9;GLO;SBGL;SBCT;247,20;5
2003;9;GLO;SBSP;SBVT;151,30;3364
2003;9;GLO;SBBH;SBCT;122,27;172
2003;9;GLO;SBCT;SBGL;378,00;1
2003;9;GLO;SBFL;SBBR;217,00;80
2003;9;GLO;SBGL;SBRF;543,12;151
2003;9;GLO;SBPA;SBGL;235,00;20
2003;9;GLO;SBBR;SBSP;477,86;69
2003;9;GLO;SBFL;SBRJ;211,00;24
2003;9;GLO;SBCT;SBPA;340,95;34
2003;9;GLO;SBFL;SBGL;340,76;213
2003;9;GLO;SBPA;SBCT;288,00;1
2003;9;GLO;SBBH;SBSP;380,83;6
2003;9;GLO;SBKP;SBBH;155,30;40
2003;9;GLO;SBKP;SBPA;195,21;113
2003;9;GLO;SBFZ;SBBR;620,19;905
2003;9;GLO;SBNF;SBSP;208,68;831
2003;9;GLO;SBVT;SBSP;168,69;3215
2003;9;GLO;SBNF;SBSP;206,00;68
2003;9;GLO;SBKP;SBPA;272,23;5
2003;9;GLO;SBBR;SBBE;491,60;18
2003;9;GLO;SBBH;SBBR;326,00;38
2003;9;GLO;SBRJ;SBCT;255,88;24
2003;9;GLO;SBSP;SBBR;400,06;262
2003;9;GLO;SBSV;SBRF;442,00;1
2003;9;GLO;SBRJ;SBCT;188,89;275
2003;9;GLO;SBBR;SBPA;512,00;145
2003;9;GLO;SBBR;SBBH;150,00;2
2003;9;GLO;SBBR;SBSP;332,28;3431
2003;9;GLO;SBBR;SBGO;158,00;1
2003;9;GLO;SBCT;SBGL;300,83;23
2003;9;GLO;SBGO;SBSP;235,94;31
2003;9;GLO;SBCT;SBSP;356,33;3
2003;9;GLO;SBKP;SBCT;191,00;8
2003;9;GLO;SBPA;SBRJ;222,05;154
2003;9;GLO;SBSP;SBNF;189,69;1676
2003;9;GLO;SBBR;SBCT;560,61;17
2003;9;GLO;SBKP;SBRJ;285,87;270
2003;9;GLO;SBKP;SBCT;73,85;27
2003;9;GLO;SBFL;SBBR;237,70;62
2003;9;GLO;SBPA;SBKP;263,36;25
2003;9;GLO;SBGL;SBFL;253,70;86
2003;9;GLO;SBPA;SBRJ;257,25;16
2003;9;GLO;SBBR;SBCT;428,57;14
2003;9;GLO;SBBR;SBRJ;428,08;41
2003;9;GLO;SBSP;SBPA;368,00;35
2003;9;GLO;SBBR;SBSP;150,00;1
2003;9;GLO;SBCT;SBGL;373,00;1
2003;9;GLO;SBSV;SBBR;364,00;150
2003;9;GLO;SBBH;SBSP;279,00;3
2003;9;GLO;SBRJ;SBPA;239,06;52
2003;9;GLO;SBGO;SBSP;350,12;42
2003;9;GLO;SBBR;SBSV;473,28;10
2003;9;GLO;SBSP;SBVT;185,17;580
2003;9;GLO;SBSP;SBNF;357,16;8
2003;9;GLO;SBRJ;SBBR;334,40;4137
2003;9;GLO;SBRF;SBFZ;193,80;2665
2003;9;GLO;SBGL;SBPA;384,21;82
2003;9;GLO;SBPA;SBSP;244,62;184
2003;9;GLO;SBBR;SBBH;296,25;68
2003;9;GLO;SBRJ;SBBR;380,00;23
2003;9;GLO;SBSP;SBBH;279,00;1
2003;9;GLO;SBKP;SBBR;220,29;307
2003;9;GLO;SBSP;SBBH;230,00;124
2003;9;GLO;SBKP;SBCT;240,55;53
2003;9;GLO;SBSP;SBBR;150,00;1
2003;9;GLO;SBBH;SBKP;216,80;5
2003;9;GLO;SBPA;SBFL;89,14;21
2003;9;GLO;SBPA;SBSP;315,15;382
2003;9;GLO;SBGL;SBSP;189,70;51
2003;9;GLO;SBSV;SBGL;254,25;77
2003;9;GLO;SBBR;SBKP;156,11;47
2003;9;GLO;SBPA;SBKP;250,53;145
2003;9;GLO;SBCT;SBBH;112,97;1270
2003;9;GLO;SBKP;SBRJ;350,00;1
2003;9;GLO;SBSP;SBFL;100,00;5
2003;9;GLO;SBGL;SBSP;268,00;3
2003;9;GLO;SBSV;SBRF;389,00;1
2003;9;GLO;SBSP;SBGO;404,24;48
2003;9;GLO;SBGL;SBCT;500,00;1
2003;9;GLO;SBGL;SBCT;486,00;1
2003;9;GLO;SBSP;SBPA;469,08;198
2003;9;GLO;SBMQ;SBBE;168,32;49
2003;9;GLO;SBSP;SBPS;279,00;9
2003;9;GLO;SBSV;SBGL;250,00;2
2003;9;GLO;SBCT;SBPA;282,75;4
2003;9;GLO;SBPA;SBGL;331,16;1139
2003;9;GLO;SBCT;SBRJ;195,89;81
2003;9;GLO;SBCT;SBRJ;150,00;1
2003;9;GLO;SBPA;SBSP;321,54;6477
2003;9;GLO;SBRJ;SBSP;324,00;4
2003;9;GLO;SBSP;SBFL;223,29;54
2003;9;GLO;SBPS;SBSP;228,42;449
2003;9;GLO;SBCT;SBBH;153,13;26
2003;9;GLO;SBRJ;SBSP;293,00;17
2003;9;GLO;SBRJ;SBPA;312,27;102
2003;9;GLO;SBFL;SBPA;91,00;10
2003;9;GLO;SBCT;SBRJ;163,63;290
2003;9;GLO;SBPA;SBRJ;240,79;61
2003;9;GLO;SBBR;SBBH;299,38;51
2003;9;GLO;SBFL;SBBR;158,89;54
2003;9;GLO;SBKP;SBPA;198,00;192
2003;9;GLO;SBBH;SBRJ;242,77;80
2003;9;GLO;SBBH;SBBR;464,00;5
2003;9;GLO;SBCT;SBKP;185,39;632
2003;9;GLO;SBFZ;SBRF;209,00;2
2003;9;GLO;SBPA;SBGL;571,00;1
2003;9;GLO;SBRF;SBFZ;214,43;162
2003;9;GLO;SBKP;SBCT;185,04;527
2003;9;GLO;SBSP;SBBR;295,28;2100
2003;9;GLO;SBSV;SBGL;451,51;136
2003;9;GLO;SBFL;SBBR;195,50;40
2003;9;GLO;SBSP;SBCT;293,22;178
2003;9;GLO;SBCT;SBSP;241,92;26
2003;9;GLO;SBVT;SBSP;139,89;209
2003;9;GLO;SBCT;SBBR;335,27;11
2003;9;GLO;SBBE;SBBR;412,85;8
2003;9;GLO;SBFZ;SBBR;508,69;26
2003;9;GLO;SBGL;SBSV;506,00;1
2003;9;GLO;SBPS;SBSP;179,84;599
2003;9;GLO;SBPA;SBCT;179,06;534
2003;9;GLO;SBSV;SBGL;376,86;4156
2003;9;GLO;SBBH;SBRJ;330,00;1
2003;9;GLO;SBRJ;SBVT;194,00;1
2003;9;GLO;SBBE;SBMQ;177,59;34
2003;9;GLO;SBBR;SBFZ;632,55;22
2003;9;GLO;SBGL;SBSP;249,00;12
2003;9;GLO;SBBR;SBSV;406,34;1564
2003;9;GLO;SBSP;SBPA;333,28;1310
2003;9;GLO;SBPS;SBSP;150,71;2130
2003;9;GLO;SBGL;SBPA;190,94;504
2003;9;GLO;SBBR;SBBH;271,63;1956
2003;9;GLO;SBSP;SBRJ;175,93;2784
2003;9;GLO;SBBE;SBMQ;145,59;35
2003;9;GLO;SBKP;SBBH;370,00;1
2003;9;GLO;SBFL;SBRJ;192,00;120
2003;9;GLO;SBRJ;SBVT;331,00;6
2003;9;GLO;SBBH;SBSP;417,00;13
2003;9;GLO;SBRJ;SBSP;248,03;12288
2003;9;GLO;SBSP;SBRJ;160,65;613
2003;9;GLO;SBKP;SBBH;117,50;109
2003;9;GLO;SBGL;SBBR;451,37;6
2003;9;GLO;SBSP;SBPS;319,24;92
2003;9;GLO;SBSP;SBVT;218,00;4
2003;9;GLO;SBSP;SBCT;323,00;1
2003;9;GLO;SBSP;SBGL;176,70;390
2003;9;GLO;SBCT;SBKP;139,00;2
2003;9;GLO;SBSV;SBBR;418,00;141
2003;9;GLO;SBSV;SBGL;306,86;445
2003;9;GLO;SBRJ;SBBR;443,33;167
2003;9;GLO;SBBH;SBSP;296,21;182
2003;9;GLO;SBSP;SBVT;128,13;217
2003;9;GLO;SBSP;SBPS;169,20;866
2003;9;GLO;SBVT;SBRJ;173,03;488
2003;9;GLO;SBSP;SBBH;210,65;2440
2003;9;GLO;SBRF;SBGL;797,90;68
2003;9;GLO;SBGL;SBPA;322,21;1163
2003;9;GLO;SBRJ;SBBH;268,28;2
2003;9;GLO;SBVT;SBSP;197,78;272
2003;9;GLO;SBVT;SBRJ;129,49;38
2003;9;GLO;SBSP;SBGL;156,00;148
2003;9;GLO;SBSP;SBBR;376,54;13
2003;9;GLO;SBSP;SBFL;232,56;362
2003;9;GLO;SBGL;SBFL;192,00;20
2003;9;GLO;SBRF;SBSV;302,00;1
2003;9;GLO;SBKP;SBBR;121,36;182
2003;9;GLO;SBRJ;SBCT;161,70;1719
2003;9;GLO;SBFL;SBBR;175,05;798
2003;9;GLO;SBSP;SBFL;206,61;3639
2003;9;GLO;SBGL;SBSV;454,00;55
2003;9;GLO;SBSP;SBPA;358,96;403
2003;9;GLO;SBGL;SBFL;491,00;2
2003;9;GLO;SBGL;SBBR;304,29;531
2003;9;GLO;SBBE;SBMQ;182,65;60
2003;9;GLO;SBRJ;SBKP;232,36;142
2003;9;GLO;SBPA;SBKP;289,67;3
2003;9;GLO;SBFL;SBPA;100,00;2
2003;9;GLO;SBFL;SBGL;491,00;2
2003;9;GLO;SBBR;SBRJ;264,58;76
2003;9;GLO;SBGO;SBSP;378,27;183
2003;9;GLO;SBSP;SBBR;364,80;705
2003;9;GLO;SBFL;SBRJ;179,02;988
2003;9;GLO;SBCT;SBKP;223,74;228
2003;9;GLO;SBSP;SBPA;276,04;3038
2003;9;GLO;SBSP;SBBH;236,20;4026
2003;9;GLO;SBRF;SBSV;277,65;265
2003;9;GLO;SBBR;SBPA;463,69;694
2003;9;GLO;SBRJ;SBBR;150,00;6
2003;9;GLO;SBCT;SBKP;191,00;6
2003;9;GLO;SBFL;SBPA;106,24;41
2003;9;GLO;SBBR;SBKP;120,26;189
2003;9;GLO;SBCT;SBSP;274,56;304
2003;9;GLO;SBCT;SBRJ;209,25;219
2003;9;GLO;SBCT;SBKP;323,00;1
2003;9;GLO;SBRJ;SBFL;211,00;4
2003;9;GLO;SBNF;SBSP;100,00;4
2003;9;GLO;SBPA;SBFL;151,67;130
2003;9;GLO;SBGO;SBBR;143,35;88
2003;9;GLO;SBSP;SBRJ;162,32;2288
2003;9;GLO;SBRJ;SBKP;390,40;5
2003;9;GLO;SBFL;SBSP;335,94;25
2003;9;GLO;SBVT;SBSP;512,00;1
2003;9;GLO;SBPA;SBBR;359,67;707
2003;9;GLO;SBRJ;SBFL;195,50;140
2003;9;GLO;SBSP;SBGO;378,33;165
2003;9;GLO;SBGL;SBFL;151,30;20
2003;9;GLO;SBKP;SBRJ;167,67;3
2003;9;GLO;SBGL;SBSV;667,00;4
2003;9;GLO;SBRF;SBSV;175,07;28
2003;9;GLO;SBBH;SBKP;128,45;532
2003;9;GLO;SBPA;SBRJ;292,83;82
2003;9;GLO;SBRJ;SBBH;141,17;4221
2003;9;GLO;SBGL;SBSV;411,19;267
2003;9;GLO;SBBE;SBMQ;142,82;2628
2003;9;GLO;SBFZ;SBRF;174,00;935
2003;9;GLO;SBFL;SBGL;298,65;63
2003;9;GLO;SBRJ;SBPA;256,00;30
2003;9;GLO;SBBR;SBRJ;344,44;396
2003;9;GLO;SBBR;SBPA;526,23;20
2003;9;GLO;SBBR;SBCT;364,00;20
2003;9;GLO;SBFL;SBGL;308,97;157
2003;9;GLO;SBPS;SBSP;349,02;102
2003;9;GLO;SBKP;SBBR;162,00;1
2003;9;GLO;SBGL;SBBR;284,43;7
2003;9;GLO;SBCT;SBPA;387,00;1
2003;9;GLO;SBCT;SBBH;183,00;70
2003;9;GLO;SBRJ;SBSP;160,24;1263
2003;9;GLO;SBRJ;SBPA;192,23;986
2003;9;GLO;SBBR;SBSV;486,00;39
2003;9;GLO;SBRJ;SBKP;350,00;1
2003;9;GLO;SBPA;SBSP;276,71;2936
2003;9;GLO;SBBH;SBCT;112,63;1128
2003;9;GLO;SBBH;SBKP;210,00;2
2003;9;GLO;SBVT;SBSP;201,50;2
2003;9;GLO;SBBR;SBBE;568,00;4
2003;9;GLO;SBBR;SBGL;303,80;427
2003;9;GLO;SBPA;SBRJ;261,25;203
2003;9;GLO;SBSP;SBPA;406,59;432
2003;9;GLO;SBRJ;SBKP;287,60;398
2003;9;GLO;SBGL;SBPA;355,39;158
2003;9;GLO;SBCT;SBSP;210,42;1059
2003;9;GLO;SBNF;SBSP;231,38;52
2003;9;GLO;SBGL;SBRF;250,00;1
2003;9;GLO;SBRJ;SBKP;262,00;17
2003;9;GLO;SBSP;SBCT;313,50;42
2003;9;GLO;SBSV;SBRF;259,50;14
2003;9;GLO;SBRJ;SBVT;152,50;126
2003;9;GLO;SBBR;SBCT;313,23;1270
2003;9;GLO;SBBR;SBSV;420,85;33
2003;9;GLO;SBBR;SBSV;411,09;121
2003;9;GLO;SBFL;SBBR;193,86;650
2003;9;GLO;SBFL;SBPA;221,00;2
2003;9;GLO;SBGL;SBSP;293,00;1
2003;9;GLO;SBSP;SBBR;332,03;3504
2003;9;GLO;SBVT;SBSP;288,84;43
2003;9;GLO;SBRF;SBSV;287,49;19
2003;9;GLO;SBFL;SBRJ;177,50;266
2003;9;GLO;SBRJ;SBFL;192,00;80
2003;9;GLO;SBBR;SBKP;189,50;2
2003;9;GLO;SBBR;SBSP;302,62;1543
2003;9;GLO;SBRF;SBGL;545,79;197
2003;9;GLO;SBBH;SBCT;124,59;872
2003;9;GLO;SBCT;SBBR;250,00;20
2003;9;GLO;SBKP;SBCT;293,00;28
2003;9;GLO;SBSP;SBBR;391,00;4
2003;9;GLO;SBGL;SBCT;215,00;736
2003;9;GLO;SBPA;SBRJ;175,99;992
2003;9;GLO;SBPA;SBRJ;125,00;2
2003;9;GLO;SBSP;SBRJ;286,00;8
2003;9;GLO;SBFL;SBSP;262,00;24
2003;9;GLO;SBGL;SBSV;261,64;79
2003;9;GLO;SBBR;SBSP;429,44;64
2003;9;GLO;SBPA;SBGL;374,12;292
2003;9;GLO;SBRJ;SBSP;176,08;2110
2003;9;GLO;SBBR;SBBH;356,00;1
2003;9;GLO;SBCT;SBPA;124,50;2
2003;9;GLO;SBCT;SBGL;347,31;23
2003;9;GLO;SBSP;SBPA;150,00;10
2003;9;GLO;SBRJ;SBSP;268,18;5029
2003;9;GLO;SBCT;SBBH;162,00;62
2003;9;GLO;SBFL;SBGL;404,96;14
2003;9;GLO;SBCT;SBBR;254,12;82
2003;9;GLO;SBFZ;SBBR;665,00;10
2003;9;GLO;SBGL;SBSP;312,80;5
2003;9;GLO;SBBH;SBRJ;100,00;10
2003;9;GLO;SBBR;SBPA;296,03;119
2003;9;GLO;SBSP;SBNF;234,25;16
2003;9;GLO;SBFZ;SBRF;131,00;116
2003;9;GLO;SBGL;SBCT;114,50;2
2003;9;GLO;SBRF;SBFZ;449,07;7
2003;9;GLO;SBCT;SBPA;139,50;2847
2003;9;GLO;SBFZ;SBBR;710,00;2
2003;9;GLO;SBSP;SBBH;402,00;1
2003;9;GLO;SBGO;SBSP;410,25;44
2003;9;GLO;SBRF;SBGL;541,83;1116
2003;9;GLO;SBRF;SBSV;267,00;5
2003;9;GLO;SBGL;SBFL;234,72;210
2003;9;GLO;SBGL;SBPA;304,54;1019
2003;9;GLO;SBPA;SBGL;425,00;12
2003;9;GLO;SBCT;SBRJ;227,00;2
2003;9;GLO;SBBH;SBRJ;178,06;647
2003;9;GLO;SBBR;SBBE;385,90;466
2003;9;GLO;SBSP;SBFL;262,00;34
2003;9;GLO;SBSP;SBNF;249,60;10
2003;9;GLO;SBCT;SBKP;205,32;450
2003;9;GLO;SBNF;SBSP;272,58;12
2003;9;GLO;SBRF;SBFZ;209,00;4
2003;9;GLO;SBKP;SBRJ;225,03;130
2003;9;GLO;SBFL;SBSP;179,66;157
2003;9;GLO;SBBH;SBBR;150,00;1
2003;9;GLO;SBSP;SBCT;216,13;2758
2003;9;GLO;SBBE;SBBR;513,00;1
2003;9;GLO;SBSP;SBBH;417,00;6
2003;9;GLO;SBPA;SBGL;198,97;503
2003;9;GLO;SBVT;SBRJ;156,10;1931
2003;9;GLO;SBCT;SBKP;263,49;81
2003;9;GLO;SBGO;SBSP;556,00;5
2003;9;GLO;SBFL;SBPA;98,79;1301
2003;9;GLO;SBCT;SBPA;169,47;3237
2003;9;GLO;SBRF;SBGL;593,17;112
2003;9;GLO;SBCT;SBRJ;539,00;1
2003;9;GLO;SBPA;SBGL;378,04;59
2003;9;GLO;SBSV;SBRF;302,00;1
2003;9;GLO;SBGL;SBCT;311,59;33
2003;9;GLO;SBBH;SBSP;211,20;2129
2003;9;GLO;SBRJ;SBVT;156,93;1905
2003;9;GLO;SBKP;SBCT;204,53;84
2003;9;GLO;SBKP;SBBR;196,71;1008
2003;9;GLO;SBGL;SBSP;215,42;49
2003;9;GLO;SBGL;SBBR;150,00;4
2003;9;GLO;SBGL;SBPA;603,00;1
2003;9;GLO;SBSP;SBCT;255,47;647
2003;9;GLO;SBSV;SBRF;129,00;73
2003;9;GLO;SBSV;SBRF;343,00;2
2003;9;GLO;SBKP;SBCT;263,29;433
2003;9;GLO;SBCT;SBBH;143,46;296
2003;9;GLO;SBSV;SBGL;375,72;546
2003;9;GLO;SBBR;SBCT;308,75;8
2003;9;GLO;SBSP;SBPS;151,75;2262
2003;9;GLO;SBPA;SBSP;369,91;423
2003;9;GLO;SBPA;SBBR;222,02;160
2003;9;GLO;SBGL;SBSV;250,00;6
2003;9;GLO;SBRJ;SBBH;157,56;3022
2003;9;GLO;SBSP;SBFL;289,33;44
2003;9;GLO;SBSP;SBGL;195,50;226
2003;9;GLO;SBBR;SBSV;216,61;658
2003;9;GLO;SBCT;SBKP;202,42;87
2003;9;GLO;SBSP;SBRJ;219,00;1
2003;9;GLO;SBGL;SBCT;294,48;116
2003;9;GLO;SBSP;SBBR;465,85;44
2003;9;GLO;SBVT;SBSP;385,33;3
2003;9;GLO;SBBR;SBKP;195,21;305
2003;9;GLO;SBRF;SBGL;629,55;11
2003;9;GLO;SBGL;SBPA;343,75;310
2003;9;GLO;SBSV;SBRF;150,00;2
2003;9;GLO;SBGL;SBRF;560,53;16
2003;9;GLO;SBPA;SBBR;491,06;14
2003;9;GLO;SBRJ;SBFL;286,00;2
2003;9;GLO;SBKP;SBRJ;307,38;8
2003;9;GLO;SBBH;SBRJ;185,00;13
2003;9;GLO;SBBR;SBBH;304,27;12
2003;9;GLO;SBCT;SBPA;184,51;466
2003;9;GLO;SBBR;SBSP;199,00;1
2003;9;GLO;SBFL;SBRJ;161,00;1302
2003;9;GLO;SBGL;SBCT;236,74;772
2003;9;GLO;SBCT;SBSP;316,20;5
2003;9;GLO;SBBR;SBRJ;322,75;4310
2003;9;GLO;SBRJ;SBVT;141,72;3379
2003;9;GLO;SBBH;SBBR;295,46;94
2003;9;GLO;SBRJ;SBBH;128,24;37
2003;9;GLO;SBGL;SBSP;175,81;488
2003;9;GLO;SBFL;SBPA;182,57;136
2003;9;GLO;SBPA;SBSP;285,71;18
2003;9;GLO;SBFL;SBPA;136,85;467
2003;9;GLO;SBBR;SBSP;516,00;2
2003;9;GLO;SBPA;SBFL;100,00;3
2003;9;GLO;SBPA;SBFL;131,63;566
2003;9;GLO;SBCT;SBBH;104,50;22
2003;9;GLO;SBGL;SBRF;744,00;1
2003;9;GLO;SBRJ;SBVT;100,00;6
2003;9;GLO;SBFL;SBSP;290,74;87
2003;9;GLO;SBBH;SBKP;144,00;2
2003;9;GLO;SBSP;SBGL;218,81;58
2003;9;GLO;SBBH;SBSP;253,00;1
2003;9;GLO;SBBR;SBRJ;334,91;186
2003;9;GLO;SBRJ;SBFL;160,61;1308
2003;9;GLO;SBBR;SBBH;221,80;20
2003;9;GLO;SBRJ;SBVT;174,15;352
2003;9;GLO;SBKP;SBCT;264,16;52
2003;9;GLO;SBRJ;SBFL;183,05;18
2003;9;GLO;SBSP;SBBH;202,00;12
2003;9;GLO;SBSP;SBGL;269,00;5
2003;9;GLO;SBSP;SBGO;343,95;37
2003;9;GLO;SBKP;SBRJ;328,33;3
2003;9;GLO;SBBE;SBMQ;103,00;27
2003;9;GLO;SBMQ;SBBE;372,00;1
2003;9;GLO;SBGL;SBSV;302,79;500
2003;9;GLO;SBSP;SBNF;206,00;57
2003;9;GLO;SBSP;SBCT;163,24;82
2003;9;GLO;SBBH;SBKP;166,14;14
2003;9;GLO;SBPA;SBBR;382,68;194
2003;9;GLO;SBGL;SBSV;446,71;129
2003;9;GLO;SBKP;SBPA;212,50;16
2003;9;GLO;SBKP;SBPA;262,24;74
2003;9;GLO;SBRJ;SBCT;190,81;1496
2003;9;GLO;SBFZ;SBRF;292,64;11
2003;9;GLO;SBMQ;SBBE;120,91;65
2003;9;GLO;SBCT;SBKP;244,43;49
2003;9;GLO;SBMQ;SBBE;143,86;58
2003;9;GLO;SBSP;SBCT;208,23;1039
2003;9;GLO;SBGL;SBSP;100,00;47
2003;9;GLO;SBSP;SBCT;243,00;46
2003;9;GLO;SBBH;SBSP;150,00;1
2003;9;GLO;SBKP;SBPA;206,96;882
2003;9;GLO;SBBH;SBSP;259,43;1093
2003;9;GLO;SBFL;SBSP;225,29;431
2003;9;GLO;SBBH;SBKP;112,42;1106
2003;9;GLO;SBFZ;SBBR;884,00;20
2003;9;GLO;SBBR;SBFZ;629,00;60
2003;9;GLO;SBCT;SBPA;217,03;119
2003;9;GLO;SBBR;SBPA;594,94;71
2003;9;GLO;SBBH;SBSP;309,43;354
2003;9;GLO;SBGL;SBPA;364,68;55
2003;9;GLO;SBPA;SBKP;217,76;731
2003;9;GLO;SBFL;SBSP;184,98;3019
2003;9;GLO;SBSP;SBCT;358,00;3
2003;9;GLO;SBBR;SBSP;347,14;97
2003;9;GLO;SBBR;SBPA;445,70;838
2003;9;GLO;SBRJ;SBSP;198,00;13
2003;9;GLO;SBPA;SBBR;391,27;896
2003;9;GLO;SBSP;SBPS;122,27;416
2003;9;GLO;SBVT;SBRJ;100,00;5
2003;9;GLO;SBBR;SBPA;667,23;37
2003;9;GLO;SBCT;SBKP;283,00;1
2003;9;GLO;SBBH;SBRJ;146,69;197
2003;9;GLO;SBSP;SBRJ;293,00;37
2003;9;GLO;SBFL;SBPA;372,57;21
2003;9;GLO;SBPA;SBCT;138,95;2758
2003;9;GLO;SBRF;SBGL;579,62;47
2003;9;GLO;SBRJ;SBCT;233,99;62
2003;9;GLO;SBSP;SBFL;408,00;1
2003;9;GLO;SBRJ;SBPA;237,67;11
2003;9;GLO;SBRJ;SBSP;163,21;2488
2003;9;GLO;SBFL;SBGL;391,00;31
2003;9;GLO;SBFL;SBSP;207,38;502
2003;9;GLO;SBKP;SBPA;273,50;2
2003;9;GLO;SBRJ;SBFL;177,50;94
2003;9;GLO;SBSP;SBPA;311,77;295
2003;9;GLO;SBFL;SBPA;122,41;2215
2003;9;GLO;SBBH;SBSP;284,52;1026
2003;9;GLO;SBGL;SBSP;155,33;278
2003;9;GLO;SBRJ;SBSP;195,42;4370
2003;9;GLO;SBBH;SBKP;122,60;117
2003;9;GLO;SBSP;SBBR;270,06;69
2003;9;GLO;SBPA;SBSP;150,00;9
2003;9;GLO;SBCT;SBSP;327,67;3
2003;9;GLO;SBSP;SBRJ;247,78;13379
2003;9;GLO;SBVT;SBSP;168,00;10
2003;9;GLO;SBBR;SBCT;337,63;766
2003;9;GLO;SBNF;SBSP;167,07;14
2003;9;GLO;SBBR;SBRJ;361,42;122
2003;9;GLO;SBSP;SBGL;161,41;1835
2003;9;GLO;SBCT;SBRJ;122,55;38
2003;9;GLO;SBBR;SBRJ;385,24;219
2003;9;GLO;SBCT;SBSP;215,78;2815
2003;9;GLO;SBSP;SBPA;512,50;18
2003;9;GLO;SBSP;SBPS;209,33;467
2003;9;GLO;SBPS;SBSP;323,00;5
2003;9;GLO;SBPA;SBKP;260,10;71
2003;9;GLO;SBRJ;SBKP;159,33;3
2003;9;GLO;SBRJ;SBSP;219,00;1
2003;9;GLO;SBPS;SBSP;199,29;70
2003;9;GLO;SBFZ;SBRF;324,00;1
2003;9;GLO;SBPA;SBSP;483,00;2
2003;9;GLO;SBPA;SBCT;150,00;2
2003;9;GLO;SBBH;SBRJ;230,68;39
2003;9;GLO;SBVT;SBSP;150,00;1
2003;9;GLO;SBSP;SBFL;209,14;657
2003;9;GLO;SBBH;SBBR;243,37;2325
2003;9;GLO;SBBR;SBFZ;664,08;40
2003;9;GLO;SBRJ;SBBH;241,87;102
2003;9;GLO;SBFL;SBRJ;164,25;16
2003;9;GLO;SBGL;SBRF;830,86;56
2003;9;GLO;SBSP;SBVT;260,50;2
2003;9;GLO;SBBR;SBKP;167,00;6
2003;9;GLO;SBGO;SBSP;405,16;28
2003;9;GLO;SBSP;SBGO;436,00;47
2003;9;GLO;SBRF;SBFZ;174,00;900
2003;9;GLO;SBBR;SBSP;360,75;972
2003;9;GLO;SBPA;SBFL;102,81;180
2003;9;GLO;SBRJ;SBBH;150,03;183
2003;9;GLO;SBBR;SBFZ;633,85;1020
2003;9;GLO;SBPA;SBSP;357,56;1647
2003;9;GLO;SBBH;SBCT;106,75;16
2003;9;GLO;SBGL;SBFL;253,32;241
2003;9;GLO;SBBR;SBFL;196,49;39
2003;9;GLO;SBSV;SBBR;232,89;492
2003;9;GLO;SBSV;SBBR;416,91;1332
2003;9;GLO;SBSP;SBGL;133,63;24
2003;9;GLO;SBSP;SBBH;301,77;190
2003;9;GLO;SBCT;SBSP;240,77;2923
2003;9;GLO;SBBR;SBFZ;507,83;23
2003;9;GLO;SBSV;SBBR;487,37;35
2003;9;GLO;SBBR;SBFZ;629,44;30
2003;9;GLO;SBSP;SBBH;314,00;12
2003;9;GLO;SBPA;SBRJ;205,38;1170
2003;9;GLO;SBBR;SBGO;134,50;10
2003;9;GLO;SBSP;SBNF;100,00;5
2003;9;GLO;SBGL;SBCT;238,00;4
2003;9;GLO;SBKP;SBPA;259,13;23
2003;9;GLO;SBBR;SBSP;345,29;300
2003;9;GLO;SBRJ;SBCT;150,00;2
2003;9;GLO;SBRF;SBSV;358,45;33
2003;9;GLO;SBBH;SBBR;292,30;28
2003;9;GLO;SBPS;SBSP;239,00;125
2003;9;GLO;SBSP;SBVT;169,29;1250
2003;9;GLO;SBRJ;SBPA;228,03;111
2003;9;GLO;SBPA;SBKP;379,10;49
2003;9;GLO;SBBR;SBFL;208,79;655
2003;9;GLO;SBGO;SBBR;126,59;107
2003;9;GLO;SBKP;SBPA;234,00;4
2003;9;GLO;SBKP;SBBR;168,00;22
2003;9;GLO;SBFL;SBSP;205,62;3568
2003;9;GLO;SBSP;SBRJ;132,30;8
2003;9;GLO;SBKP;SBRJ;245,02;1105
2003;9;GLO;SBGL;SBPA;465,08;16
2003;9;GLO;SBVT;SBRJ;149,61;125
2003;9;GLO;SBFZ;SBBR;531,96;33
2003;9;GLO;SBSP;SBFL;184,42;2935
2003;9;GLO;SBBR;SBBH;424,00;1
2003;9;GLO;SBPA;SBGL;381,26;80
2003;9;GLO;SBCT;SBGL;214,50;8
2003;9;GLO;SBKP;SBBR;167,00;2
2003;9;GLO;SBGL;SBFL;75,00;2
2003;9;GLO;SBFL;SBPA;105,04;79
2003;9;GLO;SBFL;SBGL;231,79;19
2003;9;GLO;SBSV;SBRF;197,91;230
2003;9;GLO;SBFL;SBSP;216,00;60
2003;9;GLO;SBBR;SBCT;337,00;2
2003;9;GLO;SBRJ;SBFL;138,74;412
2003;9;GLO;SBRJ;SBBH;196,39;264
2003;9;GLO;SBCT;SBSP;256,00;857
2003;9;GLO;SBGL;SBSP;145,08;1743
2003;9;GLO;SBBH;SBBR;266,00;45
2003;9;GLO;SBBR;SBFL;225,35;577
2003;9;GLO;SBSP;SBPA;239,15;158
2003;9;GLO;SBPA;SBCT;209,56;174
2003;9;GLO;SBPA;SBCT;387,00;2
2003;9;GLO;SBRJ;SBSP;286,00;5
2003;9;GLO;SBGL;SBRF;531,56;1180
2003;9;GLO;SBPA;SBKP;234,00;2
2003;9;GLO;SBRJ;SBBR;362,12;377
2003;9;GLO;SBSV;SBGL;413,00;14
2003;9;GLO;SBSV;SBGL;454,00;67
2003;9;GLO;SBPA;SBFL;183,93;75
2003;9;GLO;SBBR;SBGL;450,00;4
2003;9;GLO;SBSP;SBGO;350,36;1345
2003;9;GLO;SBBR;SBFZ;296,90;1522
2003;9;GLO;SBRJ;SBBH;330,00;1
2003;9;GLO;SBBR;SBFL;446,50;3
2003;9;GLO;SBRJ;SBBR;344,59;155
2003;9;GLO;SBRJ;SBKP;100,00;4
2003;9;GLO;SBPA;SBBR;316,97;111
2003;9;GLO;SBBH;SBRJ;129,68;38
2003;9;GLO;SBBR;SBGL;340,73;38
2003;9;GLO;SBCT;SBBH;124,00;82
2003;9;GLO;SBSP;SBPS;356,60;65
2003;9;GLO;SBGL;SBSP;194,94;285
2003;9;GLO;SBFL;SBGL;422,00;3
2003;9;GLO;SBBR;SBKP;195,72;824
2003;9;GLO;SBGL;SBPA;683,00;1
2003;9;GLO;SBNF;SBSP;236,28;57
2003;9;GLO;SBRJ;SBBH;256,50;2
2003;9;GLO;SBBR;SBKP;252,00;6
2003;9;GLO;SBKP;SBBH;271,00;2
2003;9;GLO;SBPA;SBGL;324,91;139
2003;9;GLO;SBBH;SBSP;240,87;127
2003;9;GLO;SBRJ;SBFL;179,47;1028
2003;9;GLO;SBPA;SBCT;332,80;27
2003;9;GLO;SBCT;SBGL;243,05;933
2003;9;GLO;SBBR;SBSP;384,67;347
2003;9;GLO;SBGL;SBSP;173,00;7
2003;9;GLO;SBBH;SBCT;183,00;62
2003;9;GLO;SBBR;SBPA;491,16;94
2003;9;GLO;SBGL;SBCT;360,67;3
2003;9;GLO;SBPA;SBCT;145,00;108
2003;9;GLO;SBCT;SBBR;254,54;192
2003;9;GLO;SBRJ;SBKP;307,18;17
2003;9;GLO;SBGO;SBBR;168,13;4
2003;9;GLO;SBRF;SBSV;442,00;2
2003;9;GLO;SBSP;SBPA;302,66;6441
2003;9;GLO;SBBR;SBSV;309,00;1
2003;9;GLO;SBGL;SBRF;726,00;1
2003;9;GLO;SBRJ;SBCT;137,67;45
2003;9;GLO;SBSP;SBBR;347,58;127
2003;9;GLO;SBBH;SBKP;376,00;3
2003;9;GLO;SBGL;SBRF;314,53;1154
2003;9;GLO;SBPS;SBSP;297,49;134
2003;9;GLO;SBSP;SBCT;274,79;325
2003;9;GLO;SBBR;SBRJ;491,00;2
2003;9;GLO;SBMQ;SBBE;103,00;2
2003;9;GLO;SBRJ;SBBR;332,45;139
2003;9;GLO;SBCT;SBRJ;168,00;2
2003;9;GLO;SBVT;SBSP;226,46;671
2003;9;GLO;SBGL;SBSP;165,75;1892
2003;9;GLO;SBSP;SBCT;240,84;3352
2003;9;GLO;SBGL;SBFL;285,16;61
2003;9;GLO;SBKP;SBCT;224,38;221
2003;9;GLO;SBBR;SBGO;144,02;118
2003;9;GLO;SBBR;SBKP;476,67;3
2003;9;GLO;SBRF;SBSV;219,52;2974
2003;9;GLO;SBRJ;SBBR;484,00;2
2003;9;GLO;SBSP;SBGL;144,55;1637
2003;9;GLO;SBSV;SBRF;175,00;54
2003;9;GLO;SBPA;SBCT;249,00;1
2003;9;GLO;SBKP;SBRJ;273,27;1084
2003;9;GLO;SBBR;SBCT;373,00;82
2003;9;GLO;SBBH;SBRJ;141,17;4058
2003;9;GLO;SBBE;SBMQ;191,90;16
2003;9;GLO;SBRF;SBGL;313,00;1087
2003;9;GLO;SBPA;SBCT;170,00;2
2003;9;GLO;SBCT;SBBR;364,00;20
2003;9;GLO;SBRJ;SBCT;300,00;2
2003;9;GLO;SBKP;SBRJ;100,00;3
2003;9;GLO;SBSP;SBGO;253,34;29
2003;9;GLO;SBBR;SBFL;302,62;116
2003;9;GLO;SBCT;SBRJ;148,53;1925
2003;9;GLO;SBBR;SBFL;217,00;80
2003;9;GLO;SBCT;SBBH;296,00;2
2003;9;GLO;SBBR;SBSV;572,00;1
2003;9;GLO;SBVT;SBRJ;139,97;3540
2003;9;GLO;SBSP;SBVT;242,50;2
2003;9;GLO;SBBR;SBCT;398,33;58
2003;9;GLO;SBFL;SBRJ;135,42;344
2003;9;GLO;SBBR;SBCT;368,67;6
2003;9;GLO;SBGL;SBSV;379,39;4287
2003;9;GLO;SBSP;SBFL;324,63;39
2003;9;GLO;SBRJ;SBBR;391,76;172
2003;9;GLO;SBCT;SBBR;275,09;1029
2003;9;GLO;SBMQ;SBBE;107,41;2751
2003;9;GLO;SBBH;SBRJ;157,09;2996
2003;9;GLO;SBSP;SBBH;284,60;1182
2003;9;GLO;SBFL;SBPA;153,68;195
2003;9;GLO;SBPA;SBRJ;279,14;12
2003;9;GLO;SBBR;SBRJ;150,00;9
2003;9;GLO;SBPA;SBCT;134,67;3
2003;9;GLO;SBCT;SBSP;292,96;236
2003;9;GLO;SBSV;SBBR;531,00;2
2003;9;GLO;SBGL;SBRF;881,00;1
2003;9;GLO;SBBH;SBBR;271,09;1861
2003;9;GLO;SBRJ;SBBR;293,84;3605
2003;9;GLO;SBBH;SBCT;162,00;54
2003;9;GLO;SBFZ;SBRF;178,75;2694
2003;9;GLO;SBRJ;SBCT;211,99;267
2003;9;GLO;SBSP;SBCT;100,00;7
2003;9;GLO;SBGL;SBRF;516,80;196
2003;9;GLO;SBCT;SBPA;202,71;45
2003;9;GLO;SBFL;SBPA;302,00;5
2003;9;GLO;SBSP;SBRJ;270,00;1
2003;9;GLO;SBBH;SBCT;144,00;334
2003;9;GLO;SBBH;SBRJ;203,23;271
2003;9;GLO;SBCT;SBPA;147,24;207
2003;9;GLO;SBBR;SBGO;129,28;122
2003;9;GLO;SBSP;SBPS;261,73;162
2003;9;GLO;SBSP;SBGL;244,02;20
2003;9;GLO;SBBH;SBSP;160,54;54
2003;9;GLO;SBCT;SBGL;262,65;81
2003;9;GLO;SBSP;SBPA;372,85;665
2003;9;GLO;SBVT;SBSP;203,11;1171
2003;9;GLO;SBCT;SBSP;172,79;82
2003;9;GLO;SBGO;SBSP;444,91;11
2003;9;GLO;SBRJ;SBPA;250,00;1
2003;9;GLO;SBCT;SBRJ;187,67;36
2003;9;GLO;SBBR;SBGL;342,26;407
2003;9;GLO;SBMQ;SBBE;167,37;7
2003;9;GLO;SBFL;SBBR;217,74;64
2003;9;GLO;SBPA;SBFL;321,10;16
2003;9;GLO;SBSP;SBVT;179,00;24
2003;9;GLO;SBGL;SBBR;341,66;277
2003;9;GLO;SBBH;SBCT;151,97;16
2003;9;GLO;SBBR;SBRJ;289,14;3941
2003;9;GLO;SBFL;SBRJ;75,00;12
2003;9;GLO;SBSP;SBNF;174,88;8
2003;9;GLO;SBBR;SBSP;198,50;76
2003;9;GLO;SBRJ;SBBH;224,51;198
2003;9;GLO;SBFL;SBBR;220,26;2
2003;9;GLO;SBRJ;SBKP;289,00;1
2003;9;GLO;SBCT;SBRJ;172,15;1637
2003;9;GLO;SBBR;SBRJ;380,00;25
2003;9;GLO;SBFL;SBSP;261,39;78
2003;9;GLO;SBSP;SBVT;326,67;6
2003;9;GLO;SBSP;SBNF;208,68;1001
2003;9;GLO;SBCT;SBGL;75,00;2
2003;9;GLO;SBRJ;SBKP;327,00;2
2003;9;GLO;SBBR;SBPA;724,00;1
2003;9;GLO;SBBH;SBSP;239,59;3812
2003;9;GLO;SBSP;SBBH;379,00;3
2003;9;GLO;SBBR;SBFL;195,50;40
2003;9;GLO;SBSP;SBBR;345,27;336
2003;9;GLO;SBPA;SBSP;429,01;341
2003;9;GLO;SBRJ;SBBH;100,00;10
2003;9;GLO;SBPA;SBKP;256,50;4
2003;9;GLO;SBCT;SBGL;215,62;738
2003;9;GLO;SBBH;SBRJ;319,00;17
2003;9;GLO;SBBR;SBGL;408,40;10
2003;9;GLO;SBGL;SBPA;250,00;1
2003;9;GLO;SBCT;SBBR;427,39;29
2003;9;GLO;SBSP;SBVT;182,33;273
2003;9;GLO;SBBH;SBBR;223,69;16
2003;9;GLO;SBRJ;SBKP;272,92;1006
2003;9;GLO;SBFZ;SBBR;298,05;1516
2003;9;GLO;SBKP;SBPA;150,00;1
2003;9;GLO;SBRJ;SBKP;243,93;1048
2003;9;GLO;SBPA;SBBR;333,00;18
2003;9;GLO;SBPA;SBCT;154,62;3262
2003;9;GLO;SBSP;SBRJ;194,53;4367
2003;9;GLO;SBRF;SBFZ;559,14;21
2003;9;GLO;SBSV;SBRF;237,95;11
2003;9;GLO;SBKP;SBBH;113,06;1135
2003;9;GLO;SBRJ;SBFL;75,00;8
2003;9;GLO;SBSV;SBRF;205,67;2535
2003;9;GLO;SBCT;SBKP;338,00;1
2003;9;GLO;SBRJ;SBVT;105,70;30
2003;9;GLO;SBPS;SBSP;399,98;9
2003;9;GLO;SBSV;SBGL;506,00;2
2003;9;GLO;SBSP;SBBH;259,28;1151
2003;9;GLO;SBSP;SBGL;100,00;36
2003;9;GLO;SBSP;SBRJ;268,03;4463
2003;9;GLO;SBPS;SBSP;129,00;367
2003;9;GLO;SBBR;SBSV;393,88;20
2003;9;GLO;SBSP;SBFL;259,11;111
2003;9;GLO;SBRF;SBGL;721,63;8
2003;9;GLO;SBSV;SBBR;402,80;29
2003;9;GLO;SBBR;SBFL;291,94;113
2003;9;GLO;SBCT;SBGL;256,25;20
2003;9;GLO;SBFZ;SBBR;644,89;74
2003;9;GLO;SBPA;SBBR;329,46;97
2003;9;GLO;SBPA;SBFL;110,99;2021
2003;9;GLO;SBRJ;SBPA;214,86;1150
2003;9;GLO;SBVT;SBRJ;305,00;1
2003;9;GLO;SBGL;SBSV;555,00;1
2003;9;GLO;SBBR;SBBE;429,02;38
2003;9;GLO;SBKP;SBBH;127,84;434
2003;9;GLO;SBPA;SBKP;75,00;2
2003;9;GLO;SBSP;SBVT;75,00;4
2003;9;PLY;SBMQ;SBBE;187,49;10
2003;9;PLY;SBBE;SBMQ;187,49;9
2003;9;PLY;SBMQ;SBBE;99,54;76
2003;9;PLY;SBBE;SBMQ;416,64;4
2003;9;TAM;SBGR;SBPA;816,00;32
2003;9;TAM;SBPA;SBGR;752,00;4
2003;9;TAM;SBBH;SBCT;549,00;56
2003;9;TAM;SBGL;SBPA;592,00;56
2003;9;TAM;SBSP;SBGO;479,00;3982
2003;9;TAM;SBPA;SBFL;339,00;15
2003;9;TAM;SBVT;SBSP;517,00;267
2003;9;TAM;SBKP;SBCT;487,00;127
2003;9;TAM;SBCF;SBGR;606,00;22
2003;9;TAM;SBSV;SBGL;821,00;97
2003;9;TAM;SBSP;SBGL;350,00;10
2003;9;TAM;SBRF;SBGL;1269,00;148
2003;9;TAM;SBRF;SBFZ;265,00;94
2003;9;TAM;SBBH;SBBR;586,00;102
2003;9;TAM;SBBR;SBSV;928,00;64
2003;9;TAM;SBCT;SBKP;319,00;43
2003;9;TAM;SBBR;SBGO;220,00;48
2003;9;TAM;SBGO;SBBR;246,00;58
2003;9;TAM;SBFZ;SBBR;1199,00;89
2003;9;TAM;SBBR;SBRJ;419,00;3281
2003;9;TAM;SBGL;SBCT;736,00;64
2003;9;TAM;SBFL;SBPA;209,00;19
2003;9;TAM;SBSP;SBBH;318,00;9201
2003;9;TAM;SBBH;SBRJ;580,00;32
2003;9;TAM;SBBR;SBKP;450,00;152
2003;9;TAM;SBGR;SBCF;463,00;2
2003;9;TAM;SBRJ;SBSP;218,00;3286
2003;9;TAM;SBFL;SBGR;316,00;42
2003;9;TAM;SBCT;SBBH;390,00;53
2003;9;TAM;SBMQ;SBBE;189,00;99
2003;9;TAM;SBGR;SBFL;273,00;3
2003;9;TAM;SBRJ;SBBH;479,00;99
2003;9;TAM;SBFZ;SBRF;265,00;91
2003;9;TAM;SBCT;SBGL;455,00;15
2003;9;TAM;SBPA;SBCT;428,00;14
2003;9;TAM;SBSP;SBVT;699,00;52
2003;9;TAM;SBSP;SBRJ;328,00;21022
2003;9;TAM;SBMQ;SBBE;381,00;12
2003;9;TAM;SBGR;SBCT;372,00;17
2003;9;TAM;SBGO;SBBR;164,00;1078
2003;9;TAM;SBGR;SBKP;151,00;35
2003;9;TAM;SBFL;SBSP;273,00;100
2003;9;TAM;SBRF;SBSV;310,00;9
2003;9;TAM;SBFL;SBCT;584,00;4
2003;9;TAM;SBVT;SBRJ;397,00;71
2003;9;TAM;SBKP;SBCT;423,00;50
2003;9;TAM;SBPA;SBKP;765,00;2
2003;9;TAM;SBGL;SBSV;977,00;175
2003;9;TAM;SBSV;SBRF;1558,00;7
2003;9;TAM;SBSP;SBBH;463,00;222
2003;9;TAM;SBCT;SBGR;339,00;41
2003;9;TAM;SBSV;SBGR;783,00;138
2003;9;TAM;SBGO;SBSP;660,00;142
2003;9;TAM;SBBR;SBSP;549,00;332
2003;9;TAM;SBPA;SBFL;140,00;812
2003;9;TAM;SBGO;SBBR;220,00;101
2003;9;TAM;SBSV;SBGR;1149,00;313
2003;9;TAM;SBBR;SBFL;738,00;65
2003;9;TAM;SBGO;SBSP;597,00;128
2003;9;TAM;SBFZ;SBRF;365,00;102
2003;9;TAM;SBBE;SBMQ;255,00;28
2003;9;TAM;SBBR;SBGR;807,00;32
2003;9;TAM;SBSP;SBBR;549,00;614
2003;9;TAM;SBGL;SBGR;458,00;35
2003;9;TAM;SBMQ;SBBE;215,00;55
2003;9;TAM;SBPA;SBFL;299,00;5
2003;9;TAM;SBUL;SBSP;403,00;2511
2003;9;TAM;SBBH;SBCT;614,00;29
2003;9;TAM;SBRF;SBFZ;217,00;193
2003;9;TAM;SBCT;SBBH;679,00;35
2003;9;TAM;SBRJ;SBBR;641,00;219
2003;9;TAM;SBCT;SBGL;736,00;52
2003;9;TAM;SBRJ;SBBR;574,00;391
2003;9;TAM;SBCF;SBGR;365,00;22
2003;9;TAM;SBFL;SBBR;738,00;37
2003;9;TAM;SBCT;SBGL;500,00;8
2003;9;TAM;SBCT;SBBR;560,00;218
2003;9;TAM;SBRJ;SBVT;481,00;10
2003;9;TAM;SBBH;SBBR;724,00;129
2003;9;TAM;SBSV;SBRF;310,00;9
2003;9;TAM;SBFZ;SBRF;533,00;16
2003;9;TAM;SBBR;SBGR;614,00;18
2003;9;TAM;SBBR;SBRJ;842,00;279
2003;9;TAM;SBGL;SBPA;982,00;117
2003;9;TAM;SBFL;SBCT;834,00;10
2003;9;TAM;SBSP;SBUL;463,00;243
2003;9;TAM;SBKP;SBCT;319,00;123
2003;9;TAM;SBSP;SBRP;519,00;49
2003;9;TAM;SBRJ;SBBR;506,00;590
2003;9;TAM;SBPA;SBKP;499,00;114
2003;9;TAM;SBGL;SBCT;394,00;46
2003;9;TAM;SBGR;SBBR;419,00;837
2003;9;TAM;SBBH;SBCT;390,00;71
2003;9;TAM;SBBR;SBKP;796,00;11
2003;9;TAM;SBPA;SBGR;621,00;39
2003;9;TAM;SBBH;SBBR;862,00;189
2003;9;TAM;SBKP;SBPA;376,00;736
2003;9;TAM;SBSP;SBGO;597,00;36
2003;9;TAM;SBGR;SBCF;365,00;22
2003;9;TAM;SBBH;SBCT;341,00;1277
2003;9;TAM;SBSP;SBGO;534,00;134
2003;9;TAM;SBRF;SBSV;1558,00;14
2003;9;TAM;SBSV;SBGL;586,00;359
2003;9;TAM;SBCT;SBGR;309,00;1238
2003;9;TAM;SBBR;SBKP;389,00;571
2003;9;TAM;SBPA;SBCT;243,00;6
2003;9;TAM;SBGR;SBBR;807,00;61
2003;9;TAM;SBBR;SBFZ;1199,00;46
2003;9;TAM;SBRF;SBGL;964,00;7
2003;9;TAM;SBBR;SBFL;999,00;2
2003;9;TAM;SBGR;SBPA;621,00;2
2003;9;TAM;SBBR;SBFZ;911,00;14
2003;9;TAM;SBPA;SBGR;686,00;41
2003;9;TAM;SBBE;SBBR;513,00;55
2003;9;TAM;SBSP;SBFL;258,00;2335
2003;9;TAM;SBBE;SBMQ;381,00;11
2003;9;TAM;SBGL;SBRF;1066,00;19
2003;9;TAM;SBBR;SBFZ;1103,00;2
2003;9;TAM;SBKP;SBPA;832,00;64
2003;9;TAM;SBSP;SBPA;858,00;144
2003;9;TAM;SBBH;SBBR;793,00;28
2003;9;TAM;SBGL;SBGR;386,00;4
2003;9;TAM;SBSP;SBRJ;458,00;1078
2003;9;TAM;SBSP;SBBR;917,00;250
2003;9;TAM;SBPA;SBFL;378,00;2
2003;9;TAM;SBSV;SBRF;256,00;385
2003;9;TAM;SBBR;SBBH;862,00;83
2003;9;TAM;SBFL;SBGR;273,00;4
2003;9;TAM;SBGR;SBPA;752,00;5
2003;9;TAM;SBVT;SBSP;409,00;3197
2003;9;TAM;SBGL;SBSV;508,00;512
2003;9;TAM;SBGL;SBGR;243,00;88
2003;9;TAM;SBFL;SBGR;607,00;14
2003;9;TAM;SBRJ;SBVT;235,00;97
2003;9;TAM;SBGO;SBBR;272,00;63
2003;9;TAM;SBRF;SBFZ;533,00;20
2003;9;TAM;SBFL;SBBR;912,00;26
2003;9;TAM;SBPA;SBGR;439,00;447
2003;9;TAM;SBRJ;SBBH;224,00;289
2003;9;TAM;SBCT;SBPA;327,00;134
2003;9;TAM;SBCT;SBGL;576,00;8
2003;9;TAM;SBFZ;SBRF;217,00;112
2003;9;TAM;SBBR;SBKP;863,00;81
2003;9;TAM;SBSV;SBGR;1059,00;6
2003;9;TAM;SBCT;SBFL;834,00;18
2003;9;TAM;SBFZ;SBRF;477,00;95
2003;9;TAM;SBKP;SBBR;796,00;11
2003;9;TAM;SBBR;SBSV;854,00;6
2003;9;TAM;SBVT;SBSP;639,00;145
2003;9;TAM;SBBR;SBSV;484,00;700
2003;9;TAM;SBGR;SBBR;485,00;38
2003;9;TAM;SBRF;SBGL;664,00;953
2003;9;TAM;SBFL;SBBR;999,00;4
2003;9;TAM;SBGR;SBPA;490,00;41
2003;9;TAM;SBBH;SBRJ;224,00;170
2003;9;TAM;SBFL;SBBR;1085,00;94
2003;9;TAM;SBUL;SBSP;595,00;21
2003;9;TAM;SBBE;SBMQ;309,00;7
2003;9;TAM;SBSP;SBUL;403,00;2228
2003;9;TAM;SBGR;SBBR;549,00;22
2003;9;TAM;SBRF;SBFZ;589,00;64
2003;9;TAM;SBSP;SBBH;560,00;65
2003;9;TAM;SBPA;SBCT;327,00;176
2003;9;TAM;SBSP;SBVT;456,00;320
2003;9;TAM;SBGR;SBFL;461,00;1
2003;9;TAM;SBBR;SBKP;588,00;69
2003;9;TAM;SBBR;SBKP;305,00;259
2003;9;TAM;SBGR;SBGL;458,00;48
2003;9;TAM;SBGR;SBCT;411,00;28
2003;9;TAM;SBPA;SBGL;829,00;71
2003;9;TAM;SBCT;SBKP;464,00;25
2003;9;TAM;SBBR;SBFL;652,00;124
2003;9;TAM;SBBR;SBBE;593,00;379
2003;9;TAM;SBPS;SBSP;790,00;75
2003;9;TAM;SBPA;SBGL;513,00;218
2003;9;TAM;SBGR;SBPA;439,00;511
2003;9;TAM;SBSV;SBGR;967,00;49
2003;9;TAM;SBBH;SBRJ;328,00;607
2003;9;TAM;SBBH;SBSP;512,00;172
2003;9;TAM;SBSP;SBPS;790,00;34
2003;9;TAM;SBKP;SBGR;215,00;5
2003;9;TAM;SBGR;SBPA;556,00;27
2003;9;TAM;SBSP;SBBR;679,00;453
2003;9;TAM;SBKP;SBCT;299,00;617
2003;9;TAM;SBRJ;SBBH;580,00;15
2003;9;TAM;SBPA;SBGL;592,00;103
2003;9;TAM;SBSV;SBGR;691,00;233
2003;9;TAM;SBCT;SBGR;487,00;105
2003;9;TAM;SBGR;SBFL;364,00;3
2003;9;TAM;SBBH;SBBR;517,00;109
2003;9;TAM;SBBE;SBMQ;189,00;22
2003;9;TAM;SBBH;SBCT;743,00;2
2003;9;TAM;SBPS;SBSP;865,00;1
2003;9;TAM;SBBE;SBMQ;345,00;1
2003;9;TAM;SBRJ;SBBH;428,00;139
2003;9;TAM;SBBR;SBSV;557,00;110
2003;9;TAM;SBGL;SBGR;276,00;43
2003;9;TAM;SBPA;SBSP;858,00;184
2003;9;TAM;SBPA;SBGL;908,00;12
2003;9;TAM;SBSP;SBCT;309,00;8660
2003;9;TAM;SBBR;SBBH;517,00;23
2003;9;TAM;SBKP;SBPA;566,00;28
2003;9;TAM;SBCT;SBSP;411,00;148
2003;9;TAM;SBFL;SBPA;418,00;19
2003;9;TAM;SBBR;SBCT;610,00;94
2003;9;TAM;SBBH;SBRJ;428,00;244
2003;9;TAM;SBGR;SBFL;258,00;131
2003;9;TAM;SBSV;SBGR;603,00;1868
2003;9;TAM;SBSV;SBBR;631,00;55
2003;9;TAM;SBFL;SBGR;364,00;10
2003;9;TAM;SBBR;SBBH;455,00;81
2003;9;TAM;SBRJ;SBVT;272,00;157
2003;9;TAM;SBRF;SBFZ;365,00;73
2003;9;TAM;SBSV;SBRF;1261,00;37
2003;9;TAM;SBFL;SBSP;461,00;9
2003;9;TAM;SBSV;SBGL;743,00;71
2003;9;TAM;SBSP;SBPA;686,00;255
2003;9;TAM;SBFL;SBSP;510,00;108
2003;9;TAM;SBCT;SBBH;549,00;54
2003;9;TAM;SBBR;SBRJ;574,00;357
2003;9;TAM;SBGR;SBCT;487,00;69
2003;9;TAM;SBKP;SBPA;499,00;71
2003;9;TAM;SBBR;SBGR;549,00;25
2003;9;TAM;SBCF;SBGR;414,00;19
2003;9;TAM;SBKP;SBBR;389,00;479
2003;9;TAM;SBUL;SBSP;727,00;31
2003;9;TAM;SBGO;SBSP;479,00;3069
2003;9;TAM;SBCT;SBFL;667,00;9
2003;9;TAM;SBRF;SBGL;1066,00;20
2003;9;TAM;SBPA;SBSP;686,00;307
2003;9;TAM;SBFL;SBPA;140,00;815
2003;9;TAM;SBFL;SBSP;364,00;37
2003;9;TAM;SBBR;SBGR;679,00;17
2003;9;TAM;SBPA;SBFL;494,00;25
2003;9;TAM;SBPA;SBKP;699,00;9
2003;9;TAM;SBGL;SBRF;664,00;917
2003;9;TAM;SBGO;SBBR;194,00;113
2003;9;TAM;SBGL;SBCT;500,00;13
2003;9;TAM;SBSP;SBBH;512,00;243
2003;9;TAM;SBBR;SBFL;565,00;314
2003;9;TAM;SBSP;SBPA;490,00;613
2003;9;TAM;SBBR;SBCT;916,00;6
2003;9;TAM;SBFL;SBPA;494,00;20
2003;9;TAM;SBSP;SBFL;273,00;127
2003;9;TAM;SBBR;SBBH;586,00;30
2003;9;TAM;SBCT;SBBH;743,00;14
2003;9;TAM;SBCT;SBPA;627,00;64
2003;9;TAM;SBGR;SBSV;875,00;10
2003;9;TAM;SBGR;SBKP;180,00;5
2003;9;TAM;SBBR;SBGO;324,00;73
2003;9;TAM;SBFL;SBGR;258,00;206
2003;9;TAM;SBBR;SBKP;727,00;18
2003;9;TAM;SBKP;SBBR;450,00;144
2003;9;TAM;SBGR;SBCT;309,00;1032
2003;9;TAM;SBSV;SBRF;1855,00;19
2003;9;TAM;SBSV;SBBR;705,00;46
2003;9;TAM;SBSP;SBPA;556,00;283
2003;9;TAM;SBSV;SBBR;484,00;937
2003;9;TAM;SBRJ;SBSP;328,00;23203
2003;9;TAM;SBSP;SBBR;419,00;12324
2003;9;TAM;SBRJ;SBBH;200,00;1777
2003;9;TAM;SBRJ;SBVT;314,00;72
2003;9;TAM;SBSP;SBPS;579,00;37
2003;9;TAM;SBPA;SBCT;478,00;5
2003;9;TAM;SBKP;SBCT;343,00;60
2003;9;TAM;SBPA;SBFL;209,00;28
2003;9;TAM;SBBE;SBBR;958,00;28
2003;9;TAM;SBPS;SBSP;976,00;7
2003;9;TAM;SBSP;SBFL;461,00;5
2003;9;TAM;SBVT;SBSP;699,00;43
2003;9;TAM;SBFZ;SBBR;1103,00;6
2003;9;TAM;SBGR;SBBR;743,00;5
2003;9;TAM;SBBR;SBSP;614,00;63
2003;9;TAM;SBKP;SBCT;383,00;42
2003;9;TAM;SBSP;SBGO;865,00;38
2003;9;TAM;SBBR;SBGO;298,00;19
2003;9;TAM;SBSV;SBGL;459,00;1638
2003;9;TAM;SBSP;SBRP;434,00;19
2003;9;TAM;SBRJ;SBVT;359,00;1948
2003;9;TAM;SBSP;SBBH;681,00;266
2003;9;TAM;SBBH;SBCT;679,00;19
2003;9;TAM;SBKP;SBGR;151,00;69
2003;9;TAM;SBRP;SBSP;434,00;21
2003;9;TAM;SBFL;SBBR;825,00;14
2003;9;TAM;SBBR;SBRJ;709,00;158
2003;9;TAM;SBGO;SBSP;723,00;13
2003;9;TAM;SBBR;SBFZ;815,00;30
2003;9;TAM;SBGR;SBPA;686,00;18
2003;9;TAM;SBCT;SBKP;487,00;213
2003;9;TAM;SBCT;SBPA;428,00;11
2003;9;TAM;SBRJ;SBBR;776,00;44
2003;9;TAM;SBBH;SBBR;655,00;90
2003;9;TAM;SBCT;SBBR;610,00;81
2003;9;TAM;SBBR;SBCT;677,00;90
2003;9;TAM;SBGR;SBFL;607,00;10
2003;9;TAM;SBGL;SBSV;743,00;25
2003;9;TAM;SBPS;SBSP;639,00;56
2003;9;TAM;SBBR;SBBE;867,00;19
2003;9;TAM;SBGO;SBBR;298,00;18
2003;9;TAM;SBFZ;SBRF;645,00;15
2003;9;TAM;SBBH;SBCT;485,00;107
2003;9;TAM;SBKP;SBBR;519,00;43
2003;9;TAM;SBPA;SBCT;528,00;19
2003;9;TAM;SBGR;SBKP;215,00;1
2003;9;TAM;SBSP;SBKP;197,00;1
2003;9;TAM;SBGO;SBBR;324,00;67
2003;9;TAM;SBKP;SBBR;863,00;71
2003;9;TAM;SBKP;SBPA;433,00;360
2003;9;TAM;SBSP;SBFL;413,00;31
2003;9;TAM;SBVT;SBRJ;272,00;162
2003;9;TAM;SBRF;SBFZ;315,00;16
2003;9;TAM;SBRF;SBSV;965,00;136
2003;9;TAM;SBRJ;SBBH;378,00;197
2003;9;TAM;SBBR;SBGO;164,00;1015
2003;9;TAM;SBFL;SBGR;461,00;18
2003;9;TAM;SBCT;SBGR;372,00;72
2003;9;TAM;SBCF;SBGR;318,00;602
2003;9;TAM;SBCT;SBFL;584,00;2
2003;9;TAM;SBGL;SBCT;576,00;13
2003;9;TAM;SBGR;SBCF;512,00;23
2003;9;TAM;SBBR;SBFL;1085,00;58
2003;9;TAM;SBBR;SBBH;401,00;52
2003;9;TAM;SBGR;SBGL;386,00;18
2003;9;TAM;SBSP;SBCT;372,00;113
2003;9;TAM;SBSP;SBFL;316,00;153
2003;9;TAM;SBGL;SBPA;750,00;14
2003;9;TAM;SBBR;SBBH;655,00;6
2003;9;TAM;SBRF;SBSV;1113,00;86
2003;9;TAM;SBBH;SBCT;807,00;92
2003;9;TAM;SBPA;SBGL;671,00;62
2003;9;TAM;SBSV;SBRF;276,00;327
2003;9;TAM;SBPA;SBSP;439,00;4427
2003;9;TAM;SBGR;SBSV;967,00;28
2003;9;TAM;SBRF;SBSV;256,00;658
2003;9;TAM;SBPA;SBSP;621,00;230
2003;9;TAM;SBGR;SBSV;1059,00;1
2003;9;TAM;SBMQ;SBBE;125,00;1196
2003;9;TAM;SBFZ;SBBR;1007,00;17
2003;9;TAM;SBVT;SBRJ;521,00;109
2003;9;TAM;SBRJ;SBBR;709,00;220
2003;9;TAM;SBBR;SBCT;499,00;1433
2003;9;TAM;SBBR;SBKP;519,00;89
2003;9;TAM;SBSP;SBCT;411,00;175
2003;9;TAM;SBGR;SBBR;679,00;43
2003;9;TAM;SBBH;SBBR;455,00;148
2003;9;TAM;SBMQ;SBBE;345,00;1
2003;9;TAM;SBRF;SBSV;1410,00;2
2003;9;TAM;SBRJ;SBBR;842,00;461
2003;9;TAM;SBRF;SBFZ;477,00;61
2003;9;TAM;SBBR;SBKP;657,00;46
2003;9;TAM;SBGL;SBPA;513,00;164
2003;9;TAM;SBRF;SBGL;761,00;92
2003;9;TAM;SBBR;SBGL;449,00;2
2003;9;TAM;SBGL;SBSV;899,00;5
2003;9;TAM;SBSP;SBVT;517,00;125
2003;9;TAM;SBPA;SBGR;490,00;81
2003;9;TAM;SBCT;SBKP;343,00;12
2003;9;TAM;SBBE;SBBR;593,00;94
2003;9;TAM;SBKP;SBCT;464,00;57
2003;9;TAM;SBGO;SBSP;534,00;477
2003;9;TAM;SBCT;SBKP;299,00;475
2003;9;TAM;SBBE;SBBR;476,00;305
2003;9;TAM;SBPA;SBSP;752,00;108
2003;9;TAM;SBGL;SBGR;423,00;3
2003;9;TAM;SBGL;SBPA;908,00;10
2003;9;TAM;SBKP;SBBR;588,00;94
2003;9;TAM;SBCT;SBKP;423,00;45
2003;9;TAM;SBBH;SBCT;420,00;83
2003;9;TAM;SBGR;SBGL;313,00;33
2003;9;TAM;SBRJ;SBVT;200,00;865
2003;9;TAM;SBSP;SBUL;595,00;9
2003;9;TAM;SBCT;SBBR;757,00;40
2003;9;TAM;SBGL;SBSV;586,00;294
2003;9;TAM;SBFZ;SBBR;726,00;438
2003;9;TAM;SBBR;SBBH;724,00;36
2003;9;TAM;SBBE;SBMQ;215,00;56
2003;9;TAM;SBBR;SBBE;476,00;184
2003;9;TAM;SBBR;SBBE;776,00;41
2003;9;TAM;SBBH;SBSP;414,00;491
2003;9;TAM;SBKP;SBBR;305,00;326
2003;9;TAM;SBRF;SBFZ;645,00;11
2003;9;TAM;SBRP;SBSP;363,00;2577
2003;9;TAM;SBSP;SBRJ;218,00;2272
2003;9;TAM;SBFL;SBBR;500,00;1451
2003;9;TAM;SBGR;SBGL;276,00;114
2003;9;TAM;SBGL;SBSP;276,00;1
2003;9;TAM;SBBR;SBBE;685,00;116
2003;9;TAM;SBVT;SBRJ;439,00;56
2003;9;TAM;SBRF;SBGL;709,00;150
2003;9;TAM;SBPA;SBSP;556,00;450
2003;9;TAM;SBPA;SBGL;750,00;25
2003;9;TAM;SBBE;SBMQ;125,00;1181
2003;9;TAM;SBSP;SBPS;976,00;10
2003;9;TAM;SBCT;SBSP;339,00;651
2003;9;TAM;SBGL;SBRF;1269,00;135
2003;9;TAM;SBPA;SBCT;377,00;36
2003;9;TAM;SBRF;SBFZ;698,00;68
2003;9;TAM;SBFL;SBSP;413,00;45
2003;9;TAM;SBBE;SBBR;1137,00;53
2003;9;TAM;SBBR;SBGR;419,00;758
2003;9;TAM;SBFL;SBCT;501,00;498
2003;9;TAM;SBPA;SBGL;469,00;1799
2003;9;TAM;SBCT;SBBR;677,00;46
2003;9;TAM;SBSP;SBCT;339,00;534
2003;9;TAM;SBGR;SBCF;318,00;489
2003;9;TAM;SBSV;SBGR;875,00;12
2003;9;TAM;SBFZ;SBRF;315,00;20
2003;9;TAM;SBVT;SBRJ;200,00;668
2003;9;TAM;SBBR;SBSP;917,00;260
2003;9;TAM;SBBR;SBSP;419,00;13375
2003;9;TAM;SBGR;SBGL;423,00;14
2003;9;TAM;SBSP;SBBH;414,00;525
2003;9;TAM;SBRJ;SBBR;449,00;1389
2003;9;TAM;SBBR;SBCT;995,00;53
2003;9;TAM;SBFL;SBSP;316,00;170
2003;9;TAM;SBBE;SBMQ;159,00;918
2003;9;TAM;SBSP;SBUL;529,00;103
2003;9;TAM;SBSP;SBUL;727,00;33
2003;9;TAM;SBRJ;SBVT;521,00;79
2003;9;TAM;SBMQ;SBBE;309,00;7
2003;9;TAM;SBGR;SBCF;560,00;4
2003;9;TAM;SBGR;SBGL;350,00;11
2003;9;TAM;SBPA;SBGR;816,00;54
2003;9;TAM;SBPS;SBSP;714,00;11
2003;9;TAM;SBSP;SBBR;743,00;48
2003;9;TAM;SBKP;SBBR;727,00;39
2003;9;TAM;SBSP;SBPS;499,00;324
2003;9;TAM;SBBR;SBCT;560,00;287
2003;9;TAM;SBBH;SBSP;365,00;889
2003;9;TAM;SBPA;SBKP;433,00;340
2003;9;TAM;SBBR;SBSP;679,00;221
2003;9;TAM;SBSV;SBGL;508,00;470
2003;9;TAM;SBMQ;SBBE;454,00;10
2003;9;TAM;SBPA;SBGL;982,00;149
2003;9;TAM;SBCT;SBFL;501,00;300
2003;9;TAM;SBFL;SBBR;565,00;256
2003;9;TAM;SBCT;SBPA;377,00;44
2003;9;TAM;SBSP;SBVT;578,00;108
2003;9;TAM;SBPS;SBSP;579,00;22
2003;9;TAM;SBSP;SBVT;639,00;131
2003;9;TAM;SBGR;SBSV;783,00;78
2003;9;TAM;SBCT;SBKP;383,00;17
2003;9;TAM;SBPA;SBFL;418,00;15
2003;9;TAM;SBPA;SBFL;174,00;22
2003;9;TAM;SBFL;SBBR;652,00;51
2003;9;TAM;SBSV;SBGL;977,00;203
2003;9;TAM;SBMQ;SBBE;255,00;42
2003;9;TAM;SBGL;SBPA;469,00;1794
2003;9;TAM;SBSV;SBRF;1113,00;25
2003;9;TAM;SBRF;SBSV;1261,00;29
2003;9;TAM;SBBH;SBBR;306,00;2217
2003;9;TAM;SBBH;SBRJ;529,00;137
2003;9;TAM;SBBH;SBSP;463,00;206
2003;9;TAM;SBVT;SBSP;578,00;234
2003;9;TAM;SBBR;SBSV;705,00;102
2003;9;TAM;SBCT;SBGR;450,00;3
2003;9;TAM;SBSP;SBGL;386,00;1
2003;9;TAM;SBBR;SBGL;419,00;2
2003;9;TAM;SBBR;SBGR;485,00;28
2003;9;TAM;SBGL;SBRF;709,00;134
2003;9;TAM;SBBR;SBSP;485,00;1075
2003;9;TAM;SBFL;SBGR;510,00;7
2003;9;TAM;SBVT;SBSP;456,00;461
2003;9;TAM;SBSP;SBBH;365,00;975
2003;9;TAM;SBBE;SBMQ;454,00;17
2003;9;TAM;SBSV;SBGL;899,00;19
2003;9;TAM;SBBE;SBBR;685,00;41
2003;9;TAM;SBBR;SBBE;513,00;19
2003;9;TAM;SBRF;SBSV;1855,00;44
2003;9;TAM;SBBR;SBSV;780,00;55
2003;9;TAM;SBCF;SBGR;512,00;9
2003;9;TAM;SBGO;SBSP;865,00;58
2003;9;TAM;SBBR;SBCT;837,00;37
2003;9;TAM;SBFL;SBSP;258,00;2481
2003;9;TAM;SBVT;SBRJ;314,00;131
2003;9;TAM;SBGR;SBCF;606,00;48
2003;9;TAM;SBBR;SBGO;194,00;100
2003;9;TAM;SBGL;SBSV;459,00;1511
2003;9;TAM;SBRP;SBSP;396,00;291
2003;9;TAM;SBVT;SBRJ;359,00;1628
2003;9;TAM;SBCT;SBSP;372,00;107
2003;9;TAM;SBSP;SBGL;313,00;1
2003;9;TAM;SBBR;SBCT;757,00;41
2003;9;TAM;SBCT;SBGL;331,00;504
2003;9;TAM;SBVT;SBRJ;481,00;10
2003;9;TAM;SBBR;SBBE;1137,00;25
2003;9;TAM;SBPA;SBKP;566,00;50
2003;9;TAM;SBVT;SBRJ;356,00;84
2003;9;TAM;SBBH;SBBR;348,00;204
2003;9;TAM;SBGR;SBCT;339,00;40
2003;9;TAM;SBMQ;SBBE;159,00;922
2003;9;TAM;SBSV;SBRF;1410,00;1
2003;9;TAM;SBSV;SBBR;928,00;98
2003;9;TAM;SBBR;SBRJ;506,00;649
2003;9;TAM;SBGL;SBPA;829,00;66
2003;9;TAM;SBGL;SBRF;761,00;98
2003;9;TAM;SBBH;SBSP;318,00;9421
2003;9;TAM;SBBH;SBRJ;630,00;167
2003;9;TAM;SBBH;SBSP;681,00;259
2003;9;TAM;SBFZ;SBBR;911,00;6
2003;9;TAM;SBBR;SBSP;743,00;19
2003;9;TAM;SBSP;SBGO;660,00;76
2003;9;TAM;SBCT;SBBR;837,00;26
2003;9;TAM;SBCT;SBPA;528,00;22
2003;9;TAM;SBCT;SBGL;620,00;13
2003;9;TAM;SBGL;SBRF;863,00;39
2003;9;TAM;SBFL;SBPA;458,00;1
2003;9;TAM;SBGL;SBSV;664,00;59
2003;9;TAM;SBCT;SBBH;614,00;20
2003;9;TAM;SBSP;SBCT;450,00;4
2003;9;TAM;SBUL;SBSP;529,00;77
2003;9;TAM;SBFZ;SBRF;421,00;113
2003;9;TAM;SBVT;SBSP;835,00;342
2003;9;TAM;SBUL;SBSP;463,00;106
2003;9;TAM;SBBH;SBRJ;200,00;1816
2003;9;TAM;SBCT;SBBH;485,00;111
2003;9;TAM;SBPA;SBCT;188,00;1767
2003;9;TAM;SBBR;SBBH;306,00;2551
2003;9;TAM;SBCT;SBGR;411,00;42
2003;9;TAM;SBGL;SBPA;671,00;40
2003;9;TAM;SBPA;SBKP;832,00;60
2003;9;TAM;SBGR;SBSV;691,00;211
2003;9;TAM;SBPA;SBKP;376,00;866
2003;9;TAM;SBFL;SBPA;299,00;17
2003;9;TAM;SBSP;SBBR;614,00;509
2003;9;TAM;SBSP;SBRP;363,00;2669
2003;9;TAM;SBFZ;SBRF;698,00;40
2003;9;TAM;SBFZ;SBRF;589,00;46
2003;9;TAM;SBFL;SBPA;378,00;2
2003;9;TAM;SBKP;SBPA;699,00;34
2003;9;TAM;SBSP;SBPA;439,00;4909
2003;9;TAM;SBSP;SBFL;510,00;107
2003;9;TAM;SBBR;SBGO;272,00;59
2003;9;TAM;SBBH;SBSP;560,00;28
2003;9;TAM;SBSP;SBFL;364,00;34
2003;9;TAM;SBRJ;SBBR;419,00;3054
2003;9;TAM;SBSV;SBBR;780,00;39
2003;9;TAM;SBSP;SBVT;835,00;126
2003;9;TAM;SBRF;SBSV;1707,00;1
2003;9;TAM;SBBR;SBRJ;641,00;263
2003;9;TAM;SBBH;SBBR;401,00;229
2003;9;TAM;SBCT;SBPA;188,00;1684
2003;9;TAM;SBFZ;SBBR;815,00;36
2003;9;TAM;SBCT;SBBH;807,00;112
2003;9;TAM;SBSP;SBFL;668,00;39
2003;9;TAM;SBBR;SBFL;912,00;12
2003;9;TAM;SBBE;SBBR;1050,00;3
2003;9;TAM;SBBE;SBBR;867,00;7
2003;9;TAM;SBCT;SBSP;450,00;8
2003;9;TAM;SBPA;SBCT;216,00;33
2003;9;TAM;SBVT;SBRJ;235,00;44
2003;9;TAM;SBKP;SBBR;657,00;35
2003;9;TAM;SBSP;SBPA;621,00;159
2003;9;TAM;SBPA;SBKP;632,00;23
2003;9;TAM;SBSP;SBPA;752,00;55
2003;9;TAM;SBBR;SBFZ;726,00;669
2003;9;TAM;SBFL;SBPA;259,00;53
2003;9;TAM;SBSP;SBPS;639,00;23
2003;9;TAM;SBBR;SBBE;958,00;32
2003;9;TAM;SBCT;SBBH;420,00;67
2003;9;TAM;SBRF;SBGL;863,00;52
2003;9;TAM;SBRJ;SBSP;458,00;1451
2003;9;TAM;SBGL;SBCT;331,00;628
2003;9;TAM;SBPA;SBCT;627,00;72
2003;9;TAM;SBRF;SBSV;276,00;99
2003;9;TAM;SBPS;SBSP;499,00;269
2003;9;TAM;SBRJ;SBVT;397,00;12
2003;9;TAM;SBFL;SBPA;339,00;5
2003;9;TAM;SBGL;SBCT;620,00;26
2003;9;TAM;SBBR;SBRJ;449,00;957
2003;9;TAM;SBCT;SBBH;341,00;1167
2003;9;TAM;SBCT;SBBR;995,00;111
2003;9;TAM;SBPA;SBFL;259,00;68
2003;9;TAM;SBSP;SBRP;396,00;240
2003;9;TAM;SBCT;SBPA;243,00;11
2003;9;TAM;SBBR;SBRJ;776,00;19
2003;9;TAM;SBSV;SBRF;965,00;90
2003;9;TAM;SBRJ;SBVT;439,00;43
2003;9;TAM;SBPA;SBGR;556,00;28
2003;9;TAM;SBFL;SBCT;667,00;8
2003;9;TAM;SBRJ;SBBH;328,00;524
2003;9;TAM;SBRP;SBSP;519,00;101
2003;9;TAM;SBBR;SBFL;500,00;1300
2003;9;TAM;SBGR;SBFL;510,00;9
2003;9;TAM;SBRJ;SBVT;356,00;30
2003;9;TAM;SBFL;SBGR;413,00;7
2003;9;TAM;SBBR;SBGO;246,00;23
2003;9;TAM;SBSP;SBBR;485,00;1163
2003;9;TAM;SBFL;SBSP;668,00;42
2003;9;TAM;SBBR;SBFL;825,00;14
2003;9;TAM;SBSV;SBGL;664,00;67
2003;9;TAM;SBGL;SBCT;455,00;15
2003;9;TAM;SBBH;SBRJ;378,00;249
2003;9;TAM;SBBR;SBBH;348,00;320
2003;9;TAM;SBGR;SBGL;243,00;228
2003;9;TAM;SBBR;SBSV;631,00;101
2003;9;TAM;SBPA;SBSP;490,00;607
2003;9;TAM;SBBR;SBGR;743,00;1
2003;9;TAM;SBCT;SBSP;309,00;8578
2003;9;TAM;SBGR;SBSV;603,00;1827
2003;9;TAM;SBFL;SBPA;174,00;58
2003;9;TAM;SBGL;SBRF;964,00;4
2003;9;TAM;SBSV;SBBR;557,00;100
2003;9;TAM;SBGR;SBCF;414,00;4
2003;9;TAM;SBKP;SBSP;180,00;2
2003;9;TAM;SBGR;SBBR;614,00;8
2003;9;TAM;SBCT;SBPA;216,00;48
2003;9;TAM;SBGL;SBGR;313,00;4
2003;9;TAM;SBBE;SBBR;776,00;27
2003;9;TAM;SBGR;SBFL;316,00;2
2003;9;TAM;SBCT;SBSP;513,00;99
2003;9;TAM;SBGL;SBGR;350,00;2
2003;9;TAM;SBCT;SBBR;499,00;1785
2003;9;TAM;SBSP;SBCT;513,00;109
2003;9;TAM;SBRJ;SBBH;630,00;143
2003;9;TAM;SBRF;SBFZ;421,00;58
2003;9;TAM;SBBH;SBRJ;479,00;120
2003;9;TAM;SBCT;SBGL;394,00;48
2003;9;TAM;SBKP;SBGR;180,00;9
2003;9;TAM;SBRJ;SBBH;529,00;117
2003;9;TAM;SBBR;SBFZ;1007,00;34
2003;9;TAM;SBBR;SBBE;1050,00;6
2003;9;TAM;SBGL;SBSV;821,00;94
2003;9;TAM;SBGR;SBSV;1149,00;294
2003;9;TAM;SBSP;SBVT;409,00;3769
2003;9;TAM;SBSP;SBPS;714,00;4
2003;9;TAM;SBKP;SBPA;632,00;10
2003;9;VRG;SBCT;SBKP;489,00;169
2003;9;VRG;SBSP;SBRJ;328,00;38284
2003;9;VRG;SBBH;SBBR;615,00;89
2003;9;VRG;SBSP;SBFL;273,00;918
2003;9;VRG;SBFL;SBPA;209,00;28
2003;9;VRG;SBBR;SBKP;865,00;41
2003;9;VRG;SBNF;SBSP;257,00;190
2003;9;VRG;SBBE;SBBR;476,00;232
2003;9;VRG;SBPA;SBCT;478,00;3
2003;9;VRG;SBPA;SBGL;1184,00;538
2003;9;VRG;SBRJ;SBVT;439,00;7
2003;9;VRG;SBBH;SBRJ;200,00;1275
2003;9;VRG;SBFL;SBPA;174,00;17
2003;9;VRG;SBRF;SBFZ;217,00;637
2003;9;VRG;SBEG;SBGR;1268,00;20
2003;9;VRG;SBPA;SBBR;1027,00;12
2003;9;VRG;SBGR;SBPA;817,00;1645
2003;9;VRG;SBFL;SBGR;461,00;14
2003;9;VRG;SBMQ;SBBE;125,00;201
2003;9;VRG;SBRJ;SBBR;431,00;111
2003;9;VRG;SBGO;SBSP;479,00;1533
2003;9;VRG;SBCT;SBFL;184,00;14
2003;9;VRG;SBSV;SBGR;967,00;32
2003;9;VRG;SBBR;SBRJ;709,00;23
2003;9;VRG;SBRJ;SBCT;330,00;2
2003;9;VRG;SBBR;SBPA;645,00;216
2003;9;VRG;SBSP;SBUL;595,00;82
2003;9;VRG;SBSP;SBNF;251,00;3065
2003;9;VRG;SBGR;SBBR;549,00;229
2003;9;VRG;SBKP;SBBR;796,00;11
2003;9;VRG;SBRJ;SBCT;736,00;56
2003;9;VRG;SBCT;SBRJ;620,00;1
2003;9;VRG;SBGL;SBBR;776,00;164
2003;9;VRG;SBBE;SBMQ;125,00;409
2003;9;VRG;SBCT;SBRJ;736,00;64
2003;9;VRG;SBGR;SBSV;518,00;380
2003;9;VRG;SBGO;SBSP;659,00;22
2003;9;VRG;SBKP;SBBR;450,00;174
2003;9;VRG;SBBH;SBSP;609,00;1850
2003;9;VRG;SBGL;SBSV;743,00;35
2003;9;VRG;SBVT;SBRJ;356,00;228
2003;9;VRG;SBRJ;SBBR;439,00;2230
2003;9;VRG;SBSP;SBPS;940,00;42
2003;9;VRG;SBBR;SBSP;808,00;1821
2003;9;VRG;SBRJ;SBCT;455,00;66
2003;9;VRG;SBBR;SBRJ;574,00;843
2003;9;VRG;SBPS;SBSP;714,00;6
2003;9;VRG;SBGR;SBCF;318,00;1257
2003;9;VRG;SBGL;SBRF;1269,00;291
2003;9;VRG;SBBH;SBBR;669,00;269
2003;9;VRG;SBVT;SBRJ;397,00;9
2003;9;VRG;SBRJ;SBCT;394,00;49
2003;9;VRG;SBPA;SBCT;579,00;40
2003;9;VRG;SBBE;SBBR;958,00;5
2003;9;VRG;SBSP;SBVT;578,00;23
2003;9;VRG;SBGR;SBCT;411,00;36
2003;9;VRG;SBBR;SBSV;632,00;373
2003;9;VRG;SBGR;SBCT;220,00;167
2003;9;VRG;SBFL;SBBR;489,00;12
2003;9;VRG;SBGL;SBCT;620,00;9
2003;9;VRG;SBRJ;SBBH;299,00;135
2003;9;VRG;SBSV;SBGR;875,00;74
2003;9;VRG;SBMQ;SBBE;215,00;14
2003;9;VRG;SBFL;SBBR;565,00;72
2003;9;VRG;SBBR;SBBH;348,00;324
2003;9;VRG;SBPA;SBGL;908,00;220
2003;9;VRG;SBPA;SBGR;621,00;183
2003;9;VRG;SBPA;SBCT;327,00;200
2003;9;VRG;SBFL;SBGL;363,00;114
2003;9;VRG;SBFL;SBCT;409,00;70
2003;9;VRG;SBEG;SBGR;1134,00;438
2003;9;VRG;SBBR;SBGR;614,00;35
2003;9;VRG;SBPA;SBFL;224,00;8
2003;9;VRG;SBFL;SBGR;728,00;29
2003;9;VRG;SBSP;SBRP;472,00;209
2003;9;VRG;SBCT;SBFL;376,00;4
2003;9;VRG;SBSV;SBRF;634,00;23
2003;9;VRG;SBKP;SBBR;389,00;36
2003;9;VRG;SBBH;SBRJ;339,00;227
2003;9;VRG;SBNF;SBSP;571,00;415
2003;9;VRG;SBBR;SBGL;574,00;205
2003;9;VRG;SBBR;SBPA;734,00;296
2003;9;VRG;SBSP;SBVT;326,00;108
2003;9;VRG;SBBE;SBMQ;381,00;2
2003;9;VRG;SBGR;SBEG;1668,00;370
2003;9;VRG;SBGR;SBCF;365,00;183
2003;9;VRG;SBCT;SBRJ;331,00;126
2003;9;VRG;SBPA;SBFL;498,00;136
2003;9;VRG;SBPS;SBSP;940,00;50
2003;9;VRG;SBBR;SBBE;1050,00;25
2003;9;VRG;SBSP;SBFL;510,00;4
2003;9;VRG;SBSV;SBGL;508,00;550
2003;9;VRG;SBFL;SBGR;510,00;14
2003;9;VRG;SBCT;SBGR;333,00;350
2003;9;VRG;SBBR;SBFZ;726,00;498
2003;9;VRG;SBFZ;SBRF;477,00;324
2003;9;VRG;SBSP;SBPS;579,00;71
2003;9;VRG;SBRJ;SBKP;369,00;597
2003;9;VRG;SBSP;SBNF;388,00;239
2003;9;VRG;SBPS;SBSP;499,00;61
2003;9;VRG;SBBH;SBKP;303,00;24
2003;9;VRG;SBGR;SBPA;686,00;105
2003;9;VRG;SBFL;SBGL;549,00;108
2003;9;VRG;SBBH;SBRJ;224,00;1008
2003;9;VRG;SBPA;SBCT;283,00;108
2003;9;VRG;SBRF;SBFZ;533,00;4
2003;9;VRG;SBKP;SBBH;303,00;37
2003;9;VRG;SBGL;SBBR;574,00;142
2003;9;VRG;SBBR;SBKP;796,00;3
2003;9;VRG;SBRJ;SBVT;200,00;310
2003;9;VRG;SBUL;SBSP;595,00;120
2003;9;VRG;SBFL;SBCT;344,00;1
2003;9;VRG;SBSP;SBRJ;218,00;6476
2003;9;VRG;SBBR;SBGR;485,00;124
2003;9;VRG;SBSP;SBBH;274,00;388
2003;9;VRG;SBGR;SBBR;364,00;43
2003;9;VRG;SBGR;SBCT;450,00;878
2003;9;VRG;SBFL;SBPA;224,00;13
2003;9;VRG;SBRJ;SBBR;709,00;29
2003;9;VRG;SBFL;SBGL;613,00;7
2003;9;VRG;SBRF;SBFZ;589,00;2
2003;9;VRG;SBBR;SBSP;614,00;52
2003;9;VRG;SBGR;SBPA;980,00;11
2003;9;VRG;SBPA;SBFL;339,00;53
2003;9;VRG;SBGL;SBPA;1184,00;496
2003;9;VRG;SBGR;SBGL;207,00;84
2003;9;VRG;SBBR;SBSV;929,00;306
2003;9;VRG;SBFZ;SBBR;911,00;28
2003;9;VRG;SBRF;SBFZ;645,00;21
2003;9;VRG;SBBR;SBGL;641,00;17
2003;9;VRG;SBSP;SBBH;560,00;177
2003;9;VRG;SBBR;SBGR;364,00;46
2003;9;VRG;SBCT;SBPA;216,00;14
2003;9;VRG;SBFL;SBGR;558,00;911
2003;9;VRG;SBNF;SBSP;297,00;788
2003;9;VRG;SBPA;SBSP;817,00;1240
2003;9;VRG;SBSV;SBRF;310,00;243
2003;9;VRG;SBSV;SBGL;459,00;1631
2003;9;VRG;SBSV;SBRF;276,00;120
2003;9;VRG;SBRF;SBFZ;477,00;203
2003;9;VRG;SBBE;SBMQ;309,00;33
2003;9;VRG;SBBR;SBFL;825,00;6
2003;9;VRG;SBBR;SBBH;301,00;55
2003;9;VRG;SBGL;SBPA;671,00;515
2003;9;VRG;SBRF;SBSV;276,00;102
2003;9;VRG;SBKP;SBBH;357,00;3
2003;9;VRG;SBCF;SBGR;318,00;1578
2003;9;VRG;SBPA;SBBR;929,00;40
2003;9;VRG;SBPA;SBCT;629,00;120
2003;9;VRG;SBPA;SBGL;444,00;241
2003;9;VRG;SBFL;SBSP;273,00;1015
2003;9;VRG;SBRJ;SBCT;502,00;109
2003;9;VRG;SBBR;SBGL;1013,00;248
2003;9;VRG;SBCT;SBKP;423,00;3
2003;9;VRG;SBVT;SBRJ;272,00;647
2003;9;VRG;SBCT;SBGL;620,00;4
2003;9;VRG;SBCT;SBRJ;394,00;47
2003;9;VRG;SBVT;SBSP;456,00;478
2003;9;VRG;SBSV;SBGL;436,00;292
2003;9;VRG;SBGR;SBCT;309,00;754
2003;9;VRG;SBSP;SBFL;258,00;759
2003;9;VRG;SBGR;SBGL;350,00;78
2003;9;VRG;SBSP;SBBR;485,00;967
2003;9;VRG;SBMQ;SBBE;381,00;3
2003;9;VRG;SBBR;SBKP;389,00;33
2003;9;VRG;SBBR;SBFL;999,00;14
2003;9;VRG;SBGL;SBRF;1513,00;352
2003;9;VRG;SBRJ;SBBR;844,00;1431
2003;9;VRG;SBFZ;SBRF;280,00;13
2003;9;VRG;SBGR;SBSV;1151,00;1350
2003;9;VRG;SBRJ;SBBH;378,00;7
2003;9;VRG;SBBR;SBSP;743,00;158
2003;9;VRG;SBGL;SBBR;709,00;3
2003;9;VRG;SBBR;SBSP;419,00;6271
2003;9;VRG;SBGL;SBFL;484,00;45
2003;9;VRG;SBKP;SBRJ;538,00;312
2003;9;VRG;SBBH;SBBR;301,00;56
2003;9;VRG;SBCT;SBGL;331,00;699
2003;9;VRG;SBSP;SBGO;659,00;4
2003;9;VRG;SBBH;SBBR;562,00;24
2003;9;VRG;SBBR;SBGO;164,00;221
2003;9;VRG;SBFL;SBSP;510,00;3
2003;9;VRG;SBPA;SBGL;750,00;16
2003;9;VRG;SBCT;SBRJ;576,00;5
2003;9;VRG;SBSV;SBGL;582,00;636
2003;9;VRG;SBSV;SBGR;691,00;780
2003;9;VRG;SBFL;SBPA;299,00;22
2003;9;VRG;SBFZ;SBBR;1199,00;141
2003;9;VRG;SBCT;SBGR;309,00;717
2003;9;VRG;SBFL;SBCT;286,00;163
2003;9;VRG;SBPA;SBFL;458,00;144
2003;9;VRG;SBCT;SBPA;327,00;208
2003;9;VRG;SBGL;SBPA;987,00;536
2003;9;VRG;SBBR;SBFZ;1436,00;66
2003;9;VRG;SBPA;SBSP;368,00;374
2003;9;VRG;SBSP;SBRP;395,00;123
2003;9;VRG;SBFL;SBPA;339,00;51
2003;9;VRG;SBPA;SBGR;490,00;448
2003;9;VRG;SBKP;SBCT;464,00;17
2003;9;VRG;SBRJ;SBBR;506,00;1032
2003;9;VRG;SBGL;SBCT;330,00;43
2003;9;VRG;SBRJ;SBCT;697,00;17
2003;9;VRG;SBGR;SBCF;414,00;285
2003;9;VRG;SBUL;SBSP;727,00;154
2003;9;VRG;SBBR;SBBH;306,00;894
2003;9;VRG;SBFL;SBPA;140,00;402
2003;9;VRG;SBFL;SBSP;316,00;443
2003;9;VRG;SBFL;SBPA;598,00;121
2003;9;VRG;SBPA;SBFL;598,00;9
2003;9;VRG;SBBR;SBRJ;641,00;54
2003;9;VRG;SBPA;SBSP;439,00;7045
2003;9;VRG;SBGR;SBSV;603,00;4079
2003;9;VRG;SBVT;SBSP;409,00;2834
2003;9;VRG;SBSP;SBBR;549,00;1880
2003;9;VRG;SBSP;SBFL;364,00;106
2003;9;VRG;SBFL;SBSP;461,00;5
2003;9;VRG;SBSP;SBCT;333,00;596
2003;9;VRG;SBGL;SBFL;968,00;123
2003;9;VRG;SBRF;SBGL;567,00;148
2003;9;VRG;SBBH;SBRJ;259,00;301
2003;9;VRG;SBGL;SBGR;552,00;1849
2003;9;VRG;SBFZ;SBBR;726,00;1062
2003;9;VRG;SBGL;SBRF;664,00;1498
2003;9;VRG;SBPA;SBCT;428,00;130
2003;9;VRG;SBRJ;SBSP;328,00;39097
2003;9;VRG;SBRJ;SBBH;418,00;5
2003;9;VRG;SBCF;SBGR;731,00;82
2003;9;VRG;SBRJ;SBVT;356,00;202
2003;9;VRG;SBSP;SBBH;463,00;60
2003;9;VRG;SBRJ;SBBH;224,00;935
2003;9;VRG;SBSP;SBPA;686,00;12
2003;9;VRG;SBBE;SBMQ;215,00;18
2003;9;VRG;SBUL;SBSP;463,00;12
2003;9;VRG;SBPA;SBBR;734,00;302
2003;9;VRG;SBRF;SBFZ;280,00;22
2003;9;VRG;SBBR;SBBE;776,00;274
2003;9;VRG;SBGO;SBBR;272,00;3
2003;9;VRG;SBFZ;SBRF;589,00;1
2003;9;VRG;SBBH;SBSP;512,00;21
2003;9;VRG;SBBR;SBFZ;1199,00;88
2003;9;VRG;SBFL;SBCT;376,00;4
2003;9;VRG;SBKP;SBRJ;419,00;46
2003;9;VRG;SBFL;SBPA;458,00;105
2003;9;VRG;SBEG;SBGR;834,00;2641
2003;9;VRG;SBSV;SBGL;977,00;447
2003;9;VRG;SBSP;SBVT;517,00;252
2003;9;VRG;SBFZ;SBRF;701,00;284
2003;9;VRG;SBSP;SBPA;490,00;832
2003;9;VRG;SBSP;SBPS;499,00;182
2003;9;VRG;SBCT;SBPA;478,00;8
2003;9;VRG;SBBE;SBMQ;255,00;17
2003;9;VRG;SBSP;SBGO;722,00;565
2003;9;VRG;SBRF;SBGL;1066,00;3
2003;9;VRG;SBBH;SBRJ;418,00;7
2003;9;VRG;SBBR;SBSV;484,00;1752
2003;9;VRG;SBGO;SBSP;785,00;466
2003;9;VRG;SBPA;SBFL;174,00;22
2003;9;VRG;SBBR;SBGL;776,00;169
2003;9;VRG;SBCT;SBGR;372,00;83
2003;9;VRG;SBGL;SBBR;844,00;220
2003;9;VRG;SBGO;SBSP;597,00;16
2003;9;VRG;SBBR;SBGR;419,00;925
2003;9;VRG;SBRF;SBFZ;315,00;118
2003;9;VRG;SBBR;SBBE;1369,00;117
2003;9;VRG;SBRF;SBFZ;701,00;197
2003;9;VRG;SBGL;SBBR;641,00;11
2003;9;VRG;SBVT;SBRJ;439,00;9
2003;9;VRG;SBGL;SBBR;506,00;141
2003;9;VRG;SBPA;SBGR;368,00;335
2003;9;VRG;SBVT;SBRJ;523,00;579
2003;9;VRG;SBGR;SBFL;558,00;801
2003;9;VRG;SBFL;SBBR;869,00;3
2003;9;VRG;SBFL;SBPA;418,00;2
2003;9;VRG;SBKP;SBBH;423,00;10
2003;9;VRG;SBGL;SBSV;899,00;219
2003;9;VRG;SBSP;SBNF;343,00;201
2003;9;VRG;SBBR;SBSP;679,00;20
2003;9;VRG;SBPA;SBGR;752,00;1962
2003;9;VRG;SBCT;SBPA;243,00;91
2003;9;VRG;SBCT;SBKP;343,00;137
2003;9;VRG;SBGL;SBFL;549,00;59
2003;9;VRG;SBBE;SBMQ;159,00;21
2003;9;VRG;SBSV;SBRF;469,00;255
2003;9;VRG;SBCF;SBGR;414,00;237
2003;9;VRG;SBGR;SBEG;1268,00;26
2003;9;VRG;SBRJ;SBBH;458,00;47
2003;9;VRG;SBFL;SBGL;968,00;60
2003;9;VRG;SBRF;SBFZ;421,00;143
2003;9;VRG;SBGO;SBBR;194,00;74
2003;9;VRG;SBGR;SBFL;258,00;98
2003;9;VRG;SBMQ;SBBE;159,00;10
2003;9;VRG;SBRP;SBSP;395,00;193
2003;9;VRG;SBRJ;SBBR;776,00;170
2003;9;VRG;SBBR;SBBE;1141,00;331
2003;9;VRG;SBGR;SBGL;313,00;998
2003;9;VRG;SBBH;SBKP;215,00;31
2003;9;VRG;SBBR;SBGR;808,00;504
2003;9;VRG;SBBR;SBGO;194,00;89
2003;9;VRG;SBPA;SBGR;817,00;1107
2003;9;VRG;SBBR;SBGL;439,00;656
2003;9;VRG;SBSP;SBBH;414,00;1009
2003;9;VRG;SBCF;SBGR;365,00;341
2003;9;VRG;SBGO;SBSP;353,00;379
2003;9;VRG;SBPA;SBBR;1125,00;13
2003;9;VRG;SBBH;SBSP;560,00;219
2003;9;VRG;SBSP;SBPS;639,00;34
2003;9;VRG;SBSV;SBBR;706,00;39
2003;9;VRG;SBVT;SBSP;326,00;100
2003;9;VRG;SBVT;SBRJ;235,00;18
2003;9;VRG;SBBR;SBFZ;539,00;54
2003;9;VRG;SBBH;SBKP;357,00;5
2003;9;VRG;SBGL;SBCT;331,00;967
2003;9;VRG;SBBR;SBGO;246,00;6
2003;9;VRG;SBSP;SBCT;489,00;1634
2003;9;VRG;SBRJ;SBCT;331,00;134
2003;9;VRG;SBSP;SBPA;817,00;1274
2003;9;VRG;SBFL;SBPA;378,00;5
2003;9;VRG;SBFL;SBGR;364,00;121
2003;9;VRG;SBKP;SBBR;329,00;450
2003;9;VRG;SBSP;SBCT;372,00;25
2003;9;VRG;SBGR;SBEG;751,00;242
2003;9;VRG;SBRF;SBFZ;365,00;158
2003;9;VRG;SBSP;SBUL;293,00;32
2003;9;VRG;SBGR;SBPA;556,00;689
2003;9;VRG;SBGR;SBPA;439,00;3614
2003;9;VRG;SBCF;SBGR;463,00;35
2003;9;VRG;SBPA;SBGL;671,00;386
2003;9;VRG;SBBH;SBKP;502,00;3
2003;9;VRG;SBGL;SBGR;386,00;92
2003;9;VRG;SBGO;SBBR;220,00;136
2003;9;VRG;SBBR;SBGL;431,00;116
2003;9;VRG;SBSP;SBPS;865,00;37
2003;9;VRG;SBPA;SBGL;592,00;212
2003;9;VRG;SBBR;SBGL;419,00;971
2003;9;VRG;SBFL;SBPA;259,00;65
2003;9;VRG;SBGR;SBPA;621,00;142
2003;9;VRG;SBGR;SBGL;460,00;7598
2003;9;VRG;SBGL;SBPA;513,00;421
2003;9;VRG;SBGL;SBFL;613,00;2
2003;9;VRG;SBBR;SBFZ;1103,00;5
2003;9;VRG;SBGO;SBBR;298,00;35
2003;9;VRG;SBCT;SBSP;450,00;93
2003;9;VRG;SBGR;SBEG;1401,00;38
2003;9;VRG;SBSV;SBGR;518,00;389
2003;9;VRG;SBBR;SBSP;549,00;1021
2003;9;VRG;SBCT;SBGR;587,00;142
2003;9;VRG;SBGR;SBSV;783,00;570
2003;9;VRG;SBGL;SBPA;750,00;38
2003;9;VRG;SBBH;SBSP;414,00;921
2003;9;VRG;SBGL;SBGR;423,00;891
2003;9;VRG;SBFL;SBGL;807,00;79
2003;9;VRG;SBKP;SBBR;657,00;3
2003;9;VRG;SBCT;SBGL;394,00;233
2003;9;VRG;SBPA;SBCT;188,00;1000
2003;9;VRG;SBPA;SBCT;377,00;78
2003;9;VRG;SBSP;SBBR;419,00;6192
2003;9;VRG;SBSP;SBUL;727,00;80
2003;9;VRG;SBBE;SBBR;776,00;268
2003;9;VRG;SBGR;SBCT;372,00;76
2003;9;VRG;SBBR;SBGO;324,00;36
2003;9;VRG;SBKP;SBBH;660,00;26
2003;9;VRG;SBSP;SBCT;220,00;257
2003;9;VRG;SBCT;SBPA;579,00;69
2003;9;VRG;SBGR;SBSV;1059,00;2104
2003;9;VRG;SBBR;SBGO;146,00;47
2003;9;VRG;SBFL;SBSP;558,00;34
2003;9;VRG;SBEG;SBGR;1535,00;550
2003;9;VRG;SBCT;SBKP;319,00;205
2003;9;VRG;SBBR;SBRJ;844,00;1722
2003;9;VRG;SBSV;SBGL;1164,00;195
2003;9;VRG;SBMQ;SBBE;540,00;9
2003;9;VRG;SBSP;SBBH;318,00;7202
2003;9;VRG;SBKP;SBBR;865,00;45
2003;9;VRG;SBBE;SBMQ;418,00;5
2003;9;VRG;SBPA;SBBR;832,00;359
2003;9;VRG;SBGL;SBSV;821,00;9
2003;9;VRG;SBGR;SBBR;970,00;162
2003;9;VRG;SBBR;SBBH;562,00;23
2003;9;VRG;SBBR;SBBH;669,00;291
2003;9;VRG;SBGO;SBBR;164,00;358
2003;9;VRG;SBGR;SBSV;691,00;847
2003;9;VRG;SBBR;SBRJ;431,00;83
2003;9;VRG;SBBH;SBSP;274,00;321
2003;9;VRG;SBSP;SBVT;409,00;3296
2003;9;VRG;SBRF;SBGL;863,00;323
2003;9;VRG;SBSV;SBGR;1151,00;993
2003;9;VRG;SBFL;SBBR;760,00;52
2003;9;VRG;SBRJ;SBCT;620,00;1
2003;9;VRG;SBUL;SBSP;403,00;721
2003;9;VRG;SBBH;SBSP;463,00;47
2003;9;VRG;SBPA;SBSP;621,00;50
2003;9;VRG;SBGL;SBBR;439,00;456
2003;9;VRG;SBBR;SBGL;709,00;18
2003;9;VRG;SBRJ;SBBH;259,00;216
2003;9;VRG;SBCT;SBGL;736,00;206
2003;9;VRG;SBBH;SBSP;365,00;834
2003;9;VRG;SBGR;SBCF;560,00;872
2003;9;VRG;SBSP;SBVT;699,00;279
2003;9;VRG;SBBR;SBPA;550,00;115
2003;9;VRG;SBSV;SBGR;1059,00;2184
2003;9;VRG;SBBR;SBFL;565,00;89
2003;9;VRG;SBCT;SBPA;377,00;97
2003;9;VRG;SBFL;SBGL;742,00;52
2003;9;VRG;SBSV;SBRF;413,00;198
2003;9;VRG;SBSP;SBPS;423,00;217
2003;9;VRG;SBFZ;SBRF;421,00;190
2003;9;VRG;SBBE;SBBR;1369,00;132
2003;9;VRG;SBSP;SBFL;461,00;6
2003;9;VRG;SBFZ;SBRF;315,00;173
2003;9;VRG;SBFL;SBGR;607,00;157
2003;9;VRG;SBRF;SBSV;413,00;276
2003;9;VRG;SBFL;SBBR;500,00;248
2003;9;VRG;SBRJ;SBBH;200,00;1227
2003;9;VRG;SBSV;SBBR;632,00;257
2003;9;VRG;SBFL;SBCT;311,00;2
2003;9;VRG;SBBH;SBBR;348,00;320
2003;9;VRG;SBBH;SBKP;264,00;11
2003;9;VRG;SBKP;SBCT;299,00;398
2003;9;VRG;SBGL;SBSV;664,00;485
2003;9;VRG;SBGL;SBSV;977,00;460
2003;9;VRG;SBMQ;SBBE;454,00;62
2003;9;VRG;SBGL;SBFL;742,00;26
2003;9;VRG;SBGR;SBSV;875,00;54
2003;9;VRG;SBSV;SBBR;484,00;1655
2003;9;VRG;SBSP;SBGO;597,00;6
2003;9;VRG;SBRJ;SBBR;641,00;95
2003;9;VRG;SBGR;SBCT;333,00;416
2003;9;VRG;SBPA;SBGR;556,00;709
2003;9;VRG;SBBR;SBFL;912,00;3
2003;9;VRG;SBGL;SBFL;807,00;79
2003;9;VRG;SBGL;SBGR;207,00;129
2003;9;VRG;SBSP;SBUL;403,00;801
2003;9;VRG;SBVT;SBRJ;200,00;315
2003;9;VRG;SBBR;SBGO;298,00;18
2003;9;VRG;SBBR;SBGL;506,00;158
2003;9;VRG;SBPA;SBSP;556,00;790
2003;9;VRG;SBBR;SBSP;485,00;938
2003;9;VRG;SBVT;SBSP;699,00;471
2003;9;VRG;SBKP;SBBR;519,00;94
2003;9;VRG;SBGL;SBRF;1066,00;3
2003;9;VRG;SBBR;SBGR;743,00;1271
2003;9;VRG;SBGL;SBBR;431,00;84
2003;9;VRG;SBBE;SBMQ;345,00;1
2003;9;VRG;SBGL;SBPA;444,00;235
2003;9;VRG;SBSV;SBRF;579,00;3
2003;9;VRG;SBRJ;SBBR;419,00;4271
2003;9;VRG;SBVT;SBSP;639,00;29
2003;9;VRG;SBGL;SBRF;863,00;300
2003;9;VRG;SBBR;SBGR;549,00;296
2003;9;VRG;SBFZ;SBRF;533,00;28
2003;9;VRG;SBRF;SBSV;310,00;199
2003;9;VRG;SBRJ;SBSP;218,00;5888
2003;9;VRG;SBGR;SBEG;1535,00;459
2003;9;VRG;SBBR;SBGR;679,00;54
2003;9;VRG;SBGL;SBGR;350,00;146
2003;9;VRG;SBSP;SBGO;785,00;556
2003;9;VRG;SBBR;SBGO;272,00;3
2003;9;VRG;SBSV;SBRF;256,00;1281
2003;9;VRG;SBGL;SBSV;582,00;468
2003;9;VRG;SBCT;SBGL;330,00;117
2003;9;VRG;SBSP;SBPA;368,00;352
2003;9;VRG;SBUL;SBSP;293,00;37
2003;9;VRG;SBBR;SBPA;1223,00;295
2003;9;VRG;SBGR;SBPA;752,00;1595
2003;9;VRG;SBCT;SBGR;489,00;417
2003;9;VRG;SBFL;SBGL;432,00;622
2003;9;VRG;SBGL;SBCT;455,00;60
2003;9;VRG;SBBE;SBBR;685,00;176
2003;9;VRG;SBRJ;SBVT;397,00;16
2003;9;VRG;SBGR;SBCF;463,00;32
2003;9;VRG;SBGR;SBBR;485,00;165
2003;9;VRG;SBRF;SBSV;634,00;20
2003;9;VRG;SBMQ;SBBE;255,00;18
2003;9;VRG;SBGR;SBBR;419,00;815
2003;9;VRG;SBRF;SBGL;1269,00;269
2003;9;VRG;SBSV;SBBR;557,00;412
2003;9;VRG;SBRJ;SBKP;499,00;68
2003;9;VRG;SBGR;SBCF;512,00;16
2003;9;VRG;SBGR;SBPA;368,00;368
2003;9;VRG;SBGR;SBEG;1001,00;647
2003;9;VRG;SBBR;SBBH;508,00;46
2003;9;VRG;SBPA;SBBR;645,00;190
2003;9;VRG;SBCT;SBPA;428,00;101
2003;9;VRG;SBBE;SBMQ;540,00;2
2003;9;VRG;SBRJ;SBBR;574,00;1071
2003;9;VRG;SBGR;SBFL;413,00;167
2003;9;VRG;SBGL;SBFL;363,00;142
2003;9;VRG;SBNF;SBSP;480,00;5
2003;9;VRG;SBBR;SBFL;738,00;59
2003;9;VRG;SBGO;SBBR;324,00;88
2003;9;VRG;SBRF;SBSV;524,00;24
2003;9;VRG;SBSP;SBVT;724,00;417
2003;9;VRG;SBCT;SBGR;450,00;1077
2003;9;VRG;SBSP;SBNF;297,00;782
2003;9;VRG;SBCT;SBRJ;330,00;3
2003;9;VRG;SBRJ;SBBH;498,00;1115
2003;9;VRG;SBSP;SBPA;556,00;748
2003;9;VRG;SBGL;SBGR;460,00;6579
2003;9;VRG;SBEG;SBGR;1401,00;16
2003;9;VRG;SBBR;SBRJ;776,00;137
2003;9;VRG;SBPA;SBBR;1468,00;151
2003;9;VRG;SBSP;SBNF;525,00;147
2003;9;VRG;SBBR;SBFZ;911,00;16
2003;9;VRG;SBGO;SBBR;146,00;158
2003;9;VRG;SBGR;SBEG;1134,00;609
2003;9;VRG;SBKP;SBRJ;238,00;1
2003;9;VRG;SBCT;SBKP;464,00;28
2003;9;VRG;SBGL;SBGR;313,00;744
2003;9;VRG;SBBR;SBGO;220,00;120
2003;9;VRG;SBGR;SBFL;607,00;203
2003;9;VRG;SBGL;SBRF;761,00;331
2003;9;VRG;SBFL;SBSP;413,00;188
2003;9;VRG;SBPA;SBCT;243,00;85
2003;9;VRG;SBUL;SBSP;529,00;4
2003;9;VRG;SBNF;SBSP;388,00;199
2003;9;VRG;SBSP;SBNF;434,00;25
2003;9;VRG;SBFZ;SBRF;217,00;593
2003;9;VRG;SBSP;SBBR;808,00;1604
2003;9;VRG;SBPA;SBFL;378,00;7
2003;9;VRG;SBBE;SBMQ;454,00;109
2003;9;VRG;SBSP;SBUL;463,00;9
2003;9;VRG;SBGL;SBCT;881,00;36
2003;9;VRG;SBGR;SBBR;614,00;28
2003;9;VRG;SBGR;SBCF;274,00;39
2003;9;VRG;SBGR;SBFL;364,00;87
2003;9;VRG;SBBR;SBRJ;506,00;779
2003;9;VRG;SBGL;SBPA;908,00;140
2003;9;VRG;SBRJ;SBVT;314,00;147
2003;9;VRG;SBCF;SBGR;609,00;309
2003;9;VRG;SBCT;SBSP;372,00;21
2003;9;VRG;SBPA;SBFL;299,00;42
2003;9;VRG;SBEG;SBGR;751,00;279
2003;9;VRG;SBBE;SBBR;513,00;628
2003;9;VRG;SBGR;SBGL;386,00;80
2003;9;VRG;SBSP;SBGO;353,00;391
2003;9;VRG;SBBR;SBBE;513,00;664
2003;9;VRG;SBBR;SBPA;929,00;125
2003;9;VRG;SBBH;SBBR;508,00;71
2003;9;VRG;SBSP;SBBH;365,00;943
2003;9;VRG;SBNF;SBSP;434,00;16
2003;9;VRG;SBRJ;SBCT;576,00;5
2003;9;VRG;SBSP;SBNF;480,00;6
2003;9;VRG;SBGL;SBCT;502,00;93
2003;9;VRG;SBSV;SBRF;358,00;391
2003;9;VRG;SBCF;SBGR;274,00;72
2003;9;VRG;SBBR;SBBH;615,00;58
2003;9;VRG;SBKP;SBCT;423,00;2
2003;9;VRG;SBCT;SBSP;220,00;350
2003;9;VRG;SBBR;SBBH;401,00;311
2003;9;VRG;SBKP;SBBH;215,00;8
2003;9;VRG;SBPA;SBGL;469,00;2521
2003;9;VRG;SBBR;SBKP;519,00;82
2003;9;VRG;SBBR;SBRJ;439,00;1748
2003;9;VRG;SBBR;SBKP;588,00;79
2003;9;VRG;SBSP;SBPA;439,00;6534
2003;9;VRG;SBKP;SBCT;489,00;105
2003;9;VRG;SBVT;SBSP;517,00;330
2003;9;VRG;SBSP;SBCT;309,00;5721
2003;9;VRG;SBGR;SBCT;489,00;615
2003;9;VRG;SBCT;SBPA;283,00;134
2003;9;VRG;SBGR;SBGL;423,00;401
2003;9;VRG;SBRJ;SBVT;272,00;571
2003;9;VRG;SBPA;SBGL;513,00;451
2003;9;VRG;SBSV;SBGR;1381,00;270
2003;9;VRG;SBCF;SBGR;512,00;48
2003;9;VRG;SBSP;SBBR;364,00;292
2003;9;VRG;SBBR;SBBE;958,00;5
2003;9;VRG;SBBR;SBKP;657,00;5
2003;9;VRG;SBGL;SBCT;736,00;110
2003;9;VRG;SBBR;SBBE;476,00;178
2003;9;VRG;SBGL;SBSV;508,00;612
2003;9;VRG;SBRF;SBSV;256,00;936
2003;9;VRG;SBBR;SBGL;844,00;318
2003;9;VRG;SBCT;SBGL;697,00;111
2003;9;VRG;SBSV;SBBR;929,00;158
2003;9;VRG;SBMQ;SBBE;309,00;18
2003;9;VRG;SBGR;SBFL;273,00;298
2003;9;VRG;SBBE;SBBR;867,00;15
2003;9;VRG;SBSV;SBGL;821,00;6
2003;9;VRG;SBGL;SBPA;592,00;261
2003;9;VRG;SBGL;SBGR;243,00;3900
2003;9;VRG;SBSP;SBBH;512,00;13
2003;9;VRG;SBEG;SBGR;1668,00;357
2003;9;VRG;SBSP;SBFL;413,00;169
2003;9;VRG;SBBR;SBSV;780,00;10
2003;9;VRG;SBFL;SBBR;999,00;3
2003;9;VRG;SBPA;SBGL;987,00;497
2003;9;VRG;SBBR;SBFL;652,00;41
2003;9;VRG;SBFL;SBBR;977,00;2
2003;9;VRG;SBBR;SBSV;557,00;832
2003;9;VRG;SBGL;SBCT;697,00;26
2003;9;VRG;SBBH;SBRJ;458,00;66
2003;9;VRG;SBPA;SBSP;752,00;139
2003;9;VRG;SBCT;SBPA;629,00;201
2003;9;VRG;SBCT;SBKP;220,00;2
2003;9;VRG;SBSV;SBGL;743,00;44
2003;9;VRG;SBGR;SBCF;731,00;89
2003;9;VRG;SBRJ;SBKP;329,00;1040
2003;9;VRG;SBSP;SBBH;609,00;1875
2003;9;VRG;SBSP;SBGO;534,00;251
2003;9;VRG;SBBR;SBPA;832,00;491
2003;9;VRG;SBCT;SBSP;309,00;5301
2003;9;VRG;SBPS;SBSP;639,00;31
2003;9;VRG;SBBR;SBSV;855,00;31
2003;9;VRG;SBBR;SBBH;455,00;435
2003;9;VRG;SBKP;SBBR;588,00;74
2003;9;VRG;SBSP;SBCT;450,00;178
2003;9;VRG;SBKP;SBCT;343,00;252
2003;9;VRG;SBFL;SBGR;316,00;647
2003;9;VRG;SBGR;SBCF;609,00;245
2003;9;VRG;SBKP;SBRJ;459,00;8
2003;9;VRG;SBPA;SBGR;686,00;120
2003;9;VRG;SBBH;SBBR;401,00;364
2003;9;VRG;SBBH;SBRJ;299,00;191
2003;9;VRG;SBPA;SBFL;209,00;24
2003;9;VRG;SBSP;SBBR;743,00;228
2003;9;VRG;SBFL;SBCT;184,00;29
2003;9;VRG;SBSV;SBBR;855,00;16
2003;9;VRG;SBVT;SBRJ;481,00;232
2003;9;VRG;SBBR;SBPA;1027,00;44
2003;9;VRG;SBCT;SBGR;220,00;156
2003;9;VRG;SBCT;SBFL;286,00;341
2003;9;VRG;SBSP;SBCT;411,00;14
2003;9;VRG;SBFZ;SBRF;365,00;228
2003;9;VRG;SBRJ;SBVT;481,00;127
2003;9;VRG;SBRJ;SBBH;339,00;344
2003;9;VRG;SBFL;SBPA;498,00;97
2003;9;VRG;SBGR;SBFL;316,00;734
2003;9;VRG;SBKP;SBBH;279,00;1
2003;9;VRG;SBPA;SBCT;216,00;18
2003;9;VRG;SBPA;SBGR;439,00;3450
2003;9;VRG;SBSP;SBRP;363,00;848
2003;9;VRG;SBPA;SBCT;528,00;2
2003;9;VRG;SBPA;SBSP;686,00;5
2003;9;VRG;SBFZ;SBBR;539,00;165
2003;9;VRG;SBFZ;SBBR;1103,00;9
2003;9;VRG;SBBR;SBSP;364,00;181
2003;9;VRG;SBFL;SBSP;607,00;397
2003;9;VRG;SBFL;SBSP;258,00;626
2003;9;VRG;SBGO;SBBR;246,00;4
2003;9;VRG;SBSP;SBFL;607,00;396
2003;9;VRG;SBRJ;SBVT;523,00;720
2003;9;VRG;SBBR;SBPA;1125,00;42
2003;9;VRG;SBBR;SBSV;706,00;39
2003;9;VRG;SBNF;SBSP;251,00;2981
2003;9;VRG;SBSV;SBRF;524,00;33
2003;9;VRG;SBRF;SBGL;664,00;1550
2003;9;VRG;SBSV;SBGL;899,00;437
2003;9;VRG;SBGR;SBGL;276,00;348
2003;9;VRG;SBBR;SBKP;450,00;191
2003;9;VRG;SBGO;SBSP;722,00;1067
2003;9;VRG;SBCT;SBFL;311,00;2
2003;9;VRG;SBCT;SBSP;489,00;1905
2003;9;VRG;SBSV;SBGL;664,00;443
2003;9;VRG;SBFL;SBGR;413,00;176
2003;9;VRG;SBGL;SBBR;1013,00;269
2003;9;VRG;SBGR;SBFL;461,00;28
2003;9;VRG;SBFL;SBBR;1303,00;5
2003;9;VRG;SBSP;SBFL;316,00;381
2003;9;VRG;SBBR;SBGR;970,00;136
2003;9;VRG;SBCT;SBGL;455,00;80
2003;9;VRG;SBGL;SBFL;432,00;689
2003;9;VRG;SBFZ;SBBR;1436,00;129
2003;9;VRG;SBCT;SBGL;576,00;20
2003;9;VRG;SBGL;SBFL;678,00;4
2003;9;VRG;SBGL;SBCT;576,00;1
2003;9;VRG;SBPA;SBSP;490,00;1029
2003;9;VRG;SBKP;SBCT;319,00;403
2003;9;VRG;SBCT;SBGR;411,00;29
2003;9;VRG;SBFL;SBSP;364,00;81
2003;9;VRG;SBBE;SBBR;1050,00;20
2003;9;VRG;SBSP;SBPA;752,00;129
2003;9;VRG;SBFL;SBGR;258,00;117
2003;9;VRG;SBGR;SBSV;967,00;20
2003;9;VRG;SBBR;SBFZ;815,00;80
2003;9;VRG;SBRF;SBSV;469,00;253
2003;9;VRG;SBCT;SBFL;409,00;34
2003;9;VRG;SBBH;SBKP;423,00;16
2003;9;VRG;SBCT;SBGL;881,00;69
2003;9;VRG;SBGL;SBSV;1164,00;168
2003;9;VRG;SBCT;SBKP;299,00;371
2003;9;VRG;SBPA;SBGL;829,00;8
2003;9;VRG;SBRJ;SBVT;235,00;16
2003;9;VRG;SBEG;SBGR;2002,00;612
2003;9;VRG;SBGL;SBGR;276,00;575
2003;9;VRG;SBCF;SBGR;560,00;1281
2003;9;VRG;SBKP;SBRJ;329,00;1015
2003;9;VRG;SBSP;SBFL;558,00;56
2003;9;VRG;SBSP;SBPS;790,00;1
2003;9;VRG;SBGR;SBFL;510,00;9
2003;9;VRG;SBSP;SBPA;621,00;42
2003;9;VRG;SBGL;SBSV;436,00;198
2003;9;VRG;SBBR;SBRJ;419,00;4298
2003;9;VRG;SBGR;SBBR;808,00;464
2003;9;VRG;SBEG;SBGR;1001,00;506
2003;9;VRG;SBNF;SBSP;525,00;110
2003;9;VRG;SBRP;SBSP;363,00;730
2003;9;VRG;SBRF;SBGL;1167,00;197
2003;9;VRG;SBBR;SBBE;685,00;171
2003;9;VRG;SBKP;SBBH;264,00;19
2003;9;VRG;SBBR;SBBE;867,00;17
2003;9;VRG;SBKP;SBCT;383,00;12
2003;9;VRG;SBGL;SBPA;469,00;2102
2003;9;VRG;SBSP;SBNF;571,00;484
2003;9;VRG;SBPA;SBBR;550,00;69
2003;9;VRG;SBSP;SBUL;529,00;1
2003;9;VRG;SBGO;SBSP;534,00;620
2003;9;VRG;SBCT;SBGL;502,00;73
2003;9;VRG;SBSP;SBNF;257,00;167
2003;9;VRG;SBVT;SBSP;724,00;424
2003;9;VRG;SBRJ;SBKP;419,00;40
2003;9;VRG;SBBR;SBFL;1303,00;9
2003;9;VRG;SBBH;SBKP;660,00;24
2003;9;VRG;SBGR;SBEG;2002,00;567
2003;9;VRG;SBBR;SBSV;418,00;186
2003;9;VRG;SBBH;SBKP;607,00;4
2003;9;VRG;SBCT;SBPA;188,00;1041
2003;9;VRG;SBBE;SBBR;1141,00;228
2003;9;VRG;SBGL;SBCT;394,00;188
2003;9;VRG;SBPS;SBSP;865,00;92
2003;9;VRG;SBPS;SBSP;423,00;252
2003;9;VRG;SBSP;SBGO;479,00;1649
2003;9;VRG;SBSV;SBBR;780,00;5
2003;9;VRG;SBRF;SBGL;964,00;31
2003;9;VRG;SBCT;SBKP;383,00;8
2003;9;VRG;SBBE;SBMQ;189,00;7
2003;9;VRG;SBSV;SBGR;603,00;4077
2003;9;VRG;SBBR;SBFL;489,00;17
2003;9;VRG;SBFL;SBGL;678,00;1
2003;9;VRG;SBGR;SBGL;243,00;2956
2003;9;VRG;SBBH;SBSP;318,00;6642
2003;9;VRG;SBFZ;SBBR;1007,00;5
2003;9;VRG;SBBH;SBBR;306,00;644
2003;9;VRG;SBBH;SBRJ;378,00;14
2003;9;VRG;SBFL;SBGL;484,00;34
2003;9;VRG;SBRF;SBGL;1513,00;362
2003;9;VRG;SBPA;SBFL;259,00;98
2003;9;VRG;SBFL;SBBR;652,00;26
2003;9;VRG;SBGL;SBBR;419,00;950
2003;9;VRG;SBFZ;SBBR;815,00;175
2003;9;VRG;SBGR;SBBR;679,00;32
2003;9;VRG;SBVT;SBSP;578,00;62
2003;9;VRG;SBSP;SBBR;679,00;43
2003;9;VRG;SBSP;SBBR;614,00;70
2003;9;VRG;SBBH;SBKP;554,00;1
2003;9;VRG;SBPA;SBFL;140,00;530
2003;9;VRG;SBBH;SBRJ;498,00;929
2003;9;VRG;SBSP;SBVT;456,00;362
2003;9;VRG;SBRF;SBGL;761,00;316
2003;9;VRG;SBKP;SBRJ;499,00;89
2003;9;VRG;SBCT;SBPA;528,00;2
2003;9;VRG;SBBR;SBFL;500,00;180
2003;9;VRG;SBGL;SBRF;1167,00;181
2003;9;VRG;SBGL;SBSV;459,00;1760
2003;9;VRG;SBGR;SBBR;743,00;774
2003;9;VRG;SBGL;SBRF;567,00;166
2003;9;VRG;SBGR;SBCT;587,00;152
2003;9;VRG;SBGL;SBRF;964,00;28
2003;9;VRG;SBCT;SBSP;411,00;8
2003;9;VRG;SBSV;SBRF;689,00;198
2003;9;VRG;SBBR;SBPA;1468,00;168
2003;9;VRG;SBSV;SBBR;418,00;136
2003;9;VRG;SBGR;SBGL;552,00;1537
2003;9;VRG;SBGR;SBSV;1381,00;253
2003;9;VRG;SBGR;SBPA;490,00;330
2003;9;VRG;SBVT;SBRJ;314,00;193
2003;9;VRG;SBFZ;SBRF;645,00;75
2003;9;VRG;SBCT;SBSP;333,00;538
2003;9;VRG;SBSV;SBGR;783,00;564
2003;9;VRG;SBCT;SBRJ;502,00;96
2003;9;VRG;SBKP;SBRJ;369,00;566
2003;9;VRG;SBRF;SBSV;358,00;301
2003;9;VRG;SBRF;SBSV;689,00;161
2003;9;VRG;SBBH;SBBR;455,00;468
2003;9;VRG;SBNF;SBSP;343,00;140
2003;9;VRG;SBRP;SBSP;472,00;152
2003;9;VRG;SBRJ;SBKP;538,00;232
2003;9;VRG;SBPA;SBBR;1223,00;167
2003;9;VRG;SBRJ;SBKP;459,00;13
2003;9;VRG;SBFL;SBGR;273,00;299
2003;9;VRG;SBGL;SBPA;829,00;5
2003;9;VRG;SBSP;SBVT;639,00;11
2003;9;VRG;SBCT;SBRJ;697,00;27
2003;9;VRG;SBCT;SBRJ;455,00;80
2003;9;VRG;SBFL;SBBR;1086,00;18
2003;9;VRG;SBKP;SBBR;399,00;93
2003;9;VRG;SBGR;SBEG;834,00;2510
2003;9;VRG;SBGR;SBFL;728,00;44
2003;9;VRG;SBBR;SBFL;1086,00;26
2003;9;VSP;SBFL;SBGR;159,00;416
2003;9;VSP;SBRF;SBGL;1266,00;33
2003;9;VSP;SBRF;SBFZ;579,00;2
2003;9;VSP;SBGL;SBGR;317,00;4
2003;9;VSP;SBBR;SBFL;360,00;91
2003;9;VSP;SBBR;SBCF;327,00;18
2003;9;VSP;SBMQ;SBBE;272,00;16
2003;9;VSP;SBGR;SBSV;578,00;91
2003;9;VSP;SBBR;SBSP;486,00;290
2003;9;VSP;SBGR;SBSV;867,00;1
2003;9;VSP;SBGO;SBBR;139,00;1535
2003;9;VSP;SBBR;SBGL;455,00;179
2003;9;VSP;SBSP;SBCT;493,00;8
2003;9;VSP;SBBR;SBCF;490,00;19
2003;9;VSP;SBCT;SBGL;237,00;239
2003;9;VSP;SBRF;SBGL;696,00;254
2003;9;VSP;SBGR;SBPA;411,00;16
2003;9;VSP;SBGR;SBPA;534,00;4
2003;9;VSP;SBSV;SBRF;184,00;456
2003;9;VSP;SBSP;SBPA;452,00;2
2003;9;VSP;SBGR;SBGL;487,00;69
2003;9;VSP;SBFZ;SBRF;409,00;179
2003;9;VSP;SBFL;SBGR;615,00;105
2003;9;VSP;SBBR;SBBH;424,00;1
2003;9;VSP;SBBR;SBSP;214,00;829
2003;9;VSP;SBCT;SBBR;449,00;9
2003;9;VSP;SBGL;SBCT;536,00;5
2003;9;VSP;SBCT;SBBR;748,00;15
2003;9;VSP;SBSP;SBBH;326,00;5
2003;9;VSP;SBGL;SBPA;595,00;7
2003;9;VSP;SBGL;SBBR;299,00;262
2003;9;VSP;SBBE;SBMQ;453,00;21
2003;9;VSP;SBBR;SBBE;574,00;48
2003;9;VSP;SBGR;SBCF;444,00;1
2003;9;VSP;SBPA;SBSP;616,00;9
2003;9;VSP;SBBR;SBSP;405,00;153
2003;9;VSP;SBSP;SBCT;271,00;3
2003;9;VSP;SBEG;SBGR;923,00;17
2003;9;VSP;SBBR;SBSP;319,00;631
2003;9;VSP;SBRF;SBFZ;443,00;14
2003;9;VSP;SBBR;SBSP;527,00;31
2003;9;VSP;SBCT;SBGL;393,00;20
2003;9;VSP;SBSP;SBPA;299,00;34
2003;9;VSP;SBCF;SBBR;327,00;21
2003;9;VSP;SBBR;SBKP;455,00;10
2003;9;VSP;SBPA;SBGL;545,00;109
2003;9;VSP;SBGR;SBCF;237,00;36
2003;9;VSP;SBSP;SBRJ;249,00;12247
2003;9;VSP;SBRF;SBFZ;252,00;39
2003;9;VSP;SBKP;SBBR;828,00;6
2003;9;VSP;SBPA;SBGR;359,00;46
2003;9;VSP;SBSP;SBBH;592,00;12
2003;9;VSP;SBBR;SBFL;590,00;9
2003;9;VSP;SBGR;SBBR;446,00;38
2003;9;VSP;SBMQ;SBBE;227,00;28
2003;9;VSP;SBFZ;SBBR;661,00;3
2003;9;VSP;SBBR;SBSV;678,00;18
2003;9;VSP;SBBE;SBBR;746,00;1
2003;9;VSP;SBCT;SBGL;607,00;1
2003;9;VSP;SBBR;SBGR;214,00;518
2003;9;VSP;SBPA;SBCT;347,00;7
2003;9;VSP;SBCT;SBGL;714,00;27
2003;9;VSP;SBBR;SBCT;352,00;91
2003;9;VSP;SBPA;SBBR;799,00;2
2003;9;VSP;SBPA;SBCT;199,00;1
2003;9;VSP;SBFZ;SBRF;443,00;16
2003;9;VSP;SBGR;SBCF;296,00;9
2003;9;VSP;SBGL;SBSV;489,00;175
2003;9;VSP;SBGL;SBBR;827,00;63
2003;9;VSP;SBGR;SBFL;308,00;24
2003;9;VSP;SBGR;SBFL;159,00;367
2003;9;VSP;SBBH;SBBR;289,00;72
2003;9;VSP;SBGO;SBBR;198,00;75
2003;9;VSP;SBSV;SBGL;489,00;350
2003;9;VSP;SBGO;SBBR;165,00;35
2003;9;VSP;SBGR;SBBR;214,00;632
2003;9;VSP;SBGL;SBSV;587,00;136
2003;9;VSP;SBBR;SBBE;415,00;20
2003;9;VSP;SBFZ;SBBR;721,00;23
2003;9;VSP;SBEG;SBGR;1259,00;1
2003;9;VSP;SBSV;SBRF;144,00;1115
2003;9;VSP;SBSV;SBGL;587,00;162
2003;9;VSP;SBFL;SBGR;369,00;5
2003;9;VSP;SBSV;SBBR;379,00;555
2003;9;VSP;SBBR;SBBE;860,00;2
2003;9;VSP;SBGL;SBRF;556,00;839
2003;9;VSP;SBFL;SBBR;590,00;7
2003;9;VSP;SBBH;SBBR;359,00;81
2003;9;VSP;SBCT;SBBR;499,00;21
2003;9;VSP;SBSV;SBRF;674,00;41
2003;9;VSP;SBPA;SBSP;534,00;15
2003;9;VSP;SBSV;SBBR;904,00;111
2003;9;VSP;SBBR;SBBH;359,00;70
2003;9;VSP;SBPA;SBGL;279,00;677
2003;9;VSP;SBBR;SBSV;542,00;166
2003;9;VSP;SBBR;SBGO;198,00;58
2003;9;VSP;SBPA;SBGR;452,00;46
2003;9;VSP;SBCT;SBGL;428,00;12
2003;9;VSP;SBBR;SBFL;805,00;1
2003;9;VSP;SBSV;SBGL;978,00;115
2003;9;VSP;SBSV;SBGL;538,00;1014
2003;9;VSP;SBCT;SBPA;378,00;2
2003;9;VSP;SBPA;SBGL;991,00;38
2003;9;VSP;SBBR;SBGL;414,00;11
2003;9;VSP;SBRJ;SBSP;249,00;12602
2003;9;VSP;SBBH;SBSP;186,00;1784
2003;9;VSP;SBGR;SBEG;1678,00;20
2003;9;VSP;SBPA;SBBR;569,00;9
2003;9;VSP;SBBR;SBBE;330,00;823
2003;9;VSP;SBSP;SBPA;266,00;102
2003;9;VSP;SBSP;SBBR;319,00;549
2003;9;VSP;SBCT;SBSP;493,00;11
2003;9;VSP;SBBR;SBBH;490,00;1
2003;9;VSP;SBBR;SBSP;810,00;312
2003;9;VSP;SBBR;SBSV;452,00;354
2003;9;VSP;SBBR;SBFZ;661,00;8
2003;9;VSP;SBGL;SBCT;607,00;3
2003;9;VSP;SBPA;SBCT;144,00;57
2003;9;VSP;SBPA;SBBR;1229,00;9
2003;9;VSP;SBKP;SBBR;455,00;14
2003;9;VSP;SBFZ;SBRF;252,00;36
2003;9;VSP;SBBR;SBGO;139,00;1730
2003;9;VSP;SBCT;SBPA;144,00;67
2003;9;VSP;SBFL;SBBR;805,00;4
2003;9;VSP;SBBR;SBCF;392,00;12
2003;9;VSP;SBCT;SBPA;347,00;13
2003;9;VSP;SBCF;SBBR;359,00;2
2003;9;VSP;SBBR;SBCT;997,00;3
2003;9;VSP;SBGL;SBCT;714,00;21
2003;9;VSP;SBSV;SBGL;636,00;49
2003;9;VSP;SBPA;SBGL;496,00;28
2003;9;VSP;SBCT;SBBR;399,00;47
2003;9;VSP;SBSP;SBBR;810,00;331
2003;9;VSP;SBBR;SBGR;369,00;39
2003;9;VSP;SBPA;SBBR;469,00;78
2003;9;VSP;SBBR;SBGL;827,00;59
2003;9;VSP;SBGR;SBGL;268,00;135
2003;9;VSP;SBKP;SBBR;329,00;14
2003;9;VSP;SBGL;SBRF;823,00;1
2003;9;VSP;SBBE;SBMQ;294,00;1
2003;9;VSP;SBGL;SBGR;414,00;6
2003;9;VSP;SBPA;SBSP;359,00;18
2003;9;VSP;SBBR;SBPA;737,00;5
2003;9;VSP;SBSP;SBCT;320,00;2
2003;9;VSP;SBCF;SBGR;296,00;7
2003;9;VSP;SBRF;SBSV;219,00;77
2003;9;VSP;SBBR;SBCT;648,00;15
2003;9;VSP;SBGL;SBSV;308,00;2073
2003;9;VSP;SBSV;SBRF;371,00;208
2003;9;VSP;SBGR;SBSV;636,00;635
2003;9;VSP;SBRF;SBGL;760,00;21
2003;9;VSP;SBGL;SBKP;335,00;4
2003;9;VSP;SBBE;SBBR;1147,00;13
2003;9;VSP;SBBR;SBPA;469,00;96
2003;9;VSP;SBCF;SBBR;653,00;21
2003;9;VSP;SBBR;SBCF;289,00;25
2003;9;VSP;SBBR;SBBE;631,00;51
2003;9;VSP;SBCF;SBBR;392,00;8
2003;9;VSP;SBSV;SBRF;404,00;41
2003;9;VSP;SBKP;SBGL;279,00;444
2003;9;VSP;SBSP;SBPA;616,00;8
2003;9;VSP;SBSV;SBBR;452,00;274
2003;9;VSP;SBBE;SBBR;330,00;603
2003;9;VSP;SBSV;SBGR;296,00;2478
2003;9;VSP;SBCF;SBGR;186,00;354
2003;9;VSP;SBBR;SBBH;653,00;38
2003;9;VSP;SBBR;SBFZ;901,00;2
2003;9;VSP;SBSV;SBBR;497,00;533
2003;9;VSP;SBRF;SBGL;633,00;50
2003;9;VSP;SBGR;SBEG;839,00;9
2003;9;VSP;SBGL;SBSV;978,00;145
2003;9;VSP;SBFZ;SBRF;199,00;116
2003;9;VSP;SBBR;SBGO;330,00;99
2003;9;VSP;SBSP;SBBH;355,00;3
2003;9;VSP;SBSP;SBPA;534,00;10
2003;9;VSP;SBGL;SBRF;760,00;4
2003;9;VSP;SBCT;SBBR;548,00;4
2003;9;VSP;SBBR;SBFZ;601,00;29
2003;9;VSP;SBGR;SBGL;292,00;39
2003;9;VSP;SBSP;SBBR;486,00;359
2003;9;VSP;SBGO;SBBR;182,00;211
2003;9;VSP;SBGR;SBCF;326,00;13
2003;9;VSP;SBFL;SBBR;1073,00;1
2003;9;VSP;SBBR;SBPA;519,00;45
2003;9;VSP;SBGL;SBSV;636,00;29
2003;9;VSP;SBPA;SBBR;519,00;31
2003;9;VSP;SBGR;SBPA;359,00;2
2003;9;VSP;SBGL;SBSV;831,00;18
2003;9;VSP;SBBR;SBGL;260,00;571
2003;9;VSP;SBBR;SBGR;689,00;3
2003;9;VSP;SBGL;SBCT;237,00;229
2003;9;VSP;SBMQ;SBBE;131,00;4
2003;9;VSP;SBSP;SBCT;370,00;15
2003;9;VSP;SBGR;SBBR;486,00;121
2003;9;VSP;SBFL;SBBR;537,00;25
2003;9;VSP;SBRF;SBFZ;681,00;76
2003;9;VSP;SBGO;SBBR;248,00;4
2003;9;VSP;SBCF;SBGR;326,00;16
2003;9;VSP;SBBR;SBSV;409,00;239
2003;9;VSP;SBSV;SBRF;219,00;117
2003;9;VSP;SBBR;SBCF;260,00;199
2003;9;VSP;SBBR;SBCT;548,00;8
2003;9;VSP;SBBR;SBBE;1147,00;39
2003;9;VSP;SBSP;SBBR;527,00;48
2003;9;VSP;SBPA;SBGR;616,00;1
2003;9;VSP;SBBR;SBKP;290,00;65
2003;9;VSP;SBSV;SBGR;751,00;22
2003;9;VSP;SBBR;SBPA;676,00;9
2003;9;VSP;SBFZ;SBBR;901,00;5
2003;9;VSP;SBRF;SBSV;337,00;69
2003;9;VSP;SBGL;SBRF;696,00;271
2003;9;VSP;SBBR;SBBH;260,00;543
2003;9;VSP;SBGR;SBBR;319,00;201
2003;9;VSP;SBCF;SBGR;237,00;31
2003;9;VSP;SBGL;SBPA;991,00;62
2003;9;VSP;SBCT;SBGL;299,00;46
2003;9;VSP;SBGR;SBCF;355,00;5
2003;9;VSP;SBGR;SBEG;923,00;18
2003;9;VSP;SBFZ;SBBR;781,00;19
2003;9;VSP;SBCT;SBGL;357,00;36
2003;9;VSP;SBPA;SBSP;411,00;17
2003;9;VSP;SBBR;SBSV;768,00;9
2003;9;VSP;SBBR;SBCF;359,00;13
2003;9;VSP;SBGR;SBFL;369,00;22
2003;9;VSP;SBBR;SBGR;810,00;120
2003;9;VSP;SBFZ;SBBR;601,00;32
2003;9;VSP;SBBR;SBBE;688,00;22
2003;9;VSP;SBPA;SBCT;378,00;4
2003;9;VSP;SBFL;SBGR;308,00;30
2003;9;VSP;SBGR;SBPA;821,00;67
2003;9;VSP;SBFZ;SBBR;1201,00;5
2003;9;VSP;SBBR;SBCT;598,00;2
2003;9;VSP;SBGR;SBFL;400,00;1
2003;9;VSP;SBCF;SBGR;355,00;1
2003;9;VSP;SBSP;SBCT;296,00;9
2003;9;VSP;SBBR;SBGR;319,00;185
2003;9;VSP;SBCT;SBSP;296,00;1
2003;9;VSP;SBEG;SBGR;599,00;6
2003;9;VSP;SBBR;SBGR;405,00;112
2003;9;VSP;SBPA;SBSP;493,00;7
2003;9;VSP;SBGR;SBCF;592,00;15
2003;9;VSP;SBBR;SBGR;608,00;2
2003;9;VSP;SBGR;SBCF;385,00;1
2003;9;VSP;SBRF;SBSV;184,00;558
2003;9;VSP;SBBR;SBGR;446,00;25
2003;9;VSP;SBRF;SBFZ;341,00;49
2003;9;VSP;SBBE;SBMQ;227,00;35
2003;9;VSP;SBGL;SBPA;496,00;3
2003;9;VSP;SBGL;SBCT;464,00;9
2003;9;VSP;SBGL;SBSV;734,00;9
2003;9;VSP;SBFZ;SBBR;569,00;168
2003;9;VSP;SBBH;SBSP;296,00;16
2003;9;VSP;SBPA;SBGR;534,00;3
2003;9;VSP;SBGL;SBPA;545,00;102
2003;9;VSP;SBGR;SBPA;299,00;53
2003;9;VSP;SBSP;SBBR;446,00;430
2003;9;VSP;SBCT;SBSP;320,00;3
2003;9;VSP;SBBR;SBGO;165,00;84
2003;9;VSP;SBBR;SBGL;496,00;2
2003;9;VSP;SBSP;SBBR;214,00;972
2003;9;VSP;SBFZ;SBRF;375,00;435
2003;9;VSP;SBFL;SBBR;360,00;53
2003;9;VSP;SBGL;SBKP;515,00;18
2003;9;VSP;SBGL;SBPA;279,00;863
2003;9;VSP;SBCT;SBBR;648,00;17
2003;9;VSP;SBBE;SBBR;574,00;40
2003;9;VSP;SBPA;SBGR;411,00;12
2003;9;VSP;SBSV;SBGR;867,00;4
2003;9;VSP;SBSP;SBPA;359,00;8
2003;9;VSP;SBFL;SBGR;219,00;23
2003;9;VSP;SBBR;SBPA;569,00;15
2003;9;VSP;SBGR;SBGL;249,00;271
2003;9;VSP;SBGL;SBCT;299,00;20
2003;9;VSP;SBBH;SBBR;392,00;63
2003;9;VSP;SBBE;SBBR;415,00;25
2003;9;VSP;SBMQ;SBBE;453,00;68
2003;9;VSP;SBEG;SBGR;1678,00;29
2003;9;VSP;SBBR;SBSP;446,00;227
2003;9;VSP;SBBR;SBGR;527,00;3
2003;9;VSP;SBCT;SBBR;598,00;1
2003;9;VSP;SBBE;SBBR;631,00;64
2003;9;VSP;SBGR;SBEG;1007,00;17
2003;9;VSP;SBGL;SBCT;393,00;13
2003;9;VSP;SBGL;SBGR;365,00;2
2003;9;VSP;SBRF;SBSV;674,00;47
2003;9;VSP;SBSV;SBRF;337,00;56
2003;9;VSP;SBBR;SBCT;449,00;13
2003;9;VSP;SBRF;SBFZ;169,00;1330
2003;9;VSP;SBSP;SBBH;186,00;1423
2003;9;VSP;SBGR;SBSV;1156,00;312
2003;9;VSP;SBSV;SBRF;438,00;6
2003;9;VSP;SBSV;SBGL;734,00;18
2003;9;VSP;SBBH;SBSP;355,00;2
2003;9;VSP;SBBR;SBBH;392,00;41
2003;9;VSP;SBCF;SBGR;592,00;22
2003;9;VSP;SBEG;SBGR;839,00;6
2003;9;VSP;SBBR;SBGL;538,00;1
2003;9;VSP;SBGR;SBCF;186,00;298
2003;9;VSP;SBBR;SBPA;615,00;31
2003;9;VSP;SBGR;SBFL;338,00;102
2003;9;VSP;SBPA;SBBR;737,00;3
2003;9;VSP;SBRF;SBGL;556,00;582
2003;9;VSP;SBGL;SBCT;428,00;8
2003;9;VSP;SBGL;SBKP;279,00;469
2003;9;VSP;SBPA;SBBR;615,00;21
2003;9;VSP;SBGL;SBSV;538,00;1082
2003;9;VSP;SBBR;SBCF;653,00;24
2003;9;VSP;SBSV;SBBR;542,00;174
2003;9;VSP;SBKP;SBBR;250,00;119
2003;9;VSP;SBGL;SBBR;359,00;57
2003;9;VSP;SBBR;SBGL;359,00;32
2003;9;VSP;SBBR;SBFL;404,00;25
2003;9;VSP;SBRF;SBSV;144,00;1304
2003;9;VSP;SBGR;SBSV;296,00;2546
2003;9;VSP;SBGL;SBSV;359,00;201
2003;9;VSP;SBGR;SBBR;810,00;156
2003;9;VSP;SBGR;SBEG;1259,00;2
2003;9;VSP;SBCT;SBPA;315,00;5
2003;9;VSP;SBBH;SBSP;237,00;13
2003;9;VSP;SBBR;SBFL;1073,00;5
2003;9;VSP;SBBR;SBPA;799,00;1
2003;9;VSP;SBBR;SBKP;329,00;19
2003;9;VSP;SBRF;SBSV;371,00;281
2003;9;VSP;SBBE;SBBR;688,00;12
2003;9;VSP;SBFZ;SBRF;169,00;1380
2003;9;VSP;SBGL;SBBR;414,00;7
2003;9;VSP;SBPA;SBGL;329,00;26
2003;9;VSP;SBGO;SBBR;330,00;86
2003;9;VSP;SBFZ;SBRF;681,00;66
2003;9;VSP;SBCT;SBBR;352,00;77
2003;9;VSP;SBGR;SBEG;599,00;4
2003;9;VSP;SBBH;SBSP;326,00;7
2003;9;VSP;SBBR;SBKP;497,00;1
2003;9;VSP;SBCT;SBPA;199,00;4
2003;9;VSP;SBFZ;SBRF;511,00;3
2003;9;VSP;SBGR;SBEG;500,00;145
2003;9;VSP;SBSP;SBBR;369,00;218
2003;9;VSP;SBGR;SBPA;493,00;3
2003;9;VSP;SBBR;SBGR;486,00;119
2003;9;VSP;SBGL;SBGR;268,00;122
2003;9;VSP;SBBR;SBFL;644,00;3
2003;9;VSP;SBGL;SBBR;496,00;10
2003;9;VSP;SBPA;SBSP;299,00;35
2003;9;VSP;SBKP;SBGL;515,00;15
2003;9;VSP;SBBR;SBKP;414,00;2
2003;9;VSP;SBRF;SBFZ;199,00;113
2003;9;VSP;SBMQ;SBBE;340,00;14
2003;9;VSP;SBKP;SBBR;414,00;4
2003;9;VSP;SBBR;SBSP;369,00;161
2003;9;VSP;SBBR;SBFL;537,00;32
2003;9;VSP;SBBR;SBSV;379,00;807
2003;9;VSP;SBGL;SBBR;455,00;211
2003;9;VSP;SBCF;SBBR;289,00;19
2003;9;VSP;SBMQ;SBBE;249,00;12
2003;9;VSP;SBSP;SBPA;411,00;21
2003;9;VSP;SBGL;SBGR;292,00;41
2003;9;VSP;SBGL;SBKP;309,00;8
2003;9;VSP;SBGL;SBCT;357,00;16
2003;9;VSP;SBCT;SBSP;370,00;22
2003;9;VSP;SBBH;SBBR;490,00;2
2003;9;VSP;SBCT;SBSP;237,00;315
2003;9;VSP;SBSV;SBGL;359,00;137
2003;9;VSP;SBBR;SBGO;248,00;8
2003;9;VSP;SBKP;SBGL;309,00;6
2003;9;VSP;SBFL;SBGR;338,00;126
2003;9;VSP;SBEG;SBGR;1007,00;15
2003;9;VSP;SBCF;SBBR;424,00;4
2003;9;VSP;SBFL;SBBR;404,00;31
2003;9;VSP;SBGR;SBPA;266,00;576
2003;9;VSP;SBGR;SBBR;608,00;5
2003;9;VSP;SBGR;SBFL;615,00;69
2003;9;VSP;SBBR;SBKP;250,00;108
2003;9;VSP;SBSP;SBBH;237,00;74
2003;9;VSP;SBRF;SBSV;404,00;34
2003;9;VSP;SBMQ;SBBE;294,00;2
2003;9;VSP;SBGL;SBGR;249,00;264
2003;9;VSP;SBSP;SBBR;405,00;212
2003;9;VSP;SBSP;SBCT;237,00;263
2003;9;VSP;SBGR;SBFL;189,00;32
2003;9;VSP;SBPA;SBSP;266,00;141
2003;9;VSP;SBBE;SBMQ;272,00;19
2003;9;VSP;SBSV;SBBR;409,00;351
2003;9;VSP;SBGL;SBRF;633,00;18
2003;9;VSP;SBPA;SBGR;821,00;79
2003;9;VSP;SBRF;SBFZ;375,00;483
2003;9;VSP;SBBE;SBMQ;249,00;32
2003;9;VSP;SBGR;SBFL;219,00;2
2003;9;VSP;SBPA;SBCT;630,00;2
2003;9;VSP;SBBR;SBSP;608,00;6
2003;9;VSP;SBBR;SBSV;497,00;480
2003;9;VSP;SBBR;SBFZ;1201,00;8
2003;9;VSP;SBBR;SBFZ;781,00;15
2003;9;VSP;SBRF;SBFZ;511,00;2
2003;9;VSP;SBPA;SBSP;452,00;13
2003;9;VSP;SBGL;SBGR;487,00;58
2003;9;VSP;SBGR;SBSV;751,00;1
2003;9;VSP;SBSV;SBBR;768,00;6
2003;9;VSP;SBPA;SBGR;266,00;665
2003;9;VSP;SBCF;SBBR;260,00;157
2003;9;VSP;SBFZ;SBRF;341,00;67
2003;9;VSP;SBSV;SBGR;1156,00;278
2003;9;VSP;SBGL;SBRF;1266,00;53
2003;9;VSP;SBSP;SBBR;608,00;24
2003;9;VSP;SBKP;SBBR;704,00;1
2003;9;VSP;SBBE;SBBR;860,00;1
2003;9;VSP;SBSP;SBBH;296,00;5
2003;9;VSP;SBFL;SBBR;697,00;2
2003;9;VSP;SBBE;SBMQ;131,00;2
2003;9;VSP;SBSP;SBPA;821,00;1
2003;9;VSP;SBBR;SBBE;746,00;4
2003;9;VSP;SBRF;SBFZ;409,00;143
2003;9;VSP;SBGR;SBPA;452,00;76
2003;9;VSP;SBBR;SBSV;904,00;113
2003;9;VSP;SBPA;SBBR;676,00;7
2003;9;VSP;SBSP;SBBR;689,00;2
2003;9;VSP;SBFL;SBBR;644,00;1
2003;9;VSP;SBGL;SBBR;260,00;674
2003;9;VSP;SBBH;SBBR;260,00;631
2003;9;VSP;SBBR;SBSP;689,00;15
2003;9;VSP;SBBR;SBFZ;721,00;18
2003;9;VSP;SBSV;SBGR;379,00;193
2003;9;VSP;SBFL;SBGR;189,00;125
2003;9;VSP;SBBR;SBPA;1229,00;12
2003;9;VSP;SBBR;SBCT;399,00;72
2003;9;VSP;SBMQ;SBBE;103,00;1368
2003;9;VSP;SBRF;SBSV;438,00;2
2003;9;VSP;SBRF;SBSV;506,00;4
2003;9;VSP;SBGR;SBSV;379,00;172
2003;9;VSP;SBGR;SBBR;405,00;154
2003;9;VSP;SBGO;SBBR;215,00;13
2003;9;VSP;SBSV;SBGR;694,00;159
2003;9;VSP;SBBE;SBMQ;103,00;1536
2003;9;VSP;SBCF;SBBR;490,00;13
2003;9;VSP;SBSP;SBPA;493,00;3
2003;9;VSP;SBSV;SBBR;588,00;51
2003;9;VSP;SBBH;SBBR;653,00;39
2003;9;VSP;SBPA;SBGR;299,00;165
2003;9;VSP;SBBH;SBBR;424,00;8
2003;9;VSP;SBSV;SBGR;578,00;64
2003;9;VSP;SBKP;SBBR;290,00;61
2003;9;VSP;SBGR;SBSV;694,00;115
2003;9;VSP;SBBR;SBBH;327,00;37
2003;9;VSP;SBRF;SBGL;823,00;9
2003;9;VSP;SBGR;SBGL;317,00;2
2003;9;VSP;SBBR;SBSV;588,00;45
2003;9;VSP;SBGR;SBBR;369,00;37
2003;9;VSP;SBBH;SBSP;592,00;20
2003;9;VSP;SBBR;SBGO;215,00;7
2003;9;VSP;SBCT;SBGL;464,00;4
2003;9;VSP;SBBR;SBCF;424,00;2
2003;9;VSP;SBBR;SBBH;289,00;26
2003;9;VSP;SBSV;SBGL;831,00;3
2003;9;VSP;SBCT;SBBR;997,00;2
2003;9;VSP;SBEG;SBGR;500,00;182
2003;9;VSP;SBBR;SBGL;299,00;296
2003;9;VSP;SBSV;SBBR;678,00;18
2003;9;VSP;SBGR;SBBR;527,00;9
2003;9;VSP;SBBH;SBBR;327,00;80
2003;9;VSP;SBBR;SBGO;182,00;204
2003;9;VSP;SBBR;SBKP;828,00;8
2003;9;VSP;SBPA;SBGR;493,00;57
2003;9;VSP;SBPA;SBGL;595,00;7
2003;9;VSP;SBBR;SBCT;748,00;19
2003;9;VSP;SBSV;SBGR;636,00;658
2003;9;VSP;SBBR;SBFZ;569,00;183
2003;9;VSP;SBBE;SBMQ;340,00;8
2003;9;VSP;SBSV;SBGL;308,00;2000
2003;9;VSP;SBCT;SBSP;271,00;7
2003;9;VSP;SBBR;SBCT;499,00;34
