ANO;MES;EMPRESA;ORIGEM;DESTINO;TARIFA;ASSENTOS
2003;1;GLO;SBRJ;SBBR;218,93;33
2003;1;GLO;SBSP;SBPA;150,00;1
2003;1;GLO;SBGL;SBSV;541,44;12
2003;1;GLO;SBBR;SBSP;320,78;54
2003;1;GLO;SBRJ;SBKP;209,00;4
2003;1;GLO;SBSP;SBBR;150,00;1
2003;1;GLO;SBBR;SBFL;392,45;352
2003;1;GLO;SBPA;SBGL;281,03;336
2003;1;GLO;SBVT;SBRJ;96,58;760
2003;1;GLO;SBSP;SBCT;244,00;1
2003;1;GLO;SBBR;SBSV;573,00;1
2003;1;GLO;SBCT;SBRJ;308,06;11
2003;1;GLO;SBRJ;SBBH;218,00;1
2003;1;GLO;SBKP;SBBH;227,33;4
2003;1;GLO;SBSP;SBCT;271,00;1
2003;1;GLO;SBSP;SBVT;253,60;3
2003;1;GLO;SBSP;SBNF;169,12;16
2003;1;GLO;SBPA;SBBR;444,46;4
2003;1;GLO;SBFL;SBRJ;520,32;14
2003;1;GLO;SBBR;SBSP;308,37;542
2003;1;GLO;SBMQ;SBBE;132,68;638
2003;1;GLO;SBBH;SBRJ;177,61;971
2003;1;GLO;SBRJ;SBPA;344,00;29
2003;1;GLO;SBRJ;SBSP;244,04;77
2003;1;GLO;SBBR;SBRJ;150,00;1
2003;1;GLO;SBBR;SBGL;336,42;29
2003;1;GLO;SBRJ;SBSP;242,13;641
2003;1;GLO;SBRF;SBGL;250,00;3
2003;1;GLO;SBPA;SBBR;471,61;27
2003;1;GLO;SBBR;SBRJ;328,21;46
2003;1;GLO;SBFZ;SBBR;513,20;323
2003;1;GLO;SBRJ;SBKP;100,00;3
2003;1;GLO;SBSP;SBRJ;168,50;1
2003;1;GLO;SBRJ;SBFL;289,00;22
2003;1;GLO;SBBH;SBBR;275,77;397
2003;1;GLO;SBBH;SBBR;240,97;184
2003;1;GLO;SBBR;SBPA;561,00;1
2003;1;GLO;SBBR;SBPA;420,00;22
2003;1;GLO;SBGL;SBCT;217,60;110
2003;1;GLO;SBBH;SBRJ;122,00;3
2003;1;GLO;SBGL;SBPA;287,68;296
2003;1;GLO;SBRJ;SBKP;218,64;40
2003;1;GLO;SBRJ;SBCT;195,71;10
2003;1;GLO;SBRJ;SBPA;414,07;3
2003;1;GLO;SBFL;SBGL;377,91;31
2003;1;GLO;SBCT;SBSP;203,95;612
2003;1;GLO;SBSP;SBBR;257,08;29
2003;1;GLO;SBSP;SBRJ;279,00;4
2003;1;GLO;SBBH;SBRJ;121,13;1016
2003;1;GLO;SBFL;SBGL;229,50;3
2003;1;GLO;SBPA;SBBR;334,91;278
2003;1;GLO;SBFL;SBBR;554,86;10
2003;1;GLO;SBBE;SBBR;517,53;44
2003;1;GLO;SBPA;SBFL;183,58;410
2003;1;GLO;SBFZ;SBRF;160,86;100
2003;1;GLO;SBPA;SBGL;305,30;16
2003;1;GLO;SBBR;SBSV;343,06;245
2003;1;GLO;SBRJ;SBBR;390,75;3
2003;1;GLO;SBGL;SBBR;234,00;5
2003;1;GLO;SBFL;SBGL;464,52;34
2003;1;GLO;SBSP;SBNF;255,63;67
2003;1;GLO;SBGL;SBBR;194,58;20
2003;1;GLO;SBFL;SBBR;483,38;9
2003;1;GLO;SBNF;SBSP;248,62;375
2003;1;GLO;SBRF;SBGL;505,55;593
2003;1;GLO;SBRJ;SBSP;236,00;1
2003;1;GLO;SBKP;SBCT;226,64;38
2003;1;GLO;SBSP;SBVT;270,75;1
2003;1;GLO;SBSP;SBCT;152,40;99
2003;1;GLO;SBGL;SBFL;398,00;2
2003;1;GLO;SBKP;SBPA;424,19;168
2003;1;GLO;SBRJ;SBBH;196,62;42
2003;1;GLO;SBCT;SBSP;145,51;23
2003;1;GLO;SBSP;SBFL;177,56;638
2003;1;GLO;SBGL;SBSP;177,00;9
2003;1;GLO;SBSP;SBCT;139,00;9
2003;1;GLO;SBFZ;SBBR;398,17;35
2003;1;GLO;SBSP;SBGL;177,00;1
2003;1;GLO;SBRJ;SBCT;292,00;4
2003;1;GLO;SBVT;SBRJ;141,43;1048
2003;1;GLO;SBSV;SBBR;275,61;26
2003;1;GLO;SBKP;SBRJ;147,25;130
2003;1;GLO;SBSP;SBGL;191,27;228
2003;1;GLO;SBRJ;SBBR;150,00;2
2003;1;GLO;SBSP;SBGO;283,66;25
2003;1;GLO;SBRJ;SBSP;130,38;35
2003;1;GLO;SBKP;SBBH;100,00;1
2003;1;GLO;SBRJ;SBSP;279,00;2
2003;1;GLO;SBBR;SBBH;245,14;193
2003;1;GLO;SBVT;SBRJ;125,09;798
2003;1;GLO;SBKP;SBCT;137,81;163
2003;1;GLO;SBFL;SBBR;351,00;1
2003;1;GLO;SBSP;SBCT;129,75;5
2003;1;GLO;SBSP;SBGO;150,00;1
2003;1;GLO;SBBH;SBCT;314,54;22
2003;1;GLO;SBSV;SBGL;265,28;345
2003;1;GLO;SBGL;SBRF;538,20;14
2003;1;GLO;SBSV;SBGL;250,31;38
2003;1;GLO;SBVT;SBRJ;82,50;4
2003;1;GLO;SBBR;SBFL;397,33;6
2003;1;GLO;SBPA;SBFL;182,00;45
2003;1;GLO;SBBR;SBBE;525,82;16
2003;1;GLO;SBGL;SBRF;451,40;279
2003;1;GLO;SBFL;SBPA;166,03;512
2003;1;GLO;SBRJ;SBSP;220,50;817
2003;1;GLO;SBCT;SBBR;265,32;91
2003;1;GLO;SBGL;SBSV;278,57;552
2003;1;GLO;SBFL;SBRJ;389,00;25
2003;1;GLO;SBVT;SBSP;150,00;1
2003;1;GLO;SBPA;SBSP;280,61;29
2003;1;GLO;SBCT;SBSP;235,32;223
2003;1;GLO;SBBR;SBGL;256,00;1
2003;1;GLO;SBRJ;SBPA;455,00;4
2003;1;GLO;SBSP;SBBH;188,97;131
2003;1;GLO;SBBH;SBBR;230,00;1
2003;1;GLO;SBCT;SBGL;150,75;23
2003;1;GLO;SBBE;SBBR;416,35;52
2003;1;GLO;SBCT;SBPA;168,00;4
2003;1;GLO;SBSP;SBPA;325,14;437
2003;1;GLO;SBBR;SBFZ;418,80;313
2003;1;GLO;SBBE;SBBR;291,33;2
2003;1;GLO;SBVT;SBSP;265,18;321
2003;1;GLO;SBBR;SBPA;447,48;5
2003;1;GLO;SBSP;SBGO;354,00;1
2003;1;GLO;SBVT;SBRJ;176,65;9
2003;1;GLO;SBBR;SBSP;414,50;1
2003;1;GLO;SBSP;SBRJ;230,91;3600
2003;1;GLO;SBBR;SBCT;323,00;5
2003;1;GLO;SBRF;SBSV;135,32;110
2003;1;GLO;SBSP;SBRJ;220,23;780
2003;1;GLO;SBRJ;SBBR;406,44;70
2003;1;GLO;SBPA;SBRJ;274,70;25
2003;1;GLO;SBBH;SBSP;357,00;1
2003;1;GLO;SBRJ;SBFL;323,00;5
2003;1;GLO;SBFL;SBSP;341,00;9
2003;1;GLO;SBGL;SBSV;313,38;1292
2003;1;GLO;SBGO;SBSP;184,12;927
2003;1;GLO;SBRJ;SBPA;362,57;302
2003;1;GLO;SBNF;SBSP;266,37;53
2003;1;GLO;SBGL;SBBR;225,00;1
2003;1;GLO;SBCT;SBRJ;280,10;217
2003;1;GLO;SBPA;SBBR;434,77;221
2003;1;GLO;SBSV;SBGL;488,62;16
2003;1;GLO;SBRJ;SBBR;285,11;774
2003;1;GLO;SBPA;SBCT;140,00;4
2003;1;GLO;SBKP;SBBR;347,00;1
2003;1;GLO;SBCT;SBRJ;247,40;347
2003;1;GLO;SBNF;SBSP;300,00;1
2003;1;GLO;SBCT;SBGL;462,33;2
2003;1;GLO;SBRJ;SBKP;181,32;338
2003;1;GLO;SBFL;SBSP;192,40;1922
2003;1;GLO;SBCT;SBBH;493,00;1
2003;1;GLO;SBBR;SBCT;388,42;5
2003;1;GLO;SBFZ;SBRF;152,00;2
2003;1;GLO;SBSV;SBRF;225,26;129
2003;1;GLO;SBBR;SBSV;446,25;3
2003;1;GLO;SBRJ;SBBR;225,00;1
2003;1;GLO;SBBR;SBFZ;544,55;60
2003;1;GLO;SBBR;SBBH;279,85;392
2003;1;GLO;SBSV;SBBR;514,16;21
2003;1;GLO;SBRF;SBGL;340,53;71
2003;1;GLO;SBBH;SBSP;187,31;79
2003;1;GLO;SBPA;SBFL;173,00;10
2003;1;GLO;SBBR;SBSV;402,39;159
2003;1;GLO;SBVT;SBSP;233,96;784
2003;1;GLO;SBRJ;SBSP;167,00;1
2003;1;GLO;SBSP;SBCT;201,43;576
2003;1;GLO;SBBE;SBMQ;180,50;7
2003;1;GLO;SBRJ;SBSP;199,00;1
2003;1;GLO;SBKP;SBBR;314,49;44
2003;1;GLO;SBBH;SBKP;241,50;3
2003;1;GLO;SBGL;SBBR;375,00;7
2003;1;GLO;SBBR;SBFZ;495,51;501
2003;1;GLO;SBPA;SBSP;426,42;32
2003;1;GLO;SBCT;SBBR;428,26;16
2003;1;GLO;SBSV;SBGL;431,66;354
2003;1;GLO;SBRJ;SBVT;125,65;781
2003;1;GLO;SBFZ;SBRF;515,00;6
2003;1;GLO;SBRF;SBFZ;450,62;5
2003;1;GLO;SBSP;SBGL;158,17;199
2003;1;GLO;SBKP;SBCT;221,08;27
2003;1;GLO;SBRJ;SBBH;185,19;53
2003;1;GLO;SBCT;SBRJ;249,71;18
2003;1;GLO;SBSP;SBNF;231,00;3
2003;1;GLO;SBPA;SBRJ;359,40;288
2003;1;GLO;SBRJ;SBVT;226,18;8
2003;1;GLO;SBBE;SBMQ;332,00;8
2003;1;GLO;SBFL;SBSP;172,85;589
2003;1;GLO;SBCT;SBGL;276,65;73
2003;1;GLO;SBSP;SBPA;306,70;69
2003;1;GLO;SBPA;SBRJ;271,00;2
2003;1;GLO;SBCT;SBGL;250,34;321
2003;1;GLO;SBSP;SBGL;190,27;15
2003;1;GLO;SBSV;SBBR;261,24;103
2003;1;GLO;SBBR;SBRJ;186,63;1259
2003;1;GLO;SBFL;SBRJ;150,00;3
2003;1;GLO;SBSV;SBRF;135,58;258
2003;1;GLO;SBPA;SBGL;404,61;29
2003;1;GLO;SBCT;SBSP;118,12;3
2003;1;GLO;SBFZ;SBBR;198,50;1
2003;1;GLO;SBPA;SBGL;282,00;1
2003;1;GLO;SBCT;SBGL;223,78;92
2003;1;GLO;SBGL;SBRF;522,29;8
2003;1;GLO;SBCT;SBPA;209,91;49
2003;1;GLO;SBKP;SBBH;241,50;1
2003;1;GLO;SBBR;SBSP;338,05;549
2003;1;GLO;SBPA;SBCT;210,09;45
2003;1;GLO;SBSP;SBGO;270,96;430
2003;1;GLO;SBVT;SBRJ;100,00;4
2003;1;GLO;SBBR;SBRJ;288,57;595
2003;1;GLO;SBGL;SBFL;325,09;140
2003;1;GLO;SBSP;SBFL;195,67;2004
2003;1;GLO;SBCT;SBPA;231,82;330
2003;1;GLO;SBSP;SBRJ;187,73;1471
2003;1;GLO;SBRF;SBGL;383,93;65
2003;1;GLO;SBPA;SBFL;113,15;826
2003;1;GLO;SBSP;SBBR;361,21;549
2003;1;GLO;SBCT;SBRJ;292,00;1
2003;1;GLO;SBKP;SBRJ;250,00;1
2003;1;GLO;SBVT;SBRJ;214,00;1
2003;1;GLO;SBRF;SBSV;230,73;10
2003;1;GLO;SBSP;SBGL;234,94;76
2003;1;GLO;SBBE;SBMQ;185,43;87
2003;1;GLO;SBSP;SBFL;100,00;12
2003;1;GLO;SBBE;SBMQ;112,50;3
2003;1;GLO;SBPA;SBGL;250,00;1
2003;1;GLO;SBBR;SBFZ;476,40;3
2003;1;GLO;SBPA;SBBR;413,66;20
2003;1;GLO;SBRF;SBFZ;199,00;7
2003;1;GLO;SBGL;SBPA;328,84;13
2003;1;GLO;SBPA;SBKP;382,52;28
2003;1;GLO;SBCT;SBKP;178,59;22
2003;1;GLO;SBGL;SBFL;274,70;62
2003;1;GLO;SBBR;SBKP;347,00;1
2003;1;GLO;SBBR;SBKP;302,94;25
2003;1;GLO;SBSP;SBGO;247,53;545
2003;1;GLO;SBCT;SBPA;156,39;1015
2003;1;GLO;SBFZ;SBBR;704,00;1
2003;1;GLO;SBRF;SBGL;742,38;9
2003;1;GLO;SBGL;SBPA;251,19;719
2003;1;GLO;SBGL;SBSP;100,00;22
2003;1;GLO;SBFL;SBSP;360,95;37
2003;1;GLO;SBKP;SBPA;514,00;1
2003;1;GLO;SBRF;SBGL;373,98;165
2003;1;GLO;SBRJ;SBBH;176,46;1320
2003;1;GLO;SBKP;SBRJ;207,15;38
2003;1;GLO;SBSV;SBBR;363,11;265
2003;1;GLO;SBVT;SBRJ;268,00;1
2003;1;GLO;SBFZ;SBBR;559,68;339
2003;1;GLO;SBBR;SBCT;346,44;3
2003;1;GLO;SBFZ;SBBR;694,07;22
2003;1;GLO;SBSV;SBBR;336,24;25
2003;1;GLO;SBSP;SBCT;188,82;376
2003;1;GLO;SBRJ;SBBH;155,51;338
2003;1;GLO;SBBR;SBFZ;552,54;149
2003;1;GLO;SBKP;SBRJ;212,86;235
2003;1;GLO;SBBR;SBFL;473,76;12
2003;1;GLO;SBKP;SBCT;236,00;1
2003;1;GLO;SBBR;SBPA;304,33;4
2003;1;GLO;SBBH;SBSP;275,52;75
2003;1;GLO;SBBR;SBRJ;260,49;1412
2003;1;GLO;SBRJ;SBBR;256,13;2042
2003;1;GLO;SBGL;SBSV;388,09;262
2003;1;GLO;SBBR;SBFZ;198,50;1
2003;1;GLO;SBSP;SBFL;268,07;48
2003;1;GLO;SBCT;SBGL;186,49;345
2003;1;GLO;SBPA;SBFL;143,12;129
2003;1;GLO;SBNF;SBSP;352,00;7
2003;1;GLO;SBGL;SBPA;356,83;390
2003;1;GLO;SBBR;SBGL;291,75;22
2003;1;GLO;SBBH;SBCT;242,91;215
2003;1;GLO;SBBH;SBRJ;100,00;7
2003;1;GLO;SBBR;SBSV;438,83;204
2003;1;GLO;SBPA;SBRJ;413,29;59
2003;1;GLO;SBGL;SBFL;301,39;549
2003;1;GLO;SBFZ;SBBR;555,77;223
2003;1;GLO;SBBR;SBKP;326,96;66
2003;1;GLO;SBPA;SBRJ;311,44;129
2003;1;GLO;SBBR;SBSV;279,42;307
2003;1;GLO;SBSV;SBGL;297,00;14
2003;1;GLO;SBSP;SBBR;176,11;12
2003;1;GLO;SBFL;SBRJ;474,00;5
2003;1;GLO;SBCT;SBBR;297,23;645
2003;1;GLO;SBPA;SBBR;340,36;161
2003;1;GLO;SBGL;SBCT;349,84;2
2003;1;GLO;SBBH;SBBR;263,03;9
2003;1;GLO;SBBH;SBRJ;203,96;34
2003;1;GLO;SBVT;SBRJ;161,77;196
2003;1;GLO;SBSP;SBGL;245,00;2
2003;1;GLO;SBCT;SBKP;206,91;95
2003;1;GLO;SBMQ;SBBE;166,11;95
2003;1;GLO;SBSP;SBVT;190,83;326
2003;1;GLO;SBBR;SBRJ;360,78;136
2003;1;GLO;SBSP;SBVT;208,53;529
2003;1;GLO;SBVT;SBRJ;243,00;3
2003;1;GLO;SBBR;SBFZ;639,12;7
2003;1;GLO;SBBR;SBCT;363,00;6
2003;1;GLO;SBSP;SBVT;201,12;5
2003;1;GLO;SBCT;SBBH;333,00;35
2003;1;GLO;SBRJ;SBFL;255,00;1
2003;1;GLO;SBSP;SBBH;319,00;3
2003;1;GLO;SBBR;SBBH;291,00;3
2003;1;GLO;SBGL;SBFL;371,87;11
2003;1;GLO;SBBR;SBKP;316,59;12
2003;1;GLO;SBSV;SBBR;259,46;312
2003;1;GLO;SBPA;SBBR;527,56;16
2003;1;GLO;SBKP;SBBR;225,76;26
2003;1;GLO;SBKP;SBRJ;237,00;5
2003;1;GLO;SBBR;SBRJ;321,89;464
2003;1;GLO;SBGL;SBCT;250,36;311
2003;1;GLO;SBKP;SBCT;251,00;1
2003;1;GLO;SBSV;SBRF;294,74;8
2003;1;GLO;SBBR;SBSP;359,30;879
2003;1;GLO;SBRF;SBFZ;160,82;148
2003;1;GLO;SBPA;SBGL;493,00;1
2003;1;GLO;SBBH;SBBR;283,69;22
2003;1;GLO;SBBH;SBCT;271,77;10
2003;1;GLO;SBPA;SBCT;244,38;129
2003;1;GLO;SBPA;SBRJ;596,54;6
2003;1;GLO;SBGO;SBSP;327,40;3
2003;1;GLO;SBCT;SBSP;256,00;71
2003;1;GLO;SBVT;SBSP;442,00;2
2003;1;GLO;SBPA;SBSP;325,10;19
2003;1;GLO;SBCT;SBSP;187,91;456
2003;1;GLO;SBFL;SBPA;183,27;676
2003;1;GLO;SBBR;SBPA;511,00;5
2003;1;GLO;SBBR;SBCT;239,57;10
2003;1;GLO;SBSP;SBBR;334,14;403
2003;1;GLO;SBNF;SBSP;197,30;179
2003;1;GLO;SBSP;SBGO;184,78;719
2003;1;GLO;SBGL;SBCT;135,09;32
2003;1;GLO;SBSP;SBBH;357,00;1
2003;1;GLO;SBGL;SBCT;265,00;10
2003;1;GLO;SBCT;SBRJ;305,12;14
2003;1;GLO;SBBR;SBFL;352,14;51
2003;1;GLO;SBFL;SBSP;155,55;12
2003;1;GLO;SBFL;SBGL;423,00;18
2003;1;GLO;SBGL;SBCT;226,00;6
2003;1;GLO;SBBR;SBPA;349,03;184
2003;1;GLO;SBCT;SBSP;125,97;681
2003;1;GLO;SBSV;SBGL;497,30;48
2003;1;GLO;SBPA;SBSP;413,23;27
2003;1;GLO;SBGL;SBSP;230,24;140
2003;1;GLO;SBRJ;SBPA;258,26;86
2003;1;GLO;SBBR;SBCT;341,61;153
2003;1;GLO;SBPA;SBSP;432,71;5
2003;1;GLO;SBGL;SBBR;320,15;145
2003;1;GLO;SBBR;SBBH;192,70;642
2003;1;GLO;SBGO;SBSP;272,46;367
2003;1;GLO;SBBH;SBBR;345,00;2
2003;1;GLO;SBFL;SBBR;340,36;81
2003;1;GLO;SBSP;SBCT;124,95;731
2003;1;GLO;SBPA;SBGL;366,74;9
2003;1;GLO;SBGL;SBRF;388,72;164
2003;1;GLO;SBPA;SBCT;233,97;379
2003;1;GLO;SBMQ;SBBE;120,00;3
2003;1;GLO;SBBR;SBPA;387,98;437
2003;1;GLO;SBCT;SBKP;138,87;204
2003;1;GLO;SBRJ;SBCT;303,20;27
2003;1;GLO;SBGL;SBPA;252,93;10
2003;1;GLO;SBBR;SBKP;345,40;30
2003;1;GLO;SBGL;SBPA;422,50;5
2003;1;GLO;SBBR;SBSP;150,00;1
2003;1;GLO;SBRJ;SBFL;330,67;125
2003;1;GLO;SBSP;SBFL;422,00;1
2003;1;GLO;SBSP;SBFL;248,23;69
2003;1;GLO;SBKP;SBRJ;181,12;264
2003;1;GLO;SBCT;SBPA;240,00;6
2003;1;GLO;SBRJ;SBFL;321,30;17
2003;1;GLO;SBRJ;SBCT;168,00;3
2003;1;GLO;SBSP;SBBR;459,00;1
2003;1;GLO;SBBH;SBSP;210,00;3
2003;1;GLO;SBPA;SBGL;317,58;758
2003;1;GLO;SBFL;SBRJ;289,00;16
2003;1;GLO;SBBR;SBGL;325,92;97
2003;1;GLO;SBBR;SBSP;355,76;18
2003;1;GLO;SBKP;SBBR;340,65;35
2003;1;GLO;SBCT;SBSP;227,25;1
2003;1;GLO;SBSP;SBCT;100,00;1
2003;1;GLO;SBFL;SBSP;204,50;7
2003;1;GLO;SBRJ;SBBR;326,55;78
2003;1;GLO;SBRJ;SBPA;279,88;18
2003;1;GLO;SBGL;SBCT;272,10;89
2003;1;GLO;SBSP;SBFL;324,00;1
2003;1;GLO;SBVT;SBSP;330,92;10
2003;1;GLO;SBRJ;SBBR;405,38;12
2003;1;GLO;SBRJ;SBBR;184,97;1097
2003;1;GLO;SBBR;SBBH;393,00;1
2003;1;GLO;SBNF;SBSP;270,60;10
2003;1;GLO;SBSP;SBGL;209,00;50
2003;1;GLO;SBSV;SBGL;250,00;2
2003;1;GLO;SBGL;SBBR;284,66;112
2003;1;GLO;SBGO;SBSP;441,00;1
2003;1;GLO;SBRJ;SBVT;139,52;981
2003;1;GLO;SBGL;SBRF;534,00;3
2003;1;GLO;SBRJ;SBVT;100,00;5
2003;1;GLO;SBCT;SBBH;276,54;3
2003;1;GLO;SBBR;SBPA;450,20;3
2003;1;GLO;SBSP;SBFL;195,06;20
2003;1;GLO;SBGL;SBBR;384,54;7
2003;1;GLO;SBSP;SBPA;299,70;12
2003;1;GLO;SBFL;SBPA;214,66;2
2003;1;GLO;SBBR;SBBE;533,92;19
2003;1;GLO;SBGL;SBCT;318,00;7
2003;1;GLO;SBPA;SBCT;240,00;6
2003;1;GLO;SBFL;SBPA;111,39;848
2003;1;GLO;SBFL;SBRJ;329,01;243
2003;1;GLO;SBSP;SBVT;233,13;526
2003;1;GLO;SBGL;SBRF;511,72;545
2003;1;GLO;SBKP;SBPA;397,30;61
2003;1;GLO;SBSP;SBVT;150,00;1
2003;1;GLO;SBRJ;SBSP;180,29;905
2003;1;GLO;SBRJ;SBSP;209,00;1
2003;1;GLO;SBBE;SBBR;361,40;52
2003;1;GLO;SBRF;SBGL;553,31;234
2003;1;GLO;SBRJ;SBKP;307,00;1
2003;1;GLO;SBCT;SBPA;272,00;1
2003;1;GLO;SBSV;SBBR;330,63;422
2003;1;GLO;SBPA;SBBR;380,94;617
2003;1;GLO;SBFL;SBSP;291,07;196
2003;1;GLO;SBFL;SBGL;436,20;26
2003;1;GLO;SBCT;SBBH;223,31;170
2003;1;GLO;SBPA;SBSP;399,50;159
2003;1;GLO;SBKP;SBCT;174,00;8
2003;1;GLO;SBCT;SBBH;365,00;1
2003;1;GLO;SBSP;SBFL;286,31;50
2003;1;GLO;SBBH;SBSP;233,41;1260
2003;1;GLO;SBBR;SBBE;558,52;2
2003;1;GLO;SBPA;SBSP;237,23;1922
2003;1;GLO;SBGL;SBRF;384,15;9
2003;1;GLO;SBFL;SBGL;412,11;6
2003;1;GLO;SBSV;SBRF;179,71;651
2003;1;GLO;SBBR;SBGL;375,00;7
2003;1;GLO;SBGL;SBRF;250,00;4
2003;1;GLO;SBBH;SBSP;191,29;16
2003;1;GLO;SBGO;SBSP;289,00;10
2003;1;GLO;SBGL;SBSP;156,02;121
2003;1;GLO;SBCT;SBSP;271,00;1
2003;1;GLO;SBCT;SBKP;256,00;2
2003;1;GLO;SBRJ;SBCT;246,50;406
2003;1;GLO;SBRJ;SBBH;100,00;9
2003;1;GLO;SBSP;SBPA;362,07;566
2003;1;GLO;SBSP;SBPA;349,99;636
2003;1;GLO;SBRJ;SBKP;161,63;488
2003;1;GLO;SBPA;SBKP;428,79;225
2003;1;GLO;SBKP;SBRJ;201,88;734
2003;1;GLO;SBSP;SBGL;222,66;20
2003;1;GLO;SBGL;SBPA;321,82;790
2003;1;GLO;SBRJ;SBPA;379,00;2
2003;1;GLO;SBRJ;SBPA;317,03;136
2003;1;GLO;SBBH;SBSP;250,85;436
2003;1;GLO;SBBH;SBKP;227,33;4
2003;1;GLO;SBGL;SBSV;537,18;16
2003;1;GLO;SBSV;SBBR;407,02;6
2003;1;GLO;SBBE;SBBR;448,54;7
2003;1;GLO;SBPA;SBSP;359,10;567
2003;1;GLO;SBRJ;SBPA;409,88;33
2003;1;GLO;SBKP;SBPA;364,00;1
2003;1;GLO;SBKP;SBPA;245,00;14
2003;1;GLO;SBFZ;SBBR;403,18;480
2003;1;GLO;SBBR;SBRJ;224,23;88
2003;1;GLO;SBGL;SBSV;420,00;31
2003;1;GLO;SBGO;SBSP;248,04;559
2003;1;GLO;SBSP;SBPA;481,00;1
2003;1;GLO;SBCT;SBPA;249,01;91
2003;1;GLO;SBFL;SBBR;454,76;40
2003;1;GLO;SBCT;SBBR;258,00;2
2003;1;GLO;SBVT;SBSP;186,50;3
2003;1;GLO;SBRF;SBGL;663,00;15
2003;1;GLO;SBRF;SBFZ;214,61;219
2003;1;GLO;SBBH;SBKP;100,00;1
2003;1;GLO;SBCT;SBGL;150,00;1
2003;1;GLO;SBSP;SBBH;375,00;1
2003;1;GLO;SBNF;SBSP;246,00;6
2003;1;GLO;SBBR;SBGL;183,65;268
2003;1;GLO;SBVT;SBRJ;315,00;1
2003;1;GLO;SBSV;SBGL;353,25;663
2003;1;GLO;SBGL;SBBR;335,48;42
2003;1;GLO;SBFL;SBBR;640,00;1
2003;1;GLO;SBPA;SBSP;320,64;443
2003;1;GLO;SBRF;SBSV;269,08;16
2003;1;GLO;SBRJ;SBVT;243,00;1
2003;1;GLO;SBFL;SBPA;245,33;30
2003;1;GLO;SBFL;SBSP;273,60;17
2003;1;GLO;SBFL;SBRJ;359,69;84
2003;1;GLO;SBSP;SBGO;207,67;14
2003;1;GLO;SBBR;SBCT;255,00;2
2003;1;GLO;SBSP;SBBH;213,60;442
2003;1;GLO;SBRJ;SBSP;192,97;1568
2003;1;GLO;SBFL;SBPA;143,76;111
2003;1;GLO;SBRJ;SBVT;96,34;844
2003;1;GLO;SBKP;SBBH;286,00;9
2003;1;GLO;SBGL;SBRF;679,00;1
2003;1;GLO;SBRJ;SBBH;120,01;999
2003;1;GLO;SBGL;SBRF;558,66;123
2003;1;GLO;SBCT;SBBH;163,21;42
2003;1;GLO;SBBH;SBKP;198,81;88
2003;1;GLO;SBRF;SBFZ;161,45;76
2003;1;GLO;SBSP;SBGO;336,40;7
2003;1;GLO;SBBR;SBGL;256,28;179
2003;1;GLO;SBGL;SBSP;193,93;391
2003;1;GLO;SBSP;SBNF;217,04;125
2003;1;GLO;SBBR;SBFL;436,55;205
2003;1;GLO;SBPA;SBCT;289,00;1
2003;1;GLO;SBSP;SBCT;196,06;174
2003;1;GLO;SBGL;SBSV;340,16;46
2003;1;GLO;SBCT;SBBH;285,01;106
2003;1;GLO;SBPA;SBGL;386,70;73
2003;1;GLO;SBSP;SBBH;300,00;1
2003;1;GLO;SBPA;SBSP;287,00;1
2003;1;GLO;SBPA;SBRJ;417,00;21
2003;1;GLO;SBPA;SBSP;375,90;505
2003;1;GLO;SBBR;SBRJ;172,73;52
2003;1;GLO;SBBR;SBRJ;226,00;5
2003;1;GLO;SBRJ;SBKP;237,00;5
2003;1;GLO;SBRJ;SBFL;498,00;1
2003;1;GLO;SBFL;SBPA;203,73;116
2003;1;GLO;SBBR;SBBE;439,87;45
2003;1;GLO;SBBR;SBBH;350,02;10
2003;1;GLO;SBSP;SBPA;379,55;377
2003;1;GLO;SBCT;SBBR;268,24;247
2003;1;GLO;SBRF;SBGL;520,22;7
2003;1;GLO;SBBR;SBFZ;426,91;16
2003;1;GLO;SBCT;SBBR;398,46;21
2003;1;GLO;SBGL;SBPA;401,02;48
2003;1;GLO;SBSP;SBGO;333,00;5
2003;1;GLO;SBGL;SBPA;191,36;26
2003;1;GLO;SBRJ;SBKP;262,36;7
2003;1;GLO;SBPA;SBFL;163,42;481
2003;1;GLO;SBRJ;SBBR;312,90;500
2003;1;GLO;SBSP;SBBR;272,15;9
2003;1;GLO;SBGL;SBBR;178,15;204
2003;1;GLO;SBGL;SBRF;351,70;49
2003;1;GLO;SBFL;SBBR;588,57;14
2003;1;GLO;SBBR;SBBH;178,97;89
2003;1;GLO;SBBR;SBBH;296,77;15
2003;1;GLO;SBGL;SBSV;254,56;110
2003;1;GLO;SBGL;SBPA;379,00;25
2003;1;GLO;SBFL;SBRJ;259,33;69
2003;1;GLO;SBSP;SBGL;180,13;1162
2003;1;GLO;SBCT;SBSP;342,00;1
2003;1;GLO;SBSP;SBBR;396,50;12
2003;1;GLO;SBBH;SBKP;261,27;7
2003;1;GLO;SBPA;SBGL;379,00;25
2003;1;GLO;SBKP;SBRJ;210,90;7
2003;1;GLO;SBSP;SBRJ;289,83;4
2003;1;GLO;SBFL;SBBR;639,00;3
2003;1;GLO;SBGL;SBCT;185,36;416
2003;1;GLO;SBBH;SBRJ;106,62;222
2003;1;GLO;SBCT;SBSP;148,50;7
2003;1;GLO;SBSP;SBPA;242,07;1794
2003;1;GLO;SBGL;SBSV;250,00;1
2003;1;GLO;SBKP;SBPA;460,00;1
2003;1;GLO;SBVT;SBSP;208,31;653
2003;1;GLO;SBPA;SBRJ;441,79;15
2003;1;GLO;SBSP;SBBH;236,12;1300
2003;1;GLO;SBSP;SBRJ;192,64;32
2003;1;GLO;SBRJ;SBBH;104,66;155
2003;1;GLO;SBSP;SBBR;213,09;1399
2003;1;GLO;SBCT;SBSP;195,25;240
2003;1;GLO;SBSP;SBVT;261,08;130
2003;1;GLO;SBSP;SBCT;218,86;339
2003;1;GLO;SBRJ;SBBR;342,85;173
2003;1;GLO;SBBR;SBBH;345,00;2
2003;1;GLO;SBBH;SBBR;393,00;1
2003;1;GLO;SBGO;SBSP;296,53;19
2003;1;GLO;SBSP;SBRJ;192,93;1469
2003;1;GLO;SBVT;SBSP;297,00;10
2003;1;GLO;SBSV;SBGL;527,78;13
2003;1;GLO;SBRJ;SBCT;345,00;1
2003;1;GLO;SBBR;SBFL;464,08;25
2003;1;GLO;SBRJ;SBBH;213,00;1
2003;1;GLO;SBRJ;SBBH;183,00;15
2003;1;GLO;SBFL;SBSP;239,76;570
2003;1;GLO;SBSV;SBRF;256,05;20
2003;1;GLO;SBSP;SBRJ;187,00;10
2003;1;GLO;SBBR;SBSP;413,50;7
2003;1;GLO;SBGL;SBFL;150,00;1
2003;1;GLO;SBSP;SBGO;149,63;68
2003;1;GLO;SBBH;SBCT;187,12;22
2003;1;GLO;SBSP;SBNF;280,00;6
2003;1;GLO;SBGO;SBSP;208,26;31
2003;1;GLO;SBBH;SBBR;179,61;97
2003;1;GLO;SBGL;SBSV;282,15;82
2003;1;GLO;SBCT;SBRJ;325,70;8
2003;1;GLO;SBKP;SBPA;323,00;1
2003;1;GLO;SBSP;SBRJ;305,80;10
2003;1;GLO;SBCT;SBSP;222,02;397
2003;1;GLO;SBFL;SBRJ;498,00;1
2003;1;GLO;SBKP;SBRJ;265,00;1
2003;1;GLO;SBBR;SBFZ;547,55;6
2003;1;GLO;SBRJ;SBVT;160,89;93
2003;1;GLO;SBGL;SBSV;425,56;187
2003;1;GLO;SBFL;SBSP;373,60;179
2003;1;GLO;SBVT;SBSP;344,59;7
2003;1;GLO;SBBE;SBBR;537,14;14
2003;1;GLO;SBVT;SBSP;356,14;7
2003;1;GLO;SBGL;SBPA;282,00;1
2003;1;GLO;SBBR;SBRJ;275,92;14
2003;1;GLO;SBSV;SBGL;385,60;337
2003;1;GLO;SBFL;SBBR;578,00;1
2003;1;GLO;SBKP;SBBR;318,10;16
2003;1;GLO;SBFL;SBGL;324,08;369
2003;1;GLO;SBSV;SBRF;118,10;77
2003;1;GLO;SBSP;SBFL;171,28;903
2003;1;GLO;SBFL;SBRJ;531,07;18
2003;1;GLO;SBNF;SBSP;221,27;320
2003;1;GLO;SBBR;SBSV;272,75;32
2003;1;GLO;SBFL;SBPA;173,00;10
2003;1;GLO;SBPA;SBFL;207,31;59
2003;1;GLO;SBCT;SBRJ;222,34;22
2003;1;GLO;SBMQ;SBBE;107,35;381
2003;1;GLO;SBFL;SBRJ;300,27;416
2003;1;GLO;SBBH;SBSP;146,77;805
2003;1;GLO;SBRJ;SBVT;90,00;20
2003;1;GLO;SBCT;SBBR;413,24;7
2003;1;GLO;SBFL;SBPA;137,00;3
2003;1;GLO;SBFZ;SBBR;488,00;9
2003;1;GLO;SBFL;SBGL;279,36;61
2003;1;GLO;SBSP;SBRJ;243,12;455
2003;1;GLO;SBSP;SBPA;437,00;21
2003;1;GLO;SBFL;SBSP;100,00;9
2003;1;GLO;SBBR;SBPA;434,62;144
2003;1;GLO;SBPA;SBSP;378,00;10
2003;1;GLO;SBBR;SBPA;349,81;262
2003;1;GLO;SBBR;SBSV;411,48;9
2003;1;GLO;SBBH;SBRJ;236,00;1
2003;1;GLO;SBBR;SBSP;212,67;965
2003;1;GLO;SBFL;SBSP;266,65;305
2003;1;GLO;SBFL;SBGL;297,71;632
2003;1;GLO;SBRJ;SBSP;190,62;65
2003;1;GLO;SBRF;SBSV;180,01;612
2003;1;GLO;SBFL;SBGL;243,95;23
2003;1;GLO;SBBH;SBRJ;183,67;31
2003;1;GLO;SBSP;SBBH;255,87;501
2003;1;GLO;SBSP;SBBH;289,11;98
2003;1;GLO;SBGL;SBSV;445,96;103
2003;1;GLO;SBPA;SBGL;355,08;399
2003;1;GLO;SBBR;SBSV;457,30;9
2003;1;GLO;SBBH;SBSP;227,30;9
2003;1;GLO;SBPA;SBGL;243,71;777
2003;1;GLO;SBBE;SBMQ;107,05;144
2003;1;GLO;SBRF;SBFZ;224,64;16
2003;1;GLO;SBCT;SBPA;256,00;1
2003;1;GLO;SBBE;SBBR;542,26;13
2003;1;GLO;SBFZ;SBRF;199,00;7
2003;1;GLO;SBBR;SBSP;324,25;5
2003;1;GLO;SBBR;SBKP;226,27;68
2003;1;GLO;SBFL;SBSP;332,19;67
2003;1;GLO;SBRJ;SBFL;266,56;75
2003;1;GLO;SBBR;SBRJ;335,56;110
2003;1;GLO;SBFZ;SBRF;216,65;229
2003;1;GLO;SBKP;SBCT;207,73;78
2003;1;GLO;SBBR;SBGL;272,00;2
2003;1;GLO;SBSP;SBGL;100,00;17
2003;1;GLO;SBCT;SBKP;204,30;27
2003;1;GLO;SBFL;SBSP;176,39;93
2003;1;GLO;SBBR;SBSV;264,63;140
2003;1;GLO;SBPA;SBGL;260,57;9
2003;1;GLO;SBBH;SBRJ;183,00;15
2003;1;GLO;SBKP;SBBH;263,73;16
2003;1;GLO;SBSV;SBBR;398,20;242
2003;1;GLO;SBSV;SBGL;302,04;1057
2003;1;GLO;SBFL;SBSP;152,28;5
2003;1;GLO;SBGL;SBBR;228,43;40
2003;1;GLO;SBPA;SBGL;202,00;21
2003;1;GLO;SBGL;SBFL;351,50;9
2003;1;GLO;SBBE;SBMQ;126,21;897
2003;1;GLO;SBFL;SBSP;379,29;23
2003;1;GLO;SBBR;SBKP;428,00;1
2003;1;GLO;SBFZ;SBRF;183,28;374
2003;1;GLO;SBRJ;SBFL;305,64;574
2003;1;GLO;SBSV;SBRF;196,15;9
2003;1;GLO;SBBH;SBKP;273,79;56
2003;1;GLO;SBGL;SBRF;584,09;102
2003;1;GLO;SBSP;SBPA;399,58;66
2003;1;GLO;SBFL;SBGL;150,00;3
2003;1;GLO;SBBR;SBCT;273,24;225
2003;1;GLO;SBSP;SBVT;202,00;5
2003;1;GLO;SBPA;SBBR;260,85;5
2003;1;GLO;SBGL;SBSV;356,86;33
2003;1;GLO;SBGL;SBSP;182,86;27
2003;1;GLO;SBRF;SBFZ;135,37;22
2003;1;GLO;SBFL;SBSP;167,09;794
2003;1;GLO;SBSV;SBRF;300,00;1
2003;1;GLO;SBSP;SBGL;168,76;266
2003;1;GLO;SBSP;SBBH;175,00;13
2003;1;GLO;SBRF;SBSV;116,52;78
2003;1;GLO;SBRF;SBGL;440,43;303
2003;1;GLO;SBCT;SBBH;246,13;219
2003;1;GLO;SBPA;SBGL;331,63;35
2003;1;GLO;SBCT;SBGL;292,00;1
2003;1;GLO;SBGL;SBSP;179,75;1206
2003;1;GLO;SBRJ;SBKP;200,07;768
2003;1;GLO;SBSV;SBRF;196,78;440
2003;1;GLO;SBCT;SBKP;223,10;33
2003;1;GLO;SBGL;SBCT;150,00;3
2003;1;GLO;SBCT;SBGL;205,86;10
2003;1;GLO;SBCT;SBSP;151,39;141
2003;1;GLO;SBGL;SBRF;622,64;51
2003;1;GLO;SBRJ;SBBR;378,65;112
2003;1;GLO;SBFZ;SBRF;237,63;16
2003;1;GLO;SBBR;SBFZ;374,75;343
2003;1;GLO;SBGL;SBSV;352,50;542
2003;1;GLO;SBGL;SBSP;169,55;153
2003;1;GLO;SBFL;SBSP;214,87;1937
2003;1;GLO;SBRJ;SBCT;308,64;23
2003;1;GLO;SBBR;SBKP;200,00;3
2003;1;GLO;SBGO;SBSP;152,21;157
2003;1;GLO;SBGL;SBBR;398,00;1
2003;1;GLO;SBRJ;SBFL;423,00;3
2003;1;GLO;SBPA;SBSP;288,96;73
2003;1;GLO;SBBR;SBBE;373,50;3
2003;1;GLO;SBBH;SBSP;319,00;3
2003;1;GLO;SBRF;SBSV;196,56;420
2003;1;GLO;SBBR;SBKP;386,66;10
2003;1;GLO;SBKP;SBBR;387,87;22
2003;1;GLO;SBRJ;SBKP;250,00;7
2003;1;GLO;SBBR;SBPA;655,00;1
2003;1;GLO;SBPA;SBCT;231,55;52
2003;1;GLO;SBGL;SBCT;345,00;1
2003;1;GLO;SBSP;SBFL;218,63;843
2003;1;GLO;SBSP;SBBH;269,00;33
2003;1;GLO;SBSP;SBVT;199,00;3
2003;1;GLO;SBBE;SBBR;320,00;3
2003;1;GLO;SBBR;SBSP;406,00;1
2003;1;GLO;SBRJ;SBSP;187,71;1476
2003;1;GLO;SBRJ;SBFL;374,00;3
2003;1;GLO;SBSP;SBRJ;190,70;8
2003;1;GLO;SBSP;SBBR;328,48;143
2003;1;GLO;SBGL;SBSP;245,00;1
2003;1;GLO;SBKP;SBBH;192,76;58
2003;1;GLO;SBBE;SBMQ;172,85;241
2003;1;GLO;SBBH;SBCT;283,78;105
2003;1;GLO;SBBH;SBSP;213,74;530
2003;1;GLO;SBBR;SBBE;500,96;71
2003;1;GLO;SBRJ;SBSP;169,00;3
2003;1;GLO;SBSP;SBBR;381,45;15
2003;1;GLO;SBBH;SBKP;356,00;1
2003;1;GLO;SBSV;SBGL;440,05;205
2003;1;GLO;SBPA;SBKP;460,00;1
2003;1;GLO;SBPA;SBRJ;493,00;1
2003;1;GLO;SBSV;SBGL;286,39;19
2003;1;GLO;SBPA;SBCT;156,55;1024
2003;1;GLO;SBRJ;SBCT;280,20;253
2003;1;GLO;SBSP;SBFL;149,56;16
2003;1;GLO;SBCT;SBRJ;150,00;2
2003;1;GLO;SBFL;SBGL;555,75;3
2003;1;GLO;SBRJ;SBCT;182,39;187
2003;1;GLO;SBKP;SBBH;270,11;55
2003;1;GLO;SBCT;SBGL;281,92;12
2003;1;GLO;SBRF;SBSV;228,15;173
2003;1;GLO;SBMQ;SBBE;132,09;587
2003;1;GLO;SBCT;SBBR;348,64;175
2003;1;GLO;SBNF;SBSP;204,82;17
2003;1;GLO;SBGL;SBFL;259,17;52
2003;1;GLO;SBFZ;SBBR;654,00;2
2003;1;GLO;SBRJ;SBKP;216,27;297
2003;1;GLO;SBCT;SBRJ;397,00;1
2003;1;GLO;SBSP;SBCT;235,55;55
2003;1;GLO;SBPA;SBKP;245,00;6
2003;1;GLO;SBSP;SBCT;126,56;16
2003;1;GLO;SBKP;SBRJ;209,00;4
2003;1;GLO;SBCT;SBSP;100,00;1
2003;1;GLO;SBRJ;SBCT;265,00;3
2003;1;GLO;SBFZ;SBBR;357,21;456
2003;1;GLO;SBSP;SBBH;149,67;773
2003;1;GLO;SBMQ;SBBE;172,94;26
2003;1;GLO;SBBR;SBBH;262,00;1
2003;1;GLO;SBFZ;SBBR;480,50;506
2003;1;GLO;SBSP;SBVT;399,75;4
2003;1;GLO;SBKP;SBBR;274,00;1
2003;1;GLO;SBBR;SBPA;723,00;1
2003;1;GLO;SBBR;SBSP;209,86;10
2003;1;GLO;SBSP;SBBR;423,00;5
2003;1;GLO;SBRJ;SBFL;150,00;8
2003;1;GLO;SBPA;SBFL;238,73;27
2003;1;GLO;SBBR;SBBE;320,00;2
2003;1;GLO;SBGL;SBSV;501,00;1
2003;1;GLO;SBSV;SBBR;392,07;9
2003;1;GLO;SBGO;SBSP;422,95;9
2003;1;GLO;SBKP;SBCT;189,08;25
2003;1;GLO;SBFL;SBRJ;409,60;22
2003;1;GLO;SBBR;SBSV;483,12;17
2003;1;GLO;SBSV;SBGL;307,49;80
2003;1;GLO;SBGL;SBPA;417,00;22
2003;1;GLO;SBBR;SBGL;285,30;62
2003;1;GLO;SBGL;SBSP;201,74;167
2003;1;GLO;SBRJ;SBBR;217,59;25
2003;1;GLO;SBBH;SBBR;189,53;702
2003;1;GLO;SBCT;SBRJ;182,02;196
2003;1;GLO;SBBR;SBFZ;504,61;197
2003;1;GLO;SBRF;SBSV;243,48;37
2003;1;GLO;SBSP;SBBR;314,01;775
2003;1;GLO;SBSV;SBGL;505,15;11
2003;1;GLO;SBSP;SBPA;412,41;16
2003;1;GLO;SBVT;SBRJ;250,25;21
2003;1;GLO;SBPA;SBSP;346,59;642
2003;1;GLO;SBBR;SBSP;337,50;138
2003;1;GLO;SBSP;SBFL;164,00;1
2003;1;GLO;SBNF;SBSP;171,15;26
2003;1;GLO;SBSP;SBGO;289,00;1
2003;1;GLO;SBMQ;SBBE;166,00;1
2003;1;GLO;SBBE;SBMQ;131,44;713
2003;1;GLO;SBPA;SBKP;323,00;1
2003;1;GLO;SBSV;SBBR;424,76;300
2003;1;GLO;SBKP;SBRJ;100,00;5
2003;1;GLO;SBSP;SBRJ;180,66;898
2003;1;GLO;SBKP;SBBR;284,75;14
2003;1;GLO;SBFL;SBBR;447,94;309
2003;1;GLO;SBBR;SBBH;150,00;1
2003;1;GLO;SBSP;SBNF;223,51;302
2003;1;GLO;SBFL;SBGL;347,22;136
2003;1;GLO;SBBR;SBFZ;655,00;1
2003;1;GLO;SBBH;SBSP;293,56;100
2003;1;GLO;SBBR;SBCT;272,37;123
2003;1;GLO;SBFZ;SBRF;159,41;96
2003;1;GLO;SBGL;SBBR;397,43;4
2003;1;GLO;SBBR;SBSV;374,49;87
2003;1;GLO;SBRF;SBGL;627,68;68
2003;1;GLO;SBVT;SBSP;188,42;459
2003;1;GLO;SBBR;SBBE;359,45;39
2003;1;GLO;SBBH;SBBR;318,00;1
2003;1;GLO;SBBH;SBRJ;157,02;397
2003;1;GLO;SBKP;SBRJ;162,49;240
2003;1;GLO;SBCT;SBPA;241,52;54
2003;1;GLO;SBGL;SBBR;252,40;427
2003;1;GLO;SBRJ;SBSP;230,20;4104
2003;1;GLO;SBFL;SBBR;717,29;12
2003;1;GLO;SBGL;SBRF;745,00;3
2003;1;GLO;SBFL;SBBR;397,41;505
2003;1;GLO;SBBR;SBCT;304,72;476
2003;1;GLO;SBGL;SBPA;448,18;17
2003;1;GLO;SBBR;SBRJ;511,00;1
2003;1;GLO;SBFL;SBPA;100,00;3
2003;1;GLO;SBRF;SBGL;592,93;148
2003;1;GLO;SBCT;SBKP;161,57;24
2003;1;GLO;SBRJ;SBKP;137,50;2
2003;1;GLO;SBRF;SBFZ;181,92;431
2003;1;PEP;SBBE;SBMQ;200,01;2
2003;1;PEP;SBMQ;SBBE;213,34;4
2003;1;PEP;SBBE;SBMQ;213,34;2
2003;1;PEP;SBMQ;SBBE;127,27;141
2003;1;PEP;SBMQ;SBBE;152,01;194
2003;1;PEP;SBMQ;SBBE;167,36;31
2003;1;PEP;SBBE;SBMQ;124,78;93
2003;1;PEP;SBBE;SBMQ;149,48;139
2003;1;PEP;SBBE;SBMQ;98,78;5
2003;1;PEP;SBMQ;SBBE;110,89;4
2003;1;PLY;SBBE;SBMQ;189,38;6
2003;1;PLY;SBBE;SBMQ;284,07;1
2003;1;PLY;SBMQ;SBBE;246,19;1
2003;1;PLY;SBBE;SBMQ;246,19;4
2003;1;PLY;SBMQ;SBBE;189,38;2
2003;1;TAM;SBBR;SBBE;653,00;53
2003;1;TAM;SBBR;SBSV;468,00;48
2003;1;TAM;SBBR;SBGO;272,00;55
2003;1;TAM;SBBR;SBGR;698,00;6
2003;1;TAM;SBPA;SBFL;298,00;10
2003;1;TAM;SBRJ;SBSP;419,00;1101
2003;1;TAM;SBSP;SBVT;419,00;31
2003;1;TAM;SBBH;SBSP;489,00;146
2003;1;TAM;SBBR;SBGR;467,00;22
2003;1;TAM;SBSV;SBGR;809,00;32
2003;1;TAM;SBGR;SBCT;271,00;62
2003;1;TAM;SBSP;SBFL;489,00;1
2003;1;TAM;SBBR;SBCT;755,00;15
2003;1;TAM;SBCF;SBGR;406,00;8
2003;1;TAM;SBSP;SBKP;151,00;16
2003;1;TAM;SBSP;SBPA;439,00;4287
2003;1;TAM;SBBR;SBGR;615,00;10
2003;1;TAM;SBFL;SBSP;611,00;134
2003;1;TAM;SBSV;SBBR;416,00;714
2003;1;TAM;SBFL;SBGR;337,00;2
2003;1;TAM;SBSP;SBVT;655,00;1
2003;1;TAM;SBBH;SBRJ;454,00;93
2003;1;TAM;SBRJ;SBVT;622,00;2
2003;1;TAM;SBGL;SBSP;419,00;31
2003;1;TAM;SBRJ;SBBH;241,00;137
2003;1;TAM;SBBR;SBGO;291,00;83
2003;1;TAM;SBGO;SBBR;227,00;216
2003;1;TAM;SBRF;SBFZ;603,00;1
2003;1;TAM;SBBR;SBSV;515,00;28
2003;1;TAM;SBCT;SBBH;347,00;101
2003;1;TAM;SBSP;SBFL;342,00;24
2003;1;TAM;SBRP;SBSP;393,00;12
2003;1;TAM;SBUL;SBSP;558,00;30
2003;1;TAM;SBPA;SBGL;898,00;32
2003;1;TAM;SBCT;SBSP;258,00;3484
2003;1;TAM;SBPA;SBGL;469,00;109
2003;1;TAM;SBSP;SBFL;274,00;695
2003;1;TAM;SBFL;SBGR;494,00;17
2003;1;TAM;SBSP;SBPA;709,00;18
2003;1;TAM;SBSP;SBUL;482,00;146
2003;1;TAM;SBGL;SBBR;423,00;1
2003;1;TAM;SBFZ;SBBR;677,00;28
2003;1;TAM;SBRJ;SBVT;420,00;2
2003;1;TAM;SBRJ;SBVT;315,00;18
2003;1;TAM;SBSP;SBVT;309,00;3232
2003;1;TAM;SBRJ;SBSP;343,00;312
2003;1;TAM;SBRF;SBSV;522,00;5
2003;1;TAM;SBFL;SBGR;489,00;1
2003;1;TAM;SBFL;SBBR;872,00;11
2003;1;TAM;SBCT;SBSP;294,00;912
2003;1;TAM;SBCT;SBBH;738,00;12
2003;1;TAM;SBSV;SBGL;540,00;12
2003;1;TAM;SBKP;SBCT;344,00;5
2003;1;TAM;SBFL;SBBR;655,00;34
2003;1;TAM;SBRJ;SBBH;334,00;14
2003;1;TAM;SBGR;SBCT;446,00;27
2003;1;TAM;SBSP;SBGO;340,00;1154
2003;1;TAM;SBSP;SBUL;453,00;1845
2003;1;TAM;SBPA;SBGR;579,00;13
2003;1;TAM;SBVT;SBSP;662,00;61
2003;1;TAM;SBSV;SBGR;1006,00;5
2003;1;TAM;SBBR;SBBE;853,00;6
2003;1;TAM;SBFL;SBGR;611,00;6
2003;1;TAM;SBPS;SBSP;755,00;19
2003;1;TAM;SBPA;SBSP;972,00;28
2003;1;TAM;SBGL;SBCT;673,00;5
2003;1;TAM;SBGR;SBFL;463,00;1
2003;1;TAM;SBPA;SBKP;328,00;1
2003;1;TAM;SBRJ;SBVT;454,00;1
2003;1;TAM;SBCF;SBGR;353,00;1
2003;1;TAM;SBCT;SBGL;446,00;8
2003;1;TAM;SBBR;SBSV;416,00;683
2003;1;TAM;SBSP;SBVT;662,00;48
2003;1;TAM;SBSV;SBBR;515,00;26
2003;1;TAM;SBPA;SBGL;498,00;17
2003;1;TAM;SBSV;SBRF;312,00;289
2003;1;TAM;SBCT;SBSP;583,00;2
2003;1;TAM;SBKP;SBBR;548,00;37
2003;1;TAM;SBCT;SBGL;523,00;13
2003;1;TAM;SBGL;SBPA;595,00;4
2003;1;TAM;SBGL;SBBR;468,00;1
2003;1;TAM;SBBR;SBBH;520,00;22
2003;1;TAM;SBBR;SBSP;570,00;601
2003;1;TAM;SBBR;SBBH;484,00;103
2003;1;TAM;SBSP;SBPS;661,00;21
2003;1;TAM;SBSP;SBCT;354,00;250
2003;1;TAM;SBSP;SBPS;810,00;5
2003;1;TAM;SBBH;SBCT;406,00;59
2003;1;TAM;SBCT;SBBH;568,00;3
2003;1;TAM;SBBR;SBBH;415,00;152
2003;1;TAM;SBVT;SBSP;563,00;109
2003;1;TAM;SBFL;SBCT;353,00;2
2003;1;TAM;SBPA;SBSP;439,00;3715
2003;1;TAM;SBBR;SBGR;738,00;58
2003;1;TAM;SBVT;SBSP;460,00;175
2003;1;TAM;SBSV;SBGR;1366,00;5
2003;1;TAM;SBSP;SBGL;257,00;10
2003;1;TAM;SBBE;SBBR;853,00;3
2003;1;TAM;SBKP;SBPA;659,00;11
2003;1;TAM;SBSP;SBGL;325,00;17
2003;1;TAM;SBBH;SBBR;392,00;27
2003;1;TAM;SBPA;SBGL;743,00;2
2003;1;TAM;SBRJ;SBBH;412,00;2
2003;1;TAM;SBSP;SBFL;611,00;77
2003;1;TAM;SBSP;SBRP;319,00;1857
2003;1;TAM;SBGR;SBPA;579,00;10
2003;1;TAM;SBCT;SBBH;959,00;1
2003;1;TAM;SBCT;SBKP;446,00;13
2003;1;TAM;SBSP;SBPA;785,00;222
2003;1;TAM;SBBR;SBBE;988,00;2
2003;1;TAM;SBGL;SBBR;509,00;7
2003;1;TAM;SBPA;SBCT;826,00;3
2003;1;TAM;SBBH;SBBR;415,00;144
2003;1;TAM;SBBR;SBSP;615,00;118
2003;1;TAM;SBGR;SBPA;504,00;13
2003;1;TAM;SBFZ;SBBR;630,00;303
2003;1;TAM;SBCT;SBPA;545,00;1
2003;1;TAM;SBGL;SBPA;694,00;5
2003;1;TAM;SBSP;SBFL;831,00;21
2003;1;TAM;SBVT;SBSP;569,00;19
2003;1;TAM;SBBH;SBRJ;263,00;9
2003;1;TAM;SBPA;SBKP;619,00;5
2003;1;TAM;SBGR;SBFL;337,00;2
2003;1;TAM;SBCT;SBSP;397,00;170
2003;1;TAM;SBGL;SBRF;767,00;41
2003;1;TAM;SBCT;SBSP;271,00;2863
2003;1;TAM;SBCT;SBGL;317,00;165
2003;1;TAM;SBFZ;SBRF;639,00;15
2003;1;TAM;SBBR;SBFZ;900,00;13
2003;1;TAM;SBSP;SBBR;839,00;1351
2003;1;TAM;SBPA;SBGR;504,00;23
2003;1;TAM;SBRF;SBGL;1097,00;4
2003;1;TAM;SBGR;SBPA;709,00;2
2003;1;TAM;SBVT;SBRJ;315,00;15
2003;1;TAM;SBRP;SBSP;569,00;1
2003;1;TAM;SBBR;SBSV;654,00;43
2003;1;TAM;SBFZ;SBRF;527,00;2
2003;1;TAM;SBSP;SBVT;569,00;2
2003;1;TAM;SBBR;SBBH;818,00;9
2003;1;TAM;SBBR;SBFL;937,00;5
2003;1;TAM;SBGR;SBSV;694,00;48
2003;1;TAM;SBRF;SBGL;767,00;39
2003;1;TAM;SBCT;SBGR;294,00;27
2003;1;TAM;SBBE;SBMQ;251,00;78
2003;1;TAM;SBPS;SBSP;704,00;31
2003;1;TAM;SBGR;SBBR;738,00;53
2003;1;TAM;SBRJ;SBBH;454,00;78
2003;1;TAM;SBRP;SBSP;400,00;113
2003;1;TAM;SBSP;SBPA;619,00;126
2003;1;TAM;SBRJ;SBVT;174,00;897
2003;1;TAM;SBFL;SBBR;937,00;10
2003;1;TAM;SBSP;SBGO;475,00;30
2003;1;TAM;SBBR;SBCT;801,00;10
2003;1;TAM;SBGL;SBBR;770,00;7
2003;1;TAM;SBGR;SBCF;406,00;21
2003;1;TAM;SBSP;SBFL;279,00;214
2003;1;TAM;SBCT;SBBR;600,00;49
2003;1;TAM;SBFZ;SBRF;234,00;583
2003;1;TAM;SBPS;SBSP;568,00;128
2003;1;TAM;SBBH;SBCT;649,00;1
2003;1;TAM;SBMQ;SBBE;223,00;1307
2003;1;TAM;SBBH;SBBR;372,00;96
2003;1;TAM;SBCT;SBBR;910,00;23
2003;1;TAM;SBBE;SBBR;653,00;70
2003;1;TAM;SBKP;SBPA;747,00;14
2003;1;TAM;SBFL;SBSP;525,00;6
2003;1;TAM;SBGL;SBCT;335,00;111
2003;1;TAM;SBBR;SBGR;489,00;39
2003;1;TAM;SBRJ;SBBR;255,00;7
2003;1;TAM;SBGL;SBSV;894,00;56
2003;1;TAM;SBSP;SBGL;280,00;17
2003;1;TAM;SBPA;SBGR;439,00;231
2003;1;TAM;SBRF;SBGL;1023,00;7
2003;1;TAM;SBCT;SBBH;406,00;22
2003;1;TAM;SBCT;SBSP;469,00;276
2003;1;TAM;SBPA;SBGR;747,00;11
2003;1;TAM;SBSP;SBUL;558,00;4
2003;1;TAM;SBKP;SBGR;187,00;2
2003;1;TAM;SBBH;SBCT;448,00;57
2003;1;TAM;SBGR;SBCF;457,00;8
2003;1;TAM;SBVT;SBRJ;287,00;8
2003;1;TAM;SBFL;SBGR;601,00;4
2003;1;TAM;SBFZ;SBRF;352,00;6
2003;1;TAM;SBSP;SBFL;601,00;3
2003;1;TAM;SBBR;SBGO;227,00;137
2003;1;TAM;SBGR;SBKP;163,00;3
2003;1;TAM;SBGR;SBPA;972,00;1
2003;1;TAM;SBGL;SBGR;419,00;117
2003;1;TAM;SBSP;SBPA;504,00;394
2003;1;TAM;SBSP;SBBR;419,00;3330
2003;1;TAM;SBFL;SBGR;458,00;5
2003;1;TAM;SBRF;SBFZ;492,00;33
2003;1;TAM;SBGL;SBSV;785,00;23
2003;1;TAM;SBGR;SBSV;872,00;8
2003;1;TAM;SBVT;SBRJ;240,00;401
2003;1;TAM;SBKP;SBCT;392,00;3
2003;1;TAM;SBSP;SBCT;311,00;745
2003;1;TAM;SBSV;SBRF;249,00;478
2003;1;TAM;SBSP;SBRP;363,00;4
2003;1;TAM;SBGR;SBFL;247,00;127
2003;1;TAM;SBPA;SBCT;216,00;4
2003;1;TAM;SBRJ;SBSP;309,00;14346
2003;1;TAM;SBCT;SBKP;257,00;101
2003;1;TAM;SBBE;SBMQ;392,00;46
2003;1;TAM;SBVT;SBSP;874,00;14
2003;1;TAM;SBSV;SBGR;925,00;1
2003;1;TAM;SBSV;SBGL;1161,00;6
2003;1;TAM;SBBE;SBBR;686,00;24
2003;1;TAM;SBCT;SBPA;574,00;34
2003;1;TAM;SBSV;SBRF;629,00;11
2003;1;TAM;SBSP;SBFL;433,00;2
2003;1;TAM;SBFL;SBGR;428,00;7
2003;1;TAM;SBGR;SBCT;258,00;844
2003;1;TAM;SBVT;SBSP;419,00;50
2003;1;TAM;SBBH;SBSP;353,00;551
2003;1;TAM;SBBR;SBSV;747,00;9
2003;1;TAM;SBGR;SBCT;583,00;4
2003;1;TAM;SBRJ;SBBR;366,00;1907
2003;1;TAM;SBFL;SBSP;489,00;5
2003;1;TAM;SBSV;SBRF;415,00;25
2003;1;TAM;SBBR;SBRJ;366,00;2000
2003;1;TAM;SBFL;SBGR;342,00;8
2003;1;TAM;SBSP;SBVT;609,00;1
2003;1;TAM;SBPA;SBSP;785,00;236
2003;1;TAM;SBSP;SBBR;651,00;44
2003;1;TAM;SBCT;SBGR;311,00;77
2003;1;TAM;SBMQ;SBBE;319,00;5
2003;1;TAM;SBSP;SBPA;469,00;676
2003;1;TAM;SBCF;SBGR;538,00;2
2003;1;TAM;SBGL;SBSP;280,00;22
2003;1;TAM;SBFZ;SBBR;965,00;19
2003;1;TAM;SBGO;SBBR;164,00;1
2003;1;TAM;SBGR;SBCT;294,00;8
2003;1;TAM;SBFL;SBSP;342,00;12
2003;1;TAM;SBGO;SBSP;934,00;1
2003;1;TAM;SBBR;SBKP;312,00;1
2003;1;TAM;SBGR;SBCF;538,00;2
2003;1;TAM;SBSP;SBKP;217,00;67
2003;1;TAM;SBPA;SBCT;574,00;40
2003;1;TAM;SBSV;SBGL;738,00;15
2003;1;TAM;SBBR;SBRJ;680,00;3
2003;1;TAM;SBGL;SBSP;371,00;1
2003;1;TAM;SBGO;SBSP;632,00;34
2003;1;TAM;SBGR;SBFL;305,00;2
2003;1;TAM;SBGO;SBSP;554,00;39
2003;1;TAM;SBBR;SBKP;641,00;19
2003;1;TAM;SBGR;SBCF;318,00;314
2003;1;TAM;SBRF;SBSV;594,00;2
2003;1;TAM;SBCT;SBKP;325,00;9
2003;1;TAM;SBSP;SBRJ;343,00;10
2003;1;TAM;SBSP;SBFL;305,00;50
2003;1;TAM;SBRJ;SBBH;565,00;9
2003;1;TAM;SBCT;SBBH;318,00;648
2003;1;TAM;SBGL;SBPA;546,00;5
2003;1;TAM;SBSP;SBFL;372,00;24
2003;1;TAM;SBFL;SBSP;367,00;53
2003;1;TAM;SBPA;SBFL;156,00;1
2003;1;TAM;SBFL;SBPA;298,00;10
2003;1;TAM;SBSV;SBGL;430,00;1280
2003;1;TAM;SBCF;SBGR;489,00;1
2003;1;TAM;SBSV;SBGL;590,00;173
2003;1;TAM;SBRP;SBSP;319,00;1904
2003;1;TAM;SBCT;SBGR;429,00;3
2003;1;TAM;SBPA;SBGL;595,00;3
2003;1;TAM;SBCT;SBPA;505,00;1
2003;1;TAM;SBGL;SBSV;430,00;1368
2003;1;TAM;SBGR;SBKP;174,00;1
2003;1;TAM;SBPA;SBCT;381,00;80
2003;1;TAM;SBSP;SBCT;469,00;214
2003;1;TAM;SBSP;SBPA;659,00;38
2003;1;TAM;SBBR;SBRJ;255,00;4
2003;1;TAM;SBKP;SBGR;163,00;3
2003;1;TAM;SBFL;SBGR;433,00;7
2003;1;TAM;SBRF;SBGL;671,00;372
2003;1;TAM;SBBR;SBBE;801,00;26
2003;1;TAM;SBSP;SBFL;337,00;25
2003;1;TAM;SBKP;SBPA;709,00;1
2003;1;TAM;SBSP;SBRP;400,00;101
2003;1;TAM;SBPA;SBCT;545,00;1
2003;1;TAM;SBBE;SBMQ;319,00;11
2003;1;TAM;SBPA;SBSP;504,00;466
2003;1;TAM;SBFL;SBPA;346,00;16
2003;1;TAM;SBFL;SBGR;525,00;2
2003;1;TAM;SBFZ;SBRF;562,00;1
2003;1;TAM;SBSP;SBVT;460,00;132
2003;1;TAM;SBRF;SBGL;1161,00;29
2003;1;TAM;SBBR;SBCT;910,00;41
2003;1;TAM;SBBR;SBFZ;724,00;83
2003;1;TAM;SBSP;SBRP;569,00;3
2003;1;TAM;SBSP;SBBR;961,00;15
2003;1;TAM;SBGR;SBFL;279,00;24
2003;1;TAM;SBSP;SBBR;698,00;511
2003;1;TAM;SBSV;SBGR;820,00;7
2003;1;TAM;SBSP;SBGO;594,00;7
2003;1;TAM;SBGL;SBBR;366,00;55
2003;1;TAM;SBPA;SBKP;747,00;15
2003;1;TAM;SBFZ;SBBR;845,00;64
2003;1;TAM;SBSP;SBPS;938,00;52
2003;1;TAM;SBRJ;SBBR;468,00;224
2003;1;TAM;SBFL;SBGR;274,00;37
2003;1;TAM;SBGL;SBRF;958,00;7
2003;1;TAM;SBBR;SBCT;600,00;81
2003;1;TAM;SBBR;SBKP;1082,00;2
2003;1;TAM;SBGL;SBCT;374,00;15
2003;1;TAM;SBPA;SBSP;579,00;202
2003;1;TAM;SBSP;SBPA;972,00;28
2003;1;TAM;SBBR;SBSV;849,00;57
2003;1;TAM;SBSP;SBGL;371,00;1
2003;1;TAM;SBCT;SBPA;381,00;72
2003;1;TAM;SBGO;SBBR;256,00;43
2003;1;TAM;SBBR;SBGL;468,00;4
2003;1;TAM;SBSP;SBGL;348,00;3
2003;1;TAM;SBGL;SBRF;1161,00;31
2003;1;TAM;SBGL;SBSV;738,00;4
2003;1;TAM;SBSP;SBVT;874,00;15
2003;1;TAM;SBGL;SBGR;218,00;600
2003;1;TAM;SBBR;SBFL;990,00;41
2003;1;TAM;SBSP;SBFL;247,00;2159
2003;1;TAM;SBFL;SBPA;452,00;28
2003;1;TAM;SBBH;SBRJ;164,00;11
2003;1;TAM;SBGL;SBRF;1097,00;1
2003;1;TAM;SBBR;SBFZ;677,00;9
2003;1;TAM;SBGO;SBBR;291,00;9
2003;1;TAM;SBBR;SBFZ;965,00;11
2003;1;TAM;SBBR;SBGR;651,00;4
2003;1;TAM;SBFZ;SBBR;724,00;135
2003;1;TAM;SBSP;SBBH;353,00;546
2003;1;TAM;SBPA;SBGL;851,00;2
2003;1;TAM;SBFL;SBBR;600,00;12
2003;1;TAM;SBBE;SBMQ;415,00;19
2003;1;TAM;SBCF;SBGR;457,00;5
2003;1;TAM;SBRF;SBGL;958,00;19
2003;1;TAM;SBGR;SBBR;443,00;28
2003;1;TAM;SBGR;SBBR;615,00;6
2003;1;TAM;SBRF;SBSV;312,00;379
2003;1;TAM;SBSP;SBCT;429,00;55
2003;1;TAM;SBGR;SBPA;469,00;12
2003;1;TAM;SBSP;SBCT;271,00;3470
2003;1;TAM;SBBH;SBCT;318,00;554
2003;1;TAM;SBCT;SBKP;422,00;2
2003;1;TAM;SBRF;SBGL;894,00;16
2003;1;TAM;SBSP;SBGL;218,00;1231
2003;1;TAM;SBPA;SBFL;346,00;7
2003;1;TAM;SBSP;SBBH;406,00;498
2003;1;TAM;SBBH;SBRJ;359,00;5
2003;1;TAM;SBGL;SBSP;218,00;1333
2003;1;TAM;SBGL;SBGR;371,00;1
2003;1;TAM;SBCT;SBSP;375,00;300
2003;1;TAM;SBFL;SBSP;458,00;41
2003;1;TAM;SBSP;SBBR;467,00;658
2003;1;TAM;SBPA;SBFL;224,00;77
2003;1;TAM;SBGL;SBSP;257,00;22
2003;1;TAM;SBGL;SBCT;410,00;4
2003;1;TAM;SBPS;SBSP;810,00;6
2003;1;TAM;SBGR;SBCF;523,00;3
2003;1;TAM;SBSV;SBGR;936,00;13
2003;1;TAM;SBCT;SBSP;354,00;283
2003;1;TAM;SBPA;SBGR;972,00;1
2003;1;TAM;SBGR;SBFL;274,00;42
2003;1;TAM;SBSV;SBBR;1077,00;1
2003;1;TAM;SBSP;SBPA;328,00;5
2003;1;TAM;SBBH;SBSP;219,00;64
2003;1;TAM;SBSP;SBCT;397,00;108
2003;1;TAM;SBGR;SBFL;525,00;1
2003;1;TAM;SBCT;SBBR;801,00;10
2003;1;TAM;SBRF;SBSV;249,00;430
2003;1;TAM;SBCF;SBGR;554,00;20
2003;1;TAM;SBSP;SBRJ;419,00;1147
2003;1;TAM;SBRJ;SBBH;359,00;8
2003;1;TAM;SBRF;SBGL;1510,00;8
2003;1;TAM;SBBR;SBFL;523,00;369
2003;1;TAM;SBGL;SBGR;399,00;5
2003;1;TAM;SBBR;SBFL;655,00;72
2003;1;TAM;SBBR;SBFL;763,00;23
2003;1;TAM;SBPA;SBSP;709,00;31
2003;1;TAM;SBGR;SBSV;820,00;4
2003;1;TAM;SBSV;SBBR;849,00;90
2003;1;TAM;SBPA;SBFL;427,00;1
2003;1;TAM;SBBR;SBKP;731,00;1
2003;1;TAM;SBBR;SBSP;698,00;50
2003;1;TAM;SBKP;SBCT;446,00;13
2003;1;TAM;SBGL;SBCT;446,00;5
2003;1;TAM;SBKP;SBPA;579,00;6
2003;1;TAM;SBPA;SBKP;439,00;1
2003;1;TAM;SBVT;SBRJ;134,00;19
2003;1;TAM;SBCF;SBGR;219,00;1
2003;1;TAM;SBMQ;SBBE;162,00;906
2003;1;TAM;SBCT;SBPA;348,00;26
2003;1;TAM;SBGL;SBSV;687,00;105
2003;1;TAM;SBCT;SBPA;317,00;398
2003;1;TAM;SBFL;SBCT;486,00;1
2003;1;TAM;SBGR;SBCF;219,00;1
2003;1;TAM;SBGR;SBCF;554,00;27
2003;1;TAM;SBSP;SBBR;615,00;77
2003;1;TAM;SBRF;SBFZ;234,00;615
2003;1;TAM;SBSP;SBGL;399,00;2
2003;1;TAM;SBBR;SBFZ;1097,00;56
2003;1;TAM;SBCT;SBGR;446,00;17
2003;1;TAM;SBVT;SBRJ;477,00;28
2003;1;TAM;SBBH;SBSP;523,00;64
2003;1;TAM;SBFL;SBBR;546,00;76
2003;1;TAM;SBPA;SBGR;619,00;10
2003;1;TAM;SBFL;SBSP;310,00;33
2003;1;TAM;SBCT;SBBR;386,00;302
2003;1;TAM;SBGR;SBCF;771,00;1
2003;1;TAM;SBRP;SBSP;386,00;3
2003;1;TAM;SBKP;SBCT;325,00;15
2003;1;TAM;SBKP;SBBR;786,00;6
2003;1;TAM;SBSP;SBBH;523,00;20
2003;1;TAM;SBCT;SBKP;297,00;15
2003;1;TAM;SBSP;SBFL;494,00;5
2003;1;TAM;SBSP;SBPS;755,00;8
2003;1;TAM;SBKP;SBGR;151,00;60
2003;1;TAM;SBFL;SBSP;428,00;57
2003;1;TAM;SBPA;SBGL;694,00;14
2003;1;TAM;SBCT;SBBR;700,00;33
2003;1;TAM;SBSP;SBGO;396,00;34
2003;1;TAM;SBSP;SBPS;704,00;10
2003;1;TAM;SBGL;SBSV;844,00;11
2003;1;TAM;SBSP;SBRP;393,00;16
2003;1;TAM;SBBR;SBGL;423,00;4
2003;1;TAM;SBCT;SBPA;216,00;1
2003;1;TAM;SBBH;SBRJ;287,00;96
2003;1;TAM;SBRJ;SBBR;770,00;300
2003;1;TAM;SBUL;SBSP;453,00;1604
2003;1;TAM;SBBE;SBMQ;342,00;4
2003;1;TAM;SBRF;SBSV;484,00;33
2003;1;TAM;SBGO;SBSP;340,00;1252
2003;1;TAM;SBRJ;SBBR;509,00;109
2003;1;TAM;SBBH;SBRJ;565,00;10
2003;1;TAM;SBFZ;SBRF;492,00;27
2003;1;TAM;SBBR;SBSP;443,00;2704
2003;1;TAM;SBFL;SBGR;372,00;10
2003;1;TAM;SBGR;SBGL;348,00;2
2003;1;TAM;SBBR;SBRJ;423,00;152
2003;1;TAM;SBPS;SBSP;592,00;65
2003;1;TAM;SBGO;SBSP;475,00;49
2003;1;TAM;SBGR;SBFL;428,00;4
2003;1;TAM;SBRF;SBFZ;639,00;12
2003;1;TAM;SBKP;SBBR;1082,00;2
2003;1;TAM;SBBE;SBMQ;162,00;842
2003;1;TAM;SBGR;SBSV;925,00;3
2003;1;TAM;SBRJ;SBBR;1049,00;3
2003;1;TAM;SBVT;SBRJ;622,00;5
2003;1;TAM;SBFZ;SBRF;422,00;13
2003;1;TAM;SBBR;SBGO;256,00;70
2003;1;TAM;SBPA;SBFL;452,00;39
2003;1;TAM;SBPA;SBKP;579,00;10
2003;1;TAM;SBSV;SBRF;484,00;43
2003;1;TAM;SBGR;SBGL;280,00;3
2003;1;TAM;SBSV;SBGR;883,00;35
2003;1;TAM;SBCT;SBGR;397,00;25
2003;1;TAM;SBBR;SBBE;1040,00;21
2003;1;TAM;SBGL;SBGR;348,00;2
2003;1;TAM;SBSP;SBBR;570,00;349
2003;1;TAM;SBFL;SBSP;305,00;73
2003;1;TAM;SBBH;SBRJ;382,00;7
2003;1;TAM;SBGR;SBGL;371,00;3
2003;1;TAM;SBGR;SBKP;151,00;53
2003;1;TAM;SBRJ;SBBR;727,00;30
2003;1;TAM;SBGR;SBFL;310,00;10
2003;1;TAM;SBPA;SBSP;469,00;600
2003;1;TAM;SBBH;SBCT;738,00;15
2003;1;TAM;SBCT;SBBH;448,00;28
2003;1;TAM;SBRJ;SBVT;477,00;114
2003;1;TAM;SBSV;SBRF;344,00;8
2003;1;TAM;SBBR;SBSP;301,00;15
2003;1;TAM;SBGR;SBBR;467,00;9
2003;1;TAM;SBRF;SBSV;554,00;6
2003;1;TAM;SBVT;SBRJ;368,00;5
2003;1;TAM;SBFL;SBSP;274,00;691
2003;1;TAM;SBRF;SBFZ;387,00;1
2003;1;TAM;SBGL;SBSV;492,00;70
2003;1;TAM;SBCT;SBBR;755,00;15
2003;1;TAM;SBRJ;SBVT;134,00;21
2003;1;TAM;SBBR;SBGL;680,00;3
2003;1;TAM;SBBH;SBSP;538,00;13
2003;1;TAM;SBPA;SBCT;471,00;25
2003;1;TAM;SBSP;SBPS;568,00;188
2003;1;TAM;SBGL;SBSP;399,00;1
2003;1;TAM;SBGR;SBSV;1051,00;75
2003;1;TAM;SBBR;SBGL;770,00;7
2003;1;TAM;SBSP;SBPA;579,00;141
2003;1;TAM;SBSP;SBRP;386,00;6
2003;1;TAM;SBPA;SBGR;469,00;10
2003;1;TAM;SBGR;SBGL;325,00;132
2003;1;TAM;SBSP;SBBH;318,00;3381
2003;1;TAM;SBBR;SBRJ;594,00;23
2003;1;TAM;SBBR;SBKP;686,00;10
2003;1;TAM;SBSP;SBBH;219,00;45
2003;1;TAM;SBFL;SBGR;279,00;24
2003;1;TAM;SBCT;SBGL;410,00;4
2003;1;TAM;SBGL;SBRF;797,00;8
2003;1;TAM;SBBR;SBSP;419,00;3207
2003;1;TAM;SBBR;SBRJ;1049,00;2
2003;1;TAM;SBKP;SBCT;271,00;298
2003;1;TAM;SBGR;SBGL;419,00;131
2003;1;TAM;SBFL;SBSP;337,00;23
2003;1;TAM;SBCT;SBSP;311,00;742
2003;1;TAM;SBSP;SBBH;538,00;13
2003;1;TAM;SBBR;SBSV;560,00;87
2003;1;TAM;SBBH;SBRJ;241,00;27
2003;1;TAM;SBSV;SBGL;894,00;94
2003;1;TAM;SBGL;SBPA;498,00;29
2003;1;TAM;SBGR;SBFL;367,00;8
2003;1;TAM;SBGL;SBPA;851,00;7
2003;1;TAM;SBCT;SBBR;859,00;8
2003;1;TAM;SBSP;SBFL;428,00;48
2003;1;TAM;SBSP;SBUL;577,00;61
2003;1;TAM;SBBR;SBFL;818,00;11
2003;1;TAM;SBSV;SBGR;872,00;8
2003;1;TAM;SBCT;SBFL;310,00;1
2003;1;TAM;SBPA;SBCT;269,00;1218
2003;1;TAM;SBPA;SBGL;546,00;6
2003;1;TAM;SBSP;SBGO;680,00;4
2003;1;TAM;SBGR;SBSV;809,00;30
2003;1;TAM;SBBR;SBKP;502,00;11
2003;1;TAM;SBFL;SBBR;763,00;12
2003;1;TAM;SBCT;SBGR;258,00;810
2003;1;TAM;SBRF;SBGL;702,00;8
2003;1;TAM;SBGL;SBGR;325,00;158
2003;1;TAM;SBCT;SBFL;374,00;4
2003;1;TAM;SBKP;SBBR;686,00;15
2003;1;TAM;SBRF;SBSV;629,00;21
2003;1;TAM;SBRJ;SBBH;263,00;37
2003;1;TAM;SBBH;SBBR;714,00;44
2003;1;TAM;SBFL;SBCT;374,00;5
2003;1;TAM;SBBE;SBMQ;223,00;1260
2003;1;TAM;SBFL;SBPA;248,00;2
2003;1;TAM;SBBR;SBBH;789,00;69
2003;1;TAM;SBGL;SBPA;898,00;41
2003;1;TAM;SBGL;SBSV;590,00;169
2003;1;TAM;SBGR;SBFL;372,00;15
2003;1;TAM;SBGL;SBSP;325,00;12
2003;1;TAM;SBRF;SBSV;344,00;28
2003;1;TAM;SBGR;SBCF;353,00;10
2003;1;TAM;SBSP;SBUL;518,00;2
2003;1;TAM;SBSP;SBBH;771,00;16
2003;1;TAM;SBSV;SBGR;1051,00;90
2003;1;TAM;SBBR;SBRJ;509,00;82
2003;1;TAM;SBPA;SBCT;317,00;377
2003;1;TAM;SBBR;SBBH;345,00;1682
2003;1;TAM;SBGR;SBPA;659,00;2
2003;1;TAM;SBPA;SBKP;709,00;5
2003;1;TAM;SBBH;SBBR;789,00;97
2003;1;TAM;SBCT;SBPA;442,00;29
2003;1;TAM;SBFL;SBGR;463,00;7
2003;1;TAM;SBFL;SBCT;329,00;8
2003;1;TAM;SBSV;SBGR;636,00;12
2003;1;TAM;SBKP;SBCT;297,00;12
2003;1;TAM;SBCT;SBFL;486,00;1
2003;1;TAM;SBBR;SBRJ;727,00;10
2003;1;TAM;SBFL;SBGR;367,00;21
2003;1;TAM;SBCF;SBGR;318,00;312
2003;1;TAM;SBCT;SBBH;487,00;7
2003;1;TAM;SBBR;SBSV;808,00;4
2003;1;TAM;SBKP;SBPA;504,00;226
2003;1;TAM;SBBH;SBSP;457,00;226
2003;1;TAM;SBBH;SBCT;696,00;2
2003;1;TAM;SBMQ;SBBE;366,00;1
2003;1;TAM;SBCT;SBPA;826,00;2
2003;1;TAM;SBFL;SBSP;463,00;29
2003;1;TAM;SBGR;SBPA;619,00;2
2003;1;TAM;SBCT;SBPA;471,00;1
2003;1;TAM;SBFL;SBSP;247,00;2270
2003;1;TAM;SBBR;SBFL;872,00;1
2003;1;TAM;SBPA;SBSP;659,00;54
2003;1;TAM;SBBH;SBSP;329,00;2282
2003;1;TAM;SBPS;SBSP;661,00;66
2003;1;TAM;SBGO;SBSP;680,00;5
2003;1;TAM;SBGR;SBSV;600,00;464
2003;1;TAM;SBBR;SBGL;399,00;3
2003;1;TAM;SBBR;SBSP;489,00;1242
2003;1;TAM;SBCT;SBFL;287,00;25
2003;1;TAM;SBPA;SBFL;273,00;5
2003;1;TAM;SBSP;SBUL;332,00;35
2003;1;TAM;SBBR;SBSP;839,00;1076
2003;1;TAM;SBBR;SBBE;686,00;36
2003;1;TAM;SBRJ;SBBR;594,00;32
2003;1;TAM;SBMQ;SBBE;251,00;24
2003;1;TAM;SBPA;SBKP;504,00;379
2003;1;TAM;SBSP;SBGL;548,00;1
2003;1;TAM;SBBR;SBRJ;399,00;279
2003;1;TAM;SBUL;SBSP;482,00;303
2003;1;TAM;SBBR;SBFZ;630,00;432
2003;1;TAM;SBBR;SBBH;625,00;4
2003;1;TAM;SBFL;SBBR;818,00;15
2003;1;TAM;SBBR;SBBH;714,00;14
2003;1;TAM;SBBE;SBBR;915,00;3
2003;1;TAM;SBBR;SBFZ;845,00;42
2003;1;TAM;SBCT;SBBR;551,00;32
2003;1;TAM;SBBE;SBBR;988,00;3
2003;1;TAM;SBSP;SBGL;419,00;36
2003;1;TAM;SBSP;SBVT;387,00;127
2003;1;TAM;SBKP;SBSP;151,00;11
2003;1;TAM;SBBE;SBMQ;273,00;14
2003;1;TAM;SBGR;SBGL;218,00;535
2003;1;TAM;SBKP;SBBR;641,00;14
2003;1;TAM;SBGL;SBRF;671,00;406
2003;1;TAM;SBKP;SBBR;458,00;41
2003;1;TAM;SBSP;SBBR;301,00;5
2003;1;TAM;SBBR;SBCT;479,00;747
2003;1;TAM;SBSP;SBBR;489,00;563
2003;1;TAM;SBSP;SBGO;435,00;3
2003;1;TAM;SBPA;SBGR;709,00;1
2003;1;TAM;SBPA;SBGR;659,00;6
2003;1;TAM;SBSP;SBGO;554,00;11
2003;1;TAM;SBGR;SBCT;311,00;28
2003;1;TAM;SBKP;SBSP;217,00;65
2003;1;TAM;SBKP;SBBR;832,00;79
2003;1;TAM;SBSV;SBBR;468,00;62
2003;1;TAM;SBPA;SBGL;795,00;1
2003;1;TAM;SBGL;SBCT;317,00;148
2003;1;TAM;SBSP;SBBH;329,00;3198
2003;1;TAM;SBFL;SBSP;433,00;15
2003;1;TAM;SBPA;SBSP;619,00;212
2003;1;TAM;SBSP;SBBH;489,00;201
2003;1;TAM;SBSP;SBFL;525,00;3
2003;1;TAM;SBBR;SBGR;443,00;88
2003;1;TAM;SBFL;SBPA;203,00;314
2003;1;TAM;SBSP;SBVT;563,00;16
2003;1;TAM;SBBR;SBBH;372,00;137
2003;1;TAM;SBGL;SBBR;399,00;8
2003;1;TAM;SBSV;SBGL;785,00;32
2003;1;TAM;SBCT;SBBH;696,00;1
2003;1;TAM;SBBR;SBFL;546,00;102
2003;1;TAM;SBGR;SBSV;636,00;21
2003;1;TAM;SBPA;SBSP;328,00;8
2003;1;TAM;SBGR;SBBR;419,00;302
2003;1;TAM;SBGO;SBSP;792,00;68
2003;1;TAM;SBGR;SBGL;257,00;1
2003;1;TAM;SBBH;SBCT;347,00;137
2003;1;TAM;SBBR;SBBE;553,00;117
2003;1;TAM;SBRJ;SBVT;240,00;509
2003;1;TAM;SBBR;SBGO;309,00;90
2003;1;TAM;SBBR;SBGR;419,00;238
2003;1;TAM;SBMQ;SBBE;415,00;16
2003;1;TAM;SBBR;SBCT;386,00;248
2003;1;TAM;SBBR;SBKP;458,00;63
2003;1;TAM;SBBR;SBSP;961,00;14
2003;1;TAM;SBKP;SBCT;257,00;92
2003;1;TAM;SBPS;SBSP;938,00;65
2003;1;TAM;SBGL;SBSV;540,00;12
2003;1;TAM;SBPA;SBFL;203,00;332
2003;1;TAM;SBSP;SBRJ;309,00;14557
2003;1;TAM;SBBE;SBBR;553,00;101
2003;1;TAM;SBCT;SBPA;269,00;1308
2003;1;TAM;SBGR;SBFL;342,00;2
2003;1;TAM;SBBR;SBCT;551,00;49
2003;1;TAM;SBRJ;SBBR;680,00;14
2003;1;TAM;SBRJ;SBBR;399,00;395
2003;1;TAM;SBSP;SBFL;367,00;47
2003;1;TAM;SBGR;SBKP;187,00;1
2003;1;TAM;SBRP;SBSP;363,00;8
2003;1;TAM;SBFL;SBSP;279,00;249
2003;1;TAM;SBGO;SBBR;309,00;58
2003;1;TAM;SBRJ;SBVT;368,00;12
2003;1;TAM;SBSP;SBBH;457,00;351
2003;1;TAM;SBCT;SBBR;479,00;751
2003;1;TAM;SBFL;SBPA;156,00;1
2003;1;TAM;SBFZ;SBBR;1042,00;6
2003;1;TAM;SBBH;SBCT;487,00;9
2003;1;TAM;SBVT;SBSP;309,00;2796
2003;1;TAM;SBSV;SBGR;995,00;3
2003;1;TAM;SBFL;SBCT;287,00;40
2003;1;TAM;SBSP;SBFL;310,00;64
2003;1;TAM;SBBE;SBBR;801,00;28
2003;1;TAM;SBCT;SBFL;353,00;4
2003;1;TAM;SBMQ;SBBE;392,00;1
2003;1;TAM;SBKP;SBPA;469,00;261
2003;1;TAM;SBCT;SBGL;673,00;4
2003;1;TAM;SBSV;SBBR;808,00;7
2003;1;TAM;SBFL;SBCT;244,00;384
2003;1;TAM;SBGL;SBCT;523,00;9
2003;1;TAM;SBGL;SBGR;280,00;6
2003;1;TAM;SBSP;SBPS;592,00;61
2003;1;TAM;SBVT;SBRJ;174,00;813
2003;1;TAM;SBFL;SBSP;494,00;32
2003;1;TAM;SBVT;SBRJ;263,00;2
2003;1;TAM;SBCT;SBGL;558,00;2
2003;1;TAM;SBBR;SBSP;467,00;1013
2003;1;TAM;SBGR;SBCT;354,00;9
2003;1;TAM;SBBR;SBRJ;468,00;181
2003;1;TAM;SBGL;SBPA;469,00;128
2003;1;TAM;SBCT;SBBR;500,00;104
2003;1;TAM;SBBH;SBSP;318,00;3627
2003;1;TAM;SBBR;SBCT;859,00;8
2003;1;TAM;SBBH;SBSP;406,00;480
2003;1;TAM;SBCT;SBGL;335,00;176
2003;1;TAM;SBBH;SBBR;520,00;54
2003;1;TAM;SBRJ;SBBH;287,00;117
2003;1;TAM;SBPA;SBCT;442,00;23
2003;1;TAM;SBGL;SBRF;702,00;8
2003;1;TAM;SBBH;SBBR;625,00;37
2003;1;TAM;SBSP;SBCT;294,00;1178
2003;1;TAM;SBUL;SBSP;577,00;88
2003;1;TAM;SBBH;SBRJ;334,00;109
2003;1;TAM;SBBR;SBKP;832,00;72
2003;1;TAM;SBBR;SBGL;366,00;64
2003;1;TAM;SBSV;SBBR;560,00;114
2003;1;TAM;SBRJ;SBBH;382,00;7
2003;1;TAM;SBBR;SBBH;392,00;35
2003;1;TAM;SBSP;SBCT;174,00;11
2003;1;TAM;SBBE;SBBR;1040,00;24
2003;1;TAM;SBSV;SBGL;492,00;90
2003;1;TAM;SBCT;SBFL;244,00;294
2003;1;TAM;SBSP;SBCT;583,00;3
2003;1;TAM;SBCT;SBGR;354,00;42
2003;1;TAM;SBRF;SBFZ;422,00;10
2003;1;TAM;SBSP;SBPS;432,00;56
2003;1;TAM;SBGL;SBRF;1023,00;3
2003;1;TAM;SBBR;SBGR;301,00;4
2003;1;TAM;SBGR;SBPA;747,00;17
2003;1;TAM;SBBR;SBRJ;770,00;246
2003;1;TAM;SBGR;SBBR;698,00;5
2003;1;TAM;SBKP;SBBR;413,00;401
2003;1;TAM;SBPA;SBKP;469,00;361
2003;1;TAM;SBGR;SBSV;995,00;7
2003;1;TAM;SBBR;SBGR;570,00;19
2003;1;TAM;SBKP;SBBR;731,00;8
2003;1;TAM;SBFL;SBCT;310,00;6
2003;1;TAM;SBFL;SBGR;310,00;5
2003;1;TAM;SBSP;SBBH;623,00;208
2003;1;TAM;SBUL;SBSP;332,00;35
2003;1;TAM;SBGL;SBRF;894,00;11
2003;1;TAM;SBBR;SBFL;600,00;46
2003;1;TAM;SBVT;SBSP;387,00;85
2003;1;TAM;SBBR;SBCT;700,00;29
2003;1;TAM;SBSP;SBBR;443,00;2643
2003;1;TAM;SBCF;SBGR;329,00;14
2003;1;TAM;SBGR;SBCT;397,00;1
2003;1;TAM;SBGO;SBSP;594,00;13
2003;1;TAM;SBBH;SBSP;771,00;17
2003;1;TAM;SBPA;SBFL;373,00;1
2003;1;TAM;SBGO;SBSP;396,00;36
2003;1;TAM;SBRF;SBSV;415,00;29
2003;1;TAM;SBBR;SBBH;262,00;1
2003;1;TAM;SBFL;SBSP;831,00;23
2003;1;TAM;SBSV;SBGL;687,00;91
2003;1;TAM;SBSV;SBGR;694,00;93
2003;1;TAM;SBSV;SBGR;600,00;575
2003;1;TAM;SBGO;SBBR;272,00;8
2003;1;TAM;SBGR;SBSV;936,00;2
2003;1;TAM;SBBH;SBBR;484,00;95
2003;1;TAM;SBFL;SBGR;247,00;81
2003;1;TAM;SBBR;SBFZ;1042,00;6
2003;1;TAM;SBBH;SBRJ;217,00;1057
2003;1;TAM;SBCT;SBKP;344,00;6
2003;1;TAM;SBRF;SBFZ;352,00;8
2003;1;TAM;SBRJ;SBVT;287,00;3
2003;1;TAM;SBKP;SBBR;502,00;41
2003;1;TAM;SBFL;SBBR;990,00;35
2003;1;TAM;SBFZ;SBBR;900,00;20
2003;1;TAM;SBSV;SBBR;654,00;98
2003;1;TAM;SBCT;SBSP;429,00;71
2003;1;TAM;SBFZ;SBRF;603,00;1
2003;1;TAM;SBPS;SBSP;432,00;21
2003;1;TAM;SBGR;SBCT;375,00;1
2003;1;TAM;SBBR;SBSV;697,00;26
2003;1;TAM;SBKP;SBGR;197,00;19
2003;1;TAM;SBCT;SBSP;174,00;19
2003;1;TAM;SBBR;SBKP;548,00;49
2003;1;TAM;SBBH;SBBR;818,00;8
2003;1;TAM;SBPA;SBCT;505,00;4
2003;1;TAM;SBGR;SBPA;439,00;268
2003;1;TAM;SBVT;SBSP;655,00;2
2003;1;TAM;SBFZ;SBBR;1097,00;61
2003;1;TAM;SBPS;SBSP;1110,00;1
2003;1;TAM;SBBR;SBGO;164,00;1
2003;1;TAM;SBKP;SBPA;619,00;2
2003;1;TAM;SBFL;SBSP;601,00;9
2003;1;TAM;SBCT;SBGR;375,00;14
2003;1;TAM;SBRJ;SBBR;423,00;216
2003;1;TAM;SBBH;SBSP;623,00;339
2003;1;TAM;SBSP;SBCT;375,00;254
2003;1;TAM;SBBH;SBCT;568,00;9
2003;1;TAM;SBSP;SBCT;258,00;4061
2003;1;TAM;SBPA;SBFL;248,00;18
2003;1;TAM;SBRJ;SBBH;164,00;20
2003;1;TAM;SBMQ;SBBE;273,00;7
2003;1;TAM;SBUL;SBSP;518,00;69
2003;1;TAM;SBFL;SBPA;224,00;84
2003;1;TAM;SBCT;SBGL;374,00;20
2003;1;TAM;SBFL;SBSP;372,00;59
2003;1;TAM;SBGO;SBSP;435,00;21
2003;1;TAM;SBSP;SBGO;792,00;58
2003;1;TAM;SBBH;SBRJ;412,00;6
2003;1;TAM;SBGR;SBCF;329,00;12
2003;1;TAM;SBSV;SBBR;697,00;23
2003;1;TAM;SBSV;SBGL;844,00;13
2003;1;TAM;SBPA;SBCT;348,00;32
2003;1;TAM;SBRJ;SBVT;263,00;21
2003;1;TAM;SBCT;SBGR;271,00;68
2003;1;TAM;SBBR;SBSP;651,00;24
2003;1;TAM;SBBR;SBCT;500,00;91
2003;1;TAM;SBCT;SBGR;583,00;1
2003;1;TAM;SBBR;SBKP;413,00;483
2003;1;TAM;SBBH;SBBR;345,00;1604
2003;1;TAM;SBCT;SBGL;595,00;2
2003;1;TAM;SBGL;SBSV;1161,00;2
2003;1;TAM;SBRF;SBFZ;527,00;3
2003;1;TAM;SBGR;SBBR;570,00;15
2003;1;TAM;SBRJ;SBBH;217,00;986
2003;1;TAM;SBFL;SBBR;523,00;559
2003;1;TAM;SBGR;SBSV;883,00;43
2003;1;TAM;SBCT;SBKP;271,00;322
2003;1;TAM;SBGL;SBRF;1510,00;8
2003;1;TAM;SBGR;SBBR;489,00;30
2003;1;TAM;SBGR;SBFL;611,00;8
2003;1;TAM;SBGR;SBKP;197,00;23
2003;1;TAM;SBSV;SBBR;747,00;18
2003;1;TAM;SBBR;SBKP;786,00;5
2003;1;VRG;SBPA;SBBR;737,00;188
2003;1;VRG;SBBH;SBSP;175,00;3990
2003;1;VRG;SBSP;SBBH;312,00;468
2003;1;VRG;SBFL;SBBR;936,00;1
2003;1;VRG;SBGR;SBBR;240,00;222
2003;1;VRG;SBKP;SBRJ;483,00;393
2003;1;VRG;SBGL;SBSV;1061,00;67
2003;1;VRG;SBGL;SBFL;648,00;2
2003;1;VRG;SBBE;SBMQ;492,00;11
2003;1;VRG;SBGR;SBCF;312,00;76
2003;1;VRG;SBGR;SBEG;1004,00;453
2003;1;VRG;SBBH;SBBR;536,00;54
2003;1;VRG;SBGR;SBBR;487,00;258
2003;1;VRG;SBCT;SBSP;446,00;1256
2003;1;VRG;SBBR;SBGO;131,00;86
2003;1;VRG;SBRJ;SBVT;174,00;2661
2003;1;VRG;SBEG;SBGR;1522,00;316
2003;1;VRG;SBRF;SBFZ;492,00;160
2003;1;VRG;SBUL;SBSP;507,00;30
2003;1;VRG;SBSP;SBGO;677,00;1
2003;1;VRG;SBGO;SBBR;227,00;162
2003;1;VRG;SBSP;SBPA;262,00;1205
2003;1;VRG;SBBR;SBRJ;223,00;3176
2003;1;VRG;SBSP;SBPA;655,00;60
2003;1;VRG;SBSP;SBBH;367,00;434
2003;1;VRG;SBBR;SBBE;583,00;35
2003;1;VRG;SBGR;SBBR;648,00;52
2003;1;VRG;SBPA;SBRJ;595,00;8
2003;1;VRG;SBBR;SBPA;859,00;102
2003;1;VRG;SBCT;SBGR;344,00;94
2003;1;VRG;SBGL;SBBR;431,00;171
2003;1;VRG;SBPA;SBSP;417,00;263
2003;1;VRG;SBBR;SBBE;983,00;1
2003;1;VRG;SBSP;SBKP;142,00;10
2003;1;VRG;SBSP;SBNF;521,00;981
2003;1;VRG;SBKP;SBBR;694,00;11
2003;1;VRG;SBRJ;SBKP;372,00;42
2003;1;VRG;SBFL;SBSP;488,00;19
2003;1;VRG;SBUL;SBSP;545,00;1
2003;1;VRG;SBGR;SBFL;554,00;135
2003;1;VRG;SBCT;SBGL;516,00;168
2003;1;VRG;SBCT;SBPA;689,00;15
2003;1;VRG;SBPA;SBSP;655,00;29
2003;1;VRG;SBPS;SBSP;567,00;336
2003;1;VRG;SBPA;SBGR;893,00;933
2003;1;VRG;SBFZ;SBRF;492,00;185
2003;1;VRG;SBSV;SBRF;629,00;247
2003;1;VRG;SBMQ;SBBE;361,00;7
2003;1;VRG;SBGL;SBFL;486,00;113
2003;1;VRG;SBNF;SBSP;492,00;28
2003;1;VRG;SBSP;SBGO;208,00;1113
2003;1;VRG;SBBR;SBRJ;592,00;376
2003;1;VRG;SBPA;SBSP;429,00;1851
2003;1;VRG;SBGL;SBGR;546,00;60
2003;1;VRG;SBGR;SBGL;397,00;20
2003;1;VRG;SBBR;SBBH;403,00;109
2003;1;VRG;SBGL;SBBR;677,00;43
2003;1;VRG;SBFL;SBPA;349,00;60
2003;1;VRG;SBPA;SBGR;574,00;629
2003;1;VRG;SBPA;SBBR;675,00;130
2003;1;VRG;SBMQ;SBBE;388,00;1
2003;1;VRG;SBFZ;SBBR;1310,00;130
2003;1;VRG;SBGR;SBCF;556,00;380
2003;1;VRG;SBFL;SBGR;427,00;101
2003;1;VRG;SBSP;SBPS;481,00;157
2003;1;VRG;SBRJ;SBCT;212,00;397
2003;1;VRG;SBEG;SBGR;1172,00;300
2003;1;VRG;SBBH;SBBR;231,00;150
2003;1;VRG;SBSP;SBNF;459,00;31
2003;1;VRG;SBBR;SBGR;648,00;60
2003;1;VRG;SBGL;SBPA;505,00;411
2003;1;VRG;SBGR;SBEG;1978,00;29
2003;1;VRG;SBBR;SBGR;487,00;258
2003;1;VRG;SBFZ;SBRF;640,00;236
2003;1;VRG;SBPA;SBGL;1081,00;347
2003;1;VRG;SBSP;SBCT;446,00;1131
2003;1;VRG;SBBR;SBSV;848,00;435
2003;1;VRG;SBGL;SBBR;1001,00;21
2003;1;VRG;SBPS;SBSP;755,00;16
2003;1;VRG;SBFL;SBBR;763,00;27
2003;1;VRG;SBCT;SBRJ;516,00;43
2003;1;VRG;SBGR;SBCT;421,00;8
2003;1;VRG;SBSP;SBFL;366,00;65
2003;1;VRG;SBPA;SBCT;173,00;1219
2003;1;VRG;SBBR;SBSP;240,00;1352
2003;1;VRG;SBBR;SBFZ;721,00;124
2003;1;VRG;SBBR;SBFL;522,00;7
2003;1;VRG;SBSP;SBNF;271,00;2528
2003;1;VRG;SBRJ;SBVT;420,00;9
2003;1;VRG;SBPA;SBKP;581,00;4
2003;1;VRG;SBRF;SBGL;1151,00;405
2003;1;VRG;SBBR;SBFZ;612,00;201
2003;1;VRG;SBCT;SBFL;373,00;32
2003;1;VRG;SBFZ;SBRF;769,00;8
2003;1;VRG;SBSP;SBCT;344,00;381
2003;1;VRG;SBBE;SBBR;1248,00;61
2003;1;VRG;SBBE;SBMQ;361,00;4
2003;1;VRG;SBPA;SBKP;498,00;75
2003;1;VRG;SBBR;SBBH;610,00;348
2003;1;VRG;SBBR;SBGL;431,00;86
2003;1;VRG;SBSV;SBRF;554,00;22
2003;1;VRG;SBSP;SBVT;436,00;69
2003;1;VRG;SBMQ;SBBE;271,00;4
2003;1;VRG;SBFL;SBGR;366,00;266
2003;1;VRG;SBRJ;SBBR;223,00;3610
2003;1;VRG;SBSP;SBRP;352,00;10
2003;1;VRG;SBBR;SBRJ;507,00;174
2003;1;VRG;SBCF;SBGR;367,00;216
2003;1;VRG;SBGO;SBSP;859,00;12
2003;1;VRG;SBRF;SBGL;760,00;337
2003;1;VRG;SBBR;SBFZ;630,00;632
2003;1;VRG;SBBR;SBRJ;727,00;2
2003;1;VRG;SBPA;SBGR;262,00;1631
2003;1;VRG;SBSP;SBUL;507,00;27
2003;1;VRG;SBCT;SBKP;392,00;1
2003;1;VRG;SBBR;SBFZ;1092,00;268
2003;1;VRG;SBSP;SBVT;241,00;2121
2003;1;VRG;SBSP;SBVT;625,00;1
2003;1;VRG;SBGR;SBSV;1260,00;264
2003;1;VRG;SBFZ;SBBR;1033,00;9
2003;1;VRG;SBSP;SBBR;240,00;1508
2003;1;VRG;SBBR;SBFL;991,00;42
2003;1;VRG;SBFL;SBGL;412,00;200
2003;1;VRG;SBPA;SBGR;491,00;768
2003;1;VRG;SBRJ;SBKP;318,00;84
2003;1;VRG;SBRJ;SBBR;727,00;4
2003;1;VRG;SBPA;SBGR;655,00;214
2003;1;VRG;SBPA;SBSP;703,00;4
2003;1;VRG;SBFL;SBSP;664,00;26
2003;1;VRG;SBSP;SBPA;574,00;385
2003;1;VRG;SBBR;SBGL;223,00;1433
2003;1;VRG;SBPA;SBBR;1116,00;359
2003;1;VRG;SBSP;SBBR;737,00;1516
2003;1;VRG;SBBR;SBFZ;842,00;232
2003;1;VRG;SBGL;SBCT;442,00;103
2003;1;VRG;SBRF;SBSV;169,00;1875
2003;1;VRG;SBSP;SBFL;209,00;597
2003;1;VRG;SBGR;SBBR;413,00;23
2003;1;VRG;SBCF;SBGR;175,00;167
2003;1;VRG;SBGO;SBBR;131,00;254
2003;1;VRG;SBBR;SBRJ;770,00;1826
2003;1;VRG;SBCT;SBRJ;670,00;290
2003;1;VRG;SBGL;SBFL;386,00;867
2003;1;VRG;SBBR;SBBE;801,00;148
2003;1;VRG;SBBR;SBBH;231,00;273
2003;1;VRG;SBRJ;SBSP;309,00;43134
2003;1;VRG;SBFL;SBBR;522,00;16
2003;1;VRG;SBCT;SBRJ;703,00;1
2003;1;VRG;SBPA;SBFL;349,00;27
2003;1;VRG;SBGL;SBRF;1013,00;39
2003;1;VRG;SBCT;SBSP;344,00;439
2003;1;VRG;SBBR;SBGL;1001,00;31
2003;1;VRG;SBRF;SBFZ;422,00;200
2003;1;VRG;SBGR;SBSV;925,00;70
2003;1;VRG;SBBH;SBBR;403,00;142
2003;1;VRG;SBCT;SBGL;375,00;119
2003;1;VRG;SBRF;SBGL;1382,00;204
2003;1;VRG;SBGR;SBSV;693,00;426
2003;1;VRG;SBPA;SBGR;745,00;1278
2003;1;VRG;SBMQ;SBBE;137,00;659
2003;1;VRG;SBPA;SBBR;859,00;272
2003;1;VRG;SBGL;SBPA;275,00;2665
2003;1;VRG;SBBR;SBBE;1248,00;43
2003;1;VRG;SBCT;SBRJ;633,00;1
2003;1;VRG;SBRJ;SBPA;793,00;3
2003;1;VRG;SBSP;SBBR;567,00;938
2003;1;VRG;SBKP;SBRJ;318,00;101
2003;1;VRG;SBFL;SBSP;310,00;63
2003;1;VRG;SBPA;SBSP;574,00;303
2003;1;VRG;SBCT;SBKP;344,00;55
2003;1;VRG;SBGL;SBBR;592,00;354
2003;1;VRG;SBSV;SBGR;390,00;1424
2003;1;VRG;SBRJ;SBFL;736,00;67
2003;1;VRG;SBFL;SBGR;310,00;134
2003;1;VRG;SBBH;SBSP;428,00;229
2003;1;VRG;SBRF;SBGL;1088,00;14
2003;1;VRG;SBGL;SBCT;590,00;4
2003;1;VRG;SBGR;SBCT;392,00;13
2003;1;VRG;SBBR;SBBE;1041,00;244
2003;1;VRG;SBPA;SBGL;505,00;378
2003;1;VRG;SBBR;SBGR;737,00;391
2003;1;VRG;SBBH;SBRJ;144,00;3319
2003;1;VRG;SBKP;SBSP;104,00;2
2003;1;VRG;SBBR;SBGL;770,00;525
2003;1;VRG;SBKP;SBPA;581,00;127
2003;1;VRG;SBSP;SBVT;582,00;14
2003;1;VRG;SBSP;SBGO;630,00;3
2003;1;VRG;SBBR;SBGR;696,00;12
2003;1;VRG;SBEG;SBGR;1826,00;347
2003;1;VRG;SBGO;SBBR;296,00;90
2003;1;VRG;SBBR;SBPA;498,00;817
2003;1;VRG;SBGL;SBCT;633,00;81
2003;1;VRG;SBBR;SBPA;1055,00;4
2003;1;VRG;SBRJ;SBBH;454,00;2084
2003;1;VRG;SBSP;SBKP;104,00;4
2003;1;VRG;SBSV;SBBR;1018,00;88
2003;1;VRG;SBFL;SBRJ;883,00;1
2003;1;VRG;SBFL;SBPA;399,00;10
2003;1;VRG;SBEG;SBGR;1339,00;35
2003;1;VRG;SBSP;SBGO;473,00;20
2003;1;VRG;SBNF;SBSP;521,00;793
2003;1;VRG;SBUL;SBSP;332,00;27
2003;1;VRG;SBKP;SBCT;392,00;1
2003;1;VRG;SBKP;SBRJ;246,00;1669
2003;1;VRG;SBBR;SBGO;261,00;1
2003;1;VRG;SBRF;SBSV;484,00;308
2003;1;VRG;SBSV;SBRF;352,00;113
2003;1;VRG;SBCF;SBGR;668,00;187
2003;1;VRG;SBSP;SBFL;524,00;4
2003;1;VRG;SBRJ;SBBH;399,00;18
2003;1;VRG;SBBH;SBSP;489,00;27
2003;1;VRG;SBGR;SBSV;993,00;53
2003;1;VRG;SBFL;SBSP;554,00;175
2003;1;VRG;SBCT;SBKP;446,00;110
2003;1;VRG;SBSP;SBBH;175,00;3515
2003;1;VRG;SBGR;SBEG;482,00;2561
2003;1;VRG;SBBR;SBBH;470,00;390
2003;1;VRG;SBBE;SBMQ;411,00;224
2003;1;VRG;SBBR;SBGO;227,00;75
2003;1;VRG;SBBE;SBBR;686,00;69
2003;1;VRG;SBEG;SBGR;1438,00;15
2003;1;VRG;SBGL;SBPA;694,00;344
2003;1;VRG;SBSP;SBCT;139,00;1293
2003;1;VRG;SBFL;SBGL;648,00;16
2003;1;VRG;SBGR;SBBR;696,00;26
2003;1;VRG;SBGL;SBGR;420,00;4941
2003;1;VRG;SBBR;SBGR;413,00;49
2003;1;VRG;SBKP;SBCT;295,00;78
2003;1;VRG;SBFL;SBBR;1189,00;19
2003;1;VRG;SBGL;SBBR;923,00;315
2003;1;VRG;SBSP;SBCT;421,00;8
2003;1;VRG;SBFL;SBPA;127,00;1009
2003;1;VRG;SBGR;SBEG;1339,00;85
2003;1;VRG;SBGR;SBCF;318,00;256
2003;1;VRG;SBRJ;SBCT;442,00;96
2003;1;VRG;SBSP;SBVT;661,00;305
2003;1;VRG;SBVT;SBRJ;174,00;2516
2003;1;VRG;SBCT;SBGR;139,00;272
2003;1;VRG;SBBR;SBSP;648,00;71
2003;1;VRG;SBFZ;SBBR;721,00;206
2003;1;VRG;SBKP;SBCT;344,00;33
2003;1;VRG;SBPS;SBSP;858,00;368
2003;1;VRG;SBSV;SBRF;484,00;181
2003;1;VRG;SBRJ;SBBH;299,00;67
2003;1;VRG;SBEG;SBGR;1004,00;284
2003;1;VRG;SBBR;SBRJ;431,00;52
2003;1;VRG;SBBR;SBSP;884,00;152
2003;1;VRG;SBKP;SBBR;789,00;24
2003;1;VRG;SBKP;SBPA;498,00;63
2003;1;VRG;SBCT;SBGR;392,00;40
2003;1;VRG;SBGR;SBCF;525,00;21
2003;1;VRG;SBGL;SBBR;770,00;498
2003;1;VRG;SBPA;SBRJ;275,00;94
2003;1;VRG;SBPA;SBCT;574,00;244
2003;1;VRG;SBPA;SBFL;454,00;157
2003;1;VRG;SBSP;SBPA;491,00;307
2003;1;VRG;SBRF;SBFZ;562,00;11
2003;1;VRG;SBSP;SBBH;489,00;34
2003;1;VRG;SBFL;SBPA;254,00;51
2003;1;VRG;SBSP;SBPA;745,00;968
2003;1;VRG;SBGL;SBSV;496,00;558
2003;1;VRG;SBFL;SBCT;209,00;75
2003;1;VRG;SBFL;SBGR;488,00;36
2003;1;VRG;SBSV;SBRF;169,00;1650
2003;1;VRG;SBGO;SBBR;166,00;96
2003;1;VRG;SBCT;SBPA;442,00;98
2003;1;VRG;SBBH;SBBR;576,00;3
2003;1;VRG;SBSV;SBBR;475,00;75
2003;1;VRG;SBGO;SBSP;208,00;1023
2003;1;VRG;SBRP;SBSP;376,00;5
2003;1;VRG;SBPA;SBRJ;901,00;26
2003;1;VRG;SBBH;SBBR;470,00;505
2003;1;VRG;SBSP;SBPA;417,00;153
2003;1;VRG;SBCT;SBGL;633,00;11
2003;1;VRG;SBBR;SBPA;625,00;72
2003;1;VRG;SBPA;SBGL;793,00;64
2003;1;VRG;SBBR;SBSV;475,00;191
2003;1;VRG;SBCT;SBGL;670,00;194
2003;1;VRG;SBMQ;SBBE;492,00;4
2003;1;VRG;SBRF;SBGL;645,00;363
2003;1;VRG;SBVT;SBRJ;267,00;23
2003;1;VRG;SBEG;SBGR;1978,00;38
2003;1;VRG;SBRJ;SBVT;267,00;40
2003;1;VRG;SBBR;SBBH;536,00;55
2003;1;VRG;SBBE;SBBR;442,00;548
2003;1;VRG;SBGR;SBGL;546,00;42
2003;1;VRG;SBRJ;SBKP;457,00;2
2003;1;VRG;SBNF;SBSP;459,00;57
2003;1;VRG;SBSV;SBBR;654,00;360
2003;1;VRG;SBKP;SBCT;173,00;167
2003;1;VRG;SBCT;SBGL;590,00;6
2003;1;VRG;SBSP;SBVT;370,00;65
2003;1;VRG;SBRJ;SBBR;677,00;83
2003;1;VRG;SBGR;SBPA;574,00;414
2003;1;VRG;SBPA;SBRJ;694,00;2
2003;1;VRG;SBPA;SBBR;625,00;53
2003;1;VRG;SBRJ;SBKP;271,00;45
2003;1;VRG;SBVT;SBRJ;420,00;35
2003;1;VRG;SBSP;SBGO;716,00;278
2003;1;VRG;SBSP;SBUL;545,00;1
2003;1;VRG;SBBR;SBSP;567,00;542
2003;1;VRG;SBBR;SBSV;560,00;160
2003;1;VRG;SBFZ;SBBR;842,00;415
2003;1;VRG;SBCT;SBKP;295,00;61
2003;1;VRG;SBGL;SBRF;760,00;398
2003;1;VRG;SBSP;SBCT;295,00;369
2003;1;VRG;SBGL;SBCT;804,00;22
2003;1;VRG;SBFL;SBRJ;567,00;28
2003;1;VRG;SBGL;SBSV;584,00;407
2003;1;VRG;SBSP;SBPS;661,00;102
2003;1;VRG;SBGL;SBCT;212,00;1846
2003;1;VRG;SBBR;SBSV;654,00;422
2003;1;VRG;SBFZ;SBBR;612,00;212
2003;1;VRG;SBRJ;SBCT;633,00;6
2003;1;VRG;SBBR;SBSV;802,00;42
2003;1;VRG;SBGR;SBFL;488,00;27
2003;1;VRG;SBCT;SBRJ;442,00;64
2003;1;VRG;SBFL;SBCT;328,00;5
2003;1;VRG;SBRJ;SBKP;483,00;423
2003;1;VRG;SBPA;SBGR;417,00;332
2003;1;VRG;SBBE;SBBR;983,00;1
2003;1;VRG;SBGR;SBPA;655,00;81
2003;1;VRG;SBFL;SBGL;386,00;709
2003;1;VRG;SBSP;SBNF;402,00;291
2003;1;VRG;SBRJ;SBVT;368,00;131
2003;1;VRG;SBKP;SBSP;185,00;46
2003;1;VRG;SBSP;SBKP;101,00;55
2003;1;VRG;SBRJ;SBCT;516,00;82
2003;1;VRG;SBSV;SBGL;835,00;66
2003;1;VRG;SBBR;SBBE;916,00;20
2003;1;VRG;SBRJ;SBFL;486,00;4
2003;1;VRG;SBVT;SBSP;241,00;2829
2003;1;VRG;SBPA;SBGL;694,00;405
2003;1;VRG;SBBH;SBSP;668,00;50
2003;1;VRG;SBVT;SBSP;508,00;84
2003;1;VRG;SBPS;SBSP;661,00;147
2003;1;VRG;SBGO;SBSP;716,00;122
2003;1;VRG;SBCT;SBGR;250,00;118
2003;1;VRG;SBRF;SBFZ;359,00;94
2003;1;VRG;SBGR;SBEG;1522,00;505
2003;1;VRG;SBSP;SBFL;427,00;76
2003;1;VRG;SBSV;SBGR;588,00;722
2003;1;VRG;SBSP;SBPA;893,00;17
2003;1;VRG;SBSP;SBFL;488,00;9
2003;1;VRG;SBSP;SBGO;401,00;42
2003;1;VRG;SBBR;SBKP;442,00;4
2003;1;VRG;SBGR;SBSV;588,00;583
2003;1;VRG;SBGL;SBGR;324,00;403
2003;1;VRG;SBGO;SBBR;355,00;7
2003;1;VRG;SBVT;SBSP;661,00;385
2003;1;VRG;SBBR;SBGL;677,00;64
2003;1;VRG;SBGL;SBRF;887,00;245
2003;1;VRG;SBGR;SBPA;893,00;516
2003;1;VRG;SBFL;SBBR;991,00;57
2003;1;VRG;SBCT;SBGL;804,00;68
2003;1;VRG;SBBE;SBMQ;316,00;141
2003;1;VRG;SBGL;SBRF;534,00;444
2003;1;VRG;SBSP;SBBH;556,00;2011
2003;1;VRG;SBSV;SBBR;560,00;74
2003;1;VRG;SBGR;SBGL;218,00;760
2003;1;VRG;SBGR;SBCT;250,00;100
2003;1;VRG;SBFZ;SBBR;1092,00;418
2003;1;VRG;SBSV;SBRF;755,00;36
2003;1;VRG;SBPA;SBCT;505,00;2
2003;1;VRG;SBSV;SBGR;993,00;131
2003;1;VRG;SBRF;SBSV;629,00;260
2003;1;VRG;SBRJ;SBPA;505,00;137
2003;1;VRG;SBBH;SBRJ;399,00;5
2003;1;VRG;SBGR;SBCF;367,00;144
2003;1;VRG;SBVT;SBSP;370,00;78
2003;1;VRG;SBPA;SBSP;745,00;899
2003;1;VRG;SBGL;SBGR;218,00;1345
2003;1;VRG;SBGR;SBBR;567,00;252
2003;1;VRG;SBKP;SBBR;261,00;160
2003;1;VRG;SBGL;SBFL;736,00;135
2003;1;VRG;SBGL;SBGR;371,00;155
2003;1;VRG;SBBR;SBBE;442,00;348
2003;1;VRG;SBBE;SBBR;583,00;22
2003;1;VRG;SBBR;SBSP;413,00;220
2003;1;VRG;SBKP;SBCT;446,00;123
2003;1;VRG;SBGR;SBFL;366,00;270
2003;1;VRG;SBSP;SBPS;755,00;3
2003;1;VRG;SBGR;SBCT;139,00;224
2003;1;VRG;SBSP;SBBR;487,00;334
2003;1;VRG;SBKP;SBPA;754,00;5
2003;1;VRG;SBPA;SBBR;982,00;78
2003;1;VRG;SBBR;SBBH;342,00;48
2003;1;VRG;SBBR;SBGL;507,00;114
2003;1;VRG;SBBR;SBKP;694,00;45
2003;1;VRG;SBCF;SBGR;525,00;24
2003;1;VRG;SBKP;SBBR;521,00;17
2003;1;VRG;SBSP;SBBR;696,00;14
2003;1;VRG;SBGL;SBRF;1088,00;1
2003;1;VRG;SBGR;SBGL;504,00;1150
2003;1;VRG;SBGL;SBBR;727,00;10
2003;1;VRG;SBSV;SBGR;1050,00;1742
2003;1;VRG;SBBR;SBKP;261,00;164
2003;1;VRG;SBBR;SBBH;576,00;3
2003;1;VRG;SBCT;SBSP;250,00;171
2003;1;VRG;SBBH;SBSP;312,00;445
2003;1;VRG;SBBH;SBBR;342,00;53
2003;1;VRG;SBGL;SBCT;516,00;133
2003;1;VRG;SBBR;SBSV;1018,00;130
2003;1;VRG;SBBR;SBGR;240,00;193
2003;1;VRG;SBRJ;SBBH;144,00;3439
2003;1;VRG;SBSP;SBPA;703,00;2
2003;1;VRG;SBGR;SBPA;491,00;510
2003;1;VRG;SBSP;SBBH;525,00;16
2003;1;VRG;SBRF;SBSV;554,00;31
2003;1;VRG;SBGO;SBBR;280,00;2
2003;1;VRG;SBCF;SBGR;489,00;62
2003;1;VRG;SBGR;SBSV;390,00;819
2003;1;VRG;SBSP;SBBH;668,00;28
2003;1;VRG;SBBR;SBGR;884,00;256
2003;1;VRG;SBRP;SBSP;399,00;121
2003;1;VRG;SBBR;SBRJ;677,00;45
2003;1;VRG;SBGR;SBCT;536,00;42
2003;1;VRG;SBKP;SBSP;223,00;2
2003;1;VRG;SBFZ;SBRF;422,00;194
2003;1;VRG;SBRP;SBSP;306,00;694
2003;1;VRG;SBGR;SBPA;417,00;240
2003;1;VRG;SBFL;SBSP;209,00;56
2003;1;VRG;SBGL;SBPA;1081,00;334
2003;1;VRG;SBSP;SBNF;344,00;217
2003;1;VRG;SBRF;SBSV;415,00;110
2003;1;VRG;SBGL;SBFL;567,00;50
2003;1;VRG;SBSP;SBNF;492,00;14
2003;1;VRG;SBCT;SBGR;421,00;13
2003;1;VRG;SBBR;SBSP;737,00;1030
2003;1;VRG;SBCT;SBSP;536,00;45
2003;1;VRG;SBBR;SBFL;655,00;104
2003;1;VRG;SBBR;SBSP;696,00;8
2003;1;VRG;SBSV;SBGL;1061,00;67
2003;1;VRG;SBGL;SBFL;883,00;47
2003;1;VRG;SBCT;SBFL;287,00;117
2003;1;VRG;SBGR;SBSV;808,00;487
2003;1;VRG;SBGR;SBCT;295,00;73
2003;1;VRG;SBSP;SBKP;223,00;1
2003;1;VRG;SBGR;SBPA;262,00;859
2003;1;VRG;SBRJ;SBBR;431,00;66
2003;1;VRG;SBBR;SBGO;166,00;29
2003;1;VRG;SBCT;SBFL;209,00;66
2003;1;VRG;SBFL;SBGL;486,00;118
2003;1;VRG;SBBH;SBSP;367,00;359
2003;1;VRG;SBBE;SBMQ;137,00;900
2003;1;VRG;SBPS;SBSP;811,00;22
2003;1;VRG;SBGR;SBPA;745,00;1529
2003;1;VRG;SBRJ;SBBR;592,00;381
2003;1;VRG;SBSV;SBGL;584,00;537
2003;1;VRG;SBBE;SBMQ;271,00;12
2003;1;VRG;SBBH;SBBR;610,00;447
2003;1;VRG;SBCT;SBPA;505,00;7
2003;1;VRG;SBKP;SBSP;162,00;1
2003;1;VRG;SBBE;SBBR;801,00;103
2003;1;VRG;SBPA;SBCT;542,00;2
2003;1;VRG;SBSV;SBRF;415,00;86
2003;1;VRG;SBSV;SBBR;848,00;154
2003;1;VRG;SBRJ;SBVT;316,00;149
2003;1;VRG;SBMQ;SBBE;316,00;86
2003;1;VRG;SBBR;SBSP;487,00;201
2003;1;VRG;SBBR;SBFZ;962,00;14
2003;1;VRG;SBBR;SBBE;686,00;73
2003;1;VRG;SBFL;SBSP;427,00;94
2003;1;VRG;SBPA;SBFL;127,00;475
2003;1;VRG;SBFL;SBGR;664,00;36
2003;1;VRG;SBBR;SBGL;592,00;203
2003;1;VRG;SBSP;SBBR;648,00;135
2003;1;VRG;SBCT;SBGR;446,00;160
2003;1;VRG;SBSV;SBGL;682,00;642
2003;1;VRG;SBFZ;SBBR;630,00;961
2003;1;VRG;SBRF;SBFZ;640,00;359
2003;1;VRG;SBFL;SBGR;248,00;248
2003;1;VRG;SBVT;SBRJ;368,00;118
2003;1;VRG;SBCT;SBGL;212,00;970
2003;1;VRG;SBRJ;SBCT;703,00;3
2003;1;VRG;SBBR;SBPA;675,00;86
2003;1;VRG;SBGL;SBRF;645,00;280
2003;1;VRG;SBRJ;SBFL;648,00;1
2003;1;VRG;SBGR;SBGL;235,00;137
2003;1;VRG;SBFL;SBPA;454,00;303
2003;1;VRG;SBRF;SBSV;593,00;31
2003;1;VRG;SBCT;SBRJ;212,00;357
2003;1;VRG;SBFL;SBRJ;386,00;173
2003;1;VRG;SBRJ;SBBH;254,00;76
2003;1;VRG;SBSV;SBGL;885,00;881
2003;1;VRG;SBGO;SBSP;551,00;14
2003;1;VRG;SBGL;SBSV;778,00;75
2003;1;VRG;SBCT;SBRJ;375,00;24
2003;1;VRG;SBRJ;SBVT;452,00;5
2003;1;VRG;SBBR;SBFZ;1033,00;3
2003;1;VRG;SBBR;SBGL;727,00;13
2003;1;VRG;SBCT;SBPA;173,00;1074
2003;1;VRG;SBKP;SBSP;101,00;113
2003;1;VRG;SBRF;SBGL;887,00;355
2003;1;VRG;SBGL;SBFL;412,00;215
2003;1;VRG;SBFL;SBGR;554,00;230
2003;1;VRG;SBPA;SBRJ;505,00;143
2003;1;VRG;SBRJ;SBCT;590,00;3
2003;1;VRG;SBSP;SBPS;858,00;182
2003;1;VRG;SBFL;SBPA;545,00;24
2003;1;VRG;SBRJ;SBPA;901,00;16
2003;1;VRG;SBKP;SBRJ;271,00;42
2003;1;VRG;SBGO;SBSP;401,00;47
2003;1;VRG;SBPA;SBGL;901,00;817
2003;1;VRG;SBGL;SBGR;397,00;66
2003;1;VRG;SBNF;SBSP;402,00;448
2003;1;VRG;SBFL;SBRJ;486,00;31
2003;1;VRG;SBFZ;SBRF;234,00;1763
2003;1;VRG;SBGR;SBEG;1172,00;481
2003;1;VRG;SBGR;SBGL;324,00;203
2003;1;VRG;SBBR;SBGO;355,00;1
2003;1;VRG;SBBR;SBFL;1189,00;12
2003;1;VRG;SBPA;SBFL;545,00;19
2003;1;VRG;SBSV;SBGR;925,00;209
2003;1;VRG;SBRJ;SBFL;567,00;11
2003;1;VRG;SBVT;SBSP;582,00;13
2003;1;VRG;SBPA;SBCT;379,00;178
2003;1;VRG;SBUL;SBSP;576,00;171
2003;1;VRG;SBGR;SBCT;344,00;35
2003;1;VRG;SBBR;SBFL;763,00;12
2003;1;VRG;SBKP;SBPA;663,00;22
2003;1;VRG;SBRJ;SBFL;386,00;294
2003;1;VRG;SBBR;SBGO;296,00;69
2003;1;VRG;SBSP;SBKP;185,00;29
2003;1;VRG;SBPA;SBFL;299,00;60
2003;1;VRG;SBBH;SBSP;525,00;5
2003;1;VRG;SBRJ;SBPA;275,00;37
2003;1;VRG;SBPA;SBFL;399,00;5
2003;1;VRG;SBSP;SBFL;554,00;503
2003;1;VRG;SBFL;SBPA;299,00;72
2003;1;VRG;SBGL;SBSV;682,00;392
2003;1;VRG;SBPA;SBCT;321,00;88
2003;1;VRG;SBGR;SBFL;427,00;105
2003;1;VRG;SBRF;SBSV;352,00;149
2003;1;VRG;SBSP;SBUL;576,00;156
2003;1;VRG;SBSP;SBCT;250,00;162
2003;1;VRG;SBRJ;SBVT;477,00;922
2003;1;VRG;SBCT;SBKP;173,00;182
2003;1;VRG;SBPS;SBSP;481,00;157
2003;1;VRG;SBRJ;SBPA;694,00;11
2003;1;VRG;SBRF;SBGL;534,00;254
2003;1;VRG;SBGL;SBBR;223,00;1534
2003;1;VRG;SBCF;SBGR;428,00;211
2003;1;VRG;SBPA;SBSP;893,00;7
2003;1;VRG;SBSV;SBGL;778,00;126
2003;1;VRG;SBSP;SBFL;664,00;16
2003;1;VRG;SBRF;SBGL;1013,00;115
2003;1;VRG;SBGR;SBBR;737,00;585
2003;1;VRG;SBRJ;SBFL;412,00;92
2003;1;VRG;SBRJ;SBBH;349,00;149
2003;1;VRG;SBGO;SBSP;473,00;12
2003;1;VRG;SBPA;SBGL;595,00;409
2003;1;VRG;SBVT;SBRJ;477,00;853
2003;1;VRG;SBFZ;SBBR;962,00;24
2003;1;VRG;SBKP;SBRJ;426,00;15
2003;1;VRG;SBSP;SBUL;332,00;24
2003;1;VRG;SBKP;SBSP;142,00;15
2003;1;VRG;SBRJ;SBKP;246,00;1812
2003;1;VRG;SBRJ;SBCT;375,00;43
2003;1;VRG;SBGR;SBCT;446,00;99
2003;1;VRG;SBRJ;SBKP;426,00;2
2003;1;VRG;SBCT;SBSP;421,00;9
2003;1;VRG;SBFL;SBSP;524,00;1
2003;1;VRG;SBCT;SBRJ;590,00;3
2003;1;VRG;SBPA;SBGR;703,00;79
2003;1;VRG;SBGR;SBSV;1050,00;856
2003;1;VRG;SBPA;SBKP;754,00;9
2003;1;VRG;SBGR;SBEG;1438,00;45
2003;1;VRG;SBCT;SBGR;536,00;55
2003;1;VRG;SBGL;SBPA;851,00;8
2003;1;VRG;SBFL;SBBR;555,00;12
2003;1;VRG;SBSV;SBBR;417,00;247
2003;1;VRG;SBBE;SBBR;916,00;18
2003;1;VRG;SBSV;SBGL;349,00;1249
2003;1;VRG;SBFZ;SBRF;562,00;27
2003;1;VRG;SBFL;SBGR;524,00;7
2003;1;VRG;SBGR;SBFL;248,00;291
2003;1;VRG;SBFL;SBRJ;648,00;6
2003;1;VRG;SBCT;SBSP;392,00;41
2003;1;VRG;SBKP;SBBR;607,00;72
2003;1;VRG;SBRF;SBSV;755,00;19
2003;1;VRG;SBSP;SBRP;399,00;174
2003;1;VRG;SBSP;SBBR;884,00;205
2003;1;VRG;SBFL;SBCT;287,00;99
2003;1;VRG;SBBH;SBRJ;429,00;4
2003;1;VRG;SBFL;SBCT;246,00;86
2003;1;VRG;SBRJ;SBBR;507,00;177
2003;1;VRG;SBBH;SBSP;556,00;1594
2003;1;VRG;SBRJ;SBCT;670,00;177
2003;1;VRG;SBFL;SBGL;883,00;47
2003;1;VRG;SBBR;SBGR;567,00;176
2003;1;VRG;SBVT;SBSP;625,00;1
2003;1;VRG;SBSP;SBRJ;309,00;40992
2003;1;VRG;SBSV;SBRF;593,00;12
2003;1;VRG;SBCT;SBSP;295,00;197
2003;1;VRG;SBGL;SBPA;793,00;33
2003;1;VRG;SBRF;SBFZ;769,00;12
2003;1;VRG;SBBR;SBFL;555,00;6
2003;1;VRG;SBBR;SBPA;1339,00;92
2003;1;VRG;SBSV;SBGR;808,00;723
2003;1;VRG;SBVT;SBRJ;452,00;8
2003;1;VRG;SBCT;SBGR;295,00;80
2003;1;VRG;SBKP;SBRJ;372,00;79
2003;1;VRG;SBSP;SBFL;310,00;156
2003;1;VRG;SBBH;SBRJ;299,00;67
2003;1;VRG;SBSP;SBCT;536,00;25
2003;1;VRG;SBGR;SBPA;703,00;39
2003;1;VRG;SBSP;SBRP;376,00;2
2003;1;VRG;SBRF;SBFZ;605,00;14
2003;1;VRG;SBRP;SBSP;352,00;4
2003;1;VRG;SBCT;SBFL;246,00;285
2003;1;VRG;SBEG;SBGR;482,00;2677
2003;1;VRG;SBSP;SBGO;551,00;34
2003;1;VRG;SBVT;SBSP;436,00;124
2003;1;VRG;SBBR;SBPA;737,00;139
2003;1;VRG;SBGR;SBGL;371,00;43
2003;1;VRG;SBSV;SBGR;1260,00;554
2003;1;VRG;SBGL;SBRF;1382,00;177
2003;1;VRG;SBFL;SBBR;872,00;7
2003;1;VRG;SBFL;SBBR;655,00;84
2003;1;VRG;SBPA;SBFL;254,00;78
2003;1;VRG;SBSP;SBBR;413,00;235
2003;1;VRG;SBBR;SBSV;417,00;196
2003;1;VRG;SBSV;SBBR;746,00;19
2003;1;VRG;SBBR;SBKP;789,00;117
2003;1;VRG;SBPA;SBBR;1339,00;144
2003;1;VRG;SBCT;SBPA;321,00;31
2003;1;VRG;SBCT;SBPA;574,00;277
2003;1;VRG;SBEG;SBGR;853,00;185
2003;1;VRG;SBSP;SBVT;508,00;70
2003;1;VRG;SBVT;SBRJ;316,00;185
2003;1;VRG;SBPA;SBGL;851,00;16
2003;1;VRG;SBBE;SBMQ;388,00;3
2003;1;VRG;SBSV;SBBR;802,00;7
2003;1;VRG;SBRJ;SBBR;770,00;1494
2003;1;VRG;SBBH;SBRJ;454,00;1241
2003;1;VRG;SBSV;SBGL;496,00;655
2003;1;VRG;SBGR;SBFL;664,00;41
2003;1;VRG;SBCF;SBGR;556,00;338
2003;1;VRG;SBBH;SBRJ;349,00;95
2003;1;VRG;SBBR;SBPA;1116,00;288
2003;1;VRG;SBMQ;SBBE;411,00;106
2003;1;VRG;SBGL;SBSV;835,00;51
2003;1;VRG;SBPA;SBSP;491,00;173
2003;1;VRG;SBSP;SBGO;859,00;14
2003;1;VRG;SBSP;SBPS;283,00;10
2003;1;VRG;SBNF;SBSP;271,00;1966
2003;1;VRG;SBGO;SBBR;261,00;17
2003;1;VRG;SBBR;SBFZ;1310,00;87
2003;1;VRG;SBFZ;SBRF;359,00;139
2003;1;VRG;SBRJ;SBBH;429,00;2
2003;1;VRG;SBRF;SBFZ;234,00;1809
2003;1;VRG;SBFZ;SBRF;605,00;5
2003;1;VRG;SBGL;SBPA;901,00;1105
2003;1;VRG;SBGL;SBCT;375,00;155
2003;1;VRG;SBSP;SBPS;811,00;4
2003;1;VRG;SBFL;SBGL;736,00;334
2003;1;VRG;SBBR;SBPA;982,00;63
2003;1;VRG;SBGR;SBFL;310,00;191
2003;1;VRG;SBBR;SBKP;607,00;109
2003;1;VRG;SBBR;SBKP;521,00;11
2003;1;VRG;SBFL;SBRJ;412,00;52
2003;1;VRG;SBGL;SBGR;504,00;1634
2003;1;VRG;SBFL;SBSP;366,00;52
2003;1;VRG;SBPA;SBGR;968,00;46
2003;1;VRG;SBGR;SBFL;524,00;2
2003;1;VRG;SBBR;SBSV;746,00;149
2003;1;VRG;SBPA;SBBR;498,00;706
2003;1;VRG;SBGR;SBEG;1826,00;388
2003;1;VRG;SBBE;SBBR;1041,00;200
2003;1;VRG;SBGL;SBBR;507,00;128
2003;1;VRG;SBGR;SBCF;428,00;141
2003;1;VRG;SBSP;SBCT;392,00;21
2003;1;VRG;SBFL;SBCT;373,00;12
2003;1;VRG;SBGL;SBSV;885,00;507
2003;1;VRG;SBRJ;SBPA;595,00;19
2003;1;VRG;SBGR;SBEG;853,00;178
2003;1;VRG;SBPA;SBGL;275,00;2383
2003;1;VRG;SBNF;SBSP;344,00;382
2003;1;VRG;SBGR;SBBR;884,00;215
2003;1;VRG;SBCT;SBGL;442,00;153
2003;1;VRG;SBPA;SBCT;442,00;93
2003;1;VRG;SBSV;SBGR;693,00;587
2003;1;VRG;SBFL;SBRJ;736,00;121
2003;1;VRG;SBCT;SBPA;379,00;145
2003;1;VRG;SBFL;SBGL;567,00;97
2003;1;VRG;SBGL;SBPA;595,00;303
2003;1;VRG;SBCF;SBGR;312,00;213
2003;1;VRG;SBSP;SBBH;428,00;310
2003;1;VRG;SBGL;SBRF;1151,00;222
2003;1;VRG;SBGR;SBCF;489,00;34
2003;1;VRG;SBCT;SBSP;139,00;1184
2003;1;VRG;SBGR;SBCF;668,00;138
2003;1;VRG;SBGR;SBGL;420,00;6096
2003;1;VRG;SBGL;SBGR;235,00;266
2003;1;VRG;SBSP;SBRP;306,00;674
2003;1;VRG;SBGL;SBCT;670,00;195
2003;1;VRG;SBBH;SBRJ;254,00;68
2003;1;VRG;SBPA;SBBR;1055,00;8
2003;1;VRG;SBBR;SBGL;923,00;276
2003;1;VRG;SBGL;SBSV;349,00;1351
2003;1;VSP;SBBR;SBPA;804,00;13
2003;1;VSP;SBGR;SBGL;443,00;175
2003;1;VSP;SBGL;SBGR;319,00;7
2003;1;VSP;SBPA;SBSP;746,00;85
2003;1;VSP;SBGR;SBFL;559,00;198
2003;1;VSP;SBEG;SBGR;1266,00;3
2003;1;VSP;SBFL;SBGR;142,00;859
2003;1;VSP;SBBR;SBCF;428,00;16
2003;1;VSP;SBGR;SBEG;1174,00;2
2003;1;VSP;SBSP;SBBH;269,00;11
2003;1;VSP;SBRF;SBFZ;135,00;1671
2003;1;VSP;SBFZ;SBRF;291,00;20
2003;1;VSP;SBBR;SBSV;822,00;215
2003;1;VSP;SBBR;SBBE;751,00;18
2003;1;VSP;SBGL;SBKP;258,00;79
2003;1;VSP;SBBR;SBGL;496,00;422
2003;1;VSP;SBCT;SBBR;259,00;198
2003;1;VSP;SBGL;SBPA;901,00;167
2003;1;VSP;SBSP;SBPA;160,00;381
2003;1;VSP;SBRF;SBFZ;477,00;36
2003;1;VSP;SBPA;SBBR;1117,00;63
2003;1;VSP;SBCF;SBGR;297,00;159
2003;1;VSP;SBCF;SBGR;538,00;100
2003;1;VSP;SBSV;SBRF;109,00;2057
2003;1;VSP;SBGR;SBPA;411,00;339
2003;1;VSP;SBPA;SBGR;574,00;19
2003;1;VSP;SBPA;SBBR;465,00;134
2003;1;VSP;SBEG;SBGR;1525,00;71
2003;1;VSP;SBBH;SBBR;165,00;969
2003;1;VSP;SBBR;SBBH;392,00;442
2003;1;VSP;SBGR;SBCF;355,00;72
2003;1;VSP;SBPA;SBGL;396,00;175
2003;1;VSP;SBKP;SBGL;309,00;41
2003;1;VSP;SBBR;SBSP;415,00;144
2003;1;VSP;SBBR;SBGR;486,00;339
2003;1;VSP;SBEG;SBGR;1098,00;8
2003;1;VSP;SBSP;SBCT;108,00;559
2003;1;VSP;SBGR;SBEG;889,00;113
2003;1;VSP;SBSP;SBGO;149,00;706
2003;1;VSP;SBCT;SBGL;467,00;8
2003;1;VSP;SBMQ;SBBE;342,00;25
2003;1;VSP;SBPA;SBBR;338,00;396
2003;1;VSP;SBBR;SBPA;529,00;30
2003;1;VSP;SBGL;SBRF;760,00;143
2003;1;VSP;SBSP;SBBR;567,00;7
2003;1;VSP;SBGR;SBFL;142,00;662
2003;1;VSP;SBPA;SBGL;447,00;67
2003;1;VSP;SBSV;SBBR;454,00;570
2003;1;VSP;SBPA;SBSP;160,00;487
2003;1;VSP;SBBR;SBBH;339,00;354
2003;1;VSP;SBBR;SBGR;385,00;63
2003;1;VSP;SBBR;SBGR;567,00;14
2003;1;VSP;SBCT;SBGL;649,00;61
2003;1;VSP;SBFL;SBGR;464,00;8
2003;1;VSP;SBCT;SBGR;345,00;4
2003;1;VSP;SBBR;SBFZ;480,00;1056
2003;1;VSP;SBBE;SBMQ;192,00;121
2003;1;VSP;SBGL;SBRF;1151,00;228
2003;1;VSP;SBRF;SBSV;289,00;89
2003;1;VSP;SBSV;SBGL;348,00;1359
2003;1;VSP;SBSP;SBPA;746,00;65
2003;1;VSP;SBRF;SBSV;472,00;18
2003;1;VSP;SBPA;SBBR;529,00;29
2003;1;VSP;SBGL;SBRF;633,00;291
2003;1;VSP;SBBR;SBBH;428,00;39
2003;1;VSP;SBPA;SBSP;366,00;35
2003;1;VSP;SBCF;SBGR;414,00;4
2003;1;VSP;SBSV;SBRF;509,00;4
2003;1;VSP;SBBR;SBGO;70,00;1475
2003;1;VSP;SBBE;SBBR;1043,00;123
2003;1;VSP;SBSP;SBCT;221,00;29
2003;1;VSP;SBBR;SBGO;195,00;380
2003;1;VSP;SBKP;SBBR;415,00;8
2003;1;VSP;SBGR;SBFL;492,00;31
2003;1;VSP;SBGR;SBCT;247,00;104
2003;1;VSP;SBSP;SBPA;213,00;188
2003;1;VSP;SBSP;SBBH;538,00;144
2003;1;VSP;SBPA;SBBR;737,00;151
2003;1;VSP;SBGO;SBBR;264,00;18
2003;1;VSP;SBBR;SBGL;624,00;6
2003;1;VSP;SBPA;SBGR;213,00;338
2003;1;VSP;SBFZ;SBBR;549,00;1123
2003;1;VSP;SBGR;SBFL;402,00;19
2003;1;VSP;SBFZ;SBRF;545,00;4
2003;1;VSP;SBGR;SBPA;366,00;151
2003;1;VSP;SBBR;SBSV;454,00;390
2003;1;VSP;SBPA;SBBR;804,00;18
2003;1;VSP;SBBR;SBGR;165,00;845
2003;1;VSP;SBSP;SBPA;411,00;71
2003;1;VSP;SBRF;SBSV;539,00;1
2003;1;VSP;SBCT;SBBR;598,00;62
2003;1;VSP;SBGR;SBGL;341,00;23
2003;1;VSP;SBSP;SBCT;448,00;48
2003;1;VSP;SBBR;SBGL;541,00;22
2003;1;VSP;SBCT;SBGR;296,00;110
2003;1;VSP;SBGR;SBPA;746,00;203
2003;1;VSP;SBGR;SBPA;160,00;1151
2003;1;VSP;SBGR;SBSV;757,00;112
2003;1;VSP;SBFZ;SBRF;409,00;412
2003;1;VSP;SBGL;SBBR;167,00;2207
2003;1;VSP;SBEG;SBGR;368,00;316
2003;1;VSP;SBSP;SBBH;139,00;2961
2003;1;VSP;SBCF;SBBR;594,00;9
2003;1;VSP;SBCT;SBSP;323,00;1
2003;1;VSP;SBSP;SBBR;648,00;5
2003;1;VSP;SBRF;SBFZ;514,00;8
2003;1;VSP;SBRF;SBGL;549,00;695
2003;1;VSP;SBSP;SBGO;330,00;26
2003;1;VSP;SBCT;SBSP;247,00;40
2003;1;VSP;SBBR;SBPA;860,00;1
2003;1;VSP;SBGR;SBCF;414,00;5
2003;1;VSP;SBPA;SBSP;619,00;3
2003;1;VSP;SBKP;SBGL;468,00;61
2003;1;VSP;SBGL;SBRF;549,00;628
2003;1;VSP;SBGL;SBBR;413,00;252
2003;1;VSP;SBSP;SBPA;492,00;18
2003;1;VSP;SBBR;SBCF;457,00;21
2003;1;VSP;SBGO;SBSP;355,00;7
2003;1;VSP;SBBR;SBBH;165,00;1145
2003;1;VSP;SBPA;SBGL;694,00;5
2003;1;VSP;SBGL;SBSV;266,00;2437
2003;1;VSP;SBBR;SBPA;465,00;57
2003;1;VSP;SBPA;SBBR;616,00;72
2003;1;VSP;SBGL;SBKP;309,00;54
2003;1;VSP;SBBR;SBKP;178,00;53
2003;1;VSP;SBGR;SBSV;578,00;579
2003;1;VSP;SBGL;SBPA;396,00;218
2003;1;VSP;SBGR;SBCF;297,00;96
2003;1;VSP;SBCT;SBPA;573,00;3
2003;1;VSP;SBCF;SBBR;523,00;6
2003;1;VSP;SBRF;SBGL;1151,00;214
2003;1;VSP;SBSP;SBGO;717,00;38
2003;1;VSP;SBRF;SBSV;613,00;117
2003;1;VSP;SBBH;SBSP;473,00;1
2003;1;VSP;SBCF;SBBR;493,00;1
2003;1;VSP;SBGR;SBEG;688,00;84
2003;1;VSP;SBSV;SBGL;889,00;176
2003;1;VSP;SBSV;SBGR;757,00;92
2003;1;VSP;SBBR;SBCF;165,00;102
2003;1;VSP;SBCT;SBSP;221,00;12
2003;1;VSP;SBGR;SBBR;736,00;241
2003;1;VSP;SBBR;SBBE;866,00;8
2003;1;VSP;SBBR;SBFZ;841,00;12
2003;1;VSP;SBGL;SBPA;447,00;43
2003;1;VSP;SBBR;SBSP;611,00;4
2003;1;VSP;SBCT;SBSP;372,00;1
2003;1;VSP;SBBR;SBGR;611,00;3
2003;1;VSP;SBBR;SBBE;688,00;104
2003;1;VSP;SBFZ;SBRF;619,00;56
2003;1;VSP;SBBR;SBKP;389,00;19
2003;1;VSP;SBSP;SBBH;297,00;88
2003;1;VSP;SBGR;SBFL;310,00;87
2003;1;VSP;SBBR;SBFZ;961,00;1
2003;1;VSP;SBFZ;SBRF;446,00;39
2003;1;VSP;SBFZ;SBRF;135,00;1401
2003;1;VSP;SBGR;SBFL;246,00;49
2003;1;VSP;SBFL;SBGR;492,00;36
2003;1;VSP;SBGR;SBCF;139,00;390
2003;1;VSP;SBSV;SBGL;738,00;12
2003;1;VSP;SBFZ;SBBR;1092,00;181
2003;1;VSP;SBGL;SBSV;889,00;298
2003;1;VSP;SBGL;SBBR;541,00;55
2003;1;VSP;SBBR;SBGO;216,00;24
2003;1;VSP;SBKP;SBBR;753,00;18
2003;1;VSP;SBFL;SBGR;369,00;301
2003;1;VSP;SBBR;SBKP;415,00;17
2003;1;VSP;SBBE;SBBR;803,00;1
2003;1;VSP;SBGR;SBFL;430,00;5
2003;1;VSP;SBGR;SBCT;192,00;53
2003;1;VSP;SBGL;SBRF;829,00;35
2003;1;VSP;SBGL;SBSV;348,00;820
2003;1;VSP;SBGR;SBPA;492,00;288
2003;1;VSP;SBBR;SBCT;500,00;28
2003;1;VSP;SBGL;SBRF;586,00;154
2003;1;VSP;SBSV;SBGR;578,00;873
2003;1;VSP;SBBE;SBMQ;317,00;5
2003;1;VSP;SBBR;SBKP;753,00;9
2003;1;VSP;SBGR;SBPA;574,00;24
2003;1;VSP;SBCF;SBGR;269,00;56
2003;1;VSP;SBCT;SBSP;448,00;34
2003;1;VSP;SBRJ;SBSP;163,00;20517
2003;1;VSP;SBPA;SBBR;860,00;6
2003;1;VSP;SBCT;SBGR;448,00;80
2003;1;VSP;SBGR;SBSV;1051,00;529
2003;1;VSP;SBSP;SBBR;530,00;36
2003;1;VSP;SBBR;SBCT;259,00;271
2003;1;VSP;SBGO;SBSP;595,00;1
2003;1;VSP;SBSV;SBGL;782,00;15
2003;1;VSP;SBGR;SBBR;385,00;170
2003;1;VSP;SBSP;SBBR;486,00;526
2003;1;VSP;SBGO;SBSP;394,00;26
2003;1;VSP;SBSV;SBGL;420,00;301
2003;1;VSP;SBGL;SBBR;752,00;293
2003;1;VSP;SBGR;SBCT;323,00;9
2003;1;VSP;SBGL;SBKP;360,00;1
2003;1;VSP;SBSP;SBBR;165,00;2273
2003;1;VSP;SBPA;SBSP;537,00;2
2003;1;VSP;SBBE;SBBR;751,00;20
2003;1;VSP;SBGL;SBGR;163,00;726
2003;1;VSP;SBFZ;SBBR;961,00;2
2003;1;VSP;SBRF;SBGL;955,00;5
2003;1;VSP;SBCF;SBGR;139,00;702
2003;1;VSP;SBSV;SBRF;289,00;75
2003;1;VSP;SBBR;SBSP;648,00;6
2003;1;VSP;SBBR;SBPA;983,00;4
2003;1;VSP;SBPA;SBGR;366,00;178
2003;1;VSP;SBBR;SBPA;616,00;57
2003;1;VSP;SBGL;SBPA;595,00;39
2003;1;VSP;SBBH;SBBR;339,00;279
2003;1;VSP;SBPA;SBCT;378,00;5
2003;1;VSP;SBCT;SBPA;315,00;6
2003;1;VSP;SBRF;SBFZ;446,00;68
2003;1;VSP;SBCF;SBBR;457,00;19
2003;1;VSP;SBSV;SBBR;354,00;478
2003;1;VSP;SBEG;SBGR;780,00;33
2003;1;VSP;SBRF;SBSV;248,00;278
2003;1;VSP;SBGR;SBGL;163,00;873
2003;1;VSP;SBBR;SBGO;249,00;2
2003;1;VSP;SBGR;SBBR;530,00;19
2003;1;VSP;SBGL;SBCT;357,00;76
2003;1;VSP;SBFZ;SBBR;841,00;36
2003;1;VSP;SBCT;SBGL;142,00;712
2003;1;VSP;SBGR;SBPA;213,00;166
2003;1;VSP;SBCT;SBPA;413,00;1
2003;1;VSP;SBPA;SBSP;213,00;157
2003;1;VSP;SBBR;SBCT;906,00;42
2003;1;VSP;SBCT;SBGL;357,00;76
2003;1;VSP;SBBE;SBBR;620,00;87
2003;1;VSP;SBBE;SBBR;688,00;166
2003;1;VSP;SBGO;SBBR;70,00;1422
2003;1;VSP;SBSP;SBBR;415,00;175
2003;1;VSP;SBBR;SBCT;369,00;66
2003;1;VSP;SBGR;SBBR;415,00;117
2003;1;VSP;SBBR;SBPA;338,00;352
2003;1;VSP;SBGR;SBEG;1266,00;1
2003;1;VSP;SBGL;SBCT;500,00;1
2003;1;VSP;SBGL;SBBR;317,00;488
2003;1;VSP;SBMQ;SBBE;317,00;7
2003;1;VSP;SBCT;SBGR;192,00;176
2003;1;VSP;SBMQ;SBBE;412,00;73
2003;1;VSP;SBGR;SBGL;368,00;2
2003;1;VSP;SBBR;SBBE;918,00;12
2003;1;VSP;SBGR;SBGL;390,00;1
2003;1;VSP;SBGO;SBBR;216,00;19
2003;1;VSP;SBGR;SBSV;232,00;2861
2003;1;VSP;SBGL;SBRF;955,00;3
2003;1;VSP;SBBH;SBBR;428,00;47
2003;1;VSP;SBCT;SBGR;323,00;19
2003;1;VSP;SBBE;SBMQ;92,00;1775
2003;1;VSP;SBBH;SBBR;293,00;204
2003;1;VSP;SBBR;SBFZ;1092,00;178
2003;1;VSP;SBBR;SBCF;594,00;15
2003;1;VSP;SBBH;SBSP;538,00;137
2003;1;VSP;SBBR;SBSP;530,00;2
2003;1;VSP;SBBR;SBSV;316,00;506
2003;1;VSP;SBBR;SBGL;413,00;295
2003;1;VSP;SBGL;SBKP;412,00;1
2003;1;VSP;SBGR;SBEG;1098,00;6
2003;1;VSP;SBMQ;SBBE;272,00;188
2003;1;VSP;SBFL;SBGR;430,00;39
2003;1;VSP;SBSV;SBGL;266,00;2419
2003;1;VSP;SBBH;SBSP;269,00;60
2003;1;VSP;SBFZ;SBBR;721,00;274
2003;1;VSP;SBBH;SBBR;594,00;96
2003;1;VSP;SBRF;SBGL;760,00;146
2003;1;VSP;SBCT;SBBR;797,00;13
2003;1;VSP;SBRF;SBSV;339,00;277
2003;1;VSP;SBGL;SBGR;443,00;177
2003;1;VSP;SBBR;SBGO;264,00;1
2003;1;VSP;SBBR;SBGL;662,00;1
2003;1;VSP;SBGR;SBCT;372,00;1
2003;1;VSP;SBSV;SBRF;339,00;201
2003;1;VSP;SBSP;SBPA;366,00;13
2003;1;VSP;SBKP;SBBR;389,00;2
2003;1;VSP;SBSV;SBBR;543,00;874
2003;1;VSP;SBCF;SBBR;428,00;14
2003;1;VSP;SBCT;SBPA;122,00;48
2003;1;VSP;SBBH;SBSP;355,00;25
2003;1;VSP;SBGO;SBSP;717,00;49
2003;1;VSP;SBGR;SBBR;567,00;10
2003;1;VSP;SBCT;SBGL;500,00;2
2003;1;VSP;SBCT;SBBR;752,00;2
2003;1;VSP;SBGO;SBBR;195,00;266
2003;1;VSP;SBCF;SBBR;165,00;86
2003;1;VSP;SBFL;SBGR;559,00;149
2003;1;VSP;SBGR;SBCF;269,00;57
2003;1;VSP;SBSP;SBCT;296,00;27
2003;1;VSP;SBBR;SBSV;408,00;187
2003;1;VSP;SBBH;SBSP;139,00;2734
2003;1;VSP;SBGL;SBCT;339,00;43
2003;1;VSP;SBBR;SBSV;633,00;51
2003;1;VSP;SBPA;SBGL;595,00;87
2003;1;VSP;SBGR;SBGL;319,00;17
2003;1;VSP;SBCT;SBSP;296,00;13
2003;1;VSP;SBFL;SBGR;310,00;246
2003;1;VSP;SBRF;SBFZ;545,00;15
2003;1;VSP;SBPA;SBGR;746,00;245
2003;1;VSP;SBGR;SBEG;1007,00;103
2003;1;VSP;SBBR;SBSP;165,00;2618
2003;1;VSP;SBPA;SBCT;122,00;54
2003;1;VSP;SBGL;SBPA;495,00;129
2003;1;VSP;SBBR;SBBE;286,00;1281
2003;1;VSP;SBBE;SBMQ;229,00;29
2003;1;VSP;SBBR;SBFZ;602,00;556
2003;1;VSP;SBSV;SBGL;489,00;1041
2003;1;VSP;SBSP;SBGO;355,00;13
2003;1;VSP;SBGR;SBCT;108,00;710
2003;1;VSP;SBRF;SBFZ;250,00;101
2003;1;VSP;SBGL;SBKP;468,00;53
2003;1;VSP;SBGR;SBEG;780,00;43
2003;1;VSP;SBGO;SBBR;231,00;6
2003;1;VSP;SBRF;SBGL;408,00;1193
2003;1;VSP;SBBE;SBBR;555,00;508
2003;1;VSP;SBBR;SBSP;385,00;256
2003;1;VSP;SBBR;SBGR;530,00;45
2003;1;VSP;SBCT;SBBR;500,00;11
2003;1;VSP;SBRF;SBSV;109,00;2031
2003;1;VSP;SBPA;SBSP;492,00;11
2003;1;VSP;SBSV;SBBR;682,00;29
2003;1;VSP;SBCT;SBBR;427,00;9
2003;1;VSP;SBBR;SBGR;415,00;81
2003;1;VSP;SBBR;SBBE;803,00;8
2003;1;VSP;SBCT;SBGR;221,00;86
2003;1;VSP;SBGL;SBKP;134,00;225
2003;1;VSP;SBBE;SBBR;918,00;1
2003;1;VSP;SBPA;SBGR;160,00;1450
2003;1;VSP;SBCT;SBBR;369,00;46
2003;1;VSP;SBBR;SBPA;737,00;103
2003;1;VSP;SBFZ;SBRF;341,00;216
2003;1;VSP;SBGR;SBSV;694,00;401
2003;1;VSP;SBPA;SBCT;573,00;1
2003;1;VSP;SBBR;SBKP;358,00;38
2003;1;VSP;SBBR;SBBE;620,00;24
2003;1;VSP;SBPA;SBCT;413,00;2
2003;1;VSP;SBGR;SBEG;1525,00;65
2003;1;VSP;SBCF;SBGR;355,00;60
2003;1;VSP;SBGR;SBBR;486,00;334
2003;1;VSP;SBBH;SBBR;457,00;11
2003;1;VSP;SBBR;SBSV;592,00;181
2003;1;VSP;SBBR;SBGL;579,00;13
2003;1;VSP;SBSV;SBRF;441,00;7
2003;1;VSP;SBFL;SBGR;246,00;103
2003;1;VSP;SBMQ;SBBE;192,00;187
2003;1;VSP;SBRF;SBGL;633,00;454
2003;1;VSP;SBBR;SBKP;497,00;14
2003;1;VSP;SBCT;SBGR;247,00;138
2003;1;VSP;SBRF;SBFZ;409,00;389
2003;1;VSP;SBFZ;SBBR;602,00;839
2003;1;VSP;SBGR;SBCT;448,00;75
2003;1;VSP;SBBE;SBMQ;297,00;15
2003;1;VSP;SBGL;SBSV;640,00;144
2003;1;VSP;SBSV;SBBR;316,00;443
2003;1;VSP;SBBH;SBSP;414,00;1
2003;1;VSP;SBSV;SBRF;472,00;4
2003;1;VSP;SBFZ;SBBR;786,00;56
2003;1;VSP;SBGL;SBBR;356,00;388
2003;1;VSP;SBSV;SBGR;322,00;380
2003;1;VSP;SBBR;SBBH;594,00;105
2003;1;VSP;SBBR;SBCF;493,00;5
2003;1;VSP;SBSP;SBRJ;163,00;18534
2003;1;VSP;SBPA;SBGR;411,00;505
2003;1;VSP;SBSV;SBGR;1051,00;502
2003;1;VSP;SBBE;SBMQ;272,00;121
2003;1;VSP;SBEG;SBGR;1174,00;2
2003;1;VSP;SBGR;SBBR;648,00;2
2003;1;VSP;SBKP;SBBR;542,00;2
2003;1;VSP;SBPA;SBGR;619,00;2
2003;1;VSP;SBGL;SBCT;649,00;50
2003;1;VSP;SBBR;SBCF;339,00;77
2003;1;VSP;SBMQ;SBBE;92,00;1280
2003;1;VSP;SBPA;SBGR;537,00;23
2003;1;VSP;SBMQ;SBBE;297,00;18
2003;1;VSP;SBBR;SBCT;797,00;16
2003;1;VSP;SBBE;SBBR;286,00;1352
2003;1;VSP;SBSP;SBBR;385,00;291
2003;1;VSP;SBBR;SBGL;752,00;231
2003;1;VSP;SBKP;SBGL;208,00;23
2003;1;VSP;SBSP;SBGO;552,00;1
2003;1;VSP;SBGL;SBSV;587,00;749
2003;1;VSP;SBCT;SBPA;249,00;1
2003;1;VSP;SBEG;SBGR;688,00;102
2003;1;VSP;SBRF;SBFZ;341,00;190
2003;1;VSP;SBBR;SBGR;736,00;208
2003;1;VSP;SBGL;SBCT;428,00;92
2003;1;VSP;SBSV;SBBR;723,00;25
2003;1;VSP;SBGR;SBSV;872,00;1
2003;1;VSP;SBBE;SBBR;566,00;136
2003;1;VSP;SBGL;SBCT;142,00;832
2003;1;VSP;SBGL;SBPA;649,00;4
2003;1;VSP;SBGO;SBBR;300,00;102
2003;1;VSP;SBSP;SBBH;387,00;1
2003;1;VSP;SBGR;SBCF;387,00;4
2003;1;VSP;SBBR;SBCT;598,00;118
2003;1;VSP;SBGL;SBPA;187,00;1831
2003;1;VSP;SBKP;SBGL;258,00;51
2003;1;VSP;SBGL;SBRF;408,00;1280
2003;1;VSP;SBCT;SBGL;339,00;11
2003;1;VSP;SBBR;SBGO;231,00;13
2003;1;VSP;SBBR;SBBH;293,00;253
2003;1;VSP;SBCT;SBBR;652,00;8
2003;1;VSP;SBBR;SBBE;555,00;406
2003;1;VSP;SBGL;SBGR;292,00;71
2003;1;VSP;SBEG;SBGR;889,00;89
2003;1;VSP;SBSV;SBGL;640,00;103
2003;1;VSP;SBSV;SBBR;408,00;322
2003;1;VSP;SBGL;SBRF;1013,00;1
2003;1;VSP;SBFZ;SBRF;477,00;28
2003;1;VSP;SBBR;SBCF;392,00;84
2003;1;VSP;SBCF;SBBR;339,00;63
2003;1;VSP;SBBR;SBSP;486,00;708
2003;1;VSP;SBBR;SBCF;293,00;72
2003;1;VSP;SBGO;SBSP;473,00;26
2003;1;VSP;SBGL;SBSV;738,00;7
2003;1;VSP;SBSP;SBBH;355,00;16
2003;1;VSP;SBGR;SBBR;165,00;878
2003;1;VSP;SBBR;SBBH;523,00;1
2003;1;VSP;SBBR;SBGL;317,00;501
2003;1;VSP;SBCF;SBBR;392,00;71
2003;1;VSP;SBBE;SBMQ;342,00;28
2003;1;VSP;SBGL;SBKP;208,00;58
2003;1;VSP;SBBE;SBMQ;412,00;41
2003;1;VSP;SBSV;SBGR;925,00;9
2003;1;VSP;SBGR;SBCT;345,00;3
2003;1;VSP;SBSV;SBGR;872,00;19
2003;1;VSP;SBBR;SBCF;523,00;12
2003;1;VSP;SBSV;SBGR;809,00;71
2003;1;VSP;SBRF;SBSV;441,00;15
2003;1;VSP;SBSV;SBBR;822,00;229
2003;1;VSP;SBGR;SBPA;537,00;12
2003;1;VSP;SBGL;SBSV;782,00;13
2003;1;VSP;SBGL;SBSV;420,00;129
2003;1;VSP;SBGL;SBRF;886,00;2
2003;1;VSP;SBBR;SBPA;1117,00;53
2003;1;VSP;SBKP;SBGL;134,00;213
2003;1;VSP;SBGR;SBEG;368,00;379
2003;1;VSP;SBPA;SBGL;187,00;1848
2003;1;VSP;SBKP;SBBR;358,00;10
2003;1;VSP;SBBR;SBFZ;549,00;236
2003;1;VSP;SBFZ;SBBR;906,00;9
2003;1;VSP;SBPA;SBGR;492,00;405
2003;1;VSP;SBSV;SBGL;685,00;64
2003;1;VSP;SBSV;SBRF;405,00;209
2003;1;VSP;SBBR;SBGO;300,00;73
2003;1;VSP;SBFZ;SBRF;250,00;86
2003;1;VSP;SBKP;SBBR;178,00;55
2003;1;VSP;SBKP;SBGL;337,00;1
2003;1;VSP;SBPA;SBSP;411,00;54
2003;1;VSP;SBSV;SBRF;613,00;170
2003;1;VSP;SBGL;SBCT;539,00;1
2003;1;VSP;SBBR;SBFZ;721,00;227
2003;1;VSP;SBSP;SBPA;619,00;1
2003;1;VSP;SBFZ;SBBR;480,00;686
2003;1;VSP;SBPA;SBGL;495,00;279
2003;1;VSP;SBRF;SBFZ;291,00;19
2003;1;VSP;SBGL;SBPA;694,00;4
2003;1;VSP;SBGL;SBSV;685,00;61
2003;1;VSP;SBGL;SBBR;579,00;21
2003;1;VSP;SBSP;SBGO;394,00;15
2003;1;VSP;SBCT;SBGR;108,00;984
2003;1;VSP;SBKP;SBBR;497,00;3
2003;1;VSP;SBGR;SBCT;296,00;73
2003;1;VSP;SBSV;SBGR;232,00;3367
2003;1;VSP;SBSV;SBRF;248,00;206
2003;1;VSP;SBCT;SBPA;378,00;2
2003;1;VSP;SBGR;SBFL;276,00;9
2003;1;VSP;SBSP;SBCT;247,00;34
2003;1;VSP;SBCT;SBGL;428,00;45
2003;1;VSP;SBBR;SBCT;698,00;2
2003;1;VSP;SBCT;SBBR;698,00;5
2003;1;VSP;SBSP;SBCT;192,00;101
2003;1;VSP;SBGR;SBFL;369,00;82
2003;1;VSP;SBRF;SBGL;886,00;21
2003;1;VSP;SBGO;SBSP;330,00;17
2003;1;VSP;SBBR;SBCT;427,00;8
2003;1;VSP;SBGL;SBGR;368,00;1
2003;1;VSP;SBBR;SBCT;652,00;17
2003;1;VSP;SBGL;SBCT;467,00;8
2003;1;VSP;SBBR;SBSV;543,00;785
2003;1;VSP;SBBR;SBSV;354,00;420
2003;1;VSP;SBRF;SBGL;586,00;246
2003;1;VSP;SBCT;SBSP;108,00;431
2003;1;VSP;SBGL;SBBR;624,00;13
2003;1;VSP;SBBR;SBSV;723,00;5
2003;1;VSP;SBGR;SBSV;322,00;226
2003;1;VSP;SBSP;SBBR;611,00;14
2003;1;VSP;SBGR;SBCT;221,00;13
2003;1;VSP;SBBR;SBSV;682,00;13
2003;1;VSP;SBSV;SBBR;633,00;116
2003;1;VSP;SBBR;SBGL;167,00;1897
2003;1;VSP;SBGL;SBSV;489,00;787
2003;1;VSP;SBRF;SBGL;829,00;29
2003;1;VSP;SBCT;SBGR;372,00;1
2003;1;VSP;SBCT;SBBR;906,00;46
2003;1;VSP;SBPA;SBCT;315,00;9
2003;1;VSP;SBEG;SBGR;1007,00;58
2003;1;VSP;SBBH;SBSP;387,00;1
2003;1;VSP;SBSV;SBBR;592,00;219
2003;1;VSP;SBGR;SBCF;538,00;31
2003;1;VSP;SBBH;SBBR;392,00;417
2003;1;VSP;SBBR;SBBH;493,00;5
2003;1;VSP;SBBR;SBFZ;786,00;38
2003;1;VSP;SBGO;SBSP;149,00;809
2003;1;VSP;SBGR;SBGL;292,00;177
2003;1;VSP;SBMQ;SBBE;229,00;27
2003;1;VSP;SBGL;SBBR;662,00;15
2003;1;VSP;SBSV;SBRF;539,00;1
2003;1;VSP;SBBR;SBSP;736,00;489
2003;1;VSP;SBPA;SBGL;901,00;122
2003;1;VSP;SBRF;SBFZ;619,00;123
2003;1;VSP;SBCF;SBBR;293,00;27
2003;1;VSP;SBBH;SBSP;297,00;17
2003;1;VSP;SBGL;SBBR;496,00;412
2003;1;VSP;SBCT;SBGL;300,00;47
2003;1;VSP;SBFL;SBGR;402,00;32
2003;1;VSP;SBGL;SBGR;341,00;2
2003;1;VSP;SBGR;SBFL;464,00;15
2003;1;VSP;SBGL;SBKP;337,00;5
2003;1;VSP;SBGR;SBSV;809,00;6
2003;1;VSP;SBBR;SBBE;1043,00;141
2003;1;VSP;SBBR;SBSP;567,00;28
2003;1;VSP;SBSV;SBGL;587,00;1050
2003;1;VSP;SBBR;SBBH;457,00;44
2003;1;VSP;SBBR;SBFZ;906,00;14
2003;1;VSP;SBSP;SBGO;473,00;32
2003;1;VSP;SBRF;SBSV;405,00;196
2003;1;VSP;SBGO;SBBR;249,00;3
2003;1;VSP;SBSV;SBGR;694,00;861
2003;1;VSP;SBCF;SBGR;387,00;11
2003;1;VSP;SBSP;SBBR;736,00;455
2003;1;VSP;SBCT;SBSP;192,00;114
2003;1;VSP;SBBR;SBBE;566,00;109
2003;1;VSP;SBGL;SBCT;300,00;47
2003;1;VSP;SBFL;SBGR;276,00;87
2003;1;VSP;SBGR;SBSV;925,00;12
2003;1;VSP;SBBH;SBBR;493,00;2
2003;1;VSP;SBBR;SBGL;356,00;273
