ANO;MES;EMPRESA;ORIGEM;DESTINO;TARIFA;ASSENTOS
2003;7;GLO;SBGL;SBCT;191,00;2
2003;7;GLO;SBGL;SBSV;413,00;12
2003;7;GLO;SBSP;SBGO;386,44;315
2003;7;GLO;SBRJ;SBKP;278,82;516
2003;7;GLO;SBSP;SBCT;159,00;13
2003;7;GLO;SBFL;SBRJ;178,75;160
2003;7;GLO;SBGL;SBRF;495,03;1376
2003;7;GLO;SBKP;SBRJ;343,00;5
2003;7;GLO;SBRJ;SBBH;100,00;18
2003;7;GLO;SBSV;SBGL;375,34;769
2003;7;GLO;SBPA;SBSP;254,53;265
2003;7;GLO;SBPA;SBRJ;135,50;12
2003;7;GLO;SBBR;SBPA;529,93;12
2003;7;GLO;SBBR;SBRJ;308,97;105
2003;7;GLO;SBBR;SBFZ;598,79;22
2003;7;GLO;SBRJ;SBVT;163,00;29
2003;7;GLO;SBSP;SBRJ;165,00;3
2003;7;GLO;SBRJ;SBVT;142,33;3649
2003;7;GLO;SBBH;SBSP;333,77;145
2003;7;GLO;SBGL;SBSV;378,61;2143
2003;7;GLO;SBCT;SBPA;346,76;19
2003;7;GLO;SBPA;SBSP;287,07;4209
2003;7;GLO;SBBR;SBCT;308,00;1047
2003;7;GLO;SBSP;SBVT;207,85;298
2003;7;GLO;SBRJ;SBCT;257,84;46
2003;7;GLO;SBPA;SBSP;332,10;593
2003;7;GLO;SBRF;SBGL;605,66;29
2003;7;GLO;SBSP;SBGL;145,68;19
2003;7;GLO;SBPA;SBFL;121,47;1044
2003;7;GLO;SBSP;SBPS;209,86;156
2003;7;GLO;SBGL;SBSV;482,85;153
2003;7;GLO;SBRJ;SBSP;209,38;13
2003;7;GLO;SBGL;SBBR;346,58;189
2003;7;GLO;SBPA;SBFL;90,67;30
2003;7;GLO;SBGL;SBSV;529,19;129
2003;7;GLO;SBBR;SBBH;287,73;193
2003;7;GLO;SBSP;SBGO;342,00;19
2003;7;GLO;SBCT;SBBR;295,45;1021
2003;7;GLO;SBBH;SBKP;90,16;510
2003;7;GLO;SBSP;SBPS;187,92;146
2003;7;GLO;SBGL;SBSV;443,50;20
2003;7;GLO;SBRF;SBGL;440,50;1
2003;7;GLO;SBGL;SBSV;635,60;58
2003;7;GLO;SBPA;SBGL;465,69;22
2003;7;GLO;SBNF;SBSP;183,87;1818
2003;7;GLO;SBCT;SBBH;122,15;1172
2003;7;GLO;SBRF;SBFZ;131,00;79
2003;7;GLO;SBBH;SBBR;305,12;40
2003;7;GLO;SBFL;SBSP;236,41;86
2003;7;GLO;SBSP;SBGL;193,39;391
2003;7;GLO;SBGL;SBSV;321,92;248
2003;7;GLO;SBRJ;SBCT;456,00;2
2003;7;GLO;SBSP;SBGO;336,40;18
2003;7;GLO;SBGL;SBPA;298,28;1338
2003;7;GLO;SBBH;SBRJ;142,00;143
2003;7;GLO;SBBR;SBGL;353,87;125
2003;7;GLO;SBSP;SBFL;398,00;1
2003;7;GLO;SBCT;SBSP;205,36;2058
2003;7;GLO;SBGL;SBSP;194,36;579
2003;7;GLO;SBNF;SBSP;295,00;4
2003;7;GLO;SBGL;SBCT;206,17;795
2003;7;GLO;SBGL;SBRF;400,15;107
2003;7;GLO;SBSP;SBCT;306,33;15
2003;7;GLO;SBFL;SBSP;269,74;90
2003;7;GLO;SBGL;SBRF;591,92;26
2003;7;GLO;SBKP;SBBH;208,74;3
2003;7;GLO;SBRJ;SBBH;186,57;442
2003;7;GLO;SBSP;SBFL;192,00;386
2003;7;GLO;SBBH;SBKP;265,58;1
2003;7;GLO;SBBH;SBKP;144,63;718
2003;7;GLO;SBSP;SBBR;329,00;160
2003;7;GLO;SBVT;SBSP;231,67;472
2003;7;GLO;SBFL;SBBR;195,50;100
2003;7;GLO;SBFZ;SBBR;222,11;1193
2003;7;GLO;SBSP;SBPA;131,25;8
2003;7;GLO;SBCT;SBSP;100,00;17
2003;7;GLO;SBFL;SBSP;216,00;10
2003;7;GLO;SBSP;SBGL;243,26;217
2003;7;GLO;SBCT;SBBH;140,50;10
2003;7;GLO;SBFZ;SBRF;171,86;2563
2003;7;GLO;SBPS;SBSP;346,00;30
2003;7;GLO;SBSP;SBPA;344,00;12
2003;7;GLO;SBVT;SBSP;201,07;41
2003;7;GLO;SBBH;SBRJ;248,00;3
2003;7;GLO;SBSP;SBVT;154,51;2404
2003;7;GLO;SBCT;SBBR;533,13;23
2003;7;GLO;SBRF;SBSV;442,00;3
2003;7;GLO;SBBR;SBSP;244,10;50
2003;7;GLO;SBBR;SBGL;256,33;3
2003;7;GLO;SBGO;SBSP;342,00;161
2003;7;GLO;SBRF;SBFZ;362,14;212
2003;7;GLO;SBBE;SBBR;373,00;28
2003;7;GLO;SBSP;SBCT;229,00;42
2003;7;GLO;SBCT;SBBR;291,96;587
2003;7;GLO;SBRF;SBFZ;582,00;2
2003;7;GLO;SBPS;SBSP;187,00;373
2003;7;GLO;SBBH;SBSP;283,62;967
2003;7;GLO;SBRJ;SBKP;296,94;366
2003;7;GLO;SBKP;SBCT;168,61;235
2003;7;GLO;SBPA;SBRJ;194,82;1099
2003;7;GLO;SBBR;SBRJ;256,29;1969
2003;7;GLO;SBBH;SBBR;464,00;5
2003;7;GLO;SBSP;SBBR;337,57;267
2003;7;GLO;SBRJ;SBPA;177,88;32
2003;7;GLO;SBPA;SBGL;271,38;122
2003;7;GLO;SBPA;SBBR;354,62;293
2003;7;GLO;SBGL;SBSV;390,64;900
2003;7;GLO;SBSP;SBBH;206,70;2450
2003;7;GLO;SBVT;SBRJ;188,70;256
2003;7;GLO;SBPA;SBKP;284,43;14
2003;7;GLO;SBSP;SBVT;182,84;360
2003;7;GLO;SBFZ;SBBR;677,73;11
2003;7;GLO;SBPA;SBCT;281,00;3
2003;7;GLO;SBCT;SBRJ;213,00;33
2003;7;GLO;SBVT;SBSP;512,00;1
2003;7;GLO;SBFL;SBSP;170,24;1124
2003;7;GLO;SBCT;SBRJ;243,00;2
2003;7;GLO;SBPA;SBKP;257,00;2
2003;7;GLO;SBSV;SBBR;402,57;859
2003;7;GLO;SBRJ;SBVT;127,76;2666
2003;7;GLO;SBBH;SBKP;199,74;39
2003;7;GLO;SBFZ;SBBR;647,26;92
2003;7;GLO;SBSP;SBGL;174,35;1049
2003;7;GLO;SBSP;SBNF;206,00;4
2003;7;GLO;SBSV;SBRF;335,70;47
2003;7;GLO;SBFL;SBBR;232,56;64
2003;7;GLO;SBPA;SBKP;313,00;51
2003;7;GLO;SBBR;SBCT;674,00;1
2003;7;GLO;SBSP;SBBH;256,58;1484
2003;7;GLO;SBKP;SBCT;249,75;84
2003;7;GLO;SBSP;SBVT;191,27;41
2003;7;GLO;SBCT;SBSP;168,42;12
2003;7;GLO;SBCT;SBKP;170,47;260
2003;7;GLO;SBPA;SBKP;468,00;2
2003;7;GLO;SBKP;SBBR;160,36;11
2003;7;GLO;SBBE;SBMQ;139,47;840
2003;7;GLO;SBSP;SBPA;497,78;9
2003;7;GLO;SBSP;SBPA;314,23;3776
2003;7;GLO;SBSP;SBBH;417,00;5
2003;7;GLO;SBFL;SBRJ;158,00;1052
2003;7;GLO;SBBR;SBBH;221,18;28
2003;7;GLO;SBBR;SBGL;361,00;1
2003;7;GLO;SBRJ;SBFL;178,38;334
2003;7;GLO;SBBR;SBCT;314,33;6
2003;7;GLO;SBNF;SBSP;228,65;37
2003;7;GLO;SBSV;SBGL;406,85;995
2003;7;GLO;SBRJ;SBFL;131,58;66
2003;7;GLO;SBGL;SBPA;310,64;1633
2003;7;GLO;SBRJ;SBBR;581,00;4
2003;7;GLO;SBRF;SBFZ;1163,00;1
2003;7;GLO;SBSP;SBRJ;286,00;5
2003;7;GLO;SBGO;SBSP;150,00;3
2003;7;GLO;SBPS;SBSP;157,49;542
2003;7;GLO;SBFL;SBRJ;141,68;88
2003;7;GLO;SBSV;SBBR;470,59;55
2003;7;GLO;SBBR;SBPA;363,95;166
2003;7;GLO;SBCT;SBGL;211,98;933
2003;7;GLO;SBSP;SBPA;615,00;1
2003;7;GLO;SBRF;SBGL;622,00;14
2003;7;GLO;SBSP;SBCT;100,00;9
2003;7;GLO;SBSP;SBGL;266,00;1
2003;7;GLO;SBGL;SBRF;667,20;15
2003;7;GLO;SBPA;SBBR;328,82;141
2003;7;GLO;SBSV;SBGL;303,34;190
2003;7;GLO;SBRJ;SBKP;262,00;148
2003;7;GLO;SBBE;SBMQ;144,86;203
2003;7;GLO;SBBR;SBSV;362,44;272
2003;7;GLO;SBFL;SBRJ;214,39;14
2003;7;GLO;SBGL;SBFL;292,81;422
2003;7;GLO;SBPA;SBBR;333,00;32
2003;7;GLO;SBRJ;SBVT;100,00;8
2003;7;GLO;SBBR;SBBE;454,29;21
2003;7;GLO;SBBR;SBFZ;710,00;39
2003;7;GLO;SBBR;SBPA;510,85;118
2003;7;GLO;SBBR;SBRJ;331,50;8
2003;7;GLO;SBPA;SBFL;295,00;3
2003;7;GLO;SBRJ;SBCT;119,85;13
2003;7;GLO;SBVT;SBRJ;139,68;142
2003;7;GLO;SBSP;SBFL;169,12;208
2003;7;GLO;SBSP;SBGO;370,00;92
2003;7;GLO;SBPA;SBBR;401,06;1022
2003;7;GLO;SBRJ;SBCT;163,85;1973
2003;7;GLO;SBRF;SBFZ;308,56;455
2003;7;GLO;SBSV;SBGL;542,82;104
2003;7;GLO;SBRJ;SBPA;246,00;42
2003;7;GLO;SBBR;SBFL;235,00;10
2003;7;GLO;SBCT;SBRJ;190,34;333
2003;7;GLO;SBKP;SBBH;136,92;26
2003;7;GLO;SBSP;SBPA;262,28;259
2003;7;GLO;SBKP;SBBR;210,48;359
2003;7;GLO;SBGL;SBCT;456,00;1
2003;7;GLO;SBPA;SBCT;150,00;1
2003;7;GLO;SBFZ;SBBR;453,00;18
2003;7;GLO;SBFZ;SBBR;577,74;14
2003;7;GLO;SBRJ;SBKP;212,29;21
2003;7;GLO;SBGL;SBBR;267,67;3
2003;7;GLO;SBPA;SBBR;498,70;154
2003;7;GLO;SBBR;SBFL;125,00;2
2003;7;GLO;SBGL;SBSP;167,35;1309
2003;7;GLO;SBBE;SBMQ;232,90;10
2003;7;GLO;SBKP;SBCT;203,28;58
2003;7;GLO;SBRJ;SBSP;293,00;18
2003;7;GLO;SBSP;SBFL;190,23;4449
2003;7;GLO;SBGL;SBPA;306,37;264
2003;7;GLO;SBRJ;SBBR;364,25;135
2003;7;GLO;SBBR;SBFZ;596,64;537
2003;7;GLO;SBGO;SBSP;370,00;57
2003;7;GLO;SBRJ;SBCT;252,00;3
2003;7;GLO;SBSP;SBBR;150,00;4
2003;7;GLO;SBRJ;SBBR;366,31;27
2003;7;GLO;SBCT;SBBR;553,00;1
2003;7;GLO;SBKP;SBPA;181,71;374
2003;7;GLO;SBCT;SBRJ;132,81;1443
2003;7;GLO;SBSV;SBGL;442,60;213
2003;7;GLO;SBRF;SBSV;289,67;147
2003;7;GLO;SBFL;SBBR;215,33;104
2003;7;GLO;SBRF;SBSV;251,98;160
2003;7;GLO;SBPA;SBCT;241,00;6
2003;7;GLO;SBSP;SBGO;556,00;1
2003;7;GLO;SBSP;SBFL;277,30;30
2003;7;GLO;SBSV;SBRF;442,00;17
2003;7;GLO;SBRF;SBSV;129,00;29
2003;7;GLO;SBBH;SBSP;306,24;526
2003;7;GLO;SBBR;SBKP;197,71;394
2003;7;GLO;SBSP;SBPA;393,46;626
2003;7;GLO;SBMQ;SBBE;134,02;194
2003;7;GLO;SBRJ;SBVT;222,00;2
2003;7;GLO;SBBH;SBBR;356,00;1
2003;7;GLO;SBKP;SBPA;217,04;1066
2003;7;GLO;SBCT;SBKP;200,10;49
2003;7;GLO;SBBR;SBPA;254,38;82
2003;7;GLO;SBSP;SBBH;280,60;1006
2003;7;GLO;SBGL;SBFL;238,33;87
2003;7;GLO;SBRJ;SBVT;184,81;190
2003;7;GLO;SBSP;SBNF;183,56;1718
2003;7;GLO;SBVT;SBRJ;142,03;3630
2003;7;GLO;SBGL;SBSP;296,13;64
2003;7;GLO;SBSV;SBRF;174,95;44
2003;7;GLO;SBPA;SBFL;93,14;854
2003;7;GLO;SBFZ;SBRF;174,00;189
2003;7;GLO;SBSP;SBFL;169,47;1785
2003;7;GLO;SBBR;SBRJ;371,57;90
2003;7;GLO;SBKP;SBRJ;262,00;148
2003;7;GLO;SBBR;SBFL;208,28;561
2003;7;GLO;SBBR;SBSP;364,19;811
2003;7;GLO;SBCT;SBSP;353,00;6
2003;7;GLO;SBSP;SBFL;215,16;475
2003;7;GLO;SBBR;SBSP;276,94;1379
2003;7;GLO;SBRJ;SBPA;168,54;14
2003;7;GLO;SBBR;SBSP;401,66;137
2003;7;GLO;SBSP;SBGL;100,00;29
2003;7;GLO;SBPA;SBCT;172,06;1098
2003;7;GLO;SBSP;SBVT;164,77;222
2003;7;GLO;SBFL;SBPA;110,10;2270
2003;7;GLO;SBSP;SBBH;458,00;1
2003;7;GLO;SBRJ;SBCT;75,00;2
2003;7;GLO;SBBR;SBBE;414,92;1
2003;7;GLO;SBCT;SBBH;104,00;6
2003;7;GLO;SBSP;SBPA;286,88;4802
2003;7;GLO;SBBH;SBBR;209,16;31
2003;7;GLO;SBSP;SBNF;100,00;5
2003;7;GLO;SBPA;SBRJ;149,96;14
2003;7;GLO;SBRF;SBFZ;188,61;2681
2003;7;GLO;SBPS;SBSP;289,00;2
2003;7;GLO;SBSP;SBBH;282,33;193
2003;7;GLO;SBGO;SBBR;61,00;20
2003;7;GLO;SBRF;SBFZ;324,00;1
2003;7;GLO;SBBR;SBRJ;275,30;27
2003;7;GLO;SBBR;SBGO;141,91;107
2003;7;GLO;SBBR;SBPA;449,61;230
2003;7;GLO;SBSP;SBBR;290,48;1625
2003;7;GLO;SBCT;SBBR;263,89;36
2003;7;GLO;SBSP;SBGO;327,06;389
2003;7;GLO;SBSP;SBFL;246,52;56
2003;7;GLO;SBBR;SBSP;311,19;3549
2003;7;GLO;SBBR;SBSP;244,00;3
2003;7;GLO;SBKP;SBRJ;341,00;2
2003;7;GLO;SBBE;SBBR;309,00;1
2003;7;GLO;SBPA;SBFL;102,10;2046
2003;7;GLO;SBKP;SBPA;234,00;4
2003;7;GLO;SBBH;SBRJ;218,00;95
2003;7;GLO;SBVT;SBSP;75,00;4
2003;7;GLO;SBCT;SBSP;266,00;446
2003;7;GLO;SBRJ;SBKP;320,52;261
2003;7;GLO;SBGL;SBSV;250,00;2
2003;7;GLO;SBRJ;SBVT;124,00;14
2003;7;GLO;SBRF;SBGL;540,97;96
2003;7;GLO;SBGL;SBPA;403,19;20
2003;7;GLO;SBBH;SBBR;288,51;267
2003;7;GLO;SBPA;SBKP;174,58;405
2003;7;GLO;SBGL;SBRF;675,00;18
2003;7;GLO;SBRJ;SBBR;442,00;18
2003;7;GLO;SBSP;SBPA;540,00;3
2003;7;GLO;SBSP;SBVT;123,86;151
2003;7;GLO;SBSV;SBRF;200,00;183
2003;7;GLO;SBBR;SBBH;321,82;39
2003;7;GLO;SBBH;SBRJ;242,63;37
2003;7;GLO;SBBR;SBGO;160,86;5
2003;7;GLO;SBBH;SBBR;264,41;2531
2003;7;GLO;SBRJ;SBSP;245,69;17056
2003;7;GLO;SBBR;SBFZ;222,14;1216
2003;7;GLO;SBGO;SBSP;414,49;138
2003;7;GLO;SBRF;SBGL;519,56;59
2003;7;GLO;SBSV;SBRF;129,00;36
2003;7;GLO;SBFZ;SBRF;201,76;345
2003;7;GLO;SBGO;SBBR;139,05;84
2003;7;GLO;SBSP;SBCT;263,66;365
2003;7;GLO;SBBR;SBKP;217,47;64
2003;7;GLO;SBBH;SBRJ;143,76;3839
2003;7;GLO;SBSP;SBNF;240,50;20
2003;7;GLO;SBBR;SBKP;175,30;638
2003;7;GLO;SBSV;SBBR;329,33;40
2003;7;GLO;SBNF;SBSP;255,19;27
2003;7;GLO;SBFL;SBBR;172,78;604
2003;7;GLO;SBSP;SBPA;248,58;2148
2003;7;GLO;SBFZ;SBBR;587,20;643
2003;7;GLO;SBSV;SBGL;368,45;1591
2003;7;GLO;SBFL;SBPA;134,83;23
2003;7;GLO;SBRJ;SBFL;203,44;20
2003;7;GLO;SBFL;SBSP;298,50;2
2003;7;GLO;SBBR;SBKP;151,91;722
2003;7;GLO;SBCT;SBPA;281,00;2
2003;7;GLO;SBRJ;SBPA;161,50;2
2003;7;GLO;SBBR;SBBE;373,00;29
2003;7;GLO;SBBR;SBBH;158,00;1
2003;7;GLO;SBKP;SBPA;136,80;2
2003;7;GLO;SBPA;SBCT;382,00;5
2003;7;GLO;SBPA;SBCT;200,90;612
2003;7;GLO;SBCT;SBGL;232,50;287
2003;7;GLO;SBBR;SBRJ;484,00;1
2003;7;GLO;SBSP;SBFL;319,82;24
2003;7;GLO;SBSP;SBCT;353,00;6
2003;7;GLO;SBGL;SBCT;225,81;96
2003;7;GLO;SBCT;SBBH;178,54;22
2003;7;GLO;SBBH;SBRJ;164,77;934
2003;7;GLO;SBBR;SBKP;252,00;17
2003;7;GLO;SBPA;SBSP;560,00;6
2003;7;GLO;SBBH;SBRJ;128,47;3806
2003;7;GLO;SBBH;SBCT;156,60;150
2003;7;GLO;SBPS;SBSP;153,50;370
2003;7;GLO;SBSP;SBRJ;193,03;3350
2003;7;GLO;SBBR;SBBH;424,00;1
2003;7;GLO;SBSP;SBFL;316,00;2
2003;7;GLO;SBBR;SBBH;233,61;2035
2003;7;GLO;SBKP;SBPA;566,00;1
2003;7;GLO;SBVT;SBRJ;162,20;421
2003;7;GLO;SBSP;SBBH;227,12;394
2003;7;GLO;SBBR;SBGL;283,01;334
2003;7;GLO;SBBH;SBBR;232,91;2105
2003;7;GLO;SBFZ;SBRF;324,00;1
2003;7;GLO;SBSP;SBBR;422,29;154
2003;7;GLO;SBKP;SBBR;187,44;716
2003;7;GLO;SBBR;SBSP;323,74;252
2003;7;GLO;SBGL;SBRF;570,25;91
2003;7;GLO;SBPA;SBCT;133,43;1367
2003;7;GLO;SBBH;SBCT;122,05;1112
2003;7;GLO;SBRF;SBFZ;363,85;10
2003;7;GLO;SBGL;SBCT;331,93;19
2003;7;GLO;SBSP;SBGO;150,00;1
2003;7;GLO;SBBR;SBFZ;17,98;52
2003;7;GLO;SBBR;SBGL;387,50;13
2003;7;GLO;SBFL;SBGL;341,84;8
2003;7;GLO;SBSP;SBBR;490,52;25
2003;7;GLO;SBGL;SBSV;406,10;117
2003;7;GLO;SBGO;SBSP;403,92;22
2003;7;GLO;SBGO;SBSP;476,00;10
2003;7;GLO;SBBR;SBSP;196,00;2
2003;7;GLO;SBSP;SBBR;359,41;1168
2003;7;GLO;SBBH;SBKP;111,34;93
2003;7;GLO;SBCT;SBPA;154,31;4012
2003;7;GLO;SBKP;SBBR;153,03;723
2003;7;GLO;SBSP;SBGL;208,32;74
2003;7;GLO;SBBR;SBBH;265,05;2717
2003;7;GLO;SBNF;SBSP;206,00;4
2003;7;GLO;SBPA;SBRJ;329,96;54
2003;7;GLO;SBCT;SBBH;141,19;410
2003;7;GLO;SBBR;SBRJ;581,00;3
2003;7;GLO;SBBH;SBSP;172,22;9
2003;7;GLO;SBBH;SBSP;271,06;1569
2003;7;GLO;SBBR;SBGO;121,90;108
2003;7;GLO;SBFL;SBRJ;175,32;956
2003;7;GLO;SBBR;SBSP;450,40;5
2003;7;GLO;SBRJ;SBKP;233,83;563
2003;7;GLO;SBCT;SBPA;68,09;105
2003;7;GLO;SBGL;SBPA;339,48;97
2003;7;GLO;SBSV;SBBR;416,60;322
2003;7;GLO;SBFL;SBRJ;193,08;126
2003;7;GLO;SBBR;SBKP;379,00;2
2003;7;GLO;SBKP;SBBR;113,40;10
2003;7;GLO;SBBR;SBFL;249,44;160
2003;7;GLO;SBCT;SBRJ;147,26;2004
2003;7;GLO;SBFL;SBPA;92,51;865
2003;7;GLO;SBSP;SBFL;216,00;1
2003;7;GLO;SBGL;SBSV;404,09;630
2003;7;GLO;SBGL;SBRF;520,88;84
2003;7;GLO;SBRJ;SBCT;153,22;139
2003;7;GLO;SBGL;SBBR;150,00;1
2003;7;GLO;SBSP;SBPS;159,56;546
2003;7;GLO;SBCT;SBPA;362,43;7
2003;7;GLO;SBGL;SBSP;210,27;163
2003;7;GLO;SBBR;SBBE;336,05;418
2003;7;GLO;SBKP;SBBH;161,50;2
2003;7;GLO;SBSP;SBRJ;293,00;19
2003;7;GLO;SBMQ;SBBE;191,80;5
2003;7;GLO;SBRF;SBGL;834,00;2
2003;7;GLO;SBSP;SBGO;346,92;497
2003;7;GLO;SBGO;SBBR;158,00;3
2003;7;GLO;SBPA;SBFL;98,96;247
2003;7;GLO;SBRJ;SBBR;285,89;6550
2003;7;GLO;SBGL;SBBR;312,94;797
2003;7;GLO;SBGL;SBCT;168,00;2
2003;7;GLO;SBRJ;SBFL;245,50;2
2003;7;GLO;SBRJ;SBPA;262,44;78
2003;7;GLO;SBMQ;SBBE;118,00;1
2003;7;GLO;SBCT;SBSP;287,32;86
2003;7;GLO;SBNF;SBSP;100,00;1
2003;7;GLO;SBCT;SBGL;169,78;9
2003;7;GLO;SBBH;SBSP;241,04;3187
2003;7;GLO;SBRJ;SBKP;350,00;2
2003;7;GLO;SBBH;SBCT;206,50;2
2003;7;GLO;SBSP;SBRJ;197,50;12
2003;7;GLO;SBSP;SBBR;391,12;582
2003;7;GLO;SBKP;SBRJ;350,00;6
2003;7;GLO;SBPA;SBKP;239,40;4
2003;7;GLO;SBFL;SBRJ;229,50;2
2003;7;GLO;SBVT;SBRJ;187,00;30
2003;7;GLO;SBRF;SBGL;250,00;1
2003;7;GLO;SBBR;SBSV;437,09;196
2003;7;GLO;SBGL;SBSV;667,00;14
2003;7;GLO;SBBE;SBMQ;370,65;1
2003;7;GLO;SBRJ;SBBH;248,66;45
2003;7;GLO;SBBH;SBBR;150,00;1
2003;7;GLO;SBBR;SBPA;447,28;1000
2003;7;GLO;SBRJ;SBBH;248,00;7
2003;7;GLO;SBRJ;SBBH;281,00;1
2003;7;GLO;SBRF;SBGL;651,00;4
2003;7;GLO;SBBH;SBCT;124,00;224
2003;7;GLO;SBBH;SBSP;379,75;4
2003;7;GLO;SBSV;SBGL;454,00;21
2003;7;GLO;SBCT;SBPA;285,45;170
2003;7;GLO;SBPA;SBSP;465,00;11
2003;7;GLO;SBKP;SBRJ;316,32;145
2003;7;GLO;SBRJ;SBKP;100,00;6
2003;7;GLO;SBBH;SBSP;402,00;1
2003;7;GLO;SBFL;SBSP;189,85;4828
2003;7;GLO;SBPA;SBKP;244,66;283
2003;7;GLO;SBKP;SBBR;357,50;6
2003;7;GLO;SBBR;SBSV;394,19;929
2003;7;GLO;SBRJ;SBPA;227,27;306
2003;7;GLO;SBBH;SBRJ;126,08;26
2003;7;GLO;SBBR;SBKP;162,00;6
2003;7;GLO;SBKP;SBBR;126,00;34
2003;7;GLO;SBGL;SBBR;302,25;2
2003;7;GLO;SBGL;SBPA;262,93;153
2003;7;GLO;SBRJ;SBSP;266,00;10
2003;7;GLO;SBPA;SBSP;262,53;2371
2003;7;GLO;SBCT;SBKP;209,52;216
2003;7;GLO;SBSP;SBFL;100,00;3
2003;7;GLO;SBBR;SBSV;587,74;56
2003;7;GLO;SBVT;SBSP;403,00;8
2003;7;GLO;SBBR;SBRJ;75,00;8
2003;7;GLO;SBPS;SBSP;264,65;132
2003;7;GLO;SBSP;SBGL;215,39;91
2003;7;GLO;SBRF;SBSV;386,65;37
2003;7;GLO;SBBR;SBCT;370,73;144
2003;7;GLO;SBBR;SBCT;388,89;18
2003;7;GLO;SBSV;SBBR;511,79;19
2003;7;GLO;SBBR;SBSP;273,53;172
2003;7;GLO;SBCT;SBSP;231,03;3458
2003;7;GLO;SBRJ;SBBH;330,00;2
2003;7;GLO;SBGL;SBSP;145,74;38
2003;7;GLO;SBGL;SBRF;715,38;26
2003;7;GLO;SBKP;SBCT;283,00;6
2003;7;GLO;SBBR;SBGL;329,00;31
2003;7;GLO;SBSP;SBRJ;250,00;1
2003;7;GLO;SBRJ;SBFL;213,00;2
2003;7;GLO;SBBH;SBSP;345,00;4
2003;7;GLO;SBSP;SBPS;257,14;828
2003;7;GLO;SBBH;SBCT;178,74;86
2003;7;GLO;SBPA;SBCT;126,08;78
2003;7;GLO;SBPA;SBBR;375,51;684
2003;7;GLO;SBBH;SBCT;109,04;1062
2003;7;GLO;SBSP;SBPS;200,25;169
2003;7;GLO;SBVT;SBRJ;218,25;25
2003;7;GLO;SBRJ;SBCT;336,00;3
2003;7;GLO;SBBR;SBFL;305,00;92
2003;7;GLO;SBPA;SBSP;394,27;865
2003;7;GLO;SBFZ;SBBR;631,15;322
2003;7;GLO;SBSV;SBBR;172,13;48
2003;7;GLO;SBSP;SBBR;359,00;1
2003;7;GLO;SBPA;SBRJ;168,28;547
2003;7;GLO;SBRF;SBSV;285,31;56
2003;7;GLO;SBBE;SBBR;339,72;79
2003;7;GLO;SBBE;SBMQ;103,00;18
2003;7;GLO;SBRF;SBSV;335,32;134
2003;7;GLO;SBBE;SBBR;312,70;508
2003;7;GLO;SBMQ;SBBE;154,89;132
2003;7;GLO;SBFL;SBBR;190,83;682
2003;7;GLO;SBFL;SBBR;270,00;4
2003;7;GLO;SBBR;SBGO;61,00;63
2003;7;GLO;SBRJ;SBFL;176,06;1068
2003;7;GLO;SBPA;SBCT;145,00;109
2003;7;GLO;SBFZ;SBRF;308,56;15
2003;7;GLO;SBRF;SBSV;239,79;743
2003;7;GLO;SBRJ;SBVT;216,00;4
2003;7;GLO;SBPA;SBSP;355,87;911
2003;7;GLO;SBGL;SBFL;333,50;6
2003;7;GLO;SBNF;SBSP;201,10;941
2003;7;GLO;SBKP;SBPA;238,14;14
2003;7;GLO;SBSP;SBPA;300,03;579
2003;7;GLO;SBGO;SBSP;338,24;361
2003;7;GLO;SBSP;SBBH;345,00;9
2003;7;GLO;SBSP;SBBH;232,04;2986
2003;7;GLO;SBBR;SBSV;456,48;81
2003;7;GLO;SBGO;SBBR;133,16;4
2003;7;GLO;SBBR;SBRJ;297,37;104
2003;7;GLO;SBFL;SBSP;191,76;407
2003;7;GLO;SBBR;SBFZ;886,00;5
2003;7;GLO;SBKP;SBCT;224,85;470
2003;7;GLO;SBSV;SBRF;389,00;24
2003;7;GLO;SBBH;SBCT;142,21;374
2003;7;GLO;SBPA;SBRJ;212,53;326
2003;7;GLO;SBSV;SBGL;421,25;118
2003;7;GLO;SBRJ;SBBR;249,72;166
2003;7;GLO;SBRF;SBFZ;1086,00;1
2003;7;GLO;SBPA;SBSP;313,00;471
2003;7;GLO;SBCT;SBBR;194,50;14
2003;7;GLO;SBSP;SBGL;141,12;863
2003;7;GLO;SBBH;SBSP;288,17;194
2003;7;GLO;SBRJ;SBBH;319,00;4
2003;7;GLO;SBGL;SBFL;150,00;4
2003;7;GLO;SBRJ;SBPA;180,67;581
2003;7;GLO;SBCT;SBPA;134,46;1658
2003;7;GLO;SBVT;SBSP;154,08;2657
2003;7;GLO;SBBR;SBPA;639,00;37
2003;7;GLO;SBRJ;SBBH;127,00;23
2003;7;GLO;SBSV;SBGL;938,00;1
2003;7;GLO;SBFL;SBBR;165,71;14
2003;7;GLO;SBCT;SBBH;124,00;272
2003;7;GLO;SBPA;SBGL;337,52;118
2003;7;GLO;SBRJ;SBSP;232,67;3
2003;7;GLO;SBGL;SBBR;282,58;311
2003;7;GLO;SBFZ;SBRF;242,00;1
2003;7;GLO;SBSV;SBBR;542,88;47
2003;7;GLO;SBCT;SBRJ;201,60;5
2003;7;GLO;SBCT;SBSP;209,07;799
2003;7;GLO;SBGL;SBSP;104,55;33
2003;7;GLO;SBBH;SBRJ;100,00;12
2003;7;GLO;SBKP;SBRJ;388,00;1
2003;7;GLO;SBBR;SBRJ;637,00;1
2003;7;GLO;SBKP;SBBH;135,10;631
2003;7;GLO;SBGL;SBCT;213,62;292
2003;7;GLO;SBSV;SBRF;226,04;160
2003;7;GLO;SBFL;SBSP;100,00;6
2003;7;GLO;SBRJ;SBBR;361,00;11
2003;7;GLO;SBSV;SBRF;289,26;50
2003;7;GLO;SBSP;SBCT;289,00;24
2003;7;GLO;SBGL;SBBR;329,00;26
2003;7;GLO;SBFL;SBSP;362,79;26
2003;7;GLO;SBGL;SBSP;237,54;88
2003;7;GLO;SBSP;SBBR;563,00;8
2003;7;GLO;SBSP;SBVT;139,97;2816
2003;7;GLO;SBRJ;SBSP;156,37;6007
2003;7;GLO;SBNF;SBSP;427,00;1
2003;7;GLO;SBRJ;SBSP;72,38;8
2003;7;GLO;SBBR;SBSP;464,52;25
2003;7;GLO;SBGL;SBSP;266,00;5
2003;7;GLO;SBSV;SBGL;250,00;2
2003;7;GLO;SBCT;SBBR;326,02;198
2003;7;GLO;SBSP;SBNF;174,08;13
2003;7;GLO;SBBR;SBSP;348,29;1575
2003;7;GLO;SBPA;SBFL;178,00;5
2003;7;GLO;SBBR;SBSV;343,17;30
2003;7;GLO;SBRJ;SBFL;193,95;116
2003;7;GLO;SBVT;SBSP;178,79;215
2003;7;GLO;SBFL;SBGL;364,39;69
2003;7;GLO;SBFZ;SBRF;434,00;1
2003;7;GLO;SBKP;SBBH;145,50;2
2003;7;GLO;SBCT;SBPA;203,26;391
2003;7;GLO;SBPA;SBRJ;667,00;1
2003;7;GLO;SBCT;SBBH;262,50;4
2003;7;GLO;SBRF;SBSV;412,12;241
2003;7;GLO;SBPS;SBSP;204,16;119
2003;7;GLO;SBSP;SBPA;336,41;532
2003;7;GLO;SBBR;SBCT;270,06;155
2003;7;GLO;SBSP;SBPS;302,00;97
2003;7;GLO;SBKP;SBRJ;233,00;544
2003;7;GLO;SBGL;SBRF;507,25;183
2003;7;GLO;SBKP;SBPA;256,85;115
2003;7;GLO;SBCT;SBPA;180,82;883
2003;7;GLO;SBGL;SBRF;583,41;31
2003;7;GLO;SBPA;SBRJ;259,42;55
2003;7;GLO;SBKP;SBRJ;299,17;246
2003;7;GLO;SBPA;SBCT;446,00;1
2003;7;GLO;SBRJ;SBPA;208,36;1038
2003;7;GLO;SBBR;SBPA;415,28;605
2003;7;GLO;SBPA;SBGL;249,56;41
2003;7;GLO;SBRJ;SBBH;128,61;3701
2003;7;GLO;SBVT;SBSP;179,38;2152
2003;7;GLO;SBFL;SBPA;125,63;1066
2003;7;GLO;SBKP;SBRJ;259,59;830
2003;7;GLO;SBBH;SBSP;417,00;8
2003;7;GLO;SBBR;SBCT;628,36;20
2003;7;GLO;SBGL;SBRF;166,67;3
2003;7;GLO;SBCT;SBSP;309,00;3
2003;7;GLO;SBFL;SBGL;261,43;7
2003;7;GLO;SBKP;SBRJ;215,00;19
2003;7;GLO;SBGL;SBSP;133,29;24
2003;7;GLO;SBSP;SBCT;246,50;927
2003;7;GLO;SBSP;SBCT;206,70;2199
2003;7;GLO;SBPA;SBFL;303,00;1
2003;7;GLO;SBBR;SBSV;524,33;90
2003;7;GLO;SBSP;SBPA;341,53;921
2003;7;GLO;SBVT;SBRJ;125,65;2800
2003;7;GLO;SBGO;SBBR;123,72;117
2003;7;GLO;SBBE;SBMQ;134,05;289
2003;7;GLO;SBRJ;SBBH;209,62;104
2003;7;GLO;SBPA;SBCT;149,27;3947
2003;7;GLO;SBSV;SBGL;608,00;38
2003;7;GLO;SBFL;SBGL;307,50;362
2003;7;GLO;SBBR;SBGL;322,50;744
2003;7;GLO;SBSV;SBBR;435,40;366
2003;7;GLO;SBVT;SBRJ;100,00;10
2003;7;GLO;SBBE;SBMQ;116,23;2032
2003;7;GLO;SBRJ;SBBH;144,44;3733
2003;7;GLO;SBBR;SBFL;220,26;2
2003;7;GLO;SBSP;SBBH;197,85;82
2003;7;GLO;SBRJ;SBVT;166,62;459
2003;7;GLO;SBSV;SBRF;288,87;69
2003;7;GLO;SBPA;SBSP;100,00;3
2003;7;GLO;SBVT;SBSP;134,20;177
2003;7;GLO;SBKP;SBRJ;278,49;520
2003;7;GLO;SBSV;SBGL;411,63;151
2003;7;GLO;SBFL;SBPA;311,94;8
2003;7;GLO;SBBR;SBSP;150,00;2
2003;7;GLO;SBPA;SBRJ;222,50;103
2003;7;GLO;SBCT;SBGL;314,77;14
2003;7;GLO;SBRJ;SBKP;412,00;1
2003;7;GLO;SBBR;SBCT;349,03;979
2003;7;GLO;SBRJ;SBBH;163,07;760
2003;7;GLO;SBBH;SBSP;282,00;10
2003;7;GLO;SBSP;SBBR;255,21;47
2003;7;GLO;SBRJ;SBVT;140,02;130
2003;7;GLO;SBPS;SBSP;198,31;108
2003;7;GLO;SBCT;SBBH;181,96;176
2003;7;GLO;SBVT;SBSP;554,00;1
2003;7;GLO;SBSP;SBBH;150,00;6
2003;7;GLO;SBVT;SBSP;204,76;493
2003;7;GLO;SBPA;SBKP;298,54;140
2003;7;GLO;SBSP;SBPS;200,94;276
2003;7;GLO;SBFL;SBPA;145,58;362
2003;7;GLO;SBFL;SBSP;316,00;2
2003;7;GLO;SBRJ;SBCT;147,81;1212
2003;7;GLO;SBRJ;SBBR;243,43;2093
2003;7;GLO;SBPA;SBGL;329,34;270
2003;7;GLO;SBGL;SBCT;197,16;707
2003;7;GLO;SBGL;SBSV;597,52;58
2003;7;GLO;SBMQ;SBBE;99,82;1777
2003;7;GLO;SBBR;SBCT;356,19;349
2003;7;GLO;SBGL;SBFL;259,18;430
2003;7;GLO;SBGL;SBSP;142,04;756
2003;7;GLO;SBPA;SBSP;362,00;2
2003;7;GLO;SBPA;SBGL;295,35;1364
2003;7;GLO;SBGO;SBSP;353,26;420
2003;7;GLO;SBBR;SBSV;174,00;25
2003;7;GLO;SBSP;SBGO;419,83;120
2003;7;GLO;SBCT;SBBH;157,50;180
2003;7;GLO;SBBH;SBSP;237,65;481
2003;7;GLO;SBBH;SBRJ;319,00;3
2003;7;GLO;SBBH;SBSP;458,00;1
2003;7;GLO;SBSP;SBCT;209,65;721
2003;7;GLO;SBRJ;SBKP;257,53;803
2003;7;GLO;SBKP;SBCT;214,94;222
2003;7;GLO;SBSP;SBNF;202,13;988
2003;7;GLO;SBCT;SBRJ;149,09;192
2003;7;GLO;SBGL;SBFL;426,00;6
2003;7;GLO;SBKP;SBBH;112,00;10
2003;7;GLO;SBFL;SBGL;150,00;2
2003;7;GLO;SBCT;SBRJ;107,91;34
2003;7;GLO;SBCT;SBBH;110,76;1166
2003;7;GLO;SBCT;SBRJ;75,00;4
2003;7;GLO;SBKP;SBPA;244,59;178
2003;7;GLO;SBPA;SBGL;400,74;62
2003;7;GLO;SBCT;SBPA;382,00;4
2003;7;GLO;SBFZ;SBRF;131,00;92
2003;7;GLO;SBRJ;SBFL;157,33;992
2003;7;GLO;SBBH;SBCT;105,38;8
2003;7;GLO;SBRJ;SBCT;214,37;295
2003;7;GLO;SBKP;SBPA;172,50;2
2003;7;GLO;SBCT;SBKP;231,69;134
2003;7;GLO;SBKP;SBBH;90,63;643
2003;7;GLO;SBSP;SBRJ;156,77;6079
2003;7;GLO;SBPA;SBSP;510,00;4
2003;7;GLO;SBKP;SBRJ;246,35;172
2003;7;GLO;SBSP;SBVT;512,00;2
2003;7;GLO;SBRF;SBGL;409,91;88
2003;7;GLO;SBSP;SBVT;251,88;8
2003;7;GLO;SBBR;SBGL;413,65;42
2003;7;GLO;SBMQ;SBBE;121,00;33
2003;7;GLO;SBCT;SBBR;275,05;898
2003;7;GLO;SBPA;SBSP;344,00;40
2003;7;GLO;SBRF;SBFZ;742,57;7
2003;7;GLO;SBKP;SBBR;189,50;2
2003;7;GLO;SBRJ;SBSP;271,00;2
2003;7;GLO;SBBR;SBFZ;639,46;394
2003;7;GLO;SBFL;SBRJ;75,00;4
2003;7;GLO;SBBR;SBSV;488,67;69
2003;7;GLO;SBCT;SBBR;337,00;2
2003;7;GLO;SBGL;SBFL;255,48;63
2003;7;GLO;SBSP;SBPS;237,50;10
2003;7;GLO;SBFL;SBGL;356,03;141
2003;7;GLO;SBKP;SBBH;117,02;550
2003;7;GLO;SBRJ;SBKP;235,57;171
2003;7;GLO;SBKP;SBCT;321,00;1
2003;7;GLO;SBCT;SBRJ;158,13;789
2003;7;GLO;SBPA;SBFL;261,81;11
2003;7;GLO;SBSP;SBGO;416,50;12
2003;7;GLO;SBKP;SBPA;273,50;2
2003;7;GLO;SBGL;SBSP;148,29;7
2003;7;GLO;SBRF;SBFZ;464,00;1
2003;7;GLO;SBCT;SBBR;364,00;138
2003;7;GLO;SBRF;SBSV;260,69;342
2003;7;GLO;SBRJ;SBCT;187,35;692
2003;7;GLO;SBPS;SBSP;264,13;766
2003;7;GLO;SBBH;SBKP;144,40;722
2003;7;GLO;SBPA;SBBR;494,83;18
2003;7;GLO;SBPA;SBFL;141,72;529
2003;7;GLO;SBRF;SBGL;500,50;1391
2003;7;GLO;SBRF;SBGL;582,54;88
2003;7;GLO;SBBR;SBFL;244,38;80
2003;7;GLO;SBGL;SBPA;251,56;32
2003;7;GLO;SBBR;SBCT;474,00;7
2003;7;GLO;SBSP;SBBR;326,68;3966
2003;7;GLO;SBFL;SBPA;178,00;1
2003;7;GLO;SBGL;SBSP;191,36;1177
2003;7;GLO;SBPA;SBBR;367,43;166
2003;7;GLO;SBSP;SBNF;225,44;29
2003;7;GLO;SBCT;SBPA;328,00;1
2003;7;GLO;SBBR;SBBE;325,00;1
2003;7;GLO;SBRF;SBGL;729,00;5
2003;7;GLO;SBRJ;SBBH;142,00;134
2003;7;GLO;SBBR;SBCT;658,00;1
2003;7;GLO;SBSP;SBRJ;253,91;11
2003;7;GLO;SBBR;SBBE;389,17;96
2003;7;GLO;SBGL;SBSV;430,31;218
2003;7;GLO;SBNF;SBSP;180,20;10
2003;7;GLO;SBBR;SBFZ;250,00;1
2003;7;GLO;SBRJ;SBBR;688,50;2
2003;7;GLO;SBPA;SBRJ;290,85;15
2003;7;GLO;SBPA;SBGL;318,73;1546
2003;7;GLO;SBCT;SBSP;245,99;1142
2003;7;GLO;SBPA;SBKP;409,55;55
2003;7;GLO;SBGL;SBRF;881,00;3
2003;7;GLO;SBBH;SBRJ;184,13;317
2003;7;GLO;SBKP;SBPA;224,09;371
2003;7;GLO;SBBH;SBKP;87,00;2
2003;7;GLO;SBRF;SBGL;615,60;25
2003;7;GLO;SBPA;SBKP;345,00;1
2003;7;GLO;SBSP;SBGL;157,64;1366
2003;7;GLO;SBMQ;SBBE;102,05;54
2003;7;GLO;SBBH;SBCT;154,98;10
2003;7;GLO;SBRJ;SBPA;245,10;25
2003;7;GLO;SBRJ;SBKP;343,00;2
2003;7;GLO;SBCT;SBGL;186,72;784
2003;7;GLO;SBBR;SBFZ;629,00;52
2003;7;GLO;SBRJ;SBKP;388,00;5
2003;7;GLO;SBPA;SBCT;348,98;27
2003;7;GLO;SBSV;SBGL;480,93;132
2003;7;GLO;SBSP;SBBR;516,00;1
2003;7;GLO;SBFL;SBPA;99,15;273
2003;7;GLO;SBCT;SBRJ;189,00;2
2003;7;GLO;SBSV;SBBR;505,31;31
2003;7;GLO;SBRJ;SBBR;305,31;1923
2003;7;GLO;SBKP;SBPA;189,35;81
2003;7;GLO;SBBR;SBFL;191,79;434
2003;7;GLO;SBBE;SBBR;438,84;25
2003;7;GLO;SBBH;SBSP;206,26;2656
2003;7;GLO;SBCT;SBKP;251,96;92
2003;7;GLO;SBGL;SBPA;382,67;9
2003;7;GLO;SBRJ;SBBR;138,46;13
2003;7;GLO;SBKP;SBRJ;100,00;8
2003;7;GLO;SBSV;SBRF;259,37;105
2003;7;GLO;SBSP;SBCT;231,70;3715
2003;7;GLO;SBSV;SBRF;198,49;795
2003;7;GLO;SBSP;SBGL;131,73;15
2003;7;GLO;SBSP;SBPA;510,00;2
2003;7;GLO;SBBR;SBGL;150,00;2
2003;7;GLO;SBVT;SBRJ;124,16;19
2003;7;GLO;SBSP;SBNF;353,53;10
2003;7;GLO;SBRJ;SBPA;181,50;12
2003;7;GLO;SBPA;SBKP;214,16;930
2003;7;GLO;SBFL;SBSP;165,51;194
2003;7;GLO;SBGL;SBBR;337,03;7
2003;7;GLO;SBBR;SBSV;604,40;29
2003;7;GLO;SBKP;SBCT;231,61;110
2003;7;GLO;SBPA;SBSP;317,95;4324
2003;7;GLO;SBSP;SBRJ;147,00;2
2003;7;GLO;SBCT;SBKP;189,37;435
2003;7;GLO;SBSP;SBPA;461,79;145
2003;7;GLO;SBRF;SBSV;170,82;51
2003;7;GLO;SBGO;SBSP;232,20;45
2003;7;GLO;SBBH;SBBR;324,04;83
2003;7;GLO;SBSP;SBBH;381,25;4
2003;7;GLO;SBSP;SBGL;156,00;22
2003;7;GLO;SBBR;SBGO;231,00;1
2003;7;GLO;SBSP;SBRJ;246,13;17309
2003;7;GLO;SBBR;SBBH;355,80;53
2003;7;GLO;SBRJ;SBSP;192,83;3321
2003;7;GLO;SBGO;SBSP;393,88;219
2003;7;GLO;SBMQ;SBBE;116,52;834
2003;7;GLO;SBSP;SBPS;319,50;2
2003;7;GLO;SBCT;SBGL;238,68;57
2003;7;GLO;SBCT;SBSP;229,00;38
2003;7;GLO;SBSP;SBBH;310,26;545
2003;7;GLO;SBFL;SBGL;340,30;284
2003;7;GLO;SBBR;SBPA;856,00;1
2003;7;GLO;SBKP;SBBR;167,00;2
2003;7;GLO;SBSP;SBNF;317,00;5
2003;7;GLO;SBBR;SBRJ;296,70;6929
2003;7;GLO;SBFL;SBSP;214,09;736
2003;7;GLO;SBSP;SBGO;244,65;43
2003;7;GLO;SBBR;SBRJ;312,45;1612
2003;7;GLO;SBRJ;SBBR;171,18;45
2003;7;PEP;SBMQ;SBBE;98,96;186
2003;7;PEP;SBBE;SBMQ;153,37;25
2003;7;PEP;SBBE;SBMQ;106,37;301
2003;7;PEP;SBMQ;SBBE;158,37;49
2003;7;PLY;SBMQ;SBBE;416,64;3
2003;7;PLY;SBBE;SBMQ;187,49;6
2003;7;PLY;SBBE;SBMQ;416,64;3
2003;7;PLY;SBMQ;SBBE;99,54;73
2003;7;PLY;SBMQ;SBBE;187,49;34
2003;7;TAM;SBPA;SBSP;490,00;730
2003;7;TAM;SBGL;SBGR;243,00;117
2003;7;TAM;SBBH;SBRJ;176,00;459
2003;7;TAM;SBCT;SBBR;499,00;1852
2003;7;TAM;SBBH;SBBR;306,00;1872
2003;7;TAM;SBKP;SBGR;163,00;2
2003;7;TAM;SBRJ;SBSP;386,00;489
2003;7;TAM;SBBR;SBSV;780,00;42
2003;7;TAM;SBBR;SBKP;389,00;87
2003;7;TAM;SBSP;SBUL;403,00;2275
2003;7;TAM;SBRP;SBSP;519,00;96
2003;7;TAM;SBFZ;SBBR;1103,00;2
2003;7;TAM;SBBR;SBCT;837,00;43
2003;7;TAM;SBSP;SBBR;418,00;9652
2003;7;TAM;SBBR;SBGO;246,00;42
2003;7;TAM;SBGR;SBCF;414,00;11
2003;7;TAM;SBBR;SBGL;709,00;2
2003;7;TAM;SBFL;SBCT;501,00;469
2003;7;TAM;SBBE;SBMQ;159,00;974
2003;7;TAM;SBRJ;SBBH;378,00;170
2003;7;TAM;SBSV;SBRF;1410,00;3
2003;7;TAM;SBKP;SBBR;796,00;2
2003;7;TAM;SBBR;SBBE;1137,00;74
2003;7;TAM;SBSP;SBRP;363,00;1939
2003;7;TAM;SBCT;SBSP;299,00;6869
2003;7;TAM;SBCT;SBSP;411,00;270
2003;7;TAM;SBCT;SBBR;837,00;36
2003;7;TAM;SBRJ;SBVT;521,00;75
2003;7;TAM;SBGR;SBCT;372,00;27
2003;7;TAM;SBBE;SBBR;867,00;6
2003;7;TAM;SBCT;SBKP;254,00;110
2003;7;TAM;SBKP;SBPA;832,00;97
2003;7;TAM;SBBH;SBRJ;479,00;77
2003;7;TAM;SBBR;SBBE;685,00;54
2003;7;TAM;SBSP;SBRP;434,00;23
2003;7;TAM;SBRP;SBSP;396,00;207
2003;7;TAM;SBCT;SBSP;513,00;155
2003;7;TAM;SBBR;SBKP;519,00;63
2003;7;TAM;SBGL;SBRF;635,00;1453
2003;7;TAM;SBRF;SBGL;635,00;1376
2003;7;TAM;SBFL;SBGR;461,00;6
2003;7;TAM;SBBR;SBGL;842,00;3
2003;7;TAM;SBBH;SBBR;401,00;256
2003;7;TAM;SBSP;SBBH;560,00;141
2003;7;TAM;SBSP;SBVT;517,00;111
2003;7;TAM;SBPA;SBGL;829,00;52
2003;7;TAM;SBSV;SBRF;1113,00;49
2003;7;TAM;SBPA;SBKP;765,00;1
2003;7;TAM;SBCT;SBKP;293,00;65
2003;7;TAM;SBFL;SBBR;825,00;18
2003;7;TAM;SBPA;SBKP;433,00;270
2003;7;TAM;SBPA;SBKP;632,00;5
2003;7;TAM;SBSV;SBGL;664,00;55
2003;7;TAM;SBGO;SBBR;324,00;34
2003;7;TAM;SBPA;SBFL;191,00;3
2003;7;TAM;SBBR;SBGR;549,00;14
2003;7;TAM;SBSP;SBVT;399,00;3603
2003;7;TAM;SBFL;SBGR;607,00;48
2003;7;TAM;SBMQ;SBBE;204,00;254
2003;7;TAM;SBSP;SBRP;519,00;51
2003;7;TAM;SBGR;SBCT;333,00;47
2003;7;TAM;SBFL;SBSP;413,00;47
2003;7;TAM;SBGR;SBGL;458,00;68
2003;7;TAM;SBBR;SBBE;867,00;43
2003;7;TAM;SBRJ;SBBR;842,00;445
2003;7;TAM;SBBR;SBKP;588,00;39
2003;7;TAM;SBBH;SBRJ;378,00;183
2003;7;TAM;SBRJ;SBBR;709,00;228
2003;7;TAM;SBPA;SBGR;490,00;78
2003;7;TAM;SBBR;SBKP;863,00;73
2003;7;TAM;SBKP;SBPA;632,00;8
2003;7;TAM;SBCT;SBBH;420,00;66
2003;7;TAM;SBBE;SBBR;434,00;896
2003;7;TAM;SBBR;SBRJ;641,00;182
2003;7;TAM;SBGR;SBKP;180,00;6
2003;7;TAM;SBSP;SBGL;243,00;13
2003;7;TAM;SBFL;SBBR;738,00;33
2003;7;TAM;SBCT;SBBH;614,00;18
2003;7;TAM;SBCT;SBBH;743,00;16
2003;7;TAM;SBGR;SBFL;364,00;18
2003;7;TAM;SBKP;SBCT;232,00;627
2003;7;TAM;SBFL;SBGR;413,00;14
2003;7;TAM;SBKP;SBBR;863,00;82
2003;7;TAM;SBFZ;SBBR;1007,00;42
2003;7;TAM;SBCT;SBBH;390,00;49
2003;7;TAM;SBBE;SBMQ;381,00;32
2003;7;TAM;SBSV;SBRF;1707,00;3
2003;7;TAM;SBCT;SBGL;442,00;35
2003;7;TAM;SBGL;SBPA;908,00;3
2003;7;TAM;SBBR;SBSV;705,00;57
2003;7;TAM;SBRJ;SBBH;328,00;495
2003;7;TAM;SBCT;SBPA;478,00;2
2003;7;TAM;SBFZ;SBRF;315,00;8
2003;7;TAM;SBUL;SBSP;403,00;2317
2003;7;TAM;SBBR;SBBH;306,00;2605
2003;7;TAM;SBRF;SBSV;1558,00;17
2003;7;TAM;SBCT;SBFL;501,00;354
2003;7;TAM;SBFL;SBGR;364,00;2
2003;7;TAM;SBBH;SBRJ;199,00;4041
2003;7;TAM;SBBR;SBRJ;418,00;3108
2003;7;TAM;SBBE;SBMQ;182,00;168
2003;7;TAM;SBKP;SBCT;254,00;152
2003;7;TAM;SBRF;SBFZ;477,00;56
2003;7;TAM;SBBH;SBBR;724,00;88
2003;7;TAM;SBSP;SBUL;727,00;50
2003;7;TAM;SBRJ;SBBH;529,00;54
2003;7;TAM;SBPA;SBKP;376,00;984
2003;7;TAM;SBBR;SBCT;499,00;1287
2003;7;TAM;SBRJ;SBVT;314,00;35
2003;7;TAM;SBSP;SBFL;364,00;32
2003;7;TAM;SBGL;SBSV;821,00;35
2003;7;TAM;SBKP;SBCT;487,00;105
2003;7;TAM;SBGO;SBBR;298,00;1
2003;7;TAM;SBFL;SBCT;834,00;5
2003;7;TAM;SBPA;SBFL;259,00;57
2003;7;TAM;SBSV;SBGL;899,00;2
2003;7;TAM;SBSV;SBGR;691,00;132
2003;7;TAM;SBFL;SBSP;668,00;32
2003;7;TAM;SBSP;SBPS;639,00;26
2003;7;TAM;SBBR;SBGO;220,00;42
2003;7;TAM;SBFL;SBPA;191,00;1
2003;7;TAM;SBPA;SBGR;422,00;515
2003;7;TAM;SBCT;SBGL;618,00;22
2003;7;TAM;SBBE;SBBR;513,00;82
2003;7;TAM;SBBR;SBGR;418,00;865
2003;7;TAM;SBGR;SBCT;299,00;881
2003;7;TAM;SBBR;SBCT;677,00;70
2003;7;TAM;SBSP;SBGO;660,00;78
2003;7;TAM;SBBR;SBBE;958,00;18
2003;7;TAM;SBBR;SBGO;194,00;95
2003;7;TAM;SBFL;SBPA;494,00;18
2003;7;TAM;SBRJ;SBBR;641,00;235
2003;7;TAM;SBSP;SBBR;743,00;70
2003;7;TAM;SBPA;SBFL;339,00;10
2003;7;TAM;SBGR;SBPA;816,00;72
2003;7;TAM;SBCT;SBGL;383,00;50
2003;7;TAM;SBGL;SBRF;709,00;171
2003;7;TAM;SBUL;SBSP;463,00;266
2003;7;TAM;SBSP;SBGO;534,00;83
2003;7;TAM;SBCT;SBSP;333,00;1142
2003;7;TAM;SBVT;SBRJ;314,00;74
2003;7;TAM;SBBR;SBRJ;842,00;362
2003;7;TAM;SBRF;SBSV;1855,00;37
2003;7;TAM;SBBH;SBSP;681,00;116
2003;7;TAM;SBBR;SBKP;727,00;40
2003;7;TAM;SBPA;SBKP;499,00;40
2003;7;TAM;SBCT;SBKP;372,00;45
2003;7;TAM;SBBE;SBMQ;133,00;3550
2003;7;TAM;SBBH;SBCT;390,00;33
2003;7;TAM;SBGR;SBBR;679,00;42
2003;7;TAM;SBSV;SBGL;459,00;2260
2003;7;TAM;SBGR;SBCF;365,00;41
2003;7;TAM;SBGL;SBPA;449,00;2000
2003;7;TAM;SBSP;SBPA;556,00;367
2003;7;TAM;SBFL;SBGR;316,00;34
2003;7;TAM;SBBE;SBBR;1137,00;44
2003;7;TAM;SBBR;SBFZ;726,00;691
2003;7;TAM;SBCT;SBGR;372,00;30
2003;7;TAM;SBSV;SBBR;928,00;123
2003;7;TAM;SBSP;SBGO;865,00;43
2003;7;TAM;SBBR;SBSP;917,00;252
2003;7;TAM;SBBR;SBGR;614,00;13
2003;7;TAM;SBBR;SBBH;862,00;134
2003;7;TAM;SBRF;SBFZ;698,00;77
2003;7;TAM;SBSP;SBPA;422,00;4789
2003;7;TAM;SBSP;SBCT;450,00;26
2003;7;TAM;SBKP;SBBR;389,00;37
2003;7;TAM;SBFZ;SBRF;365,00;151
2003;7;TAM;SBGL;SBPA;750,00;9
2003;7;TAM;SBBE;SBBR;776,00;20
2003;7;TAM;SBKP;SBCT;411,00;49
2003;7;TAM;SBFL;SBBR;912,00;31
2003;7;TAM;SBGL;SBRF;1066,00;18
2003;7;TAM;SBGL;SBRF;964,00;10
2003;7;TAM;SBBR;SBBH;655,00;8
2003;7;TAM;SBSP;SBGL;350,00;100
2003;7;TAM;SBSV;SBBR;854,00;5
2003;7;TAM;SBFL;SBPA;299,00;12
2003;7;TAM;SBSP;SBVT;578,00;69
2003;7;TAM;SBGR;SBSV;967,00;70
2003;7;TAM;SBKP;SBPA;433,00;361
2003;7;TAM;SBFL;SBSP;364,00;16
2003;7;TAM;SBGR;SBFL;510,00;35
2003;7;TAM;SBSP;SBBH;365,00;522
2003;7;TAM;SBSP;SBPS;976,00;11
2003;7;TAM;SBBH;SBBR;793,00;12
2003;7;TAM;SBPS;SBSP;865,00;2
2003;7;TAM;SBCT;SBGR;450,00;3
2003;7;TAM;SBBR;SBGR;679,00;16
2003;7;TAM;SBBH;SBBR;586,00;104
2003;7;TAM;SBBR;SBCT;995,00;132
2003;7;TAM;SBMQ;SBBE;309,00;47
2003;7;TAM;SBBR;SBBE;776,00;31
2003;7;TAM;SBBR;SBSP;549,00;402
2003;7;TAM;SBRJ;SBBR;439,00;1554
2003;7;TAM;SBCT;SBFL;584,00;6
2003;7;TAM;SBFZ;SBRF;533,00;18
2003;7;TAM;SBGL;SBSV;459,00;2323
2003;7;TAM;SBSP;SBFL;461,00;5
2003;7;TAM;SBBR;SBFL;652,00;50
2003;7;TAM;SBFL;SBGR;234,00;277
2003;7;TAM;SBPS;SBSP;976,00;9
2003;7;TAM;SBCT;SBFL;834,00;15
2003;7;TAM;SBGO;SBSP;597,00;99
2003;7;TAM;SBRF;SBSV;1261,00;47
2003;7;TAM;SBCT;SBBH;679,00;33
2003;7;TAM;SBSP;SBBH;681,00;181
2003;7;TAM;SBPS;SBSP;579,00;63
2003;7;TAM;SBGR;SBPA;621,00;2
2003;7;TAM;SBGR;SBSV;1059,00;2
2003;7;TAM;SBGL;SBSV;664,00;48
2003;7;TAM;SBSP;SBFL;558,00;1
2003;7;TAM;SBBR;SBGR;485,00;52
2003;7;TAM;SBRJ;SBVT;209,00;48
2003;7;TAM;SBCT;SBBH;549,00;58
2003;7;TAM;SBGR;SBGL;423,00;3
2003;7;TAM;SBFL;SBPA;142,00;38
2003;7;TAM;SBPA;SBGL;671,00;36
2003;7;TAM;SBSP;SBBH;463,00;175
2003;7;TAM;SBGR;SBBR;614,00;27
2003;7;TAM;SBGR;SBPA;686,00;61
2003;7;TAM;SBBR;SBGO;324,00;53
2003;7;TAM;SBMQ;SBBE;454,00;55
2003;7;TAM;SBSP;SBUL;529,00;124
2003;7;TAM;SBBR;SBRJ;506,00;719
2003;7;TAM;SBKP;SBPA;499,00;79
2003;7;TAM;SBBE;SBMQ;204,00;46
2003;7;TAM;SBPA;SBCT;283,00;40
2003;7;TAM;SBSV;SBGR;967,00;68
2003;7;TAM;SBRJ;SBBH;428,00;159
2003;7;TAM;SBGL;SBBR;418,00;25
2003;7;TAM;SBBH;SBCT;341,00;1131
2003;7;TAM;SBSV;SBRF;965,00;215
2003;7;TAM;SBGR;SBBR;807,00;122
2003;7;TAM;SBUL;SBSP;529,00;135
2003;7;TAM;SBPA;SBKP;699,00;7
2003;7;TAM;SBCT;SBPA;252,00;98
2003;7;TAM;SBCT;SBKP;232,00;528
2003;7;TAM;SBSV;SBRF;256,00;967
2003;7;TAM;SBRF;SBSV;256,00;1122
2003;7;TAM;SBFZ;SBRF;645,00;5
2003;7;TAM;SBBH;SBBR;455,00;133
2003;7;TAM;SBGL;SBCT;736,00;56
2003;7;TAM;SBGO;SBSP;474,00;3027
2003;7;TAM;SBKP;SBPA;566,00;17
2003;7;TAM;SBRJ;SBBH;176,00;498
2003;7;TAM;SBSP;SBVT;820,00;45
2003;7;TAM;SBCT;SBBR;610,00;82
2003;7;TAM;SBGL;SBRF;1269,00;173
2003;7;TAM;SBBR;SBKP;657,00;31
2003;7;TAM;SBBR;SBKP;450,00;116
2003;7;TAM;SBFL;SBPA;128,00;768
2003;7;TAM;SBGR;SBCT;487,00;66
2003;7;TAM;SBPA;SBKP;566,00;16
2003;7;TAM;SBPA;SBFL;378,00;4
2003;7;TAM;SBFL;SBPA;418,00;24
2003;7;TAM;SBBR;SBRJ;439,00;1170
2003;7;TAM;SBBR;SBBE;513,00;36
2003;7;TAM;SBGL;SBGR;313,00;7
2003;7;TAM;SBCT;SBGR;411,00;37
2003;7;TAM;SBRF;SBGL;1167,00;1
2003;7;TAM;SBRJ;SBVT;397,00;9
2003;7;TAM;SBFL;SBCT;584,00;13
2003;7;TAM;SBGR;SBSV;783,00;54
2003;7;TAM;SBPA;SBGR;556,00;46
2003;7;TAM;SBPA;SBGR;621,00;24
2003;7;TAM;SBGL;SBGR;276,00;44
2003;7;TAM;SBSP;SBPS;499,00;463
2003;7;TAM;SBVT;SBSP;517,00;213
2003;7;TAM;SBSP;SBFL;234,00;2515
2003;7;TAM;SBFZ;SBRF;589,00;61
2003;7;TAM;SBGL;SBPA;513,00;142
2003;7;TAM;SBBR;SBFL;500,00;153
2003;7;TAM;SBGR;SBFL;316,00;13
2003;7;TAM;SBSP;SBFL;316,00;103
2003;7;TAM;SBCT;SBKP;450,00;52
2003;7;TAM;SBBR;SBCT;916,00;1
2003;7;TAM;SBRJ;SBVT;481,00;1
2003;7;TAM;SBGO;SBBR;246,00;18
2003;7;TAM;SBSV;SBRF;1261,00;46
2003;7;TAM;SBGL;SBPA;592,00;34
2003;7;TAM;SBBR;SBSV;557,00;41
2003;7;TAM;SBFL;SBBR;652,00;27
2003;7;TAM;SBFL;SBPA;339,00;13
2003;7;TAM;SBRF;SBSV;965,00;206
2003;7;TAM;SBBR;SBSP;679,00;256
2003;7;TAM;SBRF;SBFZ;280,00;6
2003;7;TAM;SBGL;SBSV;508,00;532
2003;7;TAM;SBGL;SBSV;586,00;146
2003;7;TAM;SBMQ;SBBE;418,00;19
2003;7;TAM;SBBH;SBSP;560,00;34
2003;7;TAM;SBGO;SBSP;534,00;256
2003;7;TAM;SBFL;SBSP;269,00;23
2003;7;TAM;SBGL;SBPA;671,00;19
2003;7;TAM;SBGL;SBSV;743,00;39
2003;7;TAM;SBBR;SBCT;560,00;253
2003;7;TAM;SBCT;SBPA;283,00;37
2003;7;TAM;SBBR;SBFL;999,00;2
2003;7;TAM;SBFL;SBSP;587,00;1
2003;7;TAM;SBGR;SBGL;313,00;42
2003;7;TAM;SBRF;SBFZ;589,00;26
2003;7;TAM;SBFL;SBSP;234,00;2577
2003;7;TAM;SBGR;SBBR;743,00;1
2003;7;TAM;SBRJ;SBVT;272,00;98
2003;7;TAM;SBRF;SBFZ;315,00;6
2003;7;TAM;SBRJ;SBBH;199,00;3965
2003;7;TAM;SBSP;SBGO;597,00;60
2003;7;TAM;SBGR;SBGL;386,00;31
2003;7;TAM;SBBR;SBSP;743,00;39
2003;7;TAM;SBSV;SBGL;586,00;180
2003;7;TAM;SBPS;SBSP;714,00;30
2003;7;TAM;SBGL;SBRF;863,00;28
2003;7;TAM;SBCF;SBGR;463,00;3
2003;7;TAM;SBGR;SBCF;512,00;25
2003;7;TAM;SBBR;SBBE;434,00;638
2003;7;TAM;SBBR;SBSV;928,00;132
2003;7;TAM;SBCT;SBSP;450,00;41
2003;7;TAM;SBVT;SBSP;456,00;369
2003;7;TAM;SBVT;SBRJ;235,00;30
2003;7;TAM;SBFL;SBBR;468,00;951
2003;7;TAM;SBBH;SBCT;614,00;34
2003;7;TAM;SBBE;SBBR;958,00;11
2003;7;TAM;SBGL;SBGR;350,00;5
2003;7;TAM;SBGR;SBPA;556,00;26
2003;7;TAM;SBRF;SBFZ;645,00;6
2003;7;TAM;SBCT;SBKP;333,00;40
2003;7;TAM;SBRF;SBFZ;217,00;259
2003;7;TAM;SBRF;SBSV;310,00;17
2003;7;TAM;SBGL;SBSV;899,00;4
2003;7;TAM;SBVT;SBRJ;209,00;41
2003;7;TAM;SBBH;SBBR;655,00;94
2003;7;TAM;SBPA;SBCT;528,00;23
2003;7;TAM;SBPA;SBFL;494,00;28
2003;7;TAM;SBBE;SBMQ;345,00;11
2003;7;TAM;SBBR;SBFZ;911,00;28
2003;7;TAM;SBPA;SBGL;750,00;30
2003;7;TAM;SBGO;SBSP;723,00;51
2003;7;TAM;SBMQ;SBBE;159,00;1220
2003;7;TAM;SBCT;SBPA;428,00;21
2003;7;TAM;SBGL;SBCT;442,00;20
2003;7;TAM;SBSV;SBRF;276,00;283
2003;7;TAM;SBPA;SBCT;209,00;1736
2003;7;TAM;SBGR;SBSV;691,00;122
2003;7;TAM;SBPA;SBCT;478,00;2
2003;7;TAM;SBRJ;SBBH;224,00;517
2003;7;TAM;SBSV;SBGL;508,00;380
2003;7;TAM;SBSP;SBPA;752,00;82
2003;7;TAM;SBSP;SBGO;474,00;3635
2003;7;TAM;SBKP;SBGR;215,00;5
2003;7;TAM;SBBR;SBBH;348,00;129
2003;7;TAM;SBSV;SBGR;783,00;56
2003;7;TAM;SBPS;SBSP;499,00;538
2003;7;TAM;SBSV;SBGL;821,00;67
2003;7;TAM;SBRJ;SBBH;580,00;22
2003;7;TAM;SBGL;SBCT;559,00;2
2003;7;TAM;SBVT;SBRJ;397,00;37
2003;7;TAM;SBRP;SBSP;363,00;1941
2003;7;TAM;SBGO;SBSP;865,00;61
2003;7;TAM;SBRJ;SBBH;630,00;155
2003;7;TAM;SBFL;SBGR;510,00;26
2003;7;TAM;SBGL;SBCT;331,00;9
2003;7;TAM;SBSP;SBBR;614,00;282
2003;7;TAM;SBSV;SBRF;1855,00;26
2003;7;TAM;SBPA;SBSP;752,00;94
2003;7;TAM;SBVT;SBRJ;356,00;48
2003;7;TAM;SBBR;SBGL;439,00;9
2003;7;TAM;SBFL;SBBR;999,00;2
2003;7;TAM;SBRJ;SBSP;423,00;6
2003;7;TAM;SBPA;SBGR;752,00;8
2003;7;TAM;SBMQ;SBBE;133,00;3245
2003;7;TAM;SBRF;SBGL;709,00;100
2003;7;TAM;SBSP;SBFL;510,00;122
2003;7;TAM;SBGL;SBCT;304,00;735
2003;7;TAM;SBSV;SBBR;631,00;77
2003;7;TAM;SBSV;SBGR;875,00;10
2003;7;TAM;SBSP;SBPS;579,00;76
2003;7;TAM;SBGO;SBBR;194,00;113
2003;7;TAM;SBGL;SBCT;500,00;9
2003;7;TAM;SBSP;SBFL;413,00;32
2003;7;TAM;SBSP;SBPA;686,00;304
2003;7;TAM;SBVT;SBRJ;521,00;79
2003;7;TAM;SBKP;SBPA;376,00;805
2003;7;TAM;SBSV;SBBR;557,00;81
2003;7;TAM;SBBR;SBSP;418,00;10210
2003;7;TAM;SBKP;SBCT;333,00;70
2003;7;TAM;SBFL;SBSP;510,00;133
2003;7;TAM;SBBE;SBMQ;236,00;168
2003;7;TAM;SBSP;SBRP;396,00;235
2003;7;TAM;SBKP;SBCT;293,00;58
2003;7;TAM;SBRJ;SBSP;458,00;1420
2003;7;TAM;SBKP;SBBR;450,00;137
2003;7;TAM;SBMQ;SBBE;381,00;56
2003;7;TAM;SBPA;SBGR;686,00;76
2003;7;TAM;SBBE;SBMQ;309,00;24
2003;7;TAM;SBGO;SBSP;660,00;126
2003;7;TAM;SBSP;SBVT;456,00;325
2003;7;TAM;SBSV;SBBR;705,00;22
2003;7;TAM;SBSP;SBGL;386,00;17
2003;7;TAM;SBBR;SBRJ;574,00;254
2003;7;TAM;SBPS;SBSP;790,00;50
2003;7;TAM;SBCT;SBBR;995,00;183
2003;7;TAM;SBFZ;SBRF;477,00;68
2003;7;TAM;SBSP;SBBH;414,00;352
2003;7;TAM;SBPA;SBSP;686,00;395
2003;7;TAM;SBFZ;SBBR;726,00;459
2003;7;TAM;SBBR;SBFL;468,00;1405
2003;7;TAM;SBGL;SBGR;458,00;49
2003;7;TAM;SBBR;SBBH;517,00;18
2003;7;TAM;SBSP;SBBR;679,00;335
2003;7;TAM;SBGR;SBCF;318,00;456
2003;7;TAM;SBSP;SBBR;917,00;276
2003;7;TAM;SBBH;SBSP;512,00;228
2003;7;TAM;SBCF;SBGR;560,00;2
2003;7;TAM;SBRJ;SBVT;356,00;20
2003;7;TAM;SBBR;SBCT;757,00;60
2003;7;TAM;SBSP;SBPS;714,00;39
2003;7;TAM;SBFZ;SBRF;698,00;99
2003;7;TAM;SBPA;SBFL;418,00;29
2003;7;TAM;SBKP;SBGR;151,00;54
2003;7;TAM;SBVT;SBSP;578,00;180
2003;7;TAM;SBVT;SBSP;699,00;30
2003;7;TAM;SBBR;SBGR;807,00;99
2003;7;TAM;SBGR;SBBR;549,00;55
2003;7;TAM;SBPA;SBCT;327,00;144
2003;7;TAM;SBRF;SBSV;1113,00;28
2003;7;TAM;SBCF;SBGR;365,00;27
2003;7;TAM;SBCT;SBKP;411,00;48
2003;7;TAM;SBCT;SBGR;487,00;169
2003;7;TAM;SBSV;SBRF;1558,00;11
2003;7;TAM;SBGL;SBPA;829,00;19
2003;7;TAM;SBCT;SBBH;485,00;83
2003;7;TAM;SBCT;SBGL;304,00;672
2003;7;TAM;SBBE;SBMQ;272,00;62
2003;7;TAM;SBSV;SBBR;780,00;33
2003;7;TAM;SBBR;SBFL;738,00;42
2003;7;TAM;SBCT;SBGL;331,00;22
2003;7;TAM;SBBR;SBKP;796,00;8
2003;7;TAM;SBFZ;SBBR;911,00;20
2003;7;TAM;SBSP;SBPA;621,00;204
2003;7;TAM;SBPA;SBGL;592,00;70
2003;7;TAM;SBGL;SBBR;842,00;6
2003;7;TAM;SBCT;SBKP;487,00;193
2003;7;TAM;SBKP;SBGR;180,00;9
2003;7;TAM;SBPA;SBCT;377,00;37
2003;7;TAM;SBRJ;SBSP;299,00;22599
2003;7;TAM;SBBR;SBFL;912,00;54
2003;7;TAM;SBGR;SBSV;875,00;16
2003;7;TAM;SBFZ;SBRF;280,00;6
2003;7;TAM;SBBR;SBFZ;1199,00;328
2003;7;TAM;SBSP;SBFL;587,00;1
2003;7;TAM;SBVT;SBSP;639,00;142
2003;7;TAM;SBPA;SBCT;627,00;107
2003;7;TAM;SBSP;SBUL;463,00;193
2003;7;TAM;SBRF;SBGL;761,00;90
2003;7;TAM;SBCT;SBPA;627,00;122
2003;7;TAM;SBSP;SBBR;485,00;1135
2003;7;TAM;SBBR;SBBH;724,00;28
2003;7;TAM;SBRF;SBGL;863,00;14
2003;7;TAM;SBSP;SBCT;372,00;178
2003;7;TAM;SBSP;SBBR;549,00;624
2003;7;TAM;SBRJ;SBBR;418,00;3137
2003;7;TAM;SBSP;SBRJ;299,00;18237
2003;7;TAM;SBRF;SBGL;1066,00;7
2003;7;TAM;SBSP;SBFL;668,00;29
2003;7;TAM;SBBR;SBGL;506,00;1
2003;7;TAM;SBCT;SBGR;333,00;102
2003;7;TAM;SBGO;SBBR;272,00;87
2003;7;TAM;SBPA;SBGR;816,00;147
2003;7;TAM;SBKP;SBBR;657,00;11
2003;7;TAM;SBVT;SBSP;820,00;135
2003;7;TAM;SBFZ;SBRF;245,00;83
2003;7;TAM;SBSP;SBRJ;386,00;444
2003;7;TAM;SBCF;SBGR;318,00;559
2003;7;TAM;SBBH;SBBR;348,00;138
2003;7;TAM;SBFL;SBBR;500,00;514
2003;7;TAM;SBPS;SBSP;639,00;9
2003;7;TAM;SBGL;SBRF;761,00;81
2003;7;TAM;SBBR;SBGO;272,00;58
2003;7;TAM;SBGR;SBPA;422,00;526
2003;7;TAM;SBPA;SBGL;513,00;161
2003;7;TAM;SBBR;SBSV;484,00;1021
2003;7;TAM;SBBE;SBBR;593,00;84
2003;7;TAM;SBRF;SBSV;276,00;313
2003;7;TAM;SBGL;SBPA;982,00;160
2003;7;TAM;SBFL;SBSP;461,00;15
2003;7;TAM;SBCF;SBGR;512,00;31
2003;7;TAM;SBUL;SBSP;595,00;28
2003;7;TAM;SBSP;SBPA;858,00;249
2003;7;TAM;SBCT;SBGR;299,00;1269
2003;7;TAM;SBBR;SBBH;401,00;78
2003;7;TAM;SBBH;SBCT;549,00;57
2003;7;TAM;SBSV;SBBR;484,00;1013
2003;7;TAM;SBFL;SBBR;1085,00;130
2003;7;TAM;SBPA;SBSP;858,00;186
2003;7;TAM;SBCT;SBBR;677,00;79
2003;7;TAM;SBPA;SBSP;621,00;351
2003;7;TAM;SBFL;SBPA;259,00;39
2003;7;TAM;SBBR;SBBE;456,00;52
2003;7;TAM;SBFZ;SBRF;421,00;55
2003;7;TAM;SBBR;SBSP;485,00;1488
2003;7;TAM;SBPA;SBFL;142,00;22
2003;7;TAM;SBSP;SBBH;512,00;332
2003;7;TAM;SBRJ;SBBR;506,00;544
2003;7;TAM;SBGR;SBCF;606,00;113
2003;7;TAM;SBBR;SBFL;1085,00;150
2003;7;TAM;SBBH;SBCT;420,00;86
2003;7;TAM;SBCT;SBBR;757,00;43
2003;7;TAM;SBGL;SBGR;386,00;10
2003;7;TAM;SBCT;SBPA;377,00;41
2003;7;TAM;SBBE;SBMQ;454,00;30
2003;7;TAM;SBPA;SBCT;428,00;18
2003;7;TAM;SBBH;SBRJ;529,00;53
2003;7;TAM;SBPA;SBFL;299,00;18
2003;7;TAM;SBBR;SBFZ;1007,00;38
2003;7;TAM;SBMQ;SBBE;182,00;413
2003;7;TAM;SBSP;SBBH;318,00;8308
2003;7;TAM;SBCT;SBBH;341,00;888
2003;7;TAM;SBSP;SBVT;699,00;15
2003;7;TAM;SBBE;SBBR;685,00;11
2003;7;TAM;SBRF;SBFZ;421,00;45
2003;7;TAM;SBGR;SBSV;603,00;2680
2003;7;TAM;SBBR;SBSV;854,00;1
2003;7;TAM;SBGR;SBBR;418,00;872
2003;7;TAM;SBSP;SBRJ;423,00;1
2003;7;TAM;SBPA;SBCT;252,00;96
2003;7;TAM;SBPA;SBFL;128,00;777
2003;7;TAM;SBBH;SBRJ;630,00;208
2003;7;TAM;SBBH;SBSP;414,00;261
2003;7;TAM;SBSP;SBVT;639,00;97
2003;7;TAM;SBSP;SBPA;490,00;763
2003;7;TAM;SBGO;SBBR;220,00;36
2003;7;TAM;SBSV;SBGL;743,00;50
2003;7;TAM;SBBH;SBBR;517,00;82
2003;7;TAM;SBVT;SBSP;399,00;3106
2003;7;TAM;SBKP;SBCT;372,00;70
2003;7;TAM;SBBH;SBRJ;428,00;104
2003;7;TAM;SBSP;SBRJ;458,00;893
2003;7;TAM;SBCT;SBPA;327,00;157
2003;7;TAM;SBCT;SBGL;677,00;3
2003;7;TAM;SBPA;SBGL;449,00;2142
2003;7;TAM;SBSP;SBCT;513,00;154
2003;7;TAM;SBGR;SBKP;215,00;3
2003;7;TAM;SBFL;SBBR;565,00;97
2003;7;TAM;SBPA;SBGL;908,00;6
2003;7;TAM;SBGL;SBCT;677,00;3
2003;7;TAM;SBCT;SBSP;372,00;286
2003;7;TAM;SBSP;SBCT;411,00;253
2003;7;TAM;SBBR;SBKP;305,00;1003
2003;7;TAM;SBRF;SBFZ;365,00;78
2003;7;TAM;SBBE;SBBR;456,00;46
2003;7;TAM;SBKP;SBBR;727,00;18
2003;7;TAM;SBFL;SBGR;269,00;34
2003;7;TAM;SBSP;SBCT;333,00;739
2003;7;TAM;SBRF;SBGL;1269,00;196
2003;7;TAM;SBRJ;SBVT;439,00;22
2003;7;TAM;SBCT;SBBH;807,00;244
2003;7;TAM;SBGR;SBGL;350,00;15
2003;7;TAM;SBSV;SBRF;310,00;13
2003;7;TAM;SBSP;SBGO;723,00;3
2003;7;TAM;SBGL;SBCT;618,00;13
2003;7;TAM;SBGL;SBSP;386,00;6
2003;7;TAM;SBGR;SBCF;463,00;4
2003;7;TAM;SBVT;SBRJ;439,00;33
2003;7;TAM;SBBH;SBBR;862,00;174
2003;7;TAM;SBRF;SBGL;964,00;8
2003;7;TAM;SBCT;SBBR;560,00;169
2003;7;TAM;SBCT;SBGL;736,00;67
2003;7;TAM;SBCT;SBPA;528,00;20
2003;7;TAM;SBSP;SBGL;276,00;5
2003;7;TAM;SBBH;SBRJ;580,00;5
2003;7;TAM;SBBR;SBFZ;815,00;81
2003;7;TAM;SBGR;SBGL;243,00;300
2003;7;TAM;SBCF;SBGR;414,00;17
2003;7;TAM;SBKP;SBCT;450,00;66
2003;7;TAM;SBBH;SBSP;318,00;8790
2003;7;TAM;SBSV;SBGR;1149,00;529
2003;7;TAM;SBKP;SBBR;305,00;961
2003;7;TAM;SBBH;SBSP;365,00;370
2003;7;TAM;SBGR;SBKP;151,00;22
2003;7;TAM;SBBR;SBBE;593,00;310
2003;7;TAM;SBSV;SBGL;977,00;324
2003;7;TAM;SBBH;SBSP;463,00;179
2003;7;TAM;SBBR;SBFL;565,00;204
2003;7;TAM;SBBR;SBBH;793,00;2
2003;7;TAM;SBGR;SBFL;607,00;31
2003;7;TAM;SBFZ;SBBR;1199,00;242
2003;7;TAM;SBBR;SBBH;586,00;29
2003;7;TAM;SBBH;SBCT;679,00;34
2003;7;TAM;SBBR;SBCT;610,00;74
2003;7;TAM;SBCF;SBGR;606,00;30
2003;7;TAM;SBGR;SBBR;485,00;76
2003;7;TAM;SBVT;SBRJ;272,00;153
2003;7;TAM;SBFL;SBPA;378,00;5
2003;7;TAM;SBKP;SBBR;588,00;27
2003;7;TAM;SBPA;SBSP;556,00;515
2003;7;TAM;SBGO;SBBR;164,00;1260
2003;7;TAM;SBGL;SBBR;439,00;1
2003;7;TAM;SBRJ;SBBR;574,00;284
2003;7;TAM;SBCT;SBPA;209,00;1686
2003;7;TAM;SBMQ;SBBE;236,00;176
2003;7;TAM;SBSP;SBCT;299,00;8108
2003;7;TAM;SBBR;SBGO;298,00;6
2003;7;TAM;SBBR;SBSV;631,00;58
2003;7;TAM;SBRF;SBFZ;533,00;10
2003;7;TAM;SBBR;SBBH;455,00;116
2003;7;TAM;SBRF;SBSV;1410,00;5
2003;7;TAM;SBCT;SBBR;916,00;4
2003;7;TAM;SBGR;SBFL;413,00;6
2003;7;TAM;SBBR;SBGL;574,00;3
2003;7;TAM;SBGR;SBSV;1149,00;515
2003;7;TAM;SBBH;SBCT;485,00;63
2003;7;TAM;SBGL;SBCT;383,00;48
2003;7;TAM;SBBH;SBCT;807,00;164
2003;7;TAM;SBGR;SBPA;490,00;38
2003;7;TAM;SBBR;SBFL;825,00;18
2003;7;TAM;SBKP;SBPA;699,00;14
2003;7;TAM;SBBR;SBSP;614,00;150
2003;7;TAM;SBSP;SBPS;790,00;49
2003;7;TAM;SBBR;SBGO;164,00;1028
2003;7;TAM;SBRJ;SBVT;176,00;2908
2003;7;TAM;SBUL;SBSP;727,00;36
2003;7;TAM;SBBE;SBMQ;418,00;5
2003;7;TAM;SBRF;SBFZ;245,00;102
2003;7;TAM;SBCT;SBGL;559,00;2
2003;7;TAM;SBPA;SBKP;832,00;99
2003;7;TAM;SBFL;SBSP;316,00;117
2003;7;TAM;SBBH;SBCT;743,00;4
2003;7;TAM;SBRJ;SBBR;776,00;40
2003;7;TAM;SBGR;SBCT;411,00;52
2003;7;TAM;SBPA;SBSP;422,00;4264
2003;7;TAM;SBBR;SBRJ;709,00;149
2003;7;TAM;SBBH;SBRJ;328,00;541
2003;7;TAM;SBMQ;SBBE;272,00;48
2003;7;TAM;SBPA;SBGL;982,00;202
2003;7;TAM;SBBR;SBRJ;776,00;8
2003;7;TAM;SBFZ;SBRF;217,00;240
2003;7;TAM;SBSP;SBFL;269,00;66
2003;7;TAM;SBKP;SBBR;519,00;58
2003;7;TAM;SBGL;SBGR;423,00;3
2003;7;TAM;SBRP;SBSP;434,00;39
2003;7;TAM;SBFZ;SBBR;815,00;58
2003;7;TAM;SBCT;SBGL;500,00;18
2003;7;TAM;SBRJ;SBSP;199,00;3375
2003;7;TAM;SBSV;SBGR;603,00;2353
2003;7;TAM;SBMQ;SBBE;345,00;62
2003;7;TAM;SBRJ;SBBH;479,00;77
2003;7;TAM;SBBH;SBRJ;224,00;322
2003;7;TAM;SBGL;SBSV;977,00;280
2003;7;TAM;SBGR;SBFL;234,00;113
2003;7;TAM;SBSP;SBRJ;199,00;2269
2003;7;TAM;SBBR;SBGL;418,00;55
2003;7;TAM;SBSP;SBUL;595,00;12
2003;7;TAM;SBRJ;SBVT;235,00;76
2003;7;TAM;SBVT;SBRJ;176,00;2782
2003;7;TAM;SBGR;SBGL;276,00;118
2003;7;VRG;SBRJ;SBKP;238,00;37
2003;7;VRG;SBCT;SBPA;283,00;216
2003;7;VRG;SBBH;SBKP;502,00;9
2003;7;VRG;SBGR;SBGL;386,00;33
2003;7;VRG;SBPA;SBBR;832,00;357
2003;7;VRG;SBGR;SBPA;422,00;3518
2003;7;VRG;SBCT;SBFL;184,00;23
2003;7;VRG;SBGO;SBBR;298,00;36
2003;7;VRG;SBVT;SBSP;399,00;2332
2003;7;VRG;SBFL;SBGL;742,00;17
2003;7;VRG;SBGL;SBSV;743,00;42
2003;7;VRG;SBCT;SBKP;254,00;54
2003;7;VRG;SBGL;SBCT;559,00;3
2003;7;VRG;SBRF;SBGL;1269,00;321
2003;7;VRG;SBRF;SBFZ;477,00;270
2003;7;VRG;SBBE;SBBR;456,00;67
2003;7;VRG;SBKP;SBBR;588,00;77
2003;7;VRG;SBFL;SBGR;273,00;251
2003;7;VRG;SBKP;SBBR;657,00;3
2003;7;VRG;SBSP;SBGO;534,00;306
2003;7;VRG;SBVT;SBRJ;209,00;218
2003;7;VRG;SBKP;SBBR;346,00;389
2003;7;VRG;SBFZ;SBBR;815,00;236
2003;7;VRG;SBBR;SBPA;734,00;215
2003;7;VRG;SBFL;SBPA;128,00;1239
2003;7;VRG;SBGR;SBPA;556,00;701
2003;7;VRG;SBSP;SBFL;243,00;135
2003;7;VRG;SBCT;SBFL;491,00;1
2003;7;VRG;SBKP;SBRJ;360,00;219
2003;7;VRG;SBPA;SBGL;592,00;130
2003;7;VRG;SBGL;SBGR;423,00;636
2003;7;VRG;SBPA;SBBR;550,00;134
2003;7;VRG;SBKP;SBCT;333,00;96
2003;7;VRG;SBRF;SBFZ;645,00;49
2003;7;VRG;SBFL;SBBR;489,00;140
2003;7;VRG;SBGL;SBBR;431,00;147
2003;7;VRG;SBSP;SBNF;343,00;163
2003;7;VRG;SBCT;SBKP;450,00;7
2003;7;VRG;SBSP;SBVT;679,00;485
2003;7;VRG;SBSV;SBGL;743,00;17
2003;7;VRG;SBMQ;SBBE;454,00;111
2003;7;VRG;SBBH;SBRJ;299,00;150
2003;7;VRG;SBBH;SBKP;140,00;85
2003;7;VRG;SBCT;SBGL;881,00;80
2003;7;VRG;SBGL;SBRF;761,00;258
2003;7;VRG;SBSV;SBRF;413,00;303
2003;7;VRG;SBRF;SBGL;1513,00;572
2003;7;VRG;SBFL;SBGR;728,00;14
2003;7;VRG;SBBH;SBKP;607,00;6
2003;7;VRG;SBBR;SBGL;776,00;191
2003;7;VRG;SBGR;SBPA;490,00;450
2003;7;VRG;SBRJ;SBBH;378,00;20
2003;7;VRG;SBRJ;SBCT;442,00;80
2003;7;VRG;SBBR;SBKP;389,00;60
2003;7;VRG;SBGL;SBCT;500,00;111
2003;7;VRG;SBSP;SBFL;316,00;217
2003;7;VRG;SBBR;SBBH;306,00;806
2003;7;VRG;SBSP;SBPS;639,00;37
2003;7;VRG;SBBR;SBBH;562,00;6
2003;7;VRG;SBKP;SBBR;865,00;50
2003;7;VRG;SBGR;SBFL;273,00;176
2003;7;VRG;SBPA;SBBR;1125,00;20
2003;7;VRG;SBBR;SBKP;657,00;1
2003;7;VRG;SBGL;SBRF;1513,00;537
2003;7;VRG;SBVT;SBRJ;176,00;2338
2003;7;VRG;SBCT;SBGL;618,00;2
2003;7;VRG;SBGR;SBFL;364,00;119
2003;7;VRG;SBRJ;SBVT;209,00;195
2003;7;VRG;SBPA;SBSP;422,00;6722
2003;7;VRG;SBSP;SBBH;463,00;68
2003;7;VRG;SBRP;SBSP;395,00;68
2003;7;VRG;SBBR;SBSV;855,00;48
2003;7;VRG;SBPA;SBBR;636,00;113
2003;7;VRG;SBSP;SBBH;365,00;577
2003;7;VRG;SBSP;SBPA;686,00;30
2003;7;VRG;SBBR;SBGO;194,00;128
2003;7;VRG;SBSP;SBPS;499,00;212
2003;7;VRG;SBEG;SBGR;1134,00;336
2003;7;VRG;SBGR;SBFL;510,00;8
2003;7;VRG;SBBR;SBPA;832,00;377
2003;7;VRG;SBSV;SBRF;579,00;4
2003;7;VRG;SBVT;SBSP;620,00;12
2003;7;VRG;SBUL;SBSP;529,00;2
2003;7;VRG;SBBR;SBRJ;776,00;105
2003;7;VRG;SBFL;SBSP;316,00;217
2003;7;VRG;SBBR;SBBH;615,00;18
2003;7;VRG;SBGL;SBCT;331,00;368
2003;7;VRG;SBGR;SBBR;970,00;166
2003;7;VRG;SBFZ;SBBR;1199,00;198
2003;7;VRG;SBRP;SBSP;472,00;97
2003;7;VRG;SBBH;SBRJ;418,00;5
2003;7;VRG;SBBH;SBKP;297,00;11
2003;7;VRG;SBFL;SBPA;224,00;97
2003;7;VRG;SBEG;SBGR;1668,00;560
2003;7;VRG;SBCT;SBGR;220,00;228
2003;7;VRG;SBSP;SBBH;318,00;5900
2003;7;VRG;SBSP;SBCT;450,00;126
2003;7;VRG;SBPA;SBCT;629,00;229
2003;7;VRG;SBRJ;SBBR;418,00;4580
2003;7;VRG;SBSP;SBGO;785,00;885
2003;7;VRG;SBSP;SBPA;752,00;154
2003;7;VRG;SBGR;SBEG;751,00;844
2003;7;VRG;SBSP;SBBR;485,00;995
2003;7;VRG;SBGR;SBFL;316,00;662
2003;7;VRG;SBGR;SBGL;276,00;371
2003;7;VRG;SBBR;SBSP;614,00;59
2003;7;VRG;SBEG;SBGR;1401,00;31
2003;7;VRG;SBBR;SBFZ;1103,00;20
2003;7;VRG;SBCT;SBGL;304,00;619
2003;7;VRG;SBKP;SBBH;554,00;1
2003;7;VRG;SBBR;SBRJ;709,00;19
2003;7;VRG;SBSP;SBNF;571,00;746
2003;7;VRG;SBGR;SBCF;318,00;1222
2003;7;VRG;SBCT;SBGL;677,00;46
2003;7;VRG;SBBR;SBGL;641,00;20
2003;7;VRG;SBGR;SBCF;609,00;354
2003;7;VRG;SBGL;SBPA;513,00;364
2003;7;VRG;SBFZ;SBRF;280,00;25
2003;7;VRG;SBSV;SBGR;1059,00;1510
2003;7;VRG;SBRJ;SBCT;677,00;29
2003;7;VRG;SBBR;SBFZ;911,00;16
2003;7;VRG;SBGL;SBCT;618,00;2
2003;7;VRG;SBBH;SBRJ;378,00;26
2003;7;VRG;SBRJ;SBKP;487,00;14
2003;7;VRG;SBSV;SBGL;1164,00;228
2003;7;VRG;SBCT;SBGR;411,00;31
2003;7;VRG;SBGL;SBBR;1013,00;342
2003;7;VRG;SBPA;SBBR;929,00;52
2003;7;VRG;SBRJ;SBBR;844,00;1641
2003;7;VRG;SBSP;SBBR;808,00;1972
2003;7;VRG;SBFZ;SBRF;477,00;357
2003;7;VRG;SBBE;SBBR;867,00;26
2003;7;VRG;SBGL;SBGR;386,00;47
2003;7;VRG;SBGL;SBFL;807,00;77
2003;7;VRG;SBCT;SBRJ;677,00;4
2003;7;VRG;SBUL;SBSP;727,00;132
2003;7;VRG;SBGR;SBPA;686,00;86
2003;7;VRG;SBCT;SBKP;372,00;8
2003;7;VRG;SBSP;SBRJ;199,00;6489
2003;7;VRG;SBBR;SBGR;418,00;883
2003;7;VRG;SBGR;SBFL;243,00;18
2003;7;VRG;SBCF;SBGR;414,00;232
2003;7;VRG;SBFL;SBBR;565,00;36
2003;7;VRG;SBRF;SBGL;567,00;134
2003;7;VRG;SBRJ;SBCT;304,00;259
2003;7;VRG;SBKP;SBCT;232,00;1013
2003;7;VRG;SBKP;SBBH;607,00;2
2003;7;VRG;SBGL;SBBR;709,00;8
2003;7;VRG;SBSV;SBGL;899,00;376
2003;7;VRG;SBGR;SBSV;967,00;29
2003;7;VRG;SBBR;SBBE;456,00;110
2003;7;VRG;SBRF;SBSV;276,00;98
2003;7;VRG;SBCT;SBGL;500,00;80
2003;7;VRG;SBBR;SBBH;401,00;311
2003;7;VRG;SBRF;SBFZ;280,00;30
2003;7;VRG;SBBR;SBKP;796,00;7
2003;7;VRG;SBBE;SBBR;958,00;6
2003;7;VRG;SBBR;SBGL;709,00;4
2003;7;VRG;SBGL;SBBR;439,00;683
2003;7;VRG;SBGR;SBEG;2002,00;566
2003;7;VRG;SBSP;SBCT;372,00;41
2003;7;VRG;SBVT;SBRJ;439,00;6
2003;7;VRG;SBBR;SBBH;669,00;405
2003;7;VRG;SBPA;SBGL;750,00;29
2003;7;VRG;SBRJ;SBCT;330,00;6
2003;7;VRG;SBSP;SBBH;414,00;1142
2003;7;VRG;SBBH;SBSP;560,00;213
2003;7;VRG;SBBR;SBSP;485,00;1106
2003;7;VRG;SBGO;SBSP;353,00;350
2003;7;VRG;SBBR;SBSP;549,00;1234
2003;7;VRG;SBSV;SBRF;689,00;331
2003;7;VRG;SBUL;SBSP;403,00;897
2003;7;VRG;SBVT;SBRJ;481,00;189
2003;7;VRG;SBPA;SBSP;368,00;367
2003;7;VRG;SBSP;SBFL;510,00;8
2003;7;VRG;SBCT;SBSP;333,00;564
2003;7;VRG;SBRF;SBSV;634,00;46
2003;7;VRG;SBCT;SBSP;411,00;12
2003;7;VRG;SBGR;SBEG;1001,00;696
2003;7;VRG;SBCT;SBPA;579,00;91
2003;7;VRG;SBGR;SBSV;1151,00;1545
2003;7;VRG;SBBH;SBSP;414,00;873
2003;7;VRG;SBFL;SBCT;286,00;39
2003;7;VRG;SBPA;SBGL;444,00;293
2003;7;VRG;SBSV;SBBR;929,00;172
2003;7;VRG;SBPA;SBFL;174,00;220
2003;7;VRG;SBSP;SBVT;443,00;383
2003;7;VRG;SBGL;SBSV;459,00;1705
2003;7;VRG;SBCT;SBKP;232,00;856
2003;7;VRG;SBFZ;SBBR;726,00;997
2003;7;VRG;SBSP;SBBH;274,00;370
2003;7;VRG;SBGR;SBFL;234,00;448
2003;7;VRG;SBGR;SBEG;1668,00;533
2003;7;VRG;SBBR;SBPA;636,00;183
2003;7;VRG;SBGO;SBBR;164,00;375
2003;7;VRG;SBUL;SBSP;293,00;18
2003;7;VRG;SBPA;SBGR;621,00;133
2003;7;VRG;SBFZ;SBBR;1103,00;70
2003;7;VRG;SBCT;SBPA;629,00;259
2003;7;VRG;SBFL;SBGR;413,00;115
2003;7;VRG;SBKP;SBBH;297,00;28
2003;7;VRG;SBBR;SBGL;439,00;734
2003;7;VRG;SBPS;SBSP;639,00;31
2003;7;VRG;SBBR;SBPA;550,00;77
2003;7;VRG;SBRJ;SBCT;734,00;59
2003;7;VRG;SBCT;SBGR;450,00;477
2003;7;VRG;SBSP;SBPS;423,00;128
2003;7;VRG;SBSV;SBGL;582,00;332
2003;7;VRG;SBBE;SBBR;776,00;259
2003;7;VRG;SBPA;SBGL;449,00;2486
2003;7;VRG;SBRJ;SBBR;506,00;835
2003;7;VRG;SBCT;SBKP;220,00;2
2003;7;VRG;SBKP;SBBR;399,00;91
2003;7;VRG;SBVT;SBSP;502,00;463
2003;7;VRG;SBFL;SBSP;234,00;1253
2003;7;VRG;SBRF;SBSV;256,00;1166
2003;7;VRG;SBBR;SBKP;588,00;75
2003;7;VRG;SBNF;SBSP;297,00;905
2003;7;VRG;SBGL;SBRF;964,00;39
2003;7;VRG;SBBR;SBFL;912,00;5
2003;7;VRG;SBCT;SBGL;559,00;9
2003;7;VRG;SBGR;SBEG;1268,00;36
2003;7;VRG;SBSP;SBRP;395,00;73
2003;7;VRG;SBRJ;SBCT;331,00;113
2003;7;VRG;SBBH;SBKP;343,00;326
2003;7;VRG;SBPS;SBSP;423,00;114
2003;7;VRG;SBFL;SBGL;484,00;41
2003;7;VRG;SBGR;SBGL;552,00;1399
2003;7;VRG;SBSP;SBPS;714,00;4
2003;7;VRG;SBGO;SBBR;246,00;1
2003;7;VRG;SBFL;SBSP;243,00;129
2003;7;VRG;SBBH;SBBR;306,00;430
2003;7;VRG;SBKP;SBRJ;317,00;1421
2003;7;VRG;SBFL;SBGR;316,00;486
2003;7;VRG;SBPA;SBSP;490,00;622
2003;7;VRG;SBGR;SBPA;752,00;1616
2003;7;VRG;SBPA;SBSP;752,00;120
2003;7;VRG;SBGL;SBPA;1184,00;651
2003;7;VRG;SBBE;SBMQ;133,00;783
2003;7;VRG;SBSV;SBBR;418,00;100
2003;7;VRG;SBMQ;SBBE;418,00;3
2003;7;VRG;SBPS;SBSP;940,00;44
2003;7;VRG;SBPA;SBBR;734,00;194
2003;7;VRG;SBRJ;SBVT;272,00;316
2003;7;VRG;SBSP;SBCT;299,00;5703
2003;7;VRG;SBGR;SBBR;808,00;581
2003;7;VRG;SBGL;SBPA;750,00;42
2003;7;VRG;SBGL;SBFL;613,00;3
2003;7;VRG;SBCT;SBKP;411,00;3
2003;7;VRG;SBFL;SBGR;364,00;101
2003;7;VRG;SBFL;SBBR;999,00;4
2003;7;VRG;SBSV;SBGR;691,00;490
2003;7;VRG;SBGL;SBSV;1164,00;283
2003;7;VRG;SBBR;SBGL;574,00;213
2003;7;VRG;SBCT;SBKP;333,00;65
2003;7;VRG;SBFZ;SBRF;701,00;186
2003;7;VRG;SBCT;SBGL;442,00;51
2003;7;VRG;SBFL;SBGL;968,00;66
2003;7;VRG;SBGL;SBSV;821,00;12
2003;7;VRG;SBPA;SBGR;980,00;1
2003;7;VRG;SBBH;SBBR;401,00;368
2003;7;VRG;SBFL;SBPA;339,00;80
2003;7;VRG;SBRJ;SBVT;314,00;84
2003;7;VRG;SBSV;SBRF;276,00;153
2003;7;VRG;SBSV;SBRF;310,00;340
2003;7;VRG;SBFZ;SBRF;645,00;67
2003;7;VRG;SBBH;SBKP;396,00;23
2003;7;VRG;SBBR;SBGR;808,00;544
2003;7;VRG;SBCF;SBGR;560,00;1165
2003;7;VRG;SBBR;SBFZ;1199,00;169
2003;7;VRG;SBGR;SBBR;549,00;382
2003;7;VRG;SBSP;SBFL;607,00;576
2003;7;VRG;SBBE;SBMQ;309,00;37
2003;7;VRG;SBCT;SBSP;450,00;92
2003;7;VRG;SBRJ;SBBH;339,00;306
2003;7;VRG;SBBH;SBSP;463,00;118
2003;7;VRG;SBPA;SBFL;498,00;197
2003;7;VRG;SBBR;SBRJ;506,00;638
2003;7;VRG;SBGR;SBSV;1059,00;2512
2003;7;VRG;SBGL;SBCT;736,00;192
2003;7;VRG;SBSP;SBGO;597,00;17
2003;7;VRG;SBBE;SBBR;1050,00;20
2003;7;VRG;SBRJ;SBVT;235,00;608
2003;7;VRG;SBPA;SBFL;128,00;1398
2003;7;VRG;SBSP;SBVT;724,00;577
2003;7;VRG;SBMQ;SBBE;309,00;63
2003;7;VRG;SBSP;SBCT;220,00;491
2003;7;VRG;SBFZ;SBRF;217,00;1255
2003;7;VRG;SBPS;SBSP;714,00;7
2003;7;VRG;SBRJ;SBBR;709,00;26
2003;7;VRG;SBEG;SBGR;1268,00;27
2003;7;VRG;SBPA;SBBR;1027,00;11
2003;7;VRG;SBFL;SBPA;259,00;83
2003;7;VRG;SBSP;SBPA;556,00;650
2003;7;VRG;SBFL;SBPA;598,00;98
2003;7;VRG;SBBH;SBBR;562,00;6
2003;7;VRG;SBKP;SBBH;502,00;3
2003;7;VRG;SBBH;SBKP;279,00;2
2003;7;VRG;SBGO;SBBR;194,00;116
2003;7;VRG;SBRF;SBGL;863,00;305
2003;7;VRG;SBRJ;SBBH;458,00;40
2003;7;VRG;SBKP;SBBR;450,00;162
2003;7;VRG;SBPA;SBCT;283,00;183
2003;7;VRG;SBKP;SBRJ;529,00;245
2003;7;VRG;SBPA;SBCT;252,00;19
2003;7;VRG;SBCT;SBSP;489,00;3056
2003;7;VRG;SBRJ;SBBH;299,00;128
2003;7;VRG;SBSP;SBBR;614,00;69
2003;7;VRG;SBSV;SBGL;459,00;2031
2003;7;VRG;SBVT;SBRJ;356,00;170
2003;7;VRG;SBGO;SBSP;659,00;9
2003;7;VRG;SBKP;SBCT;411,00;1
2003;7;VRG;SBGL;SBFL;678,00;1
2003;7;VRG;SBMQ;SBBE;381,00;2
2003;7;VRG;SBRJ;SBBH;498,00;1273
2003;7;VRG;SBGL;SBGR;460,00;6078
2003;7;VRG;SBGO;SBSP;785,00;510
2003;7;VRG;SBPA;SBGL;987,00;528
2003;7;VRG;SBBR;SBKP;519,00;90
2003;7;VRG;SBCF;SBGR;318,00;1459
2003;7;VRG;SBFL;SBGR;234,00;341
2003;7;VRG;SBRJ;SBBR;641,00;63
2003;7;VRG;SBSV;SBGR;783,00;559
2003;7;VRG;SBGO;SBBR;220,00;191
2003;7;VRG;SBMQ;SBBE;133,00;1011
2003;7;VRG;SBSP;SBNF;245,00;3084
2003;7;VRG;SBFL;SBGR;243,00;10
2003;7;VRG;SBFL;SBSP;510,00;2
2003;7;VRG;SBRJ;SBCT;559,00;1
2003;7;VRG;SBFL;SBSP;273,00;687
2003;7;VRG;SBFL;SBPA;418,00;1
2003;7;VRG;SBCT;SBGR;299,00;581
2003;7;VRG;SBKP;SBBH;396,00;10
2003;7;VRG;SBSV;SBRF;256,00;1333
2003;7;VRG;SBGL;SBPA;449,00;2085
2003;7;VRG;SBBH;SBSP;318,00;5721
2003;7;VRG;SBSP;SBVT;399,00;3306
2003;7;VRG;SBCT;SBSP;372,00;45
2003;7;VRG;SBGR;SBGL;243,00;2093
2003;7;VRG;SBBH;SBRJ;339,00;155
2003;7;VRG;SBSP;SBUL;727,00;114
2003;7;VRG;SBKP;SBBR;519,00;58
2003;7;VRG;SBBR;SBPA;1125,00;52
2003;7;VRG;SBBE;SBMQ;159,00;326
2003;7;VRG;SBGR;SBEG;1401,00;24
2003;7;VRG;SBSV;SBGR;875,00;53
2003;7;VRG;SBBR;SBBE;1050,00;29
2003;7;VRG;SBBR;SBSV;418,00;181
2003;7;VRG;SBGL;SBGR;313,00;872
2003;7;VRG;SBPA;SBGL;829,00;6
2003;7;VRG;SBBR;SBFL;468,00;87
2003;7;VRG;SBGR;SBEG;867,00;765
2003;7;VRG;SBFL;SBPA;174,00;93
2003;7;VRG;SBBR;SBGO;324,00;60
2003;7;VRG;SBFL;SBBR;869,00;2
2003;7;VRG;SBSV;SBBR;780,00;11
2003;7;VRG;SBEG;SBGR;867,00;825
2003;7;VRG;SBPA;SBSP;686,00;30
2003;7;VRG;SBGO;SBSP;722,00;1139
2003;7;VRG;SBCT;SBGL;330,00;92
2003;7;VRG;SBBR;SBPA;1223,00;305
2003;7;VRG;SBRJ;SBVT;176,00;2817
2003;7;VRG;SBGR;SBCF;414,00;217
2003;7;VRG;SBSP;SBUL;529,00;1
2003;7;VRG;SBKP;SBCT;489,00;181
2003;7;VRG;SBCT;SBRJ;383,00;38
2003;7;VRG;SBFL;SBBR;652,00;15
2003;7;VRG;SBUL;SBSP;463,00;14
2003;7;VRG;SBBH;SBRJ;199,00;217
2003;7;VRG;SBFZ;SBRF;245,00;417
2003;7;VRG;SBGR;SBPA;368,00;256
2003;7;VRG;SBRF;SBFZ;245,00;413
2003;7;VRG;SBFL;SBPA;299,00;12
2003;7;VRG;SBKP;SBRJ;487,00;35
2003;7;VRG;SBGR;SBBR;485,00;210
2003;7;VRG;SBSP;SBPA;621,00;51
2003;7;VRG;SBPA;SBFL;199,00;11
2003;7;VRG;SBGL;SBFL;484,00;39
2003;7;VRG;SBSP;SBCT;333,00;463
2003;7;VRG;SBGL;SBGR;243,00;3160
2003;7;VRG;SBGL;SBGR;276,00;456
2003;7;VRG;SBGL;SBSV;508,00;630
2003;7;VRG;SBBR;SBFZ;726,00;422
2003;7;VRG;SBBR;SBFL;738,00;26
2003;7;VRG;SBBH;SBBR;455,00;491
2003;7;VRG;SBBH;SBRJ;458,00;44
2003;7;VRG;SBGR;SBEG;1535,00;804
2003;7;VRG;SBBR;SBGR;614,00;53
2003;7;VRG;SBGL;SBRF;863,00;348
2003;7;VRG;SBSP;SBBR;679,00;54
2003;7;VRG;SBSP;SBPA;490,00;543
2003;7;VRG;SBNF;SBSP;525,00;118
2003;7;VRG;SBGL;SBSV;436,00;181
2003;7;VRG;SBBR;SBPA;1027,00;37
2003;7;VRG;SBPA;SBFL;458,00;112
2003;7;VRG;SBKP;SBBH;660,00;19
2003;7;VRG;SBSP;SBVT;502,00;748
2003;7;VRG;SBSP;SBFL;234,00;1431
2003;7;VRG;SBRF;SBFZ;589,00;1
2003;7;VRG;SBCT;SBFL;286,00;167
2003;7;VRG;SBSP;SBPA;817,00;1539
2003;7;VRG;SBSP;SBNF;525,00;143
2003;7;VRG;SBSV;SBGR;603,00;2410
2003;7;VRG;SBBR;SBFZ;539,00;117
2003;7;VRG;SBFL;SBSP;364,00;61
2003;7;VRG;SBNF;SBSP;245,00;2909
2003;7;VRG;SBCF;SBGR;609,00;298
2003;7;VRG;SBBR;SBGR;549,00;292
2003;7;VRG;SBCT;SBSP;299,00;5276
2003;7;VRG;SBSV;SBGR;1151,00;905
2003;7;VRG;SBGR;SBGL;598,00;32
2003;7;VRG;SBPA;SBBR;609,00;1366
2003;7;VRG;SBGR;SBBR;614,00;55
2003;7;VRG;SBGR;SBSV;603,00;2934
2003;7;VRG;SBSV;SBBR;632,00;306
2003;7;VRG;SBPA;SBGR;752,00;1785
2003;7;VRG;SBPA;SBSP;556,00;902
2003;7;VRG;SBGR;SBGL;207,00;77
2003;7;VRG;SBGL;SBFL;742,00;11
2003;7;VRG;SBGR;SBBR;743,00;1269
2003;7;VRG;SBGR;SBCF;560,00;1490
2003;7;VRG;SBRJ;SBKP;402,00;8
2003;7;VRG;SBGO;SBSP;474,00;1462
2003;7;VRG;SBGL;SBRF;1269,00;453
2003;7;VRG;SBRF;SBSV;579,00;7
2003;7;VRG;SBBH;SBBR;301,00;86
2003;7;VRG;SBPA;SBFL;299,00;15
2003;7;VRG;SBSV;SBGR;518,00;472
2003;7;VRG;SBFZ;SBRF;315,00;263
2003;7;VRG;SBBH;SBKP;264,00;26
2003;7;VRG;SBGR;SBSV;875,00;173
2003;7;VRG;SBRJ;SBCT;618,00;4
2003;7;VRG;SBRJ;SBCT;500,00;62
2003;7;VRG;SBRJ;SBVT;523,00;1031
2003;7;VRG;SBGR;SBFL;461,00;27
2003;7;VRG;SBBR;SBSV;706,00;84
2003;7;VRG;SBBR;SBBH;348,00;452
2003;7;VRG;SBMQ;SBBE;182,00;13
2003;7;VRG;SBKP;SBBH;449,00;25
2003;7;VRG;SBGL;SBSV;582,00;412
2003;7;VRG;SBGL;SBCT;677,00;85
2003;7;VRG;SBGL;SBRF;1066,00;7
2003;7;VRG;SBFZ;SBBR;1007,00;13
2003;7;VRG;SBSP;SBUL;293,00;20
2003;7;VRG;SBBR;SBBE;434,00;340
2003;7;VRG;SBGR;SBCT;489,00;532
2003;7;VRG;SBFZ;SBRF;589,00;5
2003;7;VRG;SBSP;SBPS;579,00;44
2003;7;VRG;SBRJ;SBBR;776,00;136
2003;7;VRG;SBFL;SBSP;607,00;604
2003;7;VRG;SBPA;SBGR;556,00;811
2003;7;VRG;SBSP;SBBH;609,00;2299
2003;7;VRG;SBGR;SBGL;423,00;453
2003;7;VRG;SBFL;SBSP;413,00;139
2003;7;VRG;SBRF;SBSV;310,00;171
2003;7;VRG;SBBE;SBMQ;540,00;23
2003;7;VRG;SBBR;SBPA;1468,00;150
2003;7;VRG;SBGR;SBFL;728,00;26
2003;7;VRG;SBSV;SBRF;469,00;287
2003;7;VRG;SBRJ;SBBR;574,00;878
2003;7;VRG;SBSV;SBGL;977,00;518
2003;7;VRG;SBRF;SBSV;358,00;273
2003;7;VRG;SBVT;SBSP;561,00;26
2003;7;VRG;SBBR;SBSP;808,00;2109
2003;7;VRG;SBEG;SBGR;2002,00;641
2003;7;VRG;SBEG;SBGR;1001,00;527
2003;7;VRG;SBCF;SBGR;463,00;95
2003;7;VRG;SBKP;SBBH;264,00;11
2003;7;VRG;SBBE;SBMQ;182,00;11
2003;7;VRG;SBVT;SBSP;724,00;486
2003;7;VRG;SBBR;SBRJ;431,00;85
2003;7;VRG;SBGL;SBBR;776,00;315
2003;7;VRG;SBPA;SBCT;209,00;983
2003;7;VRG;SBBR;SBGO;298,00;33
2003;7;VRG;SBBR;SBFZ;815,00;176
2003;7;VRG;SBRJ;SBBH;418,00;4
2003;7;VRG;SBCF;SBGR;731,00;80
2003;7;VRG;SBGR;SBEG;1134,00;454
2003;7;VRG;SBCF;SBGR;365,00;118
2003;7;VRG;SBBR;SBBE;685,00;175
2003;7;VRG;SBMQ;SBBE;540,00;6
2003;7;VRG;SBGL;SBGR;552,00;1639
2003;7;VRG;SBRF;SBFZ;217,00;1229
2003;7;VRG;SBEG;SBGR;701,00;2134
2003;7;VRG;SBCT;SBPA;377,00;46
2003;7;VRG;SBSP;SBFL;413,00;207
2003;7;VRG;SBRJ;SBBH;199,00;223
2003;7;VRG;SBBR;SBRJ;418,00;4743
2003;7;VRG;SBBR;SBFZ;1007,00;4
2003;7;VRG;SBPA;SBGL;908,00;167
2003;7;VRG;SBSV;SBBR;557,00;480
2003;7;VRG;SBBE;SBBR;1369,00;113
2003;7;VRG;SBBH;SBRJ;176,00;3264
2003;7;VRG;SBBR;SBBE;513,00;458
2003;7;VRG;SBRF;SBGL;1167,00;135
2003;7;VRG;SBSV;SBBR;484,00;1527
2003;7;VRG;SBCF;SBGR;512,00;23
2003;7;VRG;SBCT;SBFL;376,00;2
2003;7;VRG;SBRF;SBFZ;533,00;22
2003;7;VRG;SBFL;SBGL;432,00;305
2003;7;VRG;SBGL;SBSV;977,00;579
2003;7;VRG;SBGR;SBCT;333,00;286
2003;7;VRG;SBSP;SBRP;363,00;705
2003;7;VRG;SBCT;SBRJ;500,00;39
2003;7;VRG;SBGL;SBBR;418,00;1126
2003;7;VRG;SBSP;SBPS;940,00;38
2003;7;VRG;SBGL;SBCT;383,00;195
2003;7;VRG;SBFL;SBCT;409,00;2
2003;7;VRG;SBSP;SBCT;411,00;8
2003;7;VRG;SBRJ;SBVT;481,00;144
2003;7;VRG;SBNF;SBSP;434,00;35
2003;7;VRG;SBGL;SBPA;671,00;266
2003;7;VRG;SBBE;SBBR;513,00;418
2003;7;VRG;SBVT;SBSP;443,00;668
2003;7;VRG;SBCT;SBPA;528,00;1
2003;7;VRG;SBBR;SBRJ;844,00;2068
2003;7;VRG;SBGR;SBGL;350,00;66
2003;7;VRG;SBPA;SBFL;259,00;174
2003;7;VRG;SBBR;SBGR;743,00;1340
2003;7;VRG;SBGR;SBCT;372,00;20
2003;7;VRG;SBGR;SBCT;450,00;402
2003;7;VRG;SBSP;SBBR;743,00;281
2003;7;VRG;SBGL;SBBR;844,00;318
2003;7;VRG;SBPA;SBGR;817,00;1334
2003;7;VRG;SBKP;SBCT;293,00;238
2003;7;VRG;SBPS;SBSP;499,00;61
2003;7;VRG;SBKP;SBBH;231,00;9
2003;7;VRG;SBBR;SBBE;776,00;315
2003;7;VRG;SBSP;SBVT;326,00;94
2003;7;VRG;SBBE;SBMQ;204,00;27
2003;7;VRG;SBFL;SBBR;468,00;40
2003;7;VRG;SBSP;SBUL;463,00;7
2003;7;VRG;SBNF;SBSP;388,00;237
2003;7;VRG;SBRF;SBGL;635,00;1095
2003;7;VRG;SBBR;SBPA;609,00;1170
2003;7;VRG;SBFL;SBGR;510,00;4
2003;7;VRG;SBGL;SBFL;968,00;163
2003;7;VRG;SBGR;SBBR;418,00;698
2003;7;VRG;SBBR;SBFL;652,00;16
2003;7;VRG;SBSP;SBVT;620,00;29
2003;7;VRG;SBSV;SBBR;855,00;8
2003;7;VRG;SBSP;SBRP;472,00;171
2003;7;VRG;SBRJ;SBBR;439,00;2197
2003;7;VRG;SBPA;SBFL;598,00;48
2003;7;VRG;SBSP;SBNF;257,00;1652
2003;7;VRG;SBGL;SBRF;635,00;885
2003;7;VRG;SBBE;SBMQ;381,00;3
2003;7;VRG;SBGL;SBGR;598,00;32
2003;7;VRG;SBCT;SBGL;383,00;128
2003;7;VRG;SBFL;SBCT;344,00;1
2003;7;VRG;SBBR;SBBH;455,00;465
2003;7;VRG;SBRJ;SBKP;360,00;129
2003;7;VRG;SBGL;SBBR;506,00;240
2003;7;VRG;SBSP;SBFL;461,00;5
2003;7;VRG;SBGL;SBPA;592,00;145
2003;7;VRG;SBPA;SBSP;817,00;1342
2003;7;VRG;SBRJ;SBBR;431,00;77
2003;7;VRG;SBMQ;SBBE;272,00;38
2003;7;VRG;SBPA;SBBR;1468,00;135
2003;7;VRG;SBRJ;SBKP;529,00;190
2003;7;VRG;SBBH;SBKP;449,00;22
2003;7;VRG;SBBH;SBKP;660,00;28
2003;7;VRG;SBBR;SBFL;565,00;23
2003;7;VRG;SBGL;SBCT;330,00;110
2003;7;VRG;SBBR;SBFL;489,00;115
2003;7;VRG;SBBR;SBGR;364,00;13
2003;7;VRG;SBGL;SBPA;444,00;285
2003;7;VRG;SBRP;SBSP;363,00;660
2003;7;VRG;SBBE;SBMQ;272,00;19
2003;7;VRG;SBSP;SBGO;659,00;4
2003;7;VRG;SBSP;SBPS;865,00;80
2003;7;VRG;SBBR;SBGL;1013,00;275
2003;7;VRG;SBRF;SBFZ;315,00;171
2003;7;VRG;SBGR;SBCF;731,00;145
2003;7;VRG;SBCT;SBRJ;331,00;93
2003;7;VRG;SBBR;SBGO;164,00;298
2003;7;VRG;SBFL;SBCT;376,00;3
2003;7;VRG;SBFL;SBGR;607,00;184
2003;7;VRG;SBGR;SBCF;512,00;28
2003;7;VRG;SBGL;SBCT;442,00;211
2003;7;VRG;SBRF;SBSV;469,00;229
2003;7;VRG;SBMQ;SBBE;236,00;17
2003;7;VRG;SBSP;SBCT;489,00;2546
2003;7;VRG;SBBH;SBRJ;498,00;1265
2003;7;VRG;SBBR;SBSP;679,00;34
2003;7;VRG;SBRF;SBSV;413,00;286
2003;7;VRG;SBSP;SBGO;722,00;806
2003;7;VRG;SBPA;SBGR;490,00;431
2003;7;VRG;SBSP;SBNF;388,00;244
2003;7;VRG;SBSV;SBRF;827,00;3
2003;7;VRG;SBBH;SBBR;348,00;645
2003;7;VRG;SBGO;SBSP;597,00;9
2003;7;VRG;SBGO;SBBR;272,00;1
2003;7;VRG;SBVT;SBRJ;523,00;889
2003;7;VRG;SBFZ;SBRF;533,00;31
2003;7;VRG;SBGR;SBCT;220,00;192
2003;7;VRG;SBKP;SBBH;140,00;94
2003;7;VRG;SBGL;SBRF;1167,00;345
2003;7;VRG;SBKP;SBBR;796,00;4
2003;7;VRG;SBBR;SBBE;867,00;23
2003;7;VRG;SBMQ;SBBE;159,00;259
2003;7;VRG;SBFZ;SBRF;421,00;280
2003;7;VRG;SBBR;SBKP;865,00;52
2003;7;VRG;SBGR;SBFL;558,00;812
2003;7;VRG;SBSP;SBBR;418,00;6079
2003;7;VRG;SBBR;SBBE;1369,00;141
2003;7;VRG;SBBE;SBBR;434,00;473
2003;7;VRG;SBBR;SBBH;508,00;25
2003;7;VRG;SBGL;SBCT;881,00;116
2003;7;VRG;SBFL;SBPA;498,00;249
2003;7;VRG;SBBR;SBPA;929,00;89
2003;7;VRG;SBBR;SBGL;844,00;409
2003;7;VRG;SBPA;SBFL;224,00;71
2003;7;VRG;SBGR;SBSV;691,00;750
2003;7;VRG;SBVT;SBRJ;314,00;108
2003;7;VRG;SBCT;SBGR;587,00;1
2003;7;VRG;SBCT;SBGR;372,00;37
2003;7;VRG;SBSV;SBGL;508,00;593
2003;7;VRG;SBSP;SBBR;549,00;1510
2003;7;VRG;SBBH;SBSP;609,00;1783
2003;7;VRG;SBGO;SBBR;324,00;80
2003;7;VRG;SBRJ;SBBH;176,00;3070
2003;7;VRG;SBFZ;SBBR;911,00;36
2003;7;VRG;SBKP;SBBR;727,00;2
2003;7;VRG;SBCT;SBPA;428,00;100
2003;7;VRG;SBBR;SBSP;418,00;6224
2003;7;VRG;SBBH;SBSP;512,00;21
2003;7;VRG;SBGL;SBBR;641,00;18
2003;7;VRG;SBUL;SBSP;595,00;73
2003;7;VRG;SBBR;SBGR;485,00;187
2003;7;VRG;SBSP;SBFL;273,00;829
2003;7;VRG;SBSV;SBGL;436,00;182
2003;7;VRG;SBNF;SBSP;257,00;1556
2003;7;VRG;SBSP;SBFL;558,00;28
2003;7;VRG;SBGR;SBEG;701,00;2066
2003;7;VRG;SBBR;SBGL;418,00;1084
2003;7;VRG;SBBR;SBGL;431,00;85
2003;7;VRG;SBFL;SBGL;807,00;38
2003;7;VRG;SBSP;SBRJ;299,00;33711
2003;7;VRG;SBBR;SBFL;1303,00;5
2003;7;VRG;SBRF;SBGL;1066,00;9
2003;7;VRG;SBRJ;SBSP;199,00;5775
2003;7;VRG;SBBH;SBSP;365,00;553
2003;7;VRG;SBVT;SBRJ;272,00;412
2003;7;VRG;SBGL;SBRF;567,00;112
2003;7;VRG;SBBR;SBGO;220,00;165
2003;7;VRG;SBBH;SBKP;231,00;8
2003;7;VRG;SBCT;SBGR;489,00;423
2003;7;VRG;SBRJ;SBVT;356,00;112
2003;7;VRG;SBNF;SBSP;571,00;556
2003;7;VRG;SBCF;SBGR;274,00;32
2003;7;VRG;SBNF;SBSP;343,00;178
2003;7;VRG;SBGR;SBGL;313,00;714
2003;7;VRG;SBSV;SBGL;664,00;421
2003;7;VRG;SBFL;SBGR;461,00;12
2003;7;VRG;SBGL;SBCT;304,00;855
2003;7;VRG;SBPS;SBSP;865,00;112
2003;7;VRG;SBGL;SBPA;829,00;2
2003;7;VRG;SBSP;SBNF;480,00;9
2003;7;VRG;SBEG;SBGR;1535,00;993
2003;7;VRG;SBSV;SBRF;634,00;47
2003;7;VRG;SBKP;SBCT;220,00;4
2003;7;VRG;SBSP;SBGO;353,00;359
2003;7;VRG;SBRF;SBGL;761,00;288
2003;7;VRG;SBGR;SBCT;299,00;658
2003;7;VRG;SBBR;SBGO;246,00;5
2003;7;VRG;SBKP;SBCT;450,00;7
2003;7;VRG;SBCT;SBRJ;442,00;71
2003;7;VRG;SBSP;SBBH;512,00;32
2003;7;VRG;SBBR;SBFL;825,00;7
2003;7;VRG;SBBE;SBBR;1141,00;197
2003;7;VRG;SBRJ;SBBH;259,00;242
2003;7;VRG;SBCT;SBFL;409,00;49
2003;7;VRG;SBBH;SBBR;508,00;80
2003;7;VRG;SBKP;SBCT;372,00;4
2003;7;VRG;SBSP;SBNF;434,00;29
2003;7;VRG;SBGO;SBSP;534,00;478
2003;7;VRG;SBGR;SBGL;460,00;7713
2003;7;VRG;SBRF;SBSV;689,00;170
2003;7;VRG;SBRF;SBFZ;421,00;177
2003;7;VRG;SBRJ;SBVT;439,00;9
2003;7;VRG;SBKP;SBBH;343,00;318
2003;7;VRG;SBBR;SBSV;780,00;7
2003;7;VRG;SBPA;SBFL;339,00;55
2003;7;VRG;SBKP;SBBH;279,00;2
2003;7;VRG;SBPA;SBGR;686,00;88
2003;7;VRG;SBGR;SBSV;518,00;482
2003;7;VRG;SBGO;SBBR;146,00;173
2003;7;VRG;SBBR;SBSP;364,00;271
2003;7;VRG;SBBR;SBBH;301,00;86
2003;7;VRG;SBGR;SBFL;413,00;134
2003;7;VRG;SBSP;SBPA;368,00;517
2003;7;VRG;SBGL;SBSV;899,00;433
2003;7;VRG;SBCT;SBGL;736,00;122
2003;7;VRG;SBRJ;SBKP;317,00;1008
2003;7;VRG;SBGR;SBCF;463,00;43
2003;7;VRG;SBFL;SBSP;558,00;27
2003;7;VRG;SBFL;SBBR;1086,00;29
2003;7;VRG;SBVT;SBSP;326,00;100
2003;7;VRG;SBBR;SBSV;484,00;1841
2003;7;VRG;SBKP;SBRJ;444,00;6
2003;7;VRG;SBSV;SBBR;706,00;27
2003;7;VRG;SBRF;SBFZ;365,00;274
2003;7;VRG;SBCT;SBSP;220,00;563
2003;7;VRG;SBCT;SBGR;333,00;213
2003;7;VRG;SBSP;SBVT;561,00;72
2003;7;VRG;SBGL;SBPA;908,00;174
2003;7;VRG;SBSP;SBUL;403,00;1045
2003;7;VRG;SBGR;SBSV;1381,00;224
2003;7;VRG;SBFL;SBPA;458,00;82
2003;7;VRG;SBGR;SBFL;607,00;239
2003;7;VRG;SBSV;SBGR;967,00;38
2003;7;VRG;SBFL;SBSP;461,00;6
2003;7;VRG;SBKP;SBRJ;238,00;40
2003;7;VRG;SBFL;SBGL;363,00;54
2003;7;VRG;SBGL;SBSV;664,00;518
2003;7;VRG;SBSP;SBPA;422,00;6021
2003;7;VRG;SBCT;SBRJ;618,00;1
2003;7;VRG;SBKP;SBCT;254,00;72
2003;7;VRG;SBBR;SBSV;632,00;353
2003;7;VRG;SBGL;SBPA;987,00;607
2003;7;VRG;SBGR;SBPA;621,00;104
2003;7;VRG;SBBE;SBMQ;236,00;16
2003;7;VRG;SBPA;SBGR;422,00;3485
2003;7;VRG;SBKP;SBRJ;402,00;18
2003;7;VRG;SBSV;SBGR;1381,00;110
2003;7;VRG;SBPA;SBGL;671,00;188
2003;7;VRG;SBGL;SBFL;432,00;549
2003;7;VRG;SBBH;SBRJ;224,00;755
2003;7;VRG;SBPA;SBSP;621,00;50
2003;7;VRG;SBPA;SBGL;513,00;297
2003;7;VRG;SBGL;SBFL;363,00;144
2003;7;VRG;SBVT;SBRJ;397,00;7
2003;7;VRG;SBBR;SBFZ;1436,00;74
2003;7;VRG;SBCT;SBRJ;304,00;256
2003;7;VRG;SBBH;SBSP;274,00;381
2003;7;VRG;SBBH;SBRJ;259,00;190
2003;7;VRG;SBCT;SBGL;331,00;238
2003;7;VRG;SBBE;SBMQ;418,00;2
2003;7;VRG;SBFL;SBPA;199,00;13
2003;7;VRG;SBFL;SBGL;549,00;51
2003;7;VRG;SBRF;SBSV;524,00;29
2003;7;VRG;SBSV;SBRF;524,00;28
2003;7;VRG;SBPA;SBCT;478,00;6
2003;7;VRG;SBSP;SBFL;364,00;62
2003;7;VRG;SBCT;SBPA;478,00;2
2003;7;VRG;SBGL;SBGR;350,00;93
2003;7;VRG;SBCT;SBRJ;734,00;47
2003;7;VRG;SBEG;SBGR;751,00;828
2003;7;VRG;SBGR;SBPA;817,00;1711
2003;7;VRG;SBCT;SBRJ;559,00;1
2003;7;VRG;SBPA;SBFL;378,00;10
2003;7;VRG;SBRF;SBGL;964,00;25
2003;7;VRG;SBRJ;SBVT;397,00;11
2003;7;VRG;SBPA;SBCT;579,00;68
2003;7;VRG;SBBR;SBGL;506,00;170
2003;7;VRG;SBKP;SBBR;389,00;60
2003;7;VRG;SBFZ;SBRF;365,00;203
2003;7;VRG;SBBR;SBGO;146,00;93
2003;7;VRG;SBBR;SBFL;999,00;15
2003;7;VRG;SBGL;SBFL;549,00;49
2003;7;VRG;SBCT;SBKP;489,00;206
2003;7;VRG;SBGL;SBBR;574,00;257
2003;7;VRG;SBGL;SBGR;207,00;117
2003;7;VRG;SBCT;SBPA;327,00;215
2003;7;VRG;SBBE;SBBR;685,00;149
2003;7;VRG;SBPA;SBGR;368,00;434
2003;7;VRG;SBPA;SBGL;1184,00;699
2003;7;VRG;SBRJ;SBCT;383,00;40
2003;7;VRG;SBGR;SBBR;679,00;19
2003;7;VRG;SBPA;SBCT;428,00;107
2003;7;VRG;SBBH;SBBR;615,00;21
2003;7;VRG;SBCT;SBKP;293,00;160
2003;7;VRG;SBGR;SBCF;365,00;120
2003;7;VRG;SBSV;SBGL;821,00;7
2003;7;VRG;SBBH;SBBR;669,00;367
2003;7;VRG;SBFL;SBGR;558,00;726
2003;7;VRG;SBFL;SBGL;613,00;1
2003;7;VRG;SBBR;SBRJ;439,00;1533
2003;7;VRG;SBBR;SBSP;743,00;296
2003;7;VRG;SBPA;SBBR;1223,00;234
2003;7;VRG;SBBE;SBMQ;454,00;136
2003;7;VRG;SBFZ;SBBR;539,00;296
2003;7;VRG;SBBE;SBMQ;345,00;2
2003;7;VRG;SBNF;SBSP;480,00;13
2003;7;VRG;SBRF;SBFZ;701,00;263
2003;7;VRG;SBBR;SBBE;1141,00;340
2003;7;VRG;SBCT;SBPA;209,00;872
2003;7;VRG;SBPA;SBCT;377,00;49
2003;7;VRG;SBRJ;SBBH;224,00;786
2003;7;VRG;SBFL;SBBR;760,00;29
2003;7;VRG;SBGR;SBSV;783,00;746
2003;7;VRG;SBBR;SBSV;929,00;368
2003;7;VRG;SBBR;SBRJ;574,00;645
2003;7;VRG;SBGR;SBBR;364,00;22
2003;7;VRG;SBRJ;SBSP;299,00;35056
2003;7;VRG;SBSP;SBUL;595,00;116
2003;7;VRG;SBBR;SBKP;450,00;172
2003;7;VRG;SBSV;SBRF;358,00;433
2003;7;VRG;SBBR;SBFL;1086,00;27
2003;7;VRG;SBBR;SBGR;679,00;25
2003;7;VRG;SBBR;SBGR;970,00;159
2003;7;VRG;SBBR;SBRJ;641,00;59
2003;7;VRG;SBPA;SBCT;327,00;186
2003;7;VRG;SBBR;SBGO;272,00;2
2003;7;VRG;SBGR;SBCF;274,00;31
2003;7;VRG;SBBR;SBSV;557,00;732
2003;7;VRG;SBFZ;SBBR;1436,00;131
2003;7;VRG;SBSP;SBBR;364,00;421
2003;7;VRG;SBCT;SBRJ;330,00;1
2003;7;VRG;SBGR;SBCT;411,00;12
2003;7;VRG;SBFL;SBPA;378,00;3
2003;7;VRG;SBMQ;SBBE;204,00;15
2003;7;VRG;SBSP;SBNF;297,00;892
2003;7;VRG;SBCT;SBPA;252,00;13
2003;7;VRG;SBBR;SBBE;958,00;11
2003;7;VRG;SBVT;SBSP;679,00;385
2003;7;VRG;SBVT;SBRJ;235,00;691
2003;7;VRG;SBSP;SBBH;560,00;241
2003;7;VRG;SBSP;SBGO;474,00;1665
2003;7;VRG;SBPA;SBFL;418,00;1
2003;7;VSP;SBBH;SBSP;592,00;9
2003;7;VSP;SBGL;SBSV;734,00;5
2003;7;VSP;SBBR;SBSP;527,00;85
2003;7;VSP;SBSP;SBBR;689,00;5
2003;7;VSP;SBCT;SBSP;296,00;3
2003;7;VSP;SBBH;SBBR;327,00;124
2003;7;VSP;SBFZ;SBRF;443,00;53
2003;7;VSP;SBGL;SBPA;644,00;8
2003;7;VSP;SBSV;SBGL;359,00;272
2003;7;VSP;SBCF;SBGR;186,00;280
2003;7;VSP;SBCT;SBBR;449,00;20
2003;7;VSP;SBSV;SBBR;409,00;276
2003;7;VSP;SBBR;SBBH;260,00;643
2003;7;VSP;SBGL;SBGR;487,00;156
2003;7;VSP;SBGL;SBBR;260,00;1049
2003;7;VSP;SBBR;SBCF;424,00;5
2003;7;VSP;SBEG;SBGR;1678,00;19
2003;7;VSP;SBCF;SBBR;490,00;5
2003;7;VSP;SBBE;SBMQ;131,00;71
2003;7;VSP;SBGL;SBGR;317,00;64
2003;7;VSP;SBRF;SBFZ;409,00;262
2003;7;VSP;SBBE;SBMQ;453,00;62
2003;7;VSP;SBFZ;SBRF;199,00;304
2003;7;VSP;SBFZ;SBBR;601,00;63
2003;7;VSP;SBGR;SBFL;461,00;2
2003;7;VSP;SBBR;SBFL;644,00;17
2003;7;VSP;SBPA;SBBR;519,00;41
2003;7;VSP;SBGL;SBCT;237,00;634
2003;7;VSP;SBPA;SBBR;1229,00;8
2003;7;VSP;SBSP;SBCT;320,00;15
2003;7;VSP;SBRF;SBFZ;443,00;72
2003;7;VSP;SBFL;SBBR;697,00;1
2003;7;VSP;SBRF;SBSV;144,00;960
2003;7;VSP;SBCF;SBGR;237,00;69
2003;7;VSP;SBGR;SBFL;369,00;4
2003;7;VSP;SBRF;SBSV;219,00;214
2003;7;VSP;SBGR;SBGL;268,00;12
2003;7;VSP;SBFZ;SBRF;579,00;1
2003;7;VSP;SBMQ;SBBE;272,00;44
2003;7;VSP;SBBR;SBBH;424,00;20
2003;7;VSP;SBRF;SBFZ;681,00;106
2003;7;VSP;SBBR;SBPA;615,00;51
2003;7;VSP;SBCF;SBGR;385,00;8
2003;7;VSP;SBGL;SBCT;299,00;111
2003;7;VSP;SBCF;SBGR;326,00;3
2003;7;VSP;SBPA;SBSP;534,00;11
2003;7;VSP;SBPA;SBSP;616,00;2
2003;7;VSP;SBMQ;SBBE;103,00;1615
2003;7;VSP;SBSV;SBRF;219,00;308
2003;7;VSP;SBGR;SBEG;839,00;25
2003;7;VSP;SBFL;SBBR;644,00;11
2003;7;VSP;SBGR;SBBR;810,00;71
2003;7;VSP;SBGL;SBBR;496,00;192
2003;7;VSP;SBSV;SBGL;831,00;2
2003;7;VSP;SBBH;SBBR;490,00;4
2003;7;VSP;SBSP;SBBR;810,00;475
2003;7;VSP;SBGL;SBPA;991,00;47
2003;7;VSP;SBBH;SBBR;653,00;73
2003;7;VSP;SBPA;SBCT;378,00;1
2003;7;VSP;SBBR;SBKP;497,00;4
2003;7;VSP;SBBR;SBGL;260,00;987
2003;7;VSP;SBEG;SBGR;1007,00;9
2003;7;VSP;SBCT;SBPA;144,00;122
2003;7;VSP;SBGR;SBFL;308,00;96
2003;7;VSP;SBSV;SBGR;578,00;398
2003;7;VSP;SBKP;SBGL;309,00;29
2003;7;VSP;SBPA;SBGR;821,00;233
2003;7;VSP;SBGR;SBGL;249,00;783
2003;7;VSP;SBGR;SBEG;599,00;21
2003;7;VSP;SBSV;SBGL;636,00;85
2003;7;VSP;SBPA;SBCT;199,00;3
2003;7;VSP;SBSP;SBBR;608,00;32
2003;7;VSP;SBSV;SBRF;371,00;56
2003;7;VSP;SBCT;SBPA;630,00;25
2003;7;VSP;SBBR;SBGO;165,00;298
2003;7;VSP;SBBR;SBSV;588,00;93
2003;7;VSP;SBPA;SBCT;630,00;18
2003;7;VSP;SBSV;SBGL;489,00;1280
2003;7;VSP;SBSV;SBRF;144,00;683
2003;7;VSP;SBGL;SBSV;308,00;2303
2003;7;VSP;SBGR;SBCF;385,00;10
2003;7;VSP;SBRF;SBGL;823,00;37
2003;7;VSP;SBBR;SBGR;446,00;35
2003;7;VSP;SBSV;SBRF;438,00;12
2003;7;VSP;SBBR;SBCT;598,00;54
2003;7;VSP;SBSP;SBRJ;249,00;12248
2003;7;VSP;SBRF;SBFZ;169,00;1534
2003;7;VSP;SBPA;SBGL;991,00;19
2003;7;VSP;SBBR;SBBH;653,00;63
2003;7;VSP;SBPA;SBCT;144,00;106
2003;7;VSP;SBSP;SBBR;319,00;965
2003;7;VSP;SBGR;SBBR;214,00;185
2003;7;VSP;SBBH;SBSP;186,00;1541
2003;7;VSP;SBRF;SBSV;184,00;788
2003;7;VSP;SBGR;SBCF;355,00;39
2003;7;VSP;SBGL;SBSV;587,00;258
2003;7;VSP;SBBE;SBBR;631,00;27
2003;7;VSP;SBGR;SBSV;751,00;94
2003;7;VSP;SBBR;SBKP;329,00;16
2003;7;VSP;SBSV;SBBR;904,00;122
2003;7;VSP;SBPA;SBGL;279,00;768
2003;7;VSP;SBBH;SBBR;260,00;778
2003;7;VSP;SBRF;SBFZ;375,00;135
2003;7;VSP;SBBR;SBCT;648,00;15
2003;7;VSP;SBBR;SBFZ;781,00;14
2003;7;VSP;SBBE;SBBR;415,00;48
2003;7;VSP;SBBR;SBPA;737,00;32
2003;7;VSP;SBCT;SBSP;237,00;351
2003;7;VSP;SBCF;SBBR;327,00;47
2003;7;VSP;SBPA;SBGR;299,00;604
2003;7;VSP;SBSV;SBRF;184,00;688
2003;7;VSP;SBEG;SBGR;839,00;31
2003;7;VSP;SBBR;SBFZ;1021,00;1
2003;7;VSP;SBBR;SBSP;369,00;333
2003;7;VSP;SBCT;SBPA;199,00;5
2003;7;VSP;SBEG;SBGR;1091,00;6
2003;7;VSP;SBFL;SBBR;404,00;60
2003;7;VSP;SBBR;SBFZ;1201,00;47
2003;7;VSP;SBBR;SBPA;469,00;153
2003;7;VSP;SBBH;SBSP;355,00;1
2003;7;VSP;SBRF;SBSV;506,00;8
2003;7;VSP;SBSV;SBGR;694,00;141
2003;7;VSP;SBFL;SBGR;189,00;77
2003;7;VSP;SBPA;SBCT;315,00;13
2003;7;VSP;SBBR;SBKP;455,00;3
2003;7;VSP;SBSP;SBCT;493,00;3
2003;7;VSP;SBBR;SBCT;499,00;133
2003;7;VSP;SBGL;SBRF;760,00;36
2003;7;VSP;SBBR;SBCT;748,00;1
2003;7;VSP;SBRF;SBFZ;199,00;242
2003;7;VSP;SBEG;SBGR;500,00;483
2003;7;VSP;SBBR;SBPA;1229,00;6
2003;7;VSP;SBBR;SBGR;810,00;121
2003;7;VSP;SBGO;SBBR;139,00;2164
2003;7;VSP;SBPA;SBGR;452,00;16
2003;7;VSP;SBGL;SBBR;620,00;5
2003;7;VSP;SBSP;SBCT;271,00;28
2003;7;VSP;SBBR;SBCT;847,00;1
2003;7;VSP;SBBE;SBBR;1147,00;47
2003;7;VSP;SBGR;SBCF;592,00;26
2003;7;VSP;SBFL;SBGR;338,00;13
2003;7;VSP;SBGL;SBSV;978,00;215
2003;7;VSP;SBFZ;SBRF;409,00;137
2003;7;VSP;SBMQ;SBBE;340,00;1
2003;7;VSP;SBGL;SBCT;357,00;211
2003;7;VSP;SBCT;SBSP;271,00;19
2003;7;VSP;SBCT;SBBR;648,00;8
2003;7;VSP;SBSP;SBPA;411,00;22
2003;7;VSP;SBGR;SBSV;1156,00;303
2003;7;VSP;SBBR;SBBH;327,00;80
2003;7;VSP;SBBH;SBBR;424,00;16
2003;7;VSP;SBCT;SBBR;352,00;150
2003;7;VSP;SBSV;SBBR;379,00;752
2003;7;VSP;SBGR;SBPA;452,00;16
2003;7;VSP;SBGR;SBFL;338,00;21
2003;7;VSP;SBSP;SBPA;821,00;3
2003;7;VSP;SBBR;SBKP;290,00;45
2003;7;VSP;SBGR;SBPA;821,00;158
2003;7;VSP;SBPA;SBGR;411,00;254
2003;7;VSP;SBBR;SBBE;330,00;1045
2003;7;VSP;SBBR;SBFL;537,00;29
2003;7;VSP;SBBR;SBGL;455,00;53
2003;7;VSP;SBGR;SBBR;319,00;29
2003;7;VSP;SBFZ;SBBR;569,00;312
2003;7;VSP;SBPA;SBBR;615,00;14
2003;7;VSP;SBBR;SBCT;352,00;112
2003;7;VSP;SBPA;SBBR;737,00;21
2003;7;VSP;SBBR;SBCF;653,00;22
2003;7;VSP;SBKP;SBGL;279,00;440
2003;7;VSP;SBBR;SBBE;415,00;96
2003;7;VSP;SBGL;SBRF;696,00;80
2003;7;VSP;SBGR;SBSV;983,00;1
2003;7;VSP;SBBR;SBCF;327,00;53
2003;7;VSP;SBGL;SBRF;556,00;1527
2003;7;VSP;SBBR;SBGO;248,00;6
2003;7;VSP;SBGL;SBPA;545,00;10
2003;7;VSP;SBSP;SBPA;534,00;13
2003;7;VSP;SBBR;SBSV;409,00;390
2003;7;VSP;SBGR;SBEG;1007,00;12
2003;7;VSP;SBGR;SBEG;1091,00;18
2003;7;VSP;SBBR;SBGL;827,00;243
2003;7;VSP;SBGR;SBGL;292,00;70
2003;7;VSP;SBBR;SBSP;405,00;295
2003;7;VSP;SBBR;SBSV;379,00;641
2003;7;VSP;SBGO;SBBR;330,00;128
2003;7;VSP;SBCT;SBBR;748,00;2
2003;7;VSP;SBBR;SBGL;299,00;862
2003;7;VSP;SBSP;SBPA;452,00;5
2003;7;VSP;SBRF;SBSV;404,00;53
2003;7;VSP;SBRF;SBFZ;252,00;82
2003;7;VSP;SBBR;SBGO;198,00;125
2003;7;VSP;SBBR;SBBE;1147,00;44
2003;7;VSP;SBGL;SBSV;489,00;1231
2003;7;VSP;SBPA;SBSP;299,00;38
2003;7;VSP;SBCF;SBBR;653,00;18
2003;7;VSP;SBGL;SBPA;329,00;43
2003;7;VSP;SBBR;SBFL;360,00;136
2003;7;VSP;SBBR;SBCT;997,00;25
2003;7;VSP;SBFL;SBGR;308,00;102
2003;7;VSP;SBGL;SBCT;428,00;34
2003;7;VSP;SBGL;SBPA;496,00;235
2003;7;VSP;SBGR;SBPA;493,00;33
2003;7;VSP;SBBR;SBCF;392,00;22
2003;7;VSP;SBBE;SBMQ;340,00;3
2003;7;VSP;SBBR;SBBE;746,00;28
2003;7;VSP;SBBR;SBBH;289,00;74
2003;7;VSP;SBFL;SBGR;369,00;6
2003;7;VSP;SBFL;SBBR;537,00;20
2003;7;VSP;SBCF;SBBR;359,00;1
2003;7;VSP;SBGR;SBFL;219,00;15
2003;7;VSP;SBGR;SBBR;405,00;24
2003;7;VSP;SBBE;SBMQ;294,00;11
2003;7;VSP;SBBR;SBGR;486,00;17
2003;7;VSP;SBSV;SBGL;978,00;213
2003;7;VSP;SBGR;SBPA;411,00;220
2003;7;VSP;SBGL;SBBR;538,00;53
2003;7;VSP;SBBR;SBKP;828,00;17
2003;7;VSP;SBSV;SBGL;538,00;237
2003;7;VSP;SBBE;SBMQ;227,00;72
2003;7;VSP;SBBR;SBFL;590,00;18
2003;7;VSP;SBFZ;SBBR;661,00;29
2003;7;VSP;SBKP;SBGL;335,00;5
2003;7;VSP;SBFZ;SBRF;681,00;172
2003;7;VSP;SBBR;SBSP;608,00;8
2003;7;VSP;SBSP;SBBR;214,00;1290
2003;7;VSP;SBRF;SBSV;438,00;23
2003;7;VSP;SBBR;SBFZ;661,00;23
2003;7;VSP;SBPA;SBGL;496,00;267
2003;7;VSP;SBBR;SBSV;497,00;402
2003;7;VSP;SBBR;SBFZ;569,00;280
2003;7;VSP;SBGL;SBPA;279,00;917
2003;7;VSP;SBGL;SBKP;386,00;1
2003;7;VSP;SBBR;SBGO;330,00;106
2003;7;VSP;SBBR;SBSP;446,00;133
2003;7;VSP;SBGL;SBGR;249,00;697
2003;7;VSP;SBFZ;SBRF;169,00;1332
2003;7;VSP;SBRF;SBFZ;511,00;12
2003;7;VSP;SBKP;SBBR;290,00;66
2003;7;VSP;SBGO;SBBR;281,00;3
2003;7;VSP;SBCF;SBGR;592,00;14
2003;7;VSP;SBEG;SBGR;923,00;8
2003;7;VSP;SBBR;SBGR;527,00;61
2003;7;VSP;SBBR;SBSV;542,00;132
2003;7;VSP;SBKP;SBBR;414,00;21
2003;7;VSP;SBGR;SBPA;266,00;1175
2003;7;VSP;SBMQ;SBBE;453,00;33
2003;7;VSP;SBGL;SBKP;309,00;13
2003;7;VSP;SBSV;SBGR;636,00;139
2003;7;VSP;SBBR;SBCT;548,00;13
2003;7;VSP;SBSV;SBBR;452,00;563
2003;7;VSP;SBSV;SBGL;734,00;13
2003;7;VSP;SBCT;SBPA;378,00;4
2003;7;VSP;SBGL;SBKP;279,00;418
2003;7;VSP;SBBR;SBGL;538,00;58
2003;7;VSP;SBBR;SBBE;631,00;38
2003;7;VSP;SBBR;SBGO;139,00;2179
2003;7;VSP;SBGR;SBCF;296,00;33
2003;7;VSP;SBBE;SBBR;746,00;18
2003;7;VSP;SBCT;SBBR;399,00;99
2003;7;VSP;SBMQ;SBBE;249,00;128
2003;7;VSP;SBGO;SBBR;248,00;7
2003;7;VSP;SBBR;SBGR;214,00;290
2003;7;VSP;SBGL;SBKP;335,00;8
2003;7;VSP;SBPA;SBBR;469,00;141
2003;7;VSP;SBBR;SBCF;359,00;10
2003;7;VSP;SBRF;SBFZ;579,00;5
2003;7;VSP;SBGO;SBBR;182,00;127
2003;7;VSP;SBBE;SBMQ;272,00;31
2003;7;VSP;SBSV;SBGR;379,00;401
2003;7;VSP;SBBR;SBKP;538,00;1
2003;7;VSP;SBBR;SBFL;1073,00;13
2003;7;VSP;SBPA;SBSP;821,00;5
2003;7;VSP;SBGR;SBSV;379,00;525
2003;7;VSP;SBBR;SBBE;860,00;3
2003;7;VSP;SBBR;SBSV;678,00;19
2003;7;VSP;SBCT;SBGL;357,00;181
2003;7;VSP;SBFL;SBBR;452,00;16
2003;7;VSP;SBGL;SBPA;595,00;1
2003;7;VSP;SBGL;SBBR;827,00;250
2003;7;VSP;SBGR;SBBR;446,00;41
2003;7;VSP;SBGL;SBSV;831,00;1
2003;7;VSP;SBFZ;SBRF;252,00;60
2003;7;VSP;SBBR;SBGL;496,00;131
2003;7;VSP;SBSV;SBGL;587,00;187
2003;7;VSP;SBPA;SBGL;545,00;7
2003;7;VSP;SBSP;SBBR;527,00;141
2003;7;VSP;SBPA;SBSP;452,00;7
2003;7;VSP;SBCF;SBBR;392,00;13
2003;7;VSP;SBGR;SBCF;237,00;239
2003;7;VSP;SBGL;SBCT;393,00;31
2003;7;VSP;SBPA;SBBR;676,00;4
2003;7;VSP;SBCT;SBGL;393,00;35
2003;7;VSP;SBCF;SBBR;289,00;1
2003;7;VSP;SBCT;SBGL;237,00;585
2003;7;VSP;SBKP;SBGL;515,00;17
2003;7;VSP;SBSV;SBRF;337,00;284
2003;7;VSP;SBRF;SBGL;556,00;863
2003;7;VSP;SBGR;SBGL;317,00;73
2003;7;VSP;SBPA;SBGR;266,00;1461
2003;7;VSP;SBCF;SBGR;355,00;44
2003;7;VSP;SBKP;SBGL;386,00;1
2003;7;VSP;SBFL;SBGR;400,00;14
2003;7;VSP;SBBR;SBGR;405,00;35
2003;7;VSP;SBBE;SBBR;574,00;77
2003;7;VSP;SBGL;SBGR;268,00;25
2003;7;VSP;SBSP;SBPA;299,00;44
2003;7;VSP;SBBR;SBKP;414,00;16
2003;7;VSP;SBCT;SBGL;536,00;1
2003;7;VSP;SBKP;SBBR;329,00;31
2003;7;VSP;SBRF;SBSV;674,00;86
2003;7;VSP;SBSV;SBBR;588,00;119
2003;7;VSP;SBSV;SBRF;404,00;55
2003;7;VSP;SBBH;SBSP;385,00;11
2003;7;VSP;SBBR;SBGO;281,00;5
2003;7;VSP;SBSP;SBBR;446,00;120
2003;7;VSP;SBGL;SBRF;823,00;25
2003;7;VSP;SBGR;SBSV;578,00;544
2003;7;VSP;SBBR;SBFZ;601,00;137
2003;7;VSP;SBSP;SBBH;186,00;1365
2003;7;VSP;SBPA;SBGL;595,00;9
2003;7;VSP;SBBR;SBGL;359,00;235
2003;7;VSP;SBGL;SBSV;636,00;91
2003;7;VSP;SBSP;SBPA;359,00;28
2003;7;VSP;SBSV;SBBR;497,00;327
2003;7;VSP;SBBR;SBCF;490,00;2
2003;7;VSP;SBBR;SBKP;250,00;96
2003;7;VSP;SBKP;SBBR;828,00;19
2003;7;VSP;SBCT;SBBR;847,00;5
2003;7;VSP;SBGR;SBGL;487,00;187
2003;7;VSP;SBGL;SBRF;1266,00;125
2003;7;VSP;SBSP;SBCT;237,00;367
2003;7;VSP;SBSP;SBPA;266,00;132
2003;7;VSP;SBSP;SBBR;369,00;387
2003;7;VSP;SBGR;SBBR;369,00;13
2003;7;VSP;SBBR;SBSP;810,00;284
2003;7;VSP;SBGL;SBRF;633,00;586
2003;7;VSP;SBSV;SBRF;506,00;5
2003;7;VSP;SBBR;SBPA;922,00;1
2003;7;VSP;SBBR;SBPA;569,00;72
2003;7;VSP;SBRF;SBGL;696,00;42
2003;7;VSP;SBGR;SBFL;615,00;97
2003;7;VSP;SBGO;SBBR;165,00;401
2003;7;VSP;SBMQ;SBBE;227,00;102
2003;7;VSP;SBBR;SBBH;392,00;90
2003;7;VSP;SBBR;SBFL;697,00;14
2003;7;VSP;SBGR;SBCF;186,00;317
2003;7;VSP;SBBR;SBCF;289,00;51
2003;7;VSP;SBPA;SBGR;493,00;103
2003;7;VSP;SBGR;SBSV;867,00;8
2003;7;VSP;SBBE;SBBR;330,00;853
2003;7;VSP;SBGL;SBBR;299,00;827
2003;7;VSP;SBGO;SBBR;215,00;28
2003;7;VSP;SBSP;SBBR;405,00;453
2003;7;VSP;SBSP;SBPA;616,00;6
2003;7;VSP;SBGR;SBSV;694,00;170
2003;7;VSP;SBRF;SBGL;760,00;53
2003;7;VSP;SBBR;SBPA;519,00;95
2003;7;VSP;SBRF;SBGL;1266,00;60
2003;7;VSP;SBCT;SBGL;299,00;139
2003;7;VSP;SBFL;SBBR;1073,00;21
2003;7;VSP;SBKP;SBBR;455,00;2
2003;7;VSP;SBGO;SBBR;198,00;100
2003;7;VSP;SBFZ;SBBR;781,00;13
2003;7;VSP;SBRF;SBFZ;341,00;354
2003;7;VSP;SBBE;SBMQ;103,00;1984
2003;7;VSP;SBBR;SBCT;449,00;39
2003;7;VSP;SBBR;SBFZ;721,00;11
2003;7;VSP;SBFZ;SBBR;721,00;10
2003;7;VSP;SBGR;SBEG;500,00;610
2003;7;VSP;SBBR;SBPA;676,00;9
2003;7;VSP;SBPA;SBGR;616,00;1
2003;7;VSP;SBGL;SBCT;714,00;50
2003;7;VSP;SBBR;SBCT;399,00;69
2003;7;VSP;SBBR;SBFZ;901,00;2
2003;7;VSP;SBSV;SBGL;308,00;2683
2003;7;VSP;SBRF;SBGL;950,00;2
2003;7;VSP;SBBR;SBGO;215,00;25
2003;7;VSP;SBSP;SBBH;296,00;28
2003;7;VSP;SBBR;SBGR;369,00;16
2003;7;VSP;SBGR;SBFL;400,00;12
2003;7;VSP;SBFZ;SBRF;511,00;4
2003;7;VSP;SBBR;SBGR;319,00;41
2003;7;VSP;SBCT;SBSP;493,00;4
2003;7;VSP;SBCT;SBBR;499,00;68
2003;7;VSP;SBBR;SBSP;214,00;771
2003;7;VSP;SBGR;SBBR;527,00;77
2003;7;VSP;SBGR;SBSV;636,00;141
2003;7;VSP;SBRF;SBSV;337,00;254
2003;7;VSP;SBGL;SBKP;515,00;15
2003;7;VSP;SBSP;SBCT;296,00;1
2003;7;VSP;SBSP;SBBR;486,00;579
2003;7;VSP;SBGR;SBPA;534,00;72
2003;7;VSP;SBFZ;SBRF;375,00;41
2003;7;VSP;SBCT;SBBR;997,00;36
2003;7;VSP;SBGL;SBBR;414,00;568
2003;7;VSP;SBSV;SBBR;678,00;35
2003;7;VSP;SBBH;SBSP;296,00;32
2003;7;VSP;SBPA;SBSP;266,00;127
2003;7;VSP;SBGR;SBCF;326,00;5
2003;7;VSP;SBBH;SBBR;555,00;1
2003;7;VSP;SBCT;SBBR;548,00;28
2003;7;VSP;SBPA;SBGL;329,00;83
2003;7;VSP;SBSV;SBBR;542,00;159
2003;7;VSP;SBBR;SBSP;319,00;587
2003;7;VSP;SBFL;SBGR;219,00;17
2003;7;VSP;SBCT;SBBR;598,00;49
2003;7;VSP;SBBR;SBGO;182,00;141
2003;7;VSP;SBSV;SBGR;983,00;12
2003;7;VSP;SBGL;SBSV;359,00;441
2003;7;VSP;SBGL;SBBR;455,00;162
2003;7;VSP;SBBE;SBMQ;249,00;42
2003;7;VSP;SBSV;SBRF;674,00;41
2003;7;VSP;SBPA;SBGR;359,00;176
2003;7;VSP;SBGR;SBSV;296,00;2451
2003;7;VSP;SBRJ;SBSP;249,00;12464
2003;7;VSP;SBSV;SBRF;573,00;2
2003;7;VSP;SBSV;SBGR;751,00;55
2003;7;VSP;SBSV;SBBR;768,00;5
2003;7;VSP;SBGR;SBEG;1259,00;5
2003;7;VSP;SBCT;SBGL;428,00;43
2003;7;VSP;SBGR;SBPA;359,00;73
2003;7;VSP;SBSV;SBGR;1156,00;341
2003;7;VSP;SBGL;SBGR;292,00;59
2003;7;VSP;SBBR;SBBH;359,00;46
2003;7;VSP;SBCF;SBBR;260,00;230
2003;7;VSP;SBBR;SBFL;452,00;28
2003;7;VSP;SBBR;SBGL;414,00;436
2003;7;VSP;SBPA;SBBR;799,00;3
2003;7;VSP;SBKP;SBBR;538,00;1
2003;7;VSP;SBGR;SBFL;159,00;613
2003;7;VSP;SBFL;SBBR;590,00;13
2003;7;VSP;SBSP;SBBH;592,00;15
2003;7;VSP;SBBR;SBPA;799,00;3
2003;7;VSP;SBCT;SBSP;320,00;18
2003;7;VSP;SBBR;SBSP;486,00;398
2003;7;VSP;SBBR;SBSV;904,00;134
2003;7;VSP;SBFZ;SBBR;1201,00;41
2003;7;VSP;SBBR;SBCF;260,00;248
2003;7;VSP;SBBR;SBFL;404,00;72
2003;7;VSP;SBPA;SBGR;534,00;67
2003;7;VSP;SBGR;SBEG;923,00;3
2003;7;VSP;SBKP;SBBR;250,00;89
2003;7;VSP;SBBR;SBSV;452,00;566
2003;7;VSP;SBGL;SBCT;464,00;18
2003;7;VSP;SBSV;SBGR;867,00;8
2003;7;VSP;SBCT;SBGL;464,00;14
2003;7;VSP;SBMQ;SBBE;294,00;10
2003;7;VSP;SBFL;SBGR;615,00;82
2003;7;VSP;SBRF;SBGL;633,00;263
2003;7;VSP;SBBR;SBGL;620,00;4
2003;7;VSP;SBPA;SBGL;644,00;12
2003;7;VSP;SBCF;SBGR;296,00;55
2003;7;VSP;SBFL;SBBR;360,00;184
2003;7;VSP;SBBH;SBBR;359,00;52
2003;7;VSP;SBCT;SBPA;249,00;1
2003;7;VSP;SBCF;SBBR;424,00;3
2003;7;VSP;SBGR;SBBR;486,00;7
2003;7;VSP;SBBR;SBBE;574,00;79
2003;7;VSP;SBBH;SBBR;289,00;94
2003;7;VSP;SBBE;SBBR;860,00;1
2003;7;VSP;SBPA;SBCT;410,00;2
2003;7;VSP;SBPA;SBSP;359,00;15
2003;7;VSP;SBRF;SBSV;371,00;48
2003;7;VSP;SBGL;SBSV;538,00;313
2003;7;VSP;SBMQ;SBBE;131,00;246
2003;7;VSP;SBGL;SBBR;359,00;306
2003;7;VSP;SBFL;SBGR;159,00;511
2003;7;VSP;SBCT;SBGL;714,00;61
2003;7;VSP;SBGR;SBFL;189,00;61
2003;7;VSP;SBBR;SBBE;688,00;38
2003;7;VSP;SBEG;SBGR;599,00;26
2003;7;VSP;SBPA;SBBR;569,00;9
2003;7;VSP;SBGR;SBEG;1678,00;28
2003;7;VSP;SBPA;SBSP;411,00;36
2003;7;VSP;SBBE;SBBR;688,00;27
2003;7;VSP;SBFZ;SBRF;341,00;242
2003;7;VSP;SBBH;SBBR;392,00;82
2003;7;VSP;SBSV;SBGR;296,00;2581
2003;7;VSP;SBGR;SBPA;299,00;328
