ANO;MES;EMPRESA;ORIGEM;DESTINO;TARIFA;ASSENTOS
2003;6;GLO;SBFZ;SBBR;612,62;113
2003;6;GLO;SBSP;SBFL;398,00;34
2003;6;GLO;SBVT;SBSP;169,76;84
2003;6;GLO;SBBR;SBGL;381,33;6
2003;6;GLO;SBSP;SBPA;327,25;3028
2003;6;GLO;SBCT;SBSP;278,98;126
2003;6;GLO;SBGL;SBBR;150,00;1
2003;6;GLO;SBFL;SBGL;322,23;175
2003;6;GLO;SBGO;SBSP;393,77;129
2003;6;GLO;SBBR;SBBH;503,00;1
2003;6;GLO;SBCT;SBBR;280,55;22
2003;6;GLO;SBPS;SBSP;251,91;41
2003;6;GLO;SBSP;SBNF;185,86;1658
2003;6;GLO;SBGL;SBSV;250,00;3
2003;6;GLO;SBRJ;SBSP;198,00;5
2003;6;GLO;SBKP;SBBH;161,50;2
2003;6;GLO;SBBH;SBBR;316,85;59
2003;6;GLO;SBPA;SBBR;329,74;1119
2003;6;GLO;SBPA;SBKP;177,97;376
2003;6;GLO;SBBR;SBBH;183,67;3
2003;6;GLO;SBFL;SBGL;340,00;1
2003;6;GLO;SBRJ;SBBH;167,98;437
2003;6;GLO;SBFL;SBGL;340,80;5
2003;6;GLO;SBPA;SBSP;107,14;7
2003;6;GLO;SBBH;SBKP;434,00;1
2003;6;GLO;SBFL;SBPA;118,34;2258
2003;6;GLO;SBBR;SBFZ;584,42;1259
2003;6;GLO;SBPA;SBBR;231,50;40
2003;6;GLO;SBRF;SBGL;669,43;14
2003;6;GLO;SBCT;SBGL;214,50;712
2003;6;GLO;SBCT;SBBH;123,55;964
2003;6;GLO;SBRF;SBGL;494,08;207
2003;6;GLO;SBBE;SBBR;334,28;59
2003;6;GLO;SBMQ;SBBE;113,31;275
2003;6;GLO;SBBR;SBFZ;382,44;27
2003;6;GLO;SBSP;SBBR;364,00;12
2003;6;GLO;SBBR;SBCT;294,49;952
2003;6;GLO;SBGL;SBRF;834,00;7
2003;6;GLO;SBPA;SBSP;299,64;4962
2003;6;GLO;SBBR;SBGL;314,00;3
2003;6;GLO;SBPA;SBGL;338,43;63
2003;6;GLO;SBRJ;SBBH;100,00;8
2003;6;GLO;SBRJ;SBKP;299,43;324
2003;6;GLO;SBSP;SBBR;241,08;13
2003;6;GLO;SBBR;SBPA;376,78;665
2003;6;GLO;SBSV;SBBR;413,67;66
2003;6;GLO;SBBR;SBBE;335,38;45
2003;6;GLO;SBFZ;SBRF;174,76;2292
2003;6;GLO;SBGL;SBSP;191,00;1
2003;6;GLO;SBBH;SBCT;206,50;2
2003;6;GLO;SBBR;SBGO;134,50;1
2003;6;GLO;SBRJ;SBCT;173,53;1530
2003;6;GLO;SBGL;SBSV;442,37;392
2003;6;GLO;SBCT;SBSP;170,75;12
2003;6;GLO;SBSV;SBGL;379,60;161
2003;6;GLO;SBFL;SBBR;177,00;58
2003;6;GLO;SBGL;SBCT;209,30;20
2003;6;GLO;SBBE;SBMQ;370,65;1
2003;6;GLO;SBRJ;SBBH;140,66;196
2003;6;GLO;SBRJ;SBSP;206,56;2997
2003;6;GLO;SBCT;SBPA;148,70;5101
2003;6;GLO;SBCT;SBGL;229,00;24
2003;6;GLO;SBVT;SBSP;254,00;15
2003;6;GLO;SBGL;SBRF;582,22;56
2003;6;GLO;SBRJ;SBKP;323,36;29
2003;6;GLO;SBSP;SBBH;402,00;23
2003;6;GLO;SBBH;SBCT;124,55;1012
2003;6;GLO;SBBH;SBSP;208,84;2057
2003;6;GLO;SBPS;SBSP;383,00;68
2003;6;GLO;SBRF;SBGL;564,96;12
2003;6;GLO;SBBR;SBGO;121,54;128
2003;6;GLO;SBNF;SBSP;317,00;2
2003;6;GLO;SBGL;SBPA;353,81;27
2003;6;GLO;SBBR;SBRJ;314,72;25
2003;6;GLO;SBGL;SBSV;600,70;40
2003;6;GLO;SBPA;SBBR;313,00;2
2003;6;GLO;SBKP;SBRJ;343,00;7
2003;6;GLO;SBRJ;SBKP;343,00;10
2003;6;GLO;SBGL;SBPA;408,50;1
2003;6;GLO;SBRJ;SBCT;229,00;69
2003;6;GLO;SBVT;SBSP;209,00;1612
2003;6;GLO;SBCT;SBPA;438,50;3
2003;6;GLO;SBBR;SBPA;641,00;16
2003;6;GLO;SBCT;SBBH;141,38;110
2003;6;GLO;SBSP;SBFL;193,72;3429
2003;6;GLO;SBFL;SBSP;245,94;358
2003;6;GLO;SBBR;SBSV;595,45;54
2003;6;GLO;SBRJ;SBSP;286,00;2
2003;6;GLO;SBGL;SBSV;542,61;150
2003;6;GLO;SBBH;SBCT;109,74;984
2003;6;GLO;SBSP;SBPA;510,00;4
2003;6;GLO;SBSP;SBBR;411,69;104
2003;6;GLO;SBRJ;SBFL;213,00;2
2003;6;GLO;SBKP;SBRJ;297,00;15
2003;6;GLO;SBPA;SBFL;121,00;2
2003;6;GLO;SBGL;SBPA;370,22;9
2003;6;GLO;SBRJ;SBBR;300,22;27
2003;6;GLO;SBBR;SBSV;337,64;152
2003;6;GLO;SBKP;SBBH;184,18;420
2003;6;GLO;SBBE;SBMQ;235,26;120
2003;6;GLO;SBBR;SBSP;288,97;3611
2003;6;GLO;SBKP;SBCT;217,73;64
2003;6;GLO;SBBH;SBBR;285,03;115
2003;6;GLO;SBCT;SBBH;183,00;20
2003;6;GLO;SBSP;SBBH;290,24;152
2003;6;GLO;SBRJ;SBFL;166,75;6
2003;6;GLO;SBKP;SBBR;241,79;54
2003;6;GLO;SBBR;SBFZ;528,01;35
2003;6;GLO;SBKP;SBBR;150,59;51
2003;6;GLO;SBFL;SBRJ;124,60;20
2003;6;GLO;SBFL;SBGL;500,25;4
2003;6;GLO;SBRJ;SBSP;159,53;4685
2003;6;GLO;SBCT;SBBR;292,56;852
2003;6;GLO;SBCT;SBBR;260,14;1180
2003;6;GLO;SBGL;SBSP;144,39;1154
2003;6;GLO;SBSP;SBGL;176,82;589
2003;6;GLO;SBGL;SBSV;357,12;251
2003;6;GLO;SBCT;SBBH;250,50;2
2003;6;GLO;SBSP;SBGL;107,00;2
2003;6;GLO;SBRF;SBFZ;177,35;308
2003;6;GLO;SBSP;SBRJ;179,43;7
2003;6;GLO;SBSP;SBGL;214,69;185
2003;6;GLO;SBPA;SBFL;104,88;2183
2003;6;GLO;SBGL;SBSV;424,75;55
2003;6;GLO;SBRF;SBFZ;216,66;2530
2003;6;GLO;SBBR;SBKP;149,57;69
2003;6;GLO;SBCT;SBSP;229,00;194
2003;6;GLO;SBRF;SBSV;228,84;308
2003;6;GLO;SBGO;SBSP;216,67;6
2003;6;GLO;SBVT;SBRJ;128,66;2854
2003;6;GLO;SBSP;SBVT;169,24;22
2003;6;GLO;SBPA;SBKP;308,48;69
2003;6;GLO;SBSV;SBGL;454,00;24
2003;6;GLO;SBSP;SBNF;164,17;6
2003;6;GLO;SBPA;SBCT;165,86;36
2003;6;GLO;SBBR;SBFL;241,98;63
2003;6;GLO;SBSP;SBCT;277,55;101
2003;6;GLO;SBRF;SBFZ;884,00;1
2003;6;GLO;SBPS;SBSP;331,04;370
2003;6;GLO;SBSP;SBBH;279,00;33
2003;6;GLO;SBBR;SBSP;563,00;1
2003;6;GLO;SBSV;SBBR;477,42;6
2003;6;GLO;SBSV;SBGL;437,51;310
2003;6;GLO;SBFL;SBRJ;192,56;40
2003;6;GLO;SBPA;SBBR;342,72;800
2003;6;GLO;SBPS;SBSP;155,60;6
2003;6;GLO;SBRJ;SBBR;378,67;3
2003;6;GLO;SBCT;SBBH;162,00;76
2003;6;GLO;SBCT;SBPA;138,00;88
2003;6;GLO;SBBR;SBFZ;546,08;171
2003;6;GLO;SBKP;SBRJ;412,00;2
2003;6;GLO;SBRF;SBGL;458,69;668
2003;6;GLO;SBGL;SBRF;208,33;6
2003;6;GLO;SBBH;SBRJ;141,34;215
2003;6;GLO;SBRJ;SBBR;298,00;141
2003;6;GLO;SBBR;SBCT;388,71;17
2003;6;GLO;SBRJ;SBSP;80,67;3
2003;6;GLO;SBBR;SBPA;516,75;8
2003;6;GLO;SBPS;SBSP;268,57;190
2003;6;GLO;SBRF;SBGL;352,00;11
2003;6;GLO;SBFL;SBBR;285,00;6
2003;6;GLO;SBPA;SBRJ;155,91;840
2003;6;GLO;SBBR;SBKP;184,00;16
2003;6;GLO;SBBR;SBRJ;323,13;540
2003;6;GLO;SBSP;SBGL;324,00;1
2003;6;GLO;SBBH;SBBR;193,00;6
2003;6;GLO;SBKP;SBBH;90,83;65
2003;6;GLO;SBSP;SBGL;266,00;7
2003;6;GLO;SBPA;SBGL;185,00;2
2003;6;GLO;SBGL;SBRF;361,54;13
2003;6;GLO;SBSP;SBGL;159,14;1180
2003;6;GLO;SBBH;SBSP;253,00;44
2003;6;GLO;SBGL;SBSP;293,00;3
2003;6;GLO;SBFZ;SBBR;497,99;34
2003;6;GLO;SBCT;SBBR;490,00;1
2003;6;GLO;SBSP;SBBR;501,00;3
2003;6;GLO;SBCT;SBSP;233,66;2990
2003;6;GLO;SBSV;SBRF;442,00;5
2003;6;GLO;SBBR;SBSP;150,00;5
2003;6;GLO;SBCT;SBPA;159,58;26
2003;6;GLO;SBGL;SBCT;200,70;597
2003;6;GLO;SBGL;SBSP;184,27;577
2003;6;GLO;SBPA;SBGL;296,53;219
2003;6;GLO;SBPA;SBSP;560,00;3
2003;6;GLO;SBBR;SBSP;323,35;929
2003;6;GLO;SBBH;SBRJ;147,14;3721
2003;6;GLO;SBBR;SBRJ;298,00;139
2003;6;GLO;SBCT;SBRJ;269,50;2
2003;6;GLO;SBRJ;SBBH;244,78;77
2003;6;GLO;SBCT;SBPA;378,00;4
2003;6;GLO;SBKP;SBCT;265,95;30
2003;6;GLO;SBRF;SBFZ;131,00;21
2003;6;GLO;SBFL;SBSP;305,47;135
2003;6;GLO;SBGL;SBSP;156,00;11
2003;6;GLO;SBGO;SBSP;473,08;20
2003;6;GLO;SBFL;SBRJ;160,60;1084
2003;6;GLO;SBSP;SBBH;171,00;4
2003;6;GLO;SBFZ;SBRF;131,00;22
2003;6;GLO;SBCT;SBBH;76,00;4
2003;6;GLO;SBBR;SBSV;605,00;13
2003;6;GLO;SBSV;SBGL;390,92;62
2003;6;GLO;SBCT;SBKP;191,00;44
2003;6;GLO;SBRJ;SBCT;151,21;1402
2003;6;GLO;SBSP;SBGL;156,00;11
2003;6;GLO;SBCT;SBBH;123,19;306
2003;6;GLO;SBSP;SBRJ;286,00;4
2003;6;GLO;SBSP;SBGL;100,00;27
2003;6;GLO;SBBR;SBRJ;338,03;166
2003;6;GLO;SBFL;SBPA;211,00;1
2003;6;GLO;SBBH;SBKP;164,38;8
2003;6;GLO;SBVT;SBRJ;346,00;2
2003;6;GLO;SBKP;SBBR;184,00;4
2003;6;GLO;SBSP;SBBR;453,80;20
2003;6;GLO;SBCT;SBPA;360,53;38
2003;6;GLO;SBFL;SBGL;275,59;185
2003;6;GLO;SBFZ;SBRF;209,00;18
2003;6;GLO;SBKP;SBBR;193,00;495
2003;6;GLO;SBKP;SBRJ;237,39;578
2003;6;GLO;SBFL;SBRJ;166,75;2
2003;6;GLO;SBSV;SBBR;564,36;11
2003;6;GLO;SBBR;SBCT;348,17;241
2003;6;GLO;SBBR;SBBE;471,50;3
2003;6;GLO;SBBH;SBRJ;281,00;17
2003;6;GLO;SBSV;SBGL;396,03;387
2003;6;GLO;SBVT;SBSP;403,00;3
2003;6;GLO;SBVT;SBRJ;142,00;213
2003;6;GLO;SBSP;SBCT;249,53;429
2003;6;GLO;SBGL;SBCT;367,24;12
2003;6;GLO;SBKP;SBBR;139,12;102
2003;6;GLO;SBCT;SBKP;206,29;63
2003;6;GLO;SBBR;SBSV;615,00;7
2003;6;GLO;SBGO;SBSP;342,00;135
2003;6;GLO;SBSP;SBCT;209,44;696
2003;6;GLO;SBRJ;SBSP;199,00;10
2003;6;GLO;SBVT;SBRJ;222,00;1
2003;6;GLO;SBCT;SBGL;244,03;115
2003;6;GLO;SBRJ;SBCT;210,00;9
2003;6;GLO;SBFL;SBPA;249,49;9
2003;6;GLO;SBPA;SBCT;234,00;1
2003;6;GLO;SBRF;SBFZ;826,00;6
2003;6;GLO;SBSP;SBVT;341,33;3
2003;6;GLO;SBRJ;SBPA;175,65;274
2003;6;GLO;SBRJ;SBBR;342,09;89
2003;6;GLO;SBCT;SBPA;551,00;3
2003;6;GLO;SBSV;SBGL;371,09;1434
2003;6;GLO;SBFZ;SBBR;216,22;1022
2003;6;GLO;SBRJ;SBFL;132,11;18
2003;6;GLO;SBGO;SBBR;137,98;88
2003;6;GLO;SBBH;SBBR;253,00;48
2003;6;GLO;SBRJ;SBPA;492,60;34
2003;6;GLO;SBCT;SBBH;113,50;40
2003;6;GLO;SBKP;SBPA;216,03;146
2003;6;GLO;SBRJ;SBKP;264,57;870
2003;6;GLO;SBKP;SBPA;75,00;2
2003;6;GLO;SBSP;SBNF;223,54;41
2003;6;GLO;SBPA;SBRJ;171,00;408
2003;6;GLO;SBSP;SBBR;334,78;856
2003;6;GLO;SBNF;SBSP;329,46;5
2003;6;GLO;SBGL;SBSP;100,00;31
2003;6;GLO;SBSP;SBFL;251,00;96
2003;6;GLO;SBPA;SBKP;225,27;1046
2003;6;GLO;SBGL;SBCT;305,45;11
2003;6;GLO;SBPS;SBSP;245,75;668
2003;6;GLO;SBKP;SBBH;181,67;138
2003;6;GLO;SBCT;SBSP;269,15;164
2003;6;GLO;SBBR;SBSP;252,01;2415
2003;6;GLO;SBSV;SBBR;385,34;1129
2003;6;GLO;SBSV;SBGL;484,41;104
2003;6;GLO;SBPA;SBBR;411,75;11
2003;6;GLO;SBKP;SBPA;289,56;3
2003;6;GLO;SBKP;SBBH;100,00;1
2003;6;GLO;SBBR;SBFL;508,00;3
2003;6;GLO;SBVT;SBSP;218,00;24
2003;6;GLO;SBKP;SBBH;179,00;2
2003;6;GLO;SBPA;SBCT;143,09;5130
2003;6;GLO;SBGO;SBBR;118,49;105
2003;6;GLO;SBPA;SBSP;532,29;35
2003;6;GLO;SBRJ;SBFL;75,00;6
2003;6;GLO;SBCT;SBBR;279,06;212
2003;6;GLO;SBGO;SBSP;711,00;4
2003;6;GLO;SBGL;SBCT;208,99;713
2003;6;GLO;SBSV;SBBR;605,00;8
2003;6;GLO;SBPA;SBSP;510,00;1
2003;6;GLO;SBBR;SBSV;312,18;22
2003;6;GLO;SBSV;SBGL;667,00;2
2003;6;GLO;SBBR;SBSV;526,52;31
2003;6;GLO;SBGO;SBSP;348,06;582
2003;6;GLO;SBBR;SBSV;367,04;977
2003;6;GLO;SBBR;SBBH;291,33;22
2003;6;GLO;SBGL;SBFL;331,80;25
2003;6;GLO;SBBR;SBKP;175,30;732
2003;6;GLO;SBRJ;SBBH;300,22;76
2003;6;GLO;SBBR;SBGO;132,00;19
2003;6;GLO;SBSP;SBBH;253,00;1
2003;6;GLO;SBBH;SBSP;230,41;334
2003;6;GLO;SBKP;SBBR;291,88;17
2003;6;GLO;SBCT;SBRJ;103,00;4
2003;6;GLO;SBSV;SBGL;524,17;90
2003;6;GLO;SBRJ;SBPA;259,50;12
2003;6;GLO;SBVT;SBSP;232,50;2
2003;6;GLO;SBPA;SBSP;333,27;647
2003;6;GLO;SBRJ;SBBR;504,69;35
2003;6;GLO;SBBR;SBRJ;416,00;17
2003;6;GLO;SBBH;SBSP;263,20;1272
2003;6;GLO;SBPA;SBFL;100,00;2
2003;6;GLO;SBBH;SBRJ;319,00;27
2003;6;GLO;SBSP;SBPA;473,85;26
2003;6;GLO;SBSP;SBBH;257,77;1243
2003;6;GLO;SBRJ;SBFL;160,25;1112
2003;6;GLO;SBPA;SBKP;309,09;40
2003;6;GLO;SBGL;SBSP;204,06;25
2003;6;GLO;SBRF;SBSV;290,49;19
2003;6;GLO;SBPA;SBGL;348,00;4
2003;6;GLO;SBBH;SBRJ;210,00;120
2003;6;GLO;SBRJ;SBPA;282,00;2
2003;6;GLO;SBRJ;SBCT;270,78;59
2003;6;GLO;SBPA;SBFL;92,89;401
2003;6;GLO;SBKP;SBRJ;334,80;55
2003;6;GLO;SBKP;SBBH;206,71;17
2003;6;GLO;SBSP;SBGO;392,51;158
2003;6;GLO;SBGL;SBBR;298,45;485
2003;6;GLO;SBSP;SBPS;187,67;15
2003;6;GLO;SBSP;SBPA;344,29;639
2003;6;GLO;SBKP;SBBH;434,00;1
2003;6;GLO;SBBR;SBFL;177,00;58
2003;6;GLO;SBKP;SBCT;176,52;343
2003;6;GLO;SBSP;SBPS;297,56;128
2003;6;GLO;SBKP;SBBH;190,33;398
2003;6;GLO;SBBR;SBSV;394,35;130
2003;6;GLO;SBGL;SBSP;173,00;7
2003;6;GLO;SBBR;SBBH;260,46;2122
2003;6;GLO;SBCT;SBPA;262,14;17
2003;6;GLO;SBRJ;SBVT;254,00;1
2003;6;GLO;SBBR;SBRJ;231,45;4286
2003;6;GLO;SBBR;SBKP;215,33;18
2003;6;GLO;SBRJ;SBKP;237,63;554
2003;6;GLO;SBGL;SBSV;397,74;81
2003;6;GLO;SBRJ;SBVT;173,06;222
2003;6;GLO;SBSP;SBPA;120,00;5
2003;6;GLO;SBBR;SBGL;512,00;17
2003;6;GLO;SBBR;SBGO;151,00;1
2003;6;GLO;SBRJ;SBPA;193,46;1451
2003;6;GLO;SBBR;SBSV;655,00;1
2003;6;GLO;SBGL;SBBR;265,59;545
2003;6;GLO;SBSV;SBRF;286,14;66
2003;6;GLO;SBRJ;SBKP;199,00;3
2003;6;GLO;SBRJ;SBKP;100,00;4
2003;6;GLO;SBCT;SBRJ;123,45;128
2003;6;GLO;SBBR;SBBE;334,73;564
2003;6;GLO;SBVT;SBSP;284,06;239
2003;6;GLO;SBSP;SBGL;247,81;241
2003;6;GLO;SBNF;SBSP;253,16;19
2003;6;GLO;SBFL;SBRJ;179,64;494
2003;6;GLO;SBMQ;SBBE;149,00;2
2003;6;GLO;SBSP;SBPA;334,76;746
2003;6;GLO;SBRJ;SBCT;190,62;304
2003;6;GLO;SBBR;SBSP;374,99;125
2003;6;GLO;SBPA;SBGL;408,50;3
2003;6;GLO;SBSP;SBCT;160,00;2
2003;6;GLO;SBFZ;SBBR;576,24;1157
2003;6;GLO;SBFL;SBGL;229,50;4
2003;6;GLO;SBSP;SBVT;168,34;1606
2003;6;GLO;SBSP;SBRJ;213,78;9
2003;6;GLO;SBRJ;SBFL;206,55;10
2003;6;GLO;SBBE;SBMQ;121,56;3491
2003;6;GLO;SBKP;SBBH;161,67;9
2003;6;GLO;SBBR;SBCT;641,25;12
2003;6;GLO;SBCT;SBGL;310,04;13
2003;6;GLO;SBBR;SBBE;384,19;81
2003;6;GLO;SBBH;SBSP;239,00;4103
2003;6;GLO;SBRF;SBSV;202,13;150
2003;6;GLO;SBKP;SBPA;296,80;5
2003;6;GLO;SBRF;SBGL;449,67;130
2003;6;GLO;SBSP;SBNF;313,09;3
2003;6;GLO;SBBR;SBGL;461,00;7
2003;6;GLO;SBKP;SBRJ;388,00;2
2003;6;GLO;SBBR;SBRJ;507,67;57
2003;6;GLO;SBSP;SBGL;144,79;1096
2003;6;GLO;SBSP;SBBR;303,05;3949
2003;6;GLO;SBFL;SBPA;178,00;1
2003;6;GLO;SBGL;SBFL;229,50;2
2003;6;GLO;SBFL;SBBR;153,41;44
2003;6;GLO;SBFL;SBRJ;229,50;16
2003;6;GLO;SBFZ;SBBR;685,00;1
2003;6;GLO;SBRJ;SBBR;285,20;4151
2003;6;GLO;SBBE;SBMQ;149,00;5
2003;6;GLO;SBVT;SBSP;167,04;2812
2003;6;GLO;SBBH;SBKP;183,05;526
2003;6;GLO;SBBR;SBCT;325,92;856
2003;6;GLO;SBKP;SBCT;228,29;565
2003;6;GLO;SBFL;SBPA;101,04;397
2003;6;GLO;SBBR;SBRJ;453,32;30
2003;6;GLO;SBGL;SBRF;557,39;178
2003;6;GLO;SBRJ;SBVT;142,00;233
2003;6;GLO;SBSP;SBGO;429,40;83
2003;6;GLO;SBPA;SBCT;275,60;18
2003;6;GLO;SBSP;SBCT;267,78;304
2003;6;GLO;SBCT;SBPA;150,00;4
2003;6;GLO;SBRF;SBGL;622,04;40
2003;6;GLO;SBSP;SBVT;201,50;2
2003;6;GLO;SBBH;SBCT;76,00;4
2003;6;GLO;SBSP;SBRJ;159,30;4787
2003;6;GLO;SBNF;SBSP;210,31;774
2003;6;GLO;SBCT;SBSP;323,00;3
2003;6;GLO;SBCT;SBSP;219,80;791
2003;6;GLO;SBCT;SBGL;258,23;11
2003;6;GLO;SBCT;SBBH;110,31;1226
2003;6;GLO;SBSP;SBBR;267,17;2143
2003;6;GLO;SBGO;SBSP;370,00;24
2003;6;GLO;SBSP;SBBR;298,25;333
2003;6;GLO;SBKP;SBPA;226,53;1204
2003;6;GLO;SBGL;SBSV;399,58;390
2003;6;GLO;SBPA;SBRJ;259,50;18
2003;6;GLO;SBRF;SBSV;442,00;1
2003;6;GLO;SBBR;SBFZ;608,86;200
2003;6;GLO;SBSP;SBPA;344,00;53
2003;6;GLO;SBKP;SBRJ;260,36;172
2003;6;GLO;SBRJ;SBKP;374,19;16
2003;6;GLO;SBBH;SBBR;458,00;1
2003;6;GLO;SBGO;SBBR;151,00;1
2003;6;GLO;SBGL;SBRF;499,57;143
2003;6;GLO;SBSP;SBRJ;267,73;15
2003;6;GLO;SBKP;SBRJ;223,00;3
2003;6;GLO;SBSP;SBPA;215,99;3145
2003;6;GLO;SBRJ;SBCT;161,41;113
2003;6;GLO;SBGL;SBCT;231,31;148
2003;6;GLO;SBNF;SBSP;147,14;7
2003;6;GLO;SBSP;SBBH;150,00;2
2003;6;GLO;SBGL;SBBR;314,00;3
2003;6;GLO;SBSP;SBNF;207,60;667
2003;6;GLO;SBVT;SBSP;112,11;186
2003;6;GLO;SBVT;SBRJ;146,15;3200
2003;6;GLO;SBKP;SBRJ;262,00;10
2003;6;GLO;SBGL;SBFL;264,24;140
2003;6;GLO;SBPA;SBSP;311,82;676
2003;6;GLO;SBPA;SBKP;234,00;2
2003;6;GLO;SBFZ;SBBR;539,56;150
2003;6;GLO;SBBH;SBRJ;214,73;204
2003;6;GLO;SBRJ;SBSP;219,00;1
2003;6;GLO;SBBH;SBKP;245,71;6
2003;6;GLO;SBGL;SBSP;239,86;109
2003;6;GLO;SBFL;SBPA;101,00;108
2003;6;GLO;SBBR;SBKP;244,50;8
2003;6;GLO;SBPA;SBCT;127,59;922
2003;6;GLO;SBCT;SBKP;283,00;1
2003;6;GLO;SBSP;SBPS;395,83;9
2003;6;GLO;SBFL;SBGL;395,00;23
2003;6;GLO;SBGL;SBPA;245,21;228
2003;6;GLO;SBSV;SBBR;373,43;128
2003;6;GLO;SBBH;SBKP;198,89;452
2003;6;GLO;SBFL;SBSP;377,00;1
2003;6;GLO;SBFL;SBBR;158,05;852
2003;6;GLO;SBSP;SBGO;216,67;6
2003;6;GLO;SBGL;SBFL;304,62;13
2003;6;GLO;SBKP;SBRJ;280,40;281
2003;6;GLO;SBVT;SBRJ;254,00;1
2003;6;GLO;SBCT;SBKP;235,56;26
2003;6;GLO;SBRJ;SBKP;284,93;308
2003;6;GLO;SBBR;SBRJ;369,79;48
2003;6;GLO;SBBH;SBCT;153,64;12
2003;6;GLO;SBGO;SBBR;120,15;3
2003;6;GLO;SBBR;SBFL;175,74;748
2003;6;GLO;SBBR;SBBH;286,34;115
2003;6;GLO;SBCT;SBRJ;173,11;38
2003;6;GLO;SBPA;SBGL;325,86;201
2003;6;GLO;SBRF;SBGL;546,79;155
2003;6;GLO;SBBR;SBSV;312,19;176
2003;6;GLO;SBSP;SBBR;371,06;509
2003;6;GLO;SBRJ;SBPA;204,34;247
2003;6;GLO;SBPA;SBBR;341,40;5
2003;6;GLO;SBSP;SBRJ;250,89;9
2003;6;GLO;SBPA;SBRJ;225,00;46
2003;6;GLO;SBSP;SBPS;213,69;625
2003;6;GLO;SBSP;SBCT;232,74;3071
2003;6;GLO;SBPA;SBSP;221,41;3829
2003;6;GLO;SBSV;SBBR;384,90;19
2003;6;GLO;SBSP;SBFL;179,89;420
2003;6;GLO;SBPA;SBRJ;181,63;1615
2003;6;GLO;SBRF;SBSV;233,28;1160
2003;6;GLO;SBPS;SBSP;311,37;135
2003;6;GLO;SBRJ;SBKP;262,00;22
2003;6;GLO;SBRJ;SBVT;331,00;1
2003;6;GLO;SBBR;SBRJ;93,75;8
2003;6;GLO;SBSP;SBGO;342,00;119
2003;6;GLO;SBBH;SBRJ;189,70;344
2003;6;GLO;SBRJ;SBBR;295,83;45
2003;6;GLO;SBPA;SBCT;135,59;86
2003;6;GLO;SBGL;SBSV;613,93;61
2003;6;GLO;SBFL;SBSP;219,72;361
2003;6;GLO;SBSP;SBBR;553,90;10
2003;6;GLO;SBCT;SBSP;208,54;3054
2003;6;GLO;SBGL;SBRF;429,93;765
2003;6;GLO;SBCT;SBRJ;198,00;42
2003;6;GLO;SBBH;SBRJ;100,00;6
2003;6;GLO;SBCT;SBPA;135,21;918
2003;6;GLO;SBGL;SBSV;418,35;221
2003;6;GLO;SBSP;SBPS;234,11;110
2003;6;GLO;SBSV;SBRF;227,05;342
2003;6;GLO;SBPA;SBCT;275,00;1
2003;6;GLO;SBPA;SBGL;253,55;693
2003;6;GLO;SBPA;SBFL;151,00;9
2003;6;GLO;SBSV;SBGL;250,00;1
2003;6;GLO;SBSP;SBBR;150,00;6
2003;6;GLO;SBGL;SBSP;210,94;258
2003;6;GLO;SBFL;SBSP;100,00;11
2003;6;GLO;SBSP;SBPS;235,84;709
2003;6;GLO;SBBH;SBBR;258,79;2025
2003;6;GLO;SBSP;SBVT;108,70;203
2003;6;GLO;SBSP;SBNF;271,40;46
2003;6;GLO;SBBR;SBPA;463,00;20
2003;6;GLO;SBBH;SBCT;123,20;310
2003;6;GLO;SBKP;SBRJ;100,00;4
2003;6;GLO;SBGL;SBRF;455,02;187
2003;6;GLO;SBPA;SBKP;328,32;2
2003;6;GLO;SBSP;SBGO;370,00;4
2003;6;GLO;SBSP;SBGL;192,84;386
2003;6;GLO;SBGL;SBBR;420,55;4
2003;6;GLO;SBGL;SBFL;284,00;12
2003;6;GLO;SBCT;SBKP;195,83;512
2003;6;GLO;SBRJ;SBFL;239,25;30
2003;6;GLO;SBGL;SBSV;482,85;140
2003;6;GLO;SBSP;SBCT;309,00;4
2003;6;GLO;SBBE;SBBR;393,59;46
2003;6;GLO;SBGL;SBRF;562,06;18
2003;6;GLO;SBBR;SBPA;419,00;18
2003;6;GLO;SBBR;SBSP;274,32;22
2003;6;GLO;SBBR;SBSP;399,46;85
2003;6;GLO;SBSP;SBPS;220,89;46
2003;6;GLO;SBRJ;SBVT;128,81;2823
2003;6;GLO;SBSP;SBCT;302,81;8
2003;6;GLO;SBCT;SBRJ;160,85;1558
2003;6;GLO;SBSP;SBBH;232,57;3467
2003;6;GLO;SBRJ;SBBH;210,38;186
2003;6;GLO;SBBR;SBFL;236,12;100
2003;6;GLO;SBCT;SBBR;274,83;30
2003;6;GLO;SBSP;SBFL;100,00;10
2003;6;GLO;SBFL;SBBR;200,46;76
2003;6;GLO;SBPA;SBSP;296,69;139
2003;6;GLO;SBPA;SBSP;297,60;25
2003;6;GLO;SBSP;SBRJ;324,00;2
2003;6;GLO;SBSP;SBVT;190,81;151
2003;6;GLO;SBRJ;SBSP;267,13;23
2003;6;GLO;SBRJ;SBSP;247,19;16588
2003;6;GLO;SBCT;SBSP;250,18;486
2003;6;GLO;SBPA;SBCT;204,20;5
2003;6;GLO;SBRF;SBFZ;206,81;115
2003;6;GLO;SBSP;SBGO;323,82;19
2003;6;GLO;SBKP;SBCT;243,38;90
2003;6;GLO;SBCT;SBSP;353,00;5
2003;6;GLO;SBSP;SBFL;377,00;1
2003;6;GLO;SBVT;SBRJ;290,00;2
2003;6;GLO;SBBH;SBSP;584,25;8
2003;6;GLO;SBRJ;SBVT;234,30;17
2003;6;GLO;SBSP;SBCT;229,00;202
2003;6;GLO;SBNF;SBSP;227,17;45
2003;6;GLO;SBSP;SBBH;342,26;126
2003;6;GLO;SBBH;SBRJ;166,91;551
2003;6;GLO;SBRJ;SBVT;191,19;138
2003;6;GLO;SBPS;SBSP;244,40;5
2003;6;GLO;SBSV;SBRF;313,21;22
2003;6;GLO;SBSV;SBBR;401,07;137
2003;6;GLO;SBNF;SBSP;206,00;55
2003;6;GLO;SBFL;SBBR;176,38;576
2003;6;GLO;SBRJ;SBBH;146,82;3695
2003;6;GLO;SBBH;SBSP;336,79;84
2003;6;GLO;SBSV;SBBR;389,72;101
2003;6;GLO;SBBH;SBCT;142,40;90
2003;6;GLO;SBBR;SBFZ;660,10;52
2003;6;GLO;SBSP;SBCT;208,75;2838
2003;6;GLO;SBBH;SBKP;91,75;79
2003;6;GLO;SBFL;SBGL;330,00;6
2003;6;GLO;SBGL;SBRF;646,09;32
2003;6;GLO;SBKP;SBRJ;350,00;18
2003;6;GLO;SBFZ;SBBR;427,61;18
2003;6;GLO;SBSP;SBNF;206,00;55
2003;6;GLO;SBBE;SBBR;460,00;1
2003;6;GLO;SBRF;SBGL;665,05;21
2003;6;GLO;SBCT;SBRJ;190,91;44
2003;6;GLO;SBSP;SBBH;396,10;39
2003;6;GLO;SBBR;SBSP;436,12;25
2003;6;GLO;SBPA;SBSP;372,62;476
2003;6;GLO;SBCT;SBBH;262,50;2
2003;6;GLO;SBBH;SBBR;296,20;16
2003;6;GLO;SBFL;SBSP;216,00;16
2003;6;GLO;SBFL;SBSP;192,33;3980
2003;6;GLO;SBPA;SBSP;337,95;3262
2003;6;GLO;SBRF;SBGL;834,00;3
2003;6;GLO;SBFZ;SBRF;268,45;11
2003;6;GLO;SBPS;SBSP;262,00;2
2003;6;GLO;SBPA;SBGL;432,50;6
2003;6;GLO;SBSP;SBPA;379,00;17
2003;6;GLO;SBRJ;SBBH;185,00;6
2003;6;GLO;SBGL;SBPA;370,00;3
2003;6;GLO;SBBH;SBBR;229,60;2324
2003;6;GLO;SBBR;SBFL;174,09;44
2003;6;GLO;SBGL;SBFL;545,00;1
2003;6;GLO;SBSP;SBRJ;293,00;33
2003;6;GLO;SBSP;SBPS;272,91;216
2003;6;GLO;SBCT;SBRJ;195,44;81
2003;6;GLO;SBPA;SBSP;319,43;182
2003;6;GLO;SBBH;SBCT;132,50;40
2003;6;GLO;SBSP;SBBH;304,65;220
2003;6;GLO;SBFZ;SBRF;168,20;305
2003;6;GLO;SBBE;SBMQ;274,00;1
2003;6;GLO;SBFL;SBSP;175,90;316
2003;6;GLO;SBBH;SBRJ;243,11;76
2003;6;GLO;SBBR;SBRJ;558,00;1
2003;6;GLO;SBBR;SBPA;555,17;15
2003;6;GLO;SBBH;SBCT;160,84;140
2003;6;GLO;SBBR;SBGL;391,85;36
2003;6;GLO;SBSV;SBGL;598,34;74
2003;6;GLO;SBSV;SBRF;260,43;200
2003;6;GLO;SBGL;SBPA;250,00;1
2003;6;GLO;SBSP;SBBH;208,03;1791
2003;6;GLO;SBSP;SBFL;246,02;469
2003;6;GLO;SBBR;SBPA;835,00;1
2003;6;GLO;SBCT;SBRJ;131,62;2023
2003;6;GLO;SBRJ;SBBH;130,74;2786
2003;6;GLO;SBGL;SBBR;375,00;1
2003;6;GLO;SBGL;SBCT;229,00;24
2003;6;GLO;SBGL;SBFL;333,50;2
2003;6;GLO;SBFL;SBBR;254,00;10
2003;6;GLO;SBBR;SBGL;263,69;429
2003;6;GLO;SBGO;SBSP;434,16;113
2003;6;GLO;SBBR;SBFZ;215,97;1018
2003;6;GLO;SBGL;SBSV;375,29;1510
2003;6;GLO;SBPA;SBRJ;364,00;3
2003;6;GLO;SBSP;SBFL;276,13;96
2003;6;GLO;SBBR;SBPA;409,96;1043
2003;6;GLO;SBPA;SBFL;101,00;118
2003;6;GLO;SBCT;SBSP;309,00;10
2003;6;GLO;SBRF;SBSV;254,79;202
2003;6;GLO;SBFL;SBRJ;247,50;36
2003;6;GLO;SBSP;SBRJ;246,88;16844
2003;6;GLO;SBSP;SBFL;172,89;2299
2003;6;GLO;SBBR;SBBH;253,00;64
2003;6;GLO;SBSP;SBVT;218,00;6
2003;6;GLO;SBBH;SBSP;287,12;1166
2003;6;GLO;SBBH;SBRJ;330,00;4
2003;6;GLO;SBBR;SBGL;302,30;445
2003;6;GLO;SBGL;SBSV;317,59;76
2003;6;GLO;SBRF;SBSV;389,00;11
2003;6;GLO;SBPA;SBRJ;408,50;36
2003;6;GLO;SBCT;SBRJ;150,00;1
2003;6;GLO;SBSP;SBCT;353,00;6
2003;6;GLO;SBBR;SBCT;301,03;202
2003;6;GLO;SBRJ;SBVT;100,00;5
2003;6;GLO;SBSV;SBGL;318,99;76
2003;6;GLO;SBBH;SBSP;402,00;9
2003;6;GLO;SBSV;SBRF;199,41;865
2003;6;GLO;SBFL;SBPA;135,89;624
2003;6;GLO;SBBR;SBKP;162,41;58
2003;6;GLO;SBRF;SBFZ;469,91;109
2003;6;GLO;SBPA;SBKP;261,83;65
2003;6;GLO;SBGL;SBSP;170,69;1098
2003;6;GLO;SBSP;SBFL;217,29;424
2003;6;GLO;SBMQ;SBBE;161,57;7
2003;6;GLO;SBRJ;SBBR;381,33;12
2003;6;GLO;SBFL;SBPA;151,00;3
2003;6;GLO;SBSV;SBRF;389,00;24
2003;6;GLO;SBFL;SBRJ;213,00;10
2003;6;GLO;SBNF;SBSP;278,56;34
2003;6;GLO;SBRJ;SBSP;286,34;22
2003;6;GLO;SBGL;SBSV;454,00;29
2003;6;GLO;SBGL;SBSV;667,00;18
2003;6;GLO;SBBH;SBSP;312,36;191
2003;6;GLO;SBCT;SBGL;194,20;685
2003;6;GLO;SBCT;SBGL;242,67;18
2003;6;GLO;SBPS;SBSP;123,32;225
2003;6;GLO;SBSP;SBGO;328,11;662
2003;6;GLO;SBCT;SBSP;100,00;7
2003;6;GLO;SBSP;SBBR;378,52;152
2003;6;GLO;SBSP;SBPA;289,87;5698
2003;6;GLO;SBRF;SBSV;337,20;28
2003;6;GLO;SBGL;SBPA;272,00;1
2003;6;GLO;SBKP;SBRJ;264,92;915
2003;6;GLO;SBGL;SBRF;781,00;11
2003;6;GLO;SBSP;SBFL;402,00;4
2003;6;GLO;SBPA;SBGL;667,00;1
2003;6;GLO;SBRF;SBFZ;417,51;11
2003;6;GLO;SBKP;SBRJ;301,76;204
2003;6;GLO;SBPS;SBSP;463,26;35
2003;6;GLO;SBKP;SBPA;218,18;92
2003;6;GLO;SBRJ;SBFL;177,94;726
2003;6;GLO;SBRJ;SBBH;319,00;53
2003;6;GLO;SBSP;SBPA;615,00;1
2003;6;GLO;SBCT;SBKP;173,59;323
2003;6;GLO;SBVT;SBRJ;100,00;6
2003;6;GLO;SBCT;SBBH;206,50;2
2003;6;GLO;SBBR;SBRJ;284,84;4080
2003;6;GLO;SBBR;SBBH;227,35;2314
2003;6;GLO;SBBH;SBRJ;363,00;1
2003;6;GLO;SBRJ;SBPA;166,26;842
2003;6;GLO;SBBR;SBSV;430,68;42
2003;6;GLO;SBSP;SBVT;170,82;49
2003;6;GLO;SBBR;SBGO;136,83;102
2003;6;GLO;SBGL;SBSP;204,11;475
2003;6;GLO;SBPA;SBBR;338,29;14
2003;6;GLO;SBBH;SBSP;364,38;8
2003;6;GLO;SBSP;SBGO;467,50;28
2003;6;GLO;SBRJ;SBPA;237,60;10
2003;6;GLO;SBSP;SBPS;121,75;213
2003;6;GLO;SBBR;SBFL;304,00;15
2003;6;GLO;SBCT;SBKP;233,22;110
2003;6;GLO;SBSV;SBBR;315,29;17
2003;6;GLO;SBBR;SBSP;534,00;2
2003;6;GLO;SBRJ;SBBH;162,00;36
2003;6;GLO;SBRJ;SBFL;179,64;494
2003;6;GLO;SBGL;SBRF;431,03;132
2003;6;GLO;SBVT;SBSP;240,00;2
2003;6;GLO;SBRJ;SBVT;146,08;3209
2003;6;GLO;SBSP;SBPA;410,34;608
2003;6;GLO;SBBH;SBRJ;238,30;44
2003;6;GLO;SBPA;SBFL;412,00;1
2003;6;GLO;SBPA;SBRJ;200,95;307
2003;6;GLO;SBSP;SBBH;283,85;1211
2003;6;GLO;SBBR;SBBH;315,85;13
2003;6;GLO;SBBR;SBSP;298,99;292
2003;6;GLO;SBMQ;SBBE;94,64;350
2003;6;GLO;SBGL;SBBR;329,58;33
2003;6;GLO;SBSP;SBVT;143,22;3553
2003;6;GLO;SBFL;SBSP;282,00;11
2003;6;GLO;SBSP;SBPA;390,42;53
2003;6;GLO;SBRJ;SBKP;233,60;177
2003;6;GLO;SBRJ;SBBH;188,79;389
2003;6;GLO;SBGO;SBSP;464,67;21
2003;6;GLO;SBGL;SBPA;328,03;269
2003;6;GLO;SBSP;SBRJ;284,00;8
2003;6;GLO;SBPA;SBFL;178,00;1
2003;6;GLO;SBPA;SBGL;282,98;1650
2003;6;GLO;SBBR;SBKP;228,12;49
2003;6;GLO;SBSP;SBBH;417,00;23
2003;6;GLO;SBRF;SBSV;289,92;75
2003;6;GLO;SBRJ;SBKP;350,00;21
2003;6;GLO;SBBE;SBMQ;127,08;325
2003;6;GLO;SBMQ;SBBE;101,59;3336
2003;6;GLO;SBVT;SBRJ;238,78;22
2003;6;GLO;SBKP;SBBR;179,84;744
2003;6;GLO;SBVT;SBRJ;193,62;255
2003;6;GLO;SBSP;SBBH;229,55;254
2003;6;GLO;SBFL;SBRJ;178,77;598
2003;6;GLO;SBPA;SBCT;378,00;4
2003;6;GLO;SBSV;SBRF;337,64;32
2003;6;GLO;SBRJ;SBBH;210,00;120
2003;6;GLO;SBVT;SBRJ;331,00;2
2003;6;GLO;SBGL;SBFL;186,29;248
2003;6;GLO;SBPA;SBFL;123,59;517
2003;6;GLO;SBBR;SBCT;390,50;30
2003;6;GLO;SBVT;SBSP;265,90;218
2003;6;GLO;SBKP;SBPA;193,18;64
2003;6;GLO;SBFL;SBSP;173,11;2007
2003;6;GLO;SBSP;SBRJ;205,25;2996
2003;6;GLO;SBRJ;SBPA;207,94;66
2003;6;GLO;SBRF;SBFZ;363,73;11
2003;6;GLO;SBPA;SBKP;239,00;4
2003;6;GLO;SBBE;SBBR;318,48;584
2003;6;GLO;SBSV;SBRF;192,59;115
2003;6;GLO;SBFZ;SBBR;608,86;200
2003;6;GLO;SBBR;SBBH;429,00;1
2003;6;GLO;SBSP;SBCT;100,00;8
2003;6;GLO;SBBR;SBPA;419,08;134
2003;6;GLO;SBSP;SBFL;298,44;18
2003;6;GLO;SBGL;SBSP;266,00;3
2003;6;GLO;SBSP;SBGL;210,29;74
2003;6;GLO;SBCT;SBBH;150,30;12
2003;6;GLO;SBPA;SBBR;303,97;101
2003;6;GLO;SBBR;SBFL;201,33;472
2003;6;GLO;SBGO;SBSP;363,87;570
2003;6;GLO;SBBH;SBSP;371,08;37
2003;6;GLO;SBRJ;SBKP;320,29;119
2003;6;GLO;SBKP;SBRJ;311,90;131
2003;6;GLO;SBSP;SBVT;216,76;127
2003;6;GLO;SBSV;SBRF;202,42;132
2003;6;GLO;SBRJ;SBBH;277,20;37
2003;6;GLO;SBBH;SBKP;194,00;3
2003;6;GLO;SBBR;SBSV;380,65;183
2003;6;GLO;SBFL;SBBR;215,81;36
2003;6;GLO;SBRJ;SBFL;197,50;88
2003;6;GLO;SBCT;SBBH;75,00;4
2003;6;GLO;SBNF;SBSP;100,00;2
2003;6;GLO;SBSV;SBGL;627,73;45
2003;6;GLO;SBKP;SBCT;191,00;44
2003;6;GLO;SBCT;SBBR;541,73;17
2003;6;GLO;SBGL;SBSP;127,67;3
2003;6;GLO;SBFL;SBSP;246,89;61
2003;6;GLO;SBBR;SBPA;346,43;14
2003;6;GLO;SBKP;SBPA;566,00;1
2003;6;GLO;SBRJ;SBBR;461,00;3
2003;6;GLO;SBKP;SBCT;370,00;1
2003;6;GLO;SBBH;SBCT;183,00;14
2003;6;GLO;SBBR;SBGL;375,00;21
2003;6;GLO;SBBR;SBKP;572,00;1
2003;6;GLO;SBRJ;SBCT;216,63;38
2003;6;GLO;SBGL;SBBR;568,00;1
2003;6;GLO;SBRF;SBSV;191,68;136
2003;6;GLO;SBGL;SBPA;257,14;675
2003;6;GLO;SBPA;SBSP;411,97;406
2003;6;GLO;SBSP;SBNF;260,00;14
2003;6;GLO;SBRJ;SBBR;321,90;534
2003;6;GLO;SBSV;SBGL;354,66;261
2003;6;GLO;SBBR;SBKP;215,00;4
2003;6;GLO;SBSP;SBBR;344,00;1
2003;6;GLO;SBSP;SBGO;362,49;560
2003;6;GLO;SBRJ;SBBR;150,00;1
2003;6;GLO;SBBH;SBKP;181,67;138
2003;6;GLO;SBSP;SBPA;540,00;34
2003;6;GLO;SBBR;SBKP;190,93;460
2003;6;GLO;SBSP;SBPA;285,97;681
2003;6;GLO;SBBH;SBRJ;130,21;2698
2003;6;GLO;SBPA;SBKP;75,00;2
2003;6;GLO;SBFL;SBPA;295,00;6
2003;6;GLO;SBCT;SBRJ;176,92;251
2003;6;GLO;SBNF;SBSP;187,45;1835
2003;6;GLO;SBGL;SBPA;279,48;1596
2003;6;GLO;SBKP;SBPA;201,34;381
2003;6;GLO;SBBR;SBFZ;643,10;150
2003;6;GLO;SBBH;SBSP;245,04;199
2003;6;GLO;SBFZ;SBRF;172,56;121
2003;6;GLO;SBGL;SBPA;519,00;12
2003;6;GLO;SBBR;SBGL;332,55;60
2003;6;GLO;SBSV;SBGL;414,34;71
2003;6;GLO;SBBR;SBGO;214,00;1
2003;6;GLO;SBRF;SBGL;497,82;88
2003;6;GLO;SBRJ;SBBR;230,90;4224
2003;6;GLO;SBBR;SBSP;361,17;690
2003;6;GLO;SBVT;SBRJ;169,25;227
2003;6;GLO;SBSP;SBPA;239,36;99
2003;6;GLO;SBPA;SBBR;516,75;4
2003;6;GLO;SBCT;SBBR;234,93;358
2003;6;GLO;SBFL;SBRJ;75,00;2
2003;6;PEP;SBBE;SBMQ;103,90;267
2003;6;PEP;SBMQ;SBBE;161,56;29
2003;6;PEP;SBBE;SBMQ;159,87;18
2003;6;PEP;SBMQ;SBBE;102,89;270
2003;6;PLY;SBBE;SBMQ;416,64;2
2003;6;PLY;SBMQ;SBBE;99,54;102
2003;6;PLY;SBBE;SBMQ;187,49;28
2003;6;PLY;SBMQ;SBBE;187,49;20
2003;6;TAM;SBGR;SBKP;215,00;2
2003;6;TAM;SBCT;SBPA;528,00;27
2003;6;TAM;SBFZ;SBBR;1007,00;19
2003;6;TAM;SBKP;SBCT;232,00;473
2003;6;TAM;SBRF;SBFZ;477,00;46
2003;6;TAM;SBBR;SBGO;272,00;44
2003;6;TAM;SBFZ;SBRF;245,00;183
2003;6;TAM;SBKP;SBBR;346,00;598
2003;6;TAM;SBCF;SBGR;512,00;25
2003;6;TAM;SBPA;SBGR;686,00;29
2003;6;TAM;SBUL;SBSP;529,00;98
2003;6;TAM;SBGO;SBBR;324,00;17
2003;6;TAM;SBRJ;SBBH;458,00;20
2003;6;TAM;SBKP;SBBR;389,00;272
2003;6;TAM;SBRJ;SBVT;209,00;80
2003;6;TAM;SBBR;SBRJ;418,00;2780
2003;6;TAM;SBGL;SBRF;709,00;239
2003;6;TAM;SBBR;SBFL;565,00;198
2003;6;TAM;SBBR;SBGO;194,00;108
2003;6;TAM;SBRF;SBGL;964,00;2
2003;6;TAM;SBCT;SBGL;618,00;10
2003;6;TAM;SBSP;SBFL;510,00;120
2003;6;TAM;SBRF;SBGL;1167,00;3
2003;6;TAM;SBSV;SBGR;967,00;33
2003;6;TAM;SBSP;SBPA;556,00;159
2003;6;TAM;SBBH;SBRJ;339,00;171
2003;6;TAM;SBFL;SBGR;607,00;36
2003;6;TAM;SBMQ;SBBE;159,00;841
2003;6;TAM;SBSP;SBRP;396,00;169
2003;6;TAM;SBBR;SBKP;588,00;78
2003;6;TAM;SBBR;SBFZ;815,00;35
2003;6;TAM;SBSP;SBPA;490,00;493
2003;6;TAM;SBRJ;SBVT;235,00;67
2003;6;TAM;SBRJ;SBVT;272,00;178
2003;6;TAM;SBSV;SBBR;631,00;42
2003;6;TAM;SBPA;SBSP;858,00;246
2003;6;TAM;SBGO;SBBR;194,00;60
2003;6;TAM;SBPS;SBSP;790,00;46
2003;6;TAM;SBCT;SBBH;390,00;11
2003;6;TAM;SBBR;SBGO;220,00;53
2003;6;TAM;SBBE;SBBR;776,00;17
2003;6;TAM;SBSV;SBRF;276,00;156
2003;6;TAM;SBRJ;SBBH;176,00;3015
2003;6;TAM;SBCT;SBBR;499,00;1916
2003;6;TAM;SBSV;SBBR;928,00;127
2003;6;TAM;SBRJ;SBSP;199,00;3513
2003;6;TAM;SBBR;SBSP;743,00;50
2003;6;TAM;SBCT;SBBR;610,00;111
2003;6;TAM;SBSP;SBUL;463,00;125
2003;6;TAM;SBRJ;SBBR;842,00;517
2003;6;TAM;SBSP;SBGO;474,00;3657
2003;6;TAM;SBSP;SBUL;727,00;51
2003;6;TAM;SBSV;SBRF;1707,00;3
2003;6;TAM;SBBR;SBKP;519,00;50
2003;6;TAM;SBCT;SBKP;254,00;70
2003;6;TAM;SBPA;SBGL;750,00;20
2003;6;TAM;SBGL;SBPA;592,00;8
2003;6;TAM;SBRF;SBFZ;533,00;13
2003;6;TAM;SBFZ;SBRF;589,00;18
2003;6;TAM;SBPS;SBSP;499,00;128
2003;6;TAM;SBCT;SBGL;442,00;21
2003;6;TAM;SBFL;SBSP;364,00;42
2003;6;TAM;SBSV;SBRF;1558,00;6
2003;6;TAM;SBPA;SBGR;490,00;33
2003;6;TAM;SBSV;SBBR;557,00;54
2003;6;TAM;SBGL;SBCT;383,00;20
2003;6;TAM;SBBR;SBGL;418,00;31
2003;6;TAM;SBKP;SBPA;566,00;26
2003;6;TAM;SBSP;SBBH;365,00;701
2003;6;TAM;SBBR;SBGL;439,00;21
2003;6;TAM;SBGL;SBGR;243,00;117
2003;6;TAM;SBGR;SBKP;180,00;1
2003;6;TAM;SBUL;SBSP;463,00;157
2003;6;TAM;SBBR;SBSP;485,00;872
2003;6;TAM;SBVT;SBSP;796,00;112
2003;6;TAM;SBGL;SBRF;1269,00;95
2003;6;TAM;SBCT;SBBH;341,00;20
2003;6;TAM;SBSP;SBCT;513,00;143
2003;6;TAM;SBRP;SBSP;396,00;238
2003;6;TAM;SBBH;SBCT;614,00;36
2003;6;TAM;SBBR;SBSP;614,00;154
2003;6;TAM;SBKP;SBBR;796,00;12
2003;6;TAM;SBMQ;SBBE;272,00;3
2003;6;TAM;SBGR;SBKP;151,00;28
2003;6;TAM;SBSV;SBGR;1059,00;2
2003;6;TAM;SBGL;SBPA;671,00;53
2003;6;TAM;SBGL;SBSV;977,00;169
2003;6;TAM;SBFL;SBGR;316,00;98
2003;6;TAM;SBKP;SBBR;588,00;48
2003;6;TAM;SBGO;SBBR;272,00;60
2003;6;TAM;SBSP;SBCT;299,00;7458
2003;6;TAM;SBBR;SBFZ;911,00;28
2003;6;TAM;SBFZ;SBBR;726,00;426
2003;6;TAM;SBBH;SBRJ;176,00;2943
2003;6;TAM;SBSP;SBCT;450,00;27
2003;6;TAM;SBRP;SBSP;519,00;130
2003;6;TAM;SBCT;SBBR;995,00;210
2003;6;TAM;SBCT;SBFL;584,00;6
2003;6;TAM;SBSV;SBRF;1113,00;14
2003;6;TAM;SBPA;SBCT;377,00;30
2003;6;TAM;SBBH;SBRJ;224,00;375
2003;6;TAM;SBKP;SBCT;254,00;144
2003;6;TAM;SBRF;SBSV;1113,00;14
2003;6;TAM;SBGL;SBCT;304,00;623
2003;6;TAM;SBCF;SBGR;365,00;24
2003;6;TAM;SBBR;SBFL;738,00;75
2003;6;TAM;SBUL;SBSP;727,00;36
2003;6;TAM;SBCT;SBSP;513,00;137
2003;6;TAM;SBFL;SBSP;413,00;69
2003;6;TAM;SBGR;SBSV;875,00;5
2003;6;TAM;SBRF;SBGL;709,00;253
2003;6;TAM;SBBR;SBFL;912,00;52
2003;6;TAM;SBGO;SBSP;474,00;3101
2003;6;TAM;SBBR;SBFL;999,00;4
2003;6;TAM;SBBR;SBBE;685,00;25
2003;6;TAM;SBMQ;SBBE;454,00;20
2003;6;TAM;SBPA;SBFL;339,00;8
2003;6;TAM;SBVT;SBRJ;235,00;53
2003;6;TAM;SBCT;SBKP;232,00;471
2003;6;TAM;SBCT;SBBR;757,00;39
2003;6;TAM;SBBR;SBRJ;574,00;205
2003;6;TAM;SBGR;SBPA;686,00;50
2003;6;TAM;SBSV;SBBR;780,00;14
2003;6;TAM;SBBR;SBKP;657,00;24
2003;6;TAM;SBSV;SBRF;1855,00;26
2003;6;TAM;SBPA;SBFL;418,00;10
2003;6;TAM;SBSV;SBRF;965,00;104
2003;6;TAM;SBRJ;SBBH;259,00;894
2003;6;TAM;SBPA;SBCT;428,00;30
2003;6;TAM;SBPA;SBGL;592,00;40
2003;6;TAM;SBFL;SBGR;269,00;4
2003;6;TAM;SBCT;SBPA;478,00;7
2003;6;TAM;SBCT;SBBH;743,00;4
2003;6;TAM;SBSP;SBPS;579,00;145
2003;6;TAM;SBPA;SBSP;621,00;232
2003;6;TAM;SBGO;SBBR;298,00;5
2003;6;TAM;SBRJ;SBSP;458,00;1364
2003;6;TAM;SBCT;SBGL;304,00;614
2003;6;TAM;SBPA;SBFL;128,00;1141
2003;6;TAM;SBVT;SBSP;399,00;2967
2003;6;TAM;SBBH;SBRJ;259,00;785
2003;6;TAM;SBGR;SBFL;413,00;2
2003;6;TAM;SBBH;SBCT;679,00;40
2003;6;TAM;SBFL;SBCT;834,00;9
2003;6;TAM;SBRJ;SBVT;314,00;60
2003;6;TAM;SBGL;SBCT;736,00;45
2003;6;TAM;SBVT;SBRJ;272,00;191
2003;6;TAM;SBCT;SBPA;209,00;1659
2003;6;TAM;SBGR;SBGL;458,00;42
2003;6;TAM;SBSP;SBCT;372,00;309
2003;6;TAM;SBGL;SBGR;313,00;6
2003;6;TAM;SBKP;SBBR;450,00;136
2003;6;TAM;SBGR;SBCF;365,00;25
2003;6;TAM;SBCF;SBGR;414,00;5
2003;6;TAM;SBPA;SBKP;433,00;145
2003;6;TAM;SBBH;SBSP;560,00;39
2003;6;TAM;SBSP;SBGL;386,00;2
2003;6;TAM;SBSV;SBGR;1149,00;561
2003;6;TAM;SBCF;SBGR;318,00;17
2003;6;TAM;SBSV;SBRF;1410,00;5
2003;6;TAM;SBSP;SBBR;549,00;740
2003;6;TAM;SBGR;SBFL;510,00;13
2003;6;TAM;SBGR;SBGL;350,00;2
2003;6;TAM;SBKP;SBPA;632,00;7
2003;6;TAM;SBGL;SBPA;982,00;150
2003;6;TAM;SBSP;SBPS;976,00;13
2003;6;TAM;SBKP;SBCT;293,00;64
2003;6;TAM;SBPA;SBFL;142,00;26
2003;6;TAM;SBGR;SBPA;490,00;34
2003;6;TAM;SBBR;SBFZ;726,00;543
2003;6;TAM;SBMQ;SBBE;133,00;2340
2003;6;TAM;SBFL;SBSP;558,00;6
2003;6;TAM;SBSP;SBBR;743,00;202
2003;6;TAM;SBSV;SBGL;977,00;236
2003;6;TAM;SBRF;SBSV;1558,00;10
2003;6;TAM;SBBE;SBMQ;454,00;18
2003;6;TAM;SBGL;SBCT;500,00;5
2003;6;TAM;SBFL;SBPA;339,00;16
2003;6;TAM;SBSP;SBRP;519,00;64
2003;6;TAM;SBSP;SBBH;560,00;57
2003;6;TAM;SBSP;SBPS;790,00;40
2003;6;TAM;SBBR;SBSP;917,00;322
2003;6;TAM;SBCT;SBSP;333,00;936
2003;6;TAM;SBGL;SBPA;829,00;38
2003;6;TAM;SBRJ;SBSP;299,00;21274
2003;6;TAM;SBSV;SBBR;484,00;892
2003;6;TAM;SBGR;SBGL;423,00;2
2003;6;TAM;SBVT;SBRJ;314,00;93
2003;6;TAM;SBCT;SBGR;450,00;1
2003;6;TAM;SBKP;SBCT;333,00;43
2003;6;TAM;SBGR;SBBR;485,00;38
2003;6;TAM;SBCT;SBBR;560,00;302
2003;6;TAM;SBFL;SBGR;510,00;16
2003;6;TAM;SBBR;SBCT;610,00;157
2003;6;TAM;SBBR;SBRJ;506,00;523
2003;6;TAM;SBSP;SBFL;364,00;38
2003;6;TAM;SBBH;SBBR;724,00;62
2003;6;TAM;SBKP;SBGR;180,00;6
2003;6;TAM;SBPA;SBGL;671,00;27
2003;6;TAM;SBSP;SBPA;621,00;177
2003;6;TAM;SBBR;SBRJ;439,00;1180
2003;6;TAM;SBSP;SBCT;333,00;1125
2003;6;TAM;SBGL;SBGR;350,00;3
2003;6;TAM;SBRF;SBFZ;589,00;12
2003;6;TAM;SBFZ;SBRF;217,00;366
2003;6;TAM;SBSP;SBPS;639,00;30
2003;6;TAM;SBBR;SBSP;679,00;461
2003;6;TAM;SBBH;SBCT;390,00;31
2003;6;TAM;SBSP;SBRJ;458,00;828
2003;6;TAM;SBGR;SBPA;556,00;9
2003;6;TAM;SBPA;SBFL;494,00;31
2003;6;TAM;SBCF;SBGR;463,00;5
2003;6;TAM;SBSP;SBUL;403,00;1366
2003;6;TAM;SBCT;SBSP;372,00;378
2003;6;TAM;SBPA;SBFL;191,00;14
2003;6;TAM;SBSP;SBPA;752,00;54
2003;6;TAM;SBPA;SBGR;816,00;106
2003;6;TAM;SBKP;SBGR;215,00;4
2003;6;TAM;SBSP;SBVT;561,00;40
2003;6;TAM;SBBR;SBBH;793,00;8
2003;6;TAM;SBBH;SBSP;365,00;479
2003;6;TAM;SBBE;SBMQ;272,00;7
2003;6;TAM;SBSP;SBFL;558,00;12
2003;6;TAM;SBSV;SBGL;743,00;15
2003;6;TAM;SBBR;SBBE;1050,00;4
2003;6;TAM;SBBE;SBBR;958,00;15
2003;6;TAM;SBSP;SBBH;318,00;1777
2003;6;TAM;SBSP;SBVT;620,00;91
2003;6;TAM;SBGR;SBGL;243,00;307
2003;6;TAM;SBPA;SBCT;283,00;59
2003;6;TAM;SBPA;SBFL;299,00;5
2003;6;TAM;SBBR;SBGR;743,00;6
2003;6;TAM;SBGL;SBCT;677,00;5
2003;6;TAM;SBPA;SBKP;566,00;12
2003;6;TAM;SBBH;SBSP;681,00;145
2003;6;TAM;SBFL;SBPA;494,00;22
2003;6;TAM;SBPA;SBSP;490,00;508
2003;6;TAM;SBBR;SBCT;677,00;115
2003;6;TAM;SBGL;SBRF;635,00;721
2003;6;TAM;SBSP;SBBH;681,00;209
2003;6;TAM;SBBE;SBMQ;309,00;1
2003;6;TAM;SBBR;SBBH;348,00;131
2003;6;TAM;SBSV;SBGL;899,00;29
2003;6;TAM;SBBR;SBCT;499,00;1450
2003;6;TAM;SBGL;SBRF;761,00;27
2003;6;TAM;SBSP;SBFL;668,00;28
2003;6;TAM;SBVT;SBRJ;176,00;1701
2003;6;TAM;SBSP;SBGL;313,00;2
2003;6;TAM;SBPA;SBGL;449,00;155
2003;6;TAM;SBSP;SBPA;422,00;1789
2003;6;TAM;SBGL;SBGR;276,00;72
2003;6;TAM;SBCT;SBGL;500,00;15
2003;6;TAM;SBFL;SBPA;142,00;23
2003;6;TAM;SBSP;SBGL;243,00;6
2003;6;TAM;SBPA;SBKP;632,00;13
2003;6;TAM;SBBE;SBBR;867,00;7
2003;6;TAM;SBCT;SBPA;252,00;117
2003;6;TAM;SBRF;SBFZ;245,00;128
2003;6;TAM;SBGR;SBCF;318,00;49
2003;6;TAM;SBFZ;SBRF;365,00;81
2003;6;TAM;SBFL;SBBR;1085,00;139
2003;6;TAM;SBSP;SBBR;679,00;445
2003;6;TAM;SBGL;SBBR;418,00;2
2003;6;TAM;SBKP;SBBR;863,00;71
2003;6;TAM;SBBR;SBFL;825,00;19
2003;6;TAM;SBCT;SBSP;299,00;7666
2003;6;TAM;SBGL;SBRF;1066,00;9
2003;6;TAM;SBFL;SBCT;667,00;4
2003;6;TAM;SBFZ;SBRF;645,00;12
2003;6;TAM;SBSP;SBBR;917,00;319
2003;6;TAM;SBGL;SBCT;442,00;3
2003;6;TAM;SBRF;SBGL;863,00;14
2003;6;TAM;SBBH;SBCT;341,00;99
2003;6;TAM;SBPA;SBGR;752,00;4
2003;6;TAM;SBVT;SBRJ;439,00;112
2003;6;TAM;SBGL;SBCT;618,00;4
2003;6;TAM;SBBE;SBMQ;345,00;4
2003;6;TAM;SBGL;SBSV;899,00;11
2003;6;TAM;SBGR;SBSV;1059,00;2
2003;6;TAM;SBCT;SBGL;331,00;13
2003;6;TAM;SBVT;SBSP;502,00;128
2003;6;TAM;SBBR;SBRJ;842,00;428
2003;6;TAM;SBSP;SBGO;534,00;92
2003;6;TAM;SBCT;SBKP;487,00;174
2003;6;TAM;SBRJ;SBBR;506,00;396
2003;6;TAM;SBKP;SBGR;151,00;47
2003;6;TAM;SBSP;SBUL;595,00;34
2003;6;TAM;SBBR;SBGR;485,00;37
2003;6;TAM;SBMQ;SBBE;381,00;10
2003;6;TAM;SBBR;SBKP;450,00;138
2003;6;TAM;SBRF;SBFZ;280,00;17
2003;6;TAM;SBCT;SBBR;837,00;19
2003;6;TAM;SBFL;SBBR;468,00;227
2003;6;TAM;SBGR;SBGL;386,00;10
2003;6;TAM;SBRF;SBFZ;365,00;78
2003;6;TAM;SBBR;SBFL;1085,00;123
2003;6;TAM;SBBR;SBGO;298,00;5
2003;6;TAM;SBKP;SBPA;832,00;81
2003;6;TAM;SBSV;SBGL;821,00;32
2003;6;TAM;SBBH;SBSP;318,00;1276
2003;6;TAM;SBBR;SBBH;455,00;94
2003;6;TAM;SBBH;SBCT;420,00;79
2003;6;TAM;SBBR;SBGL;842,00;6
2003;6;TAM;SBGL;SBPA;449,00;116
2003;6;TAM;SBGR;SBSV;691,00;56
2003;6;TAM;SBGR;SBBR;743,00;5
2003;6;TAM;SBFL;SBPA;128,00;1196
2003;6;TAM;SBBR;SBRJ;641,00;265
2003;6;TAM;SBKP;SBBR;657,00;16
2003;6;TAM;SBBR;SBBH;401,00;32
2003;6;TAM;SBBE;SBBR;593,00;79
2003;6;TAM;SBFL;SBPA;259,00;47
2003;6;TAM;SBRJ;SBBH;339,00;119
2003;6;TAM;SBFL;SBSP;510,00;131
2003;6;TAM;SBBR;SBKP;727,00;28
2003;6;TAM;SBFZ;SBRF;698,00;39
2003;6;TAM;SBKP;SBBR;519,00;63
2003;6;TAM;SBCT;SBFL;667,00;2
2003;6;TAM;SBSV;SBRF;1261,00;23
2003;6;TAM;SBBE;SBBR;434,00;767
2003;6;TAM;SBBR;SBGR;807,00;57
2003;6;TAM;SBCT;SBBH;420,00;85
2003;6;TAM;SBRJ;SBBR;709,00;168
2003;6;TAM;SBBE;SBBR;1137,00;33
2003;6;TAM;SBBH;SBBR;455,00;173
2003;6;TAM;SBBE;SBBR;513,00;26
2003;6;TAM;SBSV;SBGR;691,00;72
2003;6;TAM;SBFZ;SBRF;477,00;28
2003;6;TAM;SBCT;SBKP;411,00;57
2003;6;TAM;SBBR;SBRJ;776,00;59
2003;6;TAM;SBPA;SBKP;832,00;70
2003;6;TAM;SBBR;SBRJ;709,00;199
2003;6;TAM;SBBH;SBSP;512,00;329
2003;6;TAM;SBSV;SBGL;508,00;192
2003;6;TAM;SBSV;SBGL;664,00;79
2003;6;TAM;SBBH;SBCT;485,00;89
2003;6;TAM;SBFL;SBSP;461,00;29
2003;6;TAM;SBBH;SBBR;793,00;42
2003;6;TAM;SBCT;SBKP;293,00;55
2003;6;TAM;SBBR;SBSV;854,00;2
2003;6;TAM;SBGR;SBCT;487,00;85
2003;6;TAM;SBGL;SBPA;513,00;78
2003;6;TAM;SBGO;SBBR;220,00;26
2003;6;TAM;SBCT;SBGL;677,00;3
2003;6;TAM;SBCT;SBGR;333,00;93
2003;6;TAM;SBMQ;SBBE;182,00;93
2003;6;TAM;SBCT;SBPA;377,00;43
2003;6;TAM;SBRF;SBSV;256,00;805
2003;6;TAM;SBCT;SBKP;450,00;63
2003;6;TAM;SBPA;SBGL;829,00;59
2003;6;TAM;SBFL;SBGR;413,00;10
2003;6;TAM;SBSV;SBBR;854,00;1
2003;6;TAM;SBUL;SBSP;595,00;28
2003;6;TAM;SBGO;SBBR;164,00;1116
2003;6;TAM;SBFL;SBBR;912,00;29
2003;6;TAM;SBBH;SBSP;414,00;339
2003;6;TAM;SBFL;SBCT;584,00;4
2003;6;TAM;SBBR;SBKP;389,00;323
2003;6;TAM;SBGL;SBSV;821,00;27
2003;6;TAM;SBBR;SBBE;867,00;16
2003;6;TAM;SBKP;SBCT;450,00;45
2003;6;TAM;SBRF;SBSV;1261,00;17
2003;6;TAM;SBBR;SBSP;418,00;2977
2003;6;TAM;SBVT;SBSP;620,00;141
2003;6;TAM;SBVT;SBRJ;397,00;65
2003;6;TAM;SBSP;SBFL;413,00;43
2003;6;TAM;SBBH;SBRJ;496,00;326
2003;6;TAM;SBGR;SBBR;418,00;53
2003;6;TAM;SBCT;SBBR;677,00;58
2003;6;TAM;SBCT;SBKP;372,00;23
2003;6;TAM;SBRJ;SBBH;378,00;61
2003;6;TAM;SBSP;SBPA;686,00;270
2003;6;TAM;SBCT;SBSP;411,00;228
2003;6;TAM;SBGR;SBGL;276,00;100
2003;6;TAM;SBBE;SBMQ;204,00;15
2003;6;TAM;SBFL;SBGR;364,00;10
2003;6;TAM;SBPA;SBKP;399,00;1069
2003;6;TAM;SBSP;SBPS;714,00;3
2003;6;TAM;SBFL;SBCT;751,00;1
2003;6;TAM;SBBH;SBBR;655,00;44
2003;6;TAM;SBSP;SBVT;399,00;3572
2003;6;TAM;SBBR;SBSV;928,00;84
2003;6;TAM;SBBR;SBCT;757,00;48
2003;6;TAM;SBRF;SBFZ;315,00;4
2003;6;TAM;SBCT;SBGR;372,00;68
2003;6;TAM;SBRJ;SBBH;418,00;68
2003;6;TAM;SBBR;SBGO;164,00;994
2003;6;TAM;SBPA;SBGR;422,00;48
2003;6;TAM;SBPA;SBGR;556,00;18
2003;6;TAM;SBFZ;SBBR;911,00;14
2003;6;TAM;SBBR;SBBE;513,00;38
2003;6;TAM;SBCT;SBKP;333,00;21
2003;6;TAM;SBPS;SBSP;976,00;7
2003;6;TAM;SBBR;SBGL;506,00;1
2003;6;TAM;SBGO;SBBR;246,00;9
2003;6;TAM;SBPA;SBGL;513,00;115
2003;6;TAM;SBCT;SBGL;559,00;14
2003;6;TAM;SBCT;SBPA;283,00;29
2003;6;TAM;SBCT;SBGL;383,00;33
2003;6;TAM;SBGO;SBSP;534,00;227
2003;6;TAM;SBPA;SBSP;752,00;27
2003;6;TAM;SBGO;SBSP;660,00;141
2003;6;TAM;SBGR;SBFL;364,00;6
2003;6;TAM;SBRJ;SBVT;439,00;106
2003;6;TAM;SBCT;SBBH;807,00;133
2003;6;TAM;SBRF;SBSV;1855,00;34
2003;6;TAM;SBFL;SBBR;738,00;36
2003;6;TAM;SBSP;SBGL;276,00;1
2003;6;TAM;SBCT;SBBH;614,00;22
2003;6;TAM;SBCT;SBGL;736,00;65
2003;6;TAM;SBRJ;SBBR;418,00;3162
2003;6;TAM;SBFZ;SBRF;315,00;13
2003;6;TAM;SBBR;SBCT;560,00;266
2003;6;TAM;SBGL;SBGR;386,00;17
2003;6;TAM;SBMQ;SBBE;345,00;2
2003;6;TAM;SBRJ;SBBR;439,00;1294
2003;6;TAM;SBSP;SBVT;443,00;323
2003;6;TAM;SBPA;SBGR;621,00;13
2003;6;TAM;SBPA;SBCT;528,00;12
2003;6;TAM;SBSP;SBRP;363,00;1567
2003;6;TAM;SBGR;SBCT;333,00;43
2003;6;TAM;SBPS;SBSP;639,00;20
2003;6;TAM;SBFL;SBBR;999,00;4
2003;6;TAM;SBGR;SBPA;752,00;7
2003;6;TAM;SBPA;SBFL;458,00;1
2003;6;TAM;SBRF;SBGL;761,00;17
2003;6;TAM;SBSP;SBUL;529,00;101
2003;6;TAM;SBBR;SBFL;468,00;554
2003;6;TAM;SBGR;SBBR;549,00;20
2003;6;TAM;SBBR;SBKP;346,00;550
2003;6;TAM;SBBH;SBBR;306,00;1786
2003;6;TAM;SBPA;SBKP;499,00;29
2003;6;TAM;SBFZ;SBRF;280,00;24
2003;6;TAM;SBBR;SBBE;456,00;23
2003;6;TAM;SBBR;SBCT;916,00;3
2003;6;TAM;SBBE;SBMQ;133,00;2249
2003;6;TAM;SBPA;SBCT;627,00;103
2003;6;TAM;SBRP;SBSP;434,00;45
2003;6;TAM;SBGR;SBFL;234,00;124
2003;6;TAM;SBBR;SBGO;324,00;25
2003;6;TAM;SBFL;SBSP;668,00;56
2003;6;TAM;SBSP;SBGL;350,00;92
2003;6;TAM;SBBR;SBGR;614,00;19
2003;6;TAM;SBRF;SBFZ;421,00;22
2003;6;TAM;SBBR;SBKP;863,00;80
2003;6;TAM;SBCT;SBBH;485,00;83
2003;6;TAM;SBKP;SBCT;487,00;114
2003;6;TAM;SBRJ;SBVT;397,00;49
2003;6;TAM;SBGL;SBCT;331,00;20
2003;6;TAM;SBGR;SBBR;679,00;48
2003;6;TAM;SBBE;SBMQ;236,00;27
2003;6;TAM;SBGL;SBSV;459,00;1519
2003;6;TAM;SBBE;SBMQ;182,00;23
2003;6;TAM;SBSP;SBFL;461,00;32
2003;6;TAM;SBKP;SBPA;699,00;8
2003;6;TAM;SBMQ;SBBE;236,00;38
2003;6;TAM;SBGL;SBSV;664,00;51
2003;6;TAM;SBRJ;SBBH;496,00;312
2003;6;TAM;SBKP;SBPA;433,00;78
2003;6;TAM;SBSP;SBBR;614,00;357
2003;6;TAM;SBRF;SBSV;276,00;25
2003;6;TAM;SBSV;SBGR;603,00;168
2003;6;TAM;SBSP;SBFL;234,00;2119
2003;6;TAM;SBSP;SBVT;502,00;95
2003;6;TAM;SBFL;SBPA;418,00;21
2003;6;TAM;SBBH;SBCT;549,00;74
2003;6;TAM;SBRF;SBGL;635,00;757
2003;6;TAM;SBSP;SBCT;411,00;205
2003;6;TAM;SBPA;SBGL;908,00;2
2003;6;TAM;SBVT;SBSP;443,00;236
2003;6;TAM;SBGR;SBSV;783,00;63
2003;6;TAM;SBKP;SBPA;499,00;30
2003;6;TAM;SBBR;SBSV;557,00;69
2003;6;TAM;SBGR;SBGL;313,00;5
2003;6;TAM;SBBH;SBRJ;378,00;119
2003;6;TAM;SBRF;SBSV;310,00;11
2003;6;TAM;SBBR;SBBH;655,00;16
2003;6;TAM;SBSP;SBGO;597,00;21
2003;6;TAM;SBRJ;SBVT;481,00;61
2003;6;TAM;SBVT;SBRJ;521,00;186
2003;6;TAM;SBSV;SBBR;705,00;10
2003;6;TAM;SBBR;SBFL;500,00;266
2003;6;TAM;SBFL;SBPA;299,00;8
2003;6;TAM;SBBR;SBFZ;1007,00;36
2003;6;TAM;SBRJ;SBBH;224,00;599
2003;6;TAM;SBBR;SBSV;484,00;688
2003;6;TAM;SBBR;SBSV;631,00;41
2003;6;TAM;SBRJ;SBVT;176,00;2000
2003;6;TAM;SBRP;SBSP;363,00;1616
2003;6;TAM;SBBH;SBBR;862,00;219
2003;6;TAM;SBBR;SBBH;862,00;148
2003;6;TAM;SBRF;SBGL;1269,00;114
2003;6;TAM;SBSP;SBBH;463,00;94
2003;6;TAM;SBFZ;SBRF;421,00;31
2003;6;TAM;SBPA;SBKP;765,00;2
2003;6;TAM;SBVT;SBRJ;209,00;62
2003;6;TAM;SBPA;SBKP;699,00;7
2003;6;TAM;SBSP;SBFL;316,00;78
2003;6;TAM;SBGR;SBCF;606,00;109
2003;6;TAM;SBFZ;SBRF;533,00;15
2003;6;TAM;SBVT;SBSP;679,00;81
2003;6;TAM;SBCT;SBGR;299,00;1170
2003;6;TAM;SBSV;SBGR;783,00;48
2003;6;TAM;SBPA;SBSP;686,00;265
2003;6;TAM;SBCT;SBFL;834,00;15
2003;6;TAM;SBPA;SBSP;556,00;265
2003;6;TAM;SBGL;SBCT;559,00;5
2003;6;TAM;SBMQ;SBBE;204,00;77
2003;6;TAM;SBMQ;SBBE;309,00;5
2003;6;TAM;SBBH;SBCT;743,00;10
2003;6;TAM;SBSP;SBKP;163,00;1
2003;6;TAM;SBRF;SBSV;965,00;73
2003;6;TAM;SBFL;SBBR;500,00;355
2003;6;TAM;SBSP;SBPS;865,00;3
2003;6;TAM;SBSV;SBRF;310,00;12
2003;6;TAM;SBBR;SBGR;679,00;25
2003;6;TAM;SBGR;SBPA;422,00;47
2003;6;TAM;SBGR;SBBR;614,00;28
2003;6;TAM;SBBH;SBBR;586,00;69
2003;6;TAM;SBBR;SBBH;724,00;36
2003;6;TAM;SBBR;SBGL;709,00;1
2003;6;TAM;SBRF;SBFZ;645,00;5
2003;6;TAM;SBRJ;SBBR;641,00;182
2003;6;TAM;SBBH;SBBR;348,00;48
2003;6;TAM;SBBR;SBBH;306,00;2289
2003;6;TAM;SBGL;SBSV;586,00;82
2003;6;TAM;SBPS;SBSP;865,00;18
2003;6;TAM;SBSP;SBRJ;299,00;17078
2003;6;TAM;SBBR;SBBE;958,00;12
2003;6;TAM;SBGR;SBPA;816,00;67
2003;6;TAM;SBBR;SBGR;549,00;27
2003;6;TAM;SBSP;SBBR;418,00;1976
2003;6;TAM;SBRJ;SBVT;356,00;53
2003;6;TAM;SBBR;SBFL;652,00;102
2003;6;TAM;SBFL;SBGR;234,00;199
2003;6;TAM;SBSP;SBPA;858,00;260
2003;6;TAM;SBCT;SBSP;450,00;37
2003;6;TAM;SBBR;SBBE;776,00;9
2003;6;TAM;SBKP;SBPA;765,00;8
2003;6;TAM;SBSV;SBGL;459,00;1781
2003;6;TAM;SBCT;SBBH;549,00;116
2003;6;TAM;SBGL;SBPA;750,00;26
2003;6;TAM;SBBE;SBBR;685,00;11
2003;6;TAM;SBPS;SBSP;579,00;104
2003;6;TAM;SBCT;SBPA;428,00;45
2003;6;TAM;SBGR;SBFL;607,00;15
2003;6;TAM;SBSP;SBBH;512,00;247
2003;6;TAM;SBCT;SBFL;501,00;408
2003;6;TAM;SBCF;SBGR;606,00;45
2003;6;TAM;SBFL;SBBR;652,00;71
2003;6;TAM;SBVT;SBRJ;481,00;58
2003;6;TAM;SBBE;SBMQ;159,00;563
2003;6;TAM;SBBR;SBBE;434,00;755
2003;6;TAM;SBRJ;SBVT;521,00;167
2003;6;TAM;SBBH;SBCT;807,00;145
2003;6;TAM;SBVT;SBSP;561,00;93
2003;6;TAM;SBGL;SBRF;964,00;8
2003;6;TAM;SBSP;SBRP;434,00;14
2003;6;TAM;SBKP;SBPA;399,00;1088
2003;6;TAM;SBBR;SBGO;246,00;22
2003;6;TAM;SBSP;SBGO;865,00;45
2003;6;TAM;SBBR;SBSV;705,00;18
2003;6;TAM;SBRJ;SBBR;574,00;210
2003;6;TAM;SBPA;SBCT;327,00;150
2003;6;TAM;SBSP;SBVT;796,00;47
2003;6;TAM;SBBR;SBKP;796,00;11
2003;6;TAM;SBPA;SBFL;378,00;2
2003;6;TAM;SBSP;SBVT;679,00;26
2003;6;TAM;SBBR;SBSP;549,00;656
2003;6;TAM;SBGO;SBSP;723,00;15
2003;6;TAM;SBGR;SBCT;450,00;2
2003;6;TAM;SBKP;SBCT;411,00;67
2003;6;TAM;SBUL;SBSP;403,00;1415
2003;6;TAM;SBPA;SBCT;252,00;106
2003;6;TAM;SBRF;SBFZ;698,00;43
2003;6;TAM;SBPA;SBSP;422,00;1491
2003;6;TAM;SBFL;SBSP;234,00;2195
2003;6;TAM;SBGR;SBFL;316,00;15
2003;6;TAM;SBGL;SBGR;458,00;16
2003;6;TAM;SBSV;SBGL;586,00;82
2003;6;TAM;SBCT;SBBH;679,00;20
2003;6;TAM;SBRF;SBGL;1066,00;20
2003;6;TAM;SBBE;SBMQ;381,00;5
2003;6;TAM;SBGR;SBCF;463,00;14
2003;6;TAM;SBGR;SBCT;299,00;868
2003;6;TAM;SBVT;SBRJ;356,00;55
2003;6;TAM;SBFL;SBGR;461,00;22
2003;6;TAM;SBGR;SBSV;1149,00;497
2003;6;TAM;SBFL;SBBR;825,00;20
2003;6;TAM;SBRJ;SBBH;299,00;170
2003;6;TAM;SBKP;SBBR;727,00;22
2003;6;TAM;SBGR;SBCF;512,00;15
2003;6;TAM;SBBH;SBBR;401,00;243
2003;6;TAM;SBBR;SBSV;780,00;14
2003;6;TAM;SBFZ;SBBR;1199,00;96
2003;6;TAM;SBKP;SBCT;372,00;53
2003;6;TAM;SBPA;SBGL;982,00;213
2003;6;TAM;SBBH;SBRJ;299,00;208
2003;6;TAM;SBFL;SBSP;316,00;126
2003;6;TAM;SBRF;SBSV;1410,00;1
2003;6;TAM;SBGL;SBRF;863,00;18
2003;6;TAM;SBBR;SBBE;1137,00;29
2003;6;TAM;SBBR;SBBH;586,00;38
2003;6;TAM;SBGO;SBSP;597,00;120
2003;6;TAM;SBPS;SBSP;714,00;23
2003;6;TAM;SBBH;SBRJ;458,00;54
2003;6;TAM;SBRF;SBFZ;217,00;281
2003;6;TAM;SBFL;SBSP;269,00;64
2003;6;TAM;SBGR;SBCT;372,00;42
2003;6;TAM;SBBR;SBCT;837,00;70
2003;6;TAM;SBSP;SBPS;499,00;127
2003;6;TAM;SBGL;SBPA;908,00;12
2003;6;TAM;SBBH;SBSP;463,00;245
2003;6;TAM;SBPA;SBCT;209,00;1618
2003;6;TAM;SBSV;SBGR;875,00;10
2003;6;TAM;SBBR;SBGL;574,00;2
2003;6;TAM;SBCT;SBBR;916,00;5
2003;6;TAM;SBBR;SBBH;517,00;32
2003;6;TAM;SBSP;SBBR;485,00;799
2003;6;TAM;SBFL;SBCT;501,00;505
2003;6;TAM;SBSP;SBGO;660,00;68
2003;6;TAM;SBGR;SBCT;411,00;77
2003;6;TAM;SBBR;SBGR;418,00;52
2003;6;TAM;SBPA;SBFL;259,00;28
2003;6;TAM;SBGL;SBSV;508,00;161
2003;6;TAM;SBPA;SBCT;478,00;12
2003;6;TAM;SBFL;SBBR;565,00;267
2003;6;TAM;SBBR;SBCT;995,00;113
2003;6;TAM;SBCT;SBPA;327,00;111
2003;6;TAM;SBFL;SBPA;378,00;8
2003;6;TAM;SBBE;SBBR;456,00;24
2003;6;TAM;SBBH;SBBR;517,00;66
2003;6;TAM;SBSV;SBRF;256,00;772
2003;6;TAM;SBCT;SBGR;411,00;32
2003;6;TAM;SBSP;SBBH;414,00;372
2003;6;TAM;SBGR;SBPA;621,00;16
2003;6;TAM;SBRJ;SBBR;776,00;84
2003;6;TAM;SBGR;SBBR;807,00;83
2003;6;TAM;SBCT;SBPA;627,00;112
2003;6;TAM;SBGR;SBSV;967,00;58
2003;6;TAM;SBPA;SBCT;579,00;1
2003;6;TAM;SBGL;SBSV;743,00;21
2003;6;TAM;SBGR;SBSV;603,00;177
2003;6;TAM;SBCT;SBGR;487,00;129
2003;6;TAM;SBBR;SBFZ;1103,00;8
2003;6;TAM;SBFL;SBPA;458,00;4
2003;6;TAM;SBFL;SBPA;191,00;5
2003;6;TAM;SBFZ;SBBR;815,00;26
2003;6;TAM;SBBH;SBRJ;418,00;154
2003;6;TAM;SBBR;SBBE;593,00;53
2003;6;TAM;SBGO;SBSP;865,00;51
2003;6;TAM;SBBR;SBFZ;1199,00;150
2003;6;TAM;SBGR;SBCF;414,00;12
2003;6;TAM;SBSP;SBFL;269,00;114
2003;6;VRG;SBRF;SBSV;358,00;136
2003;6;VRG;SBGR;SBPA;817,00;1750
2003;6;VRG;SBRJ;SBCT;677,00;11
2003;6;VRG;SBVT;SBSP;434,00;724
2003;6;VRG;SBGL;SBCT;500,00;84
2003;6;VRG;SBSV;SBBR;706,00;19
2003;6;VRG;SBGR;SBBR;743,00;976
2003;6;VRG;SBGR;SBSV;875,00;52
2003;6;VRG;SBSV;SBBR;855,00;28
2003;6;VRG;SBNF;SBSP;525,00;136
2003;6;VRG;SBKP;SBBH;396,00;8
2003;6;VRG;SBGR;SBEG;1535,00;972
2003;6;VRG;SBFL;SBBR;999,00;2
2003;6;VRG;SBGR;SBBR;808,00;559
2003;6;VRG;SBSV;SBRF;579,00;5
2003;6;VRG;SBBR;SBFZ;1007,00;3
2003;6;VRG;SBCF;SBGR;731,00;189
2003;6;VRG;SBFZ;SBBR;1199,00;200
2003;6;VRG;SBSP;SBNF;297,00;599
2003;6;VRG;SBCT;SBGL;559,00;8
2003;6;VRG;SBBR;SBGO;194,00;80
2003;6;VRG;SBGL;SBCT;736,00;201
2003;6;VRG;SBFL;SBBR;1303,00;1
2003;6;VRG;SBBR;SBGL;380,00;1376
2003;6;VRG;SBSP;SBPA;817,00;1694
2003;6;VRG;SBSP;SBGO;474,00;1484
2003;6;VRG;SBGR;SBSV;783,00;565
2003;6;VRG;SBBR;SBPA;554,00;1416
2003;6;VRG;SBGR;SBGL;207,00;60
2003;6;VRG;SBCF;SBGR;414,00;158
2003;6;VRG;SBGL;SBRF;1066,00;5
2003;6;VRG;SBCT;SBGR;220,00;179
2003;6;VRG;SBPA;SBCT;283,00;234
2003;6;VRG;SBCT;SBPA;199,00;929
2003;6;VRG;SBBR;SBPA;550,00;102
2003;6;VRG;SBGL;SBBR;506,00;187
2003;6;VRG;SBBH;SBBR;301,00;17
2003;6;VRG;SBSV;SBBR;929,00;170
2003;6;VRG;SBGR;SBCF;414,00;172
2003;6;VRG;SBFL;SBGR;607,00;158
2003;6;VRG;SBEG;SBGR;1401,00;13
2003;6;VRG;SBBH;SBBR;615,00;24
2003;6;VRG;SBRJ;SBCT;734,00;69
2003;6;VRG;SBPA;SBFL;378,00;8
2003;6;VRG;SBCT;SBGR;333,00;144
2003;6;VRG;SBRJ;SBBR;506,00;698
2003;6;VRG;SBGR;SBPA;422,00;1451
2003;6;VRG;SBRJ;SBBH;339,00;352
2003;6;VRG;SBFZ;SBBR;1007,00;7
2003;6;VRG;SBGR;SBFL;413,00;112
2003;6;VRG;SBSV;SBGL;664,00;382
2003;6;VRG;SBBH;SBRJ;418,00;1
2003;6;VRG;SBRJ;SBBR;431,00;31
2003;6;VRG;SBSP;SBFL;243,00;58
2003;6;VRG;SBPA;SBBR;832,00;354
2003;6;VRG;SBGR;SBSV;1151,00;1898
2003;6;VRG;SBRJ;SBBR;709,00;28
2003;6;VRG;SBCT;SBRJ;618,00;2
2003;6;VRG;SBVT;SBRJ;439,00;7
2003;6;VRG;SBSV;SBGL;821,00;3
2003;6;VRG;SBGL;SBBR;574,00;215
2003;6;VRG;SBFZ;SBRF;315,00;158
2003;6;VRG;SBBR;SBGR;420,00;633
2003;6;VRG;SBCT;SBKP;220,00;2
2003;6;VRG;SBBH;SBKP;502,00;11
2003;6;VRG;SBPA;SBBR;554,00;1489
2003;6;VRG;SBBR;SBRJ;709,00;18
2003;6;VRG;SBRF;SBFZ;365,00;205
2003;6;VRG;SBFL;SBPA;259,00;70
2003;6;VRG;SBBE;SBMQ;381,00;1
2003;6;VRG;SBPA;SBGR;752,00;1448
2003;6;VRG;SBPA;SBFL;458,00;84
2003;6;VRG;SBBE;SBMQ;345,00;1
2003;6;VRG;SBGR;SBBR;420,00;513
2003;6;VRG;SBKP;SBRJ;360,00;171
2003;6;VRG;SBGO;SBSP;474,00;1492
2003;6;VRG;SBSP;SBFL;316,00;189
2003;6;VRG;SBFZ;SBBR;1103,00;22
2003;6;VRG;SBFL;SBGR;728,00;15
2003;6;VRG;SBCT;SBGL;736,00;113
2003;6;VRG;SBRJ;SBCT;304,00;229
2003;6;VRG;SBCT;SBGL;331,00;292
2003;6;VRG;SBFL;SBPA;458,00;75
2003;6;VRG;SBSV;SBGR;548,00;2371
2003;6;VRG;SBKP;SBCT;333,00;75
2003;6;VRG;SBGR;SBBR;970,00;160
2003;6;VRG;SBBH;SBSP;463,00;87
2003;6;VRG;SBGL;SBRF;1269,00;283
2003;6;VRG;SBGR;SBCT;489,00;534
2003;6;VRG;SBCT;SBGL;677,00;89
2003;6;VRG;SBFZ;SBRF;645,00;23
2003;6;VRG;SBBR;SBSP;614,00;64
2003;6;VRG;SBPA;SBGL;1184,00;542
2003;6;VRG;SBBR;SBKP;796,00;10
2003;6;VRG;SBBH;SBSP;609,00;2169
2003;6;VRG;SBKP;SBBR;399,00;264
2003;6;VRG;SBCT;SBGL;330,00;52
2003;6;VRG;SBRJ;SBKP;317,00;848
2003;6;VRG;SBGL;SBPA;513,00;206
2003;6;VRG;SBFL;SBGR;243,00;16
2003;6;VRG;SBBH;SBSP;303,00;4113
2003;6;VRG;SBCT;SBGL;500,00;87
2003;6;VRG;SBPA;SBBR;636,00;116
2003;6;VRG;SBSV;SBGR;1381,00;109
2003;6;VRG;SBBR;SBGL;574,00;215
2003;6;VRG;SBGL;SBSV;664,00;273
2003;6;VRG;SBGR;SBFL;364,00;84
2003;6;VRG;SBFL;SBBR;425,00;32
2003;6;VRG;SBFL;SBGR;510,00;6
2003;6;VRG;SBGR;SBCF;303,00;427
2003;6;VRG;SBKP;SBRJ;487,00;21
2003;6;VRG;SBRJ;SBKP;238,00;2
2003;6;VRG;SBPA;SBGL;592,00;134
2003;6;VRG;SBGL;SBSV;743,00;17
2003;6;VRG;SBMQ;SBBE;418,00;3
2003;6;VRG;SBVT;SBRJ;314,00;163
2003;6;VRG;SBSP;SBCT;489,00;2458
2003;6;VRG;SBGL;SBBR;439,00;502
2003;6;VRG;SBFL;SBPA;598,00;74
2003;6;VRG;SBGL;SBBR;776,00;190
2003;6;VRG;SBFL;SBPA;224,00;55
2003;6;VRG;SBKP;SBBR;865,00;52
2003;6;VRG;SBPA;SBCT;252,00;28
2003;6;VRG;SBCT;SBFL;184,00;29
2003;6;VRG;SBCT;SBSP;450,00;81
2003;6;VRG;SBVT;SBRJ;176,00;1444
2003;6;VRG;SBGR;SBFL;243,00;25
2003;6;VRG;SBVT;SBSP;492,00;464
2003;6;VRG;SBUL;SBSP;595,00;66
2003;6;VRG;SBCT;SBSP;489,00;3225
2003;6;VRG;SBGR;SBPA;490,00;330
2003;6;VRG;SBBR;SBGO;246,00;11
2003;6;VRG;SBCF;SBGR;609,00;242
2003;6;VRG;SBBE;SBMQ;272,00;21
2003;6;VRG;SBBR;SBRJ;431,00;55
2003;6;VRG;SBBR;SBFZ;1103,00;20
2003;6;VRG;SBRF;SBGL;577,00;725
2003;6;VRG;SBGR;SBFL;607,00;244
2003;6;VRG;SBPA;SBBR;734,00;207
2003;6;VRG;SBGR;SBGL;350,00;54
2003;6;VRG;SBBH;SBBR;669,00;359
2003;6;VRG;SBPA;SBCT;327,00;108
2003;6;VRG;SBRJ;SBVT;397,00;36
2003;6;VRG;SBCT;SBPA;629,00;257
2003;6;VRG;SBGO;SBBR;246,00;4
2003;6;VRG;SBRJ;SBVT;235,00;526
2003;6;VRG;SBRJ;SBCT;442,00;64
2003;6;VRG;SBPA;SBGL;408,00;2055
2003;6;VRG;SBRJ;SBBH;418,00;12
2003;6;VRG;SBSP;SBPA;556,00;651
2003;6;VRG;SBBR;SBBE;1141,00;310
2003;6;VRG;SBBE;SBBR;434,00;581
2003;6;VRG;SBBR;SBKP;657,00;9
2003;6;VRG;SBRF;SBFZ;217,00;1303
2003;6;VRG;SBGL;SBRF;1167,00;199
2003;6;VRG;SBKP;SBBH;279,00;1
2003;6;VRG;SBSP;SBPS;579,00;138
2003;6;VRG;SBSP;SBBR;485,00;956
2003;6;VRG;SBGL;SBFL;613,00;3
2003;6;VRG;SBFZ;SBBR;911,00;46
2003;6;VRG;SBPA;SBCT;528,00;2
2003;6;VRG;SBBR;SBKP;519,00;75
2003;6;VRG;SBGR;SBSV;1381,00;217
2003;6;VRG;SBBR;SBBE;685,00;168
2003;6;VRG;SBGR;SBCF;609,00;332
2003;6;VRG;SBPA;SBGR;1062,00;5
2003;6;VRG;SBSP;SBPA;752,00;97
2003;6;VRG;SBVT;SBSP;399,00;2204
2003;6;VRG;SBFZ;SBBR;1436,00;130
2003;6;VRG;SBGL;SBGR;313,00;642
2003;6;VRG;SBGO;SBBR;194,00;36
2003;6;VRG;SBGL;SBPA;829,00;6
2003;6;VRG;SBGO;SBBR;220,00;153
2003;6;VRG;SBSP;SBFL;413,00;163
2003;6;VRG;SBSP;SBPA;422,00;3668
2003;6;VRG;SBGR;SBCT;587,00;33
2003;6;VRG;SBBH;SBSP;317,00;2470
2003;6;VRG;SBBE;SBBR;685,00;149
2003;6;VRG;SBBR;SBGL;1013,00;266
2003;6;VRG;SBGO;SBSP;353,00;244
2003;6;VRG;SBBR;SBGO;272,00;3
2003;6;VRG;SBUL;SBSP;403,00;751
2003;6;VRG;SBBR;SBSV;780,00;8
2003;6;VRG;SBRJ;SBBH;224,00;716
2003;6;VRG;SBGR;SBPA;556,00;607
2003;6;VRG;SBBR;SBBH;306,00;983
2003;6;VRG;SBGL;SBGR;350,00;76
2003;6;VRG;SBBR;SBGL;844,00;524
2003;6;VRG;SBCT;SBSP;411,00;9
2003;6;VRG;SBFL;SBPA;199,00;14
2003;6;VRG;SBGR;SBGL;598,00;46
2003;6;VRG;SBPA;SBFL;174,00;103
2003;6;VRG;SBCT;SBRJ;559,00;1
2003;6;VRG;SBSV;SBGL;459,00;1963
2003;6;VRG;SBGL;SBSV;582,00;297
2003;6;VRG;SBSV;SBRF;276,00;124
2003;6;VRG;SBSP;SBGO;534,00;273
2003;6;VRG;SBRJ;SBCT;500,00;59
2003;6;VRG;SBBR;SBFZ;911,00;20
2003;6;VRG;SBSP;SBRJ;299,00;36476
2003;6;VRG;SBBR;SBKP;450,00;95
2003;6;VRG;SBGL;SBGR;423,00;763
2003;6;VRG;SBFL;SBSP;461,00;8
2003;6;VRG;SBRF;SBGL;660,00;747
2003;6;VRG;SBFZ;SBRF;217,00;1241
2003;6;VRG;SBGO;SBBR;324,00;132
2003;6;VRG;SBSP;SBNF;343,00;144
2003;6;VRG;SBBR;SBRJ;439,00;1612
2003;6;VRG;SBRJ;SBBH;378,00;19
2003;6;VRG;SBRP;SBSP;363,00;428
2003;6;VRG;SBFL;SBGL;968,00;58
2003;6;VRG;SBVT;SBSP;550,00;47
2003;6;VRG;SBCT;SBGL;881,00;84
2003;6;VRG;SBMQ;SBBE;540,00;1
2003;6;VRG;SBGO;SBSP;597,00;17
2003;6;VRG;SBBR;SBGR;614,00;49
2003;6;VRG;SBSP;SBBR;380,00;5534
2003;6;VRG;SBKP;SBBR;450,00;105
2003;6;VRG;SBPA;SBCT;199,00;971
2003;6;VRG;SBSP;SBCT;372,00;35
2003;6;VRG;SBGL;SBCT;559,00;3
2003;6;VRG;SBSP;SBPA;490,00;491
2003;6;VRG;SBGL;SBPA;408,00;1839
2003;6;VRG;SBBH;SBBR;562,00;3
2003;6;VRG;SBVT;SBRJ;481,00;200
2003;6;VRG;SBGR;SBEG;867,00;537
2003;6;VRG;SBBH;SBRJ;176,00;3078
2003;6;VRG;SBBH;SBKP;343,00;451
2003;6;VRG;SBBR;SBKP;865,00;43
2003;6;VRG;SBSP;SBRP;395,00;92
2003;6;VRG;SBBH;SBBR;508,00;45
2003;6;VRG;SBBR;SBFL;912,00;1
2003;6;VRG;SBPA;SBGR;686,00;79
2003;6;VRG;SBBR;SBPA;1125,00;27
2003;6;VRG;SBBR;SBBE;513,00;634
2003;6;VRG;SBRJ;SBVT;481,00;167
2003;6;VRG;SBSV;SBRF;310,00;236
2003;6;VRG;SBMQ;SBBE;454,00;90
2003;6;VRG;SBBH;SBKP;607,00;1
2003;6;VRG;SBSP;SBPS;423,00;118
2003;6;VRG;SBGR;SBFL;234,00;493
2003;6;VRG;SBSV;SBBR;780,00;5
2003;6;VRG;SBBR;SBKP;389,00;74
2003;6;VRG;SBBR;SBBE;1050,00;23
2003;6;VRG;SBBR;SBFL;1086,00;43
2003;6;VRG;SBCT;SBFL;409,00;38
2003;6;VRG;SBFL;SBGL;484,00;15
2003;6;VRG;SBFL;SBBR;652,00;17
2003;6;VRG;SBGR;SBFL;316,00;496
2003;6;VRG;SBCT;SBFL;376,00;3
2003;6;VRG;SBVT;SBSP;326,00;104
2003;6;VRG;SBCT;SBGR;587,00;5
2003;6;VRG;SBGR;SBSV;518,00;430
2003;6;VRG;SBSP;SBBR;549,00;1697
2003;6;VRG;SBCF;SBGR;274,00;53
2003;6;VRG;SBSV;SBGR;599,00;806
2003;6;VRG;SBSP;SBFL;273,00;725
2003;6;VRG;SBGR;SBCT;220,00;143
2003;6;VRG;SBNF;SBSP;434,00;34
2003;6;VRG;SBSV;SBGR;1151,00;1097
2003;6;VRG;SBPA;SBGR;490,00;416
2003;6;VRG;SBRF;SBGL;1513,00;334
2003;6;VRG;SBRF;SBSV;689,00;343
2003;6;VRG;SBKP;SBBH;343,00;476
2003;6;VRG;SBBE;SBMQ;204,00;4
2003;6;VRG;SBRJ;SBBR;776,00;146
2003;6;VRG;SBBR;SBGR;364,00;48
2003;6;VRG;SBBH;SBKP;554,00;1
2003;6;VRG;SBCT;SBKP;333,00;49
2003;6;VRG;SBPA;SBFL;128,00;1753
2003;6;VRG;SBVT;SBRJ;523,00;592
2003;6;VRG;SBBR;SBSP;549,00;1194
2003;6;VRG;SBSV;SBBR;418,00;86
2003;6;VRG;SBGL;SBCT;677,00;24
2003;6;VRG;SBRF;SBFZ;280,00;5
2003;6;VRG;SBGL;SBPA;1184,00;472
2003;6;VRG;SBPA;SBGL;671,00;217
2003;6;VRG;SBBR;SBBH;455,00;423
2003;6;VRG;SBGR;SBSV;599,00;892
2003;6;VRG;SBBR;SBSP;808,00;1811
2003;6;VRG;SBCT;SBGL;442,00;82
2003;6;VRG;SBSV;SBGL;436,00;157
2003;6;VRG;SBFL;SBBR;1086,00;14
2003;6;VRG;SBPA;SBGL;908,00;130
2003;6;VRG;SBSP;SBUL;293,00;17
2003;6;VRG;SBBR;SBSP;364,00;201
2003;6;VRG;SBFL;SBGL;363,00;81
2003;6;VRG;SBBR;SBSV;418,00;59
2003;6;VRG;SBRF;SBFZ;589,00;1
2003;6;VRG;SBRF;SBSV;469,00;184
2003;6;VRG;SBSV;SBRF;413,00;160
2003;6;VRG;SBKP;SBBR;796,00;5
2003;6;VRG;SBNF;SBSP;245,00;2469
2003;6;VRG;SBRF;SBFZ;245,00;346
2003;6;VRG;SBPS;SBSP;423,00;168
2003;6;VRG;SBGR;SBBR;679,00;24
2003;6;VRG;SBBE;SBMQ;133,00;606
2003;6;VRG;SBVT;SBSP;608,00;16
2003;6;VRG;SBPS;SBSP;714,00;6
2003;6;VRG;SBRJ;SBCT;383,00;32
2003;6;VRG;SBGR;SBGL;313,00;487
2003;6;VRG;SBFL;SBCT;184,00;2
2003;6;VRG;SBBR;SBBE;776,00;259
2003;6;VRG;SBSP;SBBH;463,00;63
2003;6;VRG;SBGR;SBFL;558,00;715
2003;6;VRG;SBRF;SBSV;524,00;50
2003;6;VRG;SBBE;SBBR;1141,00;191
2003;6;VRG;SBBH;SBSP;560,00;200
2003;6;VRG;SBGL;SBRF;557,00;629
2003;6;VRG;SBCT;SBSP;299,00;5328
2003;6;VRG;SBSV;SBRF;469,00;211
2003;6;VRG;SBGL;SBCT;442,00;87
2003;6;VRG;SBBR;SBPA;636,00;128
2003;6;VRG;SBFL;SBGR;413,00;91
2003;6;VRG;SBRP;SBSP;472,00;195
2003;6;VRG;SBGR;SBGL;243,00;2076
2003;6;VRG;SBGL;SBBR;380,00;1426
2003;6;VRG;SBBR;SBSP;679,00;16
2003;6;VRG;SBGR;SBEG;1401,00;65
2003;6;VRG;SBRF;SBGL;863,00;219
2003;6;VRG;SBGR;SBPA;752,00;1345
2003;6;VRG;SBBR;SBFZ;815,00;130
2003;6;VRG;SBCT;SBSP;220,00;282
2003;6;VRG;SBCT;SBKP;254,00;36
2003;6;VRG;SBBE;SBBR;1050,00;18
2003;6;VRG;SBGO;SBSP;722,00;1178
2003;6;VRG;SBSV;SBGL;899,00;343
2003;6;VRG;SBGO;SBBR;272,00;2
2003;6;VRG;SBGR;SBEG;667,00;119
2003;6;VRG;SBSP;SBFL;234,00;1470
2003;6;VRG;SBBR;SBFL;825,00;3
2003;6;VRG;SBPA;SBFL;199,00;11
2003;6;VRG;SBBR;SBFL;652,00;20
2003;6;VRG;SBSP;SBBR;679,00;35
2003;6;VRG;SBSP;SBGO;659,00;12
2003;6;VRG;SBGR;SBEG;751,00;509
2003;6;VRG;SBNF;SBSP;297,00;643
2003;6;VRG;SBFZ;SBRF;280,00;9
2003;6;VRG;SBGR;SBEG;1268,00;31
2003;6;VRG;SBRF;SBFZ;421,00;101
2003;6;VRG;SBSP;SBNF;525,00;97
2003;6;VRG;SBBR;SBGR;485,00;234
2003;6;VRG;SBGR;SBPA;686,00;80
2003;6;VRG;SBKP;SBBR;657,00;11
2003;6;VRG;SBCT;SBRJ;383,00;39
2003;6;VRG;SBMQ;SBBE;204,00;1
2003;6;VRG;SBSP;SBBH;512,00;6
2003;6;VRG;SBNF;SBSP;257,00;1177
2003;6;VRG;SBRF;SBSV;256,00;983
2003;6;VRG;SBKP;SBCT;372,00;7
2003;6;VRG;SBBE;SBBR;958,00;12
2003;6;VRG;SBBR;SBBH;615,00;21
2003;6;VRG;SBCT;SBPA;327,00;142
2003;6;VRG;SBRF;SBFZ;533,00;12
2003;6;VRG;SBGL;SBFL;432,00;537
2003;6;VRG;SBSP;SBBH;274,00;252
2003;6;VRG;SBNF;SBSP;388,00;230
2003;6;VRG;SBEG;SBGR;638,00;2523
2003;6;VRG;SBPA;SBFL;224,00;67
2003;6;VRG;SBSP;SBRP;363,00;393
2003;6;VRG;SBCF;SBGR;512,00;17
2003;6;VRG;SBBR;SBPA;1468,00;150
2003;6;VRG;SBSP;SBBH;414,00;966
2003;6;VRG;SBKP;SBRJ;317,00;1292
2003;6;VRG;SBEG;SBGR;667,00;106
2003;6;VRG;SBFL;SBSP;316,00;179
2003;6;VRG;SBRJ;SBBR;574,00;870
2003;6;VRG;SBCT;SBRJ;734,00;89
2003;6;VRG;SBBE;SBBR;456,00;222
2003;6;VRG;SBPA;SBGL;750,00;31
2003;6;VRG;SBFL;SBGR;364,00;127
2003;6;VRG;SBGL;SBRF;660,00;657
2003;6;VRG;SBRJ;SBCT;331,00;115
2003;6;VRG;SBRF;SBSV;827,00;2
2003;6;VRG;SBPA;SBGR;556,00;676
2003;6;VRG;SBFZ;SBRF;365,00;161
2003;6;VRG;SBVT;SBRJ;235,00;455
2003;6;VRG;SBSP;SBRJ;199,00;7440
2003;6;VRG;SBBE;SBBR;1369,00;124
2003;6;VRG;SBFZ;SBRF;701,00;201
2003;6;VRG;SBUL;SBSP;727,00;140
2003;6;VRG;SBGL;SBGR;598,00;51
2003;6;VRG;SBKP;SBRJ;238,00;2
2003;6;VRG;SBBH;SBRJ;259,00;351
2003;6;VRG;SBFZ;SBRF;421,00;169
2003;6;VRG;SBBR;SBBE;867,00;10
2003;6;VRG;SBGL;SBGR;386,00;50
2003;6;VRG;SBUL;SBSP;293,00;23
2003;6;VRG;SBBR;SBSV;484,00;1123
2003;6;VRG;SBBR;SBGO;220,00;180
2003;6;VRG;SBBH;SBSP;274,00;270
2003;6;VRG;SBGL;SBGR;552,00;1537
2003;6;VRG;SBBR;SBGO;164,00;483
2003;6;VRG;SBGL;SBFL;807,00;88
2003;6;VRG;SBRF;SBFZ;645,00;28
2003;6;VRG;SBFL;SBBR;869,00;2
2003;6;VRG;SBPS;SBSP;639,00;28
2003;6;VRG;SBGO;SBBR;164,00;474
2003;6;VRG;SBFL;SBPA;299,00;15
2003;6;VRG;SBGR;SBPA;621,00;135
2003;6;VRG;SBPA;SBFL;339,00;73
2003;6;VRG;SBBR;SBGO;298,00;24
2003;6;VRG;SBGL;SBSV;977,00;622
2003;6;VRG;SBKP;SBCT;411,00;3
2003;6;VRG;SBGL;SBSV;899,00;243
2003;6;VRG;SBSV;SBGR;875,00;44
2003;6;VRG;SBCT;SBRJ;442,00;43
2003;6;VRG;SBMQ;SBBE;272,00;14
2003;6;VRG;SBCT;SBRJ;331,00;126
2003;6;VRG;SBSP;SBVT;666,00;421
2003;6;VRG;SBSP;SBFL;364,00;67
2003;6;VRG;SBBR;SBGR;380,00;320
2003;6;VRG;SBKP;SBBH;607,00;1
2003;6;VRG;SBGL;SBCT;881,00;46
2003;6;VRG;SBFL;SBGL;807,00;43
2003;6;VRG;SBPA;SBSP;556,00;663
2003;6;VRG;SBBR;SBFL;565,00;40
2003;6;VRG;SBRJ;SBBH;176,00;2539
2003;6;VRG;SBGR;SBCT;299,00;662
2003;6;VRG;SBSP;SBNF;257,00;1298
2003;6;VRG;SBFZ;SBBR;539,00;195
2003;6;VRG;SBBR;SBGO;324,00;111
2003;6;VRG;SBPA;SBFL;498,00;230
2003;6;VRG;SBSP;SBGO;353,00;208
2003;6;VRG;SBSV;SBRF;524,00;50
2003;6;VRG;SBRJ;SBBH;299,00;211
2003;6;VRG;SBMQ;SBBE;236,00;4
2003;6;VRG;SBRF;SBSV;276,00;84
2003;6;VRG;SBFL;SBPA;128,00;1302
2003;6;VRG;SBGR;SBSV;967,00;18
2003;6;VRG;SBBH;SBRJ;378,00;29
2003;6;VRG;SBGR;SBCT;333,00;214
2003;6;VRG;SBBH;SBBR;401,00;400
2003;6;VRG;SBGR;SBCT;372,00;48
2003;6;VRG;SBFL;SBPA;378,00;10
2003;6;VRG;SBRF;SBFZ;315,00;93
2003;6;VRG;SBRF;SBFZ;477,00;214
2003;6;VRG;SBSP;SBBR;420,00;1240
2003;6;VRG;SBRJ;SBVT;176,00;1577
2003;6;VRG;SBPA;SBBR;1468,00;129
2003;6;VRG;SBRJ;SBVT;272,00;404
2003;6;VRG;SBBR;SBGR;743,00;1099
2003;6;VRG;SBMQ;SBBE;159,00;73
2003;6;VRG;SBBR;SBPA;1027,00;34
2003;6;VRG;SBCT;SBPA;528,00;5
2003;6;VRG;SBSP;SBPS;714,00;10
2003;6;VRG;SBCT;SBKP;450,00;4
2003;6;VRG;SBFL;SBGL;549,00;43
2003;6;VRG;SBCT;SBKP;293,00;56
2003;6;VRG;SBGR;SBPA;980,00;41
2003;6;VRG;SBSV;SBGR;967,00;17
2003;6;VRG;SBGL;SBRF;1513,00;374
2003;6;VRG;SBSP;SBBH;317,00;2800
2003;6;VRG;SBSV;SBRF;634,00;53
2003;6;VRG;SBSP;SBPS;865,00;71
2003;6;VRG;SBPA;SBSP;490,00;603
2003;6;VRG;SBSP;SBVT;434,00;766
2003;6;VRG;SBGL;SBBR;641,00;16
2003;6;VRG;SBPA;SBCT;629,00;194
2003;6;VRG;SBCF;SBGR;365,00;130
2003;6;VRG;SBPA;SBBR;929,00;44
2003;6;VRG;SBGL;SBCT;331,00;470
2003;6;VRG;SBSV;SBGR;1059,00;1114
2003;6;VRG;SBUL;SBSP;529,00;3
2003;6;VRG;SBEG;SBGR;2002,00;453
2003;6;VRG;SBPA;SBGL;444,00;1002
2003;6;VRG;SBRF;SBGL;1167,00;131
2003;6;VRG;SBCT;SBKP;489,00;198
2003;6;VRG;SBFL;SBSP;234,00;1252
2003;6;VRG;SBBR;SBFZ;1436,00;61
2003;6;VRG;SBEG;SBGR;1535,00;557
2003;6;VRG;SBFL;SBBR;565,00;38
2003;6;VRG;SBNF;SBSP;343,00;171
2003;6;VRG;SBGR;SBGL;386,00;34
2003;6;VRG;SBGL;SBFL;678,00;1
2003;6;VRG;SBEG;SBGR;1668,00;522
2003;6;VRG;SBGL;SBGR;276,00;578
2003;6;VRG;SBVT;SBSP;724,00;576
2003;6;VRG;SBPA;SBSP;686,00;11
2003;6;VRG;SBCT;SBGR;299,00;615
2003;6;VRG;SBBR;SBSV;706,00;36
2003;6;VRG;SBSP;SBVT;724,00;809
2003;6;VRG;SBFL;SBCT;376,00;2
2003;6;VRG;SBCT;SBGL;304,00;418
2003;6;VRG;SBGL;SBFL;742,00;7
2003;6;VRG;SBSP;SBVT;492,00;640
2003;6;VRG;SBBR;SBGL;709,00;9
2003;6;VRG;SBFZ;SBBR;815,00;154
2003;6;VRG;SBGL;SBCT;330,00;45
2003;6;VRG;SBSP;SBBH;609,00;2471
2003;6;VRG;SBRJ;SBBH;259,00;321
2003;6;VRG;SBSV;SBRF;358,00;183
2003;6;VRG;SBGR;SBBR;364,00;47
2003;6;VRG;SBGR;SBCF;731,00;133
2003;6;VRG;SBBR;SBRJ;574,00;773
2003;6;VRG;SBRJ;SBKP;360,00;234
2003;6;VRG;SBCF;SBGR;463,00;24
2003;6;VRG;SBKP;SBBR;389,00;29
2003;6;VRG;SBBH;SBRJ;299,00;277
2003;6;VRG;SBFL;SBBR;434,00;3
2003;6;VRG;SBBR;SBRJ;776,00;81
2003;6;VRG;SBPA;SBFL;418,00;3
2003;6;VRG;SBGO;SBSP;534,00;466
2003;6;VRG;SBFL;SBBR;760,00;31
2003;6;VRG;SBBR;SBRJ;641,00;64
2003;6;VRG;SBMQ;SBBE;182,00;2
2003;6;VRG;SBFZ;SBRF;589,00;6
2003;6;VRG;SBCT;SBSP;333,00;492
2003;6;VRG;SBPA;SBGL;513,00;310
2003;6;VRG;SBGL;SBPA;908,00;61
2003;6;VRG;SBVT;SBSP;666,00;302
2003;6;VRG;SBBR;SBSV;855,00;46
2003;6;VRG;SBBR;SBSV;557,00;467
2003;6;VRG;SBBH;SBRJ;458,00;63
2003;6;VRG;SBGL;SBGR;207,00;176
2003;6;VRG;SBGL;SBPA;592,00;159
2003;6;VRG;SBGL;SBRF;761,00;181
2003;6;VRG;SBGR;SBEG;1134,00;318
2003;6;VRG;SBGR;SBCF;463,00;24
2003;6;VRG;SBBR;SBGR;549,00;289
2003;6;VRG;SBPA;SBGR;368,00;300
2003;6;VRG;SBRJ;SBKP;529,00;170
2003;6;VRG;SBGR;SBCT;411,00;20
2003;6;VRG;SBKP;SBBH;449,00;24
2003;6;VRG;SBPA;SBSP;621,00;35
2003;6;VRG;SBGR;SBBR;614,00;41
2003;6;VRG;SBRJ;SBBH;458,00;65
2003;6;VRG;SBBE;SBMQ;236,00;8
2003;6;VRG;SBPA;SBCT;377,00;56
2003;6;VRG;SBGL;SBSV;508,00;413
2003;6;VRG;SBRF;SBFZ;701,00;272
2003;6;VRG;SBKP;SBRJ;529,00;297
2003;6;VRG;SBRJ;SBBR;439,00;1660
2003;6;VRG;SBCT;SBKP;232,00;936
2003;6;VRG;SBCT;SBRJ;304,00;250
2003;6;VRG;SBBE;SBMQ;159,00;103
2003;6;VRG;SBPA;SBCT;478,00;3
2003;6;VRG;SBPA;SBSP;422,00;4022
2003;6;VRG;SBSV;SBGL;743,00;30
2003;6;VRG;SBFL;SBSP;413,00;152
2003;6;VRG;SBBR;SBSV;632,00;398
2003;6;VRG;SBSP;SBPA;686,00;15
2003;6;VRG;SBBR;SBGR;970,00;169
2003;6;VRG;SBRJ;SBKP;444,00;4
2003;6;VRG;SBBR;SBGO;146,00;180
2003;6;VRG;SBSP;SBBR;743,00;198
2003;6;VRG;SBGR;SBCT;450,00;520
2003;6;VRG;SBVT;SBRJ;272,00;361
2003;6;VRG;SBFZ;SBRF;477,00;182
2003;6;VRG;SBFL;SBSP;273,00;567
2003;6;VRG;SBPA;SBGR;817,00;1371
2003;6;VRG;SBSV;SBGL;1164,00;228
2003;6;VRG;SBFL;SBBR;489,00;15
2003;6;VRG;SBFL;SBGL;432,00;375
2003;6;VRG;SBGL;SBPA;671,00;218
2003;6;VRG;SBMQ;SBBE;381,00;1
2003;6;VRG;SBPA;SBGR;980,00;59
2003;6;VRG;SBRJ;SBKP;487,00;14
2003;6;VRG;SBFL;SBSP;510,00;1
2003;6;VRG;SBRJ;SBCT;559,00;2
2003;6;VRG;SBGL;SBFL;968,00;69
2003;6;VRG;SBSP;SBUL;463,00;4
2003;6;VRG;SBRJ;SBKP;402,00;9
2003;6;VRG;SBGR;SBGL;460,00;6968
2003;6;VRG;SBCT;SBPA;252,00;26
2003;6;VRG;SBGR;SBGL;423,00;432
2003;6;VRG;SBCF;SBGR;303,00;398
2003;6;VRG;SBBE;SBMQ;454,00;82
2003;6;VRG;SBRJ;SBBR;844,00;1671
2003;6;VRG;SBBH;SBRJ;199,00;177
2003;6;VRG;SBBR;SBFZ;539,00;66
2003;6;VRG;SBEG;SBGR;867,00;467
2003;6;VRG;SBSP;SBNF;571,00;669
2003;6;VRG;SBPA;SBBR;550,00;101
2003;6;VRG;SBSV;SBGR;518,00;314
2003;6;VRG;SBFL;SBGR;461,00;12
2003;6;VRG;SBGR;SBEG;1001,00;443
2003;6;VRG;SBSV;SBGL;582,00;435
2003;6;VRG;SBGL;SBPA;444,00;1207
2003;6;VRG;SBPA;SBBR;1027,00;6
2003;6;VRG;SBRF;SBGL;761,00;160
2003;6;VRG;SBSP;SBBR;364,00;241
2003;6;VRG;SBGL;SBFL;549,00;31
2003;6;VRG;SBVT;SBRJ;209,00;126
2003;6;VRG;SBBR;SBGL;439,00;487
2003;6;VRG;SBBH;SBRJ;339,00;288
2003;6;VRG;SBGL;SBBR;844,00;344
2003;6;VRG;SBSP;SBCT;411,00;7
2003;6;VRG;SBFL;SBPA;174,00;103
2003;6;VRG;SBFL;SBGR;234,00;450
2003;6;VRG;SBGL;SBRF;964,00;34
2003;6;VRG;SBSP;SBVT;399,00;2842
2003;6;VRG;SBBR;SBFL;489,00;46
2003;6;VRG;SBGR;SBFL;510,00;11
2003;6;VRG;SBSP;SBCT;299,00;5761
2003;6;VRG;SBCT;SBGR;411,00;11
2003;6;VRG;SBCT;SBFL;286,00;201
2003;6;VRG;SBKP;SBCT;254,00;35
2003;6;VRG;SBPA;SBBR;1223,00;280
2003;6;VRG;SBKP;SBCT;232,00;1106
2003;6;VRG;SBGL;SBSV;821,00;5
2003;6;VRG;SBBR;SBGL;506,00;130
2003;6;VRG;SBFZ;SBBR;726,00;1101
2003;6;VRG;SBFL;SBCT;409,00;8
2003;6;VRG;SBBR;SBPA;832,00;275
2003;6;VRG;SBEG;SBGR;1268,00;28
2003;6;VRG;SBGR;SBCF;317,00;658
2003;6;VRG;SBRJ;SBSP;299,00;36711
2003;6;VRG;SBGL;SBFL;363,00;142
2003;6;VRG;SBSP;SBUL;403,00;828
2003;6;VRG;SBBR;SBBH;401,00;197
2003;6;VRG;SBBR;SBBE;1369,00;180
2003;6;VRG;SBGR;SBBR;485,00;140
2003;6;VRG;SBUL;SBSP;463,00;12
2003;6;VRG;SBGL;SBGR;460,00;5811
2003;6;VRG;SBRF;SBSV;413,00;141
2003;6;VRG;SBBR;SBBH;348,00;328
2003;6;VRG;SBBR;SBRJ;380,00;3792
2003;6;VRG;SBNF;SBSP;480,00;3
2003;6;VRG;SBSP;SBFL;558,00;30
2003;6;VRG;SBGR;SBCF;274,00;52
2003;6;VRG;SBCT;SBPA;428,00;101
2003;6;VRG;SBCT;SBPA;377,00;35
2003;6;VRG;SBPA;SBBR;1125,00;19
2003;6;VRG;SBGR;SBSV;1059,00;1610
2003;6;VRG;SBPA;SBGL;987,00;681
2003;6;VRG;SBGL;SBRF;567,00;81
2003;6;VRG;SBMQ;SBBE;309,00;26
2003;6;VRG;SBGR;SBFL;461,00;21
2003;6;VRG;SBBR;SBFZ;1199,00;163
2003;6;VRG;SBKP;SBCT;293,00;96
2003;6;VRG;SBVT;SBRJ;397,00;17
2003;6;VRG;SBSP;SBNF;245,00;2934
2003;6;VRG;SBCF;SBGR;560,00;1027
2003;6;VRG;SBCT;SBGR;450,00;415
2003;6;VRG;SBBR;SBFL;1303,00;8
2003;6;VRG;SBFL;SBPA;498,00;415
2003;6;VRG;SBSP;SBGO;597,00;18
2003;6;VRG;SBBH;SBRJ;498,00;957
2003;6;VRG;SBGL;SBSV;436,00;144
2003;6;VRG;SBPA;SBFL;598,00;16
2003;6;VRG;SBSP;SBCT;450,00;144
2003;6;VRG;SBBE;SBMQ;309,00;24
2003;6;VRG;SBCT;SBPA;478,00;8
2003;6;VRG;SBGO;SBSP;785,00;479
2003;6;VRG;SBNF;SBSP;571,00;535
2003;6;VRG;SBSV;SBGL;508,00;499
2003;6;VRG;SBGL;SBFL;484,00;29
2003;6;VRG;SBGR;SBSV;548,00;2418
2003;6;VRG;SBBR;SBGR;808,00;445
2003;6;VRG;SBFZ;SBRF;245,00;358
2003;6;VRG;SBSP;SBUL;595,00;63
2003;6;VRG;SBCT;SBPA;579,00;125
2003;6;VRG;SBSP;SBPA;621,00;46
2003;6;VRG;SBFL;SBSP;558,00;34
2003;6;VRG;SBPA;SBFL;259,00;80
2003;6;VRG;SBBR;SBPA;929,00;86
2003;6;VRG;SBBR;SBSV;929,00;279
2003;6;VRG;SBPS;SBSP;499,00;124
2003;6;VRG;SBBR;SBRJ;506,00;578
2003;6;VRG;SBSV;SBGR;783,00;447
2003;6;VRG;SBBH;SBBR;348,00;592
2003;6;VRG;SBRJ;SBVT;356,00;381
2003;6;VRG;SBBR;SBSP;420,00;1281
2003;6;VRG;SBRJ;SBBR;641,00;98
2003;6;VRG;SBBH;SBSP;365,00;534
2003;6;VRG;SBGR;SBCF;365,00;116
2003;6;VRG;SBFL;SBGR;316,00;490
2003;6;VRG;SBCF;SBGR;317,00;1274
2003;6;VRG;SBBH;SBBR;306,00;475
2003;6;VRG;SBKP;SBCT;220,00;3
2003;6;VRG;SBRJ;SBVT;314,00;147
2003;6;VRG;SBRJ;SBSP;199,00;6534
2003;6;VRG;SBCT;SBGL;618,00;1
2003;6;VRG;SBGL;SBGR;243,00;3062
2003;6;VRG;SBCT;SBSP;372,00;31
2003;6;VRG;SBGL;SBPA;750,00;30
2003;6;VRG;SBKP;SBRJ;402,00;19
2003;6;VRG;SBRJ;SBBR;380,00;3983
2003;6;VRG;SBBR;SBFL;738,00;34
2003;6;VRG;SBSP;SBBR;614,00;107
2003;6;VRG;SBEG;SBGR;1001,00;285
2003;6;VRG;SBFL;SBSP;607,00;551
2003;6;VRG;SBFL;SBGL;613,00;8
2003;6;VRG;SBPA;SBGL;829,00;12
2003;6;VRG;SBGO;SBSP;659,00;12
2003;6;VRG;SBSV;SBGL;977,00;567
2003;6;VRG;SBRF;SBGL;567,00;101
2003;6;VRG;SBBR;SBFL;425,00;124
2003;6;VRG;SBPA;SBFL;299,00;42
2003;6;VRG;SBRJ;SBVT;523,00;708
2003;6;VRG;SBGR;SBFL;273,00;235
2003;6;VRG;SBBE;SBBR;776,00;288
2003;6;VRG;SBCT;SBGR;372,00;30
2003;6;VRG;SBSP;SBUL;727,00;110
2003;6;VRG;SBSP;SBGO;785,00;1026
2003;6;VRG;SBBR;SBGL;431,00;18
2003;6;VRG;SBBR;SBBE;456,00;296
2003;6;VRG;SBBR;SBKP;588,00;49
2003;6;VRG;SBBR;SBFL;999,00;9
2003;6;VRG;SBBR;SBBH;301,00;20
2003;6;VRG;SBSP;SBPS;639,00;43
2003;6;VRG;SBSV;SBBR;632,00;319
2003;6;VRG;SBCT;SBKP;372,00;1
2003;6;VRG;SBBE;SBMQ;182,00;7
2003;6;VRG;SBGR;SBGL;552,00;1364
2003;6;VRG;SBBR;SBGL;641,00;11
2003;6;VRG;SBBR;SBBE;434,00;511
2003;6;VRG;SBKP;SBBR;519,00;64
2003;6;VRG;SBGL;SBCT;383,00;138
2003;6;VRG;SBGO;SBBR;298,00;20
2003;6;VRG;SBFL;SBPA;339,00;75
2003;6;VRG;SBBR;SBSP;743,00;172
2003;6;VRG;SBBH;SBSP;414,00;797
2003;6;VRG;SBSP;SBBH;560,00;233
2003;6;VRG;SBGL;SBBR;1013,00;274
2003;6;VRG;SBRJ;SBCT;330,00;4
2003;6;VRG;SBFL;SBGR;273,00;271
2003;6;VRG;SBRF;SBGL;964,00;42
2003;6;VRG;SBPA;SBCT;579,00;70
2003;6;VRG;SBGL;SBCT;304,00;826
2003;6;VRG;SBSP;SBVT;608,00;18
2003;6;VRG;SBSP;SBRP;472,00;200
2003;6;VRG;SBSP;SBNF;434,00;26
2003;6;VRG;SBCT;SBRJ;330,00;1
2003;6;VRG;SBGL;SBSV;1164,00;236
2003;6;VRG;SBPA;SBSP;817,00;1470
2003;6;VRG;SBRF;SBGL;1066,00;1
2003;6;VRG;SBSV;SBBR;484,00;1084
2003;6;VRG;SBFL;SBCT;286,00;46
2003;6;VRG;SBPS;SBSP;940,00;94
2003;6;VRG;SBBR;SBSP;380,00;5451
2003;6;VRG;SBSP;SBPS;499,00;107
2003;6;VRG;SBPS;SBSP;865,00;72
2003;6;VRG;SBSV;SBRF;256,00;1067
2003;6;VRG;SBRF;SBSV;579,00;3
2003;6;VRG;SBGL;SBBR;709,00;8
2003;6;VRG;SBSP;SBCT;333,00;426
2003;6;VRG;SBGR;SBSV;691,00;571
2003;6;VRG;SBSP;SBBH;303,00;3841
2003;6;VRG;SBMQ;SBBE;133,00;562
2003;6;VRG;SBSP;SBCT;220,00;243
2003;6;VRG;SBSP;SBNF;388,00;230
2003;6;VRG;SBKP;SBCT;489,00;138
2003;6;VRG;SBPA;SBCT;428,00;86
2003;6;VRG;SBGR;SBBR;380,00;291
2003;6;VRG;SBSP;SBVT;326,00;67
2003;6;VRG;SBGR;SBCF;512,00;8
2003;6;VRG;SBGL;SBBR;431,00;113
2003;6;VRG;SBSP;SBPA;368,00;268
2003;6;VRG;SBFL;SBGL;742,00;30
2003;6;VRG;SBGO;SBBR;146,00;173
2003;6;VRG;SBCT;SBPA;283,00;267
2003;6;VRG;SBBH;SBKP;396,00;9
2003;6;VRG;SBCT;SBRJ;500,00;29
2003;6;VRG;SBBR;SBSP;485,00;615
2003;6;VRG;SBKP;SBRJ;444,00;5
2003;6;VRG;SBFZ;SBRF;533,00;6
2003;6;VRG;SBBR;SBBH;562,00;2
2003;6;VRG;SBEG;SBGR;1134,00;250
2003;6;VRG;SBFL;SBGR;558,00;762
2003;6;VRG;SBKP;SBBR;346,00;214
2003;6;VRG;SBCT;SBGL;383,00;103
2003;6;VRG;SBFL;SBSP;243,00;58
2003;6;VRG;SBBR;SBBH;669,00;373
2003;6;VRG;SBBR;SBBE;958,00;11
2003;6;VRG;SBSP;SBPS;940,00;83
2003;6;VRG;SBBR;SBGL;776,00;224
2003;6;VRG;SBRJ;SBVT;209,00;128
2003;6;VRG;SBCT;SBRJ;677,00;3
2003;6;VRG;SBRF;SBSV;310,00;141
2003;6;VRG;SBBR;SBRJ;844,00;1834
2003;6;VRG;SBGR;SBGL;276,00;330
2003;6;VRG;SBSV;SBGR;691,00;346
2003;6;VRG;SBGR;SBEG;2002,00;484
2003;6;VRG;SBSV;SBBR;557,00;326
2003;6;VRG;SBGR;SBPA;368,00;345
2003;6;VRG;SBKP;SBBR;588,00;43
2003;6;VRG;SBGR;SBBR;549,00;281
2003;6;VRG;SBBR;SBPA;1223,00;291
2003;6;VRG;SBRF;SBGL;1269,00;284
2003;6;VRG;SBKP;SBCT;450,00;6
2003;6;VRG;SBCT;SBKP;411,00;5
2003;6;VRG;SBBE;SBBR;867,00;18
2003;6;VRG;SBBR;SBBH;508,00;32
2003;6;VRG;SBPA;SBSP;752,00;152
2003;6;VRG;SBPA;SBGR;621,00;93
2003;6;VRG;SBBH;SBKP;449,00;22
2003;6;VRG;SBRP;SBSP;395,00;95
2003;6;VRG;SBSP;SBBH;365,00;784
2003;6;VRG;SBRJ;SBBH;199,00;311
2003;6;VRG;SBRF;SBSV;634,00;34
2003;6;VRG;SBGR;SBCF;560,00;1296
2003;6;VRG;SBRJ;SBBH;498,00;932
2003;6;VRG;SBFL;SBSP;364,00;106
2003;6;VRG;SBGR;SBEG;638,00;2865
2003;6;VRG;SBCT;SBGR;489,00;334
2003;6;VRG;SBBR;SBPA;734,00;144
2003;6;VRG;SBBE;SBBR;513,00;560
2003;6;VRG;SBGL;SBPA;987,00;684
2003;6;VRG;SBBH;SBBR;455,00;402
2003;6;VRG;SBSP;SBFL;461,00;5
2003;6;VRG;SBRJ;SBVT;439,00;15
2003;6;VRG;SBPA;SBSP;368,00;292
2003;6;VRG;SBSP;SBVT;550,00;62
2003;6;VRG;SBSP;SBFL;607,00;526
2003;6;VRG;SBSV;SBRF;689,00;283
2003;6;VRG;SBBR;SBGR;679,00;41
2003;6;VRG;SBGR;SBEG;1668,00;579
2003;6;VRG;SBSP;SBBR;808,00;2089
2003;6;VRG;SBBH;SBSP;512,00;9
2003;6;VRG;SBGL;SBRF;863,00;267
2003;6;VRG;SBSP;SBNF;480,00;6
2003;6;VRG;SBGR;SBFL;728,00;18
2003;6;VRG;SBBH;SBRJ;224,00;881
2003;6;VRG;SBEG;SBGR;751,00;398
2003;6;VRG;SBSP;SBGO;722,00;674
2003;6;VRG;SBBR;SBFZ;726,00;507
2003;6;VRG;SBBE;SBMQ;418,00;1
2003;6;VRG;SBGL;SBSV;459,00;1984
2003;6;VRG;SBKP;SBBH;502,00;5
2003;6;VRG;SBVT;SBRJ;356,00;477
2003;6;VRG;SBFL;SBCT;344,00;1
2003;6;VRG;SBPA;SBGR;422,00;1476
2003;6;VSP;SBBR;SBFL;590,00;23
2003;6;VSP;SBRF;SBFZ;579,00;3
2003;6;VSP;SBBE;SBBR;631,00;79
2003;6;VSP;SBBR;SBFZ;781,00;4
2003;6;VSP;SBGR;SBFL;219,00;90
2003;6;VSP;SBCT;SBGL;357,00;55
2003;6;VSP;SBBR;SBSV;452,00;249
2003;6;VSP;SBRF;SBSV;573,00;2
2003;6;VSP;SBBE;SBBR;415,00;33
2003;6;VSP;SBGR;SBFL;308,00;9
2003;6;VSP;SBBR;SBFZ;569,00;155
2003;6;VSP;SBGL;SBGR;249,00;409
2003;6;VSP;SBBH;SBSP;592,00;7
2003;6;VSP;SBSP;SBPA;821,00;13
2003;6;VSP;SBSV;SBBR;904,00;99
2003;6;VSP;SBCT;SBBR;399,00;52
2003;6;VSP;SBCF;SBBR;327,00;25
2003;6;VSP;SBCF;SBBR;260,00;225
2003;6;VSP;SBSV;SBGL;978,00;195
2003;6;VSP;SBFL;SBGR;219,00;83
2003;6;VSP;SBGL;SBSV;587,00;303
2003;6;VSP;SBRF;SBSV;371,00;118
2003;6;VSP;SBGL;SBRF;556,00;1541
2003;6;VSP;SBRF;SBSV;674,00;67
2003;6;VSP;SBBR;SBKP;250,00;198
2003;6;VSP;SBGR;SBBR;405,00;95
2003;6;VSP;SBGR;SBPA;821,00;158
2003;6;VSP;SBEG;SBGR;500,00;373
2003;6;VSP;SBGR;SBSV;379,00;269
2003;6;VSP;SBPA;SBGR;698,00;2
2003;6;VSP;SBSV;SBGR;867,00;9
2003;6;VSP;SBPA;SBGL;644,00;8
2003;6;VSP;SBBR;SBCF;359,00;44
2003;6;VSP;SBSV;SBGR;751,00;14
2003;6;VSP;SBEG;SBGR;839,00;17
2003;6;VSP;SBBR;SBBH;359,00;43
2003;6;VSP;SBBR;SBSV;409,00;142
2003;6;VSP;SBGR;SBEG;839,00;68
2003;6;VSP;SBMQ;SBBE;131,00;92
2003;6;VSP;SBFZ;SBRF;169,00;1045
2003;6;VSP;SBGL;SBSV;359,00;135
2003;6;VSP;SBRF;SBFZ;409,00;166
2003;6;VSP;SBCT;SBPA;347,00;2
2003;6;VSP;SBGR;SBCF;326,00;25
2003;6;VSP;SBPA;SBCT;249,00;3
2003;6;VSP;SBGL;SBSV;831,00;27
2003;6;VSP;SBRF;SBFZ;375,00;418
2003;6;VSP;SBGR;SBEG;1678,00;20
2003;6;VSP;SBBR;SBPA;737,00;21
2003;6;VSP;SBBR;SBSP;369,00;184
2003;6;VSP;SBBR;SBFZ;1201,00;25
2003;6;VSP;SBFZ;SBBR;1201,00;32
2003;6;VSP;SBBR;SBKP;329,00;4
2003;6;VSP;SBFL;SBGR;189,00;64
2003;6;VSP;SBGR;SBEG;500,00;298
2003;6;VSP;SBCT;SBPA;199,00;49
2003;6;VSP;SBGR;SBCF;444,00;5
2003;6;VSP;SBSV;SBGR;1156,00;312
2003;6;VSP;SBPA;SBGR;493,00;61
2003;6;VSP;SBCF;SBBR;392,00;32
2003;6;VSP;SBBR;SBGL;455,00;247
2003;6;VSP;SBBR;SBSP;446,00;417
2003;6;VSP;SBBR;SBBE;688,00;35
2003;6;VSP;SBBH;SBBR;490,00;2
2003;6;VSP;SBBE;SBMQ;453,00;25
2003;6;VSP;SBGR;SBBR;608,00;7
2003;6;VSP;SBRF;SBGL;823,00;3
2003;6;VSP;SBGR;SBGL;487,00;201
2003;6;VSP;SBBR;SBSP;214,00;624
2003;6;VSP;SBGL;SBSV;538,00;819
2003;6;VSP;SBPA;SBGL;279,00;783
2003;6;VSP;SBMQ;SBBE;272,00;10
2003;6;VSP;SBBR;SBGR;446,00;206
2003;6;VSP;SBPA;SBSP;493,00;1
2003;6;VSP;SBPA;SBSP;534,00;15
2003;6;VSP;SBSP;SBPA;616,00;2
2003;6;VSP;SBGR;SBFL;189,00;49
2003;6;VSP;SBGO;SBSP;513,00;5
2003;6;VSP;SBRF;SBGL;760,00;37
2003;6;VSP;SBBR;SBSP;810,00;295
2003;6;VSP;SBBE;SBBR;574,00;40
2003;6;VSP;SBBR;SBCF;327,00;36
2003;6;VSP;SBCT;SBBR;499,00;37
2003;6;VSP;SBSV;SBBR;678,00;13
2003;6;VSP;SBBR;SBPA;1229,00;72
2003;6;VSP;SBRF;SBFZ;169,00;1127
2003;6;VSP;SBPA;SBCT;347,00;4
2003;6;VSP;SBCF;SBGR;186,00;245
2003;6;VSP;SBSP;SBPA;411,00;35
2003;6;VSP;SBFZ;SBRF;375,00;186
2003;6;VSP;SBGR;SBPA;359,00;56
2003;6;VSP;SBGL;SBCT;237,00;342
2003;6;VSP;SBFL;SBBR;805,00;1
2003;6;VSP;SBSP;SBPA;452,00;21
2003;6;VSP;SBFZ;SBRF;199,00;159
2003;6;VSP;SBKP;SBBR;497,00;2
2003;6;VSP;SBEG;SBGR;1007,00;5
2003;6;VSP;SBBH;SBBR;359,00;108
2003;6;VSP;SBRF;SBFZ;341,00;82
2003;6;VSP;SBSV;SBGL;734,00;24
2003;6;VSP;SBCT;SBSP;271,00;32
2003;6;VSP;SBKP;SBBR;828,00;8
2003;6;VSP;SBBR;SBGR;405,00;66
2003;6;VSP;SBEG;SBGR;599,00;17
2003;6;VSP;SBPA;SBCT;315,00;21
2003;6;VSP;SBGL;SBPA;279,00;702
2003;6;VSP;SBCT;SBSP;237,00;279
2003;6;VSP;SBBR;SBFZ;601,00;12
2003;6;VSP;SBGR;SBBR;369,00;71
2003;6;VSP;SBGR;SBBR;446,00;180
2003;6;VSP;SBBE;SBBR;688,00;43
2003;6;VSP;SBGR;SBSV;751,00;38
2003;6;VSP;SBBE;SBMQ;294,00;4
2003;6;VSP;SBGL;SBCT;536,00;1
2003;6;VSP;SBGL;SBBR;827,00;180
2003;6;VSP;SBGL;SBGR;292,00;45
2003;6;VSP;SBKP;SBGL;279,00;419
2003;6;VSP;SBBR;SBSV;542,00;275
2003;6;VSP;SBGL;SBBR;620,00;2
2003;6;VSP;SBFL;SBGR;338,00;93
2003;6;VSP;SBFL;SBGR;400,00;1
2003;6;VSP;SBFL;SBGR;308,00;13
2003;6;VSP;SBBR;SBBH;260,00;519
2003;6;VSP;SBSP;SBCT;493,00;12
2003;6;VSP;SBGO;SBSP;299,00;44
2003;6;VSP;SBBE;SBMQ;272,00;20
2003;6;VSP;SBGL;SBPA;545,00;95
2003;6;VSP;SBMQ;SBBE;103,00;1059
2003;6;VSP;SBGR;SBBR;810,00;207
2003;6;VSP;SBMQ;SBBE;453,00;36
2003;6;VSP;SBBR;SBGO;281,00;1
2003;6;VSP;SBBR;SBFL;404,00;27
2003;6;VSP;SBGR;SBEG;1007,00;8
2003;6;VSP;SBGR;SBPA;266,00;1132
2003;6;VSP;SBFL;SBGR;615,00;91
2003;6;VSP;SBPA;SBSP;299,00;85
2003;6;VSP;SBGR;SBSV;867,00;8
2003;6;VSP;SBBR;SBGR;608,00;2
2003;6;VSP;SBBR;SBSV;588,00;42
2003;6;VSP;SBFL;SBBR;697,00;8
2003;6;VSP;SBBH;SBBR;327,00;79
2003;6;VSP;SBBR;SBPA;519,00;58
2003;6;VSP;SBSP;SBBR;405,00;201
2003;6;VSP;SBBR;SBBE;1147,00;53
2003;6;VSP;SBBE;SBBR;330,00;736
2003;6;VSP;SBGR;SBBR;527,00;10
2003;6;VSP;SBGL;SBBR;299,00;324
2003;6;VSP;SBEG;SBGR;923,00;119
2003;6;VSP;SBGL;SBRF;760,00;44
2003;6;VSP;SBFL;SBBR;404,00;21
2003;6;VSP;SBSP;SBCT;271,00;21
2003;6;VSP;SBSV;SBGR;296,00;2345
2003;6;VSP;SBBR;SBKP;455,00;18
2003;6;VSP;SBBR;SBBE;415,00;32
2003;6;VSP;SBGR;SBBR;319,00;320
2003;6;VSP;SBGL;SBCT;428,00;20
2003;6;VSP;SBGR;SBSV;694,00;177
2003;6;VSP;SBKP;SBBR;290,00;36
2003;6;VSP;SBGL;SBPA;329,00;26
2003;6;VSP;SBPA;SBSP;266,00;97
2003;6;VSP;SBBR;SBFL;537,00;35
2003;6;VSP;SBGR;SBPA;299,00;240
2003;6;VSP;SBSP;SBRJ;249,00;12013
2003;6;VSP;SBBR;SBFZ;1021,00;1
2003;6;VSP;SBGL;SBKP;309,00;18
2003;6;VSP;SBBR;SBFL;805,00;2
2003;6;VSP;SBBR;SBSP;527,00;27
2003;6;VSP;SBPA;SBCT;536,00;3
2003;6;VSP;SBFZ;SBRF;443,00;21
2003;6;VSP;SBBR;SBBE;574,00;26
2003;6;VSP;SBSV;SBRF;506,00;5
2003;6;VSP;SBGL;SBBR;359,00;73
2003;6;VSP;SBGR;SBFL;615,00;59
2003;6;VSP;SBSP;SBPA;359,00;15
2003;6;VSP;SBBR;SBGL;496,00;128
2003;6;VSP;SBKP;SBBR;250,00;170
2003;6;VSP;SBSP;SBCT;320,00;8
2003;6;VSP;SBPA;SBBR;519,00;36
2003;6;VSP;SBBH;SBBR;653,00;42
2003;6;VSP;SBBE;SBMQ;227,00;23
2003;6;VSP;SBPA;SBSP;411,00;28
2003;6;VSP;SBCF;SBBR;359,00;36
2003;6;VSP;SBBR;SBGO;330,00;97
2003;6;VSP;SBFZ;SBRF;511,00;5
2003;6;VSP;SBRF;SBFZ;199,00;174
2003;6;VSP;SBPA;SBGR;534,00;26
2003;6;VSP;SBFZ;SBBR;781,00;6
2003;6;VSP;SBGL;SBCT;393,00;126
2003;6;VSP;SBFL;SBBR;590,00;18
2003;6;VSP;SBKP;SBGL;515,00;21
2003;6;VSP;SBBE;SBMQ;103,00;1284
2003;6;VSP;SBSP;SBCT;370,00;12
2003;6;VSP;SBCT;SBPA;410,00;2
2003;6;VSP;SBFZ;SBBR;601,00;19
2003;6;VSP;SBBR;SBGL;827,00;163
2003;6;VSP;SBFZ;SBRF;409,00;81
2003;6;VSP;SBBR;SBGL;359,00;64
2003;6;VSP;SBCT;SBGL;714,00;78
2003;6;VSP;SBBR;SBSV;678,00;17
2003;6;VSP;SBSP;SBBR;486,00;236
2003;6;VSP;SBFZ;SBBR;901,00;5
2003;6;VSP;SBKP;SBGL;309,00;21
2003;6;VSP;SBCT;SBGL;536,00;4
2003;6;VSP;SBBR;SBBH;490,00;3
2003;6;VSP;SBBR;SBCT;648,00;5
2003;6;VSP;SBCF;SBBR;653,00;14
2003;6;VSP;SBPA;SBGL;842,00;9
2003;6;VSP;SBBR;SBGO;182,00;285
2003;6;VSP;SBPA;SBBR;922,00;1
2003;6;VSP;SBSV;SBBR;588,00;33
2003;6;VSP;SBRJ;SBSP;249,00;12234
2003;6;VSP;SBFZ;SBBR;569,00;164
2003;6;VSP;SBBR;SBPA;922,00;1
2003;6;VSP;SBRF;SBFZ;681,00;53
2003;6;VSP;SBBR;SBBH;289,00;32
2003;6;VSP;SBBR;SBCT;598,00;33
2003;6;VSP;SBBR;SBBE;330,00;899
2003;6;VSP;SBPA;SBBR;569,00;19
2003;6;VSP;SBGL;SBRF;1076,00;10
2003;6;VSP;SBCF;SBGR;326,00;33
2003;6;VSP;SBBR;SBCT;499,00;32
2003;6;VSP;SBPA;SBGR;616,00;22
2003;6;VSP;SBBR;SBCF;392,00;28
2003;6;VSP;SBGL;SBCT;714,00;51
2003;6;VSP;SBBR;SBBE;746,00;1
2003;6;VSP;SBSV;SBRF;219,00;85
2003;6;VSP;SBCT;SBBR;548,00;45
2003;6;VSP;SBGR;SBSV;983,00;3
2003;6;VSP;SBRF;SBSV;144,00;967
2003;6;VSP;SBGO;SBBR;281,00;4
2003;6;VSP;SBBR;SBCF;260,00;272
2003;6;VSP;SBCF;SBGR;237,00;10
2003;6;VSP;SBGL;SBRF;696,00;298
2003;6;VSP;SBSP;SBBH;296,00;25
2003;6;VSP;SBFZ;SBRF;252,00;25
2003;6;VSP;SBGR;SBEG;599,00;8
2003;6;VSP;SBBH;SBSP;186,00;1298
2003;6;VSP;SBBH;SBBR;392,00;52
2003;6;VSP;SBGO;SBBR;330,00;114
2003;6;VSP;SBSV;SBRF;144,00;1047
2003;6;VSP;SBPA;SBGR;299,00;133
2003;6;VSP;SBBR;SBGL;260,00;1402
2003;6;VSP;SBSV;SBGR;694,00;167
2003;6;VSP;SBGR;SBBR;486,00;172
2003;6;VSP;SBSV;SBGL;308,00;2042
2003;6;VSP;SBCT;SBPA;630,00;1
2003;6;VSP;SBBR;SBSP;319,00;494
2003;6;VSP;SBFZ;SBBR;661,00;53
2003;6;VSP;SBSP;SBPA;299,00;97
2003;6;VSP;SBSV;SBRF;404,00;62
2003;6;VSP;SBKP;SBBR;414,00;2
2003;6;VSP;SBBR;SBSV;497,00;421
2003;6;VSP;SBGR;SBCF;237,00;33
2003;6;VSP;SBPA;SBGR;821,00;201
2003;6;VSP;SBRF;SBSV;184,00;589
2003;6;VSP;SBBE;SBMQ;131,00;7
2003;6;VSP;SBGO;SBBR;198,00;73
2003;6;VSP;SBBR;SBGR;369,00;58
2003;6;VSP;SBGL;SBRF;1266,00;91
2003;6;VSP;SBBR;SBGO;139,00;2011
2003;6;VSP;SBCT;SBGL;428,00;34
2003;6;VSP;SBGR;SBCF;296,00;6
2003;6;VSP;SBGR;SBEG;1259,00;2
2003;6;VSP;SBPA;SBCT;199,00;2
2003;6;VSP;SBGL;SBBR;414,00;112
2003;6;VSP;SBBE;SBBR;1147,00;41
2003;6;VSP;SBCT;SBBR;997,00;28
2003;6;VSP;SBSV;SBGL;636,00;27
2003;6;VSP;SBSV;SBGR;636,00;248
2003;6;VSP;SBGO;SBSP;789,00;3
2003;6;VSP;SBSV;SBGR;379,00;216
2003;6;VSP;SBBR;SBKP;497,00;10
2003;6;VSP;SBBR;SBSV;904,00;123
2003;6;VSP;SBPA;SBGL;329,00;36
2003;6;VSP;SBGO;SBBR;215,00;19
2003;6;VSP;SBRF;SBGL;556,00;922
2003;6;VSP;SBFL;SBGR;159,00;351
2003;6;VSP;SBGR;SBSV;1156,00;292
2003;6;VSP;SBSV;SBBR;768,00;36
2003;6;VSP;SBCT;SBBR;648,00;2
2003;6;VSP;SBSP;SBBR;810,00;328
2003;6;VSP;SBPA;SBBR;799,00;5
2003;6;VSP;SBFL;SBGR;523,00;2
2003;6;VSP;SBGR;SBPA;616,00;161
2003;6;VSP;SBBH;SBBR;260,00;615
2003;6;VSP;SBBR;SBGR;319,00;210
2003;6;VSP;SBGL;SBBR;455,00;248
2003;6;VSP;SBPA;SBGL;496,00;72
2003;6;VSP;SBBR;SBCF;653,00;20
2003;6;VSP;SBSP;SBBR;369,00;229
2003;6;VSP;SBGL;SBSV;978,00;217
2003;6;VSP;SBBR;SBGR;214,00;833
2003;6;VSP;SBPA;SBCT;630,00;3
2003;6;VSP;SBGL;SBBR;496,00;121
2003;6;VSP;SBGL;SBKP;515,00;17
2003;6;VSP;SBGL;SBGR;487,00;170
2003;6;VSP;SBSP;SBBH;592,00;2
2003;6;VSP;SBSP;SBBR;446,00;342
2003;6;VSP;SBGR;SBFL;159,00;248
2003;6;VSP;SBPA;SBGL;545,00;130
2003;6;VSP;SBFL;SBBR;537,00;22
2003;6;VSP;SBGR;SBFL;338,00;103
2003;6;VSP;SBPA;SBBR;1229,00;85
2003;6;VSP;SBSV;SBGL;538,00;760
2003;6;VSP;SBGR;SBGL;317,00;3
2003;6;VSP;SBGO;SBSP;592,00;2
2003;6;VSP;SBSV;SBRF;337,00;114
2003;6;VSP;SBBR;SBKP;414,00;1
2003;6;VSP;SBGO;SBBR;139,00;2114
2003;6;VSP;SBKP;SBBR;329,00;10
2003;6;VSP;SBBR;SBGL;299,00;263
2003;6;VSP;SBSP;SBCT;237,00;252
2003;6;VSP;SBPA;SBGR;359,00;60
2003;6;VSP;SBGR;SBFL;523,00;8
2003;6;VSP;SBSP;SBBR;214,00;666
2003;6;VSP;SBSV;SBBR;452,00;250
2003;6;VSP;SBGR;SBCF;186,00;214
2003;6;VSP;SBBE;SBBR;746,00;1
2003;6;VSP;SBCT;SBGL;393,00;107
2003;6;VSP;SBEG;SBGR;1678,00;39
2003;6;VSP;SBSV;SBBR;379,00;885
2003;6;VSP;SBSP;SBPA;266,00;108
2003;6;VSP;SBPA;SBSP;452,00;12
2003;6;VSP;SBCT;SBGL;299,00;46
2003;6;VSP;SBRF;SBSV;506,00;1
2003;6;VSP;SBBR;SBFL;644,00;1
2003;6;VSP;SBRF;SBSV;404,00;52
2003;6;VSP;SBBH;SBBR;289,00;34
2003;6;VSP;SBBR;SBSP;486,00;296
2003;6;VSP;SBBR;SBFL;697,00;4
2003;6;VSP;SBFZ;SBRF;681,00;97
2003;6;VSP;SBPA;SBCT;144,00;67
2003;6;VSP;SBGL;SBKP;279,00;342
2003;6;VSP;SBGR;SBFL;461,00;1
2003;6;VSP;SBCT;SBSP;370,00;8
2003;6;VSP;SBBR;SBCT;399,00;38
2003;6;VSP;SBSV;SBGL;587,00;339
2003;6;VSP;SBGL;SBSV;489,00;108
2003;6;VSP;SBBR;SBSV;768,00;20
2003;6;VSP;SBCT;SBSP;493,00;14
2003;6;VSP;SBBR;SBCT;548,00;28
2003;6;VSP;SBSV;SBGL;489,00;414
2003;6;VSP;SBGL;SBGR;268,00;74
2003;6;VSP;SBBR;SBGR;486,00;261
2003;6;VSP;SBGR;SBBR;689,00;1
2003;6;VSP;SBGR;SBPA;452,00;56
2003;6;VSP;SBBR;SBBE;631,00;97
2003;6;VSP;SBPA;SBBR;615,00;37
2003;6;VSP;SBBE;SBMQ;249,00;31
2003;6;VSP;SBBR;SBGO;215,00;9
2003;6;VSP;SBRF;SBSV;337,00;81
2003;6;VSP;SBCT;SBBR;449,00;21
2003;6;VSP;SBGR;SBPA;534,00;29
2003;6;VSP;SBSV;SBGR;578,00;105
2003;6;VSP;SBGR;SBSV;296,00;2389
2003;6;VSP;SBSP;SBBR;527,00;25
2003;6;VSP;SBFL;SBBR;452,00;7
2003;6;VSP;SBCT;SBPA;249,00;1
2003;6;VSP;SBBR;SBKP;290,00;40
2003;6;VSP;SBPA;SBBR;469,00;172
2003;6;VSP;SBGR;SBSV;578,00;102
2003;6;VSP;SBSV;SBBR;497,00;445
2003;6;VSP;SBPA;SBGR;452,00;145
2003;6;VSP;SBCT;SBBR;352,00;160
2003;6;VSP;SBCT;SBGL;237,00;467
2003;6;VSP;SBBH;SBSP;237,00;2
2003;6;VSP;SBGR;SBPA;493,00;27
2003;6;VSP;SBBR;SBGO;165,00;111
2003;6;VSP;SBRF;SBGL;696,00;255
2003;6;VSP;SBGL;SBBR;538,00;7
2003;6;VSP;SBGR;SBBR;214,00;842
2003;6;VSP;SBPA;SBGR;266,00;1151
2003;6;VSP;SBPA;SBBR;737,00;17
2003;6;VSP;SBBH;SBBR;424,00;5
2003;6;VSP;SBGL;SBCT;299,00;48
2003;6;VSP;SBGR;SBGL;268,00;154
2003;6;VSP;SBBR;SBPA;615,00;19
2003;6;VSP;SBMQ;SBBE;227,00;54
2003;6;VSP;SBBR;SBFZ;721,00;14
2003;6;VSP;SBGR;SBGL;249,00;442
2003;6;VSP;SBRF;SBGL;633,00;41
2003;6;VSP;SBBR;SBPA;569,00;20
2003;6;VSP;SBFL;SBBR;644,00;2
2003;6;VSP;SBCF;SBBR;289,00;13
2003;6;VSP;SBBR;SBGO;248,00;2
2003;6;VSP;SBGO;SBBR;165,00;79
2003;6;VSP;SBGL;SBPA;644,00;6
2003;6;VSP;SBGL;SBBR;260,00;1455
2003;6;VSP;SBCT;SBBR;748,00;5
2003;6;VSP;SBGO;SBSP;395,00;12
2003;6;VSP;SBGR;SBSV;636,00;325
2003;6;VSP;SBPA;SBSP;359,00;17
2003;6;VSP;SBFZ;SBRF;579,00;19
2003;6;VSP;SBBR;SBGL;538,00;8
2003;6;VSP;SBRF;SBFZ;252,00;15
2003;6;VSP;SBBR;SBCT;352,00;133
2003;6;VSP;SBKP;SBBR;455,00;9
2003;6;VSP;SBSV;SBRF;371,00;150
2003;6;VSP;SBSP;SBBR;608,00;4
2003;6;VSP;SBGO;SBBR;248,00;8
2003;6;VSP;SBGL;SBCT;357,00;56
2003;6;VSP;SBCT;SBPA;144,00;43
2003;6;VSP;SBPA;SBBR;676,00;58
2003;6;VSP;SBPA;SBGL;743,00;22
2003;6;VSP;SBEG;SBGR;1259,00;1
2003;6;VSP;SBGL;SBPA;991,00;71
2003;6;VSP;SBBR;SBCF;289,00;11
2003;6;VSP;SBBR;SBGR;810,00;184
2003;6;VSP;SBSV;SBRF;674,00;24
2003;6;VSP;SBBR;SBSP;405,00;196
2003;6;VSP;SBSV;SBBR;409,00;167
2003;6;VSP;SBBR;SBPA;469,00;129
2003;6;VSP;SBGL;SBSV;308,00;2253
2003;6;VSP;SBCT;SBSP;320,00;16
2003;6;VSP;SBSP;SBBR;319,00;501
2003;6;VSP;SBGR;SBFL;369,00;8
2003;6;VSP;SBRF;SBSV;219,00;84
2003;6;VSP;SBFZ;SBBR;721,00;4
2003;6;VSP;SBSV;SBRF;573,00;15
2003;6;VSP;SBGR;SBEG;923,00;122
2003;6;VSP;SBSP;SBBH;186,00;1131
2003;6;VSP;SBSV;SBGR;983,00;4
2003;6;VSP;SBBR;SBCT;449,00;6
2003;6;VSP;SBGL;SBRF;633,00;57
2003;6;VSP;SBBR;SBGR;527,00;3
2003;6;VSP;SBBE;SBMQ;340,00;5
2003;6;VSP;SBCT;SBGL;464,00;12
2003;6;VSP;SBFL;SBBR;360,00;84
2003;6;VSP;SBBR;SBBH;327,00;39
2003;6;VSP;SBSP;SBPA;534,00;3
2003;6;VSP;SBCF;SBGR;385,00;2
2003;6;VSP;SBCT;SBPA;536,00;1
2003;6;VSP;SBGL;SBCT;464,00;3
2003;6;VSP;SBPA;SBGL;991,00;79
2003;6;VSP;SBBR;SBSP;608,00;19
2003;6;VSP;SBGR;SBCF;592,00;18
2003;6;VSP;SBBR;SBKP;828,00;5
2003;6;VSP;SBGL;SBSV;636,00;39
2003;6;VSP;SBBR;SBFZ;661,00;91
2003;6;VSP;SBFL;SBBR;1073,00;1
2003;6;VSP;SBPA;SBGL;595,00;3
2003;6;VSP;SBMQ;SBBE;249,00;42
2003;6;VSP;SBCF;SBGR;296,00;3
2003;6;VSP;SBGR;SBPA;411,00;43
2003;6;VSP;SBFL;SBGR;369,00;12
2003;6;VSP;SBGL;SBPA;743,00;13
2003;6;VSP;SBCF;SBGR;592,00;25
2003;6;VSP;SBSV;SBBR;542,00;257
2003;6;VSP;SBBR;SBCT;997,00;21
2003;6;VSP;SBMQ;SBBE;340,00;2
2003;6;VSP;SBGR;SBGL;292,00;65
2003;6;VSP;SBGL;SBRF;823,00;11
2003;6;VSP;SBGL;SBSV;734,00;15
2003;6;VSP;SBCT;SBPA;315,00;28
2003;6;VSP;SBBR;SBPA;676,00;43
2003;6;VSP;SBBR;SBBH;653,00;51
2003;6;VSP;SBBR;SBFL;360,00;61
2003;6;VSP;SBBR;SBBH;392,00;44
2003;6;VSP;SBPA;SBGR;411,00;32
2003;6;VSP;SBRF;SBFZ;443,00;14
2003;6;VSP;SBBR;SBGL;414,00;122
2003;6;VSP;SBPA;SBSP;616,00;4
2003;6;VSP;SBGL;SBPA;595,00;6
2003;6;VSP;SBCF;SBGR;355,00;48
2003;6;VSP;SBBR;SBSV;379,00;962
2003;6;VSP;SBBR;SBFL;452,00;15
2003;6;VSP;SBBR;SBFL;1073,00;3
2003;6;VSP;SBSV;SBGL;831,00;10
2003;6;VSP;SBSV;SBRF;438,00;19
2003;6;VSP;SBSV;SBGL;359,00;213
2003;6;VSP;SBGR;SBCF;355,00;47
2003;6;VSP;SBRF;SBGL;1266,00;64
2003;6;VSP;SBBR;SBBH;424,00;1
2003;6;VSP;SBRF;SBFZ;511,00;6
2003;6;VSP;SBCT;SBBR;598,00;24
2003;6;VSP;SBBR;SBFZ;901,00;1
2003;6;VSP;SBGO;SBBR;182,00;235
2003;6;VSP;SBGL;SBPA;842,00;27
2003;6;VSP;SBGL;SBRF;950,00;8
2003;6;VSP;SBBE;SBBR;860,00;1
2003;6;VSP;SBSV;SBRF;184,00;437
2003;6;VSP;SBPA;SBSP;821,00;7
2003;6;VSP;SBFZ;SBRF;341,00;53
2003;6;VSP;SBBR;SBGO;198,00;112
2003;6;VSP;SBGL;SBPA;496,00;25
