ANO;MES;EMPRESA;ORIGEM;DESTINO;TARIFA;ASSENTOS
2003;5;GLO;SBRJ;SBPA;433,49;17
2003;5;GLO;SBRJ;SBBH;175,90;413
2003;5;GLO;SBGO;SBSP;499,03;5
2003;5;GLO;SBCT;SBBH;125,56;944
2003;5;GLO;SBBH;SBRJ;206,80;5
2003;5;GLO;SBGO;SBBR;132,00;6
2003;5;GLO;SBBR;SBSP;388,75;4
2003;5;GLO;SBSP;SBGO;361,02;354
2003;5;GLO;SBRJ;SBKP;235,93;157
2003;5;GLO;SBSV;SBBR;417,60;5
2003;5;GLO;SBRF;SBSV;219,70;436
2003;5;GLO;SBBR;SBCT;294,00;144
2003;5;GLO;SBPA;SBKP;163,71;1493
2003;5;GLO;SBSP;SBGL;161,74;1394
2003;5;GLO;SBCT;SBSP;257,50;3
2003;5;GLO;SBRJ;SBBH;313,29;7
2003;5;GLO;SBSP;SBGO;150,00;2
2003;5;GLO;SBBR;SBGL;340,82;29
2003;5;GLO;SBGL;SBFL;116,50;30
2003;5;GLO;SBCT;SBKP;196,57;752
2003;5;GLO;SBRJ;SBBR;482,00;1
2003;5;GLO;SBCT;SBRJ;162,75;1528
2003;5;GLO;SBGL;SBSV;432,14;211
2003;5;GLO;SBRF;SBGL;331,20;20
2003;5;GLO;SBRJ;SBCT;173,45;1567
2003;5;GLO;SBBR;SBSP;232,25;1830
2003;5;GLO;SBCT;SBBH;160,83;138
2003;5;GLO;SBSP;SBVT;169,56;1894
2003;5;GLO;SBBR;SBFZ;654,00;5
2003;5;GLO;SBRJ;SBKP;302,61;433
2003;5;GLO;SBSP;SBGO;377,35;14
2003;5;GLO;SBGL;SBSV;642,00;1
2003;5;GLO;SBKP;SBRJ;264,75;211
2003;5;GLO;SBPA;SBRJ;435,73;15
2003;5;GLO;SBBR;SBGL;305,14;99
2003;5;GLO;SBCT;SBSP;210,51;604
2003;5;GLO;SBBR;SBGL;266,80;617
2003;5;GLO;SBNF;SBSP;222,63;19
2003;5;GLO;SBPA;SBCT;170,00;23
2003;5;GLO;SBVT;SBSP;403,00;2
2003;5;GLO;SBRJ;SBVT;114,00;72
2003;5;GLO;SBKP;SBBH;158,00;2
2003;5;GLO;SBBR;SBPA;271,19;140
2003;5;GLO;SBSP;SBBH;379,00;1
2003;5;GLO;SBBH;SBCT;124,00;2
2003;5;GLO;SBKP;SBRJ;131,00;3
2003;5;GLO;SBGL;SBSP;156,00;14
2003;5;GLO;SBGL;SBSP;147,74;1450
2003;5;GLO;SBCT;SBRJ;105,44;16
2003;5;GLO;SBRJ;SBFL;247,50;8
2003;5;GLO;SBFL;SBPA;295,00;1
2003;5;GLO;SBSP;SBBH;314,00;7
2003;5;GLO;SBFL;SBGL;351,81;157
2003;5;GLO;SBFZ;SBRF;231,00;13
2003;5;GLO;SBGL;SBCT;174,42;12
2003;5;GLO;SBPA;SBGL;477,00;2
2003;5;GLO;SBBE;SBBR;339,02;233
2003;5;GLO;SBBR;SBBH;309,38;64
2003;5;GLO;SBSP;SBRJ;156,00;5
2003;5;GLO;SBSP;SBGO;668,65;46
2003;5;GLO;SBGL;SBFL;180,00;20
2003;5;GLO;SBBH;SBRJ;129,99;296
2003;5;GLO;SBFZ;SBBR;197,42;81
2003;5;GLO;SBGL;SBBR;265,31;602
2003;5;GLO;SBGL;SBRF;549,00;8
2003;5;GLO;SBRJ;SBBR;396,50;2
2003;5;GLO;SBBR;SBSV;517,60;5
2003;5;GLO;SBRF;SBSV;338,00;2
2003;5;GLO;SBRJ;SBSP;180,00;26
2003;5;GLO;SBCT;SBKP;195,21;25
2003;5;GLO;SBSP;SBBH;234,84;4886
2003;5;GLO;SBBR;SBFL;260,76;88
2003;5;GLO;SBPA;SBCT;378,00;4
2003;5;GLO;SBFL;SBPA;101,00;85
2003;5;GLO;SBKP;SBRJ;303,92;373
2003;5;GLO;SBSV;SBGL;501,43;54
2003;5;GLO;SBGL;SBRF;824,00;2
2003;5;GLO;SBGL;SBPA;233,96;1724
2003;5;GLO;SBPA;SBKP;339,00;1
2003;5;GLO;SBVT;SBSP;256,32;251
2003;5;GLO;SBRJ;SBKP;311,67;3
2003;5;GLO;SBPA;SBCT;200,00;10
2003;5;GLO;SBPS;SBSP;355,33;184
2003;5;GLO;SBSP;SBBR;265,54;5346
2003;5;GLO;SBBH;SBBR;345,00;1
2003;5;GLO;SBPA;SBKP;148,40;514
2003;5;GLO;SBKP;SBPA;144,00;32
2003;5;GLO;SBSP;SBGO;295,92;952
2003;5;GLO;SBCT;SBKP;192,44;39
2003;5;GLO;SBSP;SBPS;288,62;61
2003;5;GLO;SBFL;SBPA;129,92;596
2003;5;GLO;SBSP;SBBH;139,00;63
2003;5;GLO;SBSP;SBPA;327,74;466
2003;5;GLO;SBFL;SBGL;363,82;11
2003;5;GLO;SBSV;SBBR;405,48;33
2003;5;GLO;SBPA;SBKP;219,85;133
2003;5;GLO;SBBH;SBCT;183,00;10
2003;5;GLO;SBSP;SBFL;183,95;4325
2003;5;GLO;SBVT;SBRJ;107,29;2575
2003;5;GLO;SBSP;SBPS;350,00;4
2003;5;GLO;SBGL;SBPA;8,52;54
2003;5;GLO;SBCT;SBRJ;173,75;48
2003;5;GLO;SBBR;SBSP;150,00;1
2003;5;GLO;SBVT;SBRJ;162,11;237
2003;5;GLO;SBPA;SBBR;349,41;747
2003;5;GLO;SBPA;SBRJ;179,75;190
2003;5;GLO;SBRF;SBGL;540,04;18
2003;5;GLO;SBBE;SBMQ;93,13;4
2003;5;GLO;SBPA;SBBR;346,16;1058
2003;5;GLO;SBGL;SBSV;387,26;441
2003;5;GLO;SBRJ;SBKP;262,00;55
2003;5;GLO;SBSP;SBGL;216,68;36
2003;5;GLO;SBSP;SBCT;309,00;1
2003;5;GLO;SBBR;SBSV;558,00;1
2003;5;GLO;SBBR;SBPA;366,60;656
2003;5;GLO;SBSV;SBGL;263,50;16
2003;5;GLO;SBSP;SBBR;498,00;3
2003;5;GLO;SBRJ;SBFL;161,47;892
2003;5;GLO;SBPA;SBCT;143,21;5309
2003;5;GLO;SBSP;SBGL;144,64;1496
2003;5;GLO;SBRF;SBFZ;410,83;64
2003;5;GLO;SBGL;SBSV;539,08;45
2003;5;GLO;SBSP;SBFL;211,00;100
2003;5;GLO;SBCT;SBSP;268,64;99
2003;5;GLO;SBSP;SBBR;252,73;11
2003;5;GLO;SBGO;SBSP;195,00;4
2003;5;GLO;SBRJ;SBBR;250,78;116
2003;5;GLO;SBKP;SBCT;223,31;68
2003;5;GLO;SBGL;SBCT;321,24;13
2003;5;GLO;SBFL;SBGL;387,69;54
2003;5;GLO;SBKP;SBRJ;100,00;1
2003;5;GLO;SBBR;SBKP;179,97;294
2003;5;GLO;SBKP;SBCT;338,00;2
2003;5;GLO;SBRJ;SBSP;159,54;4206
2003;5;GLO;SBGO;SBSP;323,00;1
2003;5;GLO;SBCT;SBRJ;210,60;70
2003;5;GLO;SBRJ;SBBR;302,33;60
2003;5;GLO;SBFL;SBBR;152,89;541
2003;5;GLO;SBSV;SBRF;248,00;11
2003;5;GLO;SBSP;SBPA;476,00;1
2003;5;GLO;SBFL;SBRJ;201,17;18
2003;5;GLO;SBSP;SBNF;148,41;29
2003;5;GLO;SBSP;SBBR;150,00;2
2003;5;GLO;SBBR;SBPA;406,69;85
2003;5;GLO;SBFL;SBGL;233,00;15
2003;5;GLO;SBPA;SBCT;275,00;1
2003;5;GLO;SBSP;SBPS;203,76;21
2003;5;GLO;SBGL;SBBR;294,00;27
2003;5;GLO;SBKP;SBPA;170,89;55
2003;5;GLO;SBRJ;SBPA;238,50;6
2003;5;GLO;SBBH;SBKP;189,60;5
2003;5;GLO;SBRF;SBGL;559,94;91
2003;5;GLO;SBBH;SBSP;458,55;11
2003;5;GLO;SBNF;SBSP;206,00;82
2003;5;GLO;SBBH;SBBR;483,46;45
2003;5;GLO;SBRF;SBGL;751,60;5
2003;5;GLO;SBVT;SBRJ;120,84;3397
2003;5;GLO;SBSV;SBBR;373,00;40
2003;5;GLO;SBRJ;SBPA;188,14;167
2003;5;GLO;SBRJ;SBKP;324,40;5
2003;5;GLO;SBSP;SBPS;238,50;183
2003;5;GLO;SBGL;SBRF;236,94;35
2003;5;GLO;SBRJ;SBSP;272,50;20
2003;5;GLO;SBSV;SBGL;250,00;1
2003;5;GLO;SBGO;SBSP;297,70;67
2003;5;GLO;SBBR;SBBH;379,00;1
2003;5;GLO;SBGL;SBSV;336,73;1330
2003;5;GLO;SBBR;SBCT;706,29;13
2003;5;GLO;SBRF;SBSV;381,00;2
2003;5;GLO;SBSP;SBCT;353,00;3
2003;5;GLO;SBBH;SBRJ;316,39;34
2003;5;GLO;SBFL;SBRJ;229,50;14
2003;5;GLO;SBBR;SBGO;137,68;105
2003;5;GLO;SBGL;SBSP;306,23;16
2003;5;GLO;SBFL;SBSP;182,15;513
2003;5;GLO;SBSP;SBRJ;293,00;25
2003;5;GLO;SBBR;SBRJ;216,28;2428
2003;5;GLO;SBBR;SBSV;414,43;14
2003;5;GLO;SBRJ;SBSP;247,89;14449
2003;5;GLO;SBSV;SBGL;385,77;395
2003;5;GLO;SBFZ;SBBR;408,92;37
2003;5;GLO;SBRJ;SBPA;176,57;188
2003;5;GLO;SBBE;SBMQ;137,91;984
2003;5;GLO;SBKP;SBBR;251,79;56
2003;5;GLO;SBRJ;SBCT;153,75;1115
2003;5;GLO;SBSP;SBNF;100,00;1
2003;5;GLO;SBFZ;SBRF;169,35;823
2003;5;GLO;SBSP;SBBH;211,51;645
2003;5;GLO;SBSP;SBGO;330,12;629
2003;5;GLO;SBBR;SBFZ;586,14;400
2003;5;GLO;SBPS;SBSP;436,15;26
2003;5;GLO;SBRJ;SBSP;324,00;1
2003;5;GLO;SBSP;SBBR;416,79;86
2003;5;GLO;SBSV;SBGL;439,02;240
2003;5;GLO;SBRJ;SBSP;233,33;3
2003;5;GLO;SBSP;SBBH;286,48;130
2003;5;GLO;SBCT;SBSP;230,07;72
2003;5;GLO;SBBR;SBFL;179,38;385
2003;5;GLO;SBSP;SBPA;375,40;45
2003;5;GLO;SBCT;SBGL;294,00;4
2003;5;GLO;SBSP;SBCT;210,27;2386
2003;5;GLO;SBRJ;SBBH;211,00;2
2003;5;GLO;SBSV;SBGL;351,77;1288
2003;5;GLO;SBBR;SBBH;184,67;3
2003;5;GLO;SBBR;SBCT;328,93;719
2003;5;GLO;SBCT;SBSP;100,00;2
2003;5;GLO;SBSP;SBPS;328,26;38
2003;5;GLO;SBRJ;SBCT;314,18;25
2003;5;GLO;SBCT;SBBR;236,17;24
2003;5;GLO;SBBH;SBSP;236,25;5321
2003;5;GLO;SBSP;SBVT;148,10;2418
2003;5;GLO;SBRJ;SBSP;222,46;2620
2003;5;GLO;SBGL;SBSV;545,00;6
2003;5;GLO;SBBR;SBSV;373,00;60
2003;5;GLO;SBSV;SBRF;438,50;2
2003;5;GLO;SBRF;SBGL;781,00;1
2003;5;GLO;SBRJ;SBBR;273,12;652
2003;5;GLO;SBFZ;SBRF;174,00;20
2003;5;GLO;SBCT;SBBR;289,97;814
2003;5;GLO;SBRJ;SBSP;293,00;25
2003;5;GLO;SBBH;SBBR;278,19;145
2003;5;GLO;SBRJ;SBVT;107,63;2506
2003;5;GLO;SBSP;SBGL;156,00;7
2003;5;GLO;SBBE;SBMQ;87,00;2
2003;5;GLO;SBNF;SBSP;212,77;940
2003;5;GLO;SBFL;SBBR;177,00;20
2003;5;GLO;SBSV;SBGL;357,85;355
2003;5;GLO;SBPA;SBGL;312,00;2
2003;5;GLO;SBCT;SBRJ;150,00;1
2003;5;GLO;SBBR;SBSP;430,20;5
2003;5;GLO;SBGL;SBCT;229,00;15
2003;5;GLO;SBRJ;SBBH;259,10;27
2003;5;GLO;SBCT;SBPA;574,36;11
2003;5;GLO;SBBH;SBRJ;133,17;4404
2003;5;GLO;SBRF;SBFZ;404,93;208
2003;5;GLO;SBFL;SBSP;211,00;100
2003;5;GLO;SBRJ;SBBR;215,82;2589
2003;5;GLO;SBKP;SBRJ;412,00;1
2003;5;GLO;SBGL;SBRF;750,67;3
2003;5;GLO;SBSV;SBRF;181,43;658
2003;5;GLO;SBSV;SBRF;192,34;255
2003;5;GLO;SBGL;SBPA;248,81;250
2003;5;GLO;SBBR;SBSP;279,30;800
2003;5;GLO;SBBR;SBBE;297,90;311
2003;5;GLO;SBFL;SBSP;336,34;24
2003;5;GLO;SBRJ;SBSP;207,00;2744
2003;5;GLO;SBPA;SBSP;337,78;481
2003;5;GLO;SBCT;SBKP;177,01;325
2003;5;GLO;SBBR;SBSP;256,09;4679
2003;5;GLO;SBNF;SBSP;387,00;2
2003;5;GLO;SBBR;SBBH;255,88;112
2003;5;GLO;SBBH;SBCT;139,94;142
2003;5;GLO;SBBR;SBBH;231,00;1645
2003;5;GLO;SBSP;SBNF;206,00;92
2003;5;GLO;SBBR;SBBE;636,53;2
2003;5;GLO;SBRJ;SBPA;189,69;26
2003;5;GLO;SBSP;SBBH;283,49;1051
2003;5;GLO;SBPA;SBCT;129,37;964
2003;5;GLO;SBPA;SBCT;322,00;1
2003;5;GLO;SBSP;SBCT;100,00;1
2003;5;GLO;SBBR;SBPA;563,67;3
2003;5;GLO;SBRJ;SBCT;178,75;46
2003;5;GLO;SBRJ;SBKP;286,83;336
2003;5;GLO;SBBH;SBCT;154,98;10
2003;5;GLO;SBBR;SBSP;330,98;754
2003;5;GLO;SBCT;SBBR;268,91;894
2003;5;GLO;SBGL;SBCT;211,22;768
2003;5;GLO;SBRJ;SBKP;269,15;1071
2003;5;GLO;SBBH;SBSP;232,99;350
2003;5;GLO;SBKP;SBBR;195,88;272
2003;5;GLO;SBSP;SBGL;194,97;261
2003;5;GLO;SBFZ;SBRF;193,05;40
2003;5;GLO;SBSP;SBPA;392,95;176
2003;5;GLO;SBBE;SBBR;943,00;1
2003;5;GLO;SBFL;SBSP;183,67;4460
2003;5;GLO;SBSP;SBBR;441,40;5
2003;5;GLO;SBRJ;SBVT;314,00;3
2003;5;GLO;SBBR;SBCT;173,00;230
2003;5;GLO;SBKP;SBBH;108,40;6
2003;5;GLO;SBSP;SBNF;287,00;1
2003;5;GLO;SBSP;SBPA;450,09;78
2003;5;GLO;SBCT;SBBR;519,79;19
2003;5;GLO;SBFZ;SBBR;498,83;23
2003;5;GLO;SBFL;SBBR;254,00;2
2003;5;GLO;SBSP;SBPS;345,37;238
2003;5;GLO;SBGL;SBCT;168,00;4
2003;5;GLO;SBKP;SBRJ;269,59;1167
2003;5;GLO;SBPA;SBFL;105,69;2319
2003;5;GLO;SBGL;SBSV;250,00;1
2003;5;GLO;SBKP;SBRJ;388,43;7
2003;5;GLO;SBRJ;SBPA;122,50;8
2003;5;GLO;SBKP;SBRJ;285,79;317
2003;5;GLO;SBSP;SBBR;299,20;806
2003;5;GLO;SBSP;SBFL;100,00;5
2003;5;GLO;SBRF;SBSV;337,13;16
2003;5;GLO;SBBR;SBGO;172,95;17
2003;5;GLO;SBKP;SBBH;144,50;6
2003;5;GLO;SBVT;SBSP;164,19;2129
2003;5;GLO;SBBR;SBSP;344,00;6
2003;5;GLO;SBPA;SBSP;398,90;102
2003;5;GLO;SBBR;SBGL;150,00;1
2003;5;GLO;SBGO;SBSP;362,47;223
2003;5;GLO;SBCT;SBBR;242,50;4
2003;5;GLO;SBRJ;SBBH;358,00;1
2003;5;GLO;SBPA;SBSP;213,82;2642
2003;5;GLO;SBRF;SBGL;461,79;546
2003;5;GLO;SBRJ;SBFL;180,69;854
2003;5;GLO;SBFL;SBBR;157,50;4
2003;5;GLO;SBSP;SBFL;366,24;23
2003;5;GLO;SBFL;SBSP;205,69;644
2003;5;GLO;SBRJ;SBSP;173,00;5
2003;5;GLO;SBPA;SBFL;295,00;1
2003;5;GLO;SBFL;SBRJ;206,77;8
2003;5;GLO;SBFL;SBGL;495,00;2
2003;5;GLO;SBBR;SBSV;387,95;20
2003;5;GLO;SBKP;SBBH;151,33;265
2003;5;GLO;SBRF;SBGL;591,58;50
2003;5;GLO;SBBR;SBFZ;306,80;15
2003;5;GLO;SBSP;SBBR;234,65;1983
2003;5;GLO;SBSP;SBVT;216,13;179
2003;5;GLO;SBKP;SBCT;237,00;69
2003;5;GLO;SBBH;SBSP;216,15;742
2003;5;GLO;SBFZ;SBBR;600,75;48
2003;5;GLO;SBNF;SBSP;372,88;11
2003;5;GLO;SBBR;SBBH;345,00;1
2003;5;GLO;SBRJ;SBFL;180,00;274
2003;5;GLO;SBBR;SBFL;229,73;119
2003;5;GLO;SBRJ;SBCT;336,00;2
2003;5;GLO;SBPA;SBCT;150,00;1
2003;5;GLO;SBKP;SBPA;224,50;2
2003;5;GLO;SBSP;SBNF;211,11;881
2003;5;GLO;SBKP;SBBR;196,09;352
2003;5;GLO;SBPS;SBSP;293,82;157
2003;5;GLO;SBBR;SBRJ;629,00;1
2003;5;GLO;SBBH;SBBR;256,18;44
2003;5;GLO;SBSP;SBCT;266,13;301
2003;5;GLO;SBPS;SBSP;319,81;63
2003;5;GLO;SBGL;SBFL;292,14;48
2003;5;GLO;SBKP;SBPA;342,00;4
2003;5;GLO;SBSP;SBGL;177,09;401
2003;5;GLO;SBGL;SBRF;561,22;107
2003;5;GLO;SBBR;SBBH;279,78;69
2003;5;GLO;SBBR;SBRJ;150,00;9
2003;5;GLO;SBBR;SBFZ;197,23;95
2003;5;GLO;SBGL;SBSV;253,50;16
2003;5;GLO;SBSP;SBPS;315,00;2
2003;5;GLO;SBSP;SBGL;249,00;84
2003;5;GLO;SBCT;SBGL;200,15;662
2003;5;GLO;SBCT;SBRJ;180,96;246
2003;5;GLO;SBBR;SBFZ;494,00;6
2003;5;GLO;SBRJ;SBSP;286,00;3
2003;5;GLO;SBBH;SBKP;129,00;5
2003;5;GLO;SBBR;SBSP;157,00;1
2003;5;GLO;SBRF;SBSV;249,26;239
2003;5;GLO;SBPA;SBRJ;155,12;1540
2003;5;GLO;SBRJ;SBBH;275,50;4
2003;5;GLO;SBKP;SBRJ;323,00;4
2003;5;GLO;SBFL;SBBR;186,78;102
2003;5;GLO;SBSV;SBBR;349,50;839
2003;5;GLO;SBRJ;SBSP;191,00;28
2003;5;GLO;SBCT;SBBH;112,10;792
2003;5;GLO;SBPA;SBGL;408,50;1
2003;5;GLO;SBFL;SBSP;241,56;86
2003;5;GLO;SBBH;SBRJ;153,00;468
2003;5;GLO;SBSP;SBBH;150,00;2
2003;5;GLO;SBPA;SBFL;101,99;162
2003;5;GLO;SBCT;SBKP;214,11;57
2003;5;GLO;SBGL;SBSP;374,00;2
2003;5;GLO;SBPA;SBBR;260,63;60
2003;5;GLO;SBFL;SBRJ;180,15;872
2003;5;GLO;SBGL;SBBR;333,30;4
2003;5;GLO;SBBE;SBBR;382,46;26
2003;5;GLO;SBSV;SBGL;523,31;26
2003;5;GLO;SBFL;SBGL;300,88;85
2003;5;GLO;SBRJ;SBBR;258,24;5700
2003;5;GLO;SBSV;SBRF;220,12;348
2003;5;GLO;SBBR;SBBH;258,13;2701
2003;5;GLO;SBPA;SBRJ;205,33;6
2003;5;GLO;SBSV;SBGL;654,00;2
2003;5;GLO;SBGL;SBSV;354,97;1563
2003;5;GLO;SBCT;SBSP;209,74;2492
2003;5;GLO;SBGO;SBSP;476,00;6
2003;5;GLO;SBSP;SBPA;202,45;2487
2003;5;GLO;SBGL;SBSV;657,00;1
2003;5;GLO;SBBR;SBSV;325,60;101
2003;5;GLO;SBCT;SBBH;183,00;2
2003;5;GLO;SBKP;SBRJ;262,00;29
2003;5;GLO;SBCT;SBPA;326,07;17
2003;5;GLO;SBGL;SBSP;249,00;10
2003;5;GLO;SBPA;SBGL;277,33;3
2003;5;GLO;SBRJ;SBBH;100,00;7
2003;5;GLO;SBBR;SBSP;226,44;9
2003;5;GLO;SBSP;SBRJ;173,57;14
2003;5;GLO;SBRJ;SBBH;128,96;299
2003;5;GLO;SBVT;SBSP;75,00;2
2003;5;GLO;SBCT;SBPA;152,47;933
2003;5;GLO;SBRF;SBSV;213,84;1345
2003;5;GLO;SBBR;SBSV;343,49;883
2003;5;GLO;SBCT;SBRJ;187,76;17
2003;5;GLO;SBBH;SBKP;170,93;282
2003;5;GLO;SBKP;SBPA;1242,00;1
2003;5;GLO;SBCT;SBGL;174,42;12
2003;5;GLO;SBSP;SBBR;298,00;7
2003;5;GLO;SBVT;SBRJ;260,53;13
2003;5;GLO;SBSV;SBBR;329,89;103
2003;5;GLO;SBVT;SBSP;472,00;1
2003;5;GLO;SBVT;SBRJ;114,00;71
2003;5;GLO;SBCT;SBBR;225,43;7
2003;5;GLO;SBBH;SBBR;184,67;3
2003;5;GLO;SBRJ;SBBH;152,31;428
2003;5;GLO;SBBR;SBRJ;259,04;69
2003;5;GLO;SBFL;SBSP;269,41;123
2003;5;GLO;SBNF;SBSP;100,00;1
2003;5;GLO;SBRJ;SBSP;162,00;1
2003;5;GLO;SBBR;SBCT;539,00;1
2003;5;GLO;SBFL;SBPA;374,57;7
2003;5;GLO;SBBH;SBRJ;319,00;2
2003;5;GLO;SBRJ;SBVT;143,85;373
2003;5;GLO;SBPA;SBSP;107,14;7
2003;5;GLO;SBFL;SBGL;340,80;5
2003;5;GLO;SBKP;SBPA;154,46;501
2003;5;GLO;SBBR;SBBE;341,67;256
2003;5;GLO;SBCT;SBRJ;140,02;1458
2003;5;GLO;SBFZ;SBRF;168,55;83
2003;5;GLO;SBPA;SBGL;328,03;40
2003;5;GLO;SBRF;SBFZ;204,02;1093
2003;5;GLO;SBSV;SBRF;352,15;18
2003;5;GLO;SBPA;SBFL;343,33;3
2003;5;GLO;SBSP;SBGO;265,68;250
2003;5;GLO;SBPA;SBSP;254,21;444
2003;5;GLO;SBBR;SBPA;1011,00;1
2003;5;GLO;SBSP;SBCT;208,72;560
2003;5;GLO;SBGL;SBSV;394,73;44
2003;5;GLO;SBBR;SBRJ;365,97;44
2003;5;GLO;SBBR;SBSP;203,25;370
2003;5;GLO;SBKP;SBPA;142,66;161
2003;5;GLO;SBRF;SBFZ;421,85;10
2003;5;GLO;SBRJ;SBVT;120,56;3319
2003;5;GLO;SBSV;SBRF;186,40;1126
2003;5;GLO;SBCT;SBBH;151,97;8
2003;5;GLO;SBGL;SBPA;252,03;240
2003;5;GLO;SBSP;SBRJ;279,00;8
2003;5;GLO;SBGL;SBSP;293,00;1
2003;5;GLO;SBSP;SBGL;224,00;8
2003;5;GLO;SBSP;SBPS;360,14;65
2003;5;GLO;SBRF;SBFZ;170,26;1621
2003;5;GLO;SBCT;SBSP;234,46;3396
2003;5;GLO;SBCT;SBPA;359,20;5
2003;5;GLO;SBSP;SBRJ;206,38;2739
2003;5;GLO;SBBR;SBSV;645,00;2
2003;5;GLO;SBBE;SBMQ;303,20;10
2003;5;GLO;SBCT;SBBR;218,63;182
2003;5;GLO;SBPA;SBGL;247,54;183
2003;5;GLO;SBGL;SBFL;271,08;176
2003;5;GLO;SBSP;SBNF;189,30;1564
2003;5;GLO;SBFL;SBRJ;194,86;172
2003;5;GLO;SBPA;SBFL;151,00;5
2003;5;GLO;SBBR;SBKP;224,00;23
2003;5;GLO;SBFL;SBRJ;75,00;2
2003;5;GLO;SBBR;SBBH;260,00;1
2003;5;GLO;SBBR;SBFL;202,54;617
2003;5;GLO;SBPA;SBRJ;117,00;12
2003;5;GLO;SBKP;SBBR;280,45;31
2003;5;GLO;SBRF;SBGL;250,00;1
2003;5;GLO;SBKP;SBBH;167,56;177
2003;5;GLO;SBSP;SBPA;254,99;8961
2003;5;GLO;SBBH;SBRJ;176,04;426
2003;5;GLO;SBKP;SBCT;217,40;784
2003;5;GLO;SBKP;SBPA;566,00;1
2003;5;GLO;SBSP;SBNF;211,50;10
2003;5;GLO;SBSP;SBFL;181,98;500
2003;5;GLO;SBPA;SBCT;140,64;53
2003;5;GLO;SBGL;SBSV;616,00;3
2003;5;GLO;SBPA;SBSP;292,00;16
2003;5;GLO;SBBH;SBKP;150,82;374
2003;5;GLO;SBBH;SBBR;308,77;60
2003;5;GLO;SBCT;SBGL;225,43;774
2003;5;GLO;SBPA;SBFL;94,72;554
2003;5;GLO;SBKP;SBPA;150,00;1
2003;5;GLO;SBPA;SBKP;75,00;2
2003;5;GLO;SBBR;SBRJ;395,00;3
2003;5;GLO;SBVT;SBSP;225,52;29
2003;5;GLO;SBBH;SBBR;229,55;1840
2003;5;GLO;SBCT;SBBR;257,69;244
2003;5;GLO;SBBR;SBGO;123,08;130
2003;5;GLO;SBSP;SBGO;395,43;36
2003;5;GLO;SBSP;SBVT;113,29;170
2003;5;GLO;SBGL;SBCT;204,41;545
2003;5;GLO;SBBR;SBKP;368,00;1
2003;5;GLO;SBGL;SBPA;498,00;2
2003;5;GLO;SBBR;SBPA;564,19;21
2003;5;GLO;SBPA;SBBR;323,47;146
2003;5;GLO;SBSV;SBBR;388,76;79
2003;5;GLO;SBRJ;SBCT;107,24;17
2003;5;GLO;SBRF;SBGL;443,33;3
2003;5;GLO;SBSP;SBRJ;173,00;27
2003;5;GLO;SBBR;SBKP;182,87;391
2003;5;GLO;SBBR;SBFZ;498,65;31
2003;5;GLO;SBKP;SBPA;174,07;138
2003;5;GLO;SBFL;SBSP;166,52;1645
2003;5;GLO;SBPA;SBSP;261,24;8983
2003;5;GLO;SBGL;SBRF;688,80;5
2003;5;GLO;SBBH;SBCT;160,69;124
2003;5;GLO;SBBR;SBBH;417,00;1
2003;5;GLO;SBBH;SBSP;345,00;4
2003;5;GLO;SBRF;SBSV;182,45;700
2003;5;GLO;SBBE;SBMQ;270,00;1
2003;5;GLO;SBFL;SBPA;151,00;5
2003;5;GLO;SBKP;SBRJ;236,79;570
2003;5;GLO;SBRJ;SBBH;239,33;3
2003;5;GLO;SBBE;SBBR;294,26;292
2003;5;GLO;SBGL;SBSV;433,00;30
2003;5;GLO;SBSP;SBFL;165,73;1992
2003;5;GLO;SBPA;SBRJ;166,67;3
2003;5;GLO;SBRJ;SBVT;100,00;6
2003;5;GLO;SBSP;SBRJ;191,00;38
2003;5;GLO;SBPA;SBGL;223,98;825
2003;5;GLO;SBFZ;SBBR;514,99;795
2003;5;GLO;SBGL;SBSP;196,20;387
2003;5;GLO;SBSP;SBVT;198,86;163
2003;5;GLO;SBBR;SBFZ;528,01;835
2003;5;GLO;SBSV;SBBR;504,79;7
2003;5;GLO;SBRJ;SBPA;165,45;1459
2003;5;GLO;SBSV;SBBR;374,01;11
2003;5;GLO;SBRJ;SBBH;133,37;4452
2003;5;GLO;SBFZ;SBBR;511,32;113
2003;5;GLO;SBPS;SBSP;503,26;27
2003;5;GLO;SBGL;SBRF;540,04;18
2003;5;GLO;SBSP;SBNF;317,00;1
2003;5;GLO;SBRJ;SBBR;385,87;71
2003;5;GLO;SBSP;SBBR;157,00;1
2003;5;GLO;SBVT;SBSP;117,65;153
2003;5;GLO;SBFL;SBRJ;247,50;12
2003;5;GLO;SBBR;SBCT;184,00;8
2003;5;GLO;SBSP;SBPA;75,00;2
2003;5;GLO;SBRJ;SBCT;200,26;263
2003;5;GLO;SBSP;SBNF;398,32;18
2003;5;GLO;SBBR;SBFL;220,26;2
2003;5;GLO;SBMQ;SBBE;105,27;1021
2003;5;GLO;SBBR;SBKP;233,75;52
2003;5;GLO;SBSP;SBPA;544,33;15
2003;5;GLO;SBBH;SBSP;284,95;925
2003;5;GLO;SBSP;SBBR;597,00;2
2003;5;GLO;SBCT;SBSP;250,14;486
2003;5;GLO;SBBH;SBKP;144,50;4
2003;5;GLO;SBBR;SBBH;393,48;13
2003;5;GLO;SBSP;SBRJ;247,96;15231
2003;5;GLO;SBCT;SBPA;378,00;2
2003;5;GLO;SBRJ;SBFL;199,43;10
2003;5;GLO;SBSP;SBFL;208,56;453
2003;5;GLO;SBSV;SBRF;287,00;1
2003;5;GLO;SBPA;SBFL;124,47;507
2003;5;GLO;SBRJ;SBKP;365,00;1
2003;5;GLO;SBBR;SBSP;409,39;77
2003;5;GLO;SBGL;SBRF;511,12;487
2003;5;GLO;SBPA;SBKP;177,54;71
2003;5;GLO;SBGL;SBFL;220,00;111
2003;5;GLO;SBBH;SBRJ;100,00;10
2003;5;GLO;SBCT;SBBR;250,00;1
2003;5;GLO;SBSV;SBRF;282,00;7
2003;5;GLO;SBSP;SBCT;232,50;22
2003;5;GLO;SBRF;SBSV;191,11;299
2003;5;GLO;SBBR;SBPA;563,40;15
2003;5;GLO;SBBR;SBSP;847,00;1
2003;5;GLO;SBSP;SBCT;249,33;345
2003;5;GLO;SBBR;SBFZ;563,00;97
2003;5;GLO;SBSP;SBBH;230,84;250
2003;5;GLO;SBSP;SBPS;332,00;4
2003;5;GLO;SBPA;SBSP;540,00;3
2003;5;GLO;SBPA;SBSP;437,26;31
2003;5;GLO;SBSP;SBBH;258,48;1527
2003;5;GLO;SBRJ;SBKP;238,03;578
2003;5;GLO;SBBH;SBBR;379,00;1
2003;5;GLO;SBRJ;SBVT;229,00;1
2003;5;GLO;SBGL;SBSP;183,23;646
2003;5;GLO;SBSP;SBVT;218,00;12
2003;5;GLO;SBGL;SBSV;355,88;504
2003;5;GLO;SBCT;SBSP;353,00;4
2003;5;GLO;SBGL;SBPA;326,86;7
2003;5;GLO;SBRF;SBFZ;470,95;11
2003;5;GLO;SBBE;SBMQ;111,57;2282
2003;5;GLO;SBSP;SBVT;192,00;4
2003;5;GLO;SBBH;SBCT;124,79;1098
2003;5;GLO;SBBR;SBPA;305,24;50
2003;5;GLO;SBRJ;SBKP;131,00;3
2003;5;GLO;SBSP;SBFL;240,94;104
2003;5;GLO;SBBR;SBGL;253,00;50
2003;5;GLO;SBBH;SBSP;316,28;129
2003;5;GLO;SBPS;SBSP;272,30;8
2003;5;GLO;SBRJ;SBFL;213,00;2
2003;5;GLO;SBSP;SBGL;216,23;79
2003;5;GLO;SBSV;SBGL;479,30;154
2003;5;GLO;SBFL;SBRJ;161,69;900
2003;5;GLO;SBSP;SBFL;402,00;2
2003;5;GLO;SBGO;SBSP;332,14;252
2003;5;GLO;SBSP;SBCT;234,30;3452
2003;5;GLO;SBBR;SBFZ;585,10;42
2003;5;GLO;SBRJ;SBPA;145,61;740
2003;5;GLO;SBFL;SBBR;226,50;44
2003;5;GLO;SBSP;SBFL;393,80;5
2003;5;GLO;SBVT;SBSP;155,00;26
2003;5;GLO;SBVT;SBSP;194,96;2076
2003;5;GLO;SBGL;SBSP;100,00;24
2003;5;GLO;SBPA;SBSP;476,00;1
2003;5;GLO;SBGO;SBSP;276,49;801
2003;5;GLO;SBKP;SBRJ;341,00;3
2003;5;GLO;SBPA;SBSP;262,82;125
2003;5;GLO;SBRJ;SBBR;556,50;2
2003;5;GLO;SBFL;SBRJ;194,00;26
2003;5;GLO;SBCT;SBPA;148,00;5321
2003;5;GLO;SBSP;SBBR;549,00;1
2003;5;GLO;SBCT;SBKP;231,22;82
2003;5;GLO;SBCT;SBSP;279,37;30
2003;5;GLO;SBRF;SBFZ;101,50;40
2003;5;GLO;SBPA;SBFL;211,00;1
2003;5;GLO;SBPA;SBBR;291,83;6
2003;5;GLO;SBSP;SBGO;205,67;6
2003;5;GLO;SBSP;SBPA;271,75;522
2003;5;GLO;SBKP;SBCT;191,00;20
2003;5;GLO;SBMQ;SBBE;116,29;7
2003;5;GLO;SBBR;SBRJ;360,93;42
2003;5;GLO;SBPA;SBGL;250,00;2
2003;5;GLO;SBBR;SBSP;451,00;1
2003;5;GLO;SBBR;SBCT;418,56;50
2003;5;GLO;SBSP;SBCT;135,55;11
2003;5;GLO;SBPA;SBSP;267,50;2
2003;5;GLO;SBBR;SBRJ;302,33;60
2003;5;GLO;SBMQ;SBBE;92,36;2350
2003;5;GLO;SBBR;SBRJ;252,23;5900
2003;5;GLO;SBSP;SBPA;289,74;3095
2003;5;GLO;SBVT;SBRJ;142,75;314
2003;5;GLO;SBSV;SBGL;419,94;34
2003;5;GLO;SBCT;SBGL;150,00;1
2003;5;GLO;SBCT;SBBH;144,00;100
2003;5;GLO;SBBR;SBFL;135,00;4
2003;5;GLO;SBBR;SBCT;304,99;833
2003;5;GLO;SBSP;SBRJ;159,46;4797
2003;5;GLO;SBVT;SBSP;230,66;305
2003;5;GLO;SBSP;SBVT;256,86;21
2003;5;GLO;SBNF;SBSP;216,67;9
2003;5;GLO;SBVT;SBRJ;346,00;2
2003;5;GLO;SBBR;SBSV;378,60;800
2003;5;GLO;SBPA;SBRJ;139,14;724
2003;5;GLO;SBPA;SBKP;684,00;1
2003;5;GLO;SBKP;SBCT;180,06;266
2003;5;GLO;SBPA;SBFL;178,00;1
2003;5;GLO;SBFZ;SBRF;353,80;10
2003;5;GLO;SBRF;SBGL;524,53;161
2003;5;GLO;SBSP;SBBR;388,75;4
2003;5;GLO;SBGL;SBPA;310,47;38
2003;5;GLO;SBGL;SBPA;222,87;903
2003;5;GLO;SBSP;SBBR;336,77;366
2003;5;GLO;SBRJ;SBCT;189,00;8
2003;5;GLO;SBBH;SBSP;260,78;1374
2003;5;GLO;SBSP;SBFL;304,00;1
2003;5;GLO;SBKP;SBPA;150,20;1927
2003;5;GLO;SBCT;SBBH;124,00;2
2003;5;GLO;SBSP;SBRJ;222,30;2244
2003;5;GLO;SBBR;SBCT;447,69;13
2003;5;GLO;SBCT;SBPA;347,18;40
2003;5;GLO;SBGO;SBBR;121,21;132
2003;5;GLO;SBRJ;SBSP;143,73;1466
2003;5;GLO;SBFL;SBBR;172,92;698
2003;5;GLO;SBSP;SBBH;345,00;10
2003;5;GLO;SBMQ;SBBE;87,00;1
2003;5;GLO;SBRF;SBGL;524,99;444
2003;5;GLO;SBSV;SBRF;250,37;241
2003;5;GLO;SBVT;SBSP;226,42;38
2003;5;GLO;SBCT;SBGL;291,36;9
2003;5;GLO;SBRF;SBSV;818,00;2
2003;5;GLO;SBNF;SBSP;146,76;29
2003;5;GLO;SBSP;SBVT;155,00;42
2003;5;GLO;SBRJ;SBVT;167,50;168
2003;5;GLO;SBBH;SBRJ;118,77;2274
2003;5;GLO;SBPA;SBKP;174,91;101
2003;5;GLO;SBGL;SBRF;601,23;78
2003;5;GLO;SBPA;SBRJ;210,56;52
2003;5;GLO;SBFL;SBGL;360,00;20
2003;5;GLO;SBFZ;SBBR;558,76;425
2003;5;GLO;SBVT;SBRJ;100,00;1
2003;5;GLO;SBFZ;SBRF;156,34;1591
2003;5;GLO;SBSP;SBCT;282,43;44
2003;5;GLO;SBBR;SBBE;393,31;21
2003;5;GLO;SBFL;SBSP;100,00;8
2003;5;GLO;SBSV;SBGL;328,07;1305
2003;5;GLO;SBRJ;SBBH;119,22;2342
2003;5;GLO;SBGL;SBSV;498,18;34
2003;5;GLO;SBSP;SBBR;266,00;179
2003;5;GLO;SBCT;SBGL;250,82;39
2003;5;GLO;SBSP;SBPS;503,00;12
2003;5;GLO;SBGO;SBBR;136,66;89
2003;5;GLO;SBSV;SBGL;642,00;1
2003;5;GLO;SBRJ;SBKP;376,10;10
2003;5;GLO;SBPA;SBBR;280,71;128
2003;5;GLO;SBBR;SBGL;237,22;213
2003;5;GLO;SBFZ;SBBR;494,00;13
2003;5;GLO;SBGL;SBSP;216,74;97
2003;5;GLO;SBCT;SBPA;138,00;43
2003;5;GLO;SBBH;SBSP;314,00;10
2003;5;GLO;SBPA;SBGL;238,86;1965
2003;5;GLO;SBGL;SBFL;426,00;4
2003;5;GLO;SBKP;SBPA;215,92;13
2003;5;GLO;SBKP;SBCT;211,32;39
2003;5;GLO;SBBR;SBPA;401,25;1137
2003;5;GLO;SBFL;SBSP;288,57;7
2003;5;GLO;SBSP;SBRJ;324,00;2
2003;5;GLO;SBRJ;SBFL;113,59;34
2003;5;GLO;SBBR;SBRJ;271,58;552
2003;5;GLO;SBGL;SBSP;168,00;1244
2003;5;GLO;SBGL;SBCT;229,81;147
2003;5;GLO;SBRJ;SBPA;125,00;2
2003;5;GLO;SBBR;SBSV;566,50;12
2003;5;GLO;SBRF;SBSV;302,00;3
2003;5;GLO;SBSP;SBFL;277,77;43
2003;5;GLO;SBSP;SBRJ;219,00;3
2003;5;GLO;SBFL;SBPA;110,15;2346
2003;5;GLO;SBPA;SBSP;444,88;76
2003;5;GLO;SBFL;SBRJ;108,74;34
2003;5;GLO;SBRJ;SBVT;251,35;11
2003;5;GLO;SBSP;SBPS;475,00;1
2003;5;GLO;SBBH;SBCT;113,17;756
2003;5;GLO;SBPA;SBRJ;135,40;230
2003;5;GLO;SBCT;SBRJ;163,64;74
2003;5;GLO;SBBH;SBSP;417,00;3
2003;5;GLO;SBSP;SBRJ;286,00;3
2003;5;GLO;SBPS;SBSP;246,93;178
2003;5;GLO;SBPA;SBSP;294,01;3037
2003;5;GLO;SBBR;SBGL;356,67;3
2003;5;GLO;SBGL;SBRF;382,67;109
2003;5;GLO;SBSP;SBPS;102,50;8
2003;5;GLO;SBBH;SBSP;150,00;5
2003;5;GLO;SBNF;SBSP;190,80;1779
2003;5;GLO;SBPA;SBCT;394,04;18
2003;5;GLO;SBKP;SBRJ;324,00;7
2003;5;GLO;SBRJ;SBFL;191,33;128
2003;5;GLO;SBCT;SBPA;43,85;43
2003;5;GLO;SBFL;SBPA;208,75;3
2003;5;GLO;SBBH;SBSP;279,00;12
2003;5;GLO;SBSP;SBPA;295,00;52
2003;5;GLO;SBGL;SBCT;150,00;2
2003;5;GLO;SBGO;SBSP;307,51;875
2003;5;GLO;SBSV;SBRF;216,00;20
2003;5;GLO;SBKP;SBCT;259,00;1
2003;5;GLO;SBSV;SBGL;433,00;37
2003;5;GLO;SBSP;SBBH;364,88;8
2003;5;GLO;SBGL;SBRF;187,50;4
2003;5;GLO;SBRJ;SBSP;158,03;38
2003;5;GLO;SBGL;SBBR;241,19;276
2003;5;GLO;SBGL;SBPA;510,63;4
2003;5;GLO;SBPA;SBGL;238,97;258
2003;5;GLO;SBPA;SBKP;217,08;13
2003;5;GLO;SBRJ;SBBR;150,00;8
2003;5;GLO;SBSP;SBGO;476,00;1
2003;5;GLO;SBFL;SBSP;398,00;2
2003;5;GLO;SBRJ;SBBR;352,41;44
2003;5;GLO;SBFL;SBRJ;180,00;250
2003;5;GLO;SBGL;SBFL;266,80;5
2003;5;GLO;SBFL;SBPA;116,51;482
2003;5;GLO;SBGO;SBSP;437,00;13
2003;5;GLO;SBSP;SBPA;241,32;136
2003;5;GLO;SBBH;SBRJ;242,80;5
2003;5;GLO;SBRJ;SBCT;150,00;1
2003;5;GLO;SBCT;SBSP;144,23;13
2003;5;GLO;SBBH;SBBR;257,64;2470
2003;5;GLO;SBCT;SBPA;150,00;1
2003;5;GLO;SBSV;SBBR;382,32;583
2003;5;GLO;SBGL;SBRF;444,09;550
2003;5;GLO;SBCT;SBRJ;118,23;57
2003;5;GLO;SBSP;SBGL;100,00;16
2003;5;GLO;SBSP;SBGO;519,00;1
2003;5;GLO;SBBR;SBFL;231,53;34
2003;5;GLO;SBGO;SBBR;133,60;3
2003;5;GLO;SBSP;SBRJ;145,14;1365
2003;5;PEP;SBBE;SBMQ;147,67;17
2003;5;PEP;SBBE;SBMQ;105,40;262
2003;5;PEP;SBMQ;SBBE;159,33;14
2003;5;PEP;SBBE;SBMQ;393,35;1
2003;5;PEP;SBMQ;SBBE;160,01;1
2003;5;PEP;SBBE;SBMQ;320,02;1
2003;5;PEP;SBBE;SBMQ;289,92;1
2003;5;PEP;SBMQ;SBBE;103,76;320
2003;5;PLY;SBBE;SBMQ;145,82;20
2003;5;PLY;SBMQ;SBBE;99,54;72
2003;5;PLY;SBBE;SBMQ;187,49;17
2003;5;PLY;SBMQ;SBBE;187,49;30
2003;5;TAM;SBGR;SBCF;560,00;4
2003;5;TAM;SBSP;SBFL;558,00;7
2003;5;TAM;SBBH;SBCT;364,00;53
2003;5;TAM;SBBR;SBFZ;815,00;22
2003;5;TAM;SBSV;SBRF;965,00;74
2003;5;TAM;SBFL;SBPA;191,00;2
2003;5;TAM;SBBR;SBCT;448,00;1162
2003;5;TAM;SBBR;SBSP;679,00;380
2003;5;TAM;SBGR;SBFL;364,00;11
2003;5;TAM;SBGL;SBGR;423,00;3
2003;5;TAM;SBGL;SBSV;459,00;77
2003;5;TAM;SBPA;SBKP;632,00;12
2003;5;TAM;SBVT;SBRJ;314,00;122
2003;5;TAM;SBRJ;SBBR;842,00;433
2003;5;TAM;SBGR;SBGL;458,00;42
2003;5;TAM;SBBR;SBBH;724,00;49
2003;5;TAM;SBFZ;SBRF;645,00;8
2003;5;TAM;SBKP;SBPA;765,00;4
2003;5;TAM;SBBE;SBMQ;159,00;536
2003;5;TAM;SBFL;SBGR;363,00;8
2003;5;TAM;SBRJ;SBSP;458,00;1261
2003;5;TAM;SBBR;SBGL;709,00;2
2003;5;TAM;SBRP;SBSP;359,00;178
2003;5;TAM;SBFZ;SBRF;589,00;14
2003;5;TAM;SBBR;SBSV;780,00;18
2003;5;TAM;SBBH;SBBR;517,00;76
2003;5;TAM;SBMQ;SBBE;182,00;114
2003;5;TAM;SBGR;SBCT;333,00;57
2003;5;TAM;SBPA;SBKP;765,00;4
2003;5;TAM;SBSP;SBGL;386,00;7
2003;5;TAM;SBGL;SBPA;908,00;1
2003;5;TAM;SBCT;SBGL;736,00;73
2003;5;TAM;SBSP;SBBH;317,00;1433
2003;5;TAM;SBBR;SBGL;842,00;7
2003;5;TAM;SBBR;SBCT;518,00;499
2003;5;TAM;SBGR;SBCF;365,00;25
2003;5;TAM;SBUL;SBSP;595,00;69
2003;5;TAM;SBKP;SBBR;727,00;40
2003;5;TAM;SBFL;SBSP;314,00;19
2003;5;TAM;SBGR;SBSV;1059,00;8
2003;5;TAM;SBBR;SBRJ;439,00;950
2003;5;TAM;SBBH;SBCT;679,00;40
2003;5;TAM;SBSP;SBGL;243,00;27
2003;5;TAM;SBFL;SBBR;1085,00;142
2003;5;TAM;SBBE;SBBR;434,00;727
2003;5;TAM;SBUL;SBSP;727,00;76
2003;5;TAM;SBBR;SBSP;380,00;2092
2003;5;TAM;SBKP;SBGR;151,00;93
2003;5;TAM;SBMQ;SBBE;236,00;28
2003;5;TAM;SBCF;SBGR;463,00;1
2003;5;TAM;SBSP;SBUL;463,00;382
2003;5;TAM;SBBR;SBBE;867,00;5
2003;5;TAM;SBBR;SBKP;519,00;103
2003;5;TAM;SBRP;SBSP;396,00;214
2003;5;TAM;SBGR;SBBR;420,00;37
2003;5;TAM;SBFZ;SBBR;815,00;28
2003;5;TAM;SBSV;SBGR;875,00;9
2003;5;TAM;SBBH;SBBR;586,00;73
2003;5;TAM;SBFL;SBCT;667,00;3
2003;5;TAM;SBBR;SBGO;194,00;107
2003;5;TAM;SBSP;SBRP;306,00;440
2003;5;TAM;SBSP;SBUL;529,00;212
2003;5;TAM;SBSP;SBPS;865,00;5
2003;5;TAM;SBBE;SBMQ;236,00;28
2003;5;TAM;SBGR;SBCT;299,00;644
2003;5;TAM;SBBE;SBMQ;454,00;13
2003;5;TAM;SBSP;SBFL;413,00;69
2003;5;TAM;SBBH;SBBR;862,00;232
2003;5;TAM;SBFL;SBBR;489,00;330
2003;5;TAM;SBGL;SBSV;977,00;136
2003;5;TAM;SBBH;SBBR;655,00;47
2003;5;TAM;SBBH;SBCT;323,00;58
2003;5;TAM;SBBR;SBBE;513,00;65
2003;5;TAM;SBCT;SBGR;333,00;61
2003;5;TAM;SBCF;SBGR;365,00;16
2003;5;TAM;SBBR;SBBE;776,00;29
2003;5;TAM;SBGR;SBSV;967,00;91
2003;5;TAM;SBGO;SBBR;272,00;93
2003;5;TAM;SBVT;SBRJ;209,00;85
2003;5;TAM;SBGO;SBBR;298,00;8
2003;5;TAM;SBCT;SBBR;677,00;71
2003;5;TAM;SBGL;SBGR;386,00;20
2003;5;TAM;SBSP;SBBH;303,00;7968
2003;5;TAM;SBKP;SBPA;374,00;238
2003;5;TAM;SBPA;SBSP;402,00;1377
2003;5;TAM;SBBR;SBGO;324,00;46
2003;5;TAM;SBSP;SBRJ;299,00;17204
2003;5;TAM;SBBR;SBGR;380,00;183
2003;5;TAM;SBBR;SBSP;917,00;275
2003;5;TAM;SBPA;SBCT;327,00;214
2003;5;TAM;SBCT;SBKP;254,00;65
2003;5;TAM;SBFL;SBSP;413,00;87
2003;5;TAM;SBBR;SBSV;705,00;34
2003;5;TAM;SBBR;SBKP;727,00;48
2003;5;TAM;SBSV;SBGL;977,00;208
2003;5;TAM;SBSV;SBGR;548,00;645
2003;5;TAM;SBKP;SBBR;863,00;94
2003;5;TAM;SBRJ;SBVT;314,00;188
2003;5;TAM;SBSP;SBFL;530,00;12
2003;5;TAM;SBGL;SBCT;331,00;13
2003;5;TAM;SBBR;SBBH;862,00;141
2003;5;TAM;SBSP;SBUL;403,00;1770
2003;5;TAM;SBBR;SBBH;655,00;9
2003;5;TAM;SBPA;SBGR;425,00;45
2003;5;TAM;SBFZ;SBBR;1007,00;18
2003;5;TAM;SBBR;SBSP;485,00;1347
2003;5;TAM;SBFL;SBGR;607,00;52
2003;5;TAM;SBMQ;SBBE;159,00;771
2003;5;TAM;SBSV;SBGL;899,00;31
2003;5;TAM;SBPA;SBCT;627,00;97
2003;5;TAM;SBSP;SBCT;513,00;126
2003;5;TAM;SBSV;SBRF;1707,00;2
2003;5;TAM;SBGL;SBGR;313,00;12
2003;5;TAM;SBPA;SBFL;494,00;64
2003;5;TAM;SBGL;SBPA;408,00;351
2003;5;TAM;SBCT;SBSP;450,00;11
2003;5;TAM;SBKP;SBCT;411,00;85
2003;5;TAM;SBRF;SBFZ;477,00;13
2003;5;TAM;SBSP;SBGO;660,00;105
2003;5;TAM;SBRJ;SBVT;176,00;2260
2003;5;TAM;SBSP;SBBH;681,00;190
2003;5;TAM;SBGO;SBBR;220,00;42
2003;5;TAM;SBBR;SBSP;420,00;2199
2003;5;TAM;SBPA;SBFL;339,00;6
2003;5;TAM;SBBH;SBBR;455,00;184
2003;5;TAM;SBSP;SBFL;461,00;49
2003;5;TAM;SBGL;SBCT;383,00;6
2003;5;TAM;SBBE;SBBR;776,00;7
2003;5;TAM;SBBR;SBGR;807,00;78
2003;5;TAM;SBCT;SBGR;372,00;45
2003;5;TAM;SBBH;SBSP;681,00;251
2003;5;TAM;SBGR;SBFL;280,00;7
2003;5;TAM;SBSP;SBPA;556,00;164
2003;5;TAM;SBFZ;SBBR;911,00;2
2003;5;TAM;SBKP;SBPA;566,00;46
2003;5;TAM;SBFL;SBSP;510,00;120
2003;5;TAM;SBBR;SBBH;455,00;87
2003;5;TAM;SBGR;SBSV;599,00;124
2003;5;TAM;SBBR;SBSV;631,00;62
2003;5;TAM;SBSP;SBVT;796,00;43
2003;5;TAM;SBBR;SBFL;489,00;354
2003;5;TAM;SBBR;SBGO;298,00;12
2003;5;TAM;SBVT;SBSP;796,00;117
2003;5;TAM;SBGL;SBCT;677,00;1
2003;5;TAM;SBSP;SBVT;666,00;27
2003;5;TAM;SBGL;SBRF;761,00;43
2003;5;TAM;SBPA;SBGR;686,00;23
2003;5;TAM;SBCT;SBSP;411,00;179
2003;5;TAM;SBGR;SBBR;485,00;22
2003;5;TAM;SBGR;SBGL;243,00;323
2003;5;TAM;SBSV;SBGR;599,00;169
2003;5;TAM;SBFZ;SBRF;280,00;23
2003;5;TAM;SBSV;SBBR;854,00;3
2003;5;TAM;SBPA;SBSP;686,00;292
2003;5;TAM;SBRJ;SBBH;299,00;210
2003;5;TAM;SBGR;SBFL;587,00;1
2003;5;TAM;SBCT;SBKP;232,00;300
2003;5;TAM;SBPA;SBSP;490,00;534
2003;5;TAM;SBCF;SBGR;606,00;13
2003;5;TAM;SBCT;SBBH;807,00;169
2003;5;TAM;SBBE;SBMQ;272,00;6
2003;5;TAM;SBBE;SBBR;513,00;48
2003;5;TAM;SBPA;SBKP;499,00;43
2003;5;TAM;SBGO;SBBR;194,00;78
2003;5;TAM;SBCT;SBPA;199,00;1382
2003;5;TAM;SBBR;SBFL;1085,00;123
2003;5;TAM;SBBH;SBRJ;299,00;253
2003;5;TAM;SBBR;SBFZ;1199,00;75
2003;5;TAM;SBPA;SBFL;259,00;40
2003;5;TAM;SBCT;SBPA;478,00;4
2003;5;TAM;SBSP;SBFL;475,00;8
2003;5;TAM;SBSV;SBBR;705,00;25
2003;5;TAM;SBKP;SBBR;519,00;170
2003;5;TAM;SBRJ;SBVT;272,00;110
2003;5;TAM;SBSP;SBFL;363,00;29
2003;5;TAM;SBRF;SBGL;1269,00;139
2003;5;TAM;SBRJ;SBBR;506,00;578
2003;5;TAM;SBRF;SBSV;1261,00;21
2003;5;TAM;SBKP;SBPA;632,00;22
2003;5;TAM;SBSP;SBBR;485,00;787
2003;5;TAM;SBGR;SBPA;686,00;28
2003;5;TAM;SBKP;SBGR;215,00;2
2003;5;TAM;SBRF;SBFZ;421,00;21
2003;5;TAM;SBBR;SBSP;549,00;744
2003;5;TAM;SBBH;SBSP;303,00;9456
2003;5;TAM;SBCT;SBFL;667,00;6
2003;5;TAM;SBSP;SBGL;276,00;5
2003;5;TAM;SBBR;SBSV;854,00;1
2003;5;TAM;SBPS;SBSP;579,00;225
2003;5;TAM;SBCT;SBFL;584,00;42
2003;5;TAM;SBBH;SBRJ;378,00;73
2003;5;TAM;SBGO;SBBR;164,00;1130
2003;5;TAM;SBBH;SBCT;485,00;111
2003;5;TAM;SBBR;SBGR;679,00;24
2003;5;TAM;SBCT;SBGL;383,00;30
2003;5;TAM;SBBR;SBSP;743,00;25
2003;5;TAM;SBSP;SBBR;679,00;563
2003;5;TAM;SBBR;SBBH;348,00;232
2003;5;TAM;SBCT;SBKP;487,00;197
2003;5;TAM;SBPA;SBCT;579,00;1
2003;5;TAM;SBPA;SBFL;378,00;2
2003;5;TAM;SBSP;SBRP;434,00;5
2003;5;TAM;SBSP;SBFL;234,00;910
2003;5;TAM;SBPA;SBCT;528,00;23
2003;5;TAM;SBFZ;SBRF;698,00;43
2003;5;TAM;SBVT;SBRJ;481,00;12
2003;5;TAM;SBFL;SBSP;234,00;872
2003;5;TAM;SBFL;SBSP;316,00;285
2003;5;TAM;SBGL;SBCT;736,00;35
2003;5;TAM;SBSV;SBRF;310,00;25
2003;5;TAM;SBGR;SBKP;151,00;45
2003;5;TAM;SBBR;SBRJ;641,00;351
2003;5;TAM;SBRF;SBFZ;589,00;16
2003;5;TAM;SBSP;SBBR;420,00;1281
2003;5;TAM;SBGR;SBCF;463,00;3
2003;5;TAM;SBSP;SBPA;858,00;199
2003;5;TAM;SBVT;SBSP;550,00;275
2003;5;TAM;SBBH;SBCT;807,00;127
2003;5;TAM;SBBR;SBRJ;709,00;183
2003;5;TAM;SBCT;SBPA;528,00;14
2003;5;TAM;SBCT;SBGL;304,00;520
2003;5;TAM;SBCT;SBBH;679,00;79
2003;5;TAM;SBSP;SBPA;752,00;42
2003;5;TAM;SBBR;SBKP;450,00;271
2003;5;TAM;SBBH;SBRJ;458,00;13
2003;5;TAM;SBMQ;SBBE;133,00;2411
2003;5;TAM;SBGL;SBCT;559,00;2
2003;5;TAM;SBGR;SBPA;816,00;38
2003;5;TAM;SBBR;SBFZ;1103,00;1
2003;5;TAM;SBCT;SBPA;627,00;120
2003;5;TAM;SBGL;SBSV;508,00;118
2003;5;TAM;SBSP;SBGO;723,00;7
2003;5;TAM;SBBR;SBFL;431,00;328
2003;5;TAM;SBPA;SBSP;425,00;1745
2003;5;TAM;SBFL;SBGR;280,00;8
2003;5;TAM;SBGR;SBFL;607,00;6
2003;5;TAM;SBSP;SBPS;1032,00;20
2003;5;TAM;SBCT;SBBR;598,00;152
2003;5;TAM;SBCT;SBBH;420,00;116
2003;5;TAM;SBVT;SBRJ;356,00;44
2003;5;TAM;SBRJ;SBVT;209,00;141
2003;5;TAM;SBRF;SBSV;965,00;59
2003;5;TAM;SBFL;SBCT;584,00;65
2003;5;TAM;SBRF;SBSV;1558,00;11
2003;5;TAM;SBCT;SBBR;916,00;3
2003;5;TAM;SBRF;SBFZ;698,00;47
2003;5;TAM;SBBR;SBSV;484,00;233
2003;5;TAM;SBPA;SBSP;556,00;253
2003;5;TAM;SBPS;SBSP;639,00;12
2003;5;TAM;SBFL;SBGR;316,00;52
2003;5;TAM;SBCT;SBKP;372,00;34
2003;5;TAM;SBFL;SBCT;751,00;1
2003;5;TAM;SBGR;SBPA;425,00;21
2003;5;TAM;SBSP;SBBH;512,00;489
2003;5;TAM;SBPA;SBGL;829,00;20
2003;5;TAM;SBBE;SBBR;593,00;90
2003;5;TAM;SBCT;SBSP;299,00;6184
2003;5;TAM;SBSV;SBBR;631,00;53
2003;5;TAM;SBFL;SBBR;565,00;351
2003;5;TAM;SBBH;SBRJ;418,00;115
2003;5;TAM;SBRF;SBGL;863,00;15
2003;5;TAM;SBSP;SBPA;621,00;101
2003;5;TAM;SBFZ;SBRF;477,00;22
2003;5;TAM;SBGL;SBGR;458,00;27
2003;5;TAM;SBKP;SBBR;588,00;117
2003;5;TAM;SBBR;SBBE;958,00;20
2003;5;TAM;SBKP;SBPA;433,00;66
2003;5;TAM;SBCT;SBBH;485,00;90
2003;5;TAM;SBKP;SBCT;293,00;51
2003;5;TAM;SBBR;SBGO;164,00;962
2003;5;TAM;SBBR;SBKP;863,00;70
2003;5;TAM;SBSV;SBRF;1410,00;15
2003;5;TAM;SBRJ;SBBR;641,00;99
2003;5;TAM;SBRJ;SBBH;224,00;313
2003;5;TAM;SBBR;SBGL;439,00;10
2003;5;TAM;SBGR;SBCF;414,00;5
2003;5;TAM;SBFL;SBGR;413,00;30
2003;5;TAM;SBMQ;SBBE;309,00;10
2003;5;TAM;SBBE;SBMQ;182,00;36
2003;5;TAM;SBBH;SBBR;401,00;54
2003;5;TAM;SBBH;SBCT;549,00;58
2003;5;TAM;SBSP;SBPA;490,00;523
2003;5;TAM;SBSP;SBFL;364,00;89
2003;5;TAM;SBCT;SBGL;559,00;5
2003;5;TAM;SBKP;SBCT;333,00;166
2003;5;TAM;SBRJ;SBSP;299,00;21235
2003;5;TAM;SBRF;SBGL;761,00;47
2003;5;TAM;SBUL;SBSP;463,00;406
2003;5;TAM;SBVT;SBRJ;439,00;44
2003;5;TAM;SBSP;SBRP;396,00;120
2003;5;TAM;SBKP;SBPA;832,00;57
2003;5;TAM;SBSP;SBCT;450,00;12
2003;5;TAM;SBGR;SBKP;215,00;1
2003;5;TAM;SBCT;SBGL;442,00;33
2003;5;TAM;SBBR;SBFZ;911,00;16
2003;5;TAM;SBGO;SBSP;474,00;1525
2003;5;TAM;SBMQ;SBBE;204,00;16
2003;5;TAM;SBRP;SBSP;321,00;2414
2003;5;TAM;SBPS;SBSP;790,00;41
2003;5;TAM;SBGR;SBGL;386,00;17
2003;5;TAM;SBGR;SBKP;163,00;1
2003;5;TAM;SBSV;SBGR;1059,00;26
2003;5;TAM;SBBH;SBSP;512,00;496
2003;5;TAM;SBCT;SBSP;372,00;171
2003;5;TAM;SBFL;SBGR;234,00;26
2003;5;TAM;SBPA;SBGR;752,00;2
2003;5;TAM;SBSV;SBGR;1149,00;461
2003;5;TAM;SBSV;SBRF;1261,00;21
2003;5;TAM;SBCF;SBGR;512,00;18
2003;5;TAM;SBBR;SBRJ;842,00;364
2003;5;TAM;SBRF;SBSV;1855,00;24
2003;5;TAM;SBCT;SBGR;487,00;147
2003;5;TAM;SBCT;SBBR;518,00;604
2003;5;TAM;SBRJ;SBBR;709,00;160
2003;5;TAM;SBGL;SBSV;586,00;73
2003;5;TAM;SBRJ;SBVT;356,00;65
2003;5;TAM;SBCT;SBPA;252,00;78
2003;5;TAM;SBVT;SBRJ;521,00;69
2003;5;TAM;SBBR;SBFL;565,00;423
2003;5;TAM;SBGL;SBPA;592,00;27
2003;5;TAM;SBSV;SBGR;691,00;117
2003;5;TAM;SBBR;SBFZ;726,00;121
2003;5;TAM;SBSP;SBBR;614,00;357
2003;5;TAM;SBMQ;SBBE;345,00;9
2003;5;TAM;SBCT;SBGR;299,00;860
2003;5;TAM;SBPS;SBSP;714,00;19
2003;5;TAM;SBFL;SBPA;142,00;58
2003;5;TAM;SBVT;SBRJ;176,00;2260
2003;5;TAM;SBRJ;SBBR;380,00;1095
2003;5;TAM;SBMQ;SBBE;381,00;6
2003;5;TAM;SBSP;SBBH;463,00;223
2003;5;TAM;SBSP;SBCT;299,00;6527
2003;5;TAM;SBCT;SBBR;757,00;123
2003;5;TAM;SBKP;SBCT;254,00;76
2003;5;TAM;SBFZ;SBRF;217,00;271
2003;5;TAM;SBGL;SBPA;982,00;90
2003;5;TAM;SBGR;SBGL;313,00;17
2003;5;TAM;SBBR;SBFL;825,00;48
2003;5;TAM;SBCT;SBGR;411,00;42
2003;5;TAM;SBCT;SBBR;448,00;1072
2003;5;TAM;SBBH;SBRJ;224,00;310
2003;5;TAM;SBSV;SBGL;508,00;170
2003;5;TAM;SBFL;SBPA;494,00;17
2003;5;TAM;SBCF;SBGR;303,00;480
2003;5;TAM;SBSP;SBBH;365,00;492
2003;5;TAM;SBFL;SBPA;259,00;36
2003;5;TAM;SBKP;SBCT;232,00;258
2003;5;TAM;SBBR;SBGO;220,00;39
2003;5;TAM;SBBR;SBBE;1137,00;20
2003;5;TAM;SBPA;SBGL;908,00;2
2003;5;TAM;SBRJ;SBVT;521,00;52
2003;5;TAM;SBFL;SBSP;280,00;34
2003;5;TAM;SBBH;SBRJ;259,00;1055
2003;5;TAM;SBRJ;SBBH;176,00;1534
2003;5;TAM;SBRP;SBSP;519,00;100
2003;5;TAM;SBVT;SBSP;608,00;228
2003;5;TAM;SBPA;SBFL;191,00;2
2003;5;TAM;SBSV;SBRF;1558,00;12
2003;5;TAM;SBGR;SBCF;512,00;6
2003;5;TAM;SBBE;SBMQ;204,00;28
2003;5;TAM;SBVT;SBRJ;272,00;124
2003;5;TAM;SBRJ;SBBH;418,00;71
2003;5;TAM;SBFL;SBGR;461,00;14
2003;5;TAM;SBBR;SBBH;793,00;5
2003;5;TAM;SBFL;SBSP;587,00;45
2003;5;TAM;SBFL;SBPA;339,00;6
2003;5;TAM;SBGL;SBCT;618,00;11
2003;5;TAM;SBPA;SBGR;556,00;15
2003;5;TAM;SBBR;SBFL;912,00;20
2003;5;TAM;SBFL;SBGR;475,00;4
2003;5;TAM;SBBH;SBSP;560,00;114
2003;5;TAM;SBRF;SBGL;1167,00;2
2003;5;TAM;SBUL;SBSP;529,00;201
2003;5;TAM;SBSP;SBCT;411,00;180
2003;5;TAM;SBFL;SBSP;475,00;11
2003;5;TAM;SBCT;SBBH;614,00;26
2003;5;TAM;SBFZ;SBRF;315,00;11
2003;5;TAM;SBGR;SBFL;316,00;2
2003;5;TAM;SBBR;SBRJ;506,00;839
2003;5;TAM;SBCT;SBGL;618,00;9
2003;5;TAM;SBSP;SBFL;419,00;6
2003;5;TAM;SBBH;SBBR;724,00;89
2003;5;TAM;SBCT;SBFL;501,00;373
2003;5;TAM;SBSP;SBUL;595,00;85
2003;5;TAM;SBBR;SBSV;557,00;75
2003;5;TAM;SBGR;SBSV;783,00;26
2003;5;TAM;SBSP;SBFL;668,00;54
2003;5;TAM;SBSP;SBBR;380,00;2158
2003;5;TAM;SBBR;SBKP;399,00;462
2003;5;TAM;SBFL;SBSP;530,00;2
2003;5;TAM;SBKP;SBBR;657,00;20
2003;5;TAM;SBKP;SBBR;450,00;187
2003;5;TAM;SBPA;SBGL;513,00;51
2003;5;TAM;SBCT;SBBR;995,00;190
2003;5;TAM;SBRF;SBGL;964,00;7
2003;5;TAM;SBGR;SBFL;234,00;37
2003;5;TAM;SBGR;SBFL;419,00;1
2003;5;TAM;SBSP;SBBH;414,00;340
2003;5;TAM;SBSP;SBKP;197,00;1
2003;5;TAM;SBSP;SBFL;510,00;115
2003;5;TAM;SBPS;SBSP;865,00;23
2003;5;TAM;SBGR;SBSV;875,00;17
2003;5;TAM;SBPA;SBKP;433,00;139
2003;5;TAM;SBBR;SBBH;306,00;2508
2003;5;TAM;SBBR;SBBE;685,00;12
2003;5;TAM;SBSP;SBCT;333,00;606
2003;5;TAM;SBCT;SBPA;579,00;5
2003;5;TAM;SBBR;SBBE;593,00;62
2003;5;TAM;SBGO;SBBR;324,00;42
2003;5;TAM;SBGL;SBGR;243,00;195
2003;5;TAM;SBRJ;SBBH;496,00;195
2003;5;TAM;SBSP;SBGO;474,00;1745
2003;5;TAM;SBSP;SBFL;269,00;76
2003;5;TAM;SBBR;SBBH;401,00;45
2003;5;TAM;SBFL;SBGR;419,00;12
2003;5;TAM;SBGR;SBBR;807,00;74
2003;5;TAM;SBBH;SBBR;306,00;1989
2003;5;TAM;SBPA;SBGL;444,00;27
2003;5;TAM;SBBR;SBFL;652,00;166
2003;5;TAM;SBSP;SBPS;639,00;50
2003;5;TAM;SBSP;SBPS;579,00;191
2003;5;TAM;SBCT;SBBH;364,00;44
2003;5;TAM;SBPA;SBGL;671,00;15
2003;5;TAM;SBKP;SBGR;180,00;8
2003;5;TAM;SBBE;SBMQ;133,00;2346
2003;5;TAM;SBCT;SBKP;411,00;84
2003;5;TAM;SBSP;SBPS;714,00;1
2003;5;TAM;SBBE;SBMQ;381,00;12
2003;5;TAM;SBBE;SBBR;685,00;18
2003;5;TAM;SBFL;SBGR;510,00;18
2003;5;TAM;SBRJ;SBBH;458,00;14
2003;5;TAM;SBSP;SBVT;608,00;109
2003;5;TAM;SBVT;SBSP;666,00;93
2003;5;TAM;SBCT;SBPA;327,00;158
2003;5;TAM;SBFL;SBSP;419,00;10
2003;5;TAM;SBPA;SBGL;592,00;31
2003;5;TAM;SBMQ;SBBE;272,00;12
2003;5;TAM;SBFL;SBBR;999,00;20
2003;5;TAM;SBGO;SBBR;246,00;26
2003;5;TAM;SBSP;SBRP;321,00;2073
2003;5;TAM;SBBR;SBSV;928,00;122
2003;5;TAM;SBSV;SBGL;821,00;77
2003;5;TAM;SBGR;SBCF;317,00;32
2003;5;TAM;SBSP;SBBR;917,00;281
2003;5;TAM;SBGR;SBPA;402,00;110
2003;5;TAM;SBBE;SBBR;867,00;6
2003;5;TAM;SBFL;SBBR;425,00;559
2003;5;TAM;SBCT;SBPA;377,00;42
2003;5;TAM;SBFL;SBBR;431,00;366
2003;5;TAM;SBBR;SBBH;586,00;40
2003;5;TAM;SBFL;SBSP;642,00;15
2003;5;TAM;SBGL;SBGR;350,00;6
2003;5;TAM;SBFL;SBPA;378,00;10
2003;5;TAM;SBGR;SBCF;303,00;406
2003;5;TAM;SBGR;SBPA;490,00;24
2003;5;TAM;SBVT;SBSP;434,00;402
2003;5;TAM;SBCT;SBGL;500,00;23
2003;5;TAM;SBGL;SBRF;1066,00;17
2003;5;TAM;SBFL;SBBR;912,00;63
2003;5;TAM;SBFL;SBPA;418,00;10
2003;5;TAM;SBSV;SBRF;256,00;770
2003;5;TAM;SBSP;SBVT;550,00;93
2003;5;TAM;SBBH;SBSP;463,00;237
2003;5;TAM;SBBR;SBRJ;574,00;175
2003;5;TAM;SBPA;SBCT;377,00;26
2003;5;TAM;SBRF;SBSV;276,00;75
2003;5;TAM;SBPA;SBKP;699,00;15
2003;5;TAM;SBBH;SBSP;365,00;544
2003;5;TAM;SBPA;SBGR;621,00;13
2003;5;TAM;SBCT;SBSP;513,00;82
2003;5;TAM;SBRF;SBSV;256,00;593
2003;5;TAM;SBBH;SBRJ;176,00;1575
2003;5;TAM;SBSP;SBFL;316,00;189
2003;5;TAM;SBRF;SBFZ;645,00;20
2003;5;TAM;SBSV;SBGL;743,00;34
2003;5;TAM;SBFL;SBBR;738,00;43
2003;5;TAM;SBCT;SBBH;323,00;21
2003;5;TAM;SBGL;SBSP;243,00;26
2003;5;TAM;SBRJ;SBBH;339,00;118
2003;5;TAM;SBFL;SBSP;461,00;62
2003;5;TAM;SBRF;SBFZ;245,00;383
2003;5;TAM;SBGO;SBSP;597,00;112
2003;5;TAM;SBBH;SBCT;310,00;1559
2003;5;TAM;SBGL;SBSV;664,00;30
2003;5;TAM;SBBR;SBFL;999,00;2
2003;5;TAM;SBPA;SBKP;566,00;28
2003;5;TAM;SBSV;SBBR;928,00;96
2003;5;TAM;SBBR;SBBE;434,00;641
2003;5;TAM;SBGL;SBPA;750,00;18
2003;5;TAM;SBRF;SBSV;1410,00;8
2003;5;TAM;SBKP;SBGR;197,00;1
2003;5;TAM;SBGL;SBCT;500,00;16
2003;5;TAM;SBBR;SBCT;677,00;113
2003;5;TAM;SBGL;SBSV;743,00;13
2003;5;TAM;SBGR;SBGL;350,00;15
2003;5;TAM;SBGR;SBSV;548,00;555
2003;5;TAM;SBBR;SBCT;598,00;152
2003;5;TAM;SBBE;SBBR;958,00;20
2003;5;TAM;SBGL;SBPA;513,00;48
2003;5;TAM;SBSP;SBVT;399,00;3012
2003;5;TAM;SBKP;SBCT;450,00;104
2003;5;TAM;SBVT;SBSP;399,00;2816
2003;5;TAM;SBGR;SBSV;1149,00;391
2003;5;TAM;SBRP;SBSP;306,00;490
2003;5;TAM;SBFL;SBPA;299,00;11
2003;5;TAM;SBBH;SBCT;420,00;154
2003;5;TAM;SBBR;SBCT;995,00;141
2003;5;TAM;SBBH;SBBR;348,00;245
2003;5;TAM;SBGR;SBCF;606,00;52
2003;5;TAM;SBSP;SBPA;402,00;1295
2003;5;TAM;SBSP;SBBR;549,00;532
2003;5;TAM;SBBE;SBBR;1137,00;43
2003;5;TAM;SBBR;SBFL;738,00;70
2003;5;TAM;SBFZ;SBRF;245,00;540
2003;5;TAM;SBGL;SBRF;1167,00;1
2003;5;TAM;SBKP;SBPA;499,00;17
2003;5;TAM;SBSP;SBUL;727,00;114
2003;5;TAM;SBSP;SBFL;587,00;25
2003;5;TAM;SBSP;SBRP;519,00;67
2003;5;TAM;SBKP;SBBR;796,00;18
2003;5;TAM;SBSV;SBGL;664,00;78
2003;5;TAM;SBSV;SBBR;557,00;98
2003;5;TAM;SBGL;SBPA;444,00;34
2003;5;TAM;SBBR;SBGR;549,00;33
2003;5;TAM;SBPA;SBGR;490,00;38
2003;5;TAM;SBGR;SBBR;549,00;20
2003;5;TAM;SBMQ;SBBE;454,00;36
2003;5;TAM;SBCT;SBPA;428,00;44
2003;5;TAM;SBCF;SBGR;317,00;8
2003;5;TAM;SBGL;SBCT;304,00;532
2003;5;TAM;SBBR;SBGL;506,00;38
2003;5;TAM;SBPA;SBGL;750,00;9
2003;5;TAM;SBVT;SBRJ;235,00;38
2003;5;TAM;SBBH;SBSP;317,00;1118
2003;5;TAM;SBFL;SBGR;269,00;6
2003;5;TAM;SBSV;SBBR;780,00;17
2003;5;TAM;SBSP;SBGO;534,00;110
2003;5;TAM;SBGO;SBSP;534,00;234
2003;5;TAM;SBKP;SBBR;399,00;460
2003;5;TAM;SBRF;SBFZ;315,00;11
2003;5;TAM;SBSP;SBVT;434,00;582
2003;5;TAM;SBRJ;SBSP;199,00;3531
2003;5;TAM;SBCT;SBKP;450,00;58
2003;5;TAM;SBSV;SBGL;459,00;70
2003;5;TAM;SBKP;SBCT;487,00;157
2003;5;TAM;SBFL;SBBR;652,00;67
2003;5;TAM;SBBH;SBRJ;339,00;109
2003;5;TAM;SBRJ;SBVT;481,00;10
2003;5;TAM;SBCT;SBBH;743,00;24
2003;5;TAM;SBPA;SBGR;816,00;55
2003;5;TAM;SBGR;SBFL;314,00;1
2003;5;TAM;SBGL;SBRF;709,00;400
2003;5;TAM;SBSV;SBRF;1113,00;17
2003;5;TAM;SBFZ;SBBR;726,00;85
2003;5;TAM;SBRJ;SBBR;439,00;1167
2003;5;TAM;SBCT;SBFL;834,00;40
2003;5;TAM;SBRF;SBSV;1707,00;1
2003;5;TAM;SBKP;SBCT;372,00;90
2003;5;TAM;SBCT;SBKP;333,00;113
2003;5;TAM;SBFL;SBSP;363,00;18
2003;5;TAM;SBPA;SBFL;142,00;41
2003;5;TAM;SBSP;SBKP;151,00;1
2003;5;TAM;SBSP;SBRP;359,00;200
2003;5;TAM;SBBR;SBCT;757,00;51
2003;5;TAM;SBBR;SBGR;614,00;8
2003;5;TAM;SBRF;SBFZ;365,00;64
2003;5;TAM;SBRJ;SBVT;235,00;98
2003;5;TAM;SBGL;SBRF;863,00;17
2003;5;TAM;SBFL;SBCT;834,00;8
2003;5;TAM;SBBR;SBBH;517,00;46
2003;5;TAM;SBRF;SBFZ;533,00;5
2003;5;TAM;SBPA;SBKP;832,00;52
2003;5;TAM;SBGL;SBSP;386,00;2
2003;5;TAM;SBBR;SBBE;456,00;105
2003;5;TAM;SBGR;SBBR;679,00;30
2003;5;TAM;SBSP;SBRJ;199,00;2171
2003;5;TAM;SBBH;SBCT;614,00;44
2003;5;TAM;SBBE;SBBR;456,00;58
2003;5;TAM;SBGL;SBGR;276,00;67
2003;5;TAM;SBGL;SBPA;829,00;17
2003;5;TAM;SBRJ;SBBR;776,00;114
2003;5;TAM;SBRF;SBGL;709,00;410
2003;5;TAM;SBRJ;SBVT;397,00;19
2003;5;TAM;SBPA;SBFL;418,00;9
2003;5;TAM;SBBR;SBFZ;1007,00;18
2003;5;TAM;SBFL;SBSP;558,00;3
2003;5;TAM;SBSP;SBPS;790,00;58
2003;5;TAM;SBBR;SBCT;916,00;3
2003;5;TAM;SBFZ;SBBR;1199,00;95
2003;5;TAM;SBPA;SBSP;752,00;76
2003;5;TAM;SBCT;SBSP;333,00;506
2003;5;TAM;SBRJ;SBBR;574,00;161
2003;5;TAM;SBSP;SBRJ;458,00;942
2003;5;TAM;SBPA;SBFL;128,00;1100
2003;5;TAM;SBBR;SBSP;614,00;295
2003;5;TAM;SBBR;SBGR;743,00;9
2003;5;TAM;SBPA;SBCT;252,00;74
2003;5;TAM;SBSV;SBGR;783,00;61
2003;5;TAM;SBCT;SBGR;450,00;3
2003;5;TAM;SBSP;SBBH;560,00;100
2003;5;TAM;SBGL;SBRF;964,00;11
2003;5;TAM;SBFL;SBGR;364,00;58
2003;5;TAM;SBPS;SBSP;1032,00;13
2003;5;TAM;SBGR;SBFL;475,00;1
2003;5;TAM;SBBR;SBGL;380,00;4
2003;5;TAM;SBSV;SBGR;967,00;59
2003;5;TAM;SBBR;SBRJ;380,00;1071
2003;5;TAM;SBFZ;SBRF;365,00;63
2003;5;TAM;SBGL;SBSV;821,00;28
2003;5;TAM;SBFL;SBSP;269,00;118
2003;5;TAM;SBCT;SBGL;331,00;34
2003;5;TAM;SBGR;SBGL;423,00;15
2003;5;TAM;SBSP;SBGO;597,00;45
2003;5;TAM;SBSV;SBBR;484,00;155
2003;5;TAM;SBFL;SBPA;128,00;1098
2003;5;TAM;SBBR;SBKP;657,00;53
2003;5;TAM;SBPA;SBFL;299,00;7
2003;5;TAM;SBBR;SBRJ;776,00;22
2003;5;TAM;SBPA;SBCT;283,00;25
2003;5;TAM;SBPA;SBCT;478,00;4
2003;5;TAM;SBGR;SBBR;380,00;97
2003;5;TAM;SBBE;SBMQ;345,00;4
2003;5;TAM;SBCT;SBKP;293,00;29
2003;5;TAM;SBGR;SBFL;510,00;8
2003;5;TAM;SBBR;SBKP;588,00;51
2003;5;TAM;SBBR;SBGR;420,00;38
2003;5;TAM;SBPA;SBGL;408,00;328
2003;5;TAM;SBCT;SBGL;677,00;8
2003;5;TAM;SBGR;SBSV;691,00;46
2003;5;TAM;SBRJ;SBVT;439,00;26
2003;5;TAM;SBPA;SBCT;199,00;1415
2003;5;TAM;SBGR;SBCT;411,00;28
2003;5;TAM;SBGL;SBRF;1269,00;102
2003;5;TAM;SBBR;SBGL;574,00;7
2003;5;TAM;SBFL;SBCT;501,00;384
2003;5;TAM;SBPA;SBGR;402,00;98
2003;5;TAM;SBBH;SBRJ;496,00;211
2003;5;TAM;SBBE;SBMQ;309,00;9
2003;5;TAM;SBFL;SBPA;458,00;1
2003;5;TAM;SBBH;SBCT;743,00;14
2003;5;TAM;SBGR;SBCT;450,00;2
2003;5;TAM;SBSP;SBPA;686,00;250
2003;5;TAM;SBCT;SBBH;310,00;1394
2003;5;TAM;SBBR;SBGO;272,00;68
2003;5;TAM;SBGR;SBCT;487,00;81
2003;5;TAM;SBGR;SBCT;372,00;38
2003;5;TAM;SBGR;SBKP;180,00;7
2003;5;TAM;SBSP;SBCT;372,00;93
2003;5;TAM;SBSP;SBVT;492,00;205
2003;5;TAM;SBRF;SBSV;1113,00;9
2003;5;TAM;SBFZ;SBRF;421,00;24
2003;5;TAM;SBSV;SBRF;1855,00;25
2003;5;TAM;SBGL;SBSV;899,00;15
2003;5;TAM;SBRF;SBFZ;280,00;40
2003;5;TAM;SBPA;SBSP;621,00;141
2003;5;TAM;SBSV;SBGL;586,00;137
2003;5;TAM;SBCT;SBPA;283,00;18
2003;5;TAM;SBRJ;SBBH;378,00;86
2003;5;TAM;SBBR;SBGL;641,00;9
2003;5;TAM;SBSP;SBFL;280,00;29
2003;5;TAM;SBPA;SBCT;428,00;32
2003;5;TAM;SBBH;SBSP;414,00;361
2003;5;TAM;SBSP;SBGO;865,00;46
2003;5;TAM;SBRF;SBFZ;217,00;292
2003;5;TAM;SBGO;SBSP;865,00;135
2003;5;TAM;SBCT;SBBR;837,00;24
2003;5;TAM;SBRF;SBSV;310,00;8
2003;5;TAM;SBGO;SBSP;723,00;26
2003;5;TAM;SBGR;SBBR;614,00;4
2003;5;TAM;SBPA;SBSP;858,00;286
2003;5;TAM;SBGO;SBSP;660,00;178
2003;5;TAM;SBFL;SBSP;668,00;73
2003;5;TAM;SBSP;SBFL;314,00;5
2003;5;TAM;SBFZ;SBRF;533,00;9
2003;5;TAM;SBRJ;SBBH;259,00;1191
2003;5;TAM;SBBR;SBCT;837,00;61
2003;5;TAM;SBBR;SBKP;796,00;31
2003;5;TAM;SBUL;SBSP;403,00;1949
2003;5;TAM;SBGL;SBPA;671,00;15
2003;5;TAM;SBSP;SBGL;350,00;9
2003;5;TAM;SBSP;SBBR;743,00;165
2003;5;TAM;SBPA;SBKP;374,00;218
2003;5;TAM;SBGR;SBGL;276,00;130
2003;5;TAM;SBKP;SBPA;699,00;19
2003;5;TAM;SBSV;SBRF;276,00;126
2003;5;TAM;SBPA;SBGL;982,00;85
2003;5;TAM;SBBR;SBFL;425,00;494
2003;5;TAM;SBGR;SBFL;269,00;6
2003;5;TAM;SBBR;SBGO;246,00;63
2003;5;TAM;SBSP;SBPA;425,00;2188
2003;5;TAM;SBKP;SBGR;163,00;5
2003;5;TAM;SBVT;SBSP;492,00;143
2003;5;TAM;SBGL;SBCT;442,00;22
2003;5;TAM;SBCT;SBBH;549,00;60
2003;5;TAM;SBBH;SBBR;793,00;25
2003;5;TAM;SBBR;SBGR;485,00;39
2003;5;TAM;SBFL;SBBR;825,00;77
2003;5;TAM;SBRP;SBSP;434,00;37
2003;5;TAM;SBFL;SBSP;364,00;89
2003;5;TAM;SBRF;SBGL;1066,00;19
2003;5;VRG;SBSP;SBPA;556,00;634
2003;5;VRG;SBSV;SBRF;827,00;10
2003;5;VRG;SBSP;SBPS;714,00;12
2003;5;VRG;SBBR;SBSP;380,00;2535
2003;5;VRG;SBCT;SBFL;344,00;7
2003;5;VRG;SBRJ;SBBH;224,00;434
2003;5;VRG;SBRJ;SBVT;439,00;3
2003;5;VRG;SBBR;SBRJ;574,00;718
2003;5;VRG;SBBR;SBFL;652,00;68
2003;5;VRG;SBFL;SBGR;510,00;32
2003;5;VRG;SBRF;SBFZ;421,00;89
2003;5;VRG;SBVT;SBRJ;523,00;721
2003;5;VRG;SBGL;SBGR;313,00;321
2003;5;VRG;SBGR;SBCT;587,00;104
2003;5;VRG;SBFZ;SBBR;815,00;173
2003;5;VRG;SBSP;SBNF;245,00;2687
2003;5;VRG;SBGR;SBSV;1059,00;1215
2003;5;VRG;SBRJ;SBBR;439,00;1250
2003;5;VRG;SBGL;SBSV;459,00;1138
2003;5;VRG;SBPA;SBBR;1223,00;248
2003;5;VRG;SBFZ;SBBR;726,00;313
2003;5;VRG;SBGR;SBFL;728,00;19
2003;5;VRG;SBGL;SBRF;709,00;530
2003;5;VRG;SBVT;SBSP;608,00;30
2003;5;VRG;SBGR;SBBR;485,00;237
2003;5;VRG;SBMQ;SBBE;345,00;4
2003;5;VRG;SBSP;SBPS;639,00;57
2003;5;VRG;SBSV;SBGR;1381,00;115
2003;5;VRG;SBRF;SBFZ;477,00;213
2003;5;VRG;SBGR;SBCF;365,00;195
2003;5;VRG;SBPA;SBFL;418,00;1
2003;5;VRG;SBGL;SBSV;977,00;648
2003;5;VRG;SBEG;SBGR;1668,00;448
2003;5;VRG;SBGR;SBEG;1401,00;13
2003;5;VRG;SBSP;SBVT;608,00;7
2003;5;VRG;SBBR;SBSP;808,00;2305
2003;5;VRG;SBCT;SBSP;411,00;9
2003;5;VRG;SBEG;SBGR;638,00;1489
2003;5;VRG;SBCT;SBGL;331,00;326
2003;5;VRG;SBBR;SBBE;1369,00;181
2003;5;VRG;SBVT;SBRJ;272,00;514
2003;5;VRG;SBCF;SBGR;365,00;207
2003;5;VRG;SBGR;SBFL;316,00;576
2003;5;VRG;SBKP;SBCT;489,00;152
2003;5;VRG;SBBR;SBKP;399,00;210
2003;5;VRG;SBBR;SBFL;543,00;23
2003;5;VRG;SBGR;SBFL;607,00;250
2003;5;VRG;SBCT;SBGL;736,00;126
2003;5;VRG;SBGR;SBGL;423,00;369
2003;5;VRG;SBGO;SBSP;597,00;26
2003;5;VRG;SBPA;SBCT;579,00;104
2003;5;VRG;SBBR;SBSV;557,00;330
2003;5;VRG;SBRJ;SBBH;378,00;27
2003;5;VRG;SBSV;SBBR;418,00;59
2003;5;VRG;SBPA;SBGR;368,00;322
2003;5;VRG;SBMQ;SBBE;309,00;45
2003;5;VRG;SBBR;SBPA;929,00;111
2003;5;VRG;SBSP;SBGO;785,00;630
2003;5;VRG;SBCT;SBFL;286,00;152
2003;5;VRG;SBPA;SBBR;929,00;86
2003;5;VRG;SBKP;SBRJ;317,00;1117
2003;5;VRG;SBBH;SBBR;348,00;518
2003;5;VRG;SBGR;SBFL;243,00;42
2003;5;VRG;SBPA;SBGL;987,00;744
2003;5;VRG;SBRJ;SBSP;199,00;6390
2003;5;VRG;SBRJ;SBCT;734,00;72
2003;5;VRG;SBBR;SBPA;1223,00;331
2003;5;VRG;SBBR;SBBE;776,00;263
2003;5;VRG;SBGR;SBCF;274,00;70
2003;5;VRG;SBKP;SBBR;389,00;3
2003;5;VRG;SBRJ;SBVT;176,00;1787
2003;5;VRG;SBGL;SBCT;736,00;149
2003;5;VRG;SBCT;SBKP;450,00;8
2003;5;VRG;SBPA;SBFL;199,00;15
2003;5;VRG;SBGL;SBSV;899,00;168
2003;5;VRG;SBPA;SBGL;592,00;175
2003;5;VRG;SBGL;SBPA;513,00;268
2003;5;VRG;SBBR;SBSV;706,00;117
2003;5;VRG;SBGL;SBCT;618,00;3
2003;5;VRG;SBSP;SBCT;450,00;80
2003;5;VRG;SBCT;SBGL;618,00;2
2003;5;VRG;SBGR;SBGL;552,00;1472
2003;5;VRG;SBRJ;SBVT;235,00;639
2003;5;VRG;SBPA;SBFL;224,00;51
2003;5;VRG;SBKP;SBCT;333,00;120
2003;5;VRG;SBCT;SBFL;184,00;8
2003;5;VRG;SBGR;SBCF;609,00;279
2003;5;VRG;SBRF;SBFZ;245,00;261
2003;5;VRG;SBBR;SBFL;489,00;102
2003;5;VRG;SBBR;SBBH;306,00;885
2003;5;VRG;SBKP;SBBH;449,00;12
2003;5;VRG;SBSV;SBGL;664,00;322
2003;5;VRG;SBGL;SBRF;1167,00;152
2003;5;VRG;SBSP;SBBR;743,00;159
2003;5;VRG;SBBR;SBBE;685,00;195
2003;5;VRG;SBBR;SBGL;776,00;96
2003;5;VRG;SBBR;SBKP;450,00;50
2003;5;VRG;SBRJ;SBBR;380,00;2057
2003;5;VRG;SBFL;SBSP;234,00;1560
2003;5;VRG;SBSP;SBNF;434,00;44
2003;5;VRG;SBGR;SBSV;875,00;75
2003;5;VRG;SBRP;SBSP;332,00;25
2003;5;VRG;SBBR;SBSP;549,00;1211
2003;5;VRG;SBKP;SBBR;588,00;71
2003;5;VRG;SBFL;SBSP;413,00;193
2003;5;VRG;SBPA;SBGR;556,00;409
2003;5;VRG;SBSP;SBRP;437,00;278
2003;5;VRG;SBGL;SBGR;598,00;59
2003;5;VRG;SBPA;SBGL;829,00;9
2003;5;VRG;SBFL;SBGL;742,00;21
2003;5;VRG;SBPA;SBCT;478,00;8
2003;5;VRG;SBBH;SBSP;414,00;794
2003;5;VRG;SBGR;SBSV;967,00;28
2003;5;VRG;SBGL;SBBR;641,00;56
2003;5;VRG;SBSP;SBUL;293,00;7
2003;5;VRG;SBCT;SBRJ;330,00;3
2003;5;VRG;SBPA;SBGL;444,00;647
2003;5;VRG;SBRF;SBGL;567,00;99
2003;5;VRG;SBRF;SBSV;413,00;174
2003;5;VRG;SBBH;SBBR;669,00;358
2003;5;VRG;SBCT;SBSP;372,00;52
2003;5;VRG;SBRF;SBGL;964,00;35
2003;5;VRG;SBCT;SBPA;478,00;9
2003;5;VRG;SBSP;SBBR;549,00;1266
2003;5;VRG;SBGR;SBBR;364,00;16
2003;5;VRG;SBRJ;SBKP;444,00;6
2003;5;VRG;SBSP;SBRP;402,00;49
2003;5;VRG;SBSP;SBBR;364,00;233
2003;5;VRG;SBBR;SBPA;1468,00;136
2003;5;VRG;SBCT;SBRJ;304,00;84
2003;5;VRG;SBGL;SBBR;844,00;349
2003;5;VRG;SBSV;SBRF;413,00;220
2003;5;VRG;SBSP;SBBH;274,00;242
2003;5;VRG;SBSV;SBGL;508,00;437
2003;5;VRG;SBGR;SBPA;556,00;360
2003;5;VRG;SBBR;SBBH;669,00;479
2003;5;VRG;SBBH;SBRJ;299,00;426
2003;5;VRG;SBVT;SBRJ;356,00;121
2003;5;VRG;SBSP;SBBR;485,00;680
2003;5;VRG;SBUL;SBSP;529,00;3
2003;5;VRG;SBKP;SBCT;220,00;6
2003;5;VRG;SBFL;SBSP;364,00;146
2003;5;VRG;SBSP;SBNF;297,00;705
2003;5;VRG;SBBR;SBRJ;776,00;120
2003;5;VRG;SBSP;SBBH;317,00;3659
2003;5;VRG;SBSP;SBBH;463,00;94
2003;5;VRG;SBSV;SBGR;599,00;824
2003;5;VRG;SBBR;SBGL;641,00;12
2003;5;VRG;SBFZ;SBRF;365,00;128
2003;5;VRG;SBSV;SBBR;632,00;335
2003;5;VRG;SBBE;SBMQ;309,00;66
2003;5;VRG;SBGR;SBCT;411,00;39
2003;5;VRG;SBCT;SBRJ;442,00;38
2003;5;VRG;SBGR;SBPA;817,00;1575
2003;5;VRG;SBGL;SBFL;363,00;119
2003;5;VRG;SBRJ;SBVT;209,00;133
2003;5;VRG;SBSV;SBBR;557,00;244
2003;5;VRG;SBBR;SBGR;743,00;893
2003;5;VRG;SBGR;SBEG;1134,00;280
2003;5;VRG;SBRJ;SBKP;402,00;19
2003;5;VRG;SBGL;SBCT;330,00;127
2003;5;VRG;SBRP;SBSP;402,00;56
2003;5;VRG;SBFZ;SBRF;589,00;8
2003;5;VRG;SBCT;SBPA;428,00;104
2003;5;VRG;SBSP;SBPS;579,00;214
2003;5;VRG;SBBR;SBBE;867,00;42
2003;5;VRG;SBBH;SBRJ;378,00;17
2003;5;VRG;SBCT;SBGL;383,00;113
2003;5;VRG;SBCT;SBKP;254,00;85
2003;5;VRG;SBCT;SBPA;579,00;139
2003;5;VRG;SBBH;SBRJ;199,00;52
2003;5;VRG;SBGR;SBBR;614,00;28
2003;5;VRG;SBRF;SBGL;1066,00;6
2003;5;VRG;SBBE;SBBR;456,00;238
2003;5;VRG;SBBE;SBMQ;272,00;24
2003;5;VRG;SBBR;SBPA;832,00;272
2003;5;VRG;SBCT;SBGR;299,00;386
2003;5;VRG;SBCT;SBPA;199,00;1039
2003;5;VRG;SBSP;SBNF;571,00;840
2003;5;VRG;SBSP;SBVT;492,00;431
2003;5;VRG;SBPS;SBSP;639,00;39
2003;5;VRG;SBPS;SBSP;423,00;156
2003;5;VRG;SBCT;SBGL;677,00;137
2003;5;VRG;SBGL;SBCT;331,00;332
2003;5;VRG;SBPA;SBGR;1062,00;19
2003;5;VRG;SBSV;SBGL;459,00;953
2003;5;VRG;SBBR;SBRJ;439,00;1304
2003;5;VRG;SBBH;SBSP;365,00;658
2003;5;VRG;SBVT;SBSP;666,00;223
2003;5;VRG;SBBR;SBGO;194,00;88
2003;5;VRG;SBBR;SBBE;1050,00;73
2003;5;VRG;SBBR;SBBH;301,00;25
2003;5;VRG;SBFL;SBBR;652,00;50
2003;5;VRG;SBCT;SBRJ;734,00;92
2003;5;VRG;SBFZ;SBRF;280,00;15
2003;5;VRG;SBGR;SBSV;1151,00;1597
2003;5;VRG;SBSP;SBGO;534,00;209
2003;5;VRG;SBGL;SBSV;582,00;345
2003;5;VRG;SBGL;SBGR;350,00;94
2003;5;VRG;SBPA;SBGR;686,00;39
2003;5;VRG;SBGR;SBFL;364,00;262
2003;5;VRG;SBCF;SBGR;731,00;139
2003;5;VRG;SBGL;SBFL;484,00;86
2003;5;VRG;SBFL;SBSP;243,00;50
2003;5;VRG;SBBR;SBRJ;641,00;105
2003;5;VRG;SBBH;SBSP;609,00;2837
2003;5;VRG;SBGL;SBSV;508,00;411
2003;5;VRG;SBSV;SBGL;1164,00;244
2003;5;VRG;SBPA;SBFL;299,00;45
2003;5;VRG;SBFL;SBPA;299,00;54
2003;5;VRG;SBPA;SBSP;686,00;19
2003;5;VRG;SBBR;SBFL;434,00;6
2003;5;VRG;SBRJ;SBBR;709,00;22
2003;5;VRG;SBBH;SBSP;303,00;3466
2003;5;VRG;SBGR;SBBR;549,00;228
2003;5;VRG;SBGL;SBFL;742,00;6
2003;5;VRG;SBBR;SBFL;1086,00;55
2003;5;VRG;SBCT;SBSP;333,00;387
2003;5;VRG;SBBR;SBGL;574,00;149
2003;5;VRG;SBFL;SBBR;489,00;97
2003;5;VRG;SBRJ;SBVT;272,00;502
2003;5;VRG;SBGL;SBPA;408,00;504
2003;5;VRG;SBKP;SBCT;372,00;12
2003;5;VRG;SBVT;SBRJ;439,00;7
2003;5;VRG;SBBH;SBKP;396,00;36
2003;5;VRG;SBCT;SBRJ;331,00;66
2003;5;VRG;SBPA;SBCT;528,00;2
2003;5;VRG;SBBR;SBBH;455,00;300
2003;5;VRG;SBSP;SBVT;434,00;1019
2003;5;VRG;SBMQ;SBBE;540,00;2
2003;5;VRG;SBBH;SBRJ;259,00;1062
2003;5;VRG;SBBH;SBRJ;498,00;1451
2003;5;VRG;SBCT;SBGL;500,00;227
2003;5;VRG;SBCT;SBKP;489,00;211
2003;5;VRG;SBNF;SBSP;480,00;12
2003;5;VRG;SBKP;SBCT;411,00;10
2003;5;VRG;SBKP;SBCT;450,00;9
2003;5;VRG;SBCF;SBGR;274,00;78
2003;5;VRG;SBBE;SBMQ;345,00;5
2003;5;VRG;SBFL;SBGR;461,00;10
2003;5;VRG;SBVT;SBRJ;397,00;21
2003;5;VRG;SBCF;SBGR;414,00;163
2003;5;VRG;SBSP;SBPA;686,00;10
2003;5;VRG;SBCF;SBGR;609,00;199
2003;5;VRG;SBVT;SBSP;326,00;129
2003;5;VRG;SBSP;SBNF;388,00;281
2003;5;VRG;SBBR;SBSV;929,00;267
2003;5;VRG;SBFZ;SBBR;539,00;153
2003;5;VRG;SBSP;SBVT;724,00;787
2003;5;VRG;SBPA;SBGR;752,00;1509
2003;5;VRG;SBBR;SBPA;550,00;113
2003;5;VRG;SBGR;SBCF;414,00;104
2003;5;VRG;SBBR;SBGR;485,00;286
2003;5;VRG;SBGL;SBBR;431,00;17
2003;5;VRG;SBRF;SBGL;1513,00;268
2003;5;VRG;SBPA;SBBR;1468,00;113
2003;5;VRG;SBPA;SBSP;368,00;337
2003;5;VRG;SBBR;SBRJ;709,00;20
2003;5;VRG;SBRF;SBFZ;701,00;313
2003;5;VRG;SBPA;SBFL;339,00;48
2003;5;VRG;SBSP;SBNF;525,00;155
2003;5;VRG;SBSP;SBGO;597,00;10
2003;5;VRG;SBBR;SBGR;380,00;237
2003;5;VRG;SBGR;SBSV;599,00;792
2003;5;VRG;SBKP;SBBH;279,00;4
2003;5;VRG;SBSV;SBGL;436,00;314
2003;5;VRG;SBPA;SBGR;425,00;1402
2003;5;VRG;SBGL;SBSV;821,00;11
2003;5;VRG;SBFL;SBSP;510,00;2
2003;5;VRG;SBGL;SBGR;207,00;130
2003;5;VRG;SBMQ;SBBE;272,00;22
2003;5;VRG;SBGR;SBBR;743,00;729
2003;5;VRG;SBRF;SBSV;256,00;1060
2003;5;VRG;SBGL;SBRF;1513,00;244
2003;5;VRG;SBSP;SBFL;510,00;5
2003;5;VRG;SBBR;SBRJ;380,00;1920
2003;5;VRG;SBCT;SBGR;333,00;89
2003;5;VRG;SBGR;SBPA;1062,00;20
2003;5;VRG;SBRF;SBFZ;315,00;93
2003;5;VRG;SBFL;SBPA;418,00;1
2003;5;VRG;SBGL;SBPA;987,00;676
2003;5;VRG;SBEG;SBGR;2002,00;411
2003;5;VRG;SBUL;SBSP;293,00;7
2003;5;VRG;SBFL;SBPA;458,00;191
2003;5;VRG;SBSP;SBFL;461,00;9
2003;5;VRG;SBBR;SBSP;364,00;159
2003;5;VRG;SBGL;SBRF;567,00;94
2003;5;VRG;SBSV;SBGR;548,00;984
2003;5;VRG;SBSP;SBFL;558,00;32
2003;5;VRG;SBGO;SBBR;194,00;69
2003;5;VRG;SBUL;SBSP;463,00;4
2003;5;VRG;SBGR;SBEG;2002,00;383
2003;5;VRG;SBFL;SBCT;376,00;2
2003;5;VRG;SBBR;SBFZ;815,00;62
2003;5;VRG;SBBR;SBKP;796,00;5
2003;5;VRG;SBGR;SBPA;402,00;1552
2003;5;VRG;SBGR;SBPA;621,00;137
2003;5;VRG;SBSV;SBRF;256,00;974
2003;5;VRG;SBGR;SBFL;461,00;19
2003;5;VRG;SBGR;SBGL;350,00;50
2003;5;VRG;SBBE;SBMQ;182,00;5
2003;5;VRG;SBPA;SBBR;554,00;1497
2003;5;VRG;SBGL;SBCT;304,00;403
2003;5;VRG;SBGL;SBFL;807,00;70
2003;5;VRG;SBPA;SBBR;1027,00;11
2003;5;VRG;SBGL;SBSV;664,00;243
2003;5;VRG;SBRJ;SBCT;677,00;11
2003;5;VRG;SBFL;SBGL;549,00;63
2003;5;VRG;SBFZ;SBRF;701,00;236
2003;5;VRG;SBGR;SBBR;808,00;470
2003;5;VRG;SBRF;SBSV;276,00;48
2003;5;VRG;SBSP;SBRP;332,00;23
2003;5;VRG;SBKP;SBRJ;402,00;32
2003;5;VRG;SBPS;SBSP;714,00;7
2003;5;VRG;SBRJ;SBBR;506,00;603
2003;5;VRG;SBKP;SBCT;232,00;1009
2003;5;VRG;SBFL;SBBR;760,00;11
2003;5;VRG;SBGR;SBBR;970,00;141
2003;5;VRG;SBGL;SBFL;549,00;41
2003;5;VRG;SBSP;SBVT;399,00;2832
2003;5;VRG;SBBR;SBSP;485,00;629
2003;5;VRG;SBGR;SBEG;751,00;929
2003;5;VRG;SBRJ;SBBR;641,00;121
2003;5;VRG;SBCT;SBGR;411,00;8
2003;5;VRG;SBBH;SBBR;615,00;27
2003;5;VRG;SBSP;SBBR;679,00;29
2003;5;VRG;SBSP;SBBR;380,00;2572
2003;5;VRG;SBRF;SBFZ;217,00;1429
2003;5;VRG;SBCT;SBGL;559,00;26
2003;5;VRG;SBCT;SBGR;372,00;48
2003;5;VRG;SBBR;SBGL;439,00;301
2003;5;VRG;SBGL;SBPA;829,00;9
2003;5;VRG;SBGR;SBBR;679,00;33
2003;5;VRG;SBKP;SBBH;343,00;350
2003;5;VRG;SBPA;SBFL;498,00;287
2003;5;VRG;SBSP;SBBR;614,00;129
2003;5;VRG;SBKP;SBBH;502,00;1
2003;5;VRG;SBFZ;SBRF;477,00;180
2003;5;VRG;SBGR;SBCF;560,00;775
2003;5;VRG;SBGR;SBCT;450,00;931
2003;5;VRG;SBBR;SBFL;825,00;10
2003;5;VRG;SBNF;SBSP;434,00;56
2003;5;VRG;SBRJ;SBBR;431,00;23
2003;5;VRG;SBKP;SBCT;293,00;81
2003;5;VRG;SBFL;SBBR;425,00;39
2003;5;VRG;SBGR;SBPA;686,00;38
2003;5;VRG;SBSP;SBPA;402,00;1410
2003;5;VRG;SBGO;SBBR;298,00;9
2003;5;VRG;SBCT;SBRJ;383,00;55
2003;5;VRG;SBPA;SBFL;259,00;108
2003;5;VRG;SBGR;SBBR;420,00;419
2003;5;VRG;SBSP;SBUL;529,00;1
2003;5;VRG;SBBH;SBBR;562,00;8
2003;5;VRG;SBSP;SBCT;220,00;208
2003;5;VRG;SBPS;SBSP;940,00;137
2003;5;VRG;SBGL;SBPA;1184,00;553
2003;5;VRG;SBRJ;SBBH;176,00;1609
2003;5;VRG;SBPA;SBBR;550,00;51
2003;5;VRG;SBRF;SBGL;1269,00;359
2003;5;VRG;SBBH;SBBR;306,00;637
2003;5;VRG;SBRJ;SBSP;299,00;41188
2003;5;VRG;SBBR;SBGO;220,00;175
2003;5;VRG;SBSP;SBPS;940,00;105
2003;5;VRG;SBSP;SBPA;368,00;306
2003;5;VRG;SBCT;SBKP;333,00;90
2003;5;VRG;SBBR;SBKP;657,00;6
2003;5;VRG;SBSP;SBFL;273,00;838
2003;5;VRG;SBPA;SBSP;490,00;590
2003;5;VRG;SBFL;SBBR;543,00;23
2003;5;VRG;SBBE;SBBR;1369,00;124
2003;5;VRG;SBBR;SBGL;1013,00;228
2003;5;VRG;SBMQ;SBBE;204,00;4
2003;5;VRG;SBGO;SBSP;353,00;142
2003;5;VRG;SBRJ;SBBH;498,00;1388
2003;5;VRG;SBSP;SBRJ;199,00;7171
2003;5;VRG;SBFL;SBCT;344,00;5
2003;5;VRG;SBSP;SBNF;480,00;11
2003;5;VRG;SBSV;SBGR;875,00;53
2003;5;VRG;SBGL;SBRF;1066,00;6
2003;5;VRG;SBVT;SBSP;492,00;392
2003;5;VRG;SBRJ;SBCT;304,00;65
2003;5;VRG;SBGO;SBBR;146,00;171
2003;5;VRG;SBRJ;SBBH;299,00;239
2003;5;VRG;SBRF;SBSV;579,00;7
2003;5;VRG;SBKP;SBBR;399,00;237
2003;5;VRG;SBBH;SBKP;607,00;1
2003;5;VRG;SBSP;SBVT;666,00;310
2003;5;VRG;SBFL;SBSP;316,00;272
2003;5;VRG;SBBR;SBPA;1125,00;26
2003;5;VRG;SBFL;SBSP;273,00;807
2003;5;VRG;SBRJ;SBCT;330,00;5
2003;5;VRG;SBBE;SBMQ;418,00;10
2003;5;VRG;SBPA;SBCT;327,00;148
2003;5;VRG;SBSP;SBNF;257,00;1611
2003;5;VRG;SBSV;SBRF;689,00;373
2003;5;VRG;SBPA;SBGR;621,00;130
2003;5;VRG;SBBR;SBSV;418,00;131
2003;5;VRG;SBCT;SBGL;330,00;29
2003;5;VRG;SBGR;SBGL;313,00;305
2003;5;VRG;SBCT;SBGL;442,00;151
2003;5;VRG;SBFL;SBGR;558,00;899
2003;5;VRG;SBPS;SBSP;865,00;103
2003;5;VRG;SBBR;SBBH;348,00;408
2003;5;VRG;SBSV;SBBR;780,00;5
2003;5;VRG;SBSP;SBBH;303,00;3036
2003;5;VRG;SBSV;SBBR;929,00;223
2003;5;VRG;SBRJ;SBBH;199,00;146
2003;5;VRG;SBBR;SBSV;855,00;30
2003;5;VRG;SBBE;SBBR;1141,00;284
2003;5;VRG;SBGR;SBEG;1668,00;501
2003;5;VRG;SBPA;SBGL;750,00;46
2003;5;VRG;SBPA;SBSP;402,00;1404
2003;5;VRG;SBSP;SBPA;425,00;3387
2003;5;VRG;SBSV;SBGL;821,00;12
2003;5;VRG;SBPA;SBGL;1184,00;502
2003;5;VRG;SBGL;SBCT;500,00;67
2003;5;VRG;SBGR;SBSV;783,00;424
2003;5;VRG;SBSP;SBBR;808,00;2323
2003;5;VRG;SBBR;SBGR;614,00;44
2003;5;VRG;SBPA;SBSP;425,00;3249
2003;5;VRG;SBVT;SBSP;434,00;776
2003;5;VRG;SBCT;SBPA;377,00;48
2003;5;VRG;SBCT;SBFL;409,00;37
2003;5;VRG;SBKP;SBBR;519,00;59
2003;5;VRG;SBBR;SBBH;508,00;62
2003;5;VRG;SBFZ;SBRF;245,00;344
2003;5;VRG;SBSV;SBGL;899,00;463
2003;5;VRG;SBBR;SBGL;844,00;601
2003;5;VRG;SBRJ;SBBR;776,00;104
2003;5;VRG;SBRF;SBSV;634,00;23
2003;5;VRG;SBBH;SBRJ;224,00;377
2003;5;VRG;SBRJ;SBCT;618,00;1
2003;5;VRG;SBGO;SBBR;246,00;24
2003;5;VRG;SBFL;SBSP;461,00;9
2003;5;VRG;SBSV;SBRF;310,00;161
2003;5;VRG;SBSV;SBRF;634,00;36
2003;5;VRG;SBRJ;SBVT;397,00;10
2003;5;VRG;SBGR;SBFL;234,00;391
2003;5;VRG;SBRJ;SBBH;458,00;64
2003;5;VRG;SBCT;SBPA;528,00;2
2003;5;VRG;SBRJ;SBKP;360,00;261
2003;5;VRG;SBNF;SBSP;245,00;2410
2003;5;VRG;SBPA;SBFL;598,00;5
2003;5;VRG;SBFZ;SBRF;315,00;75
2003;5;VRG;SBSV;SBGR;691,00;565
2003;5;VRG;SBSP;SBCT;372,00;38
2003;5;VRG;SBRP;SBSP;306,00;1249
2003;5;VRG;SBBE;SBMQ;236,00;7
2003;5;VRG;SBBR;SBGR;420,00;558
2003;5;VRG;SBRF;SBFZ;533,00;31
2003;5;VRG;SBBR;SBFZ;539,00;69
2003;5;VRG;SBRF;SBGL;709,00;553
2003;5;VRG;SBGL;SBBR;709,00;5
2003;5;VRG;SBBR;SBGO;146,00;106
2003;5;VRG;SBBE;SBMQ;204,00;9
2003;5;VRG;SBGR;SBFL;413,00;105
2003;5;VRG;SBBR;SBGO;246,00;58
2003;5;VRG;SBRF;SBFZ;645,00;28
2003;5;VRG;SBPA;SBFL;378,00;11
2003;5;VRG;SBUL;SBSP;727,00;56
2003;5;VRG;SBBR;SBKP;588,00;78
2003;5;VRG;SBGO;SBBR;324,00;213
2003;5;VRG;SBSV;SBGR;1059,00;1328
2003;5;VRG;SBRJ;SBKP;238,00;6
2003;5;VRG;SBRF;SBSV;469,00;256
2003;5;VRG;SBSP;SBRJ;299,00;40652
2003;5;VRG;SBGL;SBSV;743,00;36
2003;5;VRG;SBCT;SBSP;489,00;4110
2003;5;VRG;SBRJ;SBCT;442,00;49
2003;5;VRG;SBUL;SBSP;595,00;16
2003;5;VRG;SBFZ;SBBR;1007,00;5
2003;5;VRG;SBPA;SBGL;671,00;245
2003;5;VRG;SBSP;SBFL;364,00;159
2003;5;VRG;SBGL;SBGR;386,00;42
2003;5;VRG;SBGR;SBSV;518,00;205
2003;5;VRG;SBPA;SBCT;252,00;20
2003;5;VRG;SBFL;SBGR;413,00;133
2003;5;VRG;SBGL;SBPA;592,00;154
2003;5;VRG;SBFL;SBPA;598,00;21
2003;5;VRG;SBGR;SBCT;489,00;569
2003;5;VRG;SBPA;SBSP;817,00;1542
2003;5;VRG;SBCT;SBFL;376,00;1
2003;5;VRG;SBGL;SBPA;908,00;48
2003;5;VRG;SBGR;SBGL;598,00;74
2003;5;VRG;SBBH;SBKP;449,00;9
2003;5;VRG;SBBE;SBMQ;381,00;1
2003;5;VRG;SBRF;SBGL;863,00;218
2003;5;VRG;SBEG;SBGR;751,00;946
2003;5;VRG;SBBR;SBFZ;1007,00;1
2003;5;VRG;SBBH;SBRJ;458,00;52
2003;5;VRG;SBEG;SBGR;1535,00;406
2003;5;VRG;SBBH;SBKP;343,00;339
2003;5;VRG;SBFL;SBBR;434,00;7
2003;5;VRG;SBFL;SBPA;339,00;61
2003;5;VRG;SBBE;SBBR;513,00;418
2003;5;VRG;SBFL;SBSP;607,00;690
2003;5;VRG;SBRJ;SBKP;487,00;35
2003;5;VRG;SBFZ;SBBR;911,00;41
2003;5;VRG;SBKP;SBBH;396,00;29
2003;5;VRG;SBGO;SBSP;534,00;203
2003;5;VRG;SBRJ;SBVT;523,00;754
2003;5;VRG;SBBR;SBGR;679,00;39
2003;5;VRG;SBGR;SBPA;368,00;124
2003;5;VRG;SBCT;SBPA;327,00;162
2003;5;VRG;SBRJ;SBCT;559,00;5
2003;5;VRG;SBVT;SBRJ;176,00;1881
2003;5;VRG;SBPA;SBFL;174,00;194
2003;5;VRG;SBBR;SBPA;636,00;90
2003;5;VRG;SBGL;SBRF;964,00;24
2003;5;VRG;SBFL;SBBR;1086,00;31
2003;5;VRG;SBNF;SBSP;525,00;167
2003;5;VRG;SBSV;SBBR;706,00;79
2003;5;VRG;SBRJ;SBBH;418,00;2
2003;5;VRG;SBBH;SBSP;274,00;212
2003;5;VRG;SBKP;SBCT;254,00;80
2003;5;VRG;SBGR;SBCT;299,00;510
2003;5;VRG;SBRP;SBSP;367,00;4
2003;5;VRG;SBPA;SBGL;908,00;146
2003;5;VRG;SBSP;SBCT;489,00;3350
2003;5;VRG;SBPA;SBBR;734,00;174
2003;5;VRG;SBGR;SBEG;638,00;1325
2003;5;VRG;SBFL;SBBR;999,00;6
2003;5;VRG;SBCT;SBRJ;559,00;10
2003;5;VRG;SBSP;SBPS;423,00;142
2003;5;VRG;SBFL;SBPA;199,00;8
2003;5;VRG;SBSP;SBPS;865,00;115
2003;5;VRG;SBBH;SBBR;455,00;304
2003;5;VRG;SBFL;SBGL;363,00;78
2003;5;VRG;SBBH;SBBR;301,00;10
2003;5;VRG;SBFL;SBSP;558,00;41
2003;5;VRG;SBSP;SBFL;243,00;41
2003;5;VRG;SBGR;SBPA;490,00;614
2003;5;VRG;SBBR;SBGR;364,00;13
2003;5;VRG;SBMQ;SBBE;159,00;48
2003;5;VRG;SBGR;SBCF;317,00;588
2003;5;VRG;SBFL;SBGL;678,00;2
2003;5;VRG;SBRJ;SBVT;356,00;142
2003;5;VRG;SBBR;SBSP;743,00;106
2003;5;VRG;SBKP;SBRJ;444,00;11
2003;5;VRG;SBSP;SBUL;403,00;611
2003;5;VRG;SBBH;SBRJ;418,00;6
2003;5;VRG;SBGR;SBCF;512,00;7
2003;5;VRG;SBGR;SBCT;372,00;66
2003;5;VRG;SBGR;SBPA;425,00;1202
2003;5;VRG;SBBR;SBBH;401,00;236
2003;5;VRG;SBBH;SBRJ;339,00;270
2003;5;VRG;SBBR;SBBE;513,00;437
2003;5;VRG;SBRJ;SBKP;529,00;257
2003;5;VRG;SBFZ;SBBR;1436,00;102
2003;5;VRG;SBSV;SBRF;358,00;140
2003;5;VRG;SBBR;SBSV;780,00;5
2003;5;VRG;SBGR;SBCF;463,00;40
2003;5;VRG;SBBH;SBRJ;176,00;1660
2003;5;VRG;SBBR;SBPA;734,00;144
2003;5;VRG;SBCF;SBGR;303,00;404
2003;5;VRG;SBRJ;SBBR;574,00;827
2003;5;VRG;SBEG;SBGR;1401,00;7
2003;5;VRG;SBBR;SBRJ;431,00;76
2003;5;VRG;SBPA;SBGR;817,00;1121
2003;5;VRG;SBSP;SBRP;306,00;1213
2003;5;VRG;SBGR;SBCT;220,00;92
2003;5;VRG;SBBR;SBGO;298,00;7
2003;5;VRG;SBMQ;SBBE;454,00;83
2003;5;VRG;SBBR;SBSP;679,00;5
2003;5;VRG;SBGL;SBRF;761,00;130
2003;5;VRG;SBBH;SBBR;508,00;39
2003;5;VRG;SBSP;SBBH;512,00;17
2003;5;VRG;SBRF;SBGL;761,00;170
2003;5;VRG;SBSP;SBUL;463,00;7
2003;5;VRG;SBRF;SBSV;310,00;101
2003;5;VRG;SBBR;SBBH;615,00;44
2003;5;VRG;SBKP;SBRJ;487,00;32
2003;5;VRG;SBFL;SBGR;273,00;248
2003;5;VRG;SBFL;SBGL;968,00;68
2003;5;VRG;SBGR;SBEG;867,00;363
2003;5;VRG;SBKP;SBBR;865,00;56
2003;5;VRG;SBRJ;SBCT;383,00;35
2003;5;VRG;SBFL;SBPA;128,00;1614
2003;5;VRG;SBSP;SBPA;490,00;517
2003;5;VRG;SBPA;SBGL;513,00;245
2003;5;VRG;SBGL;SBCT;677,00;23
2003;5;VRG;SBSV;SBGR;1151,00;1152
2003;5;VRG;SBCT;SBGR;220,00;97
2003;5;VRG;SBRF;SBSV;524,00;34
2003;5;VRG;SBBR;SBBE;434,00;572
2003;5;VRG;SBCT;SBGR;587,00;1
2003;5;VRG;SBFL;SBGR;234,00;461
2003;5;VRG;SBGL;SBPA;444,00;838
2003;5;VRG;SBBE;SBMQ;159,00;204
2003;5;VRG;SBRJ;SBVT;481,00;79
2003;5;VRG;SBBR;SBFZ;726,00;177
2003;5;VRG;SBCF;SBGR;560,00;939
2003;5;VRG;SBCT;SBGR;450,00;249
2003;5;VRG;SBFL;SBPA;224,00;39
2003;5;VRG;SBFL;SBGR;364,00;239
2003;5;VRG;SBGR;SBCF;731,00;109
2003;5;VRG;SBFZ;SBRF;533,00;31
2003;5;VRG;SBBR;SBFL;999,00;9
2003;5;VRG;SBSP;SBFL;234,00;1876
2003;5;VRG;SBFL;SBGR;316,00;533
2003;5;VRG;SBSP;SBNF;343,00;242
2003;5;VRG;SBGR;SBSV;548,00;1170
2003;5;VRG;SBPA;SBGR;980,00;188
2003;5;VRG;SBRF;SBFZ;280,00;14
2003;5;VRG;SBGO;SBBR;272,00;4
2003;5;VRG;SBGR;SBPA;980,00;182
2003;5;VRG;SBPA;SBCT;428,00;75
2003;5;VRG;SBSV;SBGL;977,00;734
2003;5;VRG;SBSP;SBBH;414,00;860
2003;5;VRG;SBSP;SBFL;607,00;610
2003;5;VRG;SBRF;SBFZ;589,00;5
2003;5;VRG;SBPA;SBSP;556,00;637
2003;5;VRG;SBBR;SBFL;425,00;103
2003;5;VRG;SBCT;SBPA;252,00;33
2003;5;VRG;SBSP;SBUL;727,00;78
2003;5;VRG;SBFL;SBGL;432,00;525
2003;5;VRG;SBBR;SBGL;709,00;6
2003;5;VRG;SBCF;SBGR;463,00;34
2003;5;VRG;SBBR;SBBE;1141,00;458
2003;5;VRG;SBGO;SBBR;220,00;150
2003;5;VRG;SBGL;SBPA;671,00;252
2003;5;VRG;SBBE;SBBR;1050,00;16
2003;5;VRG;SBBR;SBKP;389,00;33
2003;5;VRG;SBPA;SBSP;752,00;142
2003;5;VRG;SBSP;SBBH;609,00;3190
2003;5;VRG;SBRF;SBSV;689,00;450
2003;5;VRG;SBPA;SBBR;1125,00;28
2003;5;VRG;SBBR;SBFL;738,00;35
2003;5;VRG;SBSP;SBPS;790,00;2
2003;5;VRG;SBSV;SBGL;743,00;70
2003;5;VRG;SBKP;SBBR;450,00;47
2003;5;VRG;SBGR;SBEG;1268,00;22
2003;5;VRG;SBCF;SBGR;512,00;8
2003;5;VRG;SBGR;SBSV;691,00;622
2003;5;VRG;SBEG;SBGR;1001,00;419
2003;5;VRG;SBFL;SBPA;174,00;188
2003;5;VRG;SBPA;SBBR;832,00;291
2003;5;VRG;SBGL;SBCT;383,00;150
2003;5;VRG;SBGL;SBCT;442,00;68
2003;5;VRG;SBGO;SBSP;722,00;185
2003;5;VRG;SBRF;SBFZ;365,00;155
2003;5;VRG;SBBR;SBGO;164,00;468
2003;5;VRG;SBBR;SBSP;614,00;71
2003;5;VRG;SBPS;SBSP;790,00;1
2003;5;VRG;SBCT;SBPA;283,00;179
2003;5;VRG;SBKP;SBBR;796,00;3
2003;5;VRG;SBBH;SBKP;279,00;4
2003;5;VRG;SBGR;SBEG;667,00;639
2003;5;VRG;SBRF;SBGL;1167,00;91
2003;5;VRG;SBFL;SBBR;869,00;3
2003;5;VRG;SBSP;SBCT;411,00;7
2003;5;VRG;SBBR;SBSP;420,00;775
2003;5;VRG;SBBE;SBBR;434,00;530
2003;5;VRG;SBBR;SBFZ;1103,00;8
2003;5;VRG;SBGR;SBPA;752,00;1324
2003;5;VRG;SBVT;SBSP;724,00;454
2003;5;VRG;SBEG;SBGR;867,00;347
2003;5;VRG;SBGL;SBSV;1164,00;240
2003;5;VRG;SBKP;SBBR;657,00;10
2003;5;VRG;SBBR;SBGL;506,00;144
2003;5;VRG;SBGL;SBBR;1013,00;235
2003;5;VRG;SBCT;SBKP;411,00;7
2003;5;VRG;SBGR;SBEG;1535,00;425
2003;5;VRG;SBCT;SBKP;232,00;834
2003;5;VRG;SBBR;SBSV;632,00;464
2003;5;VRG;SBGL;SBFL;613,00;7
2003;5;VRG;SBBE;SBMQ;540,00;15
2003;5;VRG;SBRJ;SBCT;500,00;71
2003;5;VRG;SBGL;SBGR;276,00;764
2003;5;VRG;SBCT;SBSP;450,00;60
2003;5;VRG;SBFL;SBGL;484,00;59
2003;5;VRG;SBBR;SBGL;431,00;24
2003;5;VRG;SBBR;SBSP;970,00;6
2003;5;VRG;SBBR;SBFZ;911,00;29
2003;5;VRG;SBGL;SBBR;506,00;132
2003;5;VRG;SBBR;SBPA;554,00;1476
2003;5;VRG;SBGL;SBBR;439,00;225
2003;5;VRG;SBVT;SBSP;399,00;2518
2003;5;VRG;SBCF;SBGR;317,00;1211
2003;5;VRG;SBSP;SBVT;550,00;22
2003;5;VRG;SBBE;SBBR;867,00;37
2003;5;VRG;SBGR;SBGL;460,00;7127
2003;5;VRG;SBKP;SBBR;727,00;2
2003;5;VRG;SBSP;SBUL;595,00;23
2003;5;VRG;SBGR;SBBR;380,00;232
2003;5;VRG;SBMQ;SBBE;182,00;1
2003;5;VRG;SBCT;SBKP;293,00;79
2003;5;VRG;SBEG;SBGR;1134,00;161
2003;5;VRG;SBFL;SBPA;498,00;367
2003;5;VRG;SBPA;SBCT;283,00;201
2003;5;VRG;SBFL;SBPA;378,00;13
2003;5;VRG;SBRJ;SBVT;314,00;189
2003;5;VRG;SBFL;SBGR;243,00;64
2003;5;VRG;SBFZ;SBRF;217,00;1410
2003;5;VRG;SBSV;SBBR;855,00;12
2003;5;VRG;SBBR;SBGL;380,00;675
2003;5;VRG;SBGL;SBRF;1269,00;334
2003;5;VRG;SBSP;SBFL;316,00;275
2003;5;VRG;SBFL;SBGR;728,00;49
2003;5;VRG;SBPS;SBSP;579,00;244
2003;5;VRG;SBBR;SBFL;1303,00;6
2003;5;VRG;SBSV;SBGR;518,00;207
2003;5;VRG;SBBR;SBBH;562,00;7
2003;5;VRG;SBCT;SBPA;629,00;324
2003;5;VRG;SBCT;SBFL;311,00;4
2003;5;VRG;SBGL;SBCT;559,00;9
2003;5;VRG;SBPA;SBCT;377,00;83
2003;5;VRG;SBCT;SBGR;489,00;359
2003;5;VRG;SBNF;SBSP;571,00;1020
2003;5;VRG;SBCT;SBKP;220,00;1
2003;5;VRG;SBEG;SBGR;1268,00;33
2003;5;VRG;SBSV;SBGL;582,00;534
2003;5;VRG;SBCT;SBRJ;618,00;1
2003;5;VRG;SBBH;SBKP;502,00;4
2003;5;VRG;SBGR;SBGL;207,00;39
2003;5;VRG;SBRJ;SBBH;259,00;802
2003;5;VRG;SBGR;SBCF;303,00;467
2003;5;VRG;SBVT;SBSP;550,00;24
2003;5;VRG;SBMQ;SBBE;236,00;1
2003;5;VRG;SBSV;SBGR;783,00;397
2003;5;VRG;SBCT;SBSP;220,00;177
2003;5;VRG;SBGR;SBGL;386,00;26
2003;5;VRG;SBFL;SBGR;607,00;204
2003;5;VRG;SBNF;SBSP;343,00;259
2003;5;VRG;SBBH;SBSP;560,00;155
2003;5;VRG;SBFZ;SBBR;1103,00;2
2003;5;VRG;SBSP;SBGO;722,00;90
2003;5;VRG;SBBR;SBRJ;506,00;534
2003;5;VRG;SBBR;SBGR;808,00;599
2003;5;VRG;SBSV;SBGR;967,00;38
2003;5;VRG;SBPA;SBGR;490,00;577
2003;5;VRG;SBBE;SBBR;776,00;238
2003;5;VRG;SBCT;SBGL;304,00;110
2003;5;VRG;SBCT;SBGL;881,00;155
2003;5;VRG;SBUL;SBSP;403,00;402
2003;5;VRG;SBVT;SBRJ;235,00;700
2003;5;VRG;SBMQ;SBBE;133,00;610
2003;5;VRG;SBBR;SBGR;970,00;177
2003;5;VRG;SBBE;SBMQ;454,00;126
2003;5;VRG;SBBR;SBFZ;1199,00;104
2003;5;VRG;SBSP;SBCT;333,00;378
2003;5;VRG;SBRP;SBSP;437,00;197
2003;5;VRG;SBPA;SBGR;402,00;1332
2003;5;VRG;SBGR;SBFL;558,00;761
2003;5;VRG;SBPA;SBSP;621,00;42
2003;5;VRG;SBBR;SBGO;272,00;4
2003;5;VRG;SBSP;SBVT;326,00;46
2003;5;VRG;SBGR;SBCT;333,00;280
2003;5;VRG;SBSP;SBFL;413,00;221
2003;5;VRG;SBBH;SBSP;512,00;14
2003;5;VRG;SBSP;SBPA;621,00;54
2003;5;VRG;SBGL;SBGR;460,00;5848
2003;5;VRG;SBPA;SBFL;458,00;158
2003;5;VRG;SBRJ;SBBH;339,00;281
2003;5;VRG;SBCT;SBKP;372,00;15
2003;5;VRG;SBFL;SBBR;1303,00;3
2003;5;VRG;SBFZ;SBRF;421,00;105
2003;5;VRG;SBBR;SBSV;484,00;396
2003;5;VRG;SBBH;SBSP;463,00;125
2003;5;VRG;SBPA;SBFL;128,00;1825
2003;5;VRG;SBFL;SBGL;807,00;75
2003;5;VRG;SBPA;SBCT;629,00;223
2003;5;VRG;SBGL;SBFL;432,00;665
2003;5;VRG;SBBE;SBMQ;133,00;723
2003;5;VRG;SBPA;SBCT;199,00;1054
2003;5;VRG;SBKP;SBBH;607,00;1
2003;5;VRG;SBCT;SBRJ;500,00;35
2003;5;VRG;SBGR;SBGL;243,00;2150
2003;5;VRG;SBBR;SBBE;958,00;1
2003;5;VRG;SBGL;SBBR;574,00;190
2003;5;VRG;SBGR;SBEG;1001,00;453
2003;5;VRG;SBGL;SBPA;750,00;31
2003;5;VRG;SBGL;SBCT;881,00;93
2003;5;VRG;SBGL;SBRF;863,00;216
2003;5;VRG;SBRJ;SBKP;317,00;857
2003;5;VRG;SBFL;SBPA;259,00;98
2003;5;VRG;SBEG;SBGR;667,00;664
2003;5;VRG;SBVT;SBRJ;209,00;165
2003;5;VRG;SBBR;SBGO;324,00;155
2003;5;VRG;SBGR;SBGL;276,00;608
2003;5;VRG;SBBR;SBPA;1027,00;47
2003;5;VRG;SBFL;SBCT;286,00;48
2003;5;VRG;SBSV;SBBR;484,00;352
2003;5;VRG;SBGL;SBGR;552,00;1795
2003;5;VRG;SBSV;SBRF;276,00;75
2003;5;VRG;SBGO;SBBR;164,00;401
2003;5;VRG;SBBR;SBBE;456,00;211
2003;5;VRG;SBCT;SBRJ;677,00;12
2003;5;VRG;SBSV;SBRF;469,00;261
2003;5;VRG;SBGL;SBFL;968,00;88
2003;5;VRG;SBBR;SBGR;549,00;252
2003;5;VRG;SBGO;SBSP;659,00;8
2003;5;VRG;SBFL;SBCT;409,00;17
2003;5;VRG;SBGR;SBFL;510,00;15
2003;5;VRG;SBBH;SBSP;317,00;2825
2003;5;VRG;SBGO;SBSP;785,00;404
2003;5;VRG;SBVT;SBRJ;314,00;160
2003;5;VRG;SBKP;SBRJ;360,00;264
2003;5;VRG;SBBR;SBKP;519,00;71
2003;5;VRG;SBSP;SBGO;353,00;128
2003;5;VRG;SBNF;SBSP;257,00;1542
2003;5;VRG;SBSP;SBCT;299,00;2800
2003;5;VRG;SBNF;SBSP;297,00;669
2003;5;VRG;SBSP;SBBR;420,00;755
2003;5;VRG;SBFZ;SBRF;645,00;22
2003;5;VRG;SBBR;SBKP;865,00;34
2003;5;VRG;SBSP;SBPA;752,00;136
2003;5;VRG;SBBE;SBBR;685,00;161
2003;5;VRG;SBSP;SBBH;560,00;149
2003;5;VRG;SBSP;SBPA;817,00;1636
2003;5;VRG;SBGL;SBGR;423,00;1036
2003;5;VRG;SBKP;SBRJ;529,00;376
2003;5;VRG;SBSP;SBBH;365,00;613
2003;5;VRG;SBFL;SBGL;613,00;1
2003;5;VRG;SBGR;SBFL;273,00;230
2003;5;VRG;SBRJ;SBCT;331,00;82
2003;5;VRG;SBVT;SBRJ;481,00;142
2003;5;VRG;SBSV;SBRF;524,00;52
2003;5;VRG;SBSV;SBRF;579,00;11
2003;5;VRG;SBSP;SBGO;474,00;667
2003;5;VRG;SBPA;SBBR;636,00;110
2003;5;VRG;SBNF;SBSP;388,00;257
2003;5;VRG;SBCT;SBSP;299,00;2669
2003;5;VRG;SBSP;SBRP;367,00;5
2003;5;VRG;SBRF;SBSV;358,00;133
2003;5;VRG;SBKP;SBRJ;238,00;4
2003;5;VRG;SBBR;SBRJ;844,00;2124
2003;5;VRG;SBPA;SBGL;408,00;508
2003;5;VRG;SBRJ;SBBR;844,00;1762
2003;5;VRG;SBGL;SBGR;243,00;3318
2003;5;VRG;SBRF;SBSV;827,00;6
2003;5;VRG;SBBR;SBFZ;1436,00;21
2003;5;VRG;SBGL;SBBR;380,00;653
2003;5;VRG;SBGO;SBSP;474,00;776
2003;5;VRG;SBGR;SBSV;1381,00;228
2003;5;VRG;SBGL;SBSV;436,00;267
2003;5;VRG;SBBH;SBBR;401,00;447
2003;5;VRG;SBFZ;SBBR;1199,00;227
2003;5;VSP;SBFZ;SBBR;781,00;16
2003;5;VSP;SBBR;SBGO;215,00;6
2003;5;VSP;SBCT;SBSP;493,00;17
2003;5;VSP;SBPA;SBBR;1229,00;9
2003;5;VSP;SBEG;SBGR;500,00;319
2003;5;VSP;SBBR;SBSV;379,00;961
2003;5;VSP;SBBR;SBSV;678,00;9
2003;5;VSP;SBPA;SBBR;676,00;5
2003;5;VSP;SBMQ;SBBE;249,00;35
2003;5;VSP;SBGL;SBPA;743,00;1
2003;5;VSP;SBBR;SBFL;404,00;9
2003;5;VSP;SBGL;SBCT;464,00;9
2003;5;VSP;SBBE;SBMQ;249,00;30
2003;5;VSP;SBGR;SBCF;296,00;42
2003;5;VSP;SBBH;SBBR;327,00;92
2003;5;VSP;SBBR;SBGO;139,00;1994
2003;5;VSP;SBBR;SBSV;588,00;34
2003;5;VSP;SBSP;SBBR;486,00;302
2003;5;VSP;SBPA;SBGR;534,00;19
2003;5;VSP;SBSV;SBGL;831,00;7
2003;5;VSP;SBMQ;SBBE;103,00;1008
2003;5;VSP;SBSP;SBBH;326,00;57
2003;5;VSP;SBRF;SBFZ;681,00;64
2003;5;VSP;SBSV;SBBR;678,00;27
2003;5;VSP;SBPA;SBGR;616,00;6
2003;5;VSP;SBPA;SBGL;743,00;5
2003;5;VSP;SBGL;SBGR;292,00;37
2003;5;VSP;SBGR;SBFL;461,00;2
2003;5;VSP;SBGR;SBGL;487,00;225
2003;5;VSP;SBRF;SBSV;371,00;141
2003;5;VSP;SBGR;SBGL;317,00;4
2003;5;VSP;SBPA;SBSP;452,00;11
2003;5;VSP;SBBR;SBCF;359,00;30
2003;5;VSP;SBGO;SBSP;592,00;3
2003;5;VSP;SBGR;SBCF;186,00;299
2003;5;VSP;SBRF;SBFZ;341,00;261
2003;5;VSP;SBCT;SBSP;296,00;1
2003;5;VSP;SBSP;SBBR;446,00;147
2003;5;VSP;SBGL;SBRF;950,00;1
2003;5;VSP;SBCT;SBPA;199,00;4
2003;5;VSP;SBBH;SBBR;490,00;1
2003;5;VSP;SBBR;SBFZ;721,00;22
2003;5;VSP;SBBR;SBGR;446,00;62
2003;5;VSP;SBSP;SBCT;296,00;7
2003;5;VSP;SBGR;SBFL;369,00;16
2003;5;VSP;SBGO;SBSP;395,00;17
2003;5;VSP;SBBR;SBPA;676,00;2
2003;5;VSP;SBBR;SBBE;574,00;80
2003;5;VSP;SBSP;SBCT;493,00;61
2003;5;VSP;SBGO;SBSP;513,00;11
2003;5;VSP;SBSV;SBBR;768,00;3
2003;5;VSP;SBKP;SBGL;279,00;40
2003;5;VSP;SBFL;SBBR;912,00;1
2003;5;VSP;SBBH;SBSP;237,00;135
2003;5;VSP;SBCT;SBPA;144,00;90
2003;5;VSP;SBBR;SBCT;748,00;1
2003;5;VSP;SBGL;SBGR;268,00;60
2003;5;VSP;SBSV;SBGR;578,00;311
2003;5;VSP;SBMQ;SBBE;453,00;61
2003;5;VSP;SBSV;SBGL;538,00;103
2003;5;VSP;SBBE;SBMQ;294,00;1
2003;5;VSP;SBGR;SBSV;379,00;98
2003;5;VSP;SBGR;SBCF;355,00;39
2003;5;VSP;SBRF;SBGL;633,00;326
2003;5;VSP;SBSP;SBCT;237,00;293
2003;5;VSP;SBFZ;SBRF;511,00;3
2003;5;VSP;SBPA;SBCT;249,00;1
2003;5;VSP;SBFZ;SBRF;443,00;23
2003;5;VSP;SBRF;SBSV;144,00;1565
2003;5;VSP;SBBE;SBBR;860,00;2
2003;5;VSP;SBGL;SBSV;636,00;22
2003;5;VSP;SBBR;SBSP;810,00;455
2003;5;VSP;SBCF;SBGR;186,00;419
2003;5;VSP;SBBH;SBSP;186,00;1587
2003;5;VSP;SBGR;SBBR;527,00;23
2003;5;VSP;SBGO;SBBR;215,00;2
2003;5;VSP;SBBR;SBFL;805,00;3
2003;5;VSP;SBFL;SBGR;369,00;20
2003;5;VSP;SBMQ;SBBE;294,00;8
2003;5;VSP;SBBR;SBSP;689,00;6
2003;5;VSP;SBBR;SBSV;542,00;279
2003;5;VSP;SBSV;SBGR;694,00;176
2003;5;VSP;SBSP;SBGO;513,00;4
2003;5;VSP;SBFL;SBBR;452,00;8
2003;5;VSP;SBSP;SBCT;271,00;18
2003;5;VSP;SBSV;SBGR;1156,00;296
2003;5;VSP;SBGR;SBEG;500,00;290
2003;5;VSP;SBGR;SBGL;249,00;346
2003;5;VSP;SBBR;SBSP;527,00;33
2003;5;VSP;SBBR;SBFL;537,00;15
2003;5;VSP;SBCT;SBGL;464,00;5
2003;5;VSP;SBRF;SBFZ;511,00;3
2003;5;VSP;SBSP;SBGO;434,00;32
2003;5;VSP;SBFL;SBGR;308,00;67
2003;5;VSP;SBBR;SBBE;975,00;1
2003;5;VSP;SBBR;SBCT;598,00;49
2003;5;VSP;SBKP;SBBR;290,00;1
2003;5;VSP;SBFL;SBBR;360,00;145
2003;5;VSP;SBPA;SBBR;737,00;2
2003;5;VSP;SBGR;SBEG;839,00;12
2003;5;VSP;SBGR;SBFL;219,00;28
2003;5;VSP;SBBR;SBCF;289,00;24
2003;5;VSP;SBFZ;SBRF;681,00;81
2003;5;VSP;SBPA;SBGL;595,00;2
2003;5;VSP;SBGR;SBPA;411,00;104
2003;5;VSP;SBBH;SBSP;355,00;8
2003;5;VSP;SBFL;SBGR;219,00;34
2003;5;VSP;SBCT;SBBR;648,00;1
2003;5;VSP;SBBR;SBFZ;781,00;9
2003;5;VSP;SBGL;SBCT;714,00;55
2003;5;VSP;SBBR;SBPA;519,00;27
2003;5;VSP;SBGR;SBGL;268,00;91
2003;5;VSP;SBCT;SBPA;378,00;2
2003;5;VSP;SBSP;SBGO;299,00;481
2003;5;VSP;SBBR;SBKP;828,00;3
2003;5;VSP;SBBR;SBCT;499,00;37
2003;5;VSP;SBGL;SBRF;696,00;29
2003;5;VSP;SBBR;SBBH;653,00;81
2003;5;VSP;SBSV;SBGL;359,00;159
2003;5;VSP;SBGR;SBPA;266,00;973
2003;5;VSP;SBRF;SBSV;404,00;81
2003;5;VSP;SBPA;SBSP;411,00;6
2003;5;VSP;SBGO;SBSP;473,00;1
2003;5;VSP;SBSV;SBBR;379,00;956
2003;5;VSP;SBGL;SBSV;538,00;95
2003;5;VSP;SBGR;SBFL;338,00;75
2003;5;VSP;SBBR;SBCF;327,00;53
2003;5;VSP;SBFZ;SBRF;341,00;222
2003;5;VSP;SBCT;SBBR;598,00;38
2003;5;VSP;SBBR;SBGR;527,00;13
2003;5;VSP;SBSP;SBBR;689,00;1
2003;5;VSP;SBBR;SBCT;399,00;67
2003;5;VSP;SBBR;SBBE;330,00;1273
2003;5;VSP;SBGR;SBBR;405,00;126
2003;5;VSP;SBSP;SBBH;355,00;16
2003;5;VSP;SBGL;SBKP;515,00;9
2003;5;VSP;SBPA;SBBR;519,00;17
2003;5;VSP;SBCF;SBBR;490,00;2
2003;5;VSP;SBGR;SBSV;296,00;2727
2003;5;VSP;SBGL;SBCT;299,00;15
2003;5;VSP;SBBH;SBBR;359,00;42
2003;5;VSP;SBBR;SBFL;644,00;12
2003;5;VSP;SBBH;SBBR;424,00;1
2003;5;VSP;SBGO;SBBR;330,00;100
2003;5;VSP;SBFZ;SBBR;569,00;375
2003;5;VSP;SBCF;SBGR;592,00;31
2003;5;VSP;SBBR;SBGL;620,00;2
2003;5;VSP;SBRF;SBSV;438,00;12
2003;5;VSP;SBBR;SBGR;810,00;187
2003;5;VSP;SBMQ;SBBE;227,00;31
2003;5;VSP;SBGR;SBPA;359,00;22
2003;5;VSP;SBGL;SBPA;496,00;43
2003;5;VSP;SBCT;SBGL;714,00;75
2003;5;VSP;SBCF;SBGR;326,00;35
2003;5;VSP;SBSV;SBRF;371,00;62
2003;5;VSP;SBGR;SBGL;365,00;6
2003;5;VSP;SBSP;SBBH;385,00;1
2003;5;VSP;SBFL;SBGR;461,00;8
2003;5;VSP;SBPA;SBSP;821,00;22
2003;5;VSP;SBGR;SBSV;1156,00;297
2003;5;VSP;SBRF;SBFZ;409,00;171
2003;5;VSP;SBPA;SBCT;199,00;4
2003;5;VSP;SBSV;SBBR;452,00;401
2003;5;VSP;SBBR;SBGL;496,00;154
2003;5;VSP;SBBR;SBKP;455,00;1
2003;5;VSP;SBBR;SBBE;746,00;10
2003;5;VSP;SBGR;SBEG;1678,00;30
2003;5;VSP;SBSV;SBGL;587,00;511
2003;5;VSP;SBFL;SBGR;615,00;127
2003;5;VSP;SBCT;SBSP;237,00;86
2003;5;VSP;SBGR;SBBR;810,00;221
2003;5;VSP;SBBR;SBGL;414,00;93
2003;5;VSP;SBRF;SBGL;760,00;146
2003;5;VSP;SBBE;SBBR;1147,00;56
2003;5;VSP;SBGL;SBPA;329,00;7
2003;5;VSP;SBEG;SBGR;923,00;38
2003;5;VSP;SBSP;SBPA;452,00;15
2003;5;VSP;SBBE;SBBR;631,00;31
2003;5;VSP;SBGO;SBSP;789,00;21
2003;5;VSP;SBGR;SBFL;615,00;96
2003;5;VSP;SBMQ;SBBE;385,00;4
2003;5;VSP;SBBR;SBSP;446,00;204
2003;5;VSP;SBSV;SBRF;506,00;1
2003;5;VSP;SBBR;SBCF;260,00;237
2003;5;VSP;SBPA;SBGL;991,00;29
2003;5;VSP;SBCT;SBGL;299,00;23
2003;5;VSP;SBPA;SBSP;359,00;1
2003;5;VSP;SBGL;SBKP;309,00;1
2003;5;VSP;SBPA;SBGL;496,00;50
2003;5;VSP;SBSV;SBRF;404,00;118
2003;5;VSP;SBPA;SBCT;630,00;3
2003;5;VSP;SBGR;SBSV;983,00;1
2003;5;VSP;SBSV;SBGR;296,00;3042
2003;5;VSP;SBGL;SBSV;978,00;245
2003;5;VSP;SBGR;SBBR;319,00;101
2003;5;VSP;SBBR;SBFL;452,00;3
2003;5;VSP;SBGL;SBCT;393,00;42
2003;5;VSP;SBGR;SBCF;326,00;6
2003;5;VSP;SBBR;SBBE;415,00;49
2003;5;VSP;SBGR;SBEG;923,00;17
2003;5;VSP;SBCT;SBGL;357,00;96
2003;5;VSP;SBSV;SBBR;588,00;39
2003;5;VSP;SBGL;SBPA;279,00;705
2003;5;VSP;SBGL;SBCT;357,00;81
2003;5;VSP;SBPA;SBSP;493,00;1
2003;5;VSP;SBBR;SBCT;352,00;180
2003;5;VSP;SBGL;SBSV;489,00;696
2003;5;VSP;SBBR;SBGR;214,00;598
2003;5;VSP;SBBR;SBFL;590,00;22
2003;5;VSP;SBSV;SBGR;751,00;7
2003;5;VSP;SBGR;SBBR;214,00;687
2003;5;VSP;SBGL;SBBR;620,00;2
2003;5;VSP;SBGR;SBPA;821,00;193
2003;5;VSP;SBSV;SBGL;734,00;12
2003;5;VSP;SBSV;SBGR;636,00;106
2003;5;VSP;SBBE;SBBR;688,00;49
2003;5;VSP;SBBH;SBBR;653,00;38
2003;5;VSP;SBFL;SBGR;159,00;539
2003;5;VSP;SBGL;SBSV;359,00;112
2003;5;VSP;SBSP;SBGO;473,00;3
2003;5;VSP;SBRF;SBFZ;199,00;136
2003;5;VSP;SBSP;SBPA;534,00;3
2003;5;VSP;SBPA;SBGL;545,00;19
2003;5;VSP;SBPA;SBGR;452,00;39
2003;5;VSP;SBGL;SBBR;359,00;55
2003;5;VSP;SBCF;SBBR;327,00;111
2003;5;VSP;SBPA;SBSP;266,00;254
2003;5;VSP;SBSV;SBRF;674,00;45
2003;5;VSP;SBGR;SBFL;308,00;102
2003;5;VSP;SBBR;SBSV;904,00;154
2003;5;VSP;SBFL;SBBR;644,00;17
2003;5;VSP;SBGO;SBBR;182,00;83
2003;5;VSP;SBBR;SBCF;424,00;2
2003;5;VSP;SBGR;SBSV;694,00;109
2003;5;VSP;SBBH;SBBR;289,00;9
2003;5;VSP;SBBR;SBCT;997,00;29
2003;5;VSP;SBBR;SBBE;631,00;42
2003;5;VSP;SBSP;SBBR;527,00;23
2003;5;VSP;SBRF;SBSV;337,00;104
2003;5;VSP;SBFZ;SBBR;1201,00;35
2003;5;VSP;SBBE;SBBR;330,00;1112
2003;5;VSP;SBBR;SBBE;688,00;36
2003;5;VSP;SBBR;SBSV;409,00;101
2003;5;VSP;SBBR;SBGL;827,00;112
2003;5;VSP;SBBE;SBMQ;453,00;35
2003;5;VSP;SBGL;SBPA;545,00;6
2003;5;VSP;SBSP;SBGO;339,00;18
2003;5;VSP;SBSV;SBRF;337,00;104
2003;5;VSP;SBSP;SBPA;359,00;8
2003;5;VSP;SBPA;SBGR;411,00;102
2003;5;VSP;SBSV;SBRF;184,00;337
2003;5;VSP;SBCT;SBBR;548,00;7
2003;5;VSP;SBBR;SBBH;359,00;82
2003;5;VSP;SBRF;SBFZ;252,00;60
2003;5;VSP;SBGR;SBBR;486,00;239
2003;5;VSP;SBKP;SBGL;515,00;12
2003;5;VSP;SBCT;SBGL;237,00;558
2003;5;VSP;SBFZ;SBRF;409,00;194
2003;5;VSP;SBBR;SBGR;369,00;87
2003;5;VSP;SBGO;SBBR;198,00;117
2003;5;VSP;SBBE;SBMQ;103,00;1154
2003;5;VSP;SBBR;SBCF;490,00;3
2003;5;VSP;SBFL;SBGR;523,00;7
2003;5;VSP;SBSP;SBBR;319,00;406
2003;5;VSP;SBGR;SBCF;237,00;33
2003;5;VSP;SBSV;SBBR;904,00;140
2003;5;VSP;SBGL;SBBR;827,00;135
2003;5;VSP;SBFZ;SBRF;252,00;19
2003;5;VSP;SBRF;SBSV;219,00;97
2003;5;VSP;SBBR;SBPA;469,00;81
2003;5;VSP;SBSV;SBRF;219,00;124
2003;5;VSP;SBGL;SBGR;487,00;170
2003;5;VSP;SBPA;SBBR;469,00;139
2003;5;VSP;SBBE;SBMQ;131,00;68
2003;5;VSP;SBBH;SBSP;385,00;10
2003;5;VSP;SBGL;SBRF;556,00;1381
2003;5;VSP;SBBR;SBFL;1073,00;31
2003;5;VSP;SBBH;SBSP;326,00;28
2003;5;VSP;SBCT;SBBR;748,00;1
2003;5;VSP;SBGR;SBSV;636,00;77
2003;5;VSP;SBBR;SBFL;697,00;2
2003;5;VSP;SBSP;SBPA;266,00;301
2003;5;VSP;SBGL;SBSV;734,00;9
2003;5;VSP;SBGR;SBFL;189,00;104
2003;5;VSP;SBSV;SBGL;636,00;72
2003;5;VSP;SBBR;SBGR;319,00;162
2003;5;VSP;SBBR;SBCF;392,00;35
2003;5;VSP;SBGL;SBCT;237,00;443
2003;5;VSP;SBGL;SBGR;249,00;277
2003;5;VSP;SBFZ;SBBR;661,00;31
2003;5;VSP;SBCF;SBBR;392,00;83
2003;5;VSP;SBFL;SBBR;537,00;10
2003;5;VSP;SBFZ;SBRF;169,00;1323
2003;5;VSP;SBSV;SBGR;983,00;2
2003;5;VSP;SBGR;SBPA;493,00;31
2003;5;VSP;SBRF;SBFZ;443,00;23
2003;5;VSP;SBGL;SBBR;260,00;858
2003;5;VSP;SBFZ;SBBR;721,00;12
2003;5;VSP;SBBR;SBPA;615,00;39
2003;5;VSP;SBSV;SBBR;542,00;283
2003;5;VSP;SBBR;SBCT;548,00;15
2003;5;VSP;SBRF;SBGL;556,00;1235
2003;5;VSP;SBCT;SBPA;630,00;4
2003;5;VSP;SBGL;SBPA;595,00;4
2003;5;VSP;SBBR;SBKP;414,00;4
2003;5;VSP;SBSV;SBRF;438,00;4
2003;5;VSP;SBPA;SBGR;821,00;213
2003;5;VSP;SBGL;SBRF;1266,00;129
2003;5;VSP;SBCF;SBBR;653,00;74
2003;5;VSP;SBBR;SBBH;327,00;165
2003;5;VSP;SBSP;SBBR;608,00;8
2003;5;VSP;SBPA;SBGR;299,00;88
2003;5;VSP;SBGL;SBSV;587,00;361
2003;5;VSP;SBGO;SBBR;248,00;1
2003;5;VSP;SBSP;SBPA;299,00;36
2003;5;VSP;SBBR;SBSP;319,00;398
2003;5;VSP;SBBR;SBFZ;601,00;158
2003;5;VSP;SBCF;SBGR;296,00;34
2003;5;VSP;SBBR;SBSV;768,00;9
2003;5;VSP;SBEG;SBGR;839,00;9
2003;5;VSP;SBSP;SBBH;592,00;136
2003;5;VSP;SBRJ;SBSP;249,00;13117
2003;5;VSP;SBBR;SBSP;608,00;3
2003;5;VSP;SBBR;SBGO;198,00;85
2003;5;VSP;SBCF;SBBR;359,00;48
2003;5;VSP;SBBE;SBBR;746,00;10
2003;5;VSP;SBBR;SBGO;182,00;77
2003;5;VSP;SBPA;SBBR;799,00;4
2003;5;VSP;SBBR;SBCT;449,00;25
2003;5;VSP;SBRF;SBSV;184,00;425
2003;5;VSP;SBBR;SBBE;860,00;4
2003;5;VSP;SBBR;SBBH;289,00;42
2003;5;VSP;SBSP;SBPA;411,00;18
2003;5;VSP;SBFZ;SBRF;375,00;38
2003;5;VSP;SBFL;SBGR;189,00;97
2003;5;VSP;SBBR;SBGO;165,00;203
2003;5;VSP;SBRF;SBSV;674,00;44
2003;5;VSP;SBSP;SBBR;810,00;413
2003;5;VSP;SBSP;SBPA;821,00;18
2003;5;VSP;SBGL;SBPA;991,00;37
2003;5;VSP;SBFL;SBGR;400,00;1
2003;5;VSP;SBCT;SBBR;399,00;47
2003;5;VSP;SBRF;SBGL;696,00;45
2003;5;VSP;SBFL;SBBR;1073,00;18
2003;5;VSP;SBGR;SBBR;608,00;16
2003;5;VSP;SBCT;SBGL;428,00;92
2003;5;VSP;SBBR;SBBH;260,00;726
2003;5;VSP;SBPA;SBGL;279,00;696
2003;5;VSP;SBBR;SBGR;486,00;255
2003;5;VSP;SBSV;SBGR;379,00;146
2003;5;VSP;SBSP;SBGO;592,00;1
2003;5;VSP;SBPA;SBBR;569,00;11
2003;5;VSP;SBRF;SBGL;1266,00;109
2003;5;VSP;SBGR;SBFL;400,00;2
2003;5;VSP;SBBE;SBMQ;227,00;44
2003;5;VSP;SBBR;SBSP;369,00;105
2003;5;VSP;SBGO;SBSP;339,00;29
2003;5;VSP;SBPA;SBGR;359,00;22
2003;5;VSP;SBGO;SBSP;434,00;21
2003;5;VSP;SBKP;SBGL;309,00;1
2003;5;VSP;SBPA;SBCT;315,00;1
2003;5;VSP;SBBR;SBCT;648,00;2
2003;5;VSP;SBCF;SBBR;424,00;4
2003;5;VSP;SBSV;SBGL;489,00;838
2003;5;VSP;SBCF;SBBR;289,00;25
2003;5;VSP;SBCT;SBBR;352,00;171
2003;5;VSP;SBBR;SBPA;922,00;1
2003;5;VSP;SBSP;SBRJ;249,00;13251
2003;5;VSP;SBBR;SBBH;490,00;1
2003;5;VSP;SBEG;SBGR;599,00;4
2003;5;VSP;SBSV;SBGL;978,00;182
2003;5;VSP;SBPA;SBSP;299,00;49
2003;5;VSP;SBPA;SBBR;615,00;46
2003;5;VSP;SBBR;SBGR;405,00;174
2003;5;VSP;SBBR;SBGL;455,00;32
2003;5;VSP;SBCT;SBSP;271,00;3
2003;5;VSP;SBGL;SBKP;279,00;30
2003;5;VSP;SBBR;SBSV;452,00;400
2003;5;VSP;SBGO;SBBR;165,00;181
2003;5;VSP;SBCT;SBBR;449,00;22
2003;5;VSP;SBGL;SBBR;455,00;89
2003;5;VSP;SBBR;SBFZ;1201,00;60
2003;5;VSP;SBFZ;SBRF;199,00;173
2003;5;VSP;SBBR;SBFL;360,00;130
2003;5;VSP;SBBR;SBCF;653,00;19
2003;5;VSP;SBGR;SBBR;369,00;90
2003;5;VSP;SBFZ;SBBR;601,00;136
2003;5;VSP;SBPA;SBSP;534,00;1
2003;5;VSP;SBBR;SBBE;1147,00;78
2003;5;VSP;SBBE;SBMQ;272,00;13
2003;5;VSP;SBBR;SBGR;689,00;1
2003;5;VSP;SBBH;SBBR;392,00;21
2003;5;VSP;SBBR;SBGL;260,00;819
2003;5;VSP;SBBR;SBBH;555,00;6
2003;5;VSP;SBGR;SBCF;592,00;19
2003;5;VSP;SBGR;SBGL;292,00;85
2003;5;VSP;SBRF;SBFZ;375,00;48
2003;5;VSP;SBGR;SBPA;452,00;46
2003;5;VSP;SBGO;SBSP;299,00;597
2003;5;VSP;SBFL;SBBR;590,00;12
2003;5;VSP;SBBR;SBSP;486,00;379
2003;5;VSP;SBGR;SBPA;534,00;3
2003;5;VSP;SBBR;SBGO;330,00;108
2003;5;VSP;SBBH;SBBR;260,00;309
2003;5;VSP;SBBR;SBGL;538,00;19
2003;5;VSP;SBBR;SBSP;214,00;1397
2003;5;VSP;SBGR;SBFL;159,00;431
2003;5;VSP;SBGL;SBBR;414,00;90
2003;5;VSP;SBGL;SBRF;633,00;333
2003;5;VSP;SBGR;SBSV;751,00;17
2003;5;VSP;SBBH;SBSP;296,00;17
2003;5;VSP;SBSP;SBBR;405,00;389
2003;5;VSP;SBCF;SBBR;260,00;785
2003;5;VSP;SBSV;SBRF;144,00;1568
2003;5;VSP;SBKP;SBBR;250,00;12
2003;5;VSP;SBBR;SBSP;405,00;388
2003;5;VSP;SBPA;SBGR;266,00;1208
2003;5;VSP;SBGL;SBSV;308,00;2447
2003;5;VSP;SBBR;SBGL;299,00;81
2003;5;VSP;SBGR;SBBR;446,00;103
2003;5;VSP;SBFL;SBBR;404,00;15
2003;5;VSP;SBSP;SBGO;789,00;15
2003;5;VSP;SBGR;SBEG;1007,00;7
2003;5;VSP;SBGR;SBSV;867,00;4
2003;5;VSP;SBFZ;SBBR;1021,00;25
2003;5;VSP;SBRF;SBFZ;169,00;1274
2003;5;VSP;SBBH;SBSP;592,00;112
2003;5;VSP;SBBE;SBBR;415,00;41
2003;5;VSP;SBSP;SBBR;369,00;90
2003;5;VSP;SBGR;SBEG;599,00;8
2003;5;VSP;SBMQ;SBBE;272,00;26
2003;5;VSP;SBSP;SBBR;214,00;1313
2003;5;VSP;SBPA;SBCT;144,00;67
2003;5;VSP;SBBR;SBFL;912,00;5
2003;5;VSP;SBCT;SBBR;499,00;37
2003;5;VSP;SBBR;SBGO;248,00;2
2003;5;VSP;SBFL;SBGR;338,00;58
2003;5;VSP;SBGR;SBCF;385,00;9
2003;5;VSP;SBSP;SBBH;237,00;69
2003;5;VSP;SBPA;SBGL;329,00;11
2003;5;VSP;SBBE;SBBR;574,00;81
2003;5;VSP;SBBR;SBFZ;661,00;20
2003;5;VSP;SBBR;SBFZ;569,00;408
2003;5;VSP;SBGL;SBBR;299,00;183
2003;5;VSP;SBSP;SBBH;186,00;1971
2003;5;VSP;SBGL;SBBR;496,00;186
2003;5;VSP;SBCF;SBGR;237,00;27
2003;5;VSP;SBBR;SBGL;359,00;23
2003;5;VSP;SBGR;SBSV;578,00;214
2003;5;VSP;SBPA;SBGL;644,00;1
2003;5;VSP;SBBR;SBBH;424,00;7
2003;5;VSP;SBSP;SBBH;296,00;13
2003;5;VSP;SBCF;SBGR;355,00;26
2003;5;VSP;SBPA;SBGR;493,00;40
2003;5;VSP;SBGO;SBBR;139,00;1845
2003;5;VSP;SBBR;SBBH;392,00;82
2003;5;VSP;SBSP;SBGO;395,00;8
2003;5;VSP;SBMQ;SBBE;131,00;51
2003;5;VSP;SBGR;SBPA;299,00;144
2003;5;VSP;SBBR;SBSV;497,00;116
2003;5;VSP;SBGL;SBCT;428,00;73
2003;5;VSP;SBKP;SBBR;828,00;3
2003;5;VSP;SBSV;SBBR;497,00;126
2003;5;VSP;SBBR;SBPA;1229,00;3
2003;5;VSP;SBBR;SBKP;250,00;14
2003;5;VSP;SBBR;SBPA;737,00;10
2003;5;VSP;SBGL;SBRF;823,00;6
2003;5;VSP;SBRF;SBGL;823,00;2
2003;5;VSP;SBCT;SBGL;393,00;15
2003;5;VSP;SBEG;SBGR;1678,00;28
2003;5;VSP;SBGL;SBBR;538,00;11
2003;5;VSP;SBSV;SBGR;867,00;24
2003;5;VSP;SBBR;SBPA;569,00;9
2003;5;VSP;SBSV;SBGL;308,00;2061
2003;5;VSP;SBCT;SBBR;997,00;25
2003;5;VSP;SBGR;SBGL;414,00;9
2003;5;VSP;SBSV;SBBR;409,00;91
2003;5;VSP;SBEG;SBGR;1007,00;9
2003;5;VSP;SBGL;SBRF;760,00;134
