ANO;MES;EMPRESA;ORIGEM;DESTINO;TARIFA;ASSENTOS
2003;10;GLO;SBRJ;SBFL;194,26;378
2003;10;GLO;SBCT;SBRJ;248,67;3
2003;10;GLO;SBSP;SBCT;262,66;679
2003;10;GLO;SBCT;SBKP;321,00;1
2003;10;GLO;SBVT;SBRJ;188,40;103
2003;10;GLO;SBBH;SBKP;271,00;6
2003;10;GLO;SBSP;SBCT;248,29;3595
2003;10;GLO;SBPA;SBSP;621,00;1
2003;10;GLO;SBSP;SBRJ;164,13;17
2003;10;GLO;SBVT;SBSP;154,33;130
2003;10;GLO;SBGL;SBPA;359,67;157
2003;10;GLO;SBVT;SBRJ;100,00;10
2003;10;GLO;SBKP;SBPA;234,00;2
2003;10;GLO;SBBH;SBKP;58,00;2
2003;10;GLO;SBRJ;SBBH;150,81;4108
2003;10;GLO;SBCT;SBKP;151,00;2
2003;10;GLO;SBFZ;SBBR;527,95;36
2003;10;GLO;SBKP;SBRJ;370,00;22
2003;10;GLO;SBRJ;SBCT;454,00;1
2003;10;GLO;SBBH;SBKP;386,00;2
2003;10;GLO;SBGO;SBBR;157,77;82
2003;10;GLO;SBRJ;SBPA;208,20;31
2003;10;GLO;SBRJ;SBPA;271,44;25
2003;10;GLO;SBSP;SBVT;177,65;1385
2003;10;GLO;SBBH;SBRJ;210,80;283
2003;10;GLO;SBSP;SBFL;216,89;3887
2003;10;GLO;SBBH;SBRJ;150,58;3471
2003;10;GLO;SBSP;SBFL;260,62;276
2003;10;GLO;SBSP;SBCT;280,85;391
2003;10;GLO;SBRJ;SBPA;306,00;18
2003;10;GLO;SBFL;SBBR;195,50;2
2003;10;GLO;SBFL;SBGL;150,00;2
2003;10;GLO;SBGL;SBSV;412,68;454
2003;10;GLO;SBSV;SBRF;146,60;5
2003;10;GLO;SBGL;SBBR;349,47;15
2003;10;GLO;SBRJ;SBKP;313,00;3
2003;10;GLO;SBGL;SBRF;250,00;8
2003;10;GLO;SBBR;SBSP;349,00;21
2003;10;GLO;SBFL;SBPA;678,00;30
2003;10;GLO;SBSP;SBPA;368,00;110
2003;10;GLO;SBRF;SBFZ;171,94;135
2003;10;GLO;SBPA;SBRJ;219,52;300
2003;10;GLO;SBGL;SBCT;318,43;89
2003;10;GLO;SBBR;SBBH;298,00;60
2003;10;GLO;SBRJ;SBVT;100,00;10
2003;10;GLO;SBPA;SBGL;335,49;1117
2003;10;GLO;SBMQ;SBBE;171,75;31
2003;10;GLO;SBBH;SBRJ;127,19;108
2003;10;GLO;SBBR;SBGL;312,57;534
2003;10;GLO;SBGL;SBSV;260,17;105
2003;10;GLO;SBMQ;SBBE;124,41;114
2003;10;GLO;SBBR;SBCT;331,80;5
2003;10;GLO;SBCT;SBKP;234,88;59
2003;10;GLO;SBPA;SBSP;401,00;54
2003;10;GLO;SBCT;SBSP;380,00;1
2003;10;GLO;SBFL;SBSP;183,00;3
2003;10;GLO;SBNF;SBSP;317,00;1
2003;10;GLO;SBGL;SBSP;144,72;2192
2003;10;GLO;SBRJ;SBSP;324,00;2
2003;10;GLO;SBKP;SBPA;201,14;152
2003;10;GLO;SBVT;SBSP;220,24;176
2003;10;GLO;SBGL;SBFL;214,27;255
2003;10;GLO;SBSP;SBFL;242,33;660
2003;10;GLO;SBCT;SBBH;183,00;110
2003;10;GLO;SBFZ;SBRF;178,52;2778
2003;10;GLO;SBCT;SBPA;288,00;1
2003;10;GLO;SBSP;SBBH;345,00;1
2003;10;GLO;SBRF;SBGL;675,00;15
2003;10;GLO;SBSP;SBBR;391,00;5
2003;10;GLO;SBFZ;SBBR;635,61;145
2003;10;GLO;SBGO;SBSP;417,00;46
2003;10;GLO;SBPA;SBFL;159,12;135
2003;10;GLO;SBFL;SBSP;294,91;267
2003;10;GLO;SBCT;SBGL;236,20;905
2003;10;GLO;SBRJ;SBBR;451,28;150
2003;10;GLO;SBBR;SBRJ;75,00;2
2003;10;GLO;SBVT;SBSP;166,50;126
2003;10;GLO;SBPA;SBSP;162,64;14
2003;10;GLO;SBKP;SBBH;125,44;1150
2003;10;GLO;SBSP;SBPS;292,50;6
2003;10;GLO;SBPS;SBSP;119,23;43
2003;10;GLO;SBFZ;SBRF;150,00;4
2003;10;GLO;SBRJ;SBBH;167,90;3327
2003;10;GLO;SBVT;SBRJ;145,00;3
2003;10;GLO;SBBR;SBSV;400,56;34
2003;10;GLO;SBPA;SBGL;346,85;134
2003;10;GLO;SBPA;SBBR;365,29;17
2003;10;GLO;SBPA;SBSP;338,00;478
2003;10;GLO;SBBE;SBBR;568,00;2
2003;10;GLO;SBRJ;SBFL;160,72;1666
2003;10;GLO;SBBR;SBSP;479,73;59
2003;10;GLO;SBPS;SBSP;159,69;115
2003;10;GLO;SBSV;SBRF;243,27;9
2003;10;GLO;SBGL;SBCT;500,00;7
2003;10;GLO;SBSP;SBGL;160,96;1792
2003;10;GLO;SBBR;SBFL;425,53;3
2003;10;GLO;SBCT;SBGL;322,67;38
2003;10;GLO;SBRJ;SBVT;203,89;28
2003;10;GLO;SBSP;SBBH;314,00;14
2003;10;GLO;SBBR;SBFL;207,79;89
2003;10;GLO;SBSP;SBBR;378,00;10
2003;10;GLO;SBGL;SBSV;379,50;4
2003;10;GLO;SBRJ;SBCT;253,84;207
2003;10;GLO;SBBR;SBFL;200,61;1029
2003;10;GLO;SBFL;SBSP;100,00;19
2003;10;GLO;SBKP;SBPA;211,28;18
2003;10;GLO;SBFZ;SBBR;619,85;1013
2003;10;GLO;SBPA;SBFL;241,61;14
2003;10;GLO;SBSP;SBRJ;286,00;15
2003;10;GLO;SBBH;SBSP;347,56;18
2003;10;GLO;SBSP;SBFL;181,57;30
2003;10;GLO;SBBH;SBRJ;186,67;844
2003;10;GLO;SBBH;SBSP;345,00;1
2003;10;GLO;SBGL;SBSV;450,41;296
2003;10;GLO;SBBH;SBBR;292,58;44
2003;10;GLO;SBSP;SBVT;392,00;2
2003;10;GLO;SBSP;SBVT;155,11;3532
2003;10;GLO;SBSP;SBBH;253,00;13
2003;10;GLO;SBGL;SBSV;555,00;1
2003;10;GLO;SBKP;SBCT;174,59;17
2003;10;GLO;SBMQ;SBBE;274,00;2
2003;10;GLO;SBVT;SBRJ;305,00;1
2003;10;GLO;SBBR;SBBH;210,00;23
2003;10;GLO;SBRJ;SBKP;164,00;12
2003;10;GLO;SBPA;SBGL;624,00;1
2003;10;GLO;SBVT;SBRJ;125,90;42
2003;10;GLO;SBRJ;SBBR;343,89;4124
2003;10;GLO;SBVT;SBSP;392,00;5
2003;10;GLO;SBNF;SBSP;173,96;26
2003;10;GLO;SBCT;SBPA;387,00;2
2003;10;GLO;SBCT;SBBR;250,00;32
2003;10;GLO;SBRJ;SBSP;156,00;1
2003;10;GLO;SBBR;SBBE;629,00;10
2003;10;GLO;SBCT;SBGL;176,11;9
2003;10;GLO;SBGL;SBSP;100,00;36
2003;10;GLO;SBBR;SBPA;670,29;42
2003;10;GLO;SBSP;SBBR;345,12;366
2003;10;GLO;SBBE;SBBR;309,33;6
2003;10;GLO;SBCT;SBPA;271,05;24
2003;10;GLO;SBKP;SBBH;112,00;1
2003;10;GLO;SBGO;SBSP;231,13;8
2003;10;GLO;SBPS;SBSP;439,00;2
2003;10;GLO;SBPA;SBBR;405,16;1052
2003;10;GLO;SBBR;SBRJ;260,16;43
2003;10;GLO;SBGL;SBSP;131,29;7
2003;10;GLO;SBCT;SBSP;248,32;2963
2003;10;GLO;SBGL;SBSV;303,27;179
2003;10;GLO;SBPA;SBSP;364,52;1551
2003;10;GLO;SBBR;SBCT;383,11;60
2003;10;GLO;SBBR;SBPA;458,63;712
2003;10;GLO;SBKP;SBBH;137,94;29
2003;10;GLO;SBSV;SBBR;226,06;299
2003;10;GLO;SBSP;SBGL;236,55;24
2003;10;GLO;SBRF;SBSV;267,00;1
2003;10;GLO;SBSP;SBPA;313,19;6146
2003;10;GLO;SBBR;SBFZ;628,38;1244
2003;10;GLO;SBRJ;SBSP;231,75;4
2003;10;GLO;SBSP;SBGL;144,28;2277
2003;10;GLO;SBBR;SBSP;344,22;345
2003;10;GLO;SBFL;SBGL;354,51;60
2003;10;GLO;SBGL;SBPA;376,19;85
2003;10;GLO;SBVT;SBSP;239,74;47
2003;10;GLO;SBFL;SBGL;199,20;10
2003;10;GLO;SBRJ;SBSP;198,00;14
2003;10;GLO;SBBR;SBRJ;375,38;453
2003;10;GLO;SBFL;SBSP;324,72;73
2003;10;GLO;SBSP;SBPA;253,00;1
2003;10;GLO;SBSP;SBPA;249,30;306
2003;10;GLO;SBPA;SBRJ;214,36;1218
2003;10;GLO;SBGO;SBSP;388,00;104
2003;10;GLO;SBBH;SBSP;764,00;10
2003;10;GLO;SBBH;SBKP;232,00;2
2003;10;GLO;SBBE;SBMQ;240,00;2
2003;10;GLO;SBPA;SBBR;252,68;358
2003;10;GLO;SBBR;SBFZ;297,70;857
2003;10;GLO;SBVT;SBRJ;167,56;1945
2003;10;GLO;SBCT;SBKP;271,58;25
2003;10;GLO;SBKP;SBBR;424,33;6
2003;10;GLO;SBBR;SBBH;270,99;2097
2003;10;GLO;SBBR;SBSV;451,00;1
2003;10;GLO;SBCT;SBRJ;167,33;1899
2003;10;GLO;SBRJ;SBBR;412,58;184
2003;10;GLO;SBBR;SBFL;498,33;6
2003;10;GLO;SBCT;SBSP;211,24;1230
2003;10;GLO;SBKP;SBBR;195,69;1179
2003;10;GLO;SBBR;SBFZ;637,40;202
2003;10;GLO;SBPS;SBSP;210,55;605
2003;10;GLO;SBBE;SBMQ;164,06;28
2003;10;GLO;SBKP;SBRJ;277,62;1131
2003;10;GLO;SBSV;SBBR;415,71;17
2003;10;GLO;SBBR;SBSP;405,16;310
2003;10;GLO;SBSP;SBNF;258,91;95
2003;10;GLO;SBSP;SBBR;449,20;100
2003;10;GLO;SBSP;SBBR;150,00;3
2003;10;GLO;SBFL;SBRJ;265,00;2
2003;10;GLO;SBBR;SBPA;423,82;1053
2003;10;GLO;SBGL;SBRF;574,42;218
2003;10;GLO;SBRJ;SBFL;206,98;42
2003;10;GLO;SBBH;SBBR;266,00;60
2003;10;GLO;SBBR;SBKP;150,50;18
2003;10;GLO;SBBR;SBKP;193,89;1005
2003;10;GLO;SBRJ;SBBH;265,00;27
2003;10;GLO;SBPS;SBSP;142,70;2221
2003;10;GLO;SBSV;SBGL;711,20;10
2003;10;GLO;SBKP;SBBR;234,71;272
2003;10;GLO;SBPA;SBBR;324,36;88
2003;10;GLO;SBFL;SBRJ;245,50;12
2003;10;GLO;SBBR;SBCT;311,71;1449
2003;10;GLO;SBNF;SBSP;190,09;1696
2003;10;GLO;SBBR;SBRJ;498,00;2
2003;10;GLO;SBKP;SBRJ;292,00;326
2003;10;GLO;SBBE;SBBR;346,00;4
2003;10;GLO;SBVT;SBSP;240,57;7
2003;10;GLO;SBSP;SBBH;417,00;5
2003;10;GLO;SBSV;SBGL;250,00;8
2003;10;GLO;SBRJ;SBPA;232,47;87
2003;10;GLO;SBPA;SBSP;335,59;6010
2003;10;GLO;SBPA;SBGL;179,19;197
2003;10;GLO;SBRF;SBSV;316,74;15
2003;10;GLO;SBSP;SBBR;327,33;66
2003;10;GLO;SBBR;SBGL;350,75;24
2003;10;GLO;SBRF;SBSV;240,30;151
2003;10;GLO;SBSP;SBFL;408,00;2
2003;10;GLO;SBSV;SBRF;204,89;2509
2003;10;GLO;SBPA;SBKP;256,60;107
2003;10;GLO;SBBR;SBFZ;533,64;39
2003;10;GLO;SBBE;SBMQ;136,99;2528
2003;10;GLO;SBBR;SBSV;217,82;333
2003;10;GLO;SBCT;SBBR;246,89;141
2003;10;GLO;SBBH;SBCT;179,22;36
2003;10;GLO;SBGL;SBSV;454,00;11
2003;10;GLO;SBBR;SBCT;434,78;23
2003;10;GLO;SBPA;SBSP;150,00;6
2003;10;GLO;SBBR;SBFL;195,50;2
2003;10;GLO;SBFL;SBRJ;150,08;36
2003;10;GLO;SBFL;SBGL;458,27;6
2003;10;GLO;SBPA;SBBR;189,00;2
2003;10;GLO;SBSP;SBPA;481,06;199
2003;10;GLO;SBSP;SBPS;123,33;15
2003;10;GLO;SBBH;SBSP;417,00;13
2003;10;GLO;SBBR;SBRJ;336,36;4331
2003;10;GLO;SBVT;SBRJ;163,00;21
2003;10;GLO;SBSP;SBRJ;324,00;5
2003;10;GLO;SBPA;SBGL;453,91;23
2003;10;GLO;SBRF;SBSV;211,31;2959
2003;10;GLO;SBPA;SBRJ;237,28;104
2003;10;GLO;SBBR;SBCT;304,93;14
2003;10;GLO;SBBH;SBRJ;100,00;6
2003;10;GLO;SBBH;SBSP;229,45;168
2003;10;GLO;SBFL;SBPA;236,21;12
2003;10;GLO;SBVT;SBRJ;215,00;1
2003;10;GLO;SBSP;SBPS;187,27;73
2003;10;GLO;SBCT;SBSP;358,00;4
2003;10;GLO;SBBR;SBRJ;264,31;240
2003;10;GLO;SBFL;SBBR;194,90;981
2003;10;GLO;SBBR;SBSV;399,36;1782
2003;10;GLO;SBGL;SBBR;281,00;1
2003;10;GLO;SBBR;SBGO;149,09;26
2003;10;GLO;SBSP;SBRJ;293,00;16
2003;10;GLO;SBGL;SBCT;259,02;812
2003;10;GLO;SBBH;SBKP;168,24;34
2003;10;GLO;SBVT;SBRJ;184,00;1
2003;10;GLO;SBBE;SBMQ;246,19;104
2003;10;GLO;SBCT;SBBR;277,47;1119
2003;10;GLO;SBKP;SBRJ;164,00;9
2003;10;GLO;SBBR;SBBE;464,00;16
2003;10;GLO;SBSP;SBCT;298,10;167
2003;10;GLO;SBGL;SBBR;140,33;3
2003;10;GLO;SBKP;SBBR;127,25;242
2003;10;GLO;SBGL;SBFL;256,25;241
2003;10;GLO;SBPA;SBCT;153,00;76
2003;10;GLO;SBBR;SBBH;241,70;2607
2003;10;GLO;SBBR;SBFL;235,80;749
2003;10;GLO;SBSP;SBBH;210,64;2544
2003;10;GLO;SBKP;SBBH;134,81;469
2003;10;GLO;SBPA;SBBR;542,00;39
2003;10;GLO;SBSP;SBGO;366,97;46
2003;10;GLO;SBBH;SBRJ;183,00;14
2003;10;GLO;SBKP;SBRJ;392,00;19
2003;10;GLO;SBSV;SBBR;414,88;1638
2003;10;GLO;SBBR;SBBH;356,00;2
2003;10;GLO;SBBH;SBKP;60,00;5
2003;10;GLO;SBGL;SBSP;249,00;12
2003;10;GLO;SBVT;SBSP;208,32;1293
2003;10;GLO;SBFL;SBBR;270,00;8
2003;10;GLO;SBSP;SBPS;231,83;238
2003;10;GLO;SBSP;SBBR;341,01;3420
2003;10;GLO;SBSP;SBGO;417,00;64
2003;10;GLO;SBGL;SBSP;173,00;12
2003;10;GLO;SBGL;SBRF;553,48;1284
2003;10;GLO;SBBR;SBCT;182,00;12
2003;10;GLO;SBRJ;SBSP;293,00;15
2003;10;GLO;SBBR;SBRJ;403,56;198
2003;10;GLO;SBCT;SBPA;199,69;494
2003;10;GLO;SBPA;SBRJ;277,92;39
2003;10;GLO;SBGL;SBRF;596,84;19
2003;10;GLO;SBCT;SBSP;263,18;997
2003;10;GLO;SBSP;SBNF;206,00;53
2003;10;GLO;SBSP;SBPA;287,88;2869
2003;10;GLO;SBSV;SBGL;375,73;4503
2003;10;GLO;SBGL;SBSV;667,00;2
2003;10;GLO;SBBH;SBCT;124,00;78
2003;10;GLO;SBSP;SBBH;258,24;1132
2003;10;GLO;SBPA;SBCT;249,00;3
2003;10;GLO;SBSP;SBBR;403,78;246
2003;10;GLO;SBBR;SBBE;410,53;383
2003;10;GLO;SBRJ;SBVT;169,03;2094
2003;10;GLO;SBSP;SBPA;353,96;483
2003;10;GLO;SBCT;SBGL;269,72;28
2003;10;GLO;SBPA;SBCT;134,00;1
2003;10;GLO;SBFL;SBPA;104,97;1372
2003;10;GLO;SBBR;SBSP;340,03;3272
2003;10;GLO;SBCT;SBSP;323,00;1
2003;10;GLO;SBFL;SBRJ;178,79;1244
2003;10;GLO;SBBR;SBPA;868,00;1
2003;10;GLO;SBBR;SBSV;531,00;4
2003;10;GLO;SBSV;SBBR;451,12;53
2003;10;GLO;SBBH;SBRJ;330,00;10
2003;10;GLO;SBRJ;SBSP;162,00;7
2003;10;GLO;SBBR;SBFZ;640,45;49
2003;10;GLO;SBBR;SBPA;745,00;1
2003;10;GLO;SBKP;SBBH;162,50;30
2003;10;GLO;SBNF;SBSP;250,55;110
2003;10;GLO;SBCT;SBBH;206,50;2
2003;10;GLO;SBCT;SBGL;339,00;3
2003;10;GLO;SBRJ;SBSP;286,00;6
2003;10;GLO;SBCT;SBSP;238,77;69
2003;10;GLO;SBRJ;SBVT;143,00;3
2003;10;GLO;SBNF;SBSP;206,00;38
2003;10;GLO;SBGL;SBPA;478,50;12
2003;10;GLO;SBBR;SBSP;307,48;1801
2003;10;GLO;SBBR;SBKP;162,00;2
2003;10;GLO;SBCT;SBBH;180,36;32
2003;10;GLO;SBGL;SBSP;135,20;5
2003;10;GLO;SBBR;SBKP;130,91;241
2003;10;GLO;SBGO;SBSP;353,00;23
2003;10;GLO;SBPA;SBCT;214,28;119
2003;10;GLO;SBKP;SBRJ;248,25;1136
2003;10;GLO;SBGL;SBFL;326,35;15
2003;10;GLO;SBGL;SBPA;324,41;116
2003;10;GLO;SBFL;SBSP;262,71;154
2003;10;GLO;SBFL;SBRJ;206,78;40
2003;10;GLO;SBKP;SBRJ;299,50;2
2003;10;GLO;SBRJ;SBFL;75,00;12
2003;10;GLO;SBNF;SBSP;387,00;1
2003;10;GLO;SBRJ;SBPA;234,41;195
2003;10;GLO;SBSP;SBRJ;160,26;1195
2003;10;GLO;SBGL;SBSV;485,97;154
2003;10;GLO;SBGL;SBCT;131,80;10
2003;10;GLO;SBSP;SBFL;211,44;451
2003;10;GLO;SBFL;SBPA;124,72;29
2003;10;GLO;SBRJ;SBFL;125,47;190
2003;10;GLO;SBMQ;SBBE;106,61;2480
2003;10;GLO;SBSV;SBGL;281,78;201
2003;10;GLO;SBGL;SBFL;100,00;3
2003;10;GLO;SBRF;SBFZ;242,00;1
2003;10;GLO;SBRF;SBFZ;425,21;52
2003;10;GLO;SBBH;SBSP;402,00;1
2003;10;GLO;SBGL;SBFL;233,45;6
2003;10;GLO;SBCT;SBPA;214,09;95
2003;10;GLO;SBMQ;SBBE;193,54;86
2003;10;GLO;SBBE;SBBR;513,00;3
2003;10;GLO;SBRJ;SBCT;191,71;132
2003;10;GLO;SBCT;SBSP;147,57;7
2003;10;GLO;SBSV;SBRF;231,54;136
2003;10;GLO;SBSP;SBNF;100,00;6
2003;10;GLO;SBRJ;SBFL;143,88;70
2003;10;GLO;SBPA;SBSP;432,68;412
2003;10;GLO;SBBH;SBRJ;265,00;4
2003;10;GLO;SBSP;SBGL;100,00;52
2003;10;GLO;SBCT;SBSP;313,29;27
2003;10;GLO;SBRJ;SBKP;370,00;3
2003;10;GLO;SBSP;SBGO;353,00;13
2003;10;GLO;SBSP;SBNF;234,40;157
2003;10;GLO;SBCT;SBRJ;221,07;211
2003;10;GLO;SBPA;SBSP;525,00;5
2003;10;GLO;SBPA;SBSP;483,00;3
2003;10;GLO;SBBH;SBCT;114,02;1338
2003;10;GLO;SBBR;SBFL;260,09;215
2003;10;GLO;SBGL;SBRF;312,23;385
2003;10;GLO;SBCT;SBGL;150,00;2
2003;10;GLO;SBBR;SBFZ;371,53;409
2003;10;GLO;SBGL;SBSP;195,28;350
2003;10;GLO;SBBR;SBSP;261,29;59
2003;10;GLO;SBSP;SBPS;200,27;78
2003;10;GLO;SBFL;SBSP;193,47;2911
2003;10;GLO;SBCT;SBRJ;205,28;53
2003;10;GLO;SBFL;SBBR;244,00;96
2003;10;GLO;SBRJ;SBBR;298,98;4172
2003;10;GLO;SBSP;SBBR;484,25;52
2003;10;GLO;SBFL;SBGL;294,94;212
2003;10;GLO;SBSP;SBFL;100,00;23
2003;10;GLO;SBSP;SBNF;188,63;1573
2003;10;GLO;SBCT;SBBR;182,00;12
2003;10;GLO;SBBR;SBGO;130,01;158
2003;10;GLO;SBPA;SBSP;394,32;449
2003;10;GLO;SBPA;SBSP;293,12;2606
2003;10;GLO;SBFZ;SBRF;134,86;114
2003;10;GLO;SBSP;SBPS;158,44;188
2003;10;GLO;SBSP;SBPA;116,67;9
2003;10;GLO;SBCT;SBPA;178,00;19
2003;10;GLO;SBCT;SBPA;171,80;3407
2003;10;GLO;SBRF;SBFZ;346,86;42
2003;10;GLO;SBSP;SBRJ;247,43;9882
2003;10;GLO;SBPA;SBFL;100,00;3
2003;10;GLO;SBKP;SBRJ;313,00;16
2003;10;GLO;SBSP;SBFL;236,00;16
2003;10;GLO;SBSV;SBGL;376,00;87
2003;10;GLO;SBGL;SBFL;245,50;2
2003;10;GLO;SBBR;SBSP;438,11;63
2003;10;GLO;SBBH;SBCT;171,55;22
2003;10;GLO;SBFL;SBSP;210,14;319
2003;10;GLO;SBGL;SBCT;298,40;5
2003;10;GLO;SBFL;SBBR;331,00;10
2003;10;GLO;SBSP;SBFL;183,00;3
2003;10;GLO;SBRJ;SBBR;368,06;353
2003;10;GLO;SBSP;SBGL;176,40;400
2003;10;GLO;SBBR;SBGL;458,00;2
2003;10;GLO;SBKP;SBCT;231,14;116
2003;10;GLO;SBPS;SBSP;217,64;79
2003;10;GLO;SBBR;SBFZ;1011,00;36
2003;10;GLO;SBPA;SBRJ;249,40;70
2003;10;GLO;SBSP;SBGO;356,33;1230
2003;10;GLO;SBRF;SBGL;316,66;358
2003;10;GLO;SBKP;SBBH;226,50;2
2003;10;GLO;SBRF;SBSV;343,00;2
2003;10;GLO;SBSP;SBBH;235,27;3952
2003;10;GLO;SBBR;SBBH;266,00;56
2003;10;GLO;SBRF;SBGL;612,03;173
2003;10;GLO;SBBH;SBRJ;142,89;47
2003;10;GLO;SBFZ;SBRF;138,00;4
2003;10;GLO;SBCT;SBBR;388,64;40
2003;10;GLO;SBCT;SBBR;312,07;14
2003;10;GLO;SBPA;SBSP;250,44;310
2003;10;GLO;SBBR;SBGL;403,58;29
2003;10;GLO;SBBR;SBSV;251,69;236
2003;10;GLO;SBSP;SBNF;210,12;1213
2003;10;GLO;SBFZ;SBRF;174,00;132
2003;10;GLO;SBSV;SBBR;466,32;85
2003;10;GLO;SBVT;SBSP;75,00;2
2003;10;GLO;SBFL;SBRJ;227,50;14
2003;10;GLO;SBRJ;SBVT;163,00;17
2003;10;GLO;SBGL;SBBR;313,88;648
2003;10;GLO;SBRF;SBSV;200,00;17
2003;10;GLO;SBCT;SBSP;100,00;7
2003;10;GLO;SBGL;SBRF;362,94;84
2003;10;GLO;SBFZ;SBBR;375,66;390
2003;10;GLO;SBSV;SBGL;414,48;396
2003;10;GLO;SBGL;SBSP;156,00;85
2003;10;GLO;SBGL;SBCT;311,77;47
2003;10;GLO;SBGO;SBSP;356,51;1256
2003;10;GLO;SBPA;SBCT;309,60;2
2003;10;GLO;SBBH;SBKP;165,00;82
2003;10;GLO;SBRJ;SBPA;230,18;111
2003;10;GLO;SBSP;SBGL;219,00;40
2003;10;GLO;SBCT;SBKP;252,98;83
2003;10;GLO;SBBH;SBRJ;167,98;3579
2003;10;GLO;SBRJ;SBBH;209,47;368
2003;10;GLO;SBSP;SBFL;312,60;81
2003;10;GLO;SBPA;SBBR;379,07;719
2003;10;GLO;SBKP;SBCT;214,58;603
2003;10;GLO;SBBH;SBKP;137,62;606
2003;10;GLO;SBRJ;SBBH;296,00;1
2003;10;GLO;SBSP;SBRJ;219,00;1
2003;10;GLO;SBSP;SBRJ;241,37;104
2003;10;GLO;SBPA;SBCT;338,43;33
2003;10;GLO;SBCT;SBRJ;178,60;274
2003;10;GLO;SBSP;SBGL;196,29;60
2003;10;GLO;SBCT;SBPA;690,00;1
2003;10;GLO;SBKP;SBPA;186,97;215
2003;10;GLO;SBCT;SBRJ;169,34;156
2003;10;GLO;SBRJ;SBKP;293,95;405
2003;10;GLO;SBGO;SBBR;132,82;8
2003;10;GLO;SBSV;SBRF;152,77;60
2003;10;GLO;SBRJ;SBFL;177,50;76
2003;10;GLO;SBRJ;SBBH;100,00;6
2003;10;GLO;SBRJ;SBCT;183,02;1536
2003;10;GLO;SBKP;SBPA;214,35;976
2003;10;GLO;SBBR;SBCT;335,85;942
2003;10;GLO;SBGL;SBPA;306,00;1
2003;10;GLO;SBBR;SBSP;199,00;1
2003;10;GLO;SBRJ;SBPA;212,32;1072
2003;10;GLO;SBGL;SBFL;227,50;2
2003;10;GLO;SBCT;SBPA;200,00;4
2003;10;GLO;SBBR;SBSV;407,46;111
2003;10;GLO;SBCT;SBSP;280,48;400
2003;10;GLO;SBPA;SBKP;250,33;18
2003;10;GLO;SBPS;SBSP;270,55;131
2003;10;GLO;SBRF;SBFZ;317,89;14
2003;10;GLO;SBBR;SBBH;326,00;9
2003;10;GLO;SBCT;SBKP;237,92;562
2003;10;GLO;SBFL;SBPA;188,75;122
2003;10;GLO;SBCT;SBKP;266,00;52
2003;10;GLO;SBBR;SBGL;379,26;60
2003;10;GLO;SBGL;SBSV;250,00;6
2003;10;GLO;SBSV;SBRF;274,19;16
2003;10;GLO;SBNF;SBSP;287,00;12
2003;10;GLO;SBCT;SBKP;212,98;666
2003;10;GLO;SBGL;SBRF;726,00;11
2003;10;GLO;SBSP;SBBH;150,00;1
2003;10;GLO;SBFL;SBBR;299,00;8
2003;10;GLO;SBSP;SBGO;443,87;35
2003;10;GLO;SBGL;SBPA;414,48;67
2003;10;GLO;SBSP;SBVT;202,78;90
2003;10;GLO;SBBR;SBFL;257,54;13
2003;10;GLO;SBPA;SBKP;204,18;914
2003;10;GLO;SBSP;SBBH;193,86;14
2003;10;GLO;SBSP;SBPA;571,00;4
2003;10;GLO;SBSP;SBCT;358,00;1
2003;10;GLO;SBCT;SBGL;270,75;837
2003;10;GLO;SBKP;SBRJ;218,40;78
2003;10;GLO;SBSP;SBPS;203,93;51
2003;10;GLO;SBBH;SBCT;126,34;790
2003;10;GLO;SBPA;SBGL;250,00;2
2003;10;GLO;SBRJ;SBKP;225,27;230
2003;10;GLO;SBSP;SBRJ;174,90;4248
2003;10;GLO;SBPS;SBSP;157,75;75
2003;10;GLO;SBPA;SBKP;292,88;11
2003;10;GLO;SBVT;SBRJ;241,00;1
2003;10;GLO;SBBH;SBCT;262,50;2
2003;10;GLO;SBRF;SBGL;577,00;12
2003;10;GLO;SBBH;SBSP;238,71;3964
2003;10;GLO;SBRJ;SBBH;137,30;117
2003;10;GLO;SBSV;SBGL;455,85;215
2003;10;GLO;SBRJ;SBBR;255,94;51
2003;10;GLO;SBBH;SBRJ;237,00;29
2003;10;GLO;SBSP;SBPS;145,76;2025
2003;10;GLO;SBCT;SBBH;160,49;86
2003;10;GLO;SBKP;SBRJ;100,00;7
2003;10;GLO;SBBH;SBSP;150,00;3
2003;10;GLO;SBBH;SBCT;143,27;316
2003;10;GLO;SBPA;SBRJ;125,00;4
2003;10;GLO;SBRJ;SBBH;143,35;49
2003;10;GLO;SBBH;SBSP;209,99;1880
2003;10;GLO;SBPA;SBFL;137,31;593
2003;10;GLO;SBRJ;SBPA;228,79;1150
2003;10;GLO;SBRJ;SBFL;179,67;1304
2003;10;GLO;SBFL;SBPA;145,46;13
2003;10;GLO;SBFL;SBSP;215,58;3982
2003;10;GLO;SBPA;SBGL;398,35;70
2003;10;GLO;SBCT;SBSP;223,22;2817
2003;10;GLO;SBFL;SBSP;238,39;801
2003;10;GLO;SBRJ;SBBR;280,82;271
2003;10;GLO;SBSP;SBBH;229,40;153
2003;10;GLO;SBBH;SBBR;371,35;36
2003;10;GLO;SBBH;SBSP;242,63;49
2003;10;GLO;SBSV;SBGL;596,95;22
2003;10;GLO;SBGL;SBCT;265,04;180
2003;10;GLO;SBSP;SBGL;160,67;28
2003;10;GLO;SBSP;SBBH;402,00;1
2003;10;GLO;SBBR;SBBE;513,00;2
2003;10;GLO;SBBH;SBCT;162,00;34
2003;10;GLO;SBGL;SBSP;172,76;505
2003;10;GLO;SBBR;SBPA;573,02;92
2003;10;GLO;SBBR;SBSP;391,00;1
2003;10;GLO;SBBE;SBBR;399,28;408
2003;10;GLO;SBCT;SBBR;337,00;2
2003;10;GLO;SBSP;SBGO;383,92;195
2003;10;GLO;SBRF;SBGL;564,41;1209
2003;10;GLO;SBMQ;SBBE;145,49;17
2003;10;GLO;SBSP;SBGL;269,00;2
2003;10;GLO;SBSV;SBRF;302,00;2
2003;10;GLO;SBPA;SBRJ;187,14;1040
2003;10;GLO;SBBH;SBKP;122,64;910
2003;10;GLO;SBKP;SBCT;244,25;76
2003;10;GLO;SBCT;SBPA;153,00;65
2003;10;GLO;SBPS;SBSP;317,83;25
2003;10;GLO;SBPA;SBCT;158,92;3364
2003;10;GLO;SBVT;SBRJ;150,37;4269
2003;10;GLO;SBRF;SBSV;150,04;48
2003;10;GLO;SBNF;SBSP;210,04;12
2003;10;GLO;SBKP;SBPA;212,50;12
2003;10;GLO;SBFL;SBRJ;75,00;4
2003;10;GLO;SBPA;SBRJ;140,06;14
2003;10;GLO;SBSV;SBBR;267,18;246
2003;10;GLO;SBRF;SBFZ;185,47;174
2003;10;GLO;SBKP;SBPA;188,20;158
2003;10;GLO;SBKP;SBBR;355,12;3
2003;10;GLO;SBBR;SBPA;261,19;286
2003;10;GLO;SBGL;SBFL;332,05;65
2003;10;GLO;SBFL;SBSP;362,25;80
2003;10;GLO;SBFL;SBPA;302,00;4
2003;10;GLO;SBRJ;SBBR;590,00;1
2003;10;GLO;SBKP;SBBR;283,50;10
2003;10;GLO;SBFZ;SBBR;659,03;39
2003;10;GLO;SBSV;SBGL;506,00;1
2003;10;GLO;SBPA;SBKP;226,13;812
2003;10;GLO;SBSP;SBBR;349,00;9
2003;10;GLO;SBFL;SBBR;359,50;2
2003;10;GLO;SBSP;SBGL;197,03;245
2003;10;GLO;SBPA;SBFL;302,00;2
2003;10;GLO;SBBH;SBKP;131,72;71
2003;10;GLO;SBPA;SBFL;100,06;31
2003;10;GLO;SBFZ;SBRF;282,27;12
2003;10;GLO;SBFL;SBPA;130,12;2461
2003;10;GLO;SBRJ;SBVT;135,02;47
2003;10;GLO;SBFL;SBBR;173,96;1247
2003;10;GLO;SBSV;SBGL;284,52;118
2003;10;GLO;SBPA;SBGL;374,48;67
2003;10;GLO;SBSP;SBBH;379,00;5
2003;10;GLO;SBBH;SBSP;379,00;3
2003;10;GLO;SBCT;SBRJ;191,37;1382
2003;10;GLO;SBPA;SBCT;133,89;38
2003;10;GLO;SBCT;SBPA;143,32;3115
2003;10;GLO;SBSP;SBFL;453,00;8
2003;10;GLO;SBBR;SBPA;469,10;20
2003;10;GLO;SBSP;SBFL;288,49;201
2003;10;GLO;SBBE;SBMQ;194,46;75
2003;10;GLO;SBRJ;SBFL;213,50;26
2003;10;GLO;SBSP;SBVT;100,00;3
2003;10;GLO;SBRF;SBSV;302,00;5
2003;10;GLO;SBGL;SBSP;184,25;59
2003;10;GLO;SBRJ;SBBH;163,00;27
2003;10;GLO;SBSP;SBFL;316,97;106
2003;10;GLO;SBCT;SBBH;143,63;310
2003;10;GLO;SBSP;SBPA;401,00;26
2003;10;GLO;SBRF;SBGL;250,00;4
2003;10;GLO;SBKP;SBCT;286,60;556
2003;10;GLO;SBSP;SBFL;192,79;3035
2003;10;GLO;SBCT;SBBH;126,73;924
2003;10;GLO;SBPA;SBFL;117,13;2187
2003;10;GLO;SBPA;SBSP;368,00;12
2003;10;GLO;SBBR;SBGL;150,00;3
2003;10;GLO;SBPA;SBSP;358,55;485
2003;10;GLO;SBGO;SBBR;129,27;91
2003;10;GLO;SBBR;SBSP;372,89;823
2003;10;GLO;SBRJ;SBSP;160,18;2350
2003;10;GLO;SBPA;SBCT;142,51;3041
2003;10;GLO;SBSP;SBCT;100,00;14
2003;10;GLO;SBBH;SBBR;464,00;7
2003;10;GLO;SBSV;SBBR;451,00;1
2003;10;GLO;SBGL;SBPA;336,40;1168
2003;10;GLO;SBRJ;SBSP;267,60;8592
2003;10;GLO;SBBR;SBBE;568,00;2
2003;10;GLO;SBCT;SBBH;124,00;78
2003;10;GLO;SBBH;SBSP;282,60;183
2003;10;GLO;SBPS;SBSP;211,16;83
2003;10;GLO;SBSP;SBPS;187,08;643
2003;10;GLO;SBRJ;SBPA;246,28;191
2003;10;GLO;SBRF;SBSV;150,88;17
2003;10;GLO;SBSP;SBRJ;270,00;2
2003;10;GLO;SBFL;SBGL;238,58;13
2003;10;GLO;SBBR;SBRJ;349,00;3
2003;10;GLO;SBSP;SBGL;134,82;11
2003;10;GLO;SBRJ;SBKP;350,00;2
2003;10;GLO;SBFL;SBRJ;125,59;204
2003;10;GLO;SBBR;SBRJ;298,52;4216
2003;10;GLO;SBFL;SBSP;262,00;12
2003;10;GLO;SBCT;SBSP;297,95;322
2003;10;GLO;SBRF;SBGL;711,48;20
2003;10;GLO;SBSP;SBPS;99,13;130
2003;10;GLO;SBGL;SBSP;219,00;52
2003;10;GLO;SBSP;SBGL;132,00;4
2003;10;GLO;SBSP;SBPA;525,00;15
2003;10;GLO;SBBR;SBBH;150,00;1
2003;10;GLO;SBSP;SBRJ;191,32;4903
2003;10;GLO;SBPA;SBCT;184,30;527
2003;10;GLO;SBRJ;SBVT;151,88;4018
2003;10;GLO;SBCT;SBBR;244,26;102
2003;10;GLO;SBRJ;SBCT;150,00;2
2003;10;GLO;SBBH;SBSP;314,00;6
2003;10;GLO;SBRJ;SBSP;191,69;4895
2003;10;GLO;SBBR;SBFL;272,40;177
2003;10;GLO;SBVT;SBSP;180,65;3409
2003;10;GLO;SBKP;SBCT;273,96;48
2003;10;GLO;SBBR;SBKP;204,55;321
2003;10;GLO;SBFL;SBRJ;160,47;1546
2003;10;GLO;SBSP;SBCT;337,00;4
2003;10;GLO;SBBR;SBPA;464,38;71
2003;10;GLO;SBGL;SBRF;444,96;46
2003;10;GLO;SBGL;SBSP;161,16;1802
2003;10;GLO;SBSP;SBBH;284,47;1214
2003;10;GLO;SBPA;SBCT;178,00;1
2003;10;GLO;SBGL;SBSP;269,00;3
2003;10;GLO;SBPA;SBRJ;178,38;254
2003;10;GLO;SBBE;SBMQ;103,00;33
2003;10;GLO;SBBR;SBSV;439,83;144
2003;10;GLO;SBFL;SBPA;99,58;12
2003;10;GLO;SBBH;SBRJ;163,00;1
2003;10;GLO;SBCT;SBKP;238,08;10
2003;10;GLO;SBFL;SBBR;221,75;6
2003;10;GLO;SBPA;SBRJ;306,00;18
2003;10;GLO;SBSP;SBCT;210,62;1171
2003;10;GLO;SBNF;SBSP;229,54;92
2003;10;GLO;SBBR;SBBH;301,57;45
2003;10;GLO;SBKP;SBPA;219,14;926
2003;10;GLO;SBSP;SBCT;223,48;2936
2003;10;GLO;SBGO;SBSP;449,00;7
2003;10;GLO;SBCT;SBSP;337,00;2
2003;10;GLO;SBGO;SBSP;349,23;37
2003;10;GLO;SBKP;SBBH;271,00;4
2003;10;GLO;SBFL;SBBR;217,35;112
2003;10;GLO;SBCT;SBBR;274,75;1522
2003;10;GLO;SBRF;SBFZ;189,06;2993
2003;10;GLO;SBRJ;SBCT;373,00;1
2003;10;GLO;SBPA;SBGL;246,81;54
2003;10;GLO;SBBR;SBRJ;431,21;38
2003;10;GLO;SBGL;SBFL;115,00;4
2003;10;GLO;SBRJ;SBSP;247,59;8315
2003;10;GLO;SBRJ;SBCT;136,64;25
2003;10;GLO;SBSP;SBRJ;267,92;7568
2003;10;GLO;SBRJ;SBKP;100,00;6
2003;10;GLO;SBRJ;SBBR;150,00;7
2003;10;GLO;SBFZ;SBRF;196,14;13
2003;10;GLO;SBKP;SBCT;288,55;44
2003;10;GLO;SBRJ;SBPA;125,00;4
2003;10;GLO;SBRJ;SBCT;138,67;51
2003;10;GLO;SBSP;SBVT;115,07;147
2003;10;GLO;SBRJ;SBKP;277,34;1179
2003;10;GLO;SBSP;SBCT;235,52;65
2003;10;GLO;SBBR;SBBE;386,63;4
2003;10;GLO;SBSP;SBPA;406,89;481
2003;10;GLO;SBSP;SBVT;166,50;190
2003;10;GLO;SBGL;SBRF;577,00;12
2003;10;GLO;SBBR;SBGO;145,43;103
2003;10;GLO;SBRJ;SBCT;205,31;1409
2003;10;GLO;SBFL;SBRJ;194,57;336
2003;10;GLO;SBBH;SBKP;195,00;20
2003;10;GLO;SBSP;SBBR;296,80;2268
2003;10;GLO;SBSP;SBPA;339,47;1303
2003;10;GLO;SBBH;SBCT;107,63;8
2003;10;GLO;SBCT;SBBH;106,25;8
2003;10;GLO;SBPA;SBSP;571,00;2
2003;10;GLO;SBSP;SBPA;389,31;652
2003;10;GLO;SBPA;SBBR;333,63;12
2003;10;GLO;SBRJ;SBKP;248,53;1025
2003;10;GLO;SBPA;SBBR;317,19;43
2003;10;GLO;SBSP;SBNF;213,85;13
2003;10;GLO;SBGL;SBSV;378,26;4497
2003;10;GLO;SBBR;SBSP;150,00;2
2003;10;GLO;SBSP;SBBR;378,82;611
2003;10;GLO;SBBR;SBSP;571,00;2
2003;10;GLO;SBPA;SBFL;109,10;108
2003;10;GLO;SBBR;SBSV;433,02;66
2003;10;GLO;SBRJ;SBBH;330,00;9
2003;10;GLO;SBKP;SBBH;50,00;2
2003;10;GLO;SBBH;SBSP;284,89;723
2003;10;GLO;SBPA;SBKP;340,29;58
2003;10;GLO;SBFL;SBBR;164,67;120
2003;10;GLO;SBKP;SBBR;572,00;1
2003;10;GLO;SBRJ;SBKP;331,00;2
2003;10;GLO;SBSP;SBPS;175,05;8
2003;10;GLO;SBFL;SBRJ;177,50;68
2003;10;GLO;SBVT;SBSP;142,00;32
2003;10;GLO;SBFL;SBGL;343,31;213
2003;10;GLO;SBSP;SBGO;150,00;1
2003;10;GLO;SBSP;SBGL;155,47;117
2003;10;GLO;SBSP;SBBH;188,00;1
2003;10;GLO;SBNF;SBSP;100,00;3
2003;10;GLO;SBPA;SBFL;189,00;76
2003;10;GLO;SBRF;SBSV;442,00;1
2003;10;GLO;SBKP;SBRJ;230,50;253
2003;10;GLO;SBBR;SBCT;547,84;30
2003;10;GLO;SBGL;SBPA;223,29;140
2003;10;GLO;SBSP;SBVT;187,05;57
2003;10;GLO;SBCT;SBRJ;144,63;30
2003;10;GLO;SBSV;SBRF;200,00;11
2003;10;GLO;SBNF;SBSP;212,08;957
2003;10;GLO;SBCT;SBBH;113,77;1272
2003;10;GLO;SBRJ;SBBH;234,17;205
2003;10;GLO;SBSV;SBRF;442,00;2
2003;10;GLO;SBGL;SBPA;305,62;1068
2003;10;GLO;SBKP;SBPA;251,25;16
2003;10;GLO;SBBE;SBMQ;143,04;20
2003;10;GLO;SBKP;SBCT;25,29;21
2003;10;GLO;SBCT;SBRJ;150,00;2
2003;10;GLO;SBSV;SBRF;212,14;23
2003;10;GLO;SBCT;SBPA;194,81;54
2003;10;GLO;SBBH;SBBR;270,90;1987
2003;10;GLO;SBRJ;SBSP;255,06;69
2003;10;GLO;SBBE;SBMQ;274,00;6
2003;10;GLO;SBRJ;SBBR;329,60;5
2003;10;GLO;SBSP;SBPA;352,77;331
2003;10;GLO;SBBH;SBBR;242,30;2369
2003;10;GLO;SBRJ;SBVT;241,00;1
2003;10;GLO;SBBH;SBKP;156,57;14
2003;10;GLO;SBBR;SBPA;271,00;78
2003;10;GLO;SBSV;SBGL;555,00;1
2003;10;GLO;SBGL;SBBR;348,56;256
2003;10;GLO;SBBR;SBBE;344,80;5
2003;10;GLO;SBFL;SBSP;408,00;2
2003;10;GLO;SBSP;SBBH;281,47;213
2003;10;GLO;SBFL;SBSP;310,06;85
2003;10;GLO;SBPA;SBFL;104,37;1758
2003;10;GLO;SBFL;SBSP;181,69;36
2003;10;GLO;SBSP;SBCT;318,00;65
2003;10;GLO;SBFL;SBGL;362,92;10
2003;10;GLO;SBRF;SBGL;352,38;79
2003;10;GLO;SBKP;SBRJ;331,00;2
2003;10;GLO;SBRJ;SBSP;175,56;3210
2003;10;GLO;SBGL;SBCT;229,03;818
2003;10;GLO;SBRJ;SBBH;186,81;572
2003;10;GLO;SBSP;SBGO;254,25;8
2003;10;GLO;SBBH;SBBR;210,40;25
2003;10;GLO;SBPS;SBSP;257,94;53
2003;10;GLO;SBBR;SBGL;351,53;422
2003;10;GLO;SBFZ;SBBR;298,03;857
2003;10;GLO;SBRJ;SBBR;542,00;1
2003;10;GLO;SBFL;SBPA;159,31;289
2003;10;GLO;SBSP;SBNF;172,04;27
2003;10;GLO;SBBH;SBSP;258,57;1728
2003;10;GLO;SBGL;SBSV;608,00;11
2003;10;GLO;SBFL;SBPA;147,97;575
2003;10;GLO;SBBH;SBBR;326,00;43
2003;10;GLO;SBBR;SBCT;337,26;124
2003;10;GLO;SBSV;SBBR;410,77;101
2003;10;GLO;SBPA;SBGL;314,35;1214
2003;10;GLO;SBPA;SBKP;245,74;121
2003;10;GLO;SBRJ;SBCT;199,67;254
2003;10;GLO;SBSP;SBCT;153,40;5
2003;10;GLO;SBMQ;SBBE;103,00;14
2003;10;GLO;SBBR;SBKP;353,93;2
2003;10;GLO;SBCT;SBKP;208,15;90
2003;10;GLO;SBRF;SBGL;436,28;29
2003;10;GLO;SBBH;SBRJ;142,00;20
2003;10;PLY;SBMQ;SBBE;99,54;68
2003;10;PLY;SBBE;SBMQ;187,49;16
2003;10;PLY;SBMQ;SBBE;187,49;18
2003;10;PLY;SBBE;SBMQ;416,64;6
2003;10;TAM;SBPA;SBCT;478,00;1
2003;10;TAM;SBSP;SBBR;679,00;432
2003;10;TAM;SBRJ;SBBH;529,00;117
2003;10;TAM;SBSV;SBRF;1261,00;33
2003;10;TAM;SBGL;SBGR;313,00;4
2003;10;TAM;SBCT;SBPA;377,00;109
2003;10;TAM;SBBR;SBRJ;506,00;398
2003;10;TAM;SBBR;SBBH;724,00;28
2003;10;TAM;SBFZ;SBRF;239,00;260
2003;10;TAM;SBBH;SBBR;455,00;135
2003;10;TAM;SBGR;SBCF;365,00;37
2003;10;TAM;SBCT;SBFL;667,00;1
2003;10;TAM;SBGL;SBSV;821,00;66
2003;10;TAM;SBPA;SBFL;418,00;11
2003;10;TAM;SBBH;SBCT;679,00;33
2003;10;TAM;SBKP;SBPA;376,00;572
2003;10;TAM;SBRF;SBFZ;434,00;34
2003;10;TAM;SBBE;SBMQ;381,00;29
2003;10;TAM;SBCT;SBKP;469,00;25
2003;10;TAM;SBGL;SBPA;982,00;192
2003;10;TAM;SBBR;SBSP;679,00;209
2003;10;TAM;SBRJ;SBBR;709,00;210
2003;10;TAM;SBBE;SBMQ;159,00;1745
2003;10;TAM;SBGL;SBGR;350,00;6
2003;10;TAM;SBGR;SBGL;276,00;170
2003;10;TAM;SBSV;SBGL;743,00;124
2003;10;TAM;SBMQ;SBBE;418,00;4
2003;10;TAM;SBPA;SBSP;752,00;39
2003;10;TAM;SBSV;SBGR;875,00;31
2003;10;TAM;SBCT;SBBH;390,00;94
2003;10;TAM;SBFL;SBCT;751,00;1
2003;10;TAM;SBGR;SBBR;679,00;45
2003;10;TAM;SBBH;SBBR;306,00;1953
2003;10;TAM;SBGL;SBGR;423,00;6
2003;10;TAM;SBKP;SBGR;197,00;1
2003;10;TAM;SBRJ;SBBR;776,00;69
2003;10;TAM;SBFL;SBBR;652,00;51
2003;10;TAM;SBCT;SBKP;323,00;67
2003;10;TAM;SBFL;SBPA;494,00;46
2003;10;TAM;SBFZ;SBBR;1103,00;1
2003;10;TAM;SBFL;SBPA;209,00;13
2003;10;TAM;SBSP;SBFL;413,00;87
2003;10;TAM;SBGR;SBBR;743,00;9
2003;10;TAM;SBFL;SBGR;273,00;6
2003;10;TAM;SBSP;SBBH;560,00;104
2003;10;TAM;SBMQ;SBBE;345,00;19
2003;10;TAM;SBSP;SBFL;258,00;2442
2003;10;TAM;SBBR;SBBE;776,00;119
2003;10;TAM;SBGR;SBGL;313,00;55
2003;10;TAM;SBCT;SBGR;339,00;76
2003;10;TAM;SBKP;SBGR;151,00;63
2003;10;TAM;SBRJ;SBBH;378,00;286
2003;10;TAM;SBGL;SBCT;399,00;50
2003;10;TAM;SBGR;SBGL;243,00;231
2003;10;TAM;SBGL;SBCT;331,00;843
2003;10;TAM;SBMQ;SBBE;454,00;15
2003;10;TAM;SBSP;SBBH;318,00;8668
2003;10;TAM;SBFL;SBGR;258,00;186
2003;10;TAM;SBPA;SBCT;327,00;109
2003;10;TAM;SBRF;SBSV;276,00;10
2003;10;TAM;SBCT;SBGR;411,00;20
2003;10;TAM;SBRF;SBFZ;607,00;44
2003;10;TAM;SBGL;SBPA;469,00;1746
2003;10;TAM;SBVT;SBRJ;439,00;84
2003;10;TAM;SBRJ;SBVT;481,00;1
2003;10;TAM;SBGR;SBFL;316,00;14
2003;10;TAM;SBPS;SBSP;499,00;311
2003;10;TAM;SBBR;SBCT;919,00;8
2003;10;TAM;SBFL;SBSP;364,00;98
2003;10;TAM;SBBH;SBRJ;378,00;276
2003;10;TAM;SBCT;SBSP;372,00;216
2003;10;TAM;SBGR;SBPA;686,00;53
2003;10;TAM;SBSP;SBFL;461,00;52
2003;10;TAM;SBSP;SBFL;558,00;14
2003;10;TAM;SBGR;SBPA;816,00;32
2003;10;TAM;SBFZ;SBBR;815,00;19
2003;10;TAM;SBKP;SBBR;657,00;46
2003;10;TAM;SBSP;SBCT;411,00;179
2003;10;TAM;SBBR;SBRJ;842,00;351
2003;10;TAM;SBBR;SBGO;298,00;16
2003;10;TAM;SBBR;SBBE;513,00;57
2003;10;TAM;SBKP;SBPA;832,00;31
2003;10;TAM;SBGL;SBPA;750,00;4
2003;10;TAM;SBVT;SBSP;839,00;233
2003;10;TAM;SBGL;SBRF;709,00;144
2003;10;TAM;SBRF;SBFZ;376,00;97
2003;10;TAM;SBCT;SBGL;625,00;19
2003;10;TAM;SBBR;SBGR;679,00;33
2003;10;TAM;SBPS;SBSP;790,00;79
2003;10;TAM;SBBR;SBFZ;911,00;18
2003;10;TAM;SBGR;SBSV;603,00;1413
2003;10;TAM;SBBR;SBRJ;641,00;172
2003;10;TAM;SBSV;SBRF;310,00;9
2003;10;TAM;SBSP;SBGO;479,00;4459
2003;10;TAM;SBSP;SBVT;839,00;70
2003;10;TAM;SBBH;SBSP;365,00;957
2003;10;TAM;SBGL;SBBR;574,00;1
2003;10;TAM;SBBR;SBBH;655,00;11
2003;10;TAM;SBGR;SBBR;485,00;74
2003;10;TAM;SBCT;SBKP;428,00;12
2003;10;TAM;SBGL;SBGR;276,00;89
2003;10;TAM;SBVT;SBRJ;272,00;208
2003;10;TAM;SBRF;SBGL;1269,00;226
2003;10;TAM;SBCT;SBBR;995,00;123
2003;10;TAM;SBBR;SBSP;549,00;456
2003;10;TAM;SBRF;SBFZ;273,00;69
2003;10;TAM;SBGO;SBBR;246,00;40
2003;10;TAM;SBGL;SBRF;1066,00;61
2003;10;TAM;SBVT;SBRJ;200,00;1573
2003;10;TAM;SBBH;SBRJ;580,00;46
2003;10;TAM;SBGR;SBPA;556,00;17
2003;10;TAM;SBCT;SBPA;579,00;1
2003;10;TAM;SBCT;SBPA;188,00;1664
2003;10;TAM;SBSP;SBCT;339,00;711
2003;10;TAM;SBPA;SBGL;469,00;1623
2003;10;TAM;SBBR;SBSV;854,00;5
2003;10;TAM;SBKP;SBCT;469,00;78
2003;10;TAM;SBFL;SBSP;258,00;2570
2003;10;TAM;SBGR;SBCF;512,00;20
2003;10;TAM;SBFL;SBCT;667,00;9
2003;10;TAM;SBSP;SBPA;752,00;23
2003;10;TAM;SBBR;SBSV;631,00;65
2003;10;TAM;SBBR;SBSV;705,00;101
2003;10;TAM;SBRF;SBSV;1410,00;6
2003;10;TAM;SBSP;SBRP;396,00;242
2003;10;TAM;SBBE;SBBR;1137,00;47
2003;10;TAM;SBBR;SBGO;324,00;126
2003;10;TAM;SBGR;SBGL;458,00;32
2003;10;TAM;SBBH;SBBR;517,00;79
2003;10;TAM;SBVT;SBRJ;521,00;87
2003;10;TAM;SBSP;SBRJ;319,00;21642
2003;10;TAM;SBSV;SBGL;977,00;325
2003;10;TAM;SBSV;SBRF;1558,00;14
2003;10;TAM;SBRF;SBSV;256,00;789
2003;10;TAM;SBSV;SBRF;1410,00;8
2003;10;TAM;SBFL;SBPA;140,00;781
2003;10;TAM;SBRJ;SBBR;641,00;207
2003;10;TAM;SBCT;SBSP;339,00;786
2003;10;TAM;SBSV;SBRF;965,00;127
2003;10;TAM;SBCT;SBBR;565,00;255
2003;10;TAM;SBBE;SBBR;776,00;37
2003;10;TAM;SBSV;SBBR;631,00;80
2003;10;TAM;SBFL;SBGR;316,00;90
2003;10;TAM;SBRF;SBSV;310,00;9
2003;10;TAM;SBFL;SBSP;273,00;101
2003;10;TAM;SBBR;SBRJ;419,00;4125
2003;10;TAM;SBBR;SBFZ;1007,00;25
2003;10;TAM;SBCT;SBKP;348,00;10
2003;10;TAM;SBGR;SBCT;309,00;1164
2003;10;TAM;SBPA;SBCT;428,00;18
2003;10;TAM;SBRJ;SBBH;224,00;378
2003;10;TAM;SBSP;SBRP;363,00;2581
2003;10;TAM;SBBR;SBFZ;726,00;680
2003;10;TAM;SBSP;SBCT;513,00;145
2003;10;TAM;SBSV;SBBR;928,00;79
2003;10;TAM;SBSP;SBGO;865,00;62
2003;10;TAM;SBCT;SBBH;807,00;132
2003;10;TAM;SBKP;SBGR;180,00;2
2003;10;TAM;SBPA;SBCT;528,00;14
2003;10;TAM;SBBH;SBSP;463,00;325
2003;10;TAM;SBPA;SBSP;686,00;204
2003;10;TAM;SBBR;SBBH;586,00;65
2003;10;TAM;SBCT;SBFL;584,00;5
2003;10;TAM;SBBR;SBGO;246,00;28
2003;10;TAM;SBGR;SBBR;419,00;732
2003;10;TAM;SBGR;SBFL;607,00;34
2003;10;TAM;SBGR;SBFL;364,00;32
2003;10;TAM;SBBR;SBBE;1137,00;59
2003;10;TAM;SBBH;SBSP;681,00;280
2003;10;TAM;SBBH;SBRJ;328,00;741
2003;10;TAM;SBSP;SBPS;790,00;36
2003;10;TAM;SBCT;SBPA;243,00;37
2003;10;TAM;SBSP;SBPA;621,00;126
2003;10;TAM;SBKP;SBBR;863,00;68
2003;10;TAM;SBPA;SBKP;566,00;40
2003;10;TAM;SBPA;SBFL;299,00;31
2003;10;TAM;SBBR;SBCT;565,00;311
2003;10;TAM;SBBR;SBRJ;574,00;280
2003;10;TAM;SBGL;SBPA;671,00;49
2003;10;TAM;SBCT;SBKP;309,00;619
2003;10;TAM;SBPA;SBSP;858,00;154
2003;10;TAM;SBGR;SBGL;350,00;8
2003;10;TAM;SBBR;SBKP;796,00;24
2003;10;TAM;SBSV;SBBR;854,00;4
2003;10;TAM;SBGL;SBBR;842,00;1
2003;10;TAM;SBFL;SBPA;339,00;15
2003;10;TAM;SBCT;SBSP;411,00;173
2003;10;TAM;SBBE;SBMQ;125,00;1440
2003;10;TAM;SBBH;SBCT;341,00;1245
2003;10;TAM;SBKP;SBCT;388,00;52
2003;10;TAM;SBSP;SBPS;639,00;31
2003;10;TAM;SBBH;SBRJ;630,00;249
2003;10;TAM;SBCT;SBGL;399,00;45
2003;10;TAM;SBFL;SBBR;999,00;2
2003;10;TAM;SBSP;SBVT;639,00;192
2003;10;TAM;SBSP;SBGO;723,00;4
2003;10;TAM;SBFL;SBSP;461,00;28
2003;10;TAM;SBFL;SBSP;316,00;352
2003;10;TAM;SBBH;SBBR;586,00;106
2003;10;TAM;SBCT;SBBH;341,00;958
2003;10;TAM;SBSP;SBGO;660,00;67
2003;10;TAM;SBBR;SBSV;780,00;87
2003;10;TAM;SBGL;SBCT;459,00;29
2003;10;TAM;SBRF;SBSV;965,00;157
2003;10;TAM;SBBR;SBBH;455,00;94
2003;10;TAM;SBGR;SBKP;163,00;3
2003;10;TAM;SBUL;SBSP;529,00;158
2003;10;TAM;SBRJ;SBBH;200,00;4117
2003;10;TAM;SBBR;SBKP;389,00;490
2003;10;TAM;SBGO;SBSP;723,00;34
2003;10;TAM;SBBR;SBFL;738,00;102
2003;10;TAM;SBGR;SBCF;606,00;30
2003;10;TAM;SBFZ;SBBR;1199,00;113
2003;10;TAM;SBPA;SBFL;259,00;73
2003;10;TAM;SBBE;SBBR;685,00;68
2003;10;TAM;SBFL;SBPA;378,00;5
2003;10;TAM;SBSP;SBGL;276,00;2
2003;10;TAM;SBCT;SBBR;499,00;1762
2003;10;TAM;SBGO;SBBR;324,00;78
2003;10;TAM;SBRJ;SBVT;397,00;5
2003;10;TAM;SBBH;SBSP;560,00;74
2003;10;TAM;SBBR;SBSP;614,00;105
2003;10;TAM;SBFZ;SBRF;607,00;44
2003;10;TAM;SBGL;SBRF;1167,00;2
2003;10;TAM;SBBR;SBGL;419,00;42
2003;10;TAM;SBGL;SBSV;899,00;5
2003;10;TAM;SBSP;SBPS;499,00;521
2003;10;TAM;SBSP;SBFL;364,00;92
2003;10;TAM;SBPA;SBFL;458,00;2
2003;10;TAM;SBSP;SBPA;686,00;208
2003;10;TAM;SBSP;SBRJ;212,00;2222
2003;10;TAM;SBGR;SBPA;621,00;3
2003;10;TAM;SBSV;SBGL;899,00;27
2003;10;TAM;SBSP;SBFL;510,00;156
2003;10;TAM;SBSP;SBVT;579,00;45
2003;10;TAM;SBVT;SBSP;459,00;487
2003;10;TAM;SBFL;SBBR;738,00;22
2003;10;TAM;SBCT;SBBH;614,00;36
2003;10;TAM;SBKP;SBBR;588,00;81
2003;10;TAM;SBPA;SBKP;499,00;90
2003;10;TAM;SBGL;SBPA;513,00;192
2003;10;TAM;SBSP;SBCT;450,00;11
2003;10;TAM;SBGR;SBCF;414,00;2
2003;10;TAM;SBRF;SBFZ;549,00;24
2003;10;TAM;SBSP;SBGO;534,00;102
2003;10;TAM;SBFL;SBPA;259,00;51
2003;10;TAM;SBSP;SBUL;529,00;137
2003;10;TAM;SBCT;SBSP;513,00;137
2003;10;TAM;SBBH;SBCT;614,00;26
2003;10;TAM;SBGL;SBPA;829,00;64
2003;10;TAM;SBCT;SBBH;420,00;129
2003;10;TAM;SBGL;SBSV;586,00;274
2003;10;TAM;SBSP;SBUL;727,00;46
2003;10;TAM;SBBH;SBCT;549,00;58
2003;10;TAM;SBGR;SBCT;339,00;70
2003;10;TAM;SBRJ;SBBR;506,00;585
2003;10;TAM;SBBR;SBCT;759,00;54
2003;10;TAM;SBGR;SBGL;423,00;19
2003;10;TAM;SBMQ;SBBE;255,00;125
2003;10;TAM;SBRF;SBFZ;324,00;2
2003;10;TAM;SBCT;SBKP;487,00;284
2003;10;TAM;SBSV;SBGR;1059,00;3
2003;10;TAM;SBKP;SBPA;632,00;6
2003;10;TAM;SBGR;SBPA;439,00;406
2003;10;TAM;SBSP;SBBH;414,00;510
2003;10;TAM;SBRF;SBFZ;491,00;94
2003;10;TAM;SBCT;SBBH;679,00;22
2003;10;TAM;SBGL;SBRF;1269,00;254
2003;10;TAM;SBPA;SBGR;686,00;17
2003;10;TAM;SBBR;SBSP;917,00;338
2003;10;TAM;SBCT;SBGL;505,00;11
2003;10;TAM;SBPA;SBSP;621,00;142
2003;10;TAM;SBPA;SBCT;627,00;61
2003;10;TAM;SBBH;SBCT;390,00;46
2003;10;TAM;SBBE;SBBR;867,00;40
2003;10;TAM;SBFL;SBGR;461,00;20
2003;10;TAM;SBUL;SBSP;403,00;2556
2003;10;TAM;SBRJ;SBVT;356,00;21
2003;10;TAM;SBFL;SBBR;569,00;373
2003;10;TAM;SBKP;SBBR;305,00;346
2003;10;TAM;SBKP;SBGR;163,00;1
2003;10;TAM;SBMQ;SBBE;309,00;71
2003;10;TAM;SBBR;SBGR;743,00;2
2003;10;TAM;SBVT;SBRJ;356,00;132
2003;10;TAM;SBBH;SBRJ;428,00;195
2003;10;TAM;SBGL;SBBR;419,00;2
2003;10;TAM;SBCT;SBFL;501,00;385
2003;10;TAM;SBBR;SBKP;863,00;58
2003;10;TAM;SBBH;SBCT;485,00;111
2003;10;TAM;SBBH;SBSP;318,00;8896
2003;10;TAM;SBKP;SBCT;309,00;657
2003;10;TAM;SBBR;SBBE;476,00;505
2003;10;TAM;SBKP;SBPA;699,00;4
2003;10;TAM;SBGL;SBRF;964,00;17
2003;10;TAM;SBBR;SBKP;657,00;47
2003;10;TAM;SBFZ;SBBR;911,00;7
2003;10;TAM;SBSP;SBBR;743,00;82
2003;10;TAM;SBSP;SBRJ;458,00;1160
2003;10;TAM;SBBR;SBGL;449,00;18
2003;10;TAM;SBRF;SBSV;1261,00;31
2003;10;TAM;SBBR;SBBH;401,00;69
2003;10;TAM;SBVT;SBSP;639,00;137
2003;10;TAM;SBKP;SBBR;450,00;165
2003;10;TAM;SBGR;SBKP;151,00;24
2003;10;TAM;SBBR;SBGR;419,00;790
2003;10;TAM;SBRF;SBFZ;698,00;21
2003;10;TAM;SBFZ;SBRF;664,00;23
2003;10;TAM;SBBE;SBBR;1050,00;1
2003;10;TAM;SBBR;SBFL;825,00;75
2003;10;TAM;SBBH;SBBR;862,00;157
2003;10;TAM;SBBR;SBBH;348,00;354
2003;10;TAM;SBBR;SBKP;588,00;60
2003;10;TAM;SBRF;SBGL;761,00;128
2003;10;TAM;SBCT;SBPA;428,00;12
2003;10;TAM;SBSP;SBPA;439,00;5012
2003;10;TAM;SBGL;SBRF;761,00;231
2003;10;TAM;SBGL;SBGR;458,00;38
2003;10;TAM;SBRP;SBSP;519,00;62
2003;10;TAM;SBBE;SBMQ;454,00;39
2003;10;TAM;SBKP;SBPA;433,00;480
2003;10;TAM;SBRJ;SBSP;319,00;24090
2003;10;TAM;SBFZ;SBRF;324,00;4
2003;10;TAM;SBGR;SBCT;372,00;102
2003;10;TAM;SBGO;SBBR;272,00;50
2003;10;TAM;SBFL;SBPA;174,00;97
2003;10;TAM;SBGR;SBFL;461,00;1
2003;10;TAM;SBBH;SBBR;655,00;50
2003;10;TAM;SBBH;SBBR;724,00;94
2003;10;TAM;SBGL;SBCT;699,00;2
2003;10;TAM;SBSV;SBBR;484,00;889
2003;10;TAM;SBKP;SBCT;348,00;136
2003;10;TAM;SBCT;SBGL;331,00;731
2003;10;TAM;SBGR;SBKP;215,00;1
2003;10;TAM;SBGR;SBFL;258,00;195
2003;10;TAM;SBFL;SBGR;364,00;40
2003;10;TAM;SBRF;SBSV;1113,00;67
2003;10;TAM;SBRJ;SBSP;458,00;1665
2003;10;TAM;SBSV;SBGR;783,00;62
2003;10;TAM;SBRF;SBSV;1558,00;10
2003;10;TAM;SBKP;SBBR;727,00;19
2003;10;TAM;SBSV;SBRF;256,00;685
2003;10;TAM;SBFL;SBCT;501,00;507
2003;10;TAM;SBRF;SBSV;1855,00;32
2003;10;TAM;SBBR;SBFZ;1199,00;67
2003;10;TAM;SBSP;SBCT;372,00;159
2003;10;TAM;SBVT;SBRJ;314,00;151
2003;10;TAM;SBFL;SBSP;510,00;132
2003;10;TAM;SBCT;SBPA;327,00;97
2003;10;TAM;SBPA;SBKP;699,00;4
2003;10;TAM;SBGO;SBBR;164,00;1111
2003;10;TAM;SBBE;SBBR;513,00;69
2003;10;TAM;SBCT;SBPA;528,00;16
2003;10;TAM;SBPA;SBFL;378,00;1
2003;10;TAM;SBPA;SBCT;216,00;125
2003;10;TAM;SBBR;SBGO;194,00;126
2003;10;TAM;SBPA;SBFL;209,00;27
2003;10;TAM;SBFZ;SBRF;434,00;35
2003;10;TAM;SBBH;SBSP;414,00;520
2003;10;TAM;SBPA;SBSP;556,00;243
2003;10;TAM;SBBR;SBSV;484,00;764
2003;10;TAM;SBCT;SBKP;388,00;10
2003;10;TAM;SBGO;SBBR;194,00;139
2003;10;TAM;SBBR;SBGL;842,00;2
2003;10;TAM;SBSP;SBGL;386,00;2
2003;10;TAM;SBGL;SBSV;508,00;464
2003;10;TAM;SBSP;SBPA;858,00;186
2003;10;TAM;SBGR;SBFL;413,00;2
2003;10;TAM;SBGL;SBGR;243,00;102
2003;10;TAM;SBCT;SBBR;919,00;25
2003;10;TAM;SBFZ;SBRF;376,00;102
2003;10;TAM;SBCT;SBGR;450,00;3
2003;10;TAM;SBGL;SBBR;506,00;1
2003;10;TAM;SBGL;SBSV;977,00;281
2003;10;TAM;SBBE;SBMQ;255,00;77
2003;10;TAM;SBSV;SBRF;1113,00;59
2003;10;TAM;SBSV;SBGR;967,00;36
2003;10;TAM;SBCT;SBGR;372,00;31
2003;10;TAM;SBCT;SBPA;478,00;7
2003;10;TAM;SBPA;SBCT;377,00;109
2003;10;TAM;SBSP;SBUL;463,00;343
2003;10;TAM;SBBR;SBBE;593,00;337
2003;10;TAM;SBSP;SBBH;365,00;958
2003;10;TAM;SBPA;SBKP;632,00;15
2003;10;TAM;SBBE;SBMQ;215,00;141
2003;10;TAM;SBGO;SBSP;597,00;152
2003;10;TAM;SBGR;SBSV;875,00;4
2003;10;TAM;SBGR;SBCT;450,00;2
2003;10;TAM;SBRJ;SBVT;200,00;1948
2003;10;TAM;SBCT;SBBR;759,00;45
2003;10;TAM;SBPA;SBKP;832,00;30
2003;10;TAM;SBGR;SBSV;967,00;55
2003;10;TAM;SBPA;SBGR;621,00;23
2003;10;TAM;SBBR;SBRJ;449,00;957
2003;10;TAM;SBCT;SBSP;450,00;5
2003;10;TAM;SBPA;SBGL;750,00;19
2003;10;TAM;SBKP;SBCT;428,00;61
2003;10;TAM;SBBR;SBCT;995,00;92
2003;10;TAM;SBCT;SBBR;679,00;67
2003;10;TAM;SBGL;SBRF;863,00;55
2003;10;TAM;SBFL;SBGR;607,00;36
2003;10;TAM;SBRJ;SBBR;574,00;331
2003;10;TAM;SBBE;SBBR;593,00;138
2003;10;TAM;SBRJ;SBVT;521,00;71
2003;10;TAM;SBGL;SBCT;625,00;21
2003;10;TAM;SBSP;SBUL;595,00;21
2003;10;TAM;SBGL;SBRF;664,00;761
2003;10;TAM;SBCT;SBBR;839,00;37
2003;10;TAM;SBGL;SBCT;579,00;7
2003;10;TAM;SBSV;SBRF;1855,00;30
2003;10;TAM;SBRJ;SBBH;630,00;215
2003;10;TAM;SBSP;SBGO;597,00;69
2003;10;TAM;SBVT;SBSP;579,00;177
2003;10;TAM;SBBH;SBRJ;529,00;195
2003;10;TAM;SBRJ;SBVT;439,00;41
2003;10;TAM;SBGR;SBBR;614,00;19
2003;10;TAM;SBSP;SBFL;668,00;204
2003;10;TAM;SBKP;SBBR;796,00;5
2003;10;TAM;SBFZ;SBRF;273,00;10
2003;10;TAM;SBBH;SBSP;512,00;188
2003;10;TAM;SBSP;SBPS;579,00;35
2003;10;TAM;SBSP;SBBR;917,00;320
2003;10;TAM;SBCF;SBGR;365,00;44
2003;10;TAM;SBFZ;SBRF;549,00;32
2003;10;TAM;SBCT;SBBH;485,00;97
2003;10;TAM;SBBR;SBBH;862,00;146
2003;10;TAM;SBCF;SBGR;606,00;22
2003;10;TAM;SBSP;SBVT;409,00;4097
2003;10;TAM;SBSP;SBBH;681,00;310
2003;10;TAM;SBSP;SBRP;434,00;1
2003;10;TAM;SBBE;SBBR;476,00;839
2003;10;TAM;SBGL;SBPA;592,00;75
2003;10;TAM;SBRF;SBGL;1066,00;46
2003;10;TAM;SBRP;SBSP;396,00;254
2003;10;TAM;SBBH;SBCT;743,00;4
2003;10;TAM;SBGR;SBSV;783,00;31
2003;10;TAM;SBBR;SBBE;867,00;77
2003;10;TAM;SBGO;SBSP;479,00;3644
2003;10;TAM;SBFZ;SBBR;726,00;323
2003;10;TAM;SBRF;SBGL;964,00;11
2003;10;TAM;SBPA;SBFL;339,00;10
2003;10;TAM;SBSP;SBPA;556,00;197
2003;10;TAM;SBKP;SBPA;566,00;24
2003;10;TAM;SBBH;SBRJ;479,00;161
2003;10;TAM;SBRJ;SBBR;419,00;3575
2003;10;TAM;SBSP;SBVT;519,00;87
2003;10;TAM;SBBE;SBMQ;189,00;122
2003;10;TAM;SBSP;SBBR;549,00;879
2003;10;TAM;SBSP;SBGL;243,00;3
2003;10;TAM;SBBR;SBBH;306,00;2420
2003;10;TAM;SBBR;SBCT;615,00;151
2003;10;TAM;SBKP;SBCT;487,00;131
2003;10;TAM;SBBR;SBBE;1050,00;6
2003;10;TAM;SBBH;SBRJ;200,00;4059
2003;10;TAM;SBCT;SBBH;549,00;138
2003;10;TAM;SBFL;SBPA;418,00;14
2003;10;TAM;SBSV;SBGL;508,00;658
2003;10;TAM;SBBR;SBSV;557,00;119
2003;10;TAM;SBBR;SBFL;652,00;182
2003;10;TAM;SBFL;SBGR;413,00;2
2003;10;TAM;SBKP;SBPA;499,00;57
2003;10;TAM;SBFZ;SBRF;698,00;101
2003;10;TAM;SBBR;SBKP;519,00;95
2003;10;TAM;SBKP;SBGR;215,00;6
2003;10;TAM;SBCT;SBFL;834,00;22
2003;10;TAM;SBKP;SBBR;519,00;45
2003;10;TAM;SBFL;SBBR;825,00;18
2003;10;TAM;SBFL;SBSP;558,00;17
2003;10;TAM;SBGR;SBKP;180,00;4
2003;10;TAM;SBBR;SBBE;685,00;174
2003;10;TAM;SBMQ;SBBE;189,00;212
2003;10;TAM;SBBR;SBCT;679,00;112
2003;10;TAM;SBCT;SBGL;736,00;67
2003;10;TAM;SBSP;SBFL;316,00;308
2003;10;TAM;SBGR;SBCF;463,00;4
2003;10;TAM;SBFL;SBGR;510,00;5
2003;10;TAM;SBPS;SBSP;639,00;53
2003;10;TAM;SBBH;SBBR;348,00;149
2003;10;TAM;SBRJ;SBVT;272,00;266
2003;10;TAM;SBVT;SBSP;409,00;3420
2003;10;TAM;SBPA;SBGR;816,00;52
2003;10;TAM;SBSP;SBBR;614,00;356
2003;10;TAM;SBCF;SBGR;463,00;4
2003;10;TAM;SBPA;SBGL;513,00;234
2003;10;TAM;SBBR;SBGO;272,00;76
2003;10;TAM;SBRJ;SBBR;449,00;1217
2003;10;TAM;SBGL;SBGR;386,00;3
2003;10;TAM;SBPA;SBGL;829,00;76
2003;10;TAM;SBGL;SBCT;736,00;100
2003;10;TAM;SBBR;SBFL;912,00;74
2003;10;TAM;SBGR;SBBR;807,00;59
2003;10;TAM;SBGL;SBPA;908,00;1
2003;10;TAM;SBSP;SBRP;519,00;42
2003;10;TAM;SBCT;SBPA;216,00;100
2003;10;TAM;SBBH;SBCT;420,00;195
2003;10;TAM;SBGR;SBFL;510,00;58
2003;10;TAM;SBBR;SBCT;499,00;1600
2003;10;TAM;SBSP;SBFL;273,00;139
2003;10;TAM;SBBR;SBGO;164,00;1032
2003;10;TAM;SBBR;SBSP;485,00;1153
2003;10;TAM;SBCT;SBGL;459,00;19
2003;10;TAM;SBSP;SBBH;512,00;262
2003;10;TAM;SBUL;SBSP;595,00;51
2003;10;TAM;SBBR;SBGR;485,00;32
2003;10;TAM;SBGR;SBSV;1149,00;292
2003;10;TAM;SBBR;SBFL;500,00;1682
2003;10;TAM;SBFL;SBSP;668,00;132
2003;10;TAM;SBKP;SBBR;389,00;488
2003;10;TAM;SBPA;SBFL;174,00;11
2003;10;TAM;SBPS;SBSP;976,00;12
2003;10;TAM;SBPA;SBCT;243,00;22
2003;10;TAM;SBCT;SBPA;627,00;76
2003;10;TAM;SBRF;SBGL;709,00;161
2003;10;TAM;SBCT;SBGR;487,00;133
2003;10;TAM;SBBR;SBRJ;709,00;166
2003;10;TAM;SBGL;SBCT;505,00;18
2003;10;TAM;SBFL;SBBR;1085,00;123
2003;10;TAM;SBCT;SBBR;615,00;67
2003;10;TAM;SBPA;SBKP;376,00;718
2003;10;TAM;SBFZ;SBBR;1007,00;11
2003;10;TAM;SBFZ;SBRF;491,00;130
2003;10;TAM;SBGR;SBGL;386,00;12
2003;10;TAM;SBSP;SBBH;463,00;295
2003;10;TAM;SBRJ;SBSP;212,00;3092
2003;10;TAM;SBBR;SBBH;517,00;29
2003;10;TAM;SBGR;SBCT;487,00;73
2003;10;TAM;SBBR;SBFL;999,00;12
2003;10;TAM;SBBR;SBKP;450,00;227
2003;10;TAM;SBFL;SBCT;584,00;7
2003;10;TAM;SBRJ;SBBR;842,00;410
2003;10;TAM;SBSP;SBUL;403,00;2238
2003;10;TAM;SBBR;SBFL;569,00;372
2003;10;TAM;SBBR;SBGR;549,00;5
2003;10;TAM;SBCF;SBGR;414,00;4
2003;10;TAM;SBGL;SBSV;459,00;1581
2003;10;TAM;SBSP;SBCT;309,00;10121
2003;10;TAM;SBPS;SBSP;714,00;43
2003;10;TAM;SBGO;SBSP;660,00;181
2003;10;TAM;SBGR;SBBR;549,00;130
2003;10;TAM;SBUL;SBSP;463,00;323
2003;10;TAM;SBSV;SBGL;821,00;97
2003;10;TAM;SBCT;SBSP;309,00;10041
2003;10;TAM;SBFL;SBSP;413,00;84
2003;10;TAM;SBBR;SBRJ;776,00;37
2003;10;TAM;SBBR;SBKP;305,00;282
2003;10;TAM;SBBR;SBCT;839,00;38
2003;10;TAM;SBSP;SBPS;714,00;16
2003;10;TAM;SBMQ;SBBE;159,00;1895
2003;10;TAM;SBFL;SBBR;912,00;32
2003;10;TAM;SBBR;SBFL;1085,00;134
2003;10;TAM;SBBH;SBRJ;224,00;327
2003;10;TAM;SBSP;SBBR;485,00;1392
2003;10;TAM;SBBH;SBBR;793,00;37
2003;10;TAM;SBPA;SBFL;140,00;832
2003;10;TAM;SBRF;SBGL;863,00;55
2003;10;TAM;SBSP;SBPS;976,00;25
2003;10;TAM;SBRP;SBSP;434,00;16
2003;10;TAM;SBRJ;SBVT;314,00;62
2003;10;TAM;SBSV;SBBR;705,00;68
2003;10;TAM;SBUL;SBSP;727,00;88
2003;10;TAM;SBMQ;SBBE;381,00;35
2003;10;TAM;SBSV;SBBR;780,00;44
2003;10;TAM;SBRF;SBGL;664,00;767
2003;10;TAM;SBSP;SBVT;699,00;61
2003;10;TAM;SBBR;SBGO;220,00;38
2003;10;TAM;SBSV;SBBR;557,00;137
2003;10;TAM;SBGO;SBSP;865,00;97
2003;10;TAM;SBVT;SBRJ;481,00;15
2003;10;TAM;SBSP;SBBR;419,00;12142
2003;10;TAM;SBVT;SBRJ;397,00;52
2003;10;TAM;SBBR;SBSP;419,00;14784
2003;10;TAM;SBPA;SBSP;439,00;5041
2003;10;TAM;SBPA;SBGR;556,00;13
2003;10;TAM;SBSV;SBGL;459,00;1588
2003;10;TAM;SBCF;SBGR;318,00;550
2003;10;TAM;SBGR;SBSV;691,00;121
2003;10;TAM;SBSV;SBRF;276,00;196
2003;10;TAM;SBBR;SBBE;958,00;64
2003;10;TAM;SBBR;SBGR;614,00;11
2003;10;TAM;SBBR;SBSP;743,00;26
2003;10;TAM;SBPA;SBGR;439,00;367
2003;10;TAM;SBRJ;SBBH;580,00;17
2003;10;TAM;SBRJ;SBBH;328,00;416
2003;10;TAM;SBSV;SBGR;1149,00;423
2003;10;TAM;SBVT;SBSP;699,00;61
2003;10;TAM;SBGR;SBPA;752,00;6
2003;10;TAM;SBPS;SBSP;865,00;11
2003;10;TAM;SBRJ;SBBH;479,00;134
2003;10;TAM;SBGO;SBBR;220,00;94
2003;10;TAM;SBSV;SBGL;664,00;98
2003;10;TAM;SBFL;SBBR;500,00;1705
2003;10;TAM;SBPA;SBGL;592,00;112
2003;10;TAM;SBPA;SBGL;982,00;203
2003;10;TAM;SBBE;SBMQ;309,00;57
2003;10;TAM;SBBR;SBFZ;815,00;11
2003;10;TAM;SBPA;SBCT;188,00;1643
2003;10;TAM;SBRP;SBSP;363,00;2619
2003;10;TAM;SBPA;SBGL;671,00;101
2003;10;TAM;SBGO;SBSP;534,00;488
2003;10;TAM;SBGR;SBCT;411,00;27
2003;10;TAM;SBBR;SBSV;928,00;63
2003;10;TAM;SBBE;SBMQ;418,00;3
2003;10;TAM;SBGL;SBSV;743,00;31
2003;10;TAM;SBCT;SBGL;579,00;1
2003;10;TAM;SBPA;SBGR;752,00;11
2003;10;TAM;SBFL;SBCT;834,00;35
2003;10;TAM;SBGR;SBSV;1059,00;1
2003;10;TAM;SBRJ;SBBH;428,00;258
2003;10;TAM;SBBE;SBMQ;345,00;18
2003;10;TAM;SBBH;SBBR;401,00;316
2003;10;TAM;SBGO;SBBR;298,00;21
2003;10;TAM;SBPA;SBFL;494,00;26
2003;10;TAM;SBMQ;SBBE;125,00;1372
2003;10;TAM;SBSV;SBGL;586,00;309
2003;10;TAM;SBBR;SBGR;807,00;40
2003;10;TAM;SBCT;SBGR;309,00;1408
2003;10;TAM;SBGR;SBCF;318,00;517
2003;10;TAM;SBSV;SBGR;603,00;1794
2003;10;TAM;SBBH;SBCT;807,00;89
2003;10;TAM;SBGL;SBBR;449,00;22
2003;10;TAM;SBBE;SBBR;958,00;24
2003;10;TAM;SBGL;SBSV;664,00;83
2003;10;TAM;SBCF;SBGR;512,00;34
2003;10;TAM;SBKP;SBCT;323,00;124
2003;10;TAM;SBSV;SBGR;691,00;244
2003;10;TAM;SBSP;SBVT;459,00;261
2003;10;TAM;SBPA;SBKP;433,00;445
2003;10;TAM;SBFL;SBPA;299,00;15
2003;10;TAM;SBBR;SBKP;727,00;53
2003;10;TAM;SBVT;SBSP;519,00;383
2003;10;TAM;SBMQ;SBBE;215,00;212
2003;10;TAM;SBRF;SBFZ;664,00;9
2003;10;TAM;SBRF;SBFZ;239,00;223
2003;10;VRG;SBSV;SBRF;256,00;1226
2003;10;VRG;SBGR;SBCF;560,00;907
2003;10;VRG;SBCT;SBFL;344,00;1
2003;10;VRG;SBGL;SBGR;243,00;3758
2003;10;VRG;SBBR;SBPA;645,00;859
2003;10;VRG;SBVT;SBRJ;397,00;18
2003;10;VRG;SBFL;SBGR;558,00;901
2003;10;VRG;SBPA;SBCT;188,00;1174
2003;10;VRG;SBGR;SBCF;318,00;1196
2003;10;VRG;SBBR;SBRJ;506,00;903
2003;10;VRG;SBPA;SBFL;598,00;33
2003;10;VRG;SBBR;SBBH;669,00;269
2003;10;VRG;SBGL;SBGR;423,00;1072
2003;10;VRG;SBCF;SBGR;274,00;63
2003;10;VRG;SBCT;SBRJ;399,00;46
2003;10;VRG;SBKP;SBBH;215,00;5
2003;10;VRG;SBSP;SBGO;534,00;316
2003;10;VRG;SBSP;SBFL;413,00;282
2003;10;VRG;SBFZ;SBRF;325,00;59
2003;10;VRG;SBFL;SBBR;489,00;52
2003;10;VRG;SBCT;SBGR;411,00;53
2003;10;VRG;SBFL;SBPA;598,00;125
2003;10;VRG;SBEG;SBGR;1535,00;473
2003;10;VRG;SBPA;SBCT;377,00;131
2003;10;VRG;SBFL;SBBR;1086,00;22
2003;10;VRG;SBBR;SBPA;832,00;644
2003;10;VRG;SBBR;SBRJ;431,00;32
2003;10;VRG;SBGL;SBSV;582,00;730
2003;10;VRG;SBGO;SBSP;479,00;1894
2003;10;VRG;SBSP;SBBR;419,00;6701
2003;10;VRG;SBSP;SBPS;423,00;156
2003;10;VRG;SBGL;SBSV;899,00;296
2003;10;VRG;SBGR;SBPA;439,00;1874
2003;10;VRG;SBGL;SBGR;460,00;5973
2003;10;VRG;SBBR;SBBH;348,00;356
2003;10;VRG;SBGL;SBRF;1066,00;10
2003;10;VRG;SBBH;SBKP;308,00;36
2003;10;VRG;SBMQ;SBBE;454,00;73
2003;10;VRG;SBBR;SBRJ;449,00;1776
2003;10;VRG;SBBR;SBSP;549,00;1009
2003;10;VRG;SBFL;SBCT;376,00;5
2003;10;VRG;SBSP;SBBH;318,00;7452
2003;10;VRG;SBCT;SBPA;579,00;87
2003;10;VRG;SBSP;SBNF;571,00;416
2003;10;VRG;SBPA;SBFL;140,00;1299
2003;10;VRG;SBGO;SBBR;246,00;11
2003;10;VRG;SBGL;SBFL;432,00;812
2003;10;VRG;SBRF;SBSV;358,00;334
2003;10;VRG;SBCT;SBPA;243,00;98
2003;10;VRG;SBSP;SBRP;363,00;845
2003;10;VRG;SBRJ;SBCT;736,00;96
2003;10;VRG;SBBR;SBSV;780,00;7
2003;10;VRG;SBCT;SBKP;423,00;2
2003;10;VRG;SBRJ;SBCT;331,00;323
2003;10;VRG;SBGR;SBBR;419,00;857
2003;10;VRG;SBFL;SBPA;174,00;39
2003;10;VRG;SBFL;SBSP;461,00;3
2003;10;VRG;SBGR;SBGL;460,00;8346
2003;10;VRG;SBGL;SBSV;1164,00;141
2003;10;VRG;SBUL;SBSP;403,00;926
2003;10;VRG;SBSP;SBBR;549,00;1874
2003;10;VRG;SBSP;SBRJ;319,00;36247
2003;10;VRG;SBBH;SBRJ;498,00;964
2003;10;VRG;SBRF;SBGL;1269,00;297
2003;10;VRG;SBRF;SBGL;1167,00;137
2003;10;VRG;SBBR;SBFL;652,00;32
2003;10;VRG;SBGL;SBGR;207,00;119
2003;10;VRG;SBFL;SBGL;484,00;64
2003;10;VRG;SBGR;SBCF;463,00;35
2003;10;VRG;SBSV;SBGR;603,00;4107
2003;10;VRG;SBPA;SBGL;908,00;206
2003;10;VRG;SBSV;SBGL;977,00;530
2003;10;VRG;SBSP;SBGO;597,00;18
2003;10;VRG;SBGL;SBBR;1013,00;243
2003;10;VRG;SBGL;SBPA;469,00;2079
2003;10;VRG;SBGR;SBPA;980,00;12
2003;10;VRG;SBBR;SBBH;615,00;78
2003;10;VRG;SBSV;SBBR;557,00;510
2003;10;VRG;SBGL;SBBR;641,00;12
2003;10;VRG;SBRF;SBGL;567,00;156
2003;10;VRG;SBBR;SBKP;588,00;93
2003;10;VRG;SBSV;SBGL;743,00;51
2003;10;VRG;SBFL;SBGL;807,00;99
2003;10;VRG;SBBR;SBGR;364,00;48
2003;10;VRG;SBBR;SBGL;709,00;19
2003;10;VRG;SBBR;SBPA;929,00;137
2003;10;VRG;SBMQ;SBBE;159,00;17
2003;10;VRG;SBCT;SBPA;428,00;122
2003;10;VRG;SBBR;SBSV;484,00;1567
2003;10;VRG;SBRF;SBFZ;665,00;15
2003;10;VRG;SBCT;SBGL;459,00;204
2003;10;VRG;SBFZ;SBBR;911,00;18
2003;10;VRG;SBPS;SBSP;714,00;3
2003;10;VRG;SBRJ;SBVT;356,00;299
2003;10;VRG;SBBR;SBGO;324,00;46
2003;10;VRG;SBFL;SBGR;258,00;424
2003;10;VRG;SBFL;SBGR;413,00;173
2003;10;VRG;SBRJ;SBVT;272,00;576
2003;10;VRG;SBGL;SBPA;592,00;290
2003;10;VRG;SBBR;SBKP;796,00;9
2003;10;VRG;SBBH;SBBR;348,00;289
2003;10;VRG;SBBH;SBKP;359,00;18
2003;10;VRG;SBSP;SBCT;339,00;670
2003;10;VRG;SBVT;SBSP;409,00;2997
2003;10;VRG;SBKP;SBBR;657,00;3
2003;10;VRG;SBCT;SBKP;220,00;4
2003;10;VRG;SBBH;SBSP;609,00;1832
2003;10;VRG;SBCF;SBGR;318,00;1625
2003;10;VRG;SBCT;SBKP;383,00;9
2003;10;VRG;SBPA;SBBR;645,00;1203
2003;10;VRG;SBPA;SBFL;224,00;29
2003;10;VRG;SBSV;SBGL;899,00;415
2003;10;VRG;SBBE;SBBR;513,00;437
2003;10;VRG;SBRF;SBGL;964,00;21
2003;10;VRG;SBNF;SBSP;297,00;833
2003;10;VRG;SBGR;SBBR;679,00;56
2003;10;VRG;SBSP;SBBR;808,00;1483
2003;10;VRG;SBCT;SBSP;309,00;6165
2003;10;VRG;SBSV;SBBR;929,00;147
2003;10;VRG;SBBH;SBRJ;200,00;4200
2003;10;VRG;SBUL;SBSP;595,00;137
2003;10;VRG;SBPS;SBSP;639,00;49
2003;10;VRG;SBGR;SBCT;450,00;1122
2003;10;VRG;SBPA;SBBR;1027,00;9
2003;10;VRG;SBGR;SBGL;276,00;911
2003;10;VRG;SBNF;SBSP;388,00;213
2003;10;VRG;SBBR;SBBE;776,00;362
2003;10;VRG;SBGR;SBBR;485,00;129
2003;10;VRG;SBBR;SBBE;513,00;438
2003;10;VRG;SBSP;SBBH;560,00;219
2003;10;VRG;SBGL;SBCT;699,00;40
2003;10;VRG;SBSP;SBPA;556,00;776
2003;10;VRG;SBBR;SBBE;685,00;235
2003;10;VRG;SBSP;SBBR;364,00;331
2003;10;VRG;SBPA;SBBR;1223,00;179
2003;10;VRG;SBNF;SBSP;480,00;8
2003;10;VRG;SBNF;SBSP;434,00;40
2003;10;VRG;SBBR;SBSV;557,00;962
2003;10;VRG;SBFZ;SBRF;274,00;9
2003;10;VRG;SBCT;SBFL;376,00;3
2003;10;VRG;SBVT;SBRJ;235,00;27
2003;10;VRG;SBCT;SBPA;283,00;123
2003;10;VRG;SBCT;SBRJ;505,00;77
2003;10;VRG;SBRJ;SBKP;463,00;9
2003;10;VRG;SBCT;SBGR;450,00;883
2003;10;VRG;SBCT;SBKP;299,00;708
2003;10;VRG;SBFZ;SBRF;492,00;387
2003;10;VRG;SBGL;SBBR;431,00;48
2003;10;VRG;SBSV;SBGR;875,00;60
2003;10;VRG;SBPA;SBGL;671,00;318
2003;10;VRG;SBVT;SBSP;519,00;375
2003;10;VRG;SBGR;SBCF;274,00;53
2003;10;VRG;SBBH;SBRJ;224,00;1334
2003;10;VRG;SBGR;SBBR;743,00;979
2003;10;VRG;SBSP;SBNF;434,00;28
2003;10;VRG;SBRF;SBFZ;701,00;181
2003;10;VRG;SBBH;SBBR;669,00;237
2003;10;VRG;SBRJ;SBKP;499,00;90
2003;10;VRG;SBKP;SBBH;660,00;19
2003;10;VRG;SBEG;SBGR;2002,00;561
2003;10;VRG;SBBH;SBBR;401,00;300
2003;10;VRG;SBBR;SBGL;641,00;23
2003;10;VRG;SBCT;SBGR;309,00;799
2003;10;VRG;SBPA;SBFL;174,00;37
2003;10;VRG;SBBH;SBRJ;299,00;173
2003;10;VRG;SBKP;SBBH;463,00;4
2003;10;VRG;SBGL;SBPA;1184,00;388
2003;10;VRG;SBBR;SBGL;439,00;742
2003;10;VRG;SBSV;SBRF;413,00;284
2003;10;VRG;SBGR;SBCT;220,00;252
2003;10;VRG;SBGR;SBCT;411,00;67
2003;10;VRG;SBSP;SBCT;309,00;6392
2003;10;VRG;SBGO;SBBR;298,00;7
2003;10;VRG;SBSV;SBGL;1164,00;180
2003;10;VRG;SBFZ;SBBR;815,00;145
2003;10;VRG;SBSP;SBBR;743,00;302
2003;10;VRG;SBCT;SBGL;881,00;122
2003;10;VRG;SBSP;SBCT;220,00;368
2003;10;VRG;SBMQ;SBBE;215,00;8
2003;10;VRG;SBPA;SBBR;929,00;44
2003;10;VRG;SBKP;SBBR;588,00;65
2003;10;VRG;SBMQ;SBBE;189,00;9
2003;10;VRG;SBPA;SBBR;734,00;421
2003;10;VRG;SBCT;SBGL;625,00;4
2003;10;VRG;SBEG;SBGR;1001,00;629
2003;10;VRG;SBBR;SBFL;825,00;6
2003;10;VRG;SBPA;SBBR;832,00;286
2003;10;VRG;SBPA;SBGR;621,00;154
2003;10;VRG;SBRJ;SBCT;579,00;8
2003;10;VRG;SBSP;SBFL;558,00;86
2003;10;VRG;SBEG;SBGR;751,00;298
2003;10;VRG;SBGR;SBGL;313,00;896
2003;10;VRG;SBCF;SBGR;463,00;40
2003;10;VRG;SBCT;SBGL;331,00;1088
2003;10;VRG;SBCT;SBPA;327,00;135
2003;10;VRG;SBGL;SBCT;459,00;94
2003;10;VRG;SBRJ;SBBH;299,00;156
2003;10;VRG;SBFL;SBBR;569,00;65
2003;10;VRG;SBFL;SBGL;549,00;125
2003;10;VRG;SBGR;SBEG;1001,00;1003
2003;10;VRG;SBBE;SBMQ;215,00;27
2003;10;VRG;SBMQ;SBBE;255,00;24
2003;10;VRG;SBKP;SBBR;450,00;142
2003;10;VRG;SBPA;SBSP;439,00;5011
2003;10;VRG;SBBE;SBBR;1369,00;146
2003;10;VRG;SBRJ;SBCT;505,00;103
2003;10;VRG;SBGR;SBEG;2002,00;479
2003;10;VRG;SBCT;SBGR;339,00;347
2003;10;VRG;SBBH;SBSP;414,00;903
2003;10;VRG;SBBR;SBGL;574,00;228
2003;10;VRG;SBGL;SBFL;484,00;60
2003;10;VRG;SBBH;SBRJ;259,00;304
2003;10;VRG;SBKP;SBBH;359,00;16
2003;10;VRG;SBGR;SBPA;556,00;707
2003;10;VRG;SBBR;SBGL;776,00;192
2003;10;VRG;SBSP;SBUL;727,00;133
2003;10;VRG;SBGL;SBSV;436,00;189
2003;10;VRG;SBBH;SBSP;318,00;7133
2003;10;VRG;SBSP;SBPS;639,00;43
2003;10;VRG;SBBH;SBBR;508,00;91
2003;10;VRG;SBSV;SBGR;1151,00;1150
2003;10;VRG;SBCF;SBGR;609,00;303
2003;10;VRG;SBRJ;SBKP;373,00;429
2003;10;VRG;SBCT;SBRJ;699,00;27
2003;10;VRG;SBFL;SBGL;613,00;7
2003;10;VRG;SBKP;SBCT;343,00;285
2003;10;VRG;SBPA;SBGR;817,00;1012
2003;10;VRG;SBKP;SBRJ;413,00;38
2003;10;VRG;SBGL;SBGR;386,00;128
2003;10;VRG;SBSP;SBNF;251,00;2708
2003;10;VRG;SBFL;SBGL;678,00;1
2003;10;VRG;SBGO;SBSP;659,00;18
2003;10;VRG;SBBE;SBBR;867,00;31
2003;10;VRG;SBBR;SBKP;865,00;52
2003;10;VRG;SBKP;SBBH;414,00;24
2003;10;VRG;SBGL;SBFL;968,00;125
2003;10;VRG;SBFZ;SBBR;1199,00;138
2003;10;VRG;SBFL;SBBR;1303,00;7
2003;10;VRG;SBBR;SBGR;743,00;1085
2003;10;VRG;SBBH;SBBR;306,00;639
2003;10;VRG;SBFL;SBCT;286,00;198
2003;10;VRG;SBGL;SBGR;313,00;1027
2003;10;VRG;SBGR;SBFL;607,00;229
2003;10;VRG;SBKP;SBBR;329,00;412
2003;10;VRG;SBGL;SBPA;750,00;41
2003;10;VRG;SBCT;SBPA;478,00;8
2003;10;VRG;SBSP;SBBR;485,00;1058
2003;10;VRG;SBBH;SBRJ;458,00;108
2003;10;VRG;SBRP;SBSP;363,00;821
2003;10;VRG;SBSV;SBRF;276,00;152
2003;10;VRG;SBCT;SBPA;188,00;1248
2003;10;VRG;SBSP;SBRP;472,00;175
2003;10;VRG;SBVT;SBRJ;439,00;13
2003;10;VRG;SBCT;SBRJ;459,00;37
2003;10;VRG;SBFL;SBSP;316,00;533
2003;10;VRG;SBBR;SBBE;1369,00;129
2003;10;VRG;SBRJ;SBBR;709,00;30
2003;10;VRG;SBSP;SBPA;752,00;170
2003;10;VRG;SBPA;SBSP;817,00;1561
2003;10;VRG;SBSV;SBGR;967,00;23
2003;10;VRG;SBFL;SBPA;299,00;35
2003;10;VRG;SBSV;SBGR;691,00;1015
2003;10;VRG;SBCT;SBKP;489,00;165
2003;10;VRG;SBFZ;SBRF;550,00;37
2003;10;VRG;SBGL;SBSV;459,00;1644
2003;10;VRG;SBRF;SBSV;276,00;112
2003;10;VRG;SBCF;SBGR;414,00;193
2003;10;VRG;SBBE;SBMQ;255,00;34
2003;10;VRG;SBSP;SBFL;258,00;2217
2003;10;VRG;SBSV;SBBR;632,00;277
2003;10;VRG;SBPA;SBFL;209,00;32
2003;10;VRG;SBGR;SBBR;970,00;189
2003;10;VRG;SBSP;SBNF;297,00;730
2003;10;VRG;SBBR;SBGR;419,00;944
2003;10;VRG;SBGL;SBCT;330,00;45
2003;10;VRG;SBGR;SBSV;1151,00;1408
2003;10;VRG;SBGR;SBSV;518,00;581
2003;10;VRG;SBBH;SBKP;660,00;45
2003;10;VRG;SBNF;SBSP;571,00;355
2003;10;VRG;SBUL;SBSP;463,00;10
2003;10;VRG;SBVT;SBSP;326,00;129
2003;10;VRG;SBGL;SBGR;350,00;129
2003;10;VRG;SBFL;SBPA;458,00;124
2003;10;VRG;SBCT;SBFL;184,00;33
2003;10;VRG;SBCT;SBGL;399,00;250
2003;10;VRG;SBGL;SBBR;574,00;154
2003;10;VRG;SBGR;SBBR;808,00;593
2003;10;VRG;SBRF;SBFZ;325,00;62
2003;10;VRG;SBSP;SBBR;679,00;37
2003;10;VRG;SBPA;SBBR;550,00;85
2003;10;VRG;SBGR;SBEG;1668,00;335
2003;10;VRG;SBPA;SBGL;444,00;279
2003;10;VRG;SBBR;SBGL;419,00;965
2003;10;VRG;SBGR;SBPA;621,00;161
2003;10;VRG;SBPA;SBCT;243,00;71
2003;10;VRG;SBRF;SBSV;469,00;294
2003;10;VRG;SBGR;SBSV;783,00;708
2003;10;VRG;SBFL;SBSP;413,00;219
2003;10;VRG;SBGR;SBCT;309,00;830
2003;10;VRG;SBBE;SBMQ;125,00;689
2003;10;VRG;SBKP;SBBH;308,00;56
2003;10;VRG;SBPA;SBCT;327,00;113
2003;10;VRG;SBBR;SBSV;855,00;57
2003;10;VRG;SBRF;SBGL;761,00;381
2003;10;VRG;SBFL;SBGR;316,00;550
2003;10;VRG;SBVT;SBRJ;523,00;500
2003;10;VRG;SBSV;SBGR;1381,00;255
2003;10;VRG;SBGL;SBSV;743,00;40
2003;10;VRG;SBMQ;SBBE;418,00;1
2003;10;VRG;SBCT;SBGR;372,00;65
2003;10;VRG;SBSP;SBPS;714,00;6
2003;10;VRG;SBBR;SBGO;194,00;60
2003;10;VRG;SBGR;SBFL;258,00;430
2003;10;VRG;SBSV;SBBR;706,00;44
2003;10;VRG;SBBR;SBGL;506,00;201
2003;10;VRG;SBCT;SBGL;505,00;172
2003;10;VRG;SBSP;SBPS;499,00;301
2003;10;VRG;SBGR;SBPA;368,00;349
2003;10;VRG;SBVT;SBSP;579,00;81
2003;10;VRG;SBRJ;SBBR;506,00;1077
2003;10;VRG;SBSP;SBNF;525,00;162
2003;10;VRG;SBGL;SBFL;613,00;3
2003;10;VRG;SBBR;SBRJ;709,00;34
2003;10;VRG;SBBR;SBFL;999,00;7
2003;10;VRG;SBRJ;SBBR;776,00;154
2003;10;VRG;SBGL;SBCT;399,00;262
2003;10;VRG;SBBE;SBMQ;345,00;5
2003;10;VRG;SBFL;SBPA;418,00;2
2003;10;VRG;SBRJ;SBKP;238,00;11
2003;10;VRG;SBGL;SBSV;821,00;18
2003;10;VRG;SBSP;SBCT;450,00;213
2003;10;VRG;SBBR;SBGO;220,00;100
2003;10;VRG;SBKP;SBRJ;373,00;426
2003;10;VRG;SBRF;SBSV;689,00;224
2003;10;VRG;SBRP;SBSP;472,00;193
2003;10;VRG;SBBR;SBSP;364,00;303
2003;10;VRG;SBRF;SBFZ;550,00;7
2003;10;VRG;SBRF;SBFZ;239,00;1285
2003;10;VRG;SBSP;SBRP;395,00;112
2003;10;VRG;SBGR;SBFL;461,00;48
2003;10;VRG;SBFZ;SBRF;239,00;1193
2003;10;VRG;SBGR;SBPA;686,00;134
2003;10;VRG;SBSV;SBRF;524,00;33
2003;10;VRG;SBPA;SBCT;579,00;36
2003;10;VRG;SBSP;SBPA;439,00;4862
2003;10;VRG;SBCT;SBGL;699,00;79
2003;10;VRG;SBRJ;SBBR;844,00;1583
2003;10;VRG;SBFL;SBSP;510,00;1
2003;10;VRG;SBGR;SBFL;558,00;807
2003;10;VRG;SBRJ;SBBH;498,00;926
2003;10;VRG;SBCT;SBRJ;736,00;124
2003;10;VRG;SBPA;SBGR;752,00;1712
2003;10;VRG;SBPA;SBSP;686,00;5
2003;10;VRG;SBPA;SBBR;1125,00;29
2003;10;VRG;SBBR;SBGR;970,00;201
2003;10;VRG;SBSP;SBFL;273,00;1471
2003;10;VRG;SBBR;SBBH;401,00;362
2003;10;VRG;SBPA;SBFL;498,00;205
2003;10;VRG;SBGO;SBBR;272,00;13
2003;10;VRG;SBRF;SBFZ;492,00;249
2003;10;VRG;SBGR;SBBR;614,00;67
2003;10;VRG;SBGR;SBSV;691,00;1158
2003;10;VRG;SBGR;SBCT;587,00;144
2003;10;VRG;SBBR;SBSP;679,00;33
2003;10;VRG;SBCT;SBPA;216,00;16
2003;10;VRG;SBBH;SBSP;512,00;19
2003;10;VRG;SBBR;SBFZ;1199,00;97
2003;10;VRG;SBPA;SBGL;469,00;2572
2003;10;VRG;SBGO;SBBR;194,00;46
2003;10;VRG;SBSP;SBNF;480,00;13
2003;10;VRG;SBFZ;SBBR;726,00;1009
2003;10;VRG;SBGL;SBBR;776,00;115
2003;10;VRG;SBFL;SBGL;432,00;743
2003;10;VRG;SBPA;SBBR;1468,00;140
2003;10;VRG;SBBR;SBGR;549,00;322
2003;10;VRG;SBVT;SBRJ;356,00;344
2003;10;VRG;SBSP;SBGO;722,00;550
2003;10;VRG;SBBR;SBFZ;539,00;21
2003;10;VRG;SBCF;SBGR;731,00;55
2003;10;VRG;SBBR;SBFZ;911,00;8
2003;10;VRG;SBSP;SBPA;686,00;21
2003;10;VRG;SBUL;SBSP;293,00;34
2003;10;VRG;SBGL;SBRF;761,00;469
2003;10;VRG;SBRJ;SBBH;378,00;6
2003;10;VRG;SBRJ;SBCT;399,00;84
2003;10;VRG;SBGO;SBSP;597,00;29
2003;10;VRG;SBPA;SBCT;283,00;89
2003;10;VRG;SBSP;SBRJ;212,00;5799
2003;10;VRG;SBGL;SBPA;829,00;12
2003;10;VRG;SBFL;SBPA;498,00;130
2003;10;VRG;SBRJ;SBBR;449,00;2125
2003;10;VRG;SBPA;SBGL;1184,00;428
2003;10;VRG;SBKP;SBRJ;238,00;9
2003;10;VRG;SBBE;SBBR;476,00;612
2003;10;VRG;SBGR;SBFL;364,00;148
2003;10;VRG;SBGL;SBRF;1513,00;334
2003;10;VRG;SBPA;SBCT;428,00;154
2003;10;VRG;SBCT;SBRJ;625,00;3
2003;10;VRG;SBRJ;SBVT;235,00;21
2003;10;VRG;SBEG;SBGR;1668,00;438
2003;10;VRG;SBBR;SBSP;614,00;71
2003;10;VRG;SBFL;SBSP;607,00;511
2003;10;VRG;SBRJ;SBKP;413,00;30
2003;10;VRG;SBBE;SBBR;776,00;354
2003;10;VRG;SBFZ;SBRF;701,00;209
2003;10;VRG;SBFL;SBPA;339,00;74
2003;10;VRG;SBKP;SBCT;489,00;147
2003;10;VRG;SBGR;SBBR;364,00;36
2003;10;VRG;SBPA;SBFL;259,00;117
2003;10;VRG;SBSP;SBFL;607,00;475
2003;10;VRG;SBPA;SBFL;418,00;5
2003;10;VRG;SBKP;SBRJ;499,00;97
2003;10;VRG;SBRJ;SBBH;418,00;3
2003;10;VRG;SBSP;SBPS;865,00;95
2003;10;VRG;SBFL;SBPA;140,00;1044
2003;10;VRG;SBGR;SBCF;365,00;214
2003;10;VRG;SBSP;SBVT;409,00;3507
2003;10;VRG;SBGR;SBFL;728,00;50
2003;10;VRG;SBSP;SBPA;621,00;107
2003;10;VRG;SBSP;SBPA;817,00;1559
2003;10;VRG;SBPA;SBGL;592,00;281
2003;10;VRG;SBFL;SBGR;461,00;15
2003;10;VRG;SBRJ;SBBH;259,00;183
2003;10;VRG;SBVT;SBRJ;314,00;296
2003;10;VRG;SBSV;SBRF;634,00;55
2003;10;VRG;SBSP;SBPA;368,00;178
2003;10;VRG;SBGR;SBGL;350,00;102
2003;10;VRG;SBPS;SBSP;940,00;45
2003;10;VRG;SBRJ;SBBH;458,00;30
2003;10;VRG;SBPA;SBGL;829,00;5
2003;10;VRG;SBGL;SBFL;549,00;78
2003;10;VRG;SBFZ;SBRF;608,00;8
2003;10;VRG;SBFL;SBGR;364,00;163
2003;10;VRG;SBSP;SBBH;463,00;63
2003;10;VRG;SBBR;SBPA;1027,00;35
2003;10;VRG;SBBR;SBKP;519,00;98
2003;10;VRG;SBPA;SBFL;339,00;51
2003;10;VRG;SBKP;SBCT;299,00;708
2003;10;VRG;SBBR;SBGO;246,00;10
2003;10;VRG;SBFL;SBCT;184,00;44
2003;10;VRG;SBRJ;SBVT;481,00;154
2003;10;VRG;SBFL;SBCT;409,00;24
2003;10;VRG;SBPS;SBSP;499,00;121
2003;10;VRG;SBBR;SBGR;808,00;602
2003;10;VRG;SBCT;SBFL;311,00;5
2003;10;VRG;SBKP;SBBR;389,00;11
2003;10;VRG;SBBH;SBSP;463,00;54
2003;10;VRG;SBCT;SBGL;330,00;133
2003;10;VRG;SBBR;SBPA;1125,00;58
2003;10;VRG;SBGR;SBFL;510,00;15
2003;10;VRG;SBGR;SBFL;413,00;282
2003;10;VRG;SBGL;SBRF;1269,00;298
2003;10;VRG;SBBH;SBRJ;339,00;295
2003;10;VRG;SBBH;SBRJ;418,00;8
2003;10;VRG;SBGL;SBCT;625,00;42
2003;10;VRG;SBSV;SBRF;310,00;214
2003;10;VRG;SBGR;SBFL;273,00;475
2003;10;VRG;SBSP;SBVT;459,00;363
2003;10;VRG;SBSP;SBBH;414,00;1307
2003;10;VRG;SBSV;SBGR;1059,00;2321
2003;10;VRG;SBPA;SBCT;629,00;142
2003;10;VRG;SBCT;SBSP;411,00;12
2003;10;VRG;SBGR;SBPA;752,00;1679
2003;10;VRG;SBPA;SBFL;299,00;49
2003;10;VRG;SBKP;SBCT;220,00;7
2003;10;VRG;SBFL;SBPA;259,00;80
2003;10;VRG;SBKP;SBCT;319,00;220
2003;10;VRG;SBBE;SBBR;1141,00;263
2003;10;VRG;SBPA;SBCT;528,00;7
2003;10;VRG;SBSP;SBNF;343,00;255
2003;10;VRG;SBPA;SBGR;368,00;364
2003;10;VRG;SBBR;SBBE;1050,00;23
2003;10;VRG;SBPA;SBCT;216,00;19
2003;10;VRG;SBKP;SBBR;519,00;69
2003;10;VRG;SBGR;SBCF;414,00;184
2003;10;VRG;SBRJ;SBCT;459,00;57
2003;10;VRG;SBRJ;SBCT;330,00;2
2003;10;VRG;SBMQ;SBBE;540,00;7
2003;10;VRG;SBFL;SBGR;607,00;198
2003;10;VRG;SBPS;SBSP;865,00;76
2003;10;VRG;SBGL;SBCT;881,00;53
2003;10;VRG;SBSP;SBCT;411,00;10
2003;10;VRG;SBGR;SBEG;1401,00;111
2003;10;VRG;SBGR;SBFL;316,00;784
2003;10;VRG;SBFL;SBGR;510,00;13
2003;10;VRG;SBGR;SBCF;731,00;103
2003;10;VRG;SBGR;SBSV;875,00;160
2003;10;VRG;SBSV;SBGL;582,00;843
2003;10;VRG;SBGL;SBCT;579,00;6
2003;10;VRG;SBFL;SBPA;224,00;38
2003;10;VRG;SBSV;SBBR;780,00;12
2003;10;VRG;SBFZ;SBRF;665,00;57
2003;10;VRG;SBSP;SBGO;659,00;12
2003;10;VRG;SBSV;SBGL;436,00;205
2003;10;VRG;SBRF;SBGL;1513,00;274
2003;10;VRG;SBFL;SBSP;364,00;180
2003;10;VRG;SBKP;SBCT;383,00;18
2003;10;VRG;SBSP;SBUL;595,00;93
2003;10;VRG;SBSP;SBVT;326,00;147
2003;10;VRG;SBSP;SBGO;353,00;277
2003;10;VRG;SBBH;SBKP;463,00;1
2003;10;VRG;SBRJ;SBVT;200,00;3205
2003;10;VRG;SBGO;SBBR;220,00;148
2003;10;VRG;SBFL;SBGL;363,00;181
2003;10;VRG;SBBR;SBPA;1223,00;285
2003;10;VRG;SBBH;SBBR;562,00;15
2003;10;VRG;SBVT;SBRJ;200,00;2952
2003;10;VRG;SBGR;SBCF;609,00;286
2003;10;VRG;SBBR;SBGR;614,00;39
2003;10;VRG;SBGO;SBSP;785,00;429
2003;10;VRG;SBGL;SBRF;964,00;44
2003;10;VRG;SBGL;SBBR;709,00;8
2003;10;VRG;SBRF;SBGL;863,00;235
2003;10;VRG;SBVT;SBSP;724,00;352
2003;10;VRG;SBSV;SBBR;484,00;1570
2003;10;VRG;SBPA;SBGL;750,00;34
2003;10;VRG;SBSV;SBGL;508,00;633
2003;10;VRG;SBGL;SBSV;664,00;732
2003;10;VRG;SBBE;SBBR;1050,00;29
2003;10;VRG;SBGO;SBSP;534,00;836
2003;10;VRG;SBBR;SBSV;929,00;291
2003;10;VRG;SBSP;SBVT;699,00;286
2003;10;VRG;SBRJ;SBVT;523,00;755
2003;10;VRG;SBMQ;SBBE;381,00;1
2003;10;VRG;SBRJ;SBBH;224,00;1276
2003;10;VRG;SBGR;SBCT;489,00;664
2003;10;VRG;SBGR;SBCT;339,00;518
2003;10;VRG;SBGL;SBRF;567,00;235
2003;10;VRG;SBSP;SBBH;274,00;322
2003;10;VRG;SBBH;SBRJ;378,00;10
2003;10;VRG;SBGL;SBCT;736,00;130
2003;10;VRG;SBGL;SBBR;439,00;628
2003;10;VRG;SBSP;SBBH;365,00;904
2003;10;VRG;SBSP;SBBR;614,00;119
2003;10;VRG;SBUL;SBSP;529,00;1
2003;10;VRG;SBRF;SBGL;664,00;1693
2003;10;VRG;SBSP;SBPS;790,00;1
2003;10;VRG;SBRJ;SBBR;574,00;1132
2003;10;VRG;SBBE;SBMQ;159,00;20
2003;10;VRG;SBKP;SBBR;796,00;12
2003;10;VRG;SBBR;SBPA;1468,00;168
2003;10;VRG;SBCT;SBKP;319,00;137
2003;10;VRG;SBBR;SBBE;1141,00;332
2003;10;VRG;SBBR;SBSP;808,00;1985
2003;10;VRG;SBSP;SBNF;257,00;418
2003;10;VRG;SBSP;SBFL;510,00;7
2003;10;VRG;SBFZ;SBRF;377,00;231
2003;10;VRG;SBKP;SBRJ;538,00;451
2003;10;VRG;SBSP;SBFL;461,00;16
2003;10;VRG;SBRJ;SBBR;431,00;85
2003;10;VRG;SBBR;SBFL;912,00;2
2003;10;VRG;SBSP;SBBH;609,00;2015
2003;10;VRG;SBBR;SBBH;306,00;784
2003;10;VRG;SBBR;SBFZ;1103,00;4
2003;10;VRG;SBGL;SBFL;807,00;108
2003;10;VRG;SBSP;SBCT;372,00;31
2003;10;VRG;SBBR;SBSV;418,00;189
2003;10;VRG;SBBR;SBFZ;1436,00;45
2003;10;VRG;SBBR;SBPA;734,00;490
2003;10;VRG;SBBR;SBFL;738,00;37
2003;10;VRG;SBGL;SBCT;505,00;157
2003;10;VRG;SBCT;SBRJ;331,00;263
2003;10;VRG;SBRF;SBSV;579,00;3
2003;10;VRG;SBBE;SBMQ;309,00;79
2003;10;VRG;SBBE;SBMQ;454,00;103
2003;10;VRG;SBNF;SBSP;343,00;188
2003;10;VRG;SBMQ;SBBE;309,00;59
2003;10;VRG;SBBE;SBBR;958,00;11
2003;10;VRG;SBBR;SBRJ;776,00;190
2003;10;VRG;SBBR;SBBH;301,00;61
2003;10;VRG;SBGL;SBFL;678,00;3
2003;10;VRG;SBGL;SBPA;444,00;205
2003;10;VRG;SBBR;SBBE;867,00;23
2003;10;VRG;SBCT;SBSP;489,00;1994
2003;10;VRG;SBGR;SBBR;549,00;269
2003;10;VRG;SBRF;SBGL;1066,00;4
2003;10;VRG;SBFL;SBSP;258,00;2047
2003;10;VRG;SBGO;SBSP;722,00;842
2003;10;VRG;SBGL;SBPA;671,00;528
2003;10;VRG;SBSV;SBRF;358,00;393
2003;10;VRG;SBFL;SBGR;728,00;33
2003;10;VRG;SBFL;SBBR;652,00;34
2003;10;VRG;SBGR;SBGL;552,00;1787
2003;10;VRG;SBFL;SBPA;378,00;6
2003;10;VRG;SBMQ;SBBE;125,00;558
2003;10;VRG;SBGL;SBPA;987,00;528
2003;10;VRG;SBGL;SBSV;508,00;489
2003;10;VRG;SBSV;SBBR;855,00;37
2003;10;VRG;SBSP;SBFL;364,00;187
2003;10;VRG;SBSP;SBVT;579,00;32
2003;10;VRG;SBBH;SBKP;414,00;22
2003;10;VRG;SBBR;SBFZ;815,00;80
2003;10;VRG;SBSV;SBGL;821,00;10
2003;10;VRG;SBUL;SBSP;727,00;172
2003;10;VRG;SBEG;SBGR;1401,00;27
2003;10;VRG;SBBH;SBBR;615,00;72
2003;10;VRG;SBGR;SBSV;1381,00;187
2003;10;VRG;SBSP;SBUL;403,00;958
2003;10;VRG;SBBR;SBSP;485,00;1328
2003;10;VRG;SBGR;SBGL;386,00;65
2003;10;VRG;SBPA;SBGR;686,00;132
2003;10;VRG;SBSP;SBUL;293,00;33
2003;10;VRG;SBBR;SBKP;389,00;7
2003;10;VRG;SBBH;SBKP;269,00;18
2003;10;VRG;SBCT;SBSP;220,00;461
2003;10;VRG;SBPA;SBGR;556,00;721
2003;10;VRG;SBBE;SBMQ;418,00;2
2003;10;VRG;SBRJ;SBVT;397,00;27
2003;10;VRG;SBSP;SBNF;388,00;431
2003;10;VRG;SBCT;SBKP;464,00;24
2003;10;VRG;SBCT;SBPA;377,00;155
2003;10;VRG;SBCF;SBGR;512,00;21
2003;10;VRG;SBBH;SBKP;178,00;598
2003;10;VRG;SBBR;SBSV;706,00;53
2003;10;VRG;SBPA;SBGL;513,00;578
2003;10;VRG;SBCT;SBGL;736,00;179
2003;10;VRG;SBBR;SBKP;657,00;8
2003;10;VRG;SBBR;SBBH;562,00;14
2003;10;VRG;SBRF;SBSV;413,00;286
2003;10;VRG;SBCT;SBGR;587,00;138
2003;10;VRG;SBRF;SBSV;310,00;163
2003;10;VRG;SBRJ;SBCT;699,00;29
2003;10;VRG;SBRF;SBFZ;434,00;189
2003;10;VRG;SBRF;SBSV;524,00;27
2003;10;VRG;SBBR;SBFL;489,00;57
2003;10;VRG;SBBR;SBRJ;574,00;1003
2003;10;VRG;SBSV;SBRF;579,00;4
2003;10;VRG;SBFZ;SBBR;1103,00;5
2003;10;VRG;SBGL;SBPA;908,00;235
2003;10;VRG;SBCT;SBKP;343,00;182
2003;10;VRG;SBKP;SBBR;399,00;155
2003;10;VRG;SBPA;SBGR;980,00;6
2003;10;VRG;SBGR;SBGL;207,00;110
2003;10;VRG;SBBH;SBSP;560,00;231
2003;10;VRG;SBRJ;SBKP;538,00;418
2003;10;VRG;SBGR;SBEG;1535,00;498
2003;10;VRG;SBVT;SBSP;699,00;314
2003;10;VRG;SBBH;SBKP;560,00;5
2003;10;VRG;SBBE;SBMQ;381,00;5
2003;10;VRG;SBSP;SBCT;489,00;1677
2003;10;VRG;SBVT;SBSP;459,00;516
2003;10;VRG;SBBR;SBRJ;844,00;1913
2003;10;VRG;SBBR;SBSP;743,00;176
2003;10;VRG;SBEG;SBGR;1268,00;15
2003;10;VRG;SBEG;SBGR;834,00;3595
2003;10;VRG;SBNF;SBSP;251,00;2819
2003;10;VRG;SBKP;SBRJ;329,00;935
2003;10;VRG;SBPA;SBFL;458,00;235
2003;10;VRG;SBKP;SBRJ;463,00;12
2003;10;VRG;SBPA;SBSP;621,00;90
2003;10;VRG;SBGO;SBBR;324,00;64
2003;10;VRG;SBGR;SBEG;1268,00;15
2003;10;VRG;SBPS;SBSP;790,00;2
2003;10;VRG;SBGL;SBRF;1167,00;193
2003;10;VRG;SBBR;SBBE;476,00;580
2003;10;VRG;SBRJ;SBVT;314,00;213
2003;10;VRG;SBSV;SBRF;689,00;292
2003;10;VRG;SBSP;SBPS;940,00;37
2003;10;VRG;SBVT;SBRJ;481,00;195
2003;10;VRG;SBCF;SBGR;560,00;750
2003;10;VRG;SBRF;SBFZ;274,00;7
2003;10;VRG;SBGL;SBBR;506,00;142
2003;10;VRG;SBPA;SBCT;478,00;9
2003;10;VRG;SBFZ;SBBR;1436,00;114
2003;10;VRG;SBGR;SBGL;423,00;592
2003;10;VRG;SBBR;SBKP;450,00;208
2003;10;VRG;SBBR;SBFZ;726,00;503
2003;10;VRG;SBKP;SBBR;865,00;48
2003;10;VRG;SBKP;SBCT;423,00;3
2003;10;VRG;SBRF;SBSV;634,00;26
2003;10;VRG;SBBR;SBFZ;1007,00;1
2003;10;VRG;SBSV;SBGL;459,00;1628
2003;10;VRG;SBBR;SBGO;298,00;12
2003;10;VRG;SBGL;SBCT;331,00;1367
2003;10;VRG;SBBR;SBBE;958,00;9
2003;10;VRG;SBPA;SBFL;378,00;10
2003;10;VRG;SBFZ;SBRF;315,00;76
2003;10;VRG;SBSP;SBGO;785,00;640
2003;10;VRG;SBRJ;SBSP;212,00;6591
2003;10;VRG;SBCT;SBSP;372,00;21
2003;10;VRG;SBSV;SBRF;469,00;252
2003;10;VRG;SBGO;SBSP;353,00;258
2003;10;VRG;SBGR;SBPA;817,00;1711
2003;10;VRG;SBRJ;SBBR;641,00;95
2003;10;VRG;SBBR;SBBH;508,00;69
2003;10;VRG;SBCT;SBSP;339,00;677
2003;10;VRG;SBFZ;SBRF;434,00;272
2003;10;VRG;SBKP;SBBH;269,00;25
2003;10;VRG;SBCT;SBGR;220,00;239
2003;10;VRG;SBBE;SBMQ;540,00;4
2003;10;VRG;SBGL;SBGR;552,00;1743
2003;10;VRG;SBCT;SBFL;286,00;379
2003;10;VRG;SBGL;SBFL;363,00;141
2003;10;VRG;SBRF;SBFZ;377,00;238
2003;10;VRG;SBBR;SBFL;500,00;187
2003;10;VRG;SBFL;SBBR;869,00;3
2003;10;VRG;SBGL;SBGR;276,00;891
2003;10;VRG;SBGR;SBEG;751,00;267
2003;10;VRG;SBFL;SBBR;760,00;57
2003;10;VRG;SBBR;SBRJ;641,00;128
2003;10;VRG;SBGO;SBBR;146,00;95
2003;10;VRG;SBSV;SBGR;783,00;674
2003;10;VRG;SBGR;SBSV;967,00;27
2003;10;VRG;SBKP;SBBH;560,00;2
2003;10;VRG;SBSP;SBUL;463,00;12
2003;10;VRG;SBBR;SBBH;455,00;454
2003;10;VRG;SBSP;SBBH;512,00;8
2003;10;VRG;SBBE;SBBR;685,00;254
2003;10;VRG;SBBR;SBGO;164,00;323
2003;10;VRG;SBFL;SBCT;311,00;2
2003;10;VRG;SBRF;SBFZ;315,00;37
2003;10;VRG;SBGR;SBCF;512,00;34
2003;10;VRG;SBFL;SBBR;500,00;232
2003;10;VRG;SBPA;SBSP;556,00;726
2003;10;VRG;SBGL;SBPA;513,00;563
2003;10;VRG;SBSP;SBVT;724,00;377
2003;10;VRG;SBGR;SBCT;372,00;87
2003;10;VRG;SBFL;SBPA;209,00;30
2003;10;VRG;SBCT;SBFL;409,00;45
2003;10;VRG;SBKP;SBBH;178,00;553
2003;10;VRG;SBBR;SBGO;272,00;3
2003;10;VRG;SBBR;SBGO;146,00;100
2003;10;VRG;SBGR;SBSV;603,00;3901
2003;10;VRG;SBSV;SBBR;418,00;155
2003;10;VRG;SBBR;SBPA;550,00;114
2003;10;VRG;SBFZ;SBBR;539,00;111
2003;10;VRG;SBBR;SBRJ;419,00;4463
2003;10;VRG;SBGL;SBBR;844,00;258
2003;10;VRG;SBGR;SBEG;1134,00;542
2003;10;VRG;SBPA;SBGL;987,00;460
2003;10;VRG;SBCT;SBGR;489,00;405
2003;10;VRG;SBBH;SBBR;455,00;394
2003;10;VRG;SBCT;SBPA;629,00;146
2003;10;VRG;SBGL;SBFL;742,00;90
2003;10;VRG;SBGL;SBRF;863,00;330
2003;10;VRG;SBBR;SBSV;632,00;419
2003;10;VRG;SBSP;SBVT;639,00;23
2003;10;VRG;SBSP;SBFL;316,00;525
2003;10;VRG;SBRJ;SBVT;439,00;7
2003;10;VRG;SBRJ;SBBH;339,00;395
2003;10;VRG;SBCF;SBGR;365,00;453
2003;10;VRG;SBPA;SBSP;752,00;197
2003;10;VRG;SBBE;SBMQ;189,00;22
2003;10;VRG;SBRP;SBSP;395,00;125
2003;10;VRG;SBRF;SBSV;256,00;1004
2003;10;VRG;SBBR;SBFL;569,00;84
2003;10;VRG;SBSP;SBVT;519,00;267
2003;10;VRG;SBPA;SBGR;439,00;1711
2003;10;VRG;SBBR;SBFL;1086,00;41
2003;10;VRG;SBGL;SBRF;664,00;1441
2003;10;VRG;SBCT;SBPA;528,00;3
2003;10;VRG;SBSP;SBGO;479,00;1842
2003;10;VRG;SBPA;SBSP;368,00;229
2003;10;VRG;SBSV;SBGL;664,00;744
2003;10;VRG;SBBR;SBGL;1013,00;268
2003;10;VRG;SBBH;SBBR;301,00;28
2003;10;VRG;SBFL;SBSP;558,00;55
2003;10;VRG;SBCT;SBRJ;579,00;6
2003;10;VRG;SBBR;SBGL;844,00;352
2003;10;VRG;SBBR;SBGR;679,00;36
2003;10;VRG;SBGO;SBBR;164,00;419
2003;10;VRG;SBRJ;SBBH;200,00;3991
2003;10;VRG;SBSP;SBPS;579,00;67
2003;10;VRG;SBBH;SBKP;215,00;28
2003;10;VRG;SBBH;SBSP;274,00;264
2003;10;VRG;SBRJ;SBKP;329,00;925
2003;10;VRG;SBGR;SBGL;243,00;2978
2003;10;VRG;SBNF;SBSP;257,00;354
2003;10;VRG;SBGL;SBBR;419,00;838
2003;10;VRG;SBCT;SBGL;579,00;5
2003;10;VRG;SBRJ;SBBR;419,00;4485
2003;10;VRG;SBGR;SBEG;834,00;3585
2003;10;VRG;SBKP;SBCT;464,00;30
2003;10;VRG;SBBR;SBFL;1303,00;4
2003;10;VRG;SBFL;SBGL;968,00;70
2003;10;VRG;SBFL;SBGL;742,00;71
2003;10;VRG;SBFL;SBBR;999,00;2
2003;10;VRG;SBRJ;SBSP;319,00;37257
2003;10;VRG;SBGL;SBSV;977,00;516
2003;10;VRG;SBSV;SBGR;518,00;528
2003;10;VRG;SBBR;SBGR;485,00;164
2003;10;VRG;SBBR;SBSP;419,00;7128
2003;10;VRG;SBNF;SBSP;525,00;141
2003;10;VRG;SBVT;SBSP;639,00;53
2003;10;VRG;SBBR;SBGL;431,00;43
2003;10;VRG;SBFL;SBSP;273,00;1279
2003;10;VRG;SBBH;SBSP;365,00;975
2003;10;VRG;SBEG;SBGR;1134,00;491
2003;10;VRG;SBFL;SBGR;273,00;432
2003;10;VRG;SBVT;SBRJ;272,00;830
2003;10;VRG;SBGR;SBSV;1059,00;2577
2003;10;VRG;SBPS;SBSP;423,00;133
2003;10;VRG;SBCT;SBSP;450,00;117
2003;10;VSP;SBGL;SBKP;515,00;21
2003;10;VSP;SBSP;SBBR;319,00;436
2003;10;VSP;SBBR;SBCF;289,00;9
2003;10;VSP;SBFL;SBBR;360,00;36
2003;10;VSP;SBSV;SBGR;379,00;183
2003;10;VSP;SBBR;SBBE;860,00;20
2003;10;VSP;SBBR;SBFL;404,00;12
2003;10;VSP;SBBR;SBKP;828,00;5
2003;10;VSP;SBGL;SBCT;357,00;9
2003;10;VSP;SBSV;SBBR;904,00;73
2003;10;VSP;SBRF;SBSV;438,00;16
2003;10;VSP;SBSV;SBGL;636,00;59
2003;10;VSP;SBEG;SBGR;1678,00;10
2003;10;VSP;SBGR;SBBR;608,00;1
2003;10;VSP;SBCT;SBPA;144,00;110
2003;10;VSP;SBGR;SBFL;159,00;425
2003;10;VSP;SBBR;SBBE;746,00;22
2003;10;VSP;SBBR;SBPA;615,00;22
2003;10;VSP;SBBR;SBCT;499,00;21
2003;10;VSP;SBBE;SBBR;631,00;75
2003;10;VSP;SBFL;SBGR;615,00;65
2003;10;VSP;SBRF;SBSV;184,00;509
2003;10;VSP;SBGR;SBCF;592,00;22
2003;10;VSP;SBGR;SBCT;370,00;8
2003;10;VSP;SBGR;SBBR;214,00;553
2003;10;VSP;SBGR;SBGL;365,00;1
2003;10;VSP;SBPA;SBGL;329,00;25
2003;10;VSP;SBBR;SBCT;598,00;1
2003;10;VSP;SBSP;SBBR;689,00;1
2003;10;VSP;SBBH;SBSP;326,00;3
2003;10;VSP;SBBR;SBKP;250,00;109
2003;10;VSP;SBSV;SBBR;452,00;346
2003;10;VSP;SBGO;SBBR;330,00;39
2003;10;VSP;SBSV;SBGR;636,00;540
2003;10;VSP;SBSV;SBBR;409,00;205
2003;10;VSP;SBBR;SBBE;688,00;41
2003;10;VSP;SBBR;SBFZ;781,00;24
2003;10;VSP;SBCT;SBGR;296,00;17
2003;10;VSP;SBGL;SBPA;496,00;1
2003;10;VSP;SBGR;SBPA;821,00;88
2003;10;VSP;SBGL;SBSV;359,00;218
2003;10;VSP;SBBR;SBSV;497,00;467
2003;10;VSP;SBSV;SBBR;542,00;257
2003;10;VSP;SBPA;SBGL;595,00;3
2003;10;VSP;SBGR;SBSV;636,00;616
2003;10;VSP;SBCT;SBGL;464,00;8
2003;10;VSP;SBSP;SBBH;296,00;8
2003;10;VSP;SBSV;SBGL;489,00;205
2003;10;VSP;SBGR;SBCF;385,00;2
2003;10;VSP;SBBH;SBBR;327,00;86
2003;10;VSP;SBCT;SBGL;714,00;17
2003;10;VSP;SBGO;SBBR;165,00;72
2003;10;VSP;SBGR;SBFL;400,00;12
2003;10;VSP;SBPA;SBBR;615,00;35
2003;10;VSP;SBCT;SBGR;493,00;5
2003;10;VSP;SBCT;SBBR;748,00;16
2003;10;VSP;SBSV;SBGL;538,00;1241
2003;10;VSP;SBBR;SBGR;319,00;95
2003;10;VSP;SBGL;SBPA;644,00;5
2003;10;VSP;SBRF;SBSV;144,00;1224
2003;10;VSP;SBKP;SBGL;515,00;30
2003;10;VSP;SBGL;SBSV;489,00;302
2003;10;VSP;SBSV;SBGR;578,00;87
2003;10;VSP;SBGR;SBPA;299,00;51
2003;10;VSP;SBMQ;SBBE;294,00;10
2003;10;VSP;SBCT;SBPA;347,00;9
2003;10;VSP;SBEG;SBGR;923,00;75
2003;10;VSP;SBGR;SBFL;189,00;15
2003;10;VSP;SBBR;SBGO;330,00;58
2003;10;VSP;SBGR;SBEG;599,00;35
2003;10;VSP;SBBR;SBPA;1229,00;8
2003;10;VSP;SBSV;SBGR;296,00;2747
2003;10;VSP;SBBR;SBSP;608,00;30
2003;10;VSP;SBGL;SBCT;714,00;15
2003;10;VSP;SBCF;SBGR;237,00;31
2003;10;VSP;SBBR;SBSV;904,00;53
2003;10;VSP;SBCT;SBGR;320,00;15
2003;10;VSP;SBPA;SBSP;616,00;5
2003;10;VSP;SBSP;SBPA;359,00;3
2003;10;VSP;SBGO;SBBR;198,00;121
2003;10;VSP;SBPA;SBBR;519,00;19
2003;10;VSP;SBSP;SBCT;370,00;8
2003;10;VSP;SBSP;SBPA;534,00;7
2003;10;VSP;SBRF;SBGL;1266,00;45
2003;10;VSP;SBBR;SBSV;588,00;36
2003;10;VSP;SBBR;SBGO;139,00;1657
2003;10;VSP;SBBR;SBPA;737,00;3
2003;10;VSP;SBBR;SBCF;424,00;1
2003;10;VSP;SBBH;SBSP;592,00;21
2003;10;VSP;SBCT;SBGR;271,00;20
2003;10;VSP;SBCF;SBBR;653,00;4
2003;10;VSP;SBPA;SBSP;299,00;22
2003;10;VSP;SBSV;SBRF;371,00;277
2003;10;VSP;SBBR;SBCT;449,00;5
2003;10;VSP;SBGL;SBBR;620,00;1
2003;10;VSP;SBGO;SBBR;139,00;1576
2003;10;VSP;SBMQ;SBBE;103,00;1082
2003;10;VSP;SBGL;SBGR;249,00;156
2003;10;VSP;SBBE;SBMQ;103,00;1376
2003;10;VSP;SBBR;SBGR;214,00;402
2003;10;VSP;SBBR;SBBE;574,00;83
2003;10;VSP;SBFZ;SBRF;409,00;200
2003;10;VSP;SBBR;SBBE;415,00;47
2003;10;VSP;SBGL;SBCT;464,00;5
2003;10;VSP;SBFL;SBBR;697,00;1
2003;10;VSP;SBGR;SBGL;487,00;61
2003;10;VSP;SBBR;SBPA;569,00;13
2003;10;VSP;SBBR;SBCT;399,00;63
2003;10;VSP;SBGR;SBBR;405,00;46
2003;10;VSP;SBCT;SBGR;370,00;5
2003;10;VSP;SBBR;SBPA;469,00;101
2003;10;VSP;SBCF;SBBR;359,00;4
2003;10;VSP;SBRF;SBFZ;579,00;15
2003;10;VSP;SBMQ;SBBE;227,00;83
2003;10;VSP;SBBR;SBFL;1073,00;3
2003;10;VSP;SBBR;SBBE;1147,00;30
2003;10;VSP;SBBH;SBSP;444,00;1
2003;10;VSP;SBPA;SBGL;279,00;562
2003;10;VSP;SBFL;SBGR;308,00;25
2003;10;VSP;SBGR;SBEG;1678,00;13
2003;10;VSP;SBPA;SBGR;411,00;41
2003;10;VSP;SBBR;SBSP;446,00;225
2003;10;VSP;SBBH;SBSP;355,00;1
2003;10;VSP;SBBR;SBGR;405,00;34
2003;10;VSP;SBBR;SBFZ;661,00;16
2003;10;VSP;SBSV;SBBR;678,00;25
2003;10;VSP;SBCT;SBSP;370,00;9
2003;10;VSP;SBGR;SBCF;237,00;24
2003;10;VSP;SBGR;SBCF;296,00;13
2003;10;VSP;SBCT;SBGL;357,00;26
2003;10;VSP;SBSP;SBBH;355,00;3
2003;10;VSP;SBBE;SBMQ;340,00;20
2003;10;VSP;SBGR;SBCT;320,00;9
2003;10;VSP;SBFZ;SBRF;169,00;1420
2003;10;VSP;SBRF;SBSV;404,00;92
2003;10;VSP;SBBR;SBFL;590,00;13
2003;10;VSP;SBBE;SBBR;1147,00;25
2003;10;VSP;SBSV;SBGR;1156,00;205
2003;10;VSP;SBCF;SBBR;392,00;1
2003;10;VSP;SBFZ;SBRF;341,00;83
2003;10;VSP;SBBR;SBGL;299,00;329
2003;10;VSP;SBBR;SBFL;360,00;75
2003;10;VSP;SBFL;SBGR;159,00;481
2003;10;VSP;SBRF;SBSV;219,00;99
2003;10;VSP;SBBR;SBBH;359,00;88
2003;10;VSP;SBPA;SBGL;991,00;38
2003;10;VSP;SBGR;SBPA;359,00;16
2003;10;VSP;SBGL;SBKP;279,00;464
2003;10;VSP;SBCT;SBSP;320,00;1
2003;10;VSP;SBPA;SBGL;545,00;141
2003;10;VSP;SBGO;SBBR;215,00;23
2003;10;VSP;SBSP;SBBH;444,00;2
2003;10;VSP;SBGR;SBSV;751,00;13
2003;10;VSP;SBSP;SBRJ;249,00;13155
2003;10;VSP;SBGL;SBSV;308,00;2005
2003;10;VSP;SBBR;SBGR;527,00;15
2003;10;VSP;SBCT;SBPA;630,00;5
2003;10;VSP;SBBR;SBBH;424,00;1
2003;10;VSP;SBRF;SBFZ;341,00;86
2003;10;VSP;SBBH;SBBR;653,00;22
2003;10;VSP;SBGL;SBPA;329,00;9
2003;10;VSP;SBMQ;SBBE;131,00;105
2003;10;VSP;SBGO;SBBR;248,00;12
2003;10;VSP;SBBH;SBBR;260,00;473
2003;10;VSP;SBPA;SBSP;411,00;9
2003;10;VSP;SBGL;SBBR;827,00;81
2003;10;VSP;SBGR;SBPA;616,00;1
2003;10;VSP;SBGL;SBBR;299,00;240
2003;10;VSP;SBSP;SBCT;237,00;156
2003;10;VSP;SBBR;SBKP;290,00;78
2003;10;VSP;SBBR;SBSP;369,00;98
2003;10;VSP;SBPA;SBGL;743,00;1
2003;10;VSP;SBBR;SBGO;215,00;2
2003;10;VSP;SBFZ;SBRF;375,00;392
2003;10;VSP;SBFL;SBGR;189,00;72
2003;10;VSP;SBFL;SBBR;1073,00;2
2003;10;VSP;SBBR;SBSV;452,00;481
2003;10;VSP;SBFZ;SBBR;661,00;9
2003;10;VSP;SBBR;SBCT;997,00;9
2003;10;VSP;SBPA;SBGL;496,00;38
2003;10;VSP;SBBR;SBPA;922,00;1
2003;10;VSP;SBMQ;SBBE;340,00;18
2003;10;VSP;SBCF;SBGR;326,00;19
2003;10;VSP;SBBH;SBBR;289,00;48
2003;10;VSP;SBSP;SBBR;369,00;182
2003;10;VSP;SBRF;SBSV;371,00;276
2003;10;VSP;SBGR;SBFL;369,00;20
2003;10;VSP;SBGR;SBEG;1091,00;1
2003;10;VSP;SBBR;SBCF;490,00;8
2003;10;VSP;SBBR;SBFZ;901,00;8
2003;10;VSP;SBPA;SBGR;534,00;22
2003;10;VSP;SBSV;SBGL;308,00;1871
2003;10;VSP;SBBH;SBBR;490,00;11
2003;10;VSP;SBEG;SBGR;839,00;4
2003;10;VSP;SBGR;SBCT;237,00;212
2003;10;VSP;SBSV;SBGL;587,00;231
2003;10;VSP;SBSP;SBBR;486,00;321
2003;10;VSP;SBSV;SBGR;694,00;219
2003;10;VSP;SBCF;SBGR;296,00;17
2003;10;VSP;SBGR;SBFL;615,00;55
2003;10;VSP;SBPA;SBGR;493,00;74
2003;10;VSP;SBEG;SBGR;500,00;266
2003;10;VSP;SBSP;SBPA;821,00;6
2003;10;VSP;SBFZ;SBRF;681,00;49
2003;10;VSP;SBGR;SBGL;268,00;104
2003;10;VSP;SBGL;SBRF;1266,00;35
2003;10;VSP;SBFZ;SBRF;252,00;28
2003;10;VSP;SBBR;SBSP;527,00;44
2003;10;VSP;SBFL;SBGR;369,00;12
2003;10;VSP;SBGL;SBBR;496,00;10
2003;10;VSP;SBBR;SBGR;486,00;62
2003;10;VSP;SBCT;SBGL;393,00;17
2003;10;VSP;SBBR;SBGO;182,00;278
2003;10;VSP;SBKP;SBBR;414,00;2
2003;10;VSP;SBGR;SBBR;689,00;1
2003;10;VSP;SBBR;SBGL;359,00;44
2003;10;VSP;SBRF;SBFZ;375,00;327
2003;10;VSP;SBCT;SBGL;299,00;26
2003;10;VSP;SBRF;SBFZ;199,00;118
2003;10;VSP;SBMQ;SBBE;249,00;36
2003;10;VSP;SBBR;SBFL;537,00;29
2003;10;VSP;SBGR;SBPA;493,00;18
2003;10;VSP;SBRF;SBFZ;409,00;175
2003;10;VSP;SBSP;SBPA;493,00;1
2003;10;VSP;SBPA;SBCT;630,00;3
2003;10;VSP;SBSV;SBGL;978,00;139
2003;10;VSP;SBCF;SBGR;186,00;310
2003;10;VSP;SBPA;SBSP;266,00;87
2003;10;VSP;SBGR;SBCT;296,00;25
2003;10;VSP;SBSP;SBCT;320,00;1
2003;10;VSP;SBGL;SBCT;393,00;8
2003;10;VSP;SBFZ;SBBR;569,00;172
2003;10;VSP;SBGR;SBSV;578,00;161
2003;10;VSP;SBCF;SBBR;260,00;138
2003;10;VSP;SBEG;SBGR;1007,00;9
2003;10;VSP;SBGR;SBEG;1007,00;11
2003;10;VSP;SBRF;SBFZ;681,00;78
2003;10;VSP;SBKP;SBBR;329,00;9
2003;10;VSP;SBPA;SBGR;616,00;5
2003;10;VSP;SBSV;SBRF;404,00;87
2003;10;VSP;SBBR;SBSP;810,00;150
2003;10;VSP;SBGL;SBPA;279,00;583
2003;10;VSP;SBBR;SBKP;414,00;7
2003;10;VSP;SBGR;SBSV;296,00;2468
2003;10;VSP;SBGL;SBBR;414,00;18
2003;10;VSP;SBPA;SBGR;359,00;48
2003;10;VSP;SBSP;SBBR;405,00;211
2003;10;VSP;SBBR;SBGO;198,00;83
2003;10;VSP;SBFZ;SBRF;511,00;31
2003;10;VSP;SBBR;SBFZ;721,00;21
2003;10;VSP;SBBR;SBGL;455,00;237
2003;10;VSP;SBFZ;SBBR;601,00;25
2003;10;VSP;SBKP;SBGL;386,00;3
2003;10;VSP;SBSV;SBBR;379,00;685
2003;10;VSP;SBSV;SBRF;438,00;21
2003;10;VSP;SBKP;SBGL;279,00;445
2003;10;VSP;SBGR;SBCF;186,00;370
2003;10;VSP;SBBR;SBBH;653,00;19
2003;10;VSP;SBSP;SBBR;214,00;560
2003;10;VSP;SBBE;SBBR;688,00;28
2003;10;VSP;SBCT;SBBR;548,00;3
2003;10;VSP;SBBR;SBBE;631,00;113
2003;10;VSP;SBGL;SBKP;335,00;6
2003;10;VSP;SBSV;SBRF;184,00;544
2003;10;VSP;SBBE;SBMQ;453,00;16
2003;10;VSP;SBBR;SBGL;414,00;31
2003;10;VSP;SBBR;SBCT;352,00;72
2003;10;VSP;SBBR;SBBH;392,00;31
2003;10;VSP;SBGR;SBEG;1259,00;4
2003;10;VSP;SBBE;SBBR;860,00;11
2003;10;VSP;SBGL;SBPA;545,00;105
2003;10;VSP;SBSV;SBGR;751,00;33
2003;10;VSP;SBPA;SBGR;299,00;117
2003;10;VSP;SBGR;SBFL;308,00;11
2003;10;VSP;SBBE;SBBR;574,00;86
2003;10;VSP;SBGR;SBBR;527,00;3
2003;10;VSP;SBBR;SBSP;405,00;154
2003;10;VSP;SBGL;SBSV;587,00;277
2003;10;VSP;SBGR;SBCT;271,00;17
2003;10;VSP;SBGL;SBSV;978,00;117
2003;10;VSP;SBSP;SBPA;299,00;21
2003;10;VSP;SBBR;SBGR;446,00;46
2003;10;VSP;SBSP;SBPA;266,00;84
2003;10;VSP;SBBR;SBGR;369,00;41
2003;10;VSP;SBCT;SBGL;237,00;174
2003;10;VSP;SBGR;SBEG;923,00;47
2003;10;VSP;SBGL;SBBR;359,00;56
2003;10;VSP;SBPA;SBCT;199,00;6
2003;10;VSP;SBGR;SBPA;411,00;24
2003;10;VSP;SBGR;SBGL;292,00;41
2003;10;VSP;SBSP;SBCT;493,00;4
2003;10;VSP;SBGL;SBRF;556,00;760
2003;10;VSP;SBSV;SBGL;734,00;14
2003;10;VSP;SBFL;SBBR;404,00;24
2003;10;VSP;SBPA;SBSP;359,00;13
2003;10;VSP;SBSP;SBBR;608,00;37
2003;10;VSP;SBGL;SBRF;696,00;262
2003;10;VSP;SBGL;SBRF;950,00;1
2003;10;VSP;SBBR;SBGL;538,00;1
2003;10;VSP;SBBR;SBGO;165,00;134
2003;10;VSP;SBGL;SBRF;760,00;2
2003;10;VSP;SBBR;SBSP;486,00;306
2003;10;VSP;SBCT;SBBR;399,00;71
2003;10;VSP;SBPA;SBBR;569,00;15
2003;10;VSP;SBGL;SBBR;538,00;4
2003;10;VSP;SBPA;SBGR;452,00;84
2003;10;VSP;SBCT;SBPA;315,00;1
2003;10;VSP;SBSV;SBGL;831,00;6
2003;10;VSP;SBBH;SBSP;296,00;3
2003;10;VSP;SBRF;SBGL;823,00;20
2003;10;VSP;SBGL;SBSV;734,00;2
2003;10;VSP;SBCT;SBSP;237,00;170
2003;10;VSP;SBBR;SBBH;327,00;36
2003;10;VSP;SBGL;SBCT;536,00;3
2003;10;VSP;SBPA;SBGL;644,00;10
2003;10;VSP;SBBR;SBBE;330,00;765
2003;10;VSP;SBGR;SBBR;486,00;91
2003;10;VSP;SBBR;SBCT;648,00;10
2003;10;VSP;SBSP;SBBR;527,00;37
2003;10;VSP;SBRF;SBFZ;252,00;61
2003;10;VSP;SBSV;SBRF;219,00;149
2003;10;VSP;SBGL;SBGR;487,00;47
2003;10;VSP;SBCT;SBPA;199,00;2
2003;10;VSP;SBGL;SBBR;455,00;212
2003;10;VSP;SBBR;SBGL;260,00;448
2003;10;VSP;SBBR;SBGL;496,00;58
2003;10;VSP;SBGR;SBCT;493,00;4
2003;10;VSP;SBGR;SBCF;355,00;1
2003;10;VSP;SBFZ;SBBR;1201,00;4
2003;10;VSP;SBCT;SBPA;378,00;2
2003;10;VSP;SBBR;SBBH;289,00;17
2003;10;VSP;SBGR;SBEG;839,00;13
2003;10;VSP;SBGL;SBRF;633,00;26
2003;10;VSP;SBBE;SBMQ;227,00;71
2003;10;VSP;SBCF;SBBR;289,00;22
2003;10;VSP;SBFL;SBGR;219,00;33
2003;10;VSP;SBPA;SBCT;347,00;13
2003;10;VSP;SBGL;SBKP;309,00;5
2003;10;VSP;SBPA;SBCT;144,00;102
2003;10;VSP;SBRF;SBFZ;169,00;1401
2003;10;VSP;SBMQ;SBBE;453,00;25
2003;10;VSP;SBGR;SBBR;810,00;142
2003;10;VSP;SBBR;SBCF;327,00;15
2003;10;VSP;SBGL;SBGR;268,00;150
2003;10;VSP;SBBH;SBSP;186,00;1903
2003;10;VSP;SBCF;SBBR;490,00;13
2003;10;VSP;SBGL;SBSV;538,00;1092
2003;10;VSP;SBFZ;SBBR;721,00;19
2003;10;VSP;SBBR;SBGR;608,00;8
2003;10;VSP;SBBR;SBBH;260,00;486
2003;10;VSP;SBSV;SBRF;144,00;1334
2003;10;VSP;SBCT;SBBR;449,00;6
2003;10;VSP;SBFL;SBGR;461,00;20
2003;10;VSP;SBPA;SBCT;536,00;1
2003;10;VSP;SBKP;SBBR;497,00;2
2003;10;VSP;SBGL;SBSV;636,00;31
2003;10;VSP;SBGR;SBFL;338,00;97
2003;10;VSP;SBBR;SBGO;248,00;35
2003;10;VSP;SBSP;SBBH;186,00;1493
2003;10;VSP;SBBR;SBFZ;569,00;152
2003;10;VSP;SBMQ;SBBE;272,00;43
2003;10;VSP;SBBE;SBBR;415,00;44
2003;10;VSP;SBBR;SBCF;653,00;6
2003;10;VSP;SBBR;SBSP;214,00;694
2003;10;VSP;SBBR;SBGR;810,00;102
2003;10;VSP;SBBH;SBBR;424,00;5
2003;10;VSP;SBGR;SBSV;694,00;118
2003;10;VSP;SBBR;SBCT;748,00;8
2003;10;VSP;SBPA;SBBR;799,00;5
2003;10;VSP;SBBE;SBMQ;272,00;31
2003;10;VSP;SBCT;SBBR;499,00;15
2003;10;VSP;SBKP;SBGL;309,00;12
2003;10;VSP;SBGR;SBPA;266,00;527
2003;10;VSP;SBFZ;SBBR;781,00;36
2003;10;VSP;SBBE;SBBR;330,00;567
2003;10;VSP;SBRF;SBSV;674,00;41
2003;10;VSP;SBSP;SBBR;810,00;125
2003;10;VSP;SBGR;SBSV;1156,00;230
2003;10;VSP;SBBR;SBSV;542,00;279
2003;10;VSP;SBCF;SBGR;592,00;11
2003;10;VSP;SBGR;SBPA;452,00;114
2003;10;VSP;SBBR;SBSV;409,00;282
2003;10;VSP;SBBR;SBSV;379,00;605
2003;10;VSP;SBBH;SBBR;392,00;58
2003;10;VSP;SBSP;SBCT;296,00;1
2003;10;VSP;SBBR;SBGL;827,00;67
2003;10;VSP;SBCT;SBBR;352,00;86
2003;10;VSP;SBPA;SBBR;469,00;92
2003;10;VSP;SBRF;SBFZ;511,00;3
2003;10;VSP;SBPA;SBBR;922,00;2
2003;10;VSP;SBPA;SBCT;410,00;2
2003;10;VSP;SBBR;SBPA;799,00;3
2003;10;VSP;SBGL;SBRF;823,00;12
2003;10;VSP;SBBE;SBMQ;131,00;73
2003;10;VSP;SBKP;SBBR;828,00;7
2003;10;VSP;SBGL;SBCT;237,00;135
2003;10;VSP;SBFL;SBGR;338,00;163
2003;10;VSP;SBGR;SBSV;379,00;153
2003;10;VSP;SBFL;SBBR;537,00;17
2003;10;VSP;SBRF;SBSV;506,00;1
2003;10;VSP;SBBR;SBFZ;601,00;31
2003;10;VSP;SBPA;SBGR;266,00;717
2003;10;VSP;SBSP;SBBH;237,00;47
2003;10;VSP;SBRF;SBFZ;443,00;62
2003;10;VSP;SBPA;SBGR;821,00;102
2003;10;VSP;SBBR;SBCF;260,00;126
2003;10;VSP;SBBR;SBCF;359,00;1
2003;10;VSP;SBPA;SBCT;315,00;2
2003;10;VSP;SBBR;SBKP;455,00;16
2003;10;VSP;SBKP;SBBR;455,00;12
2003;10;VSP;SBGL;SBCT;299,00;16
2003;10;VSP;SBBE;SBMQ;249,00;42
2003;10;VSP;SBPA;SBCT;378,00;1
2003;10;VSP;SBGR;SBEG;500,00;332
2003;10;VSP;SBSP;SBPA;411,00;15
2003;10;VSP;SBGL;SBBR;260,00;443
2003;10;VSP;SBSV;SBRF;506,00;3
2003;10;VSP;SBGL;SBPA;991,00;61
2003;10;VSP;SBBH;SBSP;237,00;30
2003;10;VSP;SBGR;SBBR;319,00;100
2003;10;VSP;SBSP;SBBR;446,00;203
2003;10;VSP;SBBE;SBBR;746,00;2
2003;10;VSP;SBCF;SBBR;327,00;21
2003;10;VSP;SBCT;SBBR;997,00;5
2003;10;VSP;SBGL;SBPA;595,00;1
2003;10;VSP;SBBR;SBPA;676,00;5
2003;10;VSP;SBBR;SBSV;768,00;4
2003;10;VSP;SBCF;SBBR;424,00;7
2003;10;VSP;SBFL;SBGR;400,00;1
2003;10;VSP;SBSV;SBBR;588,00;64
2003;10;VSP;SBCT;SBSP;493,00;5
2003;10;VSP;SBCF;SBGR;444,00;2
2003;10;VSP;SBGR;SBSV;867,00;2
2003;10;VSP;SBBR;SBPA;519,00;26
2003;10;VSP;SBRF;SBGL;556,00;596
2003;10;VSP;SBGL;SBSV;831,00;1
2003;10;VSP;SBCT;SBGL;536,00;5
2003;10;VSP;SBRJ;SBSP;249,00;13007
2003;10;VSP;SBRF;SBGL;760,00;11
2003;10;VSP;SBFZ;SBRF;443,00;36
2003;10;VSP;SBBR;SBBH;490,00;6
2003;10;VSP;SBKP;SBBR;250,00;106
2003;10;VSP;SBPA;SBBR;1229,00;4
2003;10;VSP;SBPA;SBSP;493,00;2
2003;10;VSP;SBGL;SBKP;386,00;2
2003;10;VSP;SBGL;SBGR;292,00;8
2003;10;VSP;SBGR;SBFL;461,00;9
2003;10;VSP;SBPA;SBBR;676,00;9
2003;10;VSP;SBBR;SBFZ;1201,00;6
2003;10;VSP;SBSV;SBRF;674,00;60
2003;10;VSP;SBBR;SBCF;392,00;3
2003;10;VSP;SBSP;SBCT;271,00;2
2003;10;VSP;SBFL;SBBR;805,00;1
2003;10;VSP;SBBH;SBBR;359,00;121
2003;10;VSP;SBFZ;SBRF;199,00;113
2003;10;VSP;SBBR;SBGL;620,00;10
2003;10;VSP;SBBR;SBSP;319,00;665
2003;10;VSP;SBPA;SBSP;534,00;21
2003;10;VSP;SBSV;SBBR;497,00;453
2003;10;VSP;SBBE;SBMQ;294,00;1
2003;10;VSP;SBCT;SBBR;648,00;19
2003;10;VSP;SBSP;SBPA;616,00;3
2003;10;VSP;SBGR;SBBR;369,00;38
2003;10;VSP;SBEG;SBGR;599,00;48
2003;10;VSP;SBRF;SBGL;696,00;269
2003;10;VSP;SBGR;SBGL;317,00;2
2003;10;VSP;SBCT;SBGL;428,00;7
2003;10;VSP;SBPA;SBSP;452,00;8
2003;10;VSP;SBSV;SBGR;867,00;2
2003;10;VSP;SBCT;SBGR;237,00;195
2003;10;VSP;SBFZ;SBBR;901,00;4
2003;10;VSP;SBPA;SBBR;737,00;5
2003;10;VSP;SBFL;SBBR;590,00;5
2003;10;VSP;SBBR;SBKP;497,00;1
2003;10;VSP;SBSV;SBRF;337,00;144
2003;10;VSP;SBGR;SBFL;219,00;21
2003;10;VSP;SBGR;SBCF;326,00;1
2003;10;VSP;SBGR;SBBR;446,00;84
2003;10;VSP;SBBR;SBKP;329,00;19
2003;10;VSP;SBRF;SBSV;337,00;48
2003;10;VSP;SBGR;SBGL;249,00;310
2003;10;VSP;SBBR;SBSV;678,00;34
2003;10;VSP;SBKP;SBBR;290,00;72
2003;10;VSP;SBGO;SBBR;182,00;244
2003;10;VSP;SBGL;SBCT;428,00;5
2003;10;VSP;SBBR;SBCT;548,00;5
2003;10;VSP;SBSP;SBBH;592,00;15
2003;10;VSP;SBSV;SBGL;359,00;274
2003;10;VSP;SBRF;SBGL;633,00;41
2003;10;VSP;SBCT;SBSP;271,00;5
