ANO;MES;EMPRESA;ORIGEM;DESTINO;TARIFA;ASSENTOS
2003;11;GLO;SBCT;SBSP;281,90;362
2003;11;GLO;SBCT;SBRJ;262,29;84
2003;11;GLO;SBFL;SBSP;211,13;98
2003;11;GLO;SBCT;SBGL;266,53;752
2003;11;GLO;SBBH;SBRJ;187,80;802
2003;11;GLO;SBFL;SBRJ;211,00;110
2003;11;GLO;SBKP;SBCT;317,00;1
2003;11;GLO;SBFL;SBGL;249,00;3
2003;11;GLO;SBCT;SBBH;111,93;1498
2003;11;GLO;SBFL;SBSP;328,68;40
2003;11;GLO;SBPS;SBSP;201,39;23
2003;11;GLO;SBPA;SBGL;310,24;123
2003;11;GLO;SBSP;SBCT;243,00;98
2003;11;GLO;SBGL;SBSP;162,53;15
2003;11;GLO;SBGL;SBRF;443,79;94
2003;11;GLO;SBGL;SBSV;497,60;2
2003;11;GLO;SBSP;SBFL;289,80;189
2003;11;GLO;SBBR;SBPA;440,69;1183
2003;11;GLO;SBNF;SBSP;246,13;15
2003;11;GLO;SBSP;SBCT;263,76;688
2003;11;GLO;SBBR;SBPA;380,24;59
2003;11;GLO;SBBR;SBGO;128,48;125
2003;11;GLO;SBBR;SBFL;251,75;254
2003;11;GLO;SBBR;SBKP;215,51;442
2003;11;GLO;SBRF;SBSV;302,00;1
2003;11;GLO;SBSV;SBRF;204,39;2293
2003;11;GLO;SBFL;SBPA;112,00;7
2003;11;GLO;SBKP;SBRJ;294,86;312
2003;11;GLO;SBSV;SBRF;182,65;111
2003;11;GLO;SBGL;SBBR;367,65;8
2003;11;GLO;SBRJ;SBBH;210,02;365
2003;11;GLO;SBRF;SBSV;137,92;26
2003;11;GLO;SBGO;SBBR;135,99;9
2003;11;GLO;SBPS;SBSP;195,52;531
2003;11;GLO;SBGL;SBSV;377,96;4536
2003;11;GLO;SBGL;SBBR;273,00;3
2003;11;GLO;SBFZ;SBRF;434,00;1
2003;11;GLO;SBCT;SBBR;263,16;57
2003;11;GLO;SBCT;SBRJ;186,50;6
2003;11;GLO;SBBE;SBMQ;136,74;3171
2003;11;GLO;SBSP;SBRJ;293,00;8
2003;11;GLO;SBKP;SBBR;197,86;280
2003;11;GLO;SBRF;SBFZ;317,26;53
2003;11;GLO;SBRJ;SBVT;142,00;14
2003;11;GLO;SBBR;SBGL;395,74;30
2003;11;GLO;SBGL;SBSP;132,00;7
2003;11;GLO;SBBR;SBKP;354,44;7
2003;11;GLO;SBGO;SBBR;144,50;78
2003;11;GLO;SBSV;SBGL;250,00;2
2003;11;GLO;SBKP;SBBH;123,13;855
2003;11;GLO;SBBR;SBFZ;390,50;4
2003;11;GLO;SBSP;SBPA;368,00;1
2003;11;GLO;SBSP;SBBH;314,00;8
2003;11;GLO;SBGL;SBFL;287,63;87
2003;11;GLO;SBFL;SBPA;155,63;8
2003;11;GLO;SBGL;SBRF;465,20;5
2003;11;GLO;SBFZ;SBRF;198,73;57
2003;11;GLO;SBPA;SBCT;213,94;81
2003;11;GLO;SBRF;SBSV;442,00;1
2003;11;GLO;SBCT;SBBR;276,50;10
2003;11;GLO;SBBR;SBSP;398,12;58
2003;11;GLO;SBGL;SBBR;402,29;9
2003;11;GLO;SBRJ;SBBH;100,00;15
2003;11;GLO;SBRJ;SBBR;340,52;33
2003;11;GLO;SBBR;SBSP;367,29;838
2003;11;GLO;SBGL;SBGR;399,00;3
2003;11;GLO;SBBR;SBCT;500,00;20
2003;11;GLO;SBRJ;SBBR;542,00;1
2003;11;GLO;SBRJ;SBSP;176,17;2925
2003;11;GLO;SBNF;SBSP;300,09;15
2003;11;GLO;SBSV;SBGL;610,17;6
2003;11;GLO;SBPA;SBCT;134,00;29
2003;11;GLO;SBBR;SBBE;433,07;55
2003;11;GLO;SBKP;SBBH;162,50;16
2003;11;GLO;SBBH;SBSP;279,00;1
2003;11;GLO;SBSP;SBBR;373,71;614
2003;11;GLO;SBBR;SBRJ;414,98;132
2003;11;GLO;SBSP;SBPA;416,88;406
2003;11;GLO;SBPA;SBGL;378,08;65
2003;11;GLO;SBBR;SBCT;391,05;117
2003;11;GLO;SBBE;SBMQ;320,61;60
2003;11;GLO;SBSV;SBGL;815,00;2
2003;11;GLO;SBGL;SBPA;353,59;109
2003;11;GLO;SBNF;SBSP;228,91;90
2003;11;GLO;SBSP;SBGO;560,00;1
2003;11;GLO;SBBR;SBGL;381,27;54
2003;11;GLO;SBBH;SBCT;107,00;10
2003;11;GLO;SBBE;SBMQ;103,00;48
2003;11;GLO;SBGL;SBSP;195,10;328
2003;11;GLO;SBBR;SBCT;319,88;1178
2003;11;GLO;SBPA;SBSP;359,82;18
2003;11;GLO;SBCT;SBBH;162,00;68
2003;11;GLO;SBRJ;SBVT;151,09;4023
2003;11;GLO;SBBH;SBCT;162,00;74
2003;11;GLO;SBBR;SBGL;458,00;14
2003;11;GLO;SBBR;SBGO;144,28;102
2003;11;GLO;SBBH;SBBR;277,69;42
2003;11;GLO;SBSP;SBGO;243,00;4
2003;11;GLO;SBKP;SBRJ;268,25;23
2003;11;GLO;SBRJ;SBBH;183,00;2
2003;11;GLO;SBSP;SBRJ;190,96;4199
2003;11;GLO;SBRJ;SBSP;222,67;12
2003;11;GLO;SBBH;SBRJ;209,00;480
2003;11;GLO;SBKP;SBBH;178,75;12
2003;11;GLO;SBBH;SBKP;216,80;10
2003;11;GLO;SBPS;SBSP;126,51;703
2003;11;GLO;SBBR;SBBH;296,21;133
2003;11;GLO;SBSP;SBBH;345,00;7
2003;11;GLO;SBBH;SBSP;417,00;10
2003;11;GLO;SBRJ;SBBR;498,00;4
2003;11;GLO;SBSV;SBGL;379,21;43
2003;11;GLO;SBCT;SBGL;164,73;71
2003;11;GLO;SBPA;SBCT;150,00;2
2003;11;GLO;SBBR;SBFL;303,27;28
2003;11;GLO;SBFL;SBRJ;161,72;36
2003;11;GLO;SBBR;SBGL;150,00;2
2003;11;GLO;SBRJ;SBVT;211,06;14
2003;11;GLO;SBSP;SBNF;187,98;1765
2003;11;GLO;SBSP;SBCT;209,09;1118
2003;11;GLO;SBPA;SBFL;104,18;1656
2003;11;GLO;SBPA;SBSP;525,00;1
2003;11;GLO;SBSP;SBVT;120,89;63
2003;11;GLO;SBBR;SBGL;333,05;42
2003;11;GLO;SBFL;SBRJ;75,00;2
2003;11;GLO;SBPA;SBCT;249,00;4
2003;11;GLO;SBFZ;SBBR;486,66;29
2003;11;GLO;SBSP;SBFL;306,95;48
2003;11;GLO;SBSP;SBRJ;160,35;1923
2003;11;GLO;SBBR;SBSV;485,63;7
2003;11;GLO;SBFL;SBPA;133,98;2341
2003;11;GLO;SBSV;SBRF;135,00;25
2003;11;GLO;SBFL;SBSP;193,53;2466
2003;11;GLO;SBKP;SBPA;241,97;781
2003;11;GLO;SBSP;SBPS;120,50;42
2003;11;GLO;SBFL;SBRJ;158,90;1400
2003;11;GLO;SBBH;SBCT;144,10;14
2003;11;GLO;SBGL;SBRF;214,29;7
2003;11;GLO;SBRJ;SBVT;342,00;4
2003;11;GLO;SBCT;SBSP;243,00;106
2003;11;GLO;SBVT;SBSP;125,91;65
2003;11;GLO;SBGL;SBPA;297,37;727
2003;11;GLO;SBCT;SBRJ;204,69;144
2003;11;GLO;SBBR;SBBH;271,52;2218
2003;11;GLO;SBGO;SBSP;483,00;2
2003;11;GLO;SBCT;SBBR;286,51;1247
2003;11;GLO;SBSV;SBGL;338,37;184
2003;11;GLO;SBBR;SBFL;220,66;1002
2003;11;GLO;SBMQ;SBBE;149,00;3
2003;11;GLO;SBBR;SBBH;322,97;43
2003;11;GLO;SBSV;SBGL;446,79;444
2003;11;GLO;SBPA;SBGR;311,00;1
2003;11;GLO;SBKP;SBBR;337,34;17
2003;11;GLO;SBKP;SBRJ;370,00;29
2003;11;GLO;SBSP;SBPS;200,00;41
2003;11;GLO;SBBH;SBRJ;234,71;124
2003;11;GLO;SBBR;SBSP;259,00;71
2003;11;GLO;SBSP;SBGL;163,00;11
2003;11;GLO;SBSP;SBGL;197,02;181
2003;11;GLO;SBSP;SBPA;479,97;191
2003;11;GLO;SBBR;SBFZ;634,07;209
2003;11;GLO;SBCT;SBPA;469,50;4
2003;11;GLO;SBKP;SBBR;223,10;436
2003;11;GLO;SBPA;SBFL;136,89;792
2003;11;GLO;SBPA;SBRJ;214,50;14
2003;11;GLO;SBGO;SBSP;355,30;1119
2003;11;GLO;SBGL;SBSV;307,81;215
2003;11;GLO;SBBR;SBFZ;710,00;4
2003;11;GLO;SBSP;SBPA;313,24;172
2003;11;GLO;SBSV;SBGR;555,00;1
2003;11;GLO;SBBH;SBRJ;163,00;47
2003;11;GLO;SBGL;SBCT;273,04;160
2003;11;GLO;SBKP;SBBH;158,84;31
2003;11;GLO;SBBH;SBBR;323,71;114
2003;11;GLO;SBGL;SBPA;452,40;39
2003;11;GLO;SBFZ;SBRF;140,93;30
2003;11;GLO;SBGL;SBSV;378,65;89
2003;11;GLO;SBBR;SBCT;364,00;24
2003;11;GLO;SBGO;SBSP;444,01;49
2003;11;GLO;SBRJ;SBKP;331,00;6
2003;11;GLO;SBSP;SBBH;417,00;2
2003;11;GLO;SBFL;SBRJ;202,91;38
2003;11;GLO;SBSP;SBRJ;276,47;12
2003;11;GLO;SBFL;SBBR;171,26;1
2003;11;GLO;SBSV;SBGL;375,85;4644
2003;11;GLO;SBRJ;SBBR;261,00;1
2003;11;GLO;SBPA;SBFL;155,00;10
2003;11;GLO;SBSV;SBGL;300,13;220
2003;11;GLO;SBBH;SBSP;262,25;1389
2003;11;GLO;SBPA;SBSP;571,00;1
2003;11;GLO;SBPA;SBBR;809,00;1
2003;11;GLO;SBBH;SBKP;116,00;4
2003;11;GLO;SBGL;SBFL;290,71;27
2003;11;GLO;SBPA;SBBR;390,14;125
2003;11;GLO;SBPA;SBKP;241,43;543
2003;11;GLO;SBSV;SBBR;405,65;1665
2003;11;GLO;SBRF;SBSV;181,09;106
2003;11;GLO;SBKP;SBPA;313,00;11
2003;11;GLO;SBSP;SBGL;246,38;38
2003;11;GLO;SBSP;SBCT;100,00;9
2003;11;GLO;SBGO;SBSP;150,00;3
2003;11;GLO;SBRJ;SBCT;204,00;140
2003;11;GLO;SBSP;SBCT;295,81;75
2003;11;GLO;SBRF;SBFZ;304,66;94
2003;11;GLO;SBSV;SBBR;384,72;116
2003;11;GLO;SBPA;SBFL;221,00;3
2003;11;GLO;SBFL;SBSP;302,74;52
2003;11;GLO;SBFL;SBGL;455,00;4
2003;11;GLO;SBBH;SBKP;132,00;1
2003;11;GLO;SBBR;SBFZ;393,28;438
2003;11;GLO;SBKP;SBPA;226,97;748
2003;11;GLO;SBSP;SBFL;303,60;8
2003;11;GLO;SBRJ;SBFL;186,63;52
2003;11;GLO;SBBH;SBSP;345,00;1
2003;11;GLO;SBCT;SBGL;227,00;594
2003;11;GLO;SBGL;SBSP;156,00;23
2003;11;GLO;SBGL;SBFL;244,22;351
2003;11;GLO;SBSP;SBGL;260,72;13
2003;11;GLO;SBPA;SBSP;264,50;4
2003;11;GLO;SBBR;SBSP;349,00;55
2003;11;GLO;SBFL;SBRJ;243,50;6
2003;11;GLO;SBSP;SBGL;132,00;2
2003;11;GLO;SBPS;SBSP;188,37;23
2003;11;GLO;SBRJ;SBSP;160,37;2722
2003;11;GLO;SBRJ;SBFL;227,50;8
2003;11;GLO;SBBR;SBRJ;150,00;7
2003;11;GLO;SBGL;SBSP;293,00;5
2003;11;GLO;SBBH;SBBR;207,00;9
2003;11;GLO;SBSP;SBGO;356,01;1191
2003;11;GLO;SBFZ;SBBR;629,00;20
2003;11;GLO;SBVT;SBSP;333,00;1
2003;11;GLO;SBBH;SBKP;230,92;86
2003;11;GLO;SBSP;SBBH;188,00;2
2003;11;GLO;SBCT;SBPA;143,47;2952
2003;11;GLO;SBBR;SBSV;663,00;1
2003;11;GLO;SBPA;SBFL;304,33;15
2003;11;GLO;SBSP;SBPA;525,00;9
2003;11;GLO;SBSP;SBVT;242,50;2
2003;11;GLO;SBRF;SBGL;577,00;1
2003;11;GLO;SBFL;SBPA;143,35;683
2003;11;GLO;SBBE;SBMQ;672,67;3
2003;11;GLO;SBSV;SBGL;560,00;3
2003;11;GLO;SBCT;SBPA;387,00;4
2003;11;GLO;SBFL;SBPA;100,00;2
2003;11;GLO;SBSV;SBGL;376,00;228
2003;11;GLO;SBRJ;SBFL;75,00;4
2003;11;GLO;SBRF;SBFZ;199,32;3213
2003;11;GLO;SBGL;SBSP;173,00;2
2003;11;GLO;SBGO;SBSP;353,00;1
2003;11;GLO;SBCT;SBRJ;75,00;2
2003;11;GLO;SBKP;SBBR;228,00;21
2003;11;GLO;SBCT;SBKP;245,24;466
2003;11;GLO;SBRJ;SBCT;243,50;254
2003;11;GLO;SBSP;SBGL;225,50;14
2003;11;GLO;SBSP;SBGL;219,00;54
2003;11;GLO;SBRF;SBGL;457,60;5
2003;11;GLO;SBCT;SBBR;296,15;13
2003;11;GLO;SBVT;SBRJ;211,68;17
2003;11;GLO;SBSP;SBVT;249,75;4
2003;11;GLO;SBCT;SBKP;242,00;22
2003;11;GLO;SBPA;SBRJ;214,49;1830
2003;11;GLO;SBBR;SBCT;329,24;132
2003;11;GLO;SBBR;SBBE;475,69;11
2003;11;GLO;SBGL;SBCT;224,00;1
2003;11;GLO;SBSP;SBBH;258,65;1077
2003;11;GLO;SBPA;SBCT;158,80;3269
2003;11;GLO;SBCT;SBRJ;187,58;1723
2003;11;GLO;SBCT;SBKP;262,84;49
2003;11;GLO;SBRJ;SBBR;150,00;10
2003;11;GLO;SBSV;SBRF;150,00;1
2003;11;GLO;SBCT;SBKP;179,40;1
2003;11;GLO;SBGL;SBPA;296,34;256
2003;11;GLO;SBCT;SBKP;203,79;104
2003;11;GLO;SBNF;SBSP;188,75;1718
2003;11;GLO;SBBE;SBBR;305,00;12
2003;11;GLO;SBGO;SBSP;378,30;64
2003;11;GLO;SBSP;SBGL;144,56;2288
2003;11;GLO;SBCT;SBRJ;150,00;4
2003;11;GLO;SBGL;SBFL;230,65;31
2003;11;GLO;SBBR;SBSP;305,44;1786
2003;11;GLO;SBGL;SBSV;570,93;6
2003;11;GLO;SBCT;SBSP;298,08;271
2003;11;GLO;SBGO;SBBR;214,00;1
2003;11;GLO;SBBR;SBCT;314,51;1317
2003;11;GLO;SBVT;SBSP;185,56;82
2003;11;GLO;SBSP;SBGL;190,71;31
2003;11;GLO;SBPA;SBRJ;263,27;46
2003;11;GLO;SBCT;SBSP;358,00;8
2003;11;GLO;SBKP;SBCT;281,00;52
2003;11;GLO;SBBH;SBRJ;265,00;1
2003;11;GLO;SBGL;SBSV;642,00;3
2003;11;GLO;SBRJ;SBKP;230,85;170
2003;11;GLO;SBFL;SBBR;195,50;172
2003;11;GLO;SBKP;SBRJ;350,00;2
2003;11;GLO;SBCT;SBBH;183,00;114
2003;11;GLO;SBSP;SBRJ;268,19;6296
2003;11;GLO;SBPA;SBCT;153,00;10
2003;11;GLO;SBCT;SBKP;278,66;48
2003;11;GLO;SBFL;SBGL;530,00;1
2003;11;GLO;SBFZ;SBRF;178,26;2752
2003;11;GLO;SBSV;SBBR;270,70;315
2003;11;GLO;SBBR;SBSV;431,20;10
2003;11;GLO;SBBR;SBSP;380,59;323
2003;11;GLO;SBBR;SBPA;419,22;979
2003;11;GLO;SBPA;SBCT;184,10;411
2003;11;GLO;SBRJ;SBBR;114,75;76
2003;11;GLO;SBGR;SBSV;555,00;1
2003;11;GLO;SBKP;SBRJ;278,25;1040
2003;11;GLO;SBBR;SBRJ;130,50;2
2003;11;GLO;SBBR;SBSP;150,00;1
2003;11;GLO;SBKP;SBBR;398,00;2
2003;11;GLO;SBSP;SBBR;258,35;96
2003;11;GLO;SBSV;SBGL;438,14;48
2003;11;GLO;SBPA;SBKP;261,00;14
2003;11;GLO;SBSP;SBNF;276,28;15
2003;11;GLO;SBKP;SBPA;258,43;7
2003;11;GLO;SBFL;SBSP;408,00;6
2003;11;GLO;SBRJ;SBSP;286,00;6
2003;11;GLO;SBPS;SBSP;240,20;90
2003;11;GLO;SBPA;SBRJ;219,08;25
2003;11;GLO;SBPA;SBBR;261,82;55
2003;11;GLO;SBFL;SBRJ;227,50;10
2003;11;GLO;SBSP;SBFL;211,35;131
2003;11;GLO;SBRF;SBFZ;405,03;8
2003;11;GLO;SBSP;SBFL;453,00;2
2003;11;GLO;SBRJ;SBFL;159,24;1458
2003;11;GLO;SBGL;SBSP;269,00;4
2003;11;GLO;SBGL;SBRF;726,00;1
2003;11;GLO;SBSP;SBPA;249,88;81
2003;11;GLO;SBSV;SBRF;229,63;245
2003;11;GLO;SBPS;SBSP;250,00;1
2003;11;GLO;SBSP;SBVT;168,35;85
2003;11;GLO;SBBR;SBPA;745,00;1
2003;11;GLO;SBKP;SBBH;116,00;4
2003;11;GLO;SBBH;SBCT;180,18;52
2003;11;GLO;SBBR;SBRJ;331,86;14
2003;11;GLO;SBGL;SBSP;100,00;42
2003;11;GLO;SBCT;SBBH;191,49;12
2003;11;GLO;SBBE;SBBR;381,47;481
2003;11;GLO;SBVT;SBSP;215,87;135
2003;11;GLO;SBBH;SBKP;192,40;60
2003;11;GLO;SBRJ;SBBH;296,00;1
2003;11;GLO;SBBR;SBFZ;486,81;27
2003;11;GLO;SBBR;SBBE;409,46;422
2003;11;GLO;SBPA;SBFL;158,02;181
2003;11;GLO;SBBR;SBGL;307,68;457
2003;11;GLO;SBGR;SBPA;298,00;1
2003;11;GLO;SBBR;SBFL;579,25;8
2003;11;GLO;SBSP;SBRJ;263,70;61
2003;11;GLO;SBSP;SBGO;377,24;102
2003;11;GLO;SBBR;SBSP;571,00;2
2003;11;GLO;SBFL;SBBR;240,50;42
2003;11;GLO;SBSV;SBGL;409,62;448
2003;11;GLO;SBGL;SBRF;423,76;71
2003;11;GLO;SBBH;SBKP;122,69;733
2003;11;GLO;SBFL;SBRJ;265,00;50
2003;11;GLO;SBBH;SBKP;386,00;1
2003;11;GLO;SBCT;SBGL;307,36;15
2003;11;GLO;SBGL;SBSP;161,73;1482
2003;11;GLO;SBPA;SBSP;150,00;4
2003;11;GLO;SBSP;SBPA;299,49;2737
2003;11;GLO;SBRF;SBGL;250,00;3
2003;11;GLO;SBSV;SBRF;267,00;11
2003;11;GLO;SBKP;SBRJ;248,66;1026
2003;11;GLO;SBRJ;SBKP;392,00;4
2003;11;GLO;SBSP;SBPA;150,00;5
2003;11;GLO;SBFL;SBSP;181,20;15
2003;11;GLO;SBSP;SBCT;281,22;307
2003;11;GLO;SBSP;SBCT;223,84;2567
2003;11;GLO;SBRF;SBSV;173,00;13
2003;11;GLO;SBCT;SBPA;288,00;1
2003;11;GLO;SBPA;SBSP;334,91;175
2003;11;GLO;SBSP;SBBH;194,43;14
2003;11;GLO;SBRJ;SBSP;324,00;2
2003;11;GLO;SBSP;SBNF;267,87;54
2003;11;GLO;SBGL;SBBR;350,81;357
2003;11;GLO;SBFL;SBSP;363,09;90
2003;11;GLO;SBKP;SBRJ;392,00;9
2003;11;GLO;SBPA;SBKP;262,98;543
2003;11;GLO;SBSP;SBBR;349,00;6
2003;11;GLO;SBRJ;SBBH;163,00;56
2003;11;GLO;SBSP;SBBH;230,00;31
2003;11;GLO;SBSP;SBGL;156,00;209
2003;11;GLO;SBNF;SBSP;210,67;943
2003;11;GLO;SBKP;SBPA;215,41;201
2003;11;GLO;SBKP;SBBR;447,00;2
2003;11;GLO;SBBR;SBSP;378,00;22
2003;11;GLO;SBFL;SBBR;331,00;18
2003;11;GLO;SBPA;SBFL;187,13;106
2003;11;GLO;SBBH;SBCT;143,89;364
2003;11;GLO;SBRJ;SBBR;590,00;3
2003;11;GLO;SBSP;SBRJ;175,61;3748
2003;11;GLO;SBRF;SBSV;200,00;9
2003;11;GLO;SBBR;SBBH;318,61;52
2003;11;GLO;SBBH;SBBR;293,86;144
2003;11;GLO;SBRJ;SBBH;330,00;3
2003;11;GLO;SBPA;SBRJ;244,62;239
2003;11;GLO;SBCT;SBGL;116,00;4
2003;11;GLO;SBCT;SBSP;223,41;2618
2003;11;GLO;SBFL;SBSP;236,00;1
2003;11;GLO;SBSV;SBGL;473,00;14
2003;11;GLO;SBFL;SBGL;244,43;229
2003;11;GLO;SBCT;SBKP;151,00;4
2003;11;GLO;SBFL;SBPA;187,64;197
2003;11;GLO;SBRJ;SBCT;150,00;2
2003;11;GLO;SBSP;SBFL;215,95;3691
2003;11;GLO;SBBR;SBFL;217,00;38
2003;11;GLO;SBBH;SBBR;266,00;35
2003;11;GLO;SBBR;SBSV;434,59;45
2003;11;GLO;SBCT;SBSP;204,59;1065
2003;11;GLO;SBGO;SBBR;129,19;116
2003;11;GLO;SBSP;SBGO;150,00;4
2003;11;GLO;SBPA;SBBR;125,00;4
2003;11;GLO;SBKP;SBBH;134,37;348
2003;11;GLO;SBGL;SBRF;540,97;15
2003;11;GLO;SBRJ;SBSP;190,44;4085
2003;11;GLO;SBBH;SBRJ;151,20;3158
2003;11;GLO;SBSP;SBNF;378,00;2
2003;11;GLO;SBRJ;SBPA;296,82;33
2003;11;GLO;SBSV;SBBR;435,73;187
2003;11;GLO;SBSP;SBPA;394,72;596
2003;11;GLO;SBBR;SBRJ;288,87;4678
2003;11;GLO;SBFL;SBBR;296,67;6
2003;11;GLO;SBBR;SBBH;356,00;1
2003;11;GLO;SBSP;SBBH;210,34;2276
2003;11;GLO;SBKP;SBBR;198,76;864
2003;11;GLO;SBBR;SBRJ;590,00;2
2003;11;GLO;SBVT;SBRJ;150,27;4194
2003;11;GLO;SBGL;SBPA;429,00;2
2003;11;GLO;SBNF;SBSP;174,25;12
2003;11;GLO;SBSP;SBBR;112,50;4
2003;11;GLO;SBSP;SBCT;249,08;3729
2003;11;GLO;SBGL;SBSV;667,00;14
2003;11;GLO;SBPA;SBCT;387,00;2
2003;11;GLO;SBBR;SBSV;714,00;9
2003;11;GLO;SBGL;SBSV;565,00;3
2003;11;GLO;SBKP;SBRJ;100,00;5
2003;11;GLO;SBFL;SBPA;160,71;302
2003;11;GLO;SBBE;SBBR;410,40;4
2003;11;GLO;SBGO;SBSP;417,00;22
2003;11;GLO;SBBR;SBFZ;650,87;6
2003;11;GLO;SBBR;SBPA;595,01;77
2003;11;GLO;SBPS;SBSP;292,50;4
2003;11;GLO;SBKP;SBBR;503,00;1
2003;11;GLO;SBCT;SBPA;170,60;2969
2003;11;GLO;SBSP;SBNF;255,27;22
2003;11;GLO;SBFL;SBPA;302,00;3
2003;11;GLO;SBGO;SBBR;85,00;2
2003;11;GLO;SBRF;SBSV;259,88;45
2003;11;GLO;SBSP;SBBH;284,29;1167
2003;11;GLO;SBFZ;SBRF;177,38;24
2003;11;GLO;SBVT;SBRJ;206,40;10
2003;11;GLO;SBFL;SBPA;462,31;7
2003;11;GLO;SBCT;SBSP;100,00;8
2003;11;GLO;SBRF;SBSV;204,97;2494
2003;11;GLO;SBBH;SBKP;162,50;18
2003;11;GLO;SBPA;SBFL;302,00;2
2003;11;GLO;SBBR;SBFL;220,26;4
2003;11;GLO;SBSP;SBRJ;100,00;1
2003;11;GLO;SBRJ;SBCT;237,51;116
2003;11;GLO;SBSP;SBPS;250,00;1
2003;11;GLO;SBBR;SBBE;359,70;61
2003;11;GLO;SBRJ;SBSP;246,03;64
2003;11;GLO;SBRJ;SBPA;244,27;91
2003;11;GLO;SBRJ;SBBH;188,32;544
2003;11;GLO;SBRJ;SBBR;394,38;389
2003;11;GLO;SBSV;SBBR;418,00;38
2003;11;GLO;SBSP;SBNF;387,00;3
2003;11;GLO;SBBR;SBCT;408,33;26
2003;11;GLO;SBRJ;SBPA;191,53;743
2003;11;GLO;SBRJ;SBKP;100,00;4
2003;11;GLO;SBKP;SBCT;358,00;1
2003;11;GLO;SBSP;SBPA;571,00;4
2003;11;GLO;SBBR;SBKP;254,72;5
2003;11;GLO;SBRJ;SBBH;142,00;5
2003;11;GLO;SBGL;SBPA;204,00;18
2003;11;GLO;SBSP;SBGL;161,47;1552
2003;11;GLO;SBFL;SBGL;491,00;4
2003;11;GLO;SBFL;SBRJ;178,44;1356
2003;11;GLO;SBSP;SBRJ;189,85;17
2003;11;GLO;SBSP;SBBH;290,25;249
2003;11;GLO;SBRF;SBGL;522,31;57
2003;11;GLO;SBGL;SBFL;294,44;9
2003;11;GLO;SBFL;SBSP;215,05;3559
2003;11;GLO;SBBR;SBFZ;607,78;1545
2003;11;GLO;SBCT;SBBH;141,72;354
2003;11;GLO;SBCT;SBBH;126,30;1018
2003;11;GLO;SBMQ;SBBE;103,00;47
2003;11;GLO;SBBH;SBBR;464,00;63
2003;11;GLO;SBFZ;SBBR;392,18;436
2003;11;GLO;SBKP;SBRJ;239,40;190
2003;11;GLO;SBRJ;SBBH;233,84;120
2003;11;GLO;SBSP;SBGL;293,00;2
2003;11;GLO;SBPS;SBSP;439,00;1
2003;11;GLO;SBPA;SBSP;441,61;371
2003;11;GLO;SBGL;SBSP;185,36;51
2003;11;GLO;SBGL;SBSV;448,10;587
2003;11;GLO;SBSV;SBBR;389,30;83
2003;11;GLO;SBFL;SBPA;214,69;14
2003;11;GLO;SBPA;SBGL;313,70;775
2003;11;GLO;SBSP;SBNF;174,11;9
2003;11;GLO;SBPS;SBSP;279,00;19
2003;11;GLO;SBRJ;SBPA;237,94;185
2003;11;GLO;SBRF;SBSV;282,83;17
2003;11;GLO;SBBR;SBRJ;212,52;44
2003;11;GLO;SBRJ;SBBH;151,27;3609
2003;11;GLO;SBFL;SBSP;100,00;7
2003;11;GLO;SBSP;SBVT;452,00;2
2003;11;GLO;SBSP;SBNF;243,97;33
2003;11;GLO;SBPA;SBGL;285,50;2
2003;11;GLO;SBRJ;SBCT;199,29;1781
2003;11;GLO;SBGL;SBRF;599,49;59
2003;11;GLO;SBGL;SBRF;536,88;1439
2003;11;GLO;SBGL;SBCT;283,97;23
2003;11;GLO;SBPA;SBGL;429,00;12
2003;11;GLO;SBRJ;SBVT;97,50;16
2003;11;GLO;SBPA;SBCT;327,84;44
2003;11;GLO;SBRJ;SBBH;205,52;69
2003;11;GLO;SBVT;SBRJ;142,00;12
2003;11;GLO;SBGL;SBSP;217,44;56
2003;11;GLO;SBBH;SBKP;137,00;16
2003;11;GLO;SBRJ;SBBR;425,02;208
2003;11;GLO;SBPA;SBFL;100,00;42
2003;11;GLO;SBCT;SBKP;221,09;619
2003;11;GLO;SBBR;SBSP;481,11;85
2003;11;GLO;SBKP;SBCT;337,00;5
2003;11;GLO;SBSV;SBBR;572,00;2
2003;11;GLO;SBFL;SBBR;270,00;12
2003;11;GLO;SBBH;SBRJ;183,00;2
2003;11;GLO;SBBH;SBSP;239,85;3513
2003;11;GLO;SBPA;SBBR;377,61;125
2003;11;GLO;SBFL;SBPA;259,00;4
2003;11;GLO;SBBR;SBSV;443,12;286
2003;11;GLO;SBGL;SBFL;305,51;18
2003;11;GLO;SBSP;SBVT;178,90;1210
2003;11;GLO;SBSP;SBPA;339,59;1091
2003;11;GLO;SBPA;SBCT;142,34;3030
2003;11;GLO;SBCT;SBRJ;161,72;1707
2003;11;GLO;SBRF;SBFZ;194,43;28
2003;11;GLO;SBBR;SBKP;199,66;806
2003;11;GLO;SBBR;SBSV;418,00;2
2003;11;GLO;SBGO;SBSP;243,00;3
2003;11;GLO;SBGL;SBPA;334,97;60
2003;11;GLO;SBSP;SBBR;571,00;1
2003;11;GLO;SBCT;SBGL;284,01;19
2003;11;GLO;SBNF;SBSP;287,00;1
2003;11;GLO;SBRJ;SBKP;294,12;440
2003;11;GLO;SBBR;SBCT;368,67;6
2003;11;GLO;SBSP;SBCT;317,57;44
2003;11;GLO;SBCT;SBPA;359,35;39
2003;11;GLO;SBPA;SBKP;345,00;11
2003;11;GLO;SBBR;SBPA;475,27;137
2003;11;GLO;SBSP;SBNF;210,26;917
2003;11;GLO;SBSP;SBRJ;198,00;3
2003;11;GLO;SBBR;SBPA;546,57;137
2003;11;GLO;SBPA;SBGL;392,00;16
2003;11;GLO;SBFZ;SBRF;137,81;100
2003;11;GLO;SBSV;SBGL;676,00;17
2003;11;GLO;SBRJ;SBBH;263,72;83
2003;11;GLO;SBFL;SBSP;439,06;13
2003;11;GLO;SBBR;SBSV;361,46;96
2003;11;GLO;SBGL;SBSP;181,65;593
2003;11;GLO;SBGL;SBSP;234,67;6
2003;11;GLO;SBSP;SBFL;261,06;327
2003;11;GLO;SBRJ;SBBH;168,30;3174
2003;11;GLO;SBBR;SBSP;340,13;3159
2003;11;GLO;SBBR;SBRJ;359,20;178
2003;11;GLO;SBBH;SBRJ;142,00;8
2003;11;GLO;SBCT;SBPA;334,00;1
2003;11;GLO;SBFL;SBRJ;131,74;82
2003;11;GLO;SBPA;SBFL;259,00;2
2003;11;GLO;SBKP;SBRJ;305,18;16
2003;11;GLO;SBBH;SBSP;253,00;8
2003;11;GLO;SBPS;SBSP;290,70;12
2003;11;GLO;SBBR;SBSV;398,62;145
2003;11;GLO;SBSP;SBFL;192,33;2439
2003;11;GLO;SBPA;SBSP;338,43;6149
2003;11;GLO;SBRJ;SBKP;350,00;9
2003;11;GLO;SBBR;SBFL;267,04;269
2003;11;GLO;SBBR;SBGO;150,96;17
2003;11;GLO;SBPA;SBKP;301,29;118
2003;11;GLO;SBRJ;SBPA;261,90;289
2003;11;GLO;SBBH;SBSP;211,03;1861
2003;11;GLO;SBRF;SBGL;636,43;28
2003;11;GLO;SBFL;SBBR;366,50;2
2003;11;GLO;SBRJ;SBFL;245,50;18
2003;11;GLO;SBSP;SBCT;151,00;7
2003;11;GLO;SBSP;SBBH;235,17;3901
2003;11;GLO;SBBH;SBSP;230,00;13
2003;11;GLO;SBPA;SBFL;117,89;2301
2003;11;GLO;SBRJ;SBCT;412,00;2
2003;11;GLO;SBBR;SBCT;277,25;12
2003;11;GLO;SBRJ;SBCT;207,36;283
2003;11;GLO;SBFL;SBGL;333,50;22
2003;11;GLO;SBCT;SBRJ;121,33;24
2003;11;GLO;SBPA;SBKP;384,38;59
2003;11;GLO;SBPA;SBRJ;253,85;241
2003;11;GLO;SBFL;SBBR;163,86;36
2003;11;GLO;SBBR;SBRJ;542,00;1
2003;11;GLO;SBSP;SBFL;240,24;584
2003;11;GLO;SBSP;SBPA;328,55;6026
2003;11;GLO;SBGL;SBSV;339,24;215
2003;11;GLO;SBSP;SBBR;295,97;2284
2003;11;GLO;SBPA;SBBR;403,07;941
2003;11;GLO;SBBH;SBCT;126,04;978
2003;11;GLO;SBKP;SBCT;215,31;118
2003;11;GLO;SBKP;SBRJ;331,00;4
2003;11;GLO;SBGL;SBPA;571,00;1
2003;11;GLO;SBBH;SBSP;314,00;5
2003;11;GLO;SBBR;SBRJ;358,54;565
2003;11;GLO;SBPA;SBSP;400,77;553
2003;11;GLO;SBGL;SBBR;345,01;7
2003;11;GLO;SBBR;SBGL;261,00;2
2003;11;GLO;SBPA;SBSP;254,59;91
2003;11;GLO;SBBH;SBCT;111,82;1358
2003;11;GLO;SBVT;SBSP;235,20;35
2003;11;GLO;SBSP;SBRJ;219,00;1
2003;11;GLO;SBGL;SBFL;124,50;6
2003;11;GLO;SBSP;SBPS;304,20;5
2003;11;GLO;SBRJ;SBVT;191,00;52
2003;11;GLO;SBBR;SBRJ;498,00;1
2003;11;GLO;SBFL;SBGL;75,00;2
2003;11;GLO;SBBR;SBGL;344,54;379
2003;11;GLO;SBVT;SBSP;203,39;1064
2003;11;GLO;SBCT;SBPA;214,20;107
2003;11;GLO;SBMQ;SBBE;106,72;3659
2003;11;GLO;SBRJ;SBBR;337,87;4539
2003;11;GLO;SBGL;SBCT;186,50;4
2003;11;GLO;SBGL;SBPA;321,88;1222
2003;11;GLO;SBKP;SBCT;120,80;5
2003;11;GLO;SBSP;SBCT;358,00;4
2003;11;GLO;SBRF;SBFZ;280,00;1
2003;11;GLO;SBCT;SBBR;246,05;95
2003;11;GLO;SBBR;SBPA;216,85;59
2003;11;GLO;SBBR;SBSV;393,47;2038
2003;11;GLO;SBRJ;SBSP;252,00;3
2003;11;GLO;SBRF;SBGL;587,69;26
2003;11;GLO;SBRJ;SBKP;249,85;891
2003;11;GLO;SBBR;SBRJ;379,74;302
2003;11;GLO;SBGL;SBCT;247,11;686
2003;11;GLO;SBKP;SBCT;293,56;22
2003;11;GLO;SBRF;SBGL;607,27;209
2003;11;GLO;SBPA;SBRJ;125,00;4
2003;11;GLO;SBRF;SBGL;557,74;1406
2003;11;GLO;SBMQ;SBBE;122,88;60
2003;11;GLO;SBFL;SBGL;334,08;24
2003;11;GLO;SBGR;SBGL;399,00;4
2003;11;GLO;SBGL;SBSV;250,00;3
2003;11;GLO;SBFZ;SBBR;637,72;170
2003;11;GLO;SBRF;SBSV;231,93;153
2003;11;GLO;SBRF;SBFZ;826,00;2
2003;11;GLO;SBBE;SBMQ;141,05;15
2003;11;GLO;SBPA;SBRJ;191,50;32
2003;11;GLO;SBFL;SBGR;219,00;1
2003;11;GLO;SBBR;SBBE;568,00;3
2003;11;GLO;SBSP;SBPS;198,00;308
2003;11;GLO;SBCT;SBBR;282,98;31
2003;11;GLO;SBBH;SBRJ;219,66;60
2003;11;GLO;SBBE;SBBR;386,67;24
2003;11;GLO;SBSP;SBCT;258,00;7
2003;11;GLO;SBSP;SBGO;410,71;53
2003;11;GLO;SBGL;SBSV;388,41;46
2003;11;GLO;SBFL;SBSP;267,91;178
2003;11;GLO;SBSP;SBFL;100,00;8
2003;11;GLO;SBPA;SBFL;112,00;11
2003;11;GLO;SBRJ;SBFL;207,16;132
2003;11;GLO;SBSP;SBBR;447,92;78
2003;11;GLO;SBSP;SBBR;338,84;3281
2003;11;GLO;SBRJ;SBKP;277,33;839
2003;11;GLO;SBBH;SBBR;270,59;1991
2003;11;GLO;SBBH;SBBR;389,00;2
2003;11;GLO;SBGL;SBCT;206,00;6
2003;11;GLO;SBPA;SBSP;483,00;4
2003;11;GLO;SBCT;SBSP;248,95;2802
2003;11;GLO;SBFL;SBBR;243,24;170
2003;11;GLO;SBKP;SBBR;269,10;11
2003;11;GLO;SBBR;SBPA;937,00;1
2003;11;GLO;SBRJ;SBSP;247,66;7659
2003;11;GLO;SBFL;SBSP;240,71;697
2003;11;GLO;SBSP;SBGL;174,92;439
2003;11;GLO;SBRJ;SBFL;133,72;82
2003;11;GLO;SBRJ;SBCT;143,12;25
2003;11;GLO;SBBR;SBSP;341,86;345
2003;11;GLO;SBSP;SBVT;294,00;4
2003;11;GLO;SBKP;SBPA;248,02;23
2003;11;GLO;SBCT;SBSP;264,70;816
2003;11;GLO;SBCT;SBPA;691,71;40
2003;11;GLO;SBSP;SBBH;150,00;3
2003;11;GLO;SBKP;SBCT;298,57;458
2003;11;GLO;SBCT;SBPA;188,89;540
2003;11;GLO;SBRJ;SBCT;178,25;1418
2003;11;GLO;SBSP;SBBR;355,49;386
2003;11;GLO;SBKP;SBPA;210,83;134
2003;11;GLO;SBRJ;SBFL;194,73;404
2003;11;GLO;SBFL;SBRJ;194,11;342
2003;11;GLO;SBNF;SBSP;224,20;8
2003;11;GLO;SBBE;SBBR;456,00;4
2003;11;GLO;SBRJ;SBBR;294,17;3963
2003;11;GLO;SBBH;SBBR;243,27;2343
2003;11;GLO;SBGL;SBRF;538,36;347
2003;11;GLO;SBSP;SBPS;184,48;76
2003;11;GLO;SBVT;SBRJ;93,33;6
2003;11;GLO;SBBR;SBFL;270,00;2
2003;11;GLO;SBVT;SBRJ;167,50;1737
2003;11;GLO;SBBH;SBSP;285,11;1413
2003;11;GLO;SBSP;SBPA;253,00;2
2003;11;GLO;SBSP;SBPA;129,00;2
2003;11;GLO;SBBH;SBRJ;100,00;11
2003;11;GLO;SBBR;SBFL;206,57;159
2003;11;GLO;SBRJ;SBFL;265,00;10
2003;11;GLO;SBBR;SBBE;456,68;7
2003;11;GLO;SBGL;SBSP;144,52;2183
2003;11;GLO;SBSP;SBVT;157,35;3154
2003;11;GLO;SBSP;SBPS;145,31;1593
2003;11;GLO;SBCT;SBRJ;177,47;310
2003;11;GLO;SBSP;SBFL;181,80;15
2003;11;GLO;SBPA;SBBR;363,16;38
2003;11;GLO;SBCT;SBBR;150,50;2
2003;11;GLO;SBKP;SBBH;193,57;7
2003;11;GLO;SBBH;SBRJ;168,52;2941
2003;11;GLO;SBRJ;SBBR;350,91;215
2003;11;GLO;SBBR;SBSP;534,00;2
2003;11;GLO;SBRJ;SBFL;178,22;1564
2003;11;GLO;SBBH;SBCT;124,00;8
2003;11;GLO;SBSP;SBGL;100,00;52
2003;11;GLO;SBSP;SBVT;194,97;79
2003;11;GLO;SBRJ;SBSP;293,00;28
2003;11;GLO;SBRJ;SBPA;253,87;41
2003;11;GLO;SBGL;SBSV;414,36;374
2003;11;GLO;SBPA;SBKP;427,99;7
2003;11;GLO;SBRJ;SBKP;299,09;9
2003;11;GLO;SBPA;SBSP;365,97;976
2003;11;GLO;SBPA;SBRJ;186,60;678
2003;11;GLO;SBBH;SBKP;100,00;1
2003;11;GLO;SBBH;SBSP;379,00;2
2003;11;GLO;SBCT;SBSP;318,00;4
2003;11;GLO;SBFL;SBPA;105,47;1383
2003;11;GLO;SBFL;SBGL;278,87;393
2003;11;GLO;SBPS;SBSP;136,00;6
2003;11;GLO;SBGL;SBPA;392,00;16
2003;11;GLO;SBBR;SBFL;200,00;13
2003;11;GLO;SBCT;SBSP;151,00;7
2003;11;GLO;SBRJ;SBKP;292,40;9
2003;11;GLO;SBKP;SBRJ;172,82;17
2003;11;GLO;SBGL;SBFL;205,83;255
2003;11;GLO;SBBR;SBRJ;333,43;4820
2003;11;GLO;SBBR;SBBH;209,33;9
2003;11;GLO;SBVT;SBSP;188,19;2970
2003;11;GLO;SBCT;SBBR;286,34;1330
2003;11;GLO;SBBH;SBSP;269,12;197
2003;11;GLO;SBFL;SBBR;215,10;196
2003;11;GLO;SBSV;SBRF;173,00;68
2003;11;GLO;SBVT;SBRJ;189,24;87
2003;11;GLO;SBVT;SBSP;240,00;2
2003;11;GLO;SBFZ;SBBR;423,67;6
2003;11;GLO;SBSV;SBRF;200,00;10
2003;11;GLO;SBBR;SBBE;342,00;5
2003;11;GLO;SBSP;SBPS;196,85;423
2003;11;GLO;SBPA;SBBR;373,88;54
2003;11;GLO;SBPA;SBGL;401,54;26
2003;11;GLO;SBBE;SBMQ;158,53;9
2003;11;GLO;SBPA;SBBR;393,03;987
2003;11;GLO;SBSP;SBGO;449,00;16
2003;11;GLO;SBBH;SBKP;162,38;150
2003;11;GLO;SBKP;SBBH;152,22;9
2003;11;GLO;SBCT;SBGL;289,81;25
2003;11;GLO;SBGL;SBBR;310,00;627
2003;11;GLO;SBBH;SBSP;200,60;10
2003;11;GLO;SBRJ;SBSP;267,88;7485
2003;11;GLO;SBBR;SBKP;447,00;3
2003;11;GLO;SBSP;SBGO;363,44;39
2003;11;GLO;SBSP;SBBR;484,63;58
2003;11;GLO;SBRJ;SBKP;164,00;15
2003;11;GLO;SBBE;SBMQ;365,36;28
2003;11;GLO;SBSP;SBBR;395,33;281
2003;11;GLO;SBFL;SBBR;193,16;1
2003;11;GLO;SBGL;SBCT;230,43;493
2003;11;GLO;SBGL;SBFL;301,74;19
2003;11;GLO;SBFZ;SBBR;605,54;1145
2003;11;GLO;SBGL;SBSV;354,20;28
2003;11;GLO;SBGL;SBCT;292,21;71
2003;11;GLO;SBKP;SBCT;242,00;23
2003;11;GLO;SBPA;SBSP;372,07;577
2003;11;GLO;SBRF;SBGL;449,57;89
2003;11;GLO;SBPA;SBGL;195,12;50
2003;11;GLO;SBKP;SBCT;224,06;524
2003;11;GLO;SBSP;SBNF;150,00;1
2003;11;GLO;SBSV;SBRF;264,08;17
2003;11;GLO;SBMQ;SBBE;162,40;12
2003;11;GLO;SBSP;SBPS;138,75;4
2003;11;GLO;SBGL;SBRF;902,00;1
2003;11;GLO;SBBR;SBFZ;629,00;11
2003;11;GLO;SBBR;SBBH;241,91;2551
2003;11;GLO;SBSP;SBFL;319,12;220
2003;11;GLO;SBSV;SBBR;369,92;28
2003;11;GLO;SBPA;SBSP;540,00;2
2003;11;GLO;SBPA;SBRJ;264,48;123
2003;11;GLO;SBFL;SBGL;300,82;112
2003;11;GLO;SBRJ;SBPA;230,76;1957
2003;11;GLO;SBCT;SBBR;268,42;227
2003;11;GLO;SBKP;SBCT;335,79;62
2003;11;GLO;SBBE;SBBR;320,14;60
2003;11;GLO;SBSP;SBPA;356,50;581
2003;11;GLO;SBRJ;SBBR;363,59;540
2003;11;GLO;SBBR;SBSV;253,79;345
2003;11;GLO;SBPA;SBSP;295,71;2757
2003;11;GLO;SBSP;SBNF;305,47;11
2003;11;GLO;SBPA;SBGL;334,98;1086
2003;11;GLO;SBRJ;SBVT;168,10;1942
2003;11;GLO;SBGR;SBFL;131,40;1
2003;11;GLO;SBRJ;SBFL;161,72;36
2003;11;GLO;SBBR;SBKP;183,00;63
2003;11;GLO;SBCT;SBPA;124,07;27
2003;11;GLO;SBRF;SBFZ;131,47;90
2003;11;GLO;SBSP;SBPS;271,39;44
2003;11;GLO;SBCT;SBBH;107,00;20
2003;11;GLO;SBFZ;SBRF;417,60;2
2003;11;GLO;SBSP;SBNF;206,00;1
2003;11;GLO;SBBR;SBKP;197,21;222
2003;11;GLO;SBCT;SBRJ;217,99;205
2003;11;GLO;SBBH;SBKP;136,87;466
2003;11;GLO;SBBH;SBSP;150,00;2
2003;11;GLO;SBNF;SBSP;206,00;1
2003;11;GLO;SBSP;SBRJ;247,57;9401
2003;11;GLO;SBFL;SBSP;296,23;345
2003;11;GLO;SBPA;SBGL;286,59;157
2003;11;GLO;SBBR;SBFL;189,13;940
2003;11;GLO;SBBR;SBBH;266,00;41
2003;11;GLO;SBCT;SBBR;305,00;2
2003;11;PLY;SBMQ;SBBE;187,49;29
2003;11;PLY;SBMQ;SBBE;99,54;51
2003;11;PLY;SBBE;SBMQ;187,49;13
2003;11;TAM;SBPA;SBFL;209,00;10
2003;11;TAM;SBMQ;SBBE;345,00;5
2003;11;TAM;SBGR;SBGL;350,00;17
2003;11;TAM;SBRJ;SBBR;641,00;244
2003;11;TAM;SBFZ;SBRF;549,00;50
2003;11;TAM;SBBR;SBBE;476,00;701
2003;11;TAM;SBFL;SBBR;569,00;348
2003;11;TAM;SBFZ;SBRF;273,00;3
2003;11;TAM;SBGL;SBCT;331,00;1092
2003;11;TAM;SBSP;SBBH;512,00;292
2003;11;TAM;SBSP;SBFL;273,00;76
2003;11;TAM;SBMQ;SBBE;309,00;19
2003;11;TAM;SBUL;SBSP;403,00;2504
2003;11;TAM;SBSP;SBPA;621,00;101
2003;11;TAM;SBGR;SBCT;487,00;54
2003;11;TAM;SBPA;SBGR;816,00;60
2003;11;TAM;SBSP;SBPA;752,00;25
2003;11;TAM;SBSP;SBFL;510,00;92
2003;11;TAM;SBSP;SBUL;529,00;108
2003;11;TAM;SBGR;SBSV;1059,00;1
2003;11;TAM;SBKP;SBPA;832,00;34
2003;11;TAM;SBBR;SBBE;958,00;27
2003;11;TAM;SBRJ;SBBR;709,00;205
2003;11;TAM;SBBR;SBGL;641,00;2
2003;11;TAM;SBBH;SBBR;401,00;299
2003;11;TAM;SBCT;SBKP;428,00;14
2003;11;TAM;SBBE;SBMQ;215,00;52
2003;11;TAM;SBCF;SBGR;606,00;17
2003;11;TAM;SBGL;SBGR;350,00;7
2003;11;TAM;SBBR;SBFZ;1103,00;4
2003;11;TAM;SBFL;SBSP;668,00;82
2003;11;TAM;SBCT;SBPA;327,00;67
2003;11;TAM;SBFL;SBCT;286,00;536
2003;11;TAM;SBSP;SBPA;556,00;256
2003;11;TAM;SBRJ;SBBH;418,00;119
2003;11;TAM;SBFL;SBPA;140,00;715
2003;11;TAM;SBBE;SBMQ;309,00;12
2003;11;TAM;SBBH;SBCT;390,00;33
2003;11;TAM;SBMQ;SBBE;125,00;1136
2003;11;TAM;SBGL;SBCT;736,00;35
2003;11;TAM;SBVT;SBSP;409,00;3209
2003;11;TAM;SBPA;SBCT;627,00;62
2003;11;TAM;SBBR;SBSP;679,00;325
2003;11;TAM;SBGR;SBKP;163,00;2
2003;11;TAM;SBSP;SBPS;499,00;456
2003;11;TAM;SBKP;SBCT;428,00;21
2003;11;TAM;SBMQ;SBBE;381,00;7
2003;11;TAM;SBRF;SBSV;358,00;137
2003;11;TAM;SBSP;SBCT;309,00;8565
2003;11;TAM;SBBE;SBBR;1137,00;44
2003;11;TAM;SBBR;SBRJ;776,00;5
2003;11;TAM;SBCT;SBKP;469,00;10
2003;11;TAM;SBCT;SBBR;919,00;5
2003;11;TAM;SBPA;SBGR;686,00;31
2003;11;TAM;SBGL;SBCT;459,00;24
2003;11;TAM;SBRF;SBFZ;239,00;256
2003;11;TAM;SBSP;SBBH;463,00;263
2003;11;TAM;SBFZ;SBBR;815,00;31
2003;11;TAM;SBCT;SBGL;505,00;33
2003;11;TAM;SBGL;SBSV;508,00;445
2003;11;TAM;SBKP;SBBR;309,00;638
2003;11;TAM;SBGL;SBRF;964,00;18
2003;11;TAM;SBSP;SBPS;639,00;3
2003;11;TAM;SBFL;SBPA;209,00;38
2003;11;TAM;SBSP;SBBH;681,00;273
2003;11;TAM;SBPA;SBGR;752,00;5
2003;11;TAM;SBBR;SBGR;679,00;47
2003;11;TAM;SBBH;SBRJ;418,00;173
2003;11;TAM;SBSV;SBGL;821,00;122
2003;11;TAM;SBSP;SBGO;723,00;2
2003;11;TAM;SBBR;SBGL;419,00;13
2003;11;TAM;SBSP;SBBH;365,00;703
2003;11;TAM;SBVT;SBRJ;439,00;43
2003;11;TAM;SBVT;SBSP;639,00;142
2003;11;TAM;SBPA;SBKP;499,00;84
2003;11;TAM;SBRF;SBFZ;664,00;5
2003;11;TAM;SBRF;SBFZ;698,00;19
2003;11;TAM;SBGR;SBGL;276,00;203
2003;11;TAM;SBBR;SBFZ;815,00;48
2003;11;TAM;SBRJ;SBBR;842,00;311
2003;11;TAM;SBRP;SBSP;363,00;2436
2003;11;TAM;SBRJ;SBBR;776,00;37
2003;11;TAM;SBSP;SBBH;318,00;7920
2003;11;TAM;SBRF;SBFZ;434,00;49
2003;11;TAM;SBPA;SBFL;418,00;16
2003;11;TAM;SBSV;SBGR;691,00;238
2003;11;TAM;SBPA;SBFL;458,00;2
2003;11;TAM;SBGR;SBFL;364,00;21
2003;11;TAM;SBPA;SBFL;174,00;10
2003;11;TAM;SBVT;SBRJ;272,00;334
2003;11;TAM;SBBR;SBRJ;449,00;987
2003;11;TAM;SBCT;SBBR;565,00;244
2003;11;TAM;SBBH;SBRJ;378,00;110
2003;11;TAM;SBCT;SBPA;216,00;77
2003;11;TAM;SBGR;SBPA;686,00;47
2003;11;TAM;SBBR;SBBE;685,00;150
2003;11;TAM;SBFL;SBCT;409,00;6
2003;11;TAM;SBFL;SBSP;510,00;109
2003;11;TAM;SBFL;SBBR;1085,00;100
2003;11;TAM;SBFZ;SBBR;1103,00;2
2003;11;TAM;SBFL;SBSP;558,00;12
2003;11;TAM;SBRJ;SBSP;319,00;22568
2003;11;TAM;SBFL;SBGR;316,00;60
2003;11;TAM;SBSV;SBGL;899,00;36
2003;11;TAM;SBFL;SBSP;413,00;65
2003;11;TAM;SBGO;SBBR;194,00;122
2003;11;TAM;SBBR;SBBE;867,00;31
2003;11;TAM;SBPA;SBGL;982,00;160
2003;11;TAM;SBFL;SBSP;364,00;94
2003;11;TAM;SBBR;SBKP;657,00;51
2003;11;TAM;SBGL;SBRF;1269,00;97
2003;11;TAM;SBBR;SBKP;309,00;572
2003;11;TAM;SBRF;SBSV;413,00;65
2003;11;TAM;SBCT;SBFL;286,00;391
2003;11;TAM;SBCT;SBPA;377,00;161
2003;11;TAM;SBRF;SBSV;687,00;46
2003;11;TAM;SBBR;SBKP;727,00;76
2003;11;TAM;SBGR;SBKP;151,00;48
2003;11;TAM;SBKP;SBBR;450,00;249
2003;11;TAM;SBRF;SBSV;469,00;18
2003;11;TAM;SBBE;SBMQ;125,00;1312
2003;11;TAM;SBBR;SBSV;631,00;93
2003;11;TAM;SBUL;SBSP;727,00;27
2003;11;TAM;SBSV;SBRF;413,00;56
2003;11;TAM;SBKP;SBBR;863,00;52
2003;11;TAM;SBKP;SBCT;487,00;31
2003;11;TAM;SBFZ;SBRF;434,00;83
2003;11;TAM;SBBR;SBGO;324,00;124
2003;11;TAM;SBPA;SBSP;621,00;138
2003;11;TAM;SBFL;SBGR;258,00;336
2003;11;TAM;SBVT;SBRJ;200,00;2172
2003;11;TAM;SBBH;SBSP;414,00;494
2003;11;TAM;SBGL;SBPA;513,00;268
2003;11;TAM;SBRJ;SBBH;339,00;181
2003;11;TAM;SBGR;SBSV;967,00;47
2003;11;TAM;SBBR;SBBE;776,00;63
2003;11;TAM;SBCT;SBGR;309,00;1229
2003;11;TAM;SBGR;SBSV;875,00;7
2003;11;TAM;SBRJ;SBSP;458,00;1119
2003;11;TAM;SBUL;SBSP;595,00;7
2003;11;TAM;SBRJ;SBVT;481,00;18
2003;11;TAM;SBFZ;SBRF;376,00;118
2003;11;TAM;SBVT;SBSP;519,00;201
2003;11;TAM;SBPA;SBCT;243,00;8
2003;11;TAM;SBSV;SBBR;631,00;110
2003;11;TAM;SBGL;SBRF;761,00;106
2003;11;TAM;SBFZ;SBRF;664,00;46
2003;11;TAM;SBGL;SBPA;982,00;82
2003;11;TAM;SBPA;SBGL;829,00;58
2003;11;TAM;SBPA;SBGL;908,00;9
2003;11;TAM;SBCT;SBPA;579,00;1
2003;11;TAM;SBGO;SBBR;324,00;39
2003;11;TAM;SBKP;SBPA;566,00;19
2003;11;TAM;SBSP;SBVT;699,00;37
2003;11;TAM;SBBH;SBRJ;224,00;421
2003;11;TAM;SBFL;SBBR;500,00;1928
2003;11;TAM;SBPS;SBSP;790,00;65
2003;11;TAM;SBBR;SBFL;1085,00;82
2003;11;TAM;SBCT;SBGR;339,00;77
2003;11;TAM;SBGR;SBCF;512,00;20
2003;11;TAM;SBBR;SBGR;614,00;16
2003;11;TAM;SBCT;SBSP;372,00;219
2003;11;TAM;SBBR;SBGO;164,00;982
2003;11;TAM;SBSP;SBVT;459,00;274
2003;11;TAM;SBPS;SBSP;579,00;72
2003;11;TAM;SBGL;SBRF;863,00;47
2003;11;TAM;SBPA;SBFL;140,00;841
2003;11;TAM;SBSP;SBPS;790,00;30
2003;11;TAM;SBRJ;SBVT;314,00;104
2003;11;TAM;SBSP;SBVT;639,00;171
2003;11;TAM;SBBR;SBFL;652,00;213
2003;11;TAM;SBSP;SBBR;917,00;300
2003;11;TAM;SBBR;SBKP;588,00;32
2003;11;TAM;SBBR;SBCT;499,00;1621
2003;11;TAM;SBSP;SBCT;450,00;6
2003;11;TAM;SBFL;SBGR;558,00;2
2003;11;TAM;SBGL;SBSV;899,00;12
2003;11;TAM;SBCT;SBSP;309,00;8638
2003;11;TAM;SBKP;SBBR;519,00;99
2003;11;TAM;SBSV;SBGR;967,00;66
2003;11;TAM;SBGR;SBBR;419,00;829
2003;11;TAM;SBCT;SBPA;627,00;45
2003;11;TAM;SBSV;SBGR;875,00;117
2003;11;TAM;SBPA;SBKP;699,00;10
2003;11;TAM;SBGR;SBBR;679,00;19
2003;11;TAM;SBPA;SBKP;376,00;836
2003;11;TAM;SBSP;SBGO;660,00;49
2003;11;TAM;SBGO;SBSP;865,00;71
2003;11;TAM;SBCT;SBFL;344,00;8
2003;11;TAM;SBPA;SBCT;478,00;8
2003;11;TAM;SBBR;SBBH;348,00;276
2003;11;TAM;SBRP;SBSP;519,00;40
2003;11;TAM;SBBR;SBRJ;641,00;78
2003;11;TAM;SBFL;SBGR;607,00;45
2003;11;TAM;SBKP;SBBR;727,00;29
2003;11;TAM;SBBE;SBBR;593,00;111
2003;11;TAM;SBFL;SBCT;311,00;12
2003;11;TAM;SBGL;SBGR;386,00;6
2003;11;TAM;SBFZ;SBRF;239,00;202
2003;11;TAM;SBSP;SBPA;439,00;5468
2003;11;TAM;SBRJ;SBBR;419,00;3542
2003;11;TAM;SBPA;SBCT;216,00;67
2003;11;TAM;SBFZ;SBRF;607,00;41
2003;11;TAM;SBBR;SBCT;679,00;102
2003;11;TAM;SBRF;SBFZ;376,00;52
2003;11;TAM;SBMQ;SBBE;189,00;132
2003;11;TAM;SBSV;SBRF;579,00;9
2003;11;TAM;SBGL;SBGR;458,00;46
2003;11;TAM;SBBH;SBCT;341,00;1361
2003;11;TAM;SBSP;SBPS;714,00;6
2003;11;TAM;SBRF;SBGL;1066,00;48
2003;11;TAM;SBGR;SBGL;458,00;42
2003;11;TAM;SBSP;SBBR;419,00;11538
2003;11;TAM;SBPS;SBSP;639,00;65
2003;11;TAM;SBSV;SBBR;705,00;66
2003;11;TAM;SBVT;SBSP;579,00;105
2003;11;TAM;SBBH;SBCT;549,00;59
2003;11;TAM;SBBR;SBFZ;911,00;36
2003;11;TAM;SBCT;SBGR;450,00;3
2003;11;TAM;SBCT;SBGL;625,00;24
2003;11;TAM;SBCT;SBBR;759,00;64
2003;11;TAM;SBBR;SBKP;519,00;135
2003;11;TAM;SBFL;SBGR;510,00;14
2003;11;TAM;SBGR;SBCT;309,00;1266
2003;11;TAM;SBMQ;SBBE;215,00;64
2003;11;TAM;SBBR;SBBH;306,00;2670
2003;11;TAM;SBGR;SBGL;243,00;199
2003;11;TAM;SBCF;SBGR;512,00;23
2003;11;TAM;SBGL;SBGR;423,00;3
2003;11;TAM;SBPS;SBSP;499,00;331
2003;11;TAM;SBSP;SBGO;865,00;39
2003;11;TAM;SBBE;SBMQ;454,00;12
2003;11;TAM;SBGR;SBCT;372,00;11
2003;11;TAM;SBRF;SBGL;863,00;104
2003;11;TAM;SBSP;SBBH;560,00;89
2003;11;TAM;SBRF;SBSV;524,00;5
2003;11;TAM;SBGR;SBCT;411,00;33
2003;11;TAM;SBFL;SBPA;339,00;16
2003;11;TAM;SBRF;SBFZ;549,00;17
2003;11;TAM;SBRJ;SBBR;574,00;321
2003;11;TAM;SBGR;SBKP;215,00;1
2003;11;TAM;SBKP;SBCT;309,00;628
2003;11;TAM;SBRJ;SBVT;272,00;283
2003;11;TAM;SBSV;SBGL;977,00;242
2003;11;TAM;SBCF;SBGR;318,00;541
2003;11;TAM;SBBH;SBSP;463,00;246
2003;11;TAM;SBSP;SBFL;316,00;256
2003;11;TAM;SBFL;SBBR;999,00;8
2003;11;TAM;SBSP;SBBR;549,00;1012
2003;11;TAM;SBCT;SBGL;331,00;911
2003;11;TAM;SBBR;SBFL;738,00;99
2003;11;TAM;SBBH;SBCT;743,00;2
2003;11;TAM;SBGL;SBSV;664,00;97
2003;11;TAM;SBRF;SBSV;276,00;11
2003;11;TAM;SBPA;SBGL;592,00;164
2003;11;TAM;SBCT;SBBR;679,00;78
2003;11;TAM;SBBE;SBBR;476,00;945
2003;11;TAM;SBRF;SBGL;761,00;279
2003;11;TAM;SBKP;SBCT;388,00;16
2003;11;TAM;SBBR;SBBE;513,00;26
2003;11;TAM;SBBR;SBSP;419,00;12880
2003;11;TAM;SBGR;SBFL;316,00;7
2003;11;TAM;SBPA;SBCT;327,00;34
2003;11;TAM;SBGL;SBCT;399,00;76
2003;11;TAM;SBCT;SBKP;388,00;26
2003;11;TAM;SBGL;SBSP;386,00;2
2003;11;TAM;SBCT;SBGR;411,00;25
2003;11;TAM;SBRJ;SBBH;200,00;4032
2003;11;TAM;SBRJ;SBBH;378,00;97
2003;11;TAM;SBSP;SBVT;519,00;82
2003;11;TAM;SBGR;SBPA;439,00;387
2003;11;TAM;SBGL;SBCT;505,00;14
2003;11;TAM;SBGL;SBSV;586,00;254
2003;11;TAM;SBPA;SBCT;528,00;26
2003;11;TAM;SBBH;SBSP;681,00;156
2003;11;TAM;SBPA;SBGR;439,00;382
2003;11;TAM;SBSP;SBFL;258,00;2380
2003;11;TAM;SBGL;SBPA;908,00;2
2003;11;TAM;SBSV;SBBR;780,00;70
2003;11;TAM;SBGL;SBRF;709,00;116
2003;11;TAM;SBBE;SBBR;685,00;159
2003;11;TAM;SBBR;SBSV;780,00;72
2003;11;TAM;SBSP;SBFL;558,00;6
2003;11;TAM;SBSV;SBGL;508,00;499
2003;11;TAM;SBCT;SBSP;513,00;102
2003;11;TAM;SBVT;SBSP;839,00;149
2003;11;TAM;SBGR;SBPA;752,00;1
2003;11;TAM;SBGL;SBGR;243,00;78
2003;11;TAM;SBSV;SBRF;229,00;828
2003;11;TAM;SBVT;SBRJ;397,00;37
2003;11;TAM;SBKP;SBBR;399,00;376
2003;11;TAM;SBBR;SBRJ;506,00;404
2003;11;TAM;SBBR;SBFZ;1199,00;60
2003;11;TAM;SBCT;SBBH;549,00;39
2003;11;TAM;SBBH;SBSP;365,00;830
2003;11;TAM;SBGO;SBSP;660,00;110
2003;11;TAM;SBGR;SBCF;463,00;2
2003;11;TAM;SBRJ;SBBH;224,00;391
2003;11;TAM;SBCT;SBPA;188,00;1736
2003;11;TAM;SBBH;SBBR;724,00;87
2003;11;TAM;SBRJ;SBVT;397,00;30
2003;11;TAM;SBFL;SBSP;461,00;40
2003;11;TAM;SBGR;SBBR;807,00;40
2003;11;TAM;SBSV;SBGR;783,00;144
2003;11;TAM;SBGL;SBRF;664,00;838
2003;11;TAM;SBCT;SBKP;487,00;27
2003;11;TAM;SBBH;SBBR;586,00;115
2003;11;TAM;SBRJ;SBVT;521,00;110
2003;11;TAM;SBGL;SBGR;276,00;99
2003;11;TAM;SBBR;SBGR;485,00;84
2003;11;TAM;SBBH;SBCT;485,00;86
2003;11;TAM;SBKP;SBGR;163,00;1
2003;11;TAM;SBSV;SBGR;1059,00;1
2003;11;TAM;SBKP;SBBR;796,00;1
2003;11;TAM;SBKP;SBPA;376,00;716
2003;11;TAM;SBSV;SBRF;310,00;21
2003;11;TAM;SBGR;SBSV;691,00;95
2003;11;TAM;SBSV;SBGR;603,00;1800
2003;11;TAM;SBGR;SBGL;386,00;22
2003;11;TAM;SBPA;SBSP;752,00;26
2003;11;TAM;SBBR;SBCT;759,00;53
2003;11;TAM;SBFL;SBGR;461,00;18
2003;11;TAM;SBBR;SBKP;399,00;357
2003;11;TAM;SBPA;SBSP;858,00;228
2003;11;TAM;SBFL;SBGR;364,00;20
2003;11;TAM;SBFL;SBCT;376,00;1
2003;11;TAM;SBSP;SBGL;350,00;1
2003;11;TAM;SBPA;SBSP;556,00;337
2003;11;TAM;SBBR;SBGO;194,00;86
2003;11;TAM;SBRF;SBGL;709,00;149
2003;11;TAM;SBPA;SBGR;621,00;21
2003;11;TAM;SBUL;SBSP;463,00;228
2003;11;TAM;SBSV;SBGL;664,00;170
2003;11;TAM;SBBR;SBCT;919,00;3
2003;11;TAM;SBGO;SBBR;298,00;11
2003;11;TAM;SBBR;SBGO;220,00;77
2003;11;TAM;SBBR;SBRJ;709,00;101
2003;11;TAM;SBCT;SBGL;579,00;41
2003;11;TAM;SBCT;SBSP;450,00;22
2003;11;TAM;SBGL;SBPA;750,00;6
2003;11;TAM;SBGR;SBFL;510,00;12
2003;11;TAM;SBPS;SBSP;976,00;22
2003;11;TAM;SBFL;SBPA;458,00;1
2003;11;TAM;SBSP;SBFL;364,00;102
2003;11;TAM;SBGO;SBBR;164,00;1097
2003;11;TAM;SBBR;SBBE;593,00;174
2003;11;TAM;SBSP;SBFL;413,00;58
2003;11;TAM;SBCT;SBSP;339,00;721
2003;11;TAM;SBSV;SBBR;484,00;914
2003;11;TAM;SBBH;SBCT;679,00;34
2003;11;TAM;SBFL;SBPA;259,00;50
2003;11;TAM;SBBR;SBBH;586,00;50
2003;11;TAM;SBPA;SBGL;469,00;1709
2003;11;TAM;SBSP;SBGL;243,00;1
2003;11;TAM;SBBE;SBBR;513,00;102
2003;11;TAM;SBSP;SBRP;396,00;175
2003;11;TAM;SBGO;SBSP;534,00;239
2003;11;TAM;SBPS;SBSP;865,00;8
2003;11;TAM;SBGL;SBPA;829,00;45
2003;11;TAM;SBBE;SBMQ;189,00;29
2003;11;TAM;SBBH;SBRJ;259,00;639
2003;11;TAM;SBCT;SBSP;411,00;220
2003;11;TAM;SBFL;SBSP;316,00;219
2003;11;TAM;SBPA;SBSP;439,00;5559
2003;11;TAM;SBBH;SBBR;793,00;8
2003;11;TAM;SBGL;SBGR;313,00;10
2003;11;TAM;SBBR;SBFL;569,00;327
2003;11;TAM;SBGL;SBPA;469,00;1745
2003;11;TAM;SBGR;SBBR;614,00;18
2003;11;TAM;SBFL;SBBR;738,00;31
2003;11;TAM;SBBR;SBCT;565,00;259
2003;11;TAM;SBSP;SBUL;595,00;10
2003;11;TAM;SBRF;SBFZ;607,00;19
2003;11;TAM;SBFL;SBPA;418,00;22
2003;11;TAM;SBSV;SBRF;524,00;4
2003;11;TAM;SBRJ;SBBR;449,00;1376
2003;11;TAM;SBGL;SBCT;579,00;8
2003;11;TAM;SBPA;SBCT;377,00;140
2003;11;TAM;SBFL;SBGR;273,00;27
2003;11;TAM;SBCT;SBBH;807,00;94
2003;11;TAM;SBGL;SBPA;592,00;94
2003;11;TAM;SBCF;SBGR;414,00;1
2003;11;TAM;SBGR;SBBR;485,00;49
2003;11;TAM;SBSP;SBPS;976,00;14
2003;11;TAM;SBBH;SBBR;348,00;142
2003;11;TAM;SBCT;SBKP;348,00;37
2003;11;TAM;SBGO;SBSP;479,00;3416
2003;11;TAM;SBVT;SBRJ;356,00;96
2003;11;TAM;SBMQ;SBBE;454,00;14
2003;11;TAM;SBBH;SBCT;807,00;56
2003;11;TAM;SBBR;SBSP;743,00;42
2003;11;TAM;SBRF;SBFZ;324,00;4
2003;11;TAM;SBSP;SBUL;403,00;2318
2003;11;TAM;SBBR;SBCT;615,00;178
2003;11;TAM;SBSV;SBGL;586,00;251
2003;11;TAM;SBGO;SBSP;597,00;143
2003;11;TAM;SBGO;SBBR;220,00;139
2003;11;TAM;SBSV;SBBR;854,00;7
2003;11;TAM;SBSP;SBCT;339,00;622
2003;11;TAM;SBCF;SBGR;463,00;4
2003;11;TAM;SBGR;SBKP;180,00;1
2003;11;TAM;SBSP;SBRJ;212,00;3028
2003;11;TAM;SBSP;SBBH;414,00;563
2003;11;TAM;SBBR;SBBH;455,00;81
2003;11;TAM;SBGR;SBPA;621,00;18
2003;11;TAM;SBBR;SBBH;862,00;77
2003;11;TAM;SBGL;SBPA;671,00;75
2003;11;TAM;SBBE;SBBR;1050,00;2
2003;11;TAM;SBGR;SBFL;607,00;10
2003;11;TAM;SBSV;SBBR;557,00;118
2003;11;TAM;SBGR;SBCF;365,00;29
2003;11;TAM;SBCT;SBBH;614,00;26
2003;11;TAM;SBPA;SBCT;428,00;17
2003;11;TAM;SBBR;SBBE;1137,00;29
2003;11;TAM;SBBR;SBGR;743,00;4
2003;11;TAM;SBPA;SBKP;632,00;25
2003;11;TAM;SBBR;SBGR;549,00;38
2003;11;TAM;SBRJ;SBVT;439,00;54
2003;11;TAM;SBCF;SBGR;365,00;29
2003;11;TAM;SBMQ;SBBE;159,00;1845
2003;11;TAM;SBGR;SBSV;1149,00;284
2003;11;TAM;SBKP;SBPA;699,00;11
2003;11;TAM;SBRF;SBFZ;491,00;65
2003;11;TAM;SBCT;SBBR;615,00;127
2003;11;TAM;SBFL;SBGR;413,00;12
2003;11;TAM;SBPA;SBGL;513,00;228
2003;11;TAM;SBBR;SBFZ;1007,00;37
2003;11;TAM;SBBR;SBSV;854,00;10
2003;11;TAM;SBFL;SBCT;344,00;5
2003;11;TAM;SBGL;SBSV;977,00;169
2003;11;TAM;SBRJ;SBSP;212,00;4107
2003;11;TAM;SBGO;SBBR;272,00;39
2003;11;TAM;SBGR;SBCF;414,00;9
2003;11;TAM;SBBH;SBRJ;496,00;99
2003;11;TAM;SBPA;SBFL;259,00;32
2003;11;TAM;SBBH;SBBR;306,00;2351
2003;11;TAM;SBCT;SBGR;372,00;114
2003;11;TAM;SBPA;SBKP;433,00;417
2003;11;TAM;SBBR;SBSV;705,00;100
2003;11;TAM;SBBH;SBRJ;299,00;154
2003;11;TAM;SBFZ;SBBR;1199,00;73
2003;11;TAM;SBKP;SBBR;657,00;35
2003;11;TAM;SBSP;SBRP;363,00;2382
2003;11;TAM;SBSP;SBGL;386,00;3
2003;11;TAM;SBBR;SBFZ;726,00;734
2003;11;TAM;SBGR;SBGL;423,00;16
2003;11;TAM;SBFZ;SBBR;726,00;613
2003;11;TAM;SBPA;SBSP;686,00;188
2003;11;TAM;SBSV;SBGL;743,00;83
2003;11;TAM;SBBR;SBKP;796,00;27
2003;11;TAM;SBGL;SBRF;1066,00;36
2003;11;TAM;SBBE;SBBR;958,00;13
2003;11;TAM;SBKP;SBPA;499,00;91
2003;11;TAM;SBCT;SBGL;399,00;62
2003;11;TAM;SBSV;SBGR;1149,00;455
2003;11;TAM;SBGR;SBBR;549,00;84
2003;11;TAM;SBSP;SBVT;409,00;3628
2003;11;TAM;SBFL;SBBR;652,00;131
2003;11;TAM;SBGR;SBCF;318,00;548
2003;11;TAM;SBSP;SBGO;479,00;3977
2003;11;TAM;SBBR;SBSV;928,00;89
2003;11;TAM;SBSP;SBVT;839,00;87
2003;11;TAM;SBBR;SBFL;500,00;1655
2003;11;TAM;SBFL;SBPA;494,00;36
2003;11;TAM;SBFZ;SBBR;911,00;24
2003;11;TAM;SBBR;SBGR;419,00;719
2003;11;TAM;SBFL;SBPA;174,00;65
2003;11;TAM;SBGL;SBSV;459,00;1685
2003;11;TAM;SBGR;SBFL;273,00;3
2003;11;TAM;SBVT;SBSP;699,00;26
2003;11;TAM;SBBH;SBBR;517,00;67
2003;11;TAM;SBBR;SBBH;724,00;31
2003;11;TAM;SBCT;SBBH;341,00;1183
2003;11;TAM;SBRP;SBSP;396,00;244
2003;11;TAM;SBGR;SBCF;606,00;22
2003;11;TAM;SBCT;SBGL;459,00;39
2003;11;TAM;SBBR;SBBH;401,00;64
2003;11;TAM;SBSP;SBBR;614,00;411
2003;11;TAM;SBBR;SBRJ;842,00;254
2003;11;TAM;SBFL;SBBR;912,00;22
2003;11;TAM;SBSP;SBPS;579,00;154
2003;11;TAM;SBBR;SBSP;549,00;651
2003;11;TAM;SBBH;SBBR;655,00;83
2003;11;TAM;SBSP;SBRJ;458,00;846
2003;11;TAM;SBCT;SBGL;699,00;2
2003;11;TAM;SBPA;SBFL;378,00;11
2003;11;TAM;SBSP;SBBR;743,00;79
2003;11;TAM;SBCT;SBPA;528,00;18
2003;11;TAM;SBKP;SBCT;348,00;53
2003;11;TAM;SBRF;SBGL;964,00;20
2003;11;TAM;SBCT;SBFL;311,00;6
2003;11;TAM;SBSP;SBGO;534,00;67
2003;11;TAM;SBBR;SBSV;484,00;800
2003;11;TAM;SBCT;SBGL;736,00;61
2003;11;TAM;SBRJ;SBBH;458,00;18
2003;11;TAM;SBRF;SBGL;664,00;774
2003;11;TAM;SBRJ;SBBH;496,00;96
2003;11;TAM;SBBR;SBCT;839,00;35
2003;11;TAM;SBGL;SBSV;821,00;74
2003;11;TAM;SBBE;SBBR;867,00;9
2003;11;TAM;SBSP;SBCT;411,00;184
2003;11;TAM;SBPA;SBFL;339,00;25
2003;11;TAM;SBCT;SBGR;487,00;106
2003;11;TAM;SBBH;SBSP;512,00;229
2003;11;TAM;SBGR;SBPA;556,00;12
2003;11;TAM;SBBR;SBCT;995,00;75
2003;11;TAM;SBFL;SBBR;825,00;38
2003;11;TAM;SBFL;SBSP;258,00;2538
2003;11;TAM;SBRF;SBSV;229,00;852
2003;11;TAM;SBGR;SBFL;413,00;4
2003;11;TAM;SBKP;SBPA;433,00;362
2003;11;TAM;SBRF;SBGL;1269,00;153
2003;11;TAM;SBRF;SBGL;1167,00;4
2003;11;TAM;SBPA;SBGL;750,00;37
2003;11;TAM;SBBR;SBRJ;574,00;168
2003;11;TAM;SBGR;SBGL;313,00;84
2003;11;TAM;SBBR;SBGR;807,00;47
2003;11;TAM;SBGO;SBSP;723,00;15
2003;11;TAM;SBCT;SBBH;743,00;2
2003;11;TAM;SBFZ;SBRF;491,00;80
2003;11;TAM;SBCT;SBFL;409,00;6
2003;11;TAM;SBCT;SBPA;478,00;9
2003;11;TAM;SBKP;SBPA;632,00;14
2003;11;TAM;SBKP;SBGR;151,00;36
2003;11;TAM;SBSV;SBGL;459,00;1560
2003;11;TAM;SBBH;SBCT;420,00;142
2003;11;TAM;SBRF;SBSV;579,00;18
2003;11;TAM;SBSP;SBPA;858,00;177
2003;11;TAM;SBBH;SBSP;560,00;71
2003;11;TAM;SBSP;SBFL;461,00;24
2003;11;TAM;SBCT;SBBH;679,00;28
2003;11;TAM;SBRF;SBSV;310,00;12
2003;11;TAM;SBFZ;SBRF;324,00;7
2003;11;TAM;SBSP;SBRP;519,00;26
2003;11;TAM;SBSV;SBBR;928,00;101
2003;11;TAM;SBKP;SBBR;588,00;92
2003;11;TAM;SBPA;SBGR;556,00;37
2003;11;TAM;SBCT;SBBR;499,00;1920
2003;11;TAM;SBSP;SBPA;686,00;181
2003;11;TAM;SBCT;SBPA;243,00;70
2003;11;TAM;SBSP;SBCT;513,00;97
2003;11;TAM;SBCT;SBBH;485,00;91
2003;11;TAM;SBFL;SBPA;299,00;30
2003;11;TAM;SBSV;SBRF;276,00;10
2003;11;TAM;SBBR;SBGO;246,00;33
2003;11;TAM;SBBR;SBFL;825,00;48
2003;11;TAM;SBBE;SBMQ;381,00;7
2003;11;TAM;SBGR;SBSV;783,00;23
2003;11;TAM;SBSP;SBCT;372,00;134
2003;11;TAM;SBFL;SBSP;273,00;147
2003;11;TAM;SBBR;SBBH;655,00;9
2003;11;TAM;SBBR;SBGO;272,00;57
2003;11;TAM;SBMQ;SBBE;255,00;20
2003;11;TAM;SBBE;SBMQ;159,00;1482
2003;11;TAM;SBSP;SBBR;679,00;508
2003;11;TAM;SBPS;SBSP;714,00;19
2003;11;TAM;SBVT;SBRJ;481,00;10
2003;11;TAM;SBBH;SBRJ;339,00;168
2003;11;TAM;SBRJ;SBVT;356,00;64
2003;11;TAM;SBCT;SBBH;420,00;75
2003;11;TAM;SBRJ;SBBH;259,00;472
2003;11;TAM;SBBR;SBSP;485,00;1649
2003;11;TAM;SBBH;SBCT;614,00;18
2003;11;TAM;SBBR;SBBH;517,00;55
2003;11;TAM;SBGR;SBSV;603,00;1587
2003;11;TAM;SBSP;SBVT;579,00;43
2003;11;TAM;SBBH;SBRJ;458,00;31
2003;11;TAM;SBCT;SBBR;995,00;118
2003;11;TAM;SBBR;SBKP;450,00;168
2003;11;TAM;SBPA;SBKP;832,00;31
2003;11;TAM;SBCT;SBBH;390,00;62
2003;11;TAM;SBBH;SBBR;455,00;120
2003;11;TAM;SBSP;SBUL;727,00;24
2003;11;TAM;SBBR;SBFL;912,00;46
2003;11;TAM;SBSP;SBBR;485,00;1426
2003;11;TAM;SBUL;SBSP;529,00;69
2003;11;TAM;SBKP;SBCT;469,00;4
2003;11;TAM;SBBH;SBBR;862,00;115
2003;11;TAM;SBBE;SBMQ;345,00;5
2003;11;TAM;SBVT;SBRJ;521,00;77
2003;11;TAM;SBBR;SBRJ;419,00;4348
2003;11;TAM;SBFZ;SBRF;698,00;105
2003;11;TAM;SBFZ;SBBR;1007,00;23
2003;11;TAM;SBPA;SBGL;671,00;153
2003;11;TAM;SBSP;SBGL;276,00;1
2003;11;TAM;SBSP;SBRJ;319,00;20708
2003;11;TAM;SBCT;SBPA;428,00;24
2003;11;TAM;SBBE;SBMQ;255,00;18
2003;11;TAM;SBBR;SBSP;614,00;160
2003;11;TAM;SBBH;SBSP;318,00;8596
2003;11;TAM;SBVT;SBSP;459,00;409
2003;11;TAM;SBRP;SBSP;434,00;1
2003;11;TAM;SBBR;SBKP;863,00;63
2003;11;TAM;SBFL;SBPA;378,00;5
2003;11;TAM;SBGR;SBPA;816,00;35
2003;11;TAM;SBSP;SBFL;668,00;75
2003;11;TAM;SBBE;SBBR;776,00;11
2003;11;TAM;SBGL;SBSV;743,00;59
2003;11;TAM;SBRJ;SBVT;200,00;2378
2003;11;TAM;SBSP;SBGO;597,00;36
2003;11;TAM;SBCT;SBKP;309,00;527
2003;11;TAM;SBGL;SBCT;625,00;34
2003;11;TAM;SBPA;SBFL;494,00;28
2003;11;TAM;SBVT;SBRJ;314,00;116
2003;11;TAM;SBGR;SBFL;258,00;243
2003;11;TAM;SBGO;SBBR;246,00;18
2003;11;TAM;SBSV;SBRF;358,00;217
2003;11;TAM;SBPA;SBKP;566,00;38
2003;11;TAM;SBSV;SBRF;687,00;13
2003;11;TAM;SBPA;SBCT;188,00;1658
2003;11;TAM;SBRJ;SBBH;299,00;216
2003;11;TAM;SBSV;SBRF;469,00;27
2003;11;TAM;SBPA;SBFL;299,00;39
2003;11;TAM;SBGR;SBCT;339,00;25
2003;11;TAM;SBRJ;SBBR;506,00;627
2003;11;TAM;SBBR;SBSV;557,00;137
2003;11;TAM;SBSP;SBUL;463,00;215
2003;11;TAM;SBBR;SBGO;298,00;19
2003;11;TAM;SBRF;SBFZ;273,00;14
2003;11;TAM;SBCT;SBBR;839,00;33
2003;11;TAM;SBBR;SBSP;917,00;277
2003;11;TAM;SBBH;SBRJ;200,00;3984
2003;11;VRG;SBCT;SBKP;348,00;79
2003;11;VRG;SBBR;SBGO;298,00;5
2003;11;VRG;SBFL;SBGR;273,00;359
2003;11;VRG;SBCT;SBRJ;505,00;78
2003;11;VRG;SBSP;SBBR;679,00;48
2003;11;VRG;SBCT;SBKP;489,00;81
2003;11;VRG;SBSP;SBPA;368,00;251
2003;11;VRG;SBFL;SBBR;999,00;18
2003;11;VRG;SBSV;SBGR;783,00;594
2003;11;VRG;SBFL;SBSP;316,00;567
2003;11;VRG;SBGL;SBRF;1513,00;319
2003;11;VRG;SBBH;SBSP;365,00;704
2003;11;VRG;SBGR;SBCF;365,00;356
2003;11;VRG;SBSP;SBUL;727,00;96
2003;11;VRG;SBGL;SBFL;678,00;4
2003;11;VRG;SBPA;SBSP;621,00;241
2003;11;VRG;SBGR;SBEG;2002,00;522
2003;11;VRG;SBSP;SBPS;714,00;5
2003;11;VRG;SBCF;SBGR;274,00;30
2003;11;VRG;SBPS;SBSP;639,00;48
2003;11;VRG;SBBR;SBPA;1125,00;72
2003;11;VRG;SBPA;SBBR;1027,00;21
2003;11;VRG;SBRJ;SBCT;459,00;88
2003;11;VRG;SBSP;SBGO;785,00;563
2003;11;VRG;SBFZ;SBBR;1436,00;130
2003;11;VRG;SBFL;SBGL;807,00;87
2003;11;VRG;SBRF;SBSV;310,00;225
2003;11;VRG;SBPA;SBFL;598,00;31
2003;11;VRG;SBBR;SBGL;574,00;295
2003;11;VRG;SBSP;SBNF;434,00;38
2003;11;VRG;SBFZ;SBRF;492,00;370
2003;11;VRG;SBGO;SBBR;194,00;55
2003;11;VRG;SBCT;SBFL;286,00;397
2003;11;VRG;SBBR;SBGO;272,00;3
2003;11;VRG;SBEG;SBGR;751,00;269
2003;11;VRG;SBGL;SBFL;484,00;137
2003;11;VRG;SBCT;SBSP;450,00;95
2003;11;VRG;SBPA;SBGR;621,00;163
2003;11;VRG;SBSP;SBPA;556,00;577
2003;11;VRG;SBRJ;SBBH;224,00;1037
2003;11;VRG;SBSV;SBGR;875,00;87
2003;11;VRG;SBGL;SBBR;506,00;198
2003;11;VRG;SBBR;SBGL;1013,00;278
2003;11;VRG;SBBR;SBBH;306,00;803
2003;11;VRG;SBPA;SBCT;243,00;126
2003;11;VRG;SBFL;SBGR;510,00;19
2003;11;VRG;SBGR;SBBR;549,00;341
2003;11;VRG;SBBR;SBSV;557,00;1010
2003;11;VRG;SBCT;SBPA;377,00;200
2003;11;VRG;SBKP;SBRJ;238,00;6
2003;11;VRG;SBRF;SBFZ;325,00;96
2003;11;VRG;SBPA;SBFL;378,00;17
2003;11;VRG;SBPA;SBFL;458,00;220
2003;11;VRG;SBBR;SBSV;418,00;121
2003;11;VRG;SBGL;SBBR;1013,00;255
2003;11;VRG;SBGR;SBEG;1401,00;66
2003;11;VRG;SBGR;SBSV;875,00;111
2003;11;VRG;SBFL;SBPA;378,00;12
2003;11;VRG;SBRF;SBFZ;315,00;55
2003;11;VRG;SBGR;SBPA;817,00;1852
2003;11;VRG;SBBR;SBRJ;641,00;110
2003;11;VRG;SBKP;SBBR;588,00;91
2003;11;VRG;SBSP;SBVT;326,00;164
2003;11;VRG;SBPA;SBCT;478,00;8
2003;11;VRG;SBSP;SBPA;686,00;41
2003;11;VRG;SBFL;SBGL;968,00;75
2003;11;VRG;SBBR;SBKP;309,00;356
2003;11;VRG;SBBR;SBBH;615,00;52
2003;11;VRG;SBFL;SBPA;209,00;28
2003;11;VRG;SBPS;SBSP;714,00;7
2003;11;VRG;SBRJ;SBBR;641,00;109
2003;11;VRG;SBSP;SBPS;790,00;2
2003;11;VRG;SBGR;SBFL;258,00;424
2003;11;VRG;SBBR;SBFL;912,00;3
2003;11;VRG;SBBH;SBKP;308,00;29
2003;11;VRG;SBGL;SBBR;709,00;15
2003;11;VRG;SBCT;SBKP;388,00;6
2003;11;VRG;SBBH;SBKP;512,00;2
2003;11;VRG;SBBR;SBPA;1468,00;130
2003;11;VRG;SBGL;SBCT;625,00;46
2003;11;VRG;SBSV;SBRF;469,00;277
2003;11;VRG;SBGR;SBSV;518,00;445
2003;11;VRG;SBBR;SBGO;194,00;46
2003;11;VRG;SBBR;SBSV;780,00;11
2003;11;VRG;SBGL;SBSV;508,00;543
2003;11;VRG;SBGR;SBEG;1535,00;500
2003;11;VRG;SBBH;SBRJ;224,00;1021
2003;11;VRG;SBPA;SBBR;1223,00;190
2003;11;VRG;SBPA;SBFL;209,00;48
2003;11;VRG;SBCT;SBPA;283,00;26
2003;11;VRG;SBPA;SBGR;686,00;178
2003;11;VRG;SBKP;SBRJ;463,00;7
2003;11;VRG;SBGO;SBBR;246,00;5
2003;11;VRG;SBBE;SBMQ;418,00;7
2003;11;VRG;SBSP;SBPA;621,00;223
2003;11;VRG;SBCT;SBRJ;331,00;528
2003;11;VRG;SBKP;SBBH;660,00;34
2003;11;VRG;SBBH;SBKP;279,00;31
2003;11;VRG;SBBR;SBRJ;449,00;1766
2003;11;VRG;SBSP;SBPS;499,00;311
2003;11;VRG;SBFL;SBSP;413,00;282
2003;11;VRG;SBSP;SBBR;614,00;156
2003;11;VRG;SBGL;SBRF;1066,00;9
2003;11;VRG;SBRJ;SBVT;314,00;245
2003;11;VRG;SBBR;SBFL;489,00;52
2003;11;VRG;SBPS;SBSP;940,00;64
2003;11;VRG;SBCF;SBGR;512,00;31
2003;11;VRG;SBSP;SBPA;439,00;6008
2003;11;VRG;SBKP;SBCT;309,00;774
2003;11;VRG;SBSP;SBCT;450,00;126
2003;11;VRG;SBKP;SBBR;450,00;140
2003;11;VRG;SBSV;SBRF;276,00;111
2003;11;VRG;SBGO;SBSP;722,00;494
2003;11;VRG;SBPA;SBCT;283,00;52
2003;11;VRG;SBSV;SBGR;1381,00;334
2003;11;VRG;SBSV;SBRF;689,00;228
2003;11;VRG;SBGL;SBCT;399,00;213
2003;11;VRG;SBKP;SBRJ;373,00;270
2003;11;VRG;SBFL;SBSP;273,00;1175
2003;11;VRG;SBGR;SBCT;372,00;152
2003;11;VRG;SBRF;SBSV;413,00;389
2003;11;VRG;SBRF;SBSV;524,00;29
2003;11;VRG;SBBR;SBSP;419,00;6357
2003;11;VRG;SBGL;SBSV;582,00;603
2003;11;VRG;SBSP;SBBR;485,00;1043
2003;11;VRG;SBVT;SBSP;326,00;177
2003;11;VRG;SBBR;SBRJ;506,00;629
2003;11;VRG;SBSP;SBNF;297,00;670
2003;11;VRG;SBBR;SBKP;727,00;2
2003;11;VRG;SBRJ;SBCT;699,00;41
2003;11;VRG;SBBH;SBRJ;259,00;230
2003;11;VRG;SBRF;SBSV;276,00;117
2003;11;VRG;SBBE;SBMQ;381,00;5
2003;11;VRG;SBFL;SBBR;500,00;246
2003;11;VRG;SBSP;SBFL;316,00;544
2003;11;VRG;SBRJ;SBKP;538,00;300
2003;11;VRG;SBCT;SBPA;327,00;83
2003;11;VRG;SBGR;SBCF;274,00;49
2003;11;VRG;SBGR;SBBR;364,00;21
2003;11;VRG;SBFL;SBPA;458,00;108
2003;11;VRG;SBKP;SBBH;308,00;59
2003;11;VRG;SBBR;SBGL;709,00;11
2003;11;VRG;SBFL;SBPA;140,00;1139
2003;11;VRG;SBSV;SBGR;603,00;3708
2003;11;VRG;SBBR;SBKP;657,00;8
2003;11;VRG;SBSV;SBGL;743,00;57
2003;11;VRG;SBGL;SBCT;736,00;170
2003;11;VRG;SBGL;SBRF;761,00;384
2003;11;VRG;SBRJ;SBVT;397,00;27
2003;11;VRG;SBFL;SBCT;409,00;43
2003;11;VRG;SBFL;SBPA;224,00;49
2003;11;VRG;SBSP;SBNF;257,00;226
2003;11;VRG;SBGL;SBPA;671,00;463
2003;11;VRG;SBRJ;SBSP;319,00;35037
2003;11;VRG;SBSP;SBGO;353,00;174
2003;11;VRG;SBBH;SBRJ;498,00;842
2003;11;VRG;SBBR;SBFL;825,00;5
2003;11;VRG;SBSP;SBNF;571,00;458
2003;11;VRG;SBSP;SBUL;529,00;6
2003;11;VRG;SBGL;SBSV;1164,00;191
2003;11;VRG;SBKP;SBBR;309,00;362
2003;11;VRG;SBPA;SBSP;752,00;207
2003;11;VRG;SBBE;SBMQ;255,00;48
2003;11;VRG;SBRP;SBSP;363,00;741
2003;11;VRG;SBBH;SBBR;306,00;643
2003;11;VRG;SBCT;SBGL;736,00;174
2003;11;VRG;SBBR;SBKP;450,00;183
2003;11;VRG;SBGO;SBBR;324,00;113
2003;11;VRG;SBBR;SBSV;929,00;310
2003;11;VRG;SBCF;SBGR;560,00;625
2003;11;VRG;SBEG;SBGR;1535,00;359
2003;11;VRG;SBRF;SBFZ;701,00;152
2003;11;VRG;SBGL;SBFL;363,00;154
2003;11;VRG;SBPA;SBBR;1125,00;52
2003;11;VRG;SBBR;SBGL;776,00;71
2003;11;VRG;SBSV;SBGL;508,00;495
2003;11;VRG;SBRF;SBGL;1066,00;11
2003;11;VRG;SBSV;SBRF;413,00;293
2003;11;VRG;SBPA;SBGL;671,00;344
2003;11;VRG;SBSV;SBRF;229,00;1060
2003;11;VRG;SBGO;SBSP;353,00;182
2003;11;VRG;SBGR;SBCT;450,00;851
2003;11;VRG;SBBR;SBSV;706,00;43
2003;11;VRG;SBRJ;SBBR;431,00;54
2003;11;VRG;SBSP;SBUL;293,00;13
2003;11;VRG;SBCT;SBSP;372,00;29
2003;11;VRG;SBSP;SBBH;318,00;7055
2003;11;VRG;SBSP;SBCT;489,00;1692
2003;11;VRG;SBRJ;SBCT;505,00;145
2003;11;VRG;SBBE;SBMQ;454,00;116
2003;11;VRG;SBEG;SBGR;1134,00;552
2003;11;VRG;SBGO;SBBR;146,00;86
2003;11;VRG;SBRF;SBSV;579,00;3
2003;11;VRG;SBSV;SBBR;484,00;1443
2003;11;VRG;SBCT;SBPA;478,00;11
2003;11;VRG;SBCT;SBRJ;736,00;140
2003;11;VRG;SBGL;SBBR;449,00;585
2003;11;VRG;SBKP;SBBH;359,00;15
2003;11;VRG;SBRF;SBSV;358,00;306
2003;11;VRG;SBSP;SBCT;309,00;6148
2003;11;VRG;SBSV;SBGL;436,00;169
2003;11;VRG;SBUL;SBSP;727,00;128
2003;11;VRG;SBRJ;SBBH;498,00;885
2003;11;VRG;SBGR;SBCF;560,00;661
2003;11;VRG;SBBR;SBFL;652,00;33
2003;11;VRG;SBCF;SBGR;365,00;368
2003;11;VRG;SBBR;SBSV;632,00;330
2003;11;VRG;SBGL;SBPA;750,00;52
2003;11;VRG;SBSP;SBVT;579,00;32
2003;11;VRG;SBBR;SBBH;562,00;13
2003;11;VRG;SBGL;SBBR;431,00;28
2003;11;VRG;SBBR;SBGR;549,00;437
2003;11;VRG;SBBR;SBFZ;1199,00;89
2003;11;VRG;SBGR;SBSV;1151,00;1534
2003;11;VRG;SBPA;SBFL;224,00;50
2003;11;VRG;SBSP;SBBH;512,00;16
2003;11;VRG;SBGO;SBSP;659,00;22
2003;11;VRG;SBKP;SBCT;489,00;103
2003;11;VRG;SBCT;SBKP;469,00;22
2003;11;VRG;SBSP;SBVT;724,00;371
2003;11;VRG;SBBR;SBFZ;1103,00;2
2003;11;VRG;SBGL;SBSV;436,00;134
2003;11;VRG;SBRJ;SBSP;212,00;8426
2003;11;VRG;SBRJ;SBBH;259,00;204
2003;11;VRG;SBFZ;SBBR;1103,00;6
2003;11;VRG;SBPA;SBGR;368,00;228
2003;11;VRG;SBGL;SBCT;579,00;10
2003;11;VRG;SBRF;SBSV;229,00;1061
2003;11;VRG;SBKP;SBCT;428,00;2
2003;11;VRG;SBSP;SBPS;865,00;99
2003;11;VRG;SBRJ;SBBH;378,00;7
2003;11;VRG;SBBH;SBBR;455,00;425
2003;11;VRG;SBBH;SBKP;560,00;3
2003;11;VRG;SBBR;SBGR;364,00;22
2003;11;VRG;SBBR;SBSV;855,00;52
2003;11;VRG;SBCF;SBGR;318,00;1029
2003;11;VRG;SBSP;SBGO;534,00;340
2003;11;VRG;SBRJ;SBCT;625,00;1
2003;11;VRG;SBBR;SBSP;485,00;1434
2003;11;VRG;SBGR;SBPA;368,00;232
2003;11;VRG;SBSP;SBVT;639,00;27
2003;11;VRG;SBBR;SBGR;614,00;77
2003;11;VRG;SBGR;SBFL;413,00;317
2003;11;VRG;SBFL;SBGL;549,00;153
2003;11;VRG;SBSP;SBFL;461,00;13
2003;11;VRG;SBGL;SBRF;964,00;47
2003;11;VRG;SBKP;SBCT;469,00;8
2003;11;VRG;SBSP;SBCT;339,00;486
2003;11;VRG;SBKP;SBBR;519,00;83
2003;11;VRG;SBGR;SBEG;1001,00;1153
2003;11;VRG;SBVT;SBRJ;397,00;19
2003;11;VRG;SBBR;SBBH;669,00;270
2003;11;VRG;SBSP;SBPA;752,00;228
2003;11;VRG;SBKP;SBBH;178,00;500
2003;11;VRG;SBRJ;SBBH;458,00;55
2003;11;VRG;SBCT;SBGR;587,00;116
2003;11;VRG;SBSV;SBGR;518,00;440
2003;11;VRG;SBGR;SBCT;309,00;869
2003;11;VRG;SBFL;SBPA;299,00;59
2003;11;VRG;SBFZ;SBRF;377,00;253
2003;11;VRG;SBSV;SBGL;459,00;1466
2003;11;VRG;SBSP;SBVT;519,00;263
2003;11;VRG;SBCT;SBSP;411,00;15
2003;11;VRG;SBCT;SBGR;339,00;457
2003;11;VRG;SBBR;SBBE;476,00;760
2003;11;VRG;SBGR;SBBR;614,00;48
2003;11;VRG;SBSV;SBBR;632,00;251
2003;11;VRG;SBGR;SBPA;686,00;164
2003;11;VRG;SBEG;SBGR;2002,00;631
2003;11;VRG;SBBR;SBGL;641,00;17
2003;11;VRG;SBBR;SBSP;364,00;106
2003;11;VRG;SBBR;SBBE;958,00;10
2003;11;VRG;SBRF;SBGL;1513,00;280
2003;11;VRG;SBFL;SBGR;316,00;655
2003;11;VRG;SBCT;SBPA;528,00;3
2003;11;VRG;SBKP;SBBH;219,00;6
2003;11;VRG;SBBR;SBSV;484,00;1434
2003;11;VRG;SBBR;SBSP;549,00;957
2003;11;VRG;SBVT;SBSP;409,00;2815
2003;11;VRG;SBGL;SBPA;444,00;258
2003;11;VRG;SBCT;SBSP;309,00;5990
2003;11;VRG;SBSP;SBCT;220,00;281
2003;11;VRG;SBBR;SBPA;1223,00;276
2003;11;VRG;SBRF;SBGL;567,00;148
2003;11;VRG;SBCF;SBGR;609,00;166
2003;11;VRG;SBEG;SBGR;1668,00;677
2003;11;VRG;SBBR;SBPA;550,00;139
2003;11;VRG;SBCT;SBPA;629,00;166
2003;11;VRG;SBBR;SBRJ;844,00;1748
2003;11;VRG;SBSP;SBGO;479,00;1665
2003;11;VRG;SBFL;SBPA;498,00;111
2003;11;VRG;SBCT;SBFL;311,00;5
2003;11;VRG;SBSP;SBRJ;319,00;34367
2003;11;VRG;SBGR;SBCF;463,00;52
2003;11;VRG;SBBR;SBKP;399,00;100
2003;11;VRG;SBPA;SBCT;377,00;187
2003;11;VRG;SBPA;SBCT;629,00;120
2003;11;VRG;SBSP;SBBH;274,00;225
2003;11;VRG;SBSP;SBUL;463,00;9
2003;11;VRG;SBMQ;SBBE;215,00;17
2003;11;VRG;SBNF;SBSP;297,00;708
2003;11;VRG;SBGL;SBSV;821,00;13
2003;11;VRG;SBNF;SBSP;343,00;274
2003;11;VRG;SBMQ;SBBE;454,00;113
2003;11;VRG;SBSV;SBBR;929,00;135
2003;11;VRG;SBUL;SBSP;595,00;72
2003;11;VRG;SBGR;SBSV;603,00;3825
2003;11;VRG;SBSP;SBPS;579,00;85
2003;11;VRG;SBCT;SBPA;188,00;1152
2003;11;VRG;SBBR;SBGR;419,00;764
2003;11;VRG;SBBE;SBBR;476,00;829
2003;11;VRG;SBBE;SBMQ;540,00;2
2003;11;VRG;SBGR;SBSV;967,00;29
2003;11;VRG;SBPA;SBCT;327,00;78
2003;11;VRG;SBFZ;SBRF;315,00;102
2003;11;VRG;SBCF;SBGR;731,00;226
2003;11;VRG;SBBR;SBFL;738,00;59
2003;11;VRG;SBSP;SBRJ;212,00;7662
2003;11;VRG;SBGR;SBEG;834,00;3656
2003;11;VRG;SBBR;SBGL;419,00;848
2003;11;VRG;SBFL;SBGL;613,00;4
2003;11;VRG;SBGL;SBFL;968,00;120
2003;11;VRG;SBSV;SBBR;557,00;543
2003;11;VRG;SBCT;SBPA;428,00;119
2003;11;VRG;SBCT;SBRJ;330,00;3
2003;11;VRG;SBPA;SBCT;579,00;41
2003;11;VRG;SBSP;SBUL;595,00;59
2003;11;VRG;SBSP;SBBR;419,00;6510
2003;11;VRG;SBGL;SBFL;742,00;43
2003;11;VRG;SBCT;SBGL;330,00;38
2003;11;VRG;SBVT;SBRJ;272,00;563
2003;11;VRG;SBPA;SBGL;469,00;2649
2003;11;VRG;SBGR;SBCT;411,00;102
2003;11;VRG;SBGL;SBPA;829,00;13
2003;11;VRG;SBFL;SBGR;461,00;57
2003;11;VRG;SBFL;SBPA;598,00;93
2003;11;VRG;SBGL;SBSV;664,00;717
2003;11;VRG;SBPA;SBGL;908,00;109
2003;11;VRG;SBFZ;SBRF;550,00;37
2003;11;VRG;SBCT;SBGL;459,00;174
2003;11;VRG;SBGR;SBCF;731,00;128
2003;11;VRG;SBSV;SBGL;582,00;838
2003;11;VRG;SBBH;SBBR;562,00;34
2003;11;VRG;SBVT;SBSP;639,00;52
2003;11;VRG;SBRJ;SBCT;330,00;8
2003;11;VRG;SBBR;SBFL;500,00;184
2003;11;VRG;SBSV;SBGL;821,00;7
2003;11;VRG;SBSV;SBGR;967,00;23
2003;11;VRG;SBBR;SBBE;685,00;244
2003;11;VRG;SBVT;SBSP;459,00;372
2003;11;VRG;SBSP;SBNF;525,00;124
2003;11;VRG;SBGR;SBEG;1134,00;547
2003;11;VRG;SBSV;SBGR;1151,00;980
2003;11;VRG;SBRF;SBSV;634,00;34
2003;11;VRG;SBCT;SBGL;399,00;167
2003;11;VRG;SBGR;SBBR;808,00;684
2003;11;VRG;SBBR;SBFZ;1436,00;77
2003;11;VRG;SBBE;SBBR;958,00;6
2003;11;VRG;SBGR;SBCT;489,00;830
2003;11;VRG;SBGR;SBFL;558,00;706
2003;11;VRG;SBFZ;SBBR;1007,00;6
2003;11;VRG;SBCT;SBGL;881,00;101
2003;11;VRG;SBSP;SBPS;423,00;135
2003;11;VRG;SBRJ;SBCT;579,00;10
2003;11;VRG;SBVT;SBRJ;200,00;3698
2003;11;VRG;SBCT;SBGR;489,00;446
2003;11;VRG;SBRF;SBGL;1167,00;149
2003;11;VRG;SBGO;SBBR;164,00;316
2003;11;VRG;SBBH;SBBR;669,00;221
2003;11;VRG;SBPA;SBSP;368,00;241
2003;11;VRG;SBGL;SBFL;432,00;753
2003;11;VRG;SBRP;SBSP;395,00;122
2003;11;VRG;SBRJ;SBVT;481,00;147
2003;11;VRG;SBBH;SBRJ;200,00;4107
2003;11;VRG;SBCT;SBRJ;459,00;56
2003;11;VRG;SBBR;SBBH;348,00;291
2003;11;VRG;SBCT;SBGR;372,00;104
2003;11;VRG;SBSP;SBNF;388,00;365
2003;11;VRG;SBBR;SBSP;743,00;152
2003;11;VRG;SBSV;SBGR;691,00;1133
2003;11;VRG;SBPA;SBCT;216,00;15
2003;11;VRG;SBBE;SBMQ;189,00;17
2003;11;VRG;SBSV;SBBR;855,00;51
2003;11;VRG;SBSP;SBFL;510,00;7
2003;11;VRG;SBBH;SBBR;615,00;86
2003;11;VRG;SBGR;SBFL;461,00;54
2003;11;VRG;SBBR;SBBE;776,00;307
2003;11;VRG;SBKP;SBRJ;538,00;385
2003;11;VRG;SBSV;SBBR;706,00;29
2003;11;VRG;SBBH;SBRJ;458,00;40
2003;11;VRG;SBVT;SBRJ;481,00;112
2003;11;VRG;SBBH;SBKP;414,00;22
2003;11;VRG;SBGL;SBSV;899,00;350
2003;11;VRG;SBPA;SBGR;980,00;1
2003;11;VRG;SBGR;SBBR;743,00;797
2003;11;VRG;SBPA;SBBR;1468,00;108
2003;11;VRG;SBVT;SBSP;724,00;390
2003;11;VRG;SBGR;SBFL;273,00;404
2003;11;VRG;SBBR;SBBH;455,00;427
2003;11;VRG;SBPA;SBGL;513,00;436
2003;11;VRG;SBSV;SBRF;358,00;399
2003;11;VRG;SBBE;SBMQ;345,00;17
2003;11;VRG;SBRF;SBSV;689,00;195
2003;11;VRG;SBBE;SBBR;776,00;342
2003;11;VRG;SBPA;SBGL;987,00;458
2003;11;VRG;SBFL;SBPA;339,00;103
2003;11;VRG;SBBH;SBSP;560,00;165
2003;11;VRG;SBRF;SBFZ;608,00;4
2003;11;VRG;SBRJ;SBBR;776,00;180
2003;11;VRG;SBRJ;SBVT;439,00;20
2003;11;VRG;SBRF;SBFZ;492,00;250
2003;11;VRG;SBFL;SBBR;652,00;48
2003;11;VRG;SBGO;SBBR;298,00;11
2003;11;VRG;SBBR;SBFL;569,00;113
2003;11;VRG;SBCT;SBPA;216,00;4
2003;11;VRG;SBRF;SBFZ;665,00;22
2003;11;VRG;SBGO;SBSP;479,00;2001
2003;11;VRG;SBRJ;SBVT;235,00;17
2003;11;VRG;SBFL;SBCT;376,00;20
2003;11;VRG;SBBR;SBFZ;726,00;550
2003;11;VRG;SBUL;SBSP;529,00;1
2003;11;VRG;SBVT;SBRJ;439,00;11
2003;11;VRG;SBVT;SBSP;579,00;74
2003;11;VRG;SBGL;SBPA;1184,00;405
2003;11;VRG;SBFL;SBCT;311,00;3
2003;11;VRG;SBFZ;SBRF;665,00;78
2003;11;VRG;SBBR;SBGR;485,00;242
2003;11;VRG;SBFL;SBSP;607,00;620
2003;11;VRG;SBRF;SBFZ;239,00;1285
2003;11;VRG;SBFL;SBPA;259,00;74
2003;11;VRG;SBEG;SBGR;1401,00;59
2003;11;VRG;SBSP;SBPS;940,00;26
2003;11;VRG;SBGL;SBRF;863,00;444
2003;11;VRG;SBBR;SBRJ;419,00;4294
2003;11;VRG;SBFL;SBGL;742,00;75
2003;11;VRG;SBSV;SBGR;1059,00;2011
2003;11;VRG;SBGR;SBCF;414,00;205
2003;11;VRG;SBRJ;SBCT;736,00;122
2003;11;VRG;SBGL;SBRF;1269,00;297
2003;11;VRG;SBRJ;SBBH;200,00;3867
2003;11;VRG;SBSV;SBGL;664,00;690
2003;11;VRG;SBGL;SBRF;664,00;1389
2003;11;VRG;SBBR;SBBH;301,00;83
2003;11;VRG;SBRJ;SBKP;373,00;266
2003;11;VRG;SBFL;SBBR;569,00;102
2003;11;VRG;SBBH;SBKP;219,00;12
2003;11;VRG;SBMQ;SBBE;125,00;408
2003;11;VRG;SBBR;SBBE;1141,00;379
2003;11;VRG;SBMQ;SBBE;159,00;38
2003;11;VRG;SBBR;SBPA;1027,00;36
2003;11;VRG;SBGR;SBSV;783,00;605
2003;11;VRG;SBKP;SBRJ;329,00;1543
2003;11;VRG;SBGL;SBCT;330,00;24
2003;11;VRG;SBSP;SBFL;607,00;618
2003;11;VRG;SBGL;SBFL;549,00;146
2003;11;VRG;SBEG;SBGR;1751,00;12
2003;11;VRG;SBFL;SBGR;413,00;293
2003;11;VRG;SBPA;SBSP;817,00;1261
2003;11;VRG;SBRF;SBFZ;377,00;231
2003;11;VRG;SBMQ;SBBE;309,00;27
2003;11;VRG;SBBR;SBRJ;431,00;77
2003;11;VRG;SBBR;SBPA;645,00;840
2003;11;VRG;SBCT;SBRJ;399,00;51
2003;11;VRG;SBFL;SBGL;432,00;806
2003;11;VRG;SBCT;SBGL;699,00;116
2003;11;VRG;SBCF;SBGR;463,00;25
2003;11;VRG;SBSV;SBGL;899,00;461
2003;11;VRG;SBBR;SBFZ;815,00;100
2003;11;VRG;SBCT;SBRJ;579,00;8
2003;11;VRG;SBFL;SBBR;760,00;70
2003;11;VRG;SBFL;SBGR;607,00;226
2003;11;VRG;SBGL;SBPA;987,00;440
2003;11;VRG;SBSP;SBBR;364,00;139
2003;11;VRG;SBRF;SBFZ;434,00;175
2003;11;VRG;SBFL;SBBR;869,00;3
2003;11;VRG;SBSP;SBVT;699,00;190
2003;11;VRG;SBSP;SBPS;639,00;65
2003;11;VRG;SBGR;SBCF;318,00;746
2003;11;VRG;SBMQ;SBBE;418,00;3
2003;11;VRG;SBNF;SBSP;525,00;125
2003;11;VRG;SBSP;SBBH;609,00;2147
2003;11;VRG;SBBR;SBGR;808,00;743
2003;11;VRG;SBSP;SBCT;372,00;35
2003;11;VRG;SBPA;SBGL;592,00;276
2003;11;VRG;SBNF;SBSP;388,00;269
2003;11;VRG;SBRP;SBSP;472,00;143
2003;11;VRG;SBBH;SBSP;512,00;15
2003;11;VRG;SBEG;SBGR;1268,00;54
2003;11;VRG;SBRJ;SBBH;339,00;348
2003;11;VRG;SBPS;SBSP;865,00;86
2003;11;VRG;SBFL;SBGR;364,00;241
2003;11;VRG;SBGL;SBCT;699,00;47
2003;11;VRG;SBBR;SBSP;679,00;33
2003;11;VRG;SBBR;SBRJ;709,00;64
2003;11;VRG;SBFZ;SBRF;239,00;1258
2003;11;VRG;SBCT;SBFL;184,00;34
2003;11;VRG;SBVT;SBRJ;356,00;286
2003;11;VRG;SBSP;SBBH;365,00;847
2003;11;VRG;SBKP;SBBR;865,00;64
2003;11;VRG;SBBR;SBGL;844,00;487
2003;11;VRG;SBBH;SBBR;301,00;23
2003;11;VRG;SBBR;SBPA;832,00;527
2003;11;VRG;SBFL;SBBR;489,00;11
2003;11;VRG;SBFL;SBGR;558,00;702
2003;11;VRG;SBSP;SBPA;817,00;1190
2003;11;VRG;SBPA;SBBR;550,00;77
2003;11;VRG;SBGL;SBCT;881,00;79
2003;11;VRG;SBKP;SBBR;657,00;8
2003;11;VRG;SBRJ;SBBR;506,00;995
2003;11;VRG;SBBE;SBBR;513,00;345
2003;11;VRG;SBBE;SBMQ;309,00;46
2003;11;VRG;SBPS;SBSP;423,00;131
2003;11;VRG;SBSV;SBGL;1164,00;155
2003;11;VRG;SBCT;SBKP;309,00;674
2003;11;VRG;SBGR;SBPA;752,00;1196
2003;11;VRG;SBGL;SBCT;331,00;1398
2003;11;VRG;SBRF;SBGL;964,00;39
2003;11;VRG;SBPA;SBGR;439,00;2200
2003;11;VRG;SBFL;SBSP;258,00;1945
2003;11;VRG;SBBR;SBGO;146,00;76
2003;11;VRG;SBEG;SBGR;834,00;3906
2003;11;VRG;SBBR;SBFL;999,00;22
2003;11;VRG;SBBR;SBBH;508,00;65
2003;11;VRG;SBGR;SBEG;1268,00;40
2003;11;VRG;SBGL;SBCT;459,00;268
2003;11;VRG;SBBH;SBRJ;299,00;335
2003;11;VRG;SBGR;SBFL;316,00;623
2003;11;VRG;SBBH;SBBR;348,00;358
2003;11;VRG;SBPA;SBFL;339,00;42
2003;11;VRG;SBRJ;SBBH;299,00;239
2003;11;VRG;SBKP;SBBR;389,00;35
2003;11;VRG;SBBR;SBRJ;574,00;840
2003;11;VRG;SBGR;SBCT;339,00;645
2003;11;VRG;SBSP;SBBR;549,00;1921
2003;11;VRG;SBGR;SBCT;220,00;104
2003;11;VRG;SBFL;SBPA;418,00;2
2003;11;VRG;SBBH;SBSP;318,00;6952
2003;11;VRG;SBKP;SBBH;269,00;29
2003;11;VRG;SBSP;SBFL;364,00;196
2003;11;VRG;SBBR;SBFL;1086,00;38
2003;11;VRG;SBUL;SBSP;293,00;6
2003;11;VRG;SBSV;SBRF;524,00;25
2003;11;VRG;SBSV;SBBR;780,00;13
2003;11;VRG;SBPA;SBFL;140,00;1239
2003;11;VRG;SBMQ;SBBE;381,00;1
2003;11;VRG;SBRF;SBGL;863,00;332
2003;11;VRG;SBBH;SBSP;414,00;1036
2003;11;VRG;SBRJ;SBBR;709,00;35
2003;11;VRG;SBGL;SBBR;574,00;170
2003;11;VRG;SBGR;SBFL;510,00;25
2003;11;VRG;SBSV;SBRF;579,00;5
2003;11;VRG;SBEG;SBGR;1834,00;46
2003;11;VRG;SBGL;SBRF;1167,00;229
2003;11;VRG;SBRJ;SBKP;413,00;23
2003;11;VRG;SBPA;SBFL;299,00;70
2003;11;VRG;SBSP;SBFL;413,00;242
2003;11;VRG;SBFZ;SBBR;539,00;173
2003;11;VRG;SBSP;SBBH;414,00;1172
2003;11;VRG;SBRJ;SBVT;272,00;449
2003;11;VRG;SBBR;SBGL;431,00;52
2003;11;VRG;SBPA;SBGR;556,00;777
2003;11;VRG;SBGL;SBBR;419,00;934
2003;11;VRG;SBFZ;SBRF;701,00;209
2003;11;VRG;SBBR;SBKP;796,00;8
2003;11;VRG;SBSV;SBRF;634,00;38
2003;11;VRG;SBSP;SBVT;409,00;3100
2003;11;VRG;SBSP;SBFL;273,00;1357
2003;11;VRG;SBBE;SBBR;867,00;37
2003;11;VRG;SBKP;SBBH;414,00;27
2003;11;VRG;SBBH;SBBR;401,00;411
2003;11;VRG;SBPA;SBGL;829,00;5
2003;11;VRG;SBSP;SBVT;459,00;342
2003;11;VRG;SBCT;SBSP;220,00;301
2003;11;VRG;SBKP;SBCT;388,00;3
2003;11;VRG;SBBR;SBBE;867,00;22
2003;11;VRG;SBCT;SBGL;331,00;1098
2003;11;VRG;SBBH;SBRJ;418,00;4
2003;11;VRG;SBCT;SBRJ;699,00;18
2003;11;VRG;SBSP;SBRP;395,00;93
2003;11;VRG;SBRJ;SBVT;523,00;583
2003;11;VRG;SBBE;SBBR;685,00;303
2003;11;VRG;SBBR;SBPA;929,00;156
2003;11;VRG;SBBR;SBGL;449,00;619
2003;11;VRG;SBPA;SBFL;259,00;107
2003;11;VRG;SBRJ;SBBR;449,00;2204
2003;11;VRG;SBKP;SBBR;727,00;2
2003;11;VRG;SBRJ;SBKP;499,00;69
2003;11;VRG;SBBH;SBSP;274,00;241
2003;11;VRG;SBGL;SBFL;613,00;11
2003;11;VRG;SBGR;SBFL;607,00;424
2003;11;VRG;SBBH;SBKP;269,00;13
2003;11;VRG;SBBR;SBGL;506,00;202
2003;11;VRG;SBRJ;SBKP;238,00;10
2003;11;VRG;SBVT;SBRJ;523,00;544
2003;11;VRG;SBBH;SBKP;359,00;11
2003;11;VRG;SBRJ;SBVT;356,00;358
2003;11;VRG;SBPS;SBSP;499,00;123
2003;11;VRG;SBBR;SBPA;734,00;523
2003;11;VRG;SBBR;SBBE;513,00;329
2003;11;VRG;SBBH;SBBR;508,00;79
2003;11;VRG;SBFZ;SBRF;434,00;233
2003;11;VRG;SBRF;SBFZ;274,00;13
2003;11;VRG;SBGL;SBBR;776,00;31
2003;11;VRG;SBVT;SBSP;699,00;192
2003;11;VRG;SBSP;SBNF;251,00;2459
2003;11;VRG;SBFZ;SBBR;1199,00;195
2003;11;VRG;SBSV;SBBR;418,00;131
2003;11;VRG;SBRF;SBGL;761,00;402
2003;11;VRG;SBCT;SBGL;505,00;127
2003;11;VRG;SBRJ;SBCT;399,00;91
2003;11;VRG;SBBR;SBGR;679,00;99
2003;11;VRG;SBRF;SBSV;469,00;345
2003;11;VRG;SBRJ;SBVT;200,00;3920
2003;11;VRG;SBFL;SBSP;558,00;62
2003;11;VRG;SBFL;SBSP;364,00;162
2003;11;VRG;SBGR;SBFL;364,00;156
2003;11;VRG;SBSP;SBBR;808,00;1718
2003;11;VRG;SBMQ;SBBE;345,00;9
2003;11;VRG;SBPA;SBBR;929,00;36
2003;11;VRG;SBBR;SBRJ;776,00;147
2003;11;VRG;SBSP;SBGO;659,00;14
2003;11;VRG;SBGO;SBSP;597,00;13
2003;11;VRG;SBSP;SBNF;480,00;19
2003;11;VRG;SBNF;SBSP;434,00;25
2003;11;VRG;SBGL;SBPA;908,00;310
2003;11;VRG;SBFL;SBPA;174,00;29
2003;11;VRG;SBBH;SBKP;178,00;517
2003;11;VRG;SBKP;SBRJ;499,00;81
2003;11;VRG;SBPA;SBGL;444,00;202
2003;11;VRG;SBGL;SBPA;592,00;350
2003;11;VRG;SBGR;SBBR;419,00;706
2003;11;VRG;SBPA;SBBR;832,00;230
2003;11;VRG;SBGR;SBSV;1381,00;248
2003;11;VRG;SBVT;SBRJ;314,00;299
2003;11;VRG;SBGL;SBBR;844,00;295
2003;11;VRG;SBBR;SBBH;401,00;286
2003;11;VRG;SBGO;SBSP;534,00;569
2003;11;VRG;SBPA;SBCT;188,00;1110
2003;11;VRG;SBGL;SBCT;505,00;209
2003;11;VRG;SBGR;SBPA;439,00;2310
2003;11;VRG;SBBH;SBRJ;378,00;6
2003;11;VRG;SBCT;SBPA;579,00;63
2003;11;VRG;SBFL;SBSP;510,00;4
2003;11;VRG;SBNF;SBSP;257,00;220
2003;11;VRG;SBSP;SBFL;258,00;2129
2003;11;VRG;SBFL;SBCT;286,00;242
2003;11;VRG;SBPA;SBSP;556,00;712
2003;11;VRG;SBBR;SBKP;519,00;80
2003;11;VRG;SBKP;SBBR;796,00;9
2003;11;VRG;SBBE;SBBR;1050,00;37
2003;11;VRG;SBKP;SBCT;220,00;59
2003;11;VRG;SBGO;SBBR;220,00;116
2003;11;VRG;SBFZ;SBRF;274,00;3
2003;11;VRG;SBRJ;SBBR;844,00;1513
2003;11;VRG;SBBE;SBBR;1141,00;297
2003;11;VRG;SBCT;SBSP;339,00;589
2003;11;VRG;SBGR;SBSV;1059,00;1824
2003;11;VRG;SBPA;SBGR;817,00;1082
2003;11;VRG;SBPA;SBBR;645,00;1321
2003;11;VRG;SBBR;SBGO;324,00;60
2003;11;VRG;SBBR;SBGO;220,00;92
2003;11;VRG;SBBR;SBKP;389,00;4
2003;11;VRG;SBSV;SBRF;310,00;207
2003;11;VRG;SBGR;SBSV;691,00;1051
2003;11;VRG;SBBR;SBGR;743,00;991
2003;11;VRG;SBSP;SBCT;411,00;11
2003;11;VRG;SBGR;SBBR;485,00;272
2003;11;VRG;SBGR;SBEG;1751,00;6
2003;11;VRG;SBCT;SBSP;489,00;1969
2003;11;VRG;SBRJ;SBKP;329,00;1505
2003;11;VRG;SBSP;SBUL;403,00;891
2003;11;VRG;SBFL;SBGL;363,00;124
2003;11;VRG;SBBR;SBFZ;911,00;33
2003;11;VRG;SBBE;SBMQ;125,00;683
2003;11;VRG;SBUL;SBSP;463,00;12
2003;11;VRG;SBGL;SBRF;567,00;159
2003;11;VRG;SBRF;SBFZ;550,00;5
2003;11;VRG;SBBH;SBSP;463,00;55
2003;11;VRG;SBBR;SBFZ;539,00;63
2003;11;VRG;SBRJ;SBBR;574,00;1084
2003;11;VRG;SBGL;SBBR;641,00;13
2003;11;VRG;SBBH;SBSP;609,00;1851
2003;11;VRG;SBPA;SBGL;750,00;38
2003;11;VRG;SBPA;SBGL;1184,00;370
2003;11;VRG;SBFL;SBCT;184,00;56
2003;11;VRG;SBSP;SBRP;472,00;164
2003;11;VRG;SBFL;SBGL;484,00;77
2003;11;VRG;SBBE;SBMQ;159,00;31
2003;11;VRG;SBFL;SBBR;1086,00;48
2003;11;VRG;SBGR;SBBR;679,00;71
2003;11;VRG;SBBH;SBKP;660,00;56
2003;11;VRG;SBBR;SBGO;164,00;241
2003;11;VRG;SBSV;SBGL;977,00;664
2003;11;VRG;SBNF;SBSP;480,00;26
2003;11;VRG;SBVT;SBSP;519,00;319
2003;11;VRG;SBBH;SBRJ;339,00;203
2003;11;VRG;SBCT;SBPA;243,00;131
2003;11;VRG;SBBR;SBKP;865,00;69
2003;11;VRG;SBFZ;SBBR;815,00;187
2003;11;VRG;SBCF;SBGR;414,00;247
2003;11;VRG;SBPA;SBGR;752,00;1279
2003;11;VRG;SBFZ;SBBR;726,00;1267
2003;11;VRG;SBPA;SBSP;439,00;5981
2003;11;VRG;SBFZ;SBRF;608,00;4
2003;11;VRG;SBGL;SBSV;977,00;572
2003;11;VRG;SBKP;SBBR;399,00;114
2003;11;VRG;SBFL;SBGR;258,00;461
2003;11;VRG;SBBE;SBMQ;215,00;36
2003;11;VRG;SBPA;SBSP;686,00;42
2003;11;VRG;SBFZ;SBRF;325,00;111
2003;11;VRG;SBPA;SBCT;528,00;1
2003;11;VRG;SBGL;SBFL;807,00;106
2003;11;VRG;SBGR;SBPA;980,00;13
2003;11;VRG;SBSP;SBGO;597,00;54
2003;11;VRG;SBNF;SBSP;251,00;2568
2003;11;VRG;SBSP;SBBR;743,00;196
2003;11;VRG;SBCT;SBGR;309,00;737
2003;11;VRG;SBCT;SBFL;376,00;4
2003;11;VRG;SBKP;SBRJ;413,00;31
2003;11;VRG;SBBR;SBBE;1050,00;15
2003;11;VRG;SBGL;SBPA;513,00;426
2003;11;VRG;SBRJ;SBBR;419,00;3757
2003;11;VRG;SBPA;SBFL;498,00;153
2003;11;VRG;SBBR;SBFZ;1007,00;2
2003;11;VRG;SBGR;SBEG;751,00;257
2003;11;VRG;SBEG;SBGR;1001,00;750
2003;11;VRG;SBSP;SBBH;560,00;157
2003;11;VRG;SBGR;SBCT;587,00;150
2003;11;VRG;SBGR;SBPA;621,00;199
2003;11;VRG;SBGR;SBCF;609,00;239
2003;11;VRG;SBVT;SBRJ;235,00;18
2003;11;VRG;SBRF;SBGL;1269,00;315
2003;11;VRG;SBBR;SBSP;808,00;1873
2003;11;VRG;SBMQ;SBBE;189,00;6
2003;11;VRG;SBPA;SBCT;428,00;112
2003;11;VRG;SBBR;SBGO;246,00;6
2003;11;VRG;SBSP;SBGO;722,00;691
2003;11;VRG;SBSP;SBRP;363,00;768
2003;11;VRG;SBBR;SBKP;588,00;93
2003;11;VRG;SBCT;SBFL;409,00;59
2003;11;VRG;SBCT;SBGL;625,00;9
2003;11;VRG;SBCT;SBGR;220,00;146
2003;11;VRG;SBGL;SBPA;469,00;2128
2003;11;VRG;SBGL;SBSV;459,00;1631
2003;11;VRG;SBCT;SBGR;450,00;700
2003;11;VRG;SBGO;SBSP;785,00;402
2003;11;VRG;SBMQ;SBBE;255,00;42
2003;11;VRG;SBUL;SBSP;403,00;824
2003;11;VRG;SBGR;SBPA;556,00;789
2003;11;VRG;SBCT;SBGL;579,00;8
2003;11;VRG;SBKP;SBCT;348,00;112
2003;11;VRG;SBSP;SBNF;343,00;257
2003;11;VRG;SBRF;SBGL;664,00;1493
2003;11;VRG;SBBR;SBSP;614,00;93
2003;11;VRG;SBGR;SBEG;1668,00;448
2003;11;VRG;SBPA;SBFL;418,00;1
2003;11;VRG;SBSP;SBBH;463,00;50
2003;11;VRG;SBFL;SBGL;678,00;8
2003;11;VRG;SBPA;SBFL;174,00;33
2003;11;VRG;SBGR;SBEG;1834,00;51
2003;11;VRG;SBNF;SBSP;571,00;316
2003;11;VRG;SBGL;SBSV;743,00;51
2003;11;VRG;SBSP;SBFL;558,00;75
2003;11;VRG;SBRJ;SBBH;418,00;6
2003;11;VRG;SBPA;SBBR;734,00;412
2003;11;VRG;SBRJ;SBCT;331,00;354
2003;11;VRG;SBFZ;SBBR;911,00;63
2003;11;VRG;SBRJ;SBKP;463,00;4
2003;11;VRG;SBCT;SBGR;411,00;79
2003;11;VRG;SBGR;SBCF;512,00;40
2003;11;VRG;SBFL;SBSP;461,00;13
2003;11;VSP;SBGR;SBCT;370,00;3
2003;11;VSP;SBRF;SBFZ;375,00;20
2003;11;VSP;SBSV;SBBR;452,00;349
2003;11;VSP;SBCF;SBBR;327,00;19
2003;11;VSP;SBBR;SBKP;250,00;144
2003;11;VSP;SBCF;SBBR;359,00;5
2003;11;VSP;SBBR;SBGR;446,00;17
2003;11;VSP;SBRF;SBSV;144,00;1161
2003;11;VSP;SBSP;SBBH;355,00;13
2003;11;VSP;SBBR;SBBH;392,00;142
2003;11;VSP;SBBR;SBPA;569,00;11
2003;11;VSP;SBSV;SBBR;497,00;42
2003;11;VSP;SBGL;SBPA;279,00;569
2003;11;VSP;SBBE;SBBR;631,00;19
2003;11;VSP;SBGR;SBPA;266,00;369
2003;11;VSP;SBGR;SBCF;385,00;1
2003;11;VSP;SBKP;SBBR;329,00;18
2003;11;VSP;SBFL;SBBR;537,00;57
2003;11;VSP;SBCF;SBBR;424,00;6
2003;11;VSP;SBMQ;SBBE;453,00;25
2003;11;VSP;SBKP;SBBR;497,00;8
2003;11;VSP;SBBR;SBFZ;781,00;13
2003;11;VSP;SBCT;SBPA;378,00;17
2003;11;VSP;SBPA;SBBR;519,00;21
2003;11;VSP;SBPA;SBSP;493,00;3
2003;11;VSP;SBCT;SBPA;473,00;4
2003;11;VSP;SBEG;SBGR;1007,00;21
2003;11;VSP;SBCT;SBGL;536,00;20
2003;11;VSP;SBBR;SBKP;329,00;43
2003;11;VSP;SBCT;SBPA;144,00;121
2003;11;VSP;SBBR;SBGR;369,00;41
2003;11;VSP;SBPA;SBBR;1229,00;13
2003;11;VSP;SBSP;SBPA;616,00;1
2003;11;VSP;SBBH;SBBR;359,00;13
2003;11;VSP;SBPA;SBCT;144,00;92
2003;11;VSP;SBRF;SBFZ;443,00;34
2003;11;VSP;SBCT;SBBR;997,00;10
2003;11;VSP;SBGL;SBSV;359,00;185
2003;11;VSP;SBSV;SBGR;379,00;155
2003;11;VSP;SBSV;SBGR;751,00;141
2003;11;VSP;SBBR;SBBH;260,00;438
2003;11;VSP;SBGR;SBGL;249,00;417
2003;11;VSP;SBFL;SBGR;219,00;54
2003;11;VSP;SBGR;SBSV;296,00;2009
2003;11;VSP;SBSV;SBGR;1156,00;214
2003;11;VSP;SBCT;SBBR;499,00;17
2003;11;VSP;SBGL;SBRF;950,00;12
2003;11;VSP;SBBR;SBCT;997,00;17
2003;11;VSP;SBGR;SBBR;810,00;159
2003;11;VSP;SBGL;SBKP;335,00;8
2003;11;VSP;SBBR;SBSV;379,00;417
2003;11;VSP;SBGR;SBSV;694,00;759
2003;11;VSP;SBSV;SBRF;371,00;9
2003;11;VSP;SBCT;SBSP;320,00;3
2003;11;VSP;SBCF;SBBR;289,00;18
2003;11;VSP;SBSP;SBBR;319,00;542
2003;11;VSP;SBPA;SBCT;347,00;2
2003;11;VSP;SBFZ;SBBR;661,00;17
2003;11;VSP;SBRF;SBFZ;169,00;1501
2003;11;VSP;SBBH;SBBR;490,00;15
2003;11;VSP;SBSV;SBRF;674,00;68
2003;11;VSP;SBGL;SBPA;496,00;17
2003;11;VSP;SBBH;SBSP;592,00;12
2003;11;VSP;SBGR;SBFL;615,00;74
2003;11;VSP;SBSP;SBCT;320,00;13
2003;11;VSP;SBSV;SBBR;588,00;97
2003;11;VSP;SBBR;SBGL;538,00;4
2003;11;VSP;SBCT;SBGL;299,00;16
2003;11;VSP;SBGL;SBBR;538,00;10
2003;11;VSP;SBRJ;SBSP;249,00;12352
2003;11;VSP;SBBR;SBGL;496,00;419
2003;11;VSP;SBSP;SBBR;214,00;358
2003;11;VSP;SBSP;SBBR;405,00;200
2003;11;VSP;SBFL;SBBR;590,00;12
2003;11;VSP;SBBR;SBFL;404,00;14
2003;11;VSP;SBBR;SBFZ;601,00;42
2003;11;VSP;SBPA;SBSP;616,00;2
2003;11;VSP;SBBH;SBBR;327,00;72
2003;11;VSP;SBGL;SBCT;357,00;22
2003;11;VSP;SBCT;SBGR;296,00;13
2003;11;VSP;SBBR;SBCF;490,00;13
2003;11;VSP;SBBH;SBBR;392,00;171
2003;11;VSP;SBGR;SBCT;296,00;8
2003;11;VSP;SBRF;SBFZ;252,00;78
2003;11;VSP;SBCF;SBBR;260,00;124
2003;11;VSP;SBFZ;SBRF;681,00;73
2003;11;VSP;SBGR;SBFL;369,00;137
2003;11;VSP;SBCT;SBBR;598,00;14
2003;11;VSP;SBRF;SBFZ;409,00;733
2003;11;VSP;SBPA;SBGR;411,00;15
2003;11;VSP;SBBR;SBCT;499,00;35
2003;11;VSP;SBKP;SBGL;515,00;18
2003;11;VSP;SBGL;SBRF;696,00;2
2003;11;VSP;SBGR;SBGL;268,00;14
2003;11;VSP;SBGL;SBBR;359,00;109
2003;11;VSP;SBBR;SBKP;621,00;4
2003;11;VSP;SBBH;SBSP;326,00;13
2003;11;VSP;SBCF;SBGR;296,00;5
2003;11;VSP;SBCT;SBSP;237,00;314
2003;11;VSP;SBBR;SBSV;588,00;76
2003;11;VSP;SBSP;SBCT;271,00;4
2003;11;VSP;SBBR;SBFL;360,00;79
2003;11;VSP;SBBR;SBFZ;661,00;21
2003;11;VSP;SBGL;SBBR;299,00;336
2003;11;VSP;SBSP;SBBH;592,00;8
2003;11;VSP;SBBR;SBCT;598,00;19
2003;11;VSP;SBSP;SBPA;359,00;13
2003;11;VSP;SBPA;SBSP;821,00;5
2003;11;VSP;SBGR;SBCF;237,00;5
2003;11;VSP;SBBR;SBSP;446,00;44
2003;11;VSP;SBGR;SBFL;400,00;13
2003;11;VSP;SBGR;SBEG;500,00;537
2003;11;VSP;SBGR;SBEG;923,00;51
2003;11;VSP;SBPA;SBCT;315,00;28
2003;11;VSP;SBSV;SBGR;296,00;2331
2003;11;VSP;SBPA;SBGL;279,00;634
2003;11;VSP;SBBE;SBBR;975,00;4
2003;11;VSP;SBFL;SBBR;805,00;8
2003;11;VSP;SBGL;SBCT;714,00;5
2003;11;VSP;SBBR;SBCF;424,00;9
2003;11;VSP;SBPA;SBSP;534,00;21
2003;11;VSP;SBSV;SBRF;219,00;143
2003;11;VSP;SBPA;SBCT;536,00;1
2003;11;VSP;SBBR;SBKP;290,00;71
2003;11;VSP;SBBR;SBPA;676,00;3
2003;11;VSP;SBCT;SBPA;199,00;19
2003;11;VSP;SBSP;SBBH;444,00;2
2003;11;VSP;SBBR;SBGL;620,00;21
2003;11;VSP;SBGO;SBBR;330,00;31
2003;11;VSP;SBSP;SBCT;296,00;12
2003;11;VSP;SBBR;SBFL;805,00;17
2003;11;VSP;SBMQ;SBBE;103,00;1158
2003;11;VSP;SBBR;SBCT;352,00;68
2003;11;VSP;SBCT;SBPA;315,00;35
2003;11;VSP;SBPA;SBGL;991,00;20
2003;11;VSP;SBFZ;SBRF;579,00;9
2003;11;VSP;SBGR;SBBR;446,00;1
2003;11;VSP;SBGR;SBCF;296,00;3
2003;11;VSP;SBFL;SBBR;404,00;24
2003;11;VSP;SBGR;SBSV;983,00;13
2003;11;VSP;SBSV;SBGR;578,00;168
2003;11;VSP;SBRF;SBSV;404,00;452
2003;11;VSP;SBBR;SBBE;746,00;13
2003;11;VSP;SBSP;SBPA;821,00;8
2003;11;VSP;SBBR;SBGR;486,00;138
2003;11;VSP;SBGR;SBPA;299,00;123
2003;11;VSP;SBBR;SBCT;748,00;5
2003;11;VSP;SBCT;SBGL;357,00;17
2003;11;VSP;SBBH;SBBR;289,00;96
2003;11;VSP;SBGL;SBSV;489,00;254
2003;11;VSP;SBBR;SBGR;319,00;97
2003;11;VSP;SBSV;SBGR;867,00;43
2003;11;VSP;SBFL;SBBR;1073,00;8
2003;11;VSP;SBPA;SBBR;569,00;13
2003;11;VSP;SBBR;SBCT;548,00;2
2003;11;VSP;SBPA;SBBR;737,00;3
2003;11;VSP;SBSP;SBPA;534,00;9
2003;11;VSP;SBCT;SBGL;237,00;24
2003;11;VSP;SBGR;SBSV;867,00;36
2003;11;VSP;SBCT;SBPA;536,00;2
2003;11;VSP;SBGR;SBFL;219,00;12
2003;11;VSP;SBPA;SBGR;266,00;544
2003;11;VSP;SBFZ;SBBR;569,00;154
2003;11;VSP;SBCT;SBPA;249,00;25
2003;11;VSP;SBEG;SBGR;1091,00;15
2003;11;VSP;SBEG;SBGR;1259,00;8
2003;11;VSP;SBBR;SBGO;198,00;347
2003;11;VSP;SBFL;SBGR;400,00;14
2003;11;VSP;SBBR;SBGR;405,00;73
2003;11;VSP;SBSP;SBBH;296,00;21
2003;11;VSP;SBCT;SBGR;370,00;7
2003;11;VSP;SBGR;SBEG;599,00;44
2003;11;VSP;SBGL;SBBR;455,00;12
2003;11;VSP;SBSV;SBGL;359,00;163
2003;11;VSP;SBSP;SBCT;237,00;254
2003;11;VSP;SBBE;SBBR;746,00;28
2003;11;VSP;SBRF;SBFZ;511,00;14
2003;11;VSP;SBGL;SBRF;633,00;18
2003;11;VSP;SBBR;SBSP;527,00;32
2003;11;VSP;SBRF;SBSV;371,00;5
2003;11;VSP;SBGL;SBGR;268,00;13
2003;11;VSP;SBGL;SBSV;978,00;96
2003;11;VSP;SBCT;SBBR;648,00;21
2003;11;VSP;SBFZ;SBBR;601,00;33
2003;11;VSP;SBGL;SBKP;279,00;365
2003;11;VSP;SBBH;SBSP;444,00;1
2003;11;VSP;SBGL;SBBR;620,00;33
2003;11;VSP;SBBR;SBFZ;1201,00;16
2003;11;VSP;SBBR;SBBH;289,00;4
2003;11;VSP;SBSP;SBBR;689,00;15
2003;11;VSP;SBPA;SBGR;359,00;52
2003;11;VSP;SBGR;SBEG;1259,00;13
2003;11;VSP;SBBR;SBGO;215,00;25
2003;11;VSP;SBKP;SBBR;250,00;121
2003;11;VSP;SBSV;SBGL;831,00;3
2003;11;VSP;SBGL;SBPA;595,00;126
2003;11;VSP;SBSV;SBBR;409,00;261
2003;11;VSP;SBBR;SBCF;653,00;5
2003;11;VSP;SBBR;SBKP;455,00;2
2003;11;VSP;SBBR;SBGO;330,00;49
2003;11;VSP;SBGR;SBCF;592,00;12
2003;11;VSP;SBBR;SBSV;904,00;78
2003;11;VSP;SBBR;SBGL;414,00;52
2003;11;VSP;SBSV;SBRF;404,00;339
2003;11;VSP;SBSV;SBRF;337,00;90
2003;11;VSP;SBCT;SBGL;428,00;18
2003;11;VSP;SBCF;SBGR;385,00;2
2003;11;VSP;SBBR;SBFL;1073,00;5
2003;11;VSP;SBGR;SBEG;1007,00;29
2003;11;VSP;SBBR;SBKP;828,00;7
2003;11;VSP;SBGR;SBCF;355,00;17
2003;11;VSP;SBSP;SBBR;608,00;19
2003;11;VSP;SBCT;SBGR;493,00;3
2003;11;VSP;SBFL;SBBR;697,00;3
2003;11;VSP;SBCF;SBGR;186,00;289
2003;11;VSP;SBFZ;SBBR;901,00;5
2003;11;VSP;SBBR;SBGO;248,00;13
2003;11;VSP;SBRF;SBGL;950,00;14
2003;11;VSP;SBGL;SBSV;587,00;1381
2003;11;VSP;SBRF;SBGL;823,00;16
2003;11;VSP;SBKP;SBBR;538,00;4
2003;11;VSP;SBKP;SBGL;386,00;3
2003;11;VSP;SBGR;SBBR;214,00;408
2003;11;VSP;SBSP;SBBH;186,00;1164
2003;11;VSP;SBBR;SBBE;330,00;784
2003;11;VSP;SBGL;SBCT;536,00;32
2003;11;VSP;SBBR;SBSV;678,00;12
2003;11;VSP;SBSP;SBPA;411,00;22
2003;11;VSP;SBBE;SBMQ;294,00;9
2003;11;VSP;SBFL;SBBR;644,00;15
2003;11;VSP;SBSV;SBGR;694,00;792
2003;11;VSP;SBRF;SBFZ;199,00;152
2003;11;VSP;SBKP;SBGL;279,00;327
2003;11;VSP;SBBR;SBFL;590,00;13
2003;11;VSP;SBRF;SBSV;573,00;3
2003;11;VSP;SBBR;SBSP;608,00;25
2003;11;VSP;SBRF;SBFZ;579,00;4
2003;11;VSP;SBBR;SBGL;299,00;283
2003;11;VSP;SBSP;SBCT;370,00;6
2003;11;VSP;SBBR;SBPA;737,00;55
2003;11;VSP;SBSV;SBGL;587,00;1588
2003;11;VSP;SBFZ;SBBR;781,00;19
2003;11;VSP;SBCT;SBBR;748,00;13
2003;11;VSP;SBPA;SBBR;676,00;12
2003;11;VSP;SBBR;SBCF;289,00;15
2003;11;VSP;SBSP;SBBH;237,00;13
2003;11;VSP;SBGO;SBBR;165,00;62
2003;11;VSP;SBPA;SBCT;473,00;3
2003;11;VSP;SBSP;SBPA;266,00;74
2003;11;VSP;SBPA;SBGL;743,00;14
2003;11;VSP;SBGL;SBBR;414,00;128
2003;11;VSP;SBRF;SBSV;219,00;96
2003;11;VSP;SBPA;SBGL;496,00;25
2003;11;VSP;SBRF;SBGL;556,00;589
2003;11;VSP;SBEG;SBGR;1678,00;21
2003;11;VSP;SBPA;SBGL;595,00;146
2003;11;VSP;SBFZ;SBRF;511,00;21
2003;11;VSP;SBCT;SBGR;271,00;18
2003;11;VSP;SBRF;SBSV;337,00;67
2003;11;VSP;SBSV;SBGL;636,00;58
2003;11;VSP;SBBR;SBPA;922,00;5
2003;11;VSP;SBPA;SBGR;821,00;84
2003;11;VSP;SBGL;SBKP;386,00;1
2003;11;VSP;SBBR;SBFL;537,00;54
2003;11;VSP;SBBR;SBPA;615,00;32
2003;11;VSP;SBGR;SBSV;636,00;41
2003;11;VSP;SBFZ;SBBR;1201,00;19
2003;11;VSP;SBPA;SBBR;469,00;102
2003;11;VSP;SBPA;SBSP;266,00;97
2003;11;VSP;SBBR;SBBH;424,00;12
2003;11;VSP;SBGL;SBBR;827,00;37
2003;11;VSP;SBBH;SBSP;355,00;21
2003;11;VSP;SBGR;SBEG;839,00;33
2003;11;VSP;SBBE;SBBR;1147,00;30
2003;11;VSP;SBMQ;SBBE;340,00;13
2003;11;VSP;SBBE;SBMQ;453,00;13
2003;11;VSP;SBBR;SBGO;182,00;9
2003;11;VSP;SBSV;SBGR;636,00;38
2003;11;VSP;SBBH;SBSP;385,00;2
2003;11;VSP;SBPA;SBGL;545,00;8
2003;11;VSP;SBGL;SBSV;831,00;7
2003;11;VSP;SBFZ;SBRF;199,00;120
2003;11;VSP;SBBR;SBGL;260,00;502
2003;11;VSP;SBGL;SBBR;703,00;3
2003;11;VSP;SBBR;SBCF;392,00;7
2003;11;VSP;SBPA;SBBR;799,00;4
2003;11;VSP;SBBR;SBFL;452,00;31
2003;11;VSP;SBPA;SBSP;411,00;19
2003;11;VSP;SBBR;SBGR;810,00;146
2003;11;VSP;SBSP;SBPA;493,00;2
2003;11;VSP;SBRF;SBGL;696,00;1
2003;11;VSP;SBKP;SBGL;309,00;42
2003;11;VSP;SBSV;SBGL;489,00;205
2003;11;VSP;SBBH;SBBR;260,00;466
2003;11;VSP;SBBR;SBCT;648,00;9
2003;11;VSP;SBMQ;SBBE;249,00;8
2003;11;VSP;SBSV;SBGL;538,00;12
2003;11;VSP;SBGO;SBBR;139,00;1623
2003;11;VSP;SBSP;SBBR;369,00;168
2003;11;VSP;SBGR;SBBR;405,00;91
2003;11;VSP;SBGR;SBFL;189,00;42
2003;11;VSP;SBSV;SBBR;542,00;928
2003;11;VSP;SBFZ;SBRF;169,00;1572
2003;11;VSP;SBCT;SBSP;370,00;3
2003;11;VSP;SBGR;SBSV;751,00;110
2003;11;VSP;SBBR;SBBH;327,00;41
2003;11;VSP;SBFZ;SBRF;252,00;92
2003;11;VSP;SBRF;SBFZ;341,00;19
2003;11;VSP;SBGL;SBCT;237,00;53
2003;11;VSP;SBGR;SBCT;237,00;188
2003;11;VSP;SBGL;SBGR;249,00;413
2003;11;VSP;SBGL;SBPA;545,00;5
2003;11;VSP;SBRF;SBGL;633,00;77
2003;11;VSP;SBBE;SBMQ;227,00;28
2003;11;VSP;SBCT;SBSP;271,00;17
2003;11;VSP;SBCT;SBGR;237,00;187
2003;11;VSP;SBPA;SBBR;615,00;41
2003;11;VSP;SBKP;SBBR;828,00;9
2003;11;VSP;SBFL;SBBR;360,00;66
2003;11;VSP;SBCT;SBPA;347,00;1
2003;11;VSP;SBSV;SBRF;438,00;38
2003;11;VSP;SBPA;SBCT;199,00;13
2003;11;VSP;SBCT;SBPA;630,00;4
2003;11;VSP;SBBR;SBPA;469,00;123
2003;11;VSP;SBGR;SBCT;320,00;9
2003;11;VSP;SBPA;SBCT;378,00;8
2003;11;VSP;SBRF;SBSV;674,00;42
2003;11;VSP;SBBR;SBKP;414,00;31
2003;11;VSP;SBBR;SBGL;455,00;8
2003;11;VSP;SBBR;SBBH;490,00;8
2003;11;VSP;SBFL;SBGR;369,00;167
2003;11;VSP;SBCT;SBSP;296,00;25
2003;11;VSP;SBPA;SBSP;359,00;19
2003;11;VSP;SBSP;SBBR;810,00;158
2003;11;VSP;SBCT;SBGR;320,00;4
2003;11;VSP;SBBR;SBPA;799,00;7
2003;11;VSP;SBGR;SBGL;487,00;46
2003;11;VSP;SBBR;SBBE;688,00;210
2003;11;VSP;SBBR;SBCF;260,00;109
2003;11;VSP;SBGL;SBPA;991,00;15
2003;11;VSP;SBFL;SBGR;189,00;152
2003;11;VSP;SBBH;SBBR;424,00;14
2003;11;VSP;SBFZ;SBRF;409,00;721
2003;11;VSP;SBSV;SBBR;678,00;27
2003;11;VSP;SBGL;SBBR;260,00;488
2003;11;VSP;SBGR;SBCT;271,00;15
2003;11;VSP;SBBR;SBFL;644,00;12
2003;11;VSP;SBBR;SBKP;538,00;7
2003;11;VSP;SBBR;SBGL;359,00;67
2003;11;VSP;SBGL;SBCT;428,00;15
2003;11;VSP;SBSV;SBGL;308,00;1849
2003;11;VSP;SBBR;SBCF;327,00;13
2003;11;VSP;SBGO;SBBR;182,00;8
2003;11;VSP;SBRF;SBSV;184,00;449
2003;11;VSP;SBPA;SBGR;534,00;4
2003;11;VSP;SBGR;SBEG;1678,00;25
2003;11;VSP;SBSP;SBCT;493,00;9
2003;11;VSP;SBBR;SBSV;497,00;25
2003;11;VSP;SBGL;SBSV;734,00;27
2003;11;VSP;SBBE;SBBR;330,00;641
2003;11;VSP;SBSP;SBBH;385,00;3
2003;11;VSP;SBGR;SBPA;359,00;5
2003;11;VSP;SBBR;SBBE;631,00;26
2003;11;VSP;SBBR;SBSP;689,00;12
2003;11;VSP;SBSV;SBGR;983,00;21
2003;11;VSP;SBGL;SBRF;1266,00;42
2003;11;VSP;SBBR;SBSP;405,00;146
2003;11;VSP;SBBR;SBBH;359,00;3
2003;11;VSP;SBKP;SBBR;290,00;54
2003;11;VSP;SBSV;SBRF;573,00;4
2003;11;VSP;SBCT;SBBR;352,00;49
2003;11;VSP;SBPA;SBGR;299,00;142
2003;11;VSP;SBGL;SBSV;636,00;70
2003;11;VSP;SBRF;SBFZ;681,00;86
2003;11;VSP;SBBR;SBBE;975,00;2
2003;11;VSP;SBGR;SBEG;1091,00;12
2003;11;VSP;SBPA;SBSP;452,00;2
2003;11;VSP;SBFL;SBGR;615,00;71
2003;11;VSP;SBSP;SBRJ;249,00;12213
2003;11;VSP;SBRF;SBSV;438,00;20
2003;11;VSP;SBGR;SBBR;486,00;170
2003;11;VSP;SBEG;SBGR;839,00;46
2003;11;VSP;SBBR;SBSV;452,00;461
2003;11;VSP;SBSV;SBRF;184,00;528
2003;11;VSP;SBGO;SBBR;248,00;17
2003;11;VSP;SBFZ;SBBR;721,00;21
2003;11;VSP;SBKP;SBBR;455,00;3
2003;11;VSP;SBBR;SBGR;214,00;386
2003;11;VSP;SBBE;SBBR;688,00;114
2003;11;VSP;SBBR;SBBE;415,00;51
2003;11;VSP;SBFL;SBGR;159,00;422
2003;11;VSP;SBGL;SBRF;823,00;1
2003;11;VSP;SBGR;SBPA;411,00;40
2003;11;VSP;SBBE;SBMQ;340,00;27
2003;11;VSP;SBBE;SBBR;574,00;52
2003;11;VSP;SBGR;SBPA;821,00;71
2003;11;VSP;SBBR;SBBE;1147,00;30
2003;11;VSP;SBGL;SBRF;1076,00;7
2003;11;VSP;SBFL;SBBR;452,00;31
2003;11;VSP;SBFZ;SBRF;443,00;28
2003;11;VSP;SBSV;SBRF;144,00;1073
2003;11;VSP;SBGR;SBGL;365,00;32
2003;11;VSP;SBBR;SBKP;497,00;15
2003;11;VSP;SBGR;SBPA;493,00;86
2003;11;VSP;SBBR;SBSP;319,00;415
2003;11;VSP;SBBR;SBGR;527,00;9
2003;11;VSP;SBCF;SBGR;237,00;20
2003;11;VSP;SBBR;SBBH;653,00;28
2003;11;VSP;SBBR;SBCF;359,00;8
2003;11;VSP;SBFZ;SBRF;341,00;89
2003;11;VSP;SBBR;SBPA;519,00;41
2003;11;VSP;SBBE;SBMQ;249,00;4
2003;11;VSP;SBEG;SBGR;599,00;58
2003;11;VSP;SBSV;SBBR;904,00;63
2003;11;VSP;SBEG;SBGR;923,00;61
2003;11;VSP;SBBR;SBFZ;569,00;166
2003;11;VSP;SBSP;SBBH;326,00;8
2003;11;VSP;SBBR;SBBE;860,00;12
2003;11;VSP;SBBR;SBFZ;901,00;8
2003;11;VSP;SBGO;SBBR;215,00;33
2003;11;VSP;SBCF;SBBR;555,00;4
2003;11;VSP;SBGR;SBSV;1156,00;274
2003;11;VSP;SBGL;SBSV;538,00;13
2003;11;VSP;SBMQ;SBBE;272,00;39
2003;11;VSP;SBKP;SBBR;414,00;19
2003;11;VSP;SBGR;SBCF;186,00;237
2003;11;VSP;SBSV;SBGL;978,00;76
2003;11;VSP;SBGR;SBBR;319,00;105
2003;11;VSP;SBMQ;SBBE;131,00;4
2003;11;VSP;SBCF;SBBR;392,00;13
2003;11;VSP;SBPA;SBSP;299,00;36
2003;11;VSP;SBCT;SBBR;548,00;8
2003;11;VSP;SBGL;SBKP;515,00;16
2003;11;VSP;SBSV;SBBR;379,00;501
2003;11;VSP;SBFL;SBGR;461,00;16
2003;11;VSP;SBGR;SBBR;369,00;37
2003;11;VSP;SBGR;SBCT;493,00;5
2003;11;VSP;SBCT;SBBR;449,00;19
2003;11;VSP;SBSV;SBGL;734,00;41
2003;11;VSP;SBRF;SBGL;760,00;349
2003;11;VSP;SBBR;SBSP;214,00;438
2003;11;VSP;SBBR;SBSV;542,00;776
2003;11;VSP;SBGL;SBRF;760,00;395
2003;11;VSP;SBBR;SBCT;449,00;13
2003;11;VSP;SBBE;SBBR;860,00;15
2003;11;VSP;SBGL;SBGR;487,00;38
2003;11;VSP;SBBR;SBFL;697,00;1
2003;11;VSP;SBBH;SBSP;296,00;18
2003;11;VSP;SBBR;SBGO;281,00;2
2003;11;VSP;SBGR;SBBR;527,00;7
2003;11;VSP;SBRF;SBGL;1266,00;30
2003;11;VSP;SBFZ;SBRF;375,00;18
2003;11;VSP;SBGL;SBPA;329,00;33
2003;11;VSP;SBBR;SBSV;768,00;17
2003;11;VSP;SBSV;SBRF;506,00;22
2003;11;VSP;SBCT;SBSP;493,00;18
2003;11;VSP;SBBR;SBBE;574,00;35
2003;11;VSP;SBFL;SBGR;338,00;1
2003;11;VSP;SBMQ;SBBE;294,00;12
2003;11;VSP;SBPA;SBGR;616,00;34
2003;11;VSP;SBSP;SBPA;299,00;36
2003;11;VSP;SBBR;SBGL;703,00;5
2003;11;VSP;SBSP;SBBR;527,00;43
2003;11;VSP;SBPA;SBGR;493,00;156
2003;11;VSP;SBGR;SBSV;578,00;189
2003;11;VSP;SBBE;SBBR;415,00;21
2003;11;VSP;SBBR;SBFZ;721,00;32
2003;11;VSP;SBBH;SBSP;237,00;8
2003;11;VSP;SBPA;SBGL;329,00;42
2003;11;VSP;SBKP;SBBR;621,00;1
2003;11;VSP;SBBR;SBSP;810,00;166
2003;11;VSP;SBGL;SBBR;496,00;352
2003;11;VSP;SBGR;SBFL;308,00;23
2003;11;VSP;SBBR;SBSP;486,00;554
2003;11;VSP;SBFL;SBGR;308,00;23
2003;11;VSP;SBBR;SBGO;165,00;7
2003;11;VSP;SBBR;SBGR;689,00;8
2003;11;VSP;SBGR;SBGL;317,00;5
2003;11;VSP;SBBE;SBMQ;103,00;1243
2003;11;VSP;SBCF;SBBR;653,00;6
2003;11;VSP;SBSP;SBBR;446,00;38
2003;11;VSP;SBBH;SBSP;186,00;1351
2003;11;VSP;SBCF;SBBR;490,00;12
2003;11;VSP;SBSP;SBPA;452,00;1
2003;11;VSP;SBBR;SBCT;399,00;32
2003;11;VSP;SBEG;SBGR;500,00;499
2003;11;VSP;SBSV;SBBR;768,00;4
2003;11;VSP;SBGR;SBGL;292,00;135
2003;11;VSP;SBRF;SBSV;506,00;17
2003;11;VSP;SBCT;SBBR;399,00;62
2003;11;VSP;SBBR;SBGO;139,00;1687
2003;11;VSP;SBBR;SBPA;1229,00;7
2003;11;VSP;SBBE;SBMQ;272,00;35
2003;11;VSP;SBGL;SBRF;556,00;685
2003;11;VSP;SBGO;SBBR;198,00;362
2003;11;VSP;SBBH;SBBR;653,00;21
2003;11;VSP;SBGL;SBKP;309,00;60
2003;11;VSP;SBSP;SBBR;486,00;523
2003;11;VSP;SBBE;SBMQ;131,00;2
2003;11;VSP;SBGL;SBPA;743,00;12
2003;11;VSP;SBBR;SBSP;369,00;201
2003;11;VSP;SBCF;SBGR;592,00;9
2003;11;VSP;SBPA;SBBR;922,00;8
2003;11;VSP;SBPA;SBCT;630,00;5
2003;11;VSP;SBGR;SBSV;379,00;121
2003;11;VSP;SBGL;SBGR;292,00;165
2003;11;VSP;SBGL;SBGR;365,00;49
2003;11;VSP;SBGL;SBCT;299,00;9
2003;11;VSP;SBMQ;SBBE;227,00;36
2003;11;VSP;SBBR;SBSV;409,00;214
2003;11;VSP;SBCF;SBGR;355,00;24
2003;11;VSP;SBGR;SBFL;159,00;429
2003;11;VSP;SBGL;SBSV;308,00;1834
2003;11;VSP;SBBR;SBGL;827,00;40
