ANO;MES;EMPRESA;ORIGEM;DESTINO;TARIFA;ASSENTOS
2006;5;BRB;SBSP;SBCT;129,00;35
2006;5;BRB;SBPA;SBCT;119,00;111
2006;5;BRB;SBBE;SBBR;309,00;19
2006;5;BRB;SBSP;SBCT;89,00;21
2006;5;BRB;SBGL;SBBR;209,00;87
2006;5;BRB;SBGL;SBFZ;479,00;2
2006;5;BRB;SBGL;SBSP;119,00;102
2006;5;BRB;SBCF;SBGR;109,00;6
2006;5;BRB;SBGL;SBGR;129,00;9
2006;5;BRB;SBFZ;SBGR;459,00;2
2006;5;BRB;SBGR;SBPA;199,00;12
2006;5;BRB;SBSP;SBGL;89,00;359
2006;5;BRB;SBRF;SBGR;419,00;2
2006;5;BRB;SBPA;SBGR;199,00;1
2006;5;BRB;SBRF;SBGR;449,00;3
2006;5;BRB;SBGL;SBSP;102,00;55
2006;5;BRB;SBGL;SBSP;199,00;1
2006;5;BRB;SBGL;SBSP;99,00;187
2006;5;BRB;SBSV;SBGR;1329,00;2
2006;5;BRB;SBCT;SBPA;99,00;82
2006;5;BRB;SBGL;SBFZ;569,00;1
2006;5;BRB;SBBR;SBGL;219,00;25
2006;5;BRB;SBGR;SBGL;139,00;50
2006;5;BRB;SBCF;SBGR;159,00;1
2006;5;BRB;SBGL;SBCF;99,00;16
2006;5;BRB;SBBR;SBSP;339,00;5
2006;5;BRB;SBCF;SBGL;99,00;58
2006;5;BRB;SBBR;SBGR;259,00;1
2006;5;BRB;SBSP;SBBR;189,00;104
2006;5;BRB;SBCT;SBPA;149,00;1
2006;5;BRB;SBSV;SBRF;169,00;1
2006;5;BRB;SBGR;SBPA;209,00;7
2006;5;BRB;SBGR;SBGL;102,00;4
2006;5;BRB;SBGR;SBRF;459,00;1
2006;5;BRB;SBBR;SBRF;409,00;4
2006;5;BRB;SBBR;SBGR;179,00;74
2006;5;BRB;SBSP;SBBR;209,00;32
2006;5;BRB;SBGO;SBSP;199,00;58
2006;5;BRB;SBGL;SBSP;129,00;51
2006;5;BRB;SBGR;SBBR;199,00;39
2006;5;BRB;SBGR;SBRF;439,00;1
2006;5;BRB;SBGR;SBCF;119,00;29
2006;5;BRB;SBBR;SBSP;229,00;4
2006;5;BRB;SBSV;SBGR;299,00;7
2006;5;BRB;SBBR;SBGR;249,00;14
2006;5;BRB;SBBR;SBGO;89,00;7
2006;5;BRB;SBFZ;SBBR;309,00;29
2006;5;BRB;SBGR;SBGL;104,00;1
2006;5;BRB;SBBR;SBGL;169,00;46
2006;5;BRB;SBBR;SBSP;319,00;8
2006;5;BRB;SBCG;SBSP;259,00;1
2006;5;BRB;SBBR;SBGR;339,00;4
2006;5;BRB;SBSP;SBVT;169,00;21
2006;5;BRB;SBBR;SBGR;189,00;54
2006;5;BRB;SBBR;SBBE;309,00;35
2006;5;BRB;SBPS;SBSP;369,00;3
2006;5;BRB;SBGR;SBFZ;439,00;5
2006;5;BRB;SBSV;SBSP;269,00;13
2006;5;BRB;SBGO;SBBR;69,00;36
2006;5;BRB;SBGR;SBBR;189,00;47
2006;5;BRB;SBSP;SBPA;339,00;7
2006;5;BRB;SBBE;SBEG;199,00;9
2006;5;BRB;SBGO;SBSP;159,00;65
2006;5;BRB;SBGL;SBSV;259,00;1
2006;5;BRB;SBSP;SBSV;319,00;11
2006;5;BRB;SBBR;SBRF;339,00;7
2006;5;BRB;SBPA;SBSP;259,00;23
2006;5;BRB;SBGR;SBPA;179,00;18
2006;5;BRB;SBRF;SBGR;409,00;4
2006;5;BRB;SBFZ;SBGR;709,00;2
2006;5;BRB;SBRF;SBBR;359,00;5
2006;5;BRB;SBBR;SBGL;269,00;2
2006;5;BRB;SBCT;SBGL;199,00;19
2006;5;BRB;SBVT;SBSP;189,00;55
2006;5;BRB;SBBR;SBFZ;289,00;3
2006;5;BRB;SBGL;SBCF;129,00;1
2006;5;BRB;SBFZ;SBGR;429,00;2
2006;5;BRB;SBSV;SBSP;289,00;26
2006;5;BRB;SBBR;SBSP;209,00;32
2006;5;BRB;SBVT;SBSP;169,00;33
2006;5;BRB;SBGL;SBGR;99,00;150
2006;5;BRB;SBSP;SBSV;409,00;1
2006;5;BRB;SBCT;SBGL;259,00;5
2006;5;BRB;SBGL;SBPA;279,00;3
2006;5;BRB;SBSV;SBSP;1329,00;3
2006;5;BRB;SBPA;SBSP;209,00;52
2006;5;BRB;SBGR;SBGL;100,00;8
2006;5;BRB;SBBR;SBSP;189,00;110
2006;5;BRB;SBBE;SBEG;229,00;11
2006;5;BRB;SBSP;SBGL;79,00;49
2006;5;BRB;SBFZ;SBRF;199,00;1
2006;5;BRB;SBCG;SBSP;189,00;5
2006;5;BRB;SBFZ;SBGR;2229,00;1
2006;5;BRB;SBSP;SBVT;209,00;6
2006;5;BRB;SBRF;SBFZ;139,00;11
2006;5;BRB;SBBE;SBEG;309,00;1
2006;5;BRB;SBSP;SBGL;119,00;167
2006;5;BRB;SBRF;SBFZ;149,00;16
2006;5;BRB;SBPS;SBSP;219,00;1
2006;5;BRB;SBGR;SBGL;99,00;250
2006;5;BRB;SBGL;SBFZ;449,00;3
2006;5;BRB;SBBR;SBGR;329,00;1
2006;5;BRB;SBSP;SBBR;319,00;2
2006;5;BRB;SBPA;SBGR;269,00;4
2006;5;BRB;SBSV;SBSP;319,00;8
2006;5;BRB;SBBE;SBBR;329,00;1
2006;5;BRB;SBGL;SBCT;179,00;13
2006;5;BRB;SBPA;SBSP;249,00;26
2006;5;BRB;SBGL;SBCT;129,00;10
2006;5;BRB;SBRF;SBSV;149,00;4
2006;5;BRB;SBPA;SBGR;179,00;31
2006;5;BRB;SBCY;SBBR;179,00;9
2006;5;BRB;SBGL;SBSP;109,00;121
2006;5;BRB;SBPS;SBSP;229,00;2
2006;5;BRB;SBGL;SBSP;89,00;305
2006;5;BRB;SBCF;SBGR;149,00;5
2006;5;BRB;SBSP;SBCT;189,00;8
2006;5;BRB;SBGL;SBPA;269,00;7
2006;5;BRB;SBGL;SBBR;269,00;8
2006;5;BRB;SBSP;SBGL;409,00;2
2006;5;BRB;SBBR;SBSP;199,00;101
2006;5;BRB;SBPA;SBGL;219,00;54
2006;5;BRB;SBPA;SBCT;99,00;116
2006;5;BRB;SBGR;SBGL;79,00;69
2006;5;BRB;SBSV;SBBR;209,00;5
2006;5;BRB;SBSP;SBGO;159,00;29
2006;5;BRB;SBEG;SBBE;199,00;19
2006;5;BRB;SBBR;SBRF;369,00;1
2006;5;BRB;SBSP;SBVT;179,00;42
2006;5;BRB;SBSV;SBRF;139,00;4
2006;5;BRB;SBGR;SBGL;149,00;7
2006;5;BRB;SBGL;SBPA;259,00;9
2006;5;BRB;SBGO;SBSP;209,00;31
2006;5;BRB;SBVT;SBSP;249,00;1
2006;5;BRB;SBCT;SBPA;139,00;16
2006;5;BRB;SBGL;SBGR;89,00;281
2006;5;BRB;SBBR;SBSP;179,00;111
2006;5;BRB;SBGR;SBGL;159,00;9
2006;5;BRB;SBSP;SBCY;299,00;1
2006;5;BRB;SBPA;SBSP;369,00;3
2006;5;BRB;SBFZ;SBRF;149,00;5
2006;5;BRB;SBFZ;SBGL;409,00;2
2006;5;BRB;SBCT;SBGL;169,00;32
2006;5;BRB;SBSP;SBGL;169,00;64
2006;5;BRB;SBGL;SBCT;159,00;19
2006;5;BRB;SBBR;SBSV;289,00;6
2006;5;BRB;SBPA;SBSP;289,00;55
2006;5;BRB;SBPA;SBSP;349,00;2
2006;5;BRB;SBSP;SBPA;249,00;5
2006;5;BRB;SBGR;SBSV;269,00;45
2006;5;BRB;SBSV;SBSP;1449,00;13
2006;5;BRB;SBRF;SBBR;289,00;48
2006;5;BRB;SBGL;SBPA;209,00;10
2006;5;BRB;SBBR;SBSV;259,00;4
2006;5;BRB;SBSP;SBSV;239,00;11
2006;5;BRB;SBRF;SBSV;139,00;5
2006;5;BRB;SBSP;SBGL;219,00;2
2006;5;BRB;SBSP;SBGL;199,00;16
2006;5;BRB;SBGR;SBGL;199,00;1
2006;5;BRB;SBSP;SBPA;199,00;124
2006;5;BRB;SBSP;SBGL;102,00;115
2006;5;BRB;SBBR;SBGL;1199,00;1
2006;5;BRB;SBCT;SBSP;129,00;50
2006;5;BRB;SBPA;SBSP;179,00;244
2006;5;BRB;SBSP;SBGO;249,00;32
2006;5;BRB;SBSP;SBPA;819,00;14
2006;5;BRB;SBGR;SBRF;589,00;2
2006;5;BRB;SBCT;SBGR;99,00;40
2006;5;BRB;SBCT;SBSP;139,00;7
2006;5;BRB;SBFZ;SBGR;479,00;1
2006;5;BRB;SBFZ;SBGR;2159,00;2
2006;5;BRB;SBBR;SBRF;1849,00;1
2006;5;BRB;SBGR;SBGL;129,00;18
2006;5;BRB;SBRF;SBSV;129,00;1
2006;5;BRB;SBGL;SBSP;139,00;52
2006;5;BRB;SBRF;SBGR;479,00;6
2006;5;BRB;SBGL;SBBR;169,00;71
2006;5;BRB;SBGR;SBRF;409,00;2
2006;5;BRB;SBGL;SBBR;339,00;1
2006;5;BRB;SBGR;SBGL;69,00;8
2006;5;BRB;SBGR;SBRF;419,00;4
2006;5;BRB;SBSP;SBGL;129,00;132
2006;5;BRB;SBBR;SBGR;219,00;23
2006;5;BRB;SBGR;SBRF;659,00;4
2006;5;BRB;SBGL;SBBR;179,00;170
2006;5;BRB;SBEG;SBBE;249,00;9
2006;5;BRB;SBBR;SBFZ;329,00;5
2006;5;BRB;SBGL;SBFZ;409,00;6
2006;5;BRB;SBSP;SBPA;289,00;85
2006;5;BRB;SBGL;SBFZ;429,00;3
2006;5;BRB;SBGR;SBRF;669,00;1
2006;5;BRB;SBBR;SBGR;229,00;1
2006;5;BRB;SBSP;SBCT;149,00;57
2006;5;BRB;SBPS;SBSP;249,00;2
2006;5;BRB;SBGL;SBGR;100,00;14
2006;5;BRB;SBGR;SBFZ;2159,00;2
2006;5;BRB;SBGO;SBSP;249,00;11
2006;5;BRB;SBGL;SBBR;319,00;1
2006;5;BRB;SBGL;SBCF;89,00;67
2006;5;BRB;SBSP;SBGL;99,00;242
2006;5;BRB;SBSP;SBCG;229,00;1
2006;5;BRB;SBSP;SBSV;339,00;1
2006;5;BRB;SBGL;SBSP;149,00;95
2006;5;BRB;SBSP;SBCG;169,00;6
2006;5;BRB;SBCF;SBGR;99,00;4
2006;5;BRB;SBGL;SBCT;199,00;3
2006;5;BRB;SBVT;SBSP;239,00;2
2006;5;BRB;SBCT;SBPA;119,00;92
2006;5;BRB;SBBE;SBBR;289,00;23
2006;5;BRB;SBSP;SBSV;469,00;3
2006;5;BRB;SBFZ;SBGL;479,00;1
2006;5;BRB;SBBR;SBGO;79,00;12
2006;5;BRB;SBSP;SBGO;349,00;1
2006;5;BRB;SBSP;SBPA;229,00;27
2006;5;BRB;SBBR;SBFZ;369,00;6
2006;5;BRB;SBCT;SBSP;149,00;41
2006;5;BRB;SBSV;SBBR;189,00;6
2006;5;BRB;SBSP;SBBR;1299,00;2
2006;5;BRB;SBPA;SBGL;229,00;24
2006;5;BRB;SBGO;SBSP;239,00;25
2006;5;BRB;SBGR;SBGL;399,00;2
2006;5;BRB;SBBR;SBGR;169,00;41
2006;5;BRB;SBGL;SBSV;289,00;1
2006;5;BRB;SBGR;SBFZ;429,00;6
2006;5;BRB;SBPA;SBCT;139,00;46
2006;5;BRB;SBBR;SBSP;289,00;6
2006;5;BRB;SBGL;SBGR;199,00;4
2006;5;BRB;SBBR;SBGL;149,00;21
2006;5;BRB;SBSP;SBGO;219,00;25
2006;5;BRB;SBGL;SBSP;101,00;114
2006;5;BRB;SBCT;SBGL;159,00;22
2006;5;BRB;SBGR;SBGL;109,00;170
2006;5;BRB;SBSP;SBSV;249,00;2
2006;5;BRB;SBVT;SBSP;179,00;43
2006;5;BRB;SBCT;SBGR;89,00;10
2006;5;BRB;SBSP;SBCT;169,00;1
2006;5;BRB;SBBR;SBSP;259,00;4
2006;5;BRB;SBCF;SBGR;139,00;12
2006;5;BRB;SBGO;SBBR;89,00;1
2006;5;BRB;SBSP;SBSV;359,00;5
2006;5;BRB;SBGO;SBSP;219,00;12
2006;5;BRB;SBCT;SBSP;89,00;18
2006;5;BRB;SBCT;SBSP;179,00;4
2006;5;BRB;SBGO;SBSP;369,00;1
2006;5;BRB;SBSP;SBBR;199,00;68
2006;5;BRB;SBSP;SBPA;259,00;26
2006;5;BRB;SBFZ;SBGR;599,00;6
2006;5;BRB;SBBR;SBCY;179,00;17
2006;5;BRB;SBFZ;SBBR;429,00;1
2006;5;BRB;SBCG;SBSP;229,00;4
2006;5;BRB;SBGL;SBGR;299,00;2
2006;5;BRB;SBGL;SBBR;229,00;18
2006;5;BRB;SBGL;SBGR;109,00;129
2006;5;BRB;SBGO;SBSP;1249,00;1
2006;5;BRB;SBSP;SBGL;269,00;3
2006;5;BRB;SBSP;SBVT;269,00;1
2006;5;BRB;SBGR;SBPA;169,00;31
2006;5;BRB;SBBR;SBGL;189,00;62
2006;5;BRB;SBGR;SBGL;369,00;3
2006;5;BRB;SBSP;SBPA;189,00;207
2006;5;BRB;SBCT;SBGR;109,00;1
2006;5;BRB;SBGO;SBSP;399,00;1
2006;5;BRB;SBBR;SBGL;179,00;81
2006;5;BRB;SBBR;SBSP;219,00;27
2006;5;BRB;SBGL;SBSP;399,00;5
2006;5;BRB;SBSP;SBPS;249,00;1
2006;5;BRB;SBSP;SBGL;629,00;5
2006;5;BRB;SBGL;SBBR;239,00;19
2006;5;BRB;SBBR;SBGL;249,00;17
2006;5;BRB;SBSP;SBGO;239,00;8
2006;5;BRB;SBSV;SBBR;229,00;14
2006;5;BRB;SBGR;SBSV;249,00;67
2006;5;BRB;SBGL;SBGR;189,00;2
2006;5;BRB;SBPA;SBGL;239,00;9
2006;5;BRB;SBBR;SBSV;229,00;4
2006;5;BRB;SBFZ;SBRF;119,00;3
2006;5;BRB;SBSP;SBGL;159,00;4
2006;5;BRB;SBGL;SBCT;279,00;1
2006;5;BRB;SBGR;SBBR;169,00;4
2006;5;BRB;SBPA;SBSP;339,00;6
2006;5;BRB;SBVT;SBSP;209,00;29
2006;5;BRB;SBGL;SBSP;100,00;58
2006;5;BRB;SBSP;SBGO;209,00;24
2006;5;BRB;SBFZ;SBGL;429,00;1
2006;5;BRB;SBGO;SBSP;169,00;165
2006;5;BRB;SBSP;SBSV;279,00;1
2006;5;BRB;SBSP;SBVT;199,00;30
2006;5;BRB;SBFZ;SBBR;349,00;17
2006;5;BRB;SBSP;SBGL;109,00;199
2006;5;BRB;SBPA;SBSP;819,00;14
2006;5;BRB;SBPA;SBGL;259,00;13
2006;5;BRB;SBBR;SBFZ;389,00;1
2006;5;BRB;SBGL;SBPA;239,00;15
2006;5;BRB;SBBR;SBGR;1299,00;2
2006;5;BRB;SBRF;SBGR;509,00;1
2006;5;BRB;SBCT;SBGL;219,00;5
2006;5;BRB;SBGR;SBCT;99,00;2
2006;5;BRB;SBGR;SBCF;129,00;2
2006;5;BRB;SBGL;SBGR;106,00;4
2006;5;BRB;SBSV;SBSP;339,00;1
2006;5;BRB;SBCG;SBSP;199,00;5
2006;5;BRB;SBSP;SBCY;319,00;2
2006;5;BRB;SBCT;SBSP;169,00;6
2006;5;BRB;SBSP;SBCT;109,00;117
2006;5;BRB;SBSP;SBSV;299,00;10
2006;5;BRB;SBEG;SBBE;259,00;1
2006;5;BRB;SBGL;SBGR;629,00;4
2006;5;BRB;SBVT;SBSP;219,00;10
2006;5;BRB;SBBR;SBSV;249,00;5
2006;5;BRB;SBCY;SBSP;269,00;3
2006;5;BRB;SBGL;SBFZ;459,00;1
2006;5;BRB;SBGR;SBFZ;539,00;1
2006;5;BRB;SBRF;SBFZ;129,00;4
2006;5;BRB;SBSP;SBCG;189,00;6
2006;5;BRB;SBGL;SBGR;101,00;31
2006;5;BRB;SBBR;SBRF;359,00;26
2006;5;BRB;SBGR;SBBR;249,00;10
2006;5;BRB;SBGL;SBPA;299,00;8
2006;5;BRB;SBGO;SBSP;269,00;4
2006;5;BRB;SBGR;SBBR;219,00;11
2006;5;BRB;SBGR;SBBR;209,00;9
2006;5;BRB;SBGR;SBPA;189,00;27
2006;5;BRB;SBPA;SBSP;269,00;4
2006;5;BRB;SBEG;SBBE;279,00;3
2006;5;BRB;SBGR;SBGL;629,00;3
2006;5;BRB;SBPA;SBSP;229,00;36
2006;5;BRB;SBSP;SBPA;209,00;54
2006;5;BRB;SBSP;SBCT;119,00;11
2006;5;BRB;SBSP;SBBR;339,00;9
2006;5;BRB;SBPA;SBGR;189,00;6
2006;5;BRB;SBGL;SBGR;399,00;2
2006;5;BRB;SBPA;SBSP;239,00;31
2006;5;BRB;SBPA;SBSP;889,00;137
2006;5;BRB;SBBR;SBGR;209,00;2
2006;5;BRB;SBBE;SBEG;259,00;9
2006;5;BRB;SBBR;SBGL;449,00;2
2006;5;BRB;SBBR;SBGL;209,00;28
2006;5;BRB;SBPA;SBSP;189,00;183
2006;5;BRB;SBCY;SBBR;169,00;1
2006;5;BRB;SBPA;SBCT;149,00;7
2006;5;BRB;SBCT;SBSP;109,00;209
2006;5;BRB;SBCG;SBSP;209,00;1
2006;5;BRB;SBGL;SBGR;105,00;21
2006;5;BRB;SBSP;SBGL;69,00;2
2006;5;BRB;SBSP;SBVT;159,00;9
2006;5;BRB;SBBR;SBBE;279,00;49
2006;5;BRB;SBBR;SBPA;1829,00;4
2006;5;BRB;SBPA;SBGL;209,00;21
2006;5;BRB;SBSP;SBPA;889,00;137
2006;5;BRB;SBGL;SBSP;169,00;24
2006;5;BRB;SBPA;SBSP;1229,00;3
2006;5;BRB;SBVT;SBSP;199,00;53
2006;5;BRB;SBSP;SBGL;139,00;111
2006;5;BRB;SBSV;SBGR;289,00;3
2006;5;BRB;SBBR;SBRF;1469,00;6
2006;5;BRB;SBSP;SBGO;199,00;53
2006;5;BRB;SBGO;SBBR;79,00;17
2006;5;BRB;SBSP;SBVT;189,00;42
2006;5;BRB;SBGL;SBSP;79,00;17
2006;5;BRB;SBGR;SBGL;89,00;211
2006;5;BRB;SBPA;SBBR;1829,00;4
2006;5;BRB;SBSP;SBBR;219,00;23
2006;5;BRB;SBGR;SBFZ;409,00;4
2006;5;BRB;SBSV;SBBR;219,00;1
2006;5;BRB;SBBE;SBEG;249,00;3
2006;5;BRB;SBGO;SBSP;309,00;6
2006;5;BRB;SBRF;SBSV;159,00;1
2006;5;BRB;SBBR;SBGL;349,00;3
2006;5;BRB;SBVT;SBSP;289,00;3
2006;5;BRB;SBGL;SBBR;189,00;135
2006;5;BRB;SBSV;SBGL;229,00;1
2006;5;BRB;SBGL;SBGR;103,00;8
2006;5;BRB;SBGR;SBSV;439,00;4
2006;5;BRB;SBPA;SBGL;309,00;7
2006;5;BRB;SBBE;SBBR;319,00;11
2006;5;BRB;SBFZ;SBGR;509,00;2
2006;5;BRB;SBBR;SBGO;69,00;99
2006;5;BRB;SBSP;SBBR;229,00;1
2006;5;BRB;SBGR;SBSV;239,00;4
2006;5;BRB;SBRF;SBBR;279,00;15
2006;5;BRB;SBCF;SBGR;129,00;14
2006;5;BRB;SBSP;SBSV;269,00;4
2006;5;BRB;SBSP;SBCG;209,00;3
2006;5;BRB;SBGO;SBSP;229,00;2
2006;5;BRB;SBGR;SBGL;119,00;75
2006;5;BRB;SBSP;SBPA;399,00;6
2006;5;BRB;SBPA;SBSP;199,00;135
2006;5;BRB;SBGR;SBPA;219,00;3
2006;5;BRB;SBPA;SBSP;169,00;101
2006;5;BRB;SBSP;SBGO;229,00;1
2006;5;BRB;SBGL;SBGR;369,00;8
2006;5;BRB;SBSP;SBCG;219,00;3
2006;5;BRB;SBBR;SBSV;219,00;11
2006;5;BRB;SBCT;SBGL;189,00;36
2006;5;BRB;SBBR;SBGR;239,00;2
2006;5;BRB;SBSP;SBCY;269,00;1
2006;5;BRB;SBRF;SBBR;339,00;3
2006;5;BRB;SBGR;SBFZ;449,00;1
2006;5;BRB;SBEG;SBBE;229,00;4
2006;5;BRB;SBFZ;SBRF;139,00;15
2006;5;BRB;SBGL;SBCT;149,00;111
2006;5;BRB;SBSP;SBPA;169,00;163
2006;5;BRB;SBSP;SBGO;319,00;1
2006;5;BRB;SBGR;SBSV;279,00;27
2006;5;BRB;SBBR;SBGO;59,00;78
2006;5;BRB;SBBR;SBRF;299,00;2
2006;5;BRB;SBSP;SBBR;249,00;2
2006;5;BRB;SBCF;SBGL;149,00;14
2006;5;BRB;SBSP;SBPA;369,00;7
2006;5;BRB;SBSV;SBGL;249,00;1
2006;5;BRB;SBSP;SBPA;1229,00;7
2006;5;BRB;SBFZ;SBBR;329,00;18
2006;5;BRB;SBSP;SBGO;189,00;50
2006;5;BRB;SBSP;SBGO;179,00;40
2006;5;BRB;SBSV;SBSP;469,00;7
2006;5;BRB;SBSP;SBBR;239,00;12
2006;5;BRB;SBSP;SBSV;309,00;1
2006;5;BRB;SBBR;SBGR;199,00;33
2006;5;BRB;SBGL;SBCT;189,00;13
2006;5;BRB;SBBR;SBGL;199,00;135
2006;5;BRB;SBGL;SBGR;149,00;12
2006;5;BRB;SBCF;SBGL;119,00;2
2006;5;BRB;SBGL;SBGR;119,00;42
2006;5;BRB;SBSP;SBPA;239,00;18
2006;5;BRB;SBGR;SBGL;105,00;12
2006;5;BRB;SBBR;SBRF;309,00;10
2006;5;BRB;SBBR;SBRF;289,00;60
2006;5;BRB;SBFZ;SBGR;699,00;1
2006;5;BRB;SBGL;SBGR;209,00;3
2006;5;BRB;SBGR;SBRF;379,00;1
2006;5;BRB;SBGR;SBGL;103,00;9
2006;5;BRB;SBPA;SBGR;169,00;49
2006;5;BRB;SBSP;SBPA;309,00;7
2006;5;BRB;SBGO;SBSP;179,00;27
2006;5;BRB;SBSV;SBBR;249,00;10
2006;5;BRB;SBGR;SBSV;1239,00;5
2006;5;BRB;SBRF;SBFZ;159,00;2
2006;5;BRB;SBGR;SBSV;1349,00;13
2006;5;BRB;SBSP;SBCT;139,00;22
2006;5;BRB;SBRF;SBBR;379,00;3
2006;5;BRB;SBGO;SBSP;189,00;125
2006;5;BRB;SBCF;SBGL;89,00;114
2006;5;BRB;SBSP;SBGL;149,00;107
2006;5;BRB;SBGL;SBBR;1199,00;3
2006;5;BRB;SBSP;SBGL;399,00;23
2006;5;BRB;SBGL;SBBR;289,00;2
2006;5;BRB;SBGR;SBGL;101,00;24
2006;5;BRB;SBSP;SBGL;179,00;49
2006;5;BRB;SBGL;SBBR;219,00;31
2006;5;BRB;SBRF;SBBR;309,00;22
2006;5;BRB;SBBR;SBSV;199,00;1
2006;5;BRB;SBGL;SBCT;219,00;15
2006;5;BRB;SBVT;SBSP;159,00;1
2006;5;BRB;SBGO;SBBR;59,00;78
2006;5;BRB;SBGR;SBCF;139,00;5
2006;5;BRB;SBRF;SBGR;589,00;2
2006;5;BRB;SBSP;SBPA;179,00;223
2006;5;BRB;SBBR;SBSP;169,00;24
2006;5;BRB;SBGR;SBBR;279,00;1
2006;5;BRB;SBEG;SBBE;1929,00;1
2006;5;BRB;SBGL;SBCT;139,00;228
2006;5;BRB;SBSP;SBGL;101,00;44
2006;5;BRB;SBBR;SBGO;119,00;1
2006;5;BRB;SBSP;SBVT;249,00;1
2006;5;BRB;SBGL;SBGR;69,00;19
2006;5;BRB;SBSP;SBGL;100,00;102
2006;5;BRB;SBRF;SBGR;349,00;2
2006;5;BRB;SBCT;SBSP;99,00;300
2006;5;BRB;SBVT;SBSP;899,00;2
2006;5;BRB;SBBR;SBBE;329,00;2
2006;5;BRB;SBSP;SBBR;179,00;147
2006;5;BRB;SBGL;SBGR;139,00;57
2006;5;BRB;SBGR;SBBR;1299,00;2
2006;5;BRB;SBBR;SBGL;239,00;21
2006;5;BRB;SBSP;SBGL;249,00;1
2006;5;BRB;SBBR;SBSP;239,00;11
2006;5;BRB;SBGL;SBGR;409,00;15
2006;5;BRB;SBGL;SBCT;169,00;16
2006;5;BRB;SBGL;SBGR;102,00;3
2006;5;BRB;SBCF;SBGL;79,00;17
2006;5;BRB;SBGL;SBBR;199,00;144
2006;5;BRB;SBPA;SBSP;319,00;2
2006;5;BRB;SBSV;SBSP;409,00;2
2006;5;BRB;SBGL;SBCF;79,00;21
2006;5;BRB;SBGL;SBPA;219,00;45
2006;5;BRB;SBCT;SBGL;139,00;196
2006;5;BRB;SBPA;SBGL;279,00;4
2006;5;BRB;SBCT;SBSP;209,00;7
2006;5;BRB;SBSP;SBCG;199,00;2
2006;5;BRB;SBGL;SBCF;109,00;9
2006;5;BRB;SBCG;SBSP;169,00;3
2006;5;BRB;SBGL;SBGR;79,00;109
2006;5;BRB;SBBR;SBBE;289,00;23
2006;5;BRB;SBGR;SBBR;229,00;5
2006;5;BRB;SBCT;SBSP;119,00;40
2006;5;BRB;SBGL;SBGR;169,00;29
2006;5;BRB;SBGL;SBPA;229,00;41
2006;5;BRB;SBBR;SBFZ;309,00;32
2006;5;BRB;SBCT;SBGL;149,00;53
2006;5;BRB;SBCY;SBSP;259,00;1
2006;5;BRB;SBGR;SBBR;179,00;47
2006;5;BRB;SBGL;SBSP;219,00;4
2006;5;BRB;SBBR;SBSV;189,00;4
2006;5;BRB;SBGL;SBBR;249,00;14
2006;5;BRB;SBRF;SBBR;329,00;12
2006;5;BRB;SBSV;SBSP;239,00;7
2006;5;BRB;SBGR;SBSV;299,00;10
2006;5;BRB;SBGO;SBSP;289,00;2
2006;5;BRB;SBRF;SBBR;1469,00;6
2006;5;BRB;SBGL;SBSP;189,00;14
2006;5;BRB;SBCF;SBGL;109,00;3
2006;5;BRB;SBCF;SBGR;119,00;12
2006;5;BRB;SBGL;SBSP;629,00;4
2006;5;BRB;SBSP;SBPA;449,00;2
2006;5;BRB;SBSP;SBCY;259,00;5
2006;5;BRB;SBBE;SBEG;1929,00;1
2006;5;BRB;SBGL;SBSP;179,00;20
2006;5;BRB;SBBE;SBBR;279,00;49
2006;5;BRB;SBSP;SBCT;99,00;230
2006;5;BRB;SBBR;SBGL;229,00;48
2006;5;BRB;SBBR;SBSP;249,00;5
2006;5;BRB;SBSP;SBGL;189,00;70
2006;5;BRB;SBPA;SBSP;219,00;15
2006;5;BRB;SBBR;SBBE;319,00;8
2006;5;BRB;SBPA;SBCT;129,00;74
2006;5;BRB;SBCT;SBPA;129,00;63
2006;5;BRB;SBGL;SBCT;259,00;2
2006;5;BRB;SBBR;SBRF;279,00;47
2006;5;BRB;SBBR;SBRF;329,00;17
2006;5;BRB;SBBE;SBBR;259,00;14
2006;5;BRB;SBCT;SBGL;129,00;9
2006;5;BRB;SBBR;SBSP;399,00;1
2006;5;BRB;SBSV;SBRF;149,00;11
2006;5;BRB;SBBR;SBGL;289,00;14
2006;5;BRB;SBGR;SBBR;259,00;4
2006;5;BRB;SBBR;SBFZ;349,00;5
2006;5;BRB;SBGL;SBBR;149,00;8
2006;5;BRB;SBSV;SBSP;299,00;11
2006;5;BRB;SBFZ;SBRF;129,00;3
2006;5;BRB;SBBR;SBCY;209,00;3
2006;5;BRB;SBSP;SBBR;259,00;13
2006;5;BRB;SBRF;SBGR;669,00;4
2006;5;BRB;SBBR;SBBE;389,00;2
2006;5;BRB;SBSP;SBCG;179,00;23
2006;5;BRB;SBSP;SBBR;169,00;80
2006;5;BRB;SBBE;SBEG;279,00;5
2006;5;BRB;SBRF;SBGR;659,00;3
2006;5;BRB;SBPS;SBSP;319,00;1
2006;5;BRB;SBPS;SBSP;259,00;1
2006;5;BRB;SBSP;SBGO;169,00;90
2006;5;BRB;SBCT;SBGL;179,00;13
2006;5;BRB;SBBR;SBGL;319,00;2
2006;5;BRB;SBSP;SBCT;179,00;15
2006;5;GLO;SBBH;SBBR;139,00;1
2006;5;GLO;SBGO;SBBR;176,46;7
2006;5;GLO;SBFL;SBPA;233,45;789
2006;5;GLO;SBFI;SBGR;373,47;2572
2006;5;GLO;SBEG;SBBE;382,63;65
2006;5;GLO;SBBR;SBFZ;515,00;71
2006;5;GLO;SBSP;SBBR;24,50;1353
2006;5;GLO;SBRF;SBGL;407,22;451
2006;5;GLO;SBPA;SBBR;230,00;8
2006;5;GLO;SBSP;SBPA;709,34;1799
2006;5;GLO;SBKP;SBCT;405,00;14
2006;5;GLO;SBSP;SBRP;198,94;255
2006;5;GLO;SBFL;SBSP;308,80;274
2006;5;GLO;SBBR;SBEG;678,25;111
2006;5;GLO;SBGO;SBSP;568,56;810
2006;5;GLO;SBPA;SBCT;300,26;632
2006;5;GLO;SBFL;SBGR;296,36;33
2006;5;GLO;SBGR;SBPA;322,45;2790
2006;5;GLO;SBGL;SBBR;263,17;1635
2006;5;GLO;SBCF;SBGR;216,72;557
2006;5;GLO;SBGR;SBFL;247,61;3112
2006;5;GLO;SBPA;SBCT;555,18;712
2006;5;GLO;SBGL;SBFZ;513,70;299
2006;5;GLO;SBGR;SBRF;553,38;531
2006;5;GLO;SBGR;SBFI;386,25;2368
2006;5;GLO;SBGR;SBPA;318,11;186
2006;5;GLO;SBFL;SBGR;420,00;11
2006;5;GLO;SBRF;SBBR;485,40;173
2006;5;GLO;SBBR;SBGO;198,86;10
2006;5;GLO;SBFI;SBGR;442,00;14
2006;5;GLO;SBBR;SBPA;344,74;354
2006;5;GLO;SBCF;SBGR;24,38;658
2006;5;GLO;SBGR;SBSV;183,75;8
2006;5;GLO;SBRF;SBFZ;265,36;317
2006;5;GLO;SBCT;SBKP;24,09;342
2006;5;GLO;SBVT;SBSP;227,78;254
2006;5;GLO;SBGL;SBRF;461,21;129
2006;5;GLO;SBGR;SBCF;245,08;242
2006;5;GLO;SBFI;SBGR;169,65;292
2006;5;GLO;SBBR;SBGO;141,00;30
2006;5;GLO;SBGL;SBPA;324,26;383
2006;5;GLO;SBSV;SBSP;351,38;1126
2006;5;GLO;SBPA;SBBR;149,89;1687
2006;5;GLO;SBFI;SBGR;24,50;480
2006;5;GLO;SBFZ;SBGR;476,26;163
2006;5;GLO;SBSV;SBBR;780,00;1
2006;5;GLO;SBGR;SBRF;24,41;985
2006;5;GLO;SBSP;SBPA;385,97;560
2006;5;GLO;SBLO;SBSP;295,00;73
2006;5;GLO;SBGL;SBBR;318,38;1111
2006;5;GLO;SBEG;SBGR;507,65;103
2006;5;GLO;SBSP;SBSV;507,78;37
2006;5;GLO;SBNF;SBSP;362,76;69
2006;5;GLO;SBSP;SBCT;104,00;326
2006;5;GLO;SBSV;SBGR;294,01;383
2006;5;GLO;SBSP;SBUL;365,00;3
2006;5;GLO;SBGL;SBCF;390,00;46
2006;5;GLO;SBBH;SBBR;230,00;2
2006;5;GLO;SBCT;SBPA;697,54;182
2006;5;GLO;SBFL;SBPA;295,13;151
2006;5;GLO;SBUL;SBSP;24,48;535
2006;5;GLO;SBCT;SBGL;308,83;365
2006;5;GLO;SBGO;SBBR;25,00;29
2006;5;GLO;SBBR;SBCY;177,50;12
2006;5;GLO;SBCY;SBBR;24,27;220
2006;5;GLO;SBSP;SBJV;24,14;396
2006;5;GLO;SBCT;SBGL;171,89;122
2006;5;GLO;SBCT;SBSP;356,69;416
2006;5;GLO;SBBR;SBBE;403,17;129
2006;5;GLO;SBLO;SBSP;451,20;25
2006;5;GLO;SBRJ;SBSP;464,75;4
2006;5;GLO;SBSP;SBBH;205,58;19
2006;5;GLO;SBSP;SBCG;214,91;115
2006;5;GLO;SBMQ;SBBE;163,20;10
2006;5;GLO;SBSP;SBBR;388,02;611
2006;5;GLO;SBBH;SBCT;210,00;4
2006;5;GLO;SBCY;SBBR;173,90;161
2006;5;GLO;SBGL;SBBR;180,79;571
2006;5;GLO;SBCG;SBSP;395,00;30
2006;5;GLO;SBBH;SBCT;230,00;4
2006;5;GLO;SBSR;SBSP;250,29;21
2006;5;GLO;SBPA;SBGR;705,00;2
2006;5;GLO;SBSP;SBSV;287,10;319
2006;5;GLO;SBBE;SBMQ;24,29;765
2006;5;GLO;SBGR;SBCT;259,99;74
2006;5;GLO;SBPA;SBFL;482,81;695
2006;5;GLO;SBFZ;SBBR;512,51;117
2006;5;GLO;SBGL;SBRF;501,29;93
2006;5;GLO;SBBE;SBEG;853,81;16
2006;5;GLO;SBSV;SBGR;303,27;412
2006;5;GLO;SBBR;SBFZ;277,58;1807
2006;5;GLO;SBSP;SBRP;194,37;223
2006;5;GLO;SBSP;SBCG;267,55;422
2006;5;GLO;SBGL;SBSP;394,77;6517
2006;5;GLO;SBGL;SBBR;24,19;1819
2006;5;GLO;SBGL;SBCT;224,22;1693
2006;5;GLO;SBFL;SBGR;470,00;16
2006;5;GLO;SBBR;SBSP;388,37;891
2006;5;GLO;SBBR;SBKP;629,22;117
2006;5;GLO;SBSP;SBNF;298,07;215
2006;5;GLO;SBGR;SBEG;24,36;1236
2006;5;GLO;SBPA;SBFL;295,59;136
2006;5;GLO;SBSP;SBCY;225,00;1
2006;5;GLO;SBGR;SBFI;455,00;1
2006;5;GLO;SBGR;SBGL;318,25;177
2006;5;GLO;SBGR;SBPA;895,28;49
2006;5;GLO;SBBE;SBEG;24,43;612
2006;5;GLO;SBBR;SBSP;262,66;1285
2006;5;GLO;SBCY;SBSP;307,05;110
2006;5;GLO;SBPA;SBSP;385,92;428
2006;5;GLO;SBGR;SBCF;440,72;623
2006;5;GLO;SBSP;SBBH;339,50;34
2006;5;GLO;SBSP;SBVT;145,30;4051
2006;5;GLO;SBBH;SBSP;299,07;183
2006;5;GLO;SBBR;SBEG;465,58;113
2006;5;GLO;SBBR;SBBH;410,48;78
2006;5;GLO;SBBR;SBRF;740,08;2409
2006;5;GLO;SBPA;SBGL;535,66;56
2006;5;GLO;SBSP;SBGL;346,06;136
2006;5;GLO;SBCY;SBSP;480,89;4920
2006;5;GLO;SBSV;SBRF;338,68;60
2006;5;GLO;SBCG;SBSP;333,84;3931
2006;5;GLO;SBGR;SBFL;376,00;35
2006;5;GLO;SBGR;SBGL;756,00;5
2006;5;GLO;SBFZ;SBGR;435,31;814
2006;5;GLO;SBBR;SBGR;177,00;4
2006;5;GLO;SBBR;SBKP;234,68;161
2006;5;GLO;SBFL;SBPA;24,46;1607
2006;5;GLO;SBSP;SBPA;177,69;488
2006;5;GLO;SBBR;SBGR;348,33;3
2006;5;GLO;SBCT;SBGL;241,84;1244
2006;5;GLO;SBBR;SBBE;405,11;33
2006;5;GLO;SBBE;SBMQ;983,25;3
2006;5;GLO;SBCT;SBGR;209,34;104
2006;5;GLO;SBRP;SBSP;199,97;227
2006;5;GLO;SBBR;SBSV;197,09;714
2006;5;GLO;SBGL;SBPA;451,78;100
2006;5;GLO;SBFL;SBPA;423,48;692
2006;5;GLO;SBSP;SBBR;263,26;1772
2006;5;GLO;SBGR;SBCF;400,00;18
2006;5;GLO;SBSP;SBUL;276,52;1
2006;5;GLO;SBFZ;SBBR;625,00;27
2006;5;GLO;SBBR;SBGR;258,57;215
2006;5;GLO;SBCT;SBGR;186,08;205
2006;5;GLO;SBBH;SBSP;140,00;1
2006;5;GLO;SBPA;SBSP;731,62;1267
2006;5;GLO;SBRF;SBGL;24,16;984
2006;5;GLO;SBGL;SBBR;469,14;435
2006;5;GLO;SBBR;SBCY;117,33;6
2006;5;GLO;SBSP;SBFL;168,34;139
2006;5;GLO;SBGL;SBSV;24,23;2689
2006;5;GLO;SBGO;SBSP;297,61;271
2006;5;GLO;SBPA;SBFL;260,85;240
2006;5;GLO;SBRF;SBFZ;331,33;151
2006;5;GLO;SBFI;SBGR;387,38;29
2006;5;GLO;SBCT;SBKP;227,85;579
2006;5;GLO;SBCY;SBSP;348,47;390
2006;5;GLO;SBGL;SBCF;24,54;907
2006;5;GLO;SBCT;SBGR;297,11;18
2006;5;GLO;SBBE;SBBR;240,91;136
2006;5;GLO;SBCT;SBBR;382,55;317
2006;5;GLO;SBCY;SBBR;217,55;37
2006;5;GLO;SBGR;SBFL;420,00;27
2006;5;GLO;SBFZ;SBGR;654,08;101
2006;5;GLO;SBRF;SBSV;315,78;283
2006;5;GLO;SBBH;SBBR;294,23;347
2006;5;GLO;SBJV;SBSP;216,52;32
2006;5;GLO;SBLO;SBSP;199,00;2
2006;5;GLO;SBBH;SBBR;370,00;75
2006;5;GLO;SBBR;SBGO;58,15;1823
2006;5;GLO;SBEG;SBBE;24,54;350
2006;5;GLO;SBEG;SBGR;737,54;50
2006;5;GLO;SBSV;SBSP;326,59;1105
2006;5;GLO;SBBE;SBEG;313,49;143
2006;5;GLO;SBBR;SBGL;319,41;728
2006;5;GLO;SBSV;SBBR;705,00;1
2006;5;GLO;SBGR;SBBR;323,56;28
2006;5;GLO;SBEG;SBGR;1173,33;3
2006;5;GLO;SBCT;SBGL;554,85;182
2006;5;GLO;SBSP;SBNF;254,92;588
2006;5;GLO;SBGR;SBFZ;597,17;462
2006;5;GLO;SBSP;SBNF;116,12;540
2006;5;GLO;SBGR;SBBR;380,00;7
2006;5;GLO;SBJV;SBSP;233,08;245
2006;5;GLO;SBRF;SBGL;403,76;163
2006;5;GLO;SBLO;SBSP;222,40;561
2006;5;GLO;SBSP;SBCY;349,28;211
2006;5;GLO;SBNF;SBSP;252,70;541
2006;5;GLO;SBCY;SBSP;464,20;29
2006;5;GLO;SBSP;SBUL;307,48;21
2006;5;GLO;SBPA;SBSP;868,95;319
2006;5;GLO;SBFZ;SBGL;24,59;412
2006;5;GLO;SBSP;SBVT;308,70;46
2006;5;GLO;SBGL;SBRF;407,68;496
2006;5;GLO;SBKP;SBCT;349,71;28
2006;5;GLO;SBRF;SBFZ;232,17;1385
2006;5;GLO;SBGL;SBRF;517,17;46
2006;5;GLO;SBBR;SBFZ;24,19;1841
2006;5;GLO;SBSP;SBRJ;130,00;60
2006;5;GLO;SBKP;SBBR;191,04;53
2006;5;GLO;SBSP;SBVT;192,50;4
2006;5;GLO;SBFL;SBGR;370,67;30
2006;5;GLO;SBFL;SBGR;537,49;147
2006;5;GLO;SBCY;SBSP;383,02;344
2006;5;GLO;SBBE;SBMQ;660,89;24
2006;5;GLO;SBFL;SBSP;212,39;2856
2006;5;GLO;SBBR;SBEG;683,42;60
2006;5;GLO;SBGR;SBEG;491,64;121
2006;5;GLO;SBGL;SBSV;552,64;1008
2006;5;GLO;SBSP;SBVT;24,19;395
2006;5;GLO;SBGR;SBCF;200,43;4368
2006;5;GLO;SBPA;SBFL;334,71;115
2006;5;GLO;SBBE;SBMQ;495,68;58
2006;5;GLO;SBSP;SBGO;567,92;984
2006;5;GLO;SBBR;SBGO;154,31;45
2006;5;GLO;SBFL;SBSP;547,63;873
2006;5;GLO;SBSP;SBVT;184,52;688
2006;5;GLO;SBRJ;SBBR;59,60;4
2006;5;GLO;SBCT;SBGL;213,48;584
2006;5;GLO;SBBR;SBRF;286,60;835
2006;5;GLO;SBCT;SBGR;234,26;107
2006;5;GLO;SBRF;SBSV;378,66;183
2006;5;GLO;SBLO;SBSP;167,00;6
2006;5;GLO;SBGR;SBEG;563,90;1349
2006;5;GLO;SBGR;SBGL;404,33;1257
2006;5;GLO;SBGL;SBFZ;561,42;338
2006;5;GLO;SBRF;SBBR;429,36;275
2006;5;GLO;SBRP;SBSP;94,00;1
2006;5;GLO;SBBR;SBCT;136,35;367
2006;5;GLO;SBGL;SBGR;300,72;276
2006;5;GLO;SBSP;SBSV;409,81;149
2006;5;GLO;SBGL;SBCF;319,21;163
2006;5;GLO;SBGR;SBSV;493,94;33
2006;5;GLO;SBGR;SBBR;325,98;4321
2006;5;GLO;SBBR;SBCY;195,00;62
2006;5;GLO;SBPA;SBCT;879,69;57
2006;5;GLO;SBSP;SBBR;242,81;1098
2006;5;GLO;SBGL;SBCT;125,79;531
2006;5;GLO;SBCT;SBSP;283,52;500
2006;5;GLO;SBCT;SBPA;434,30;62
2006;5;GLO;SBBR;SBRF;546,88;229
2006;5;GLO;SBSP;SBRJ;379,00;26
2006;5;GLO;SBPA;SBCT;24,53;700
2006;5;GLO;SBRF;SBSV;24,37;1420
2006;5;GLO;SBSP;SBSV;327,06;1418
2006;5;GLO;SBFZ;SBGL;506,70;276
2006;5;GLO;SBGR;SBFZ;694,43;98
2006;5;GLO;SBCT;SBKP;202,64;698
2006;5;GLO;SBBR;SBCY;23,84;397
2006;5;GLO;SBVT;SBSP;207,30;276
2006;5;GLO;SBKP;SBCT;260,00;60
2006;5;GLO;SBSP;SBBR;464,21;402
2006;5;GLO;SBVT;SBSP;171,53;2115
2006;5;GLO;SBBR;SBBE;24,40;399
2006;5;GLO;SBSP;SBBH;269,17;407
2006;5;GLO;SBFZ;SBBR;278,20;2359
2006;5;GLO;SBBR;SBCY;172,83;23
2006;5;GLO;SBBR;SBGR;381,43;7
2006;5;GLO;SBGR;SBFL;495,40;214
2006;5;GLO;SBBR;SBGR;520,00;3
2006;5;GLO;SBCT;SBBR;24,50;382
2006;5;GLO;SBSP;SBPA;24,51;905
2006;5;GLO;SBRJ;SBSP;264,57;43
2006;5;GLO;SBBR;SBRF;404,99;315
2006;5;GLO;SBGL;SBRF;275,71;600
2006;5;GLO;SBGR;SBPA;205,80;5206
2006;5;GLO;SBSP;SBGL;264,97;192
2006;5;GLO;SBEG;SBBE;313,13;135
2006;5;GLO;SBGO;SBBR;260,00;3
2006;5;GLO;SBGR;SBRF;501,69;491
2006;5;GLO;SBCF;SBGR;252,40;221
2006;5;GLO;SBSP;SBCT;224,27;767
2006;5;GLO;SBRF;SBGR;448,87;1505
2006;5;GLO;SBGL;SBBR;146,99;6322
2006;5;GLO;SBSP;SBGO;364,84;155
2006;5;GLO;SBGL;SBSV;218,46;347
2006;5;GLO;SBGL;SBRF;341,49;576
2006;5;GLO;SBGL;SBFZ;583,25;39
2006;5;GLO;SBGR;SBEG;687,33;163
2006;5;GLO;SBGL;SBSV;399,66;621
2006;5;GLO;SBPA;SBGR;24,53;528
2006;5;GLO;SBBR;SBSV;24,24;1125
2006;5;GLO;SBSP;SBBH;24,57;231
2006;5;GLO;SBRJ;SBSP;419,00;3
2006;5;GLO;SBVT;SBSP;183,49;280
2006;5;GLO;SBEG;SBBR;742,50;8
2006;5;GLO;SBBE;SBBR;398,82;144
2006;5;GLO;SBVT;SBSP;425,00;1
2006;5;GLO;SBCT;SBPA;309,02;230
2006;5;GLO;SBCT;SBPA;432,81;1421
2006;5;GLO;SBSV;SBGL;719,51;752
2006;5;GLO;SBLO;SBSP;515,57;1589
2006;5;GLO;SBBR;SBFZ;324,94;1300
2006;5;GLO;SBFL;SBSP;284,39;346
2006;5;GLO;SBGL;SBCT;245,48;1203
2006;5;GLO;SBRF;SBGL;495,36;28
2006;5;GLO;SBBR;SBSV;371,01;174
2006;5;GLO;SBCT;SBPA;24,46;1095
2006;5;GLO;SBSP;SBCY;366,50;117
2006;5;GLO;SBJV;SBSP;24,09;318
2006;5;GLO;SBFL;SBSP;242,46;757
2006;5;GLO;SBGR;SBFI;167,94;392
2006;5;GLO;SBBR;SBKP;24,16;869
2006;5;GLO;SBPA;SBGL;368,07;207
2006;5;GLO;SBSP;SBCT;357,84;347
2006;5;GLO;SBCT;SBPA;273,05;646
2006;5;GLO;SBCT;SBBR;296,93;223
2006;5;GLO;SBGR;SBPA;415,33;36
2006;5;GLO;SBSP;SBGL;264,56;652
2006;5;GLO;SBSP;SBFL;486,13;722
2006;5;GLO;SBBR;SBBE;535,00;89
2006;5;GLO;SBGR;SBEG;630,00;237
2006;5;GLO;SBPA;SBFL;371,42;89
2006;5;GLO;SBFZ;SBGL;393,07;146
2006;5;GLO;SBKP;SBBR;143,70;265
2006;5;GLO;SBSP;SBNF;24,24;516
2006;5;GLO;SBCF;SBGL;24,44;1593
2006;5;GLO;SBGL;SBCF;247,27;330
2006;5;GLO;SBPA;SBGR;237,10;681
2006;5;GLO;SBBE;SBEG;355,25;59
2006;5;GLO;SBBR;SBGR;317,85;3819
2006;5;GLO;SBFL;SBSP;435,54;79
2006;5;GLO;SBUL;SBSP;276,52;1
2006;5;GLO;SBEG;SBGR;931,09;22
2006;5;GLO;SBSV;SBBR;333,45;1340
2006;5;GLO;SBRF;SBBR;739,33;2980
2006;5;GLO;SBRF;SBSV;1135,00;2
2006;5;GLO;SBRP;SBSP;173,16;168
2006;5;GLO;SBBR;SBEG;505,64;179
2006;5;GLO;SBBR;SBBH;327,86;185
2006;5;GLO;SBBR;SBBH;24,66;291
2006;5;GLO;SBSP;SBLO;256,72;1359
2006;5;GLO;SBSP;SBCT;24,57;1150
2006;5;GLO;SBSP;SBRP;174,05;1559
2006;5;GLO;SBBE;SBBR;361,91;39
2006;5;GLO;SBPA;SBFL;265,77;58
2006;5;GLO;SBCT;SBSP;453,10;316
2006;5;GLO;SBSP;SBCG;484,98;752
2006;5;GLO;SBUL;SBSP;283,16;211
2006;5;GLO;SBGR;SBCF;195,35;77
2006;5;GLO;SBRF;SBBR;24,17;675
2006;5;GLO;SBBR;SBGR;284,35;420
2006;5;GLO;SBRF;SBGR;436,91;232
2006;5;GLO;SBGR;SBBR;282,91;338
2006;5;GLO;SBBR;SBRF;665,00;2
2006;5;GLO;SBGO;SBSP;248,19;524
2006;5;GLO;SBGR;SBGL;189,67;346
2006;5;GLO;SBSP;SBCG;295,40;436
2006;5;GLO;SBGO;SBSP;330,49;4791
2006;5;GLO;SBSR;SBSP;556,89;6
2006;5;GLO;SBGR;SBPA;203,95;44
2006;5;GLO;SBCT;SBGR;360,00;1
2006;5;GLO;SBLO;SBSP;326,62;78
2006;5;GLO;SBFI;SBGR;116,43;432
2006;5;GLO;SBSV;SBGR;403,63;628
2006;5;GLO;SBSP;SBLO;219,36;522
2006;5;GLO;SBGR;SBSV;448,88;93
2006;5;GLO;SBGL;SBCF;282,14;239
2006;5;GLO;SBSP;SBCT;253,82;1344
2006;5;GLO;SBSV;SBRF;117,38;8
2006;5;GLO;SBSP;SBFL;271,82;922
2006;5;GLO;SBSP;SBSR;211,58;283
2006;5;GLO;SBFZ;SBBR;24,12;875
2006;5;GLO;SBSP;SBSR;226,74;2141
2006;5;GLO;SBEG;SBBR;346,63;49
2006;5;GLO;SBPA;SBGR;389,82;106
2006;5;GLO;SBSP;SBVT;254,49;145
2006;5;GLO;SBFZ;SBRF;298,49;297
2006;5;GLO;SBGR;SBRF;448,23;1425
2006;5;GLO;SBGR;SBSV;533,50;7
2006;5;GLO;SBSP;SBBH;236,70;182
2006;5;GLO;SBSP;SBRP;225,00;2
2006;5;GLO;SBJV;SBSP;265,00;1
2006;5;GLO;SBGR;SBFL;155,17;24
2006;5;GLO;SBSV;SBGR;24,22;1265
2006;5;GLO;SBGR;SBFZ;481,72;1027
2006;5;GLO;SBNF;SBSP;620,37;484
2006;5;GLO;SBSV;SBSP;375,95;424
2006;5;GLO;SBBR;SBRF;223,04;411
2006;5;GLO;SBGL;SBSV;398,75;12
2006;5;GLO;SBFZ;SBRF;215,97;4325
2006;5;GLO;SBSP;SBFL;24,50;2528
2006;5;GLO;SBSP;SBSV;194,72;5089
2006;5;GLO;SBRF;SBSV;371,09;186
2006;5;GLO;SBSP;SBRP;250,00;2
2006;5;GLO;SBBR;SBSV;570,00;1
2006;5;GLO;SBEG;SBBE;465,00;4
2006;5;GLO;SBPA;SBGR;319,40;2973
2006;5;GLO;SBSV;SBBR;270,00;2
2006;5;GLO;SBFZ;SBGL;536,25;23
2006;5;GLO;SBPA;SBCT;388,63;114
2006;5;GLO;SBCT;SBGL;143,58;2203
2006;5;GLO;SBUL;SBSP;128,78;211
2006;5;GLO;SBBE;SBEG;1561,70;5
2006;5;GLO;SBPA;SBGR;264,78;384
2006;5;GLO;SBCF;SBGL;282,52;92
2006;5;GLO;SBFL;SBSP;159,77;99
2006;5;GLO;SBSP;SBBR;236,25;2702
2006;5;GLO;SBBR;SBBE;590,00;33
2006;5;GLO;SBBR;SBKP;172,00;3
2006;5;GLO;SBSV;SBGR;610,38;2129
2006;5;GLO;SBGO;SBSP;363,26;210
2006;5;GLO;SBPA;SBGL;197,56;3840
2006;5;GLO;SBGL;SBSP;97,55;6593
2006;5;GLO;SBBR;SBBE;357,25;1310
2006;5;GLO;SBGR;SBRF;735,00;1
2006;5;GLO;SBFL;SBGR;371,13;56
2006;5;GLO;SBSP;SBGL;24,53;1687
2006;5;GLO;SBJV;SBSP;455,00;1
2006;5;GLO;SBEG;SBBE;274,20;279
2006;5;GLO;SBPA;SBGL;164,68;1330
2006;5;GLO;SBGR;SBCF;270,75;333
2006;5;GLO;SBBR;SBCY;264,52;120
2006;5;GLO;SBSP;SBCG;393,48;13
2006;5;GLO;SBFZ;SBRF;377,40;73
2006;5;GLO;SBEG;SBBR;1355,00;4
2006;5;GLO;SBNF;SBSP;24,00;441
2006;5;GLO;SBGL;SBSP;367,64;69
2006;5;GLO;SBSP;SBPA;317,75;1888
2006;5;GLO;SBBR;SBRJ;234,67;144
2006;5;GLO;SBFZ;SBRF;186,52;46
2006;5;GLO;SBSP;SBRJ;622,50;4
2006;5;GLO;SBBR;SBRJ;116,07;26
2006;5;GLO;SBGL;SBFZ;24,40;252
2006;5;GLO;SBEG;SBBE;420,00;12
2006;5;GLO;SBFZ;SBGL;451,08;1111
2006;5;GLO;SBGR;SBGL;158,99;3842
2006;5;GLO;SBBH;SBSP;268,91;346
2006;5;GLO;SBCT;SBPA;101,29;5
2006;5;GLO;SBGL;SBSV;480,00;2
2006;5;GLO;SBSP;SBGL;163,04;56
2006;5;GLO;SBSP;SBVT;170,42;290
2006;5;GLO;SBBH;SBBR;329,74;190
2006;5;GLO;SBFL;SBPA;261,56;205
2006;5;GLO;SBNF;SBSP;333,48;88
2006;5;GLO;SBFZ;SBGR;475,83;1080
2006;5;GLO;SBNF;SBSP;550,62;336
2006;5;GLO;SBCT;SBSP;254,06;1363
2006;5;GLO;SBBE;SBEG;1330,00;4
2006;5;GLO;SBCT;SBSP;24,47;714
2006;5;GLO;SBPA;SBFL;374,77;1680
2006;5;GLO;SBGR;SBRF;452,03;224
2006;5;GLO;SBBR;SBRF;521,26;105
2006;5;GLO;SBCT;SBGL;402,78;186
2006;5;GLO;SBBH;SBSP;480,00;1
2006;5;GLO;SBRF;SBGR;404,57;691
2006;5;GLO;SBSP;SBJV;234,76;146
2006;5;GLO;SBBR;SBSV;274,38;416
2006;5;GLO;SBBE;SBEG;275,87;285
2006;5;GLO;SBSV;SBGL;330,97;587
2006;5;GLO;SBBE;SBMQ;392,67;9
2006;5;GLO;SBGR;SBBR;312,30;99
2006;5;GLO;SBSP;SBBR;182,72;198
2006;5;GLO;SBCT;SBBR;301,17;123
2006;5;GLO;SBGL;SBGR;272,83;129
2006;5;GLO;SBBR;SBBH;293,78;431
2006;5;GLO;SBFL;SBGR;374,93;30
2006;5;GLO;SBBR;SBGL;24,31;2772
2006;5;GLO;SBRF;SBFZ;24,41;945
2006;5;GLO;SBFL;SBSP;383,94;164
2006;5;GLO;SBGR;SBGL;203,19;62
2006;5;GLO;SBCG;SBSP;495,21;679
2006;5;GLO;SBGL;SBCT;24,56;899
2006;5;GLO;SBBR;SBGL;469,78;149
2006;5;GLO;SBSR;SBSP;235,40;2338
2006;5;GLO;SBGL;SBGR;85,93;116
2006;5;GLO;SBRF;SBGL;328,93;505
2006;5;GLO;SBRF;SBGL;458,77;168
2006;5;GLO;SBGL;SBGR;404,63;1030
2006;5;GLO;SBMQ;SBBE;77,37;5442
2006;5;GLO;SBPA;SBBR;327,47;228
2006;5;GLO;SBSP;SBCG;313,69;3582
2006;5;GLO;SBGL;SBFZ;448,41;1064
2006;5;GLO;SBEG;SBBE;359,27;30
2006;5;GLO;SBSP;SBBR;292,67;1824
2006;5;GLO;SBEG;SBGR;589,97;129
2006;5;GLO;SBRF;SBSV;215,95;3206
2006;5;GLO;SBSP;SBLO;306,57;35
2006;5;GLO;SBSV;SBBR;374,65;108
2006;5;GLO;SBBR;SBEG;458,10;70
2006;5;GLO;SBGR;SBFZ;434,33;829
2006;5;GLO;SBSV;SBSP;490,62;313
2006;5;GLO;SBFL;SBPA;334,08;98
2006;5;GLO;SBGR;SBGL;308,07;270
2006;5;GLO;SBRF;SBSV;448,75;12
2006;5;GLO;SBPA;SBGL;939,57;495
2006;5;GLO;SBGL;SBPA;329,56;1586
2006;5;GLO;SBGR;SBBR;415,00;19
2006;5;GLO;SBSP;SBBH;374,50;20
2006;5;GLO;SBBE;SBMQ;928,08;13
2006;5;GLO;SBGR;SBRF;610,00;121
2006;5;GLO;SBVT;SBSP;230,93;17
2006;5;GLO;SBBE;SBBR;261,31;32
2006;5;GLO;SBGL;SBGR;24,54;1205
2006;5;GLO;SBBR;SBPA;472,56;116
2006;5;GLO;SBPA;SBSP;109,46;14
2006;5;GLO;SBCY;SBBR;195,00;12
2006;5;GLO;SBSP;SBCG;282,74;69
2006;5;GLO;SBGL;SBSV;358,19;403
2006;5;GLO;SBCG;SBSP;360,00;29
2006;5;GLO;SBBR;SBFZ;625,00;6
2006;5;GLO;SBGR;SBGL;385,76;65
2006;5;GLO;SBGL;SBBR;235,50;3072
2006;5;GLO;SBBE;SBEG;473,54;26
2006;5;GLO;SBSV;SBBR;209,86;674
2006;5;GLO;SBCF;SBGR;97,94;3970
2006;5;GLO;SBFZ;SBGR;24,29;1190
2006;5;GLO;SBSP;SBRP;259,50;2
2006;5;GLO;SBGL;SBSP;454,86;26
2006;5;GLO;SBCT;SBSP;224,96;717
2006;5;GLO;SBGR;SBFI;176,81;93
2006;5;GLO;SBBR;SBPA;291,22;223
2006;5;GLO;SBCY;SBSP;268,50;4
2006;5;GLO;SBSP;SBCT;318,97;452
2006;5;GLO;SBSR;SBSP;209,88;102
2006;5;GLO;SBFZ;SBGR;730,50;20
2006;5;GLO;SBLO;SBSP;110,92;419
2006;5;GLO;SBGR;SBFL;205,22;536
2006;5;GLO;SBRF;SBBR;409,92;392
2006;5;GLO;SBBH;SBSP;340,00;22
2006;5;GLO;SBSV;SBGR;208,34;7
2006;5;GLO;SBSP;SBUL;24,42;588
2006;5;GLO;SBFZ;SBBR;463,35;580
2006;5;GLO;SBSR;SBSP;305,00;1
2006;5;GLO;SBGL;SBPA;534,60;80
2006;5;GLO;SBPA;SBSP;166,48;3932
2006;5;GLO;SBGR;SBFI;380,00;9
2006;5;GLO;SBSP;SBPA;468,33;796
2006;5;GLO;SBGR;SBGL;335,82;19
2006;5;GLO;SBBR;SBKP;211,05;43
2006;5;GLO;SBCT;SBGR;80,02;1465
2006;5;GLO;SBBH;SBBR;24,58;237
2006;5;GLO;SBFL;SBGR;434,98;638
2006;5;GLO;SBSP;SBCT;453,51;284
2006;5;GLO;SBSP;SBNF;264,09;321
2006;5;GLO;SBSP;SBRP;94,00;1
2006;5;GLO;SBGL;SBPA;24,39;670
2006;5;GLO;SBFZ;SBGR;542,04;742
2006;5;GLO;SBGL;SBBR;256,87;909
2006;5;GLO;SBRP;SBSP;213,75;3
2006;5;GLO;SBEG;SBBR;24,26;674
2006;5;GLO;SBVT;SBSP;24,21;341
2006;5;GLO;SBBR;SBSP;237,12;2475
2006;5;GLO;SBGL;SBPA;325,63;265
2006;5;GLO;SBKP;SBBR;24,05;755
2006;5;GLO;SBSV;SBSP;538,83;18
2006;5;GLO;SBCT;SBKP;321,39;72
2006;5;GLO;SBFZ;SBGL;655,50;18
2006;5;GLO;SBGO;SBSP;308,33;186
2006;5;GLO;SBSP;SBRJ;200,94;89
2006;5;GLO;SBSP;SBLO;24,31;1694
2006;5;GLO;SBPA;SBBR;431,97;109
2006;5;GLO;SBBE;SBMQ;96,67;102
2006;5;GLO;SBGR;SBBR;345,00;21
2006;5;GLO;SBRJ;SBSP;23,99;426
2006;5;GLO;SBRF;SBGL;277,32;673
2006;5;GLO;SBSP;SBJV;170,83;1387
2006;5;GLO;SBBR;SBGR;232,59;628
2006;5;GLO;SBSP;SBRJ;419,00;3
2006;5;GLO;SBSP;SBGO;233,34;207
2006;5;GLO;SBGR;SBGL;284,54;2
2006;5;GLO;SBKP;SBBR;340,00;7
2006;5;GLO;SBMQ;SBBE;24,09;623
2006;5;GLO;SBSP;SBCY;24,54;547
2006;5;GLO;SBSP;SBNF;364,42;53
2006;5;GLO;SBCT;SBGL;24,54;905
2006;5;GLO;SBGR;SBFL;470,00;21
2006;5;GLO;SBGL;SBRF;501,58;192
2006;5;GLO;SBSV;SBRF;269,39;98
2006;5;GLO;SBBR;SBRF;475,84;89
2006;5;GLO;SBRF;SBGR;551,23;482
2006;5;GLO;SBGL;SBSP;639,10;804
2006;5;GLO;SBVT;SBSP;232,42;64
2006;5;GLO;SBCT;SBSP;238,71;2417
2006;5;GLO;SBPA;SBBR;261,59;198
2006;5;GLO;SBGR;SBGL;24,64;889
2006;5;GLO;SBGR;SBEG;656,36;45
2006;5;GLO;SBKP;SBBR;172,00;3
2006;5;GLO;SBSP;SBJV;207,18;296
2006;5;GLO;SBCF;SBGR;553,55;287
2006;5;GLO;SBCT;SBBR;260,40;256
2006;5;GLO;SBSP;SBCG;330,00;64
2006;5;GLO;SBSP;SBGO;247,13;623
2006;5;GLO;SBSP;SBJV;223,74;43
2006;5;GLO;SBCT;SBKP;117,91;11
2006;5;GLO;SBNF;SBSP;240,78;2
2006;5;GLO;SBRF;SBFZ;190,42;45
2006;5;GLO;SBBR;SBCT;367,03;128
2006;5;GLO;SBGR;SBFL;338,06;35
2006;5;GLO;SBSV;SBSP;361,63;281
2006;5;GLO;SBFZ;SBBR;369,94;2031
2006;5;GLO;SBSP;SBPA;568,43;269
2006;5;GLO;SBSP;SBSR;24,56;526
2006;5;GLO;SBGL;SBCT;495,26;386
2006;5;GLO;SBGR;SBFZ;1089,71;859
2006;5;GLO;SBCT;SBPA;786,36;132
2006;5;GLO;SBBR;SBBE;490,55;155
2006;5;GLO;SBPA;SBSP;567,25;348
2006;5;GLO;SBRP;SBSP;173,99;1463
2006;5;GLO;SBEG;SBBR;519,84;153
2006;5;GLO;SBBR;SBCT;24,34;732
2006;5;GLO;SBGR;SBBR;24,41;440
2006;5;GLO;SBRF;SBGL;800,00;1
2006;5;GLO;SBBR;SBBH;139,00;3
2006;5;GLO;SBFZ;SBGL;558,16;127
2006;5;GLO;SBCF;SBGR;245,53;55
2006;5;GLO;SBGL;SBRF;597,27;22
2006;5;GLO;SBBR;SBKP;340,00;15
2006;5;GLO;SBGR;SBCF;354,11;44
2006;5;GLO;SBSP;SBSR;275,00;8
2006;5;GLO;SBCY;SBBR;104,40;10
2006;5;GLO;SBCT;SBPA;279,98;539
2006;5;GLO;SBSP;SBFL;307,33;294
2006;5;GLO;SBGR;SBCT;335,00;1
2006;5;GLO;SBCF;SBGL;197,58;2088
2006;5;GLO;SBCT;SBBR;200,91;2252
2006;5;GLO;SBGL;SBFZ;345,19;1958
2006;5;GLO;SBCT;SBKP;98,53;128
2006;5;GLO;SBEG;SBBR;359,38;24
2006;5;GLO;SBGR;SBSV;290,27;340
2006;5;GLO;SBFZ;SBBR;328,56;1268
2006;5;GLO;SBGR;SBFI;206,70;396
2006;5;GLO;SBBR;SBCT;121,86;291
2006;5;GLO;SBEG;SBBR;469,46;130
2006;5;GLO;SBPA;SBBR;386,58;279
2006;5;GLO;SBCT;SBBR;235,29;510
2006;5;GLO;SBCT;SBPA;244,24;467
2006;5;GLO;SBBH;SBBR;311,55;81
2006;5;GLO;SBRF;SBGL;517,38;82
2006;5;GLO;SBBR;SBSV;245,00;68
2006;5;GLO;SBSP;SBFL;212,59;2550
2006;5;GLO;SBRF;SBBR;248,88;427
2006;5;GLO;SBVT;SBBH;92,00;2
2006;5;GLO;SBEG;SBGR;621,41;98
2006;5;GLO;SBVT;SBSP;164,90;182
2006;5;GLO;SBBE;SBBR;673,70;23
2006;5;GLO;SBCT;SBBR;157,20;357
2006;5;GLO;SBPA;SBSP;24,56;907
2006;5;GLO;SBSP;SBBH;480,00;2
2006;5;GLO;SBPA;SBBR;379,29;196
2006;5;GLO;SBCT;SBKP;239,76;329
2006;5;GLO;SBSV;SBRF;229,15;461
2006;5;GLO;SBBR;SBGR;24,47;583
2006;5;GLO;SBSP;SBBH;238,05;236
2006;5;GLO;SBPA;SBGL;443,53;116
2006;5;GLO;SBBR;SBBH;257,51;986
2006;5;GLO;SBBR;SBBH;230,00;1
2006;5;GLO;SBPA;SBFL;251,11;373
2006;5;GLO;SBKP;SBBR;238,73;153
2006;5;GLO;SBGR;SBBR;258,84;179
2006;5;GLO;SBSP;SBSR;266,22;26
2006;5;GLO;SBRF;SBBR;422,27;134
2006;5;GLO;SBGL;SBSP;287,24;196
2006;5;GLO;SBLO;SBSP;239,43;35
2006;5;GLO;SBSP;SBVT;234,00;1114
2006;5;GLO;SBRJ;SBSP;248,96;8018
2006;5;GLO;SBSP;SBGO;24,59;801
2006;5;GLO;SBGO;SBSP;24,48;658
2006;5;GLO;SBSP;SBSV;24,52;396
2006;5;GLO;SBGR;SBFZ;660,17;139
2006;5;GLO;SBSP;SBNF;331,12;69
2006;5;GLO;SBBR;SBSP;353,34;565
2006;5;GLO;SBPA;SBBR;187,07;618
2006;5;GLO;SBRF;SBGR;504,30;430
2006;5;GLO;SBRF;SBSV;1250,00;1
2006;5;GLO;SBSP;SBFL;250,31;3981
2006;5;GLO;SBEG;SBGR;561,62;1609
2006;5;GLO;SBGR;SBFI;285,86;14
2006;5;GLO;SBSV;SBBR;259,29;84
2006;5;GLO;SBBR;SBBH;329,70;122
2006;5;GLO;SBEG;SBGR;1003,25;81
2006;5;GLO;SBMQ;SBBE;96,39;76
2006;5;GLO;SBRF;SBGR;386,57;128
2006;5;GLO;SBFZ;SBGL;352,24;1654
2006;5;GLO;SBCY;SBBR;237,95;39
2006;5;GLO;SBSV;SBSP;472,21;171
2006;5;GLO;SBFL;SBPA;375,91;1628
2006;5;GLO;SBPA;SBGR;317,53;298
2006;5;GLO;SBCT;SBGL;297,73;586
2006;5;GLO;SBSV;SBBR;24,39;683
2006;5;GLO;SBCT;SBSP;104,61;293
2006;5;GLO;SBSV;SBSP;377,63;363
2006;5;GLO;SBEG;SBBR;422,51;1632
2006;5;GLO;SBGR;SBPA;257,94;345
2006;5;GLO;SBBR;SBSP;24,55;1700
2006;5;GLO;SBGR;SBCT;233,06;182
2006;5;GLO;SBPA;SBGL;334,84;1425
2006;5;GLO;SBRF;SBSV;440,92;59
2006;5;GLO;SBSP;SBGO;329,06;172
2006;5;GLO;SBSP;SBPA;513,10;353
2006;5;GLO;SBBR;SBPA;354,39;89
2006;5;GLO;SBGO;SBBR;141,00;30
2006;5;GLO;SBCF;SBGL;222,70;872
2006;5;GLO;SBCF;SBGR;500,00;3
2006;5;GLO;SBGL;SBSP;162,21;53
2006;5;GLO;SBFZ;SBRF;278,74;140
2006;5;GLO;SBSP;SBPA;287,07;4864
2006;5;GLO;SBVT;SBSP;217,89;127
2006;5;GLO;SBGR;SBSV;600,00;1
2006;5;GLO;SBPA;SBSP;315,83;2187
2006;5;GLO;SBSP;SBCT;150,00;4485
2006;5;GLO;SBCY;SBSP;419,65;85
2006;5;GLO;SBSP;SBGL;206,67;6159
2006;5;GLO;SBSP;SBNF;154,10;545
2006;5;GLO;SBBR;SBGL;293,14;1365
2006;5;GLO;SBSV;SBGL;24,32;1406
2006;5;GLO;SBLO;SBSP;420,00;6
2006;5;GLO;SBCT;SBSP;74,98;4886
2006;5;GLO;SBBR;SBSV;193,19;2458
2006;5;GLO;SBSP;SBVT;421,30;31
2006;5;GLO;SBBR;SBGO;180,00;31
2006;5;GLO;SBBH;SBBR;414,61;53
2006;5;GLO;SBPA;SBSP;299,88;1669
2006;5;GLO;SBPA;SBFL;24,46;1005
2006;5;GLO;SBGL;SBBR;353,70;777
2006;5;GLO;SBGL;SBFZ;433,95;143
2006;5;GLO;SBKP;SBCT;100,10;88
2006;5;GLO;SBSP;SBGL;386,68;7533
2006;5;GLO;SBBE;SBEG;191,81;2795
2006;5;GLO;SBBE;SBBR;357,20;1164
2006;5;GLO;SBBR;SBGL;147,76;6600
2006;5;GLO;SBBR;SBKP;164,92;162
2006;5;GLO;SBCT;SBSP;412,68;6191
2006;5;GLO;SBLO;SBSP;368,39;23
2006;5;GLO;SBSP;SBCG;24,51;936
2006;5;GLO;SBSV;SBBR;245,00;54
2006;5;GLO;SBEG;SBBE;193,28;3288
2006;5;GLO;SBBH;SBSP;24,56;228
2006;5;GLO;SBPA;SBGL;24,39;661
2006;5;GLO;SBBR;SBSP;157,76;3707
2006;5;GLO;SBGR;SBPA;236,35;721
2006;5;GLO;SBSP;SBLO;249,62;102
2006;5;GLO;SBPA;SBSP;971,90;860
2006;5;GLO;SBFZ;SBGL;587,27;22
2006;5;GLO;SBGL;SBSV;392,07;54
2006;5;GLO;SBNF;SBSP;435,53;3182
2006;5;GLO;SBSV;SBGR;581,25;12
2006;5;GLO;SBBE;SBMQ;577,12;25
2006;5;GLO;SBBR;SBPA;350,27;320
2006;5;GLO;SBSR;SBSP;115,00;1
2006;5;GLO;SBRF;SBGL;556,69;4286
2006;5;GLO;SBSP;SBVT;165,24;42
2006;5;GLO;SBSV;SBRF;270,98;114
2006;5;GLO;SBGL;SBCF;144,05;236
2006;5;GLO;SBPA;SBCT;243,15;540
2006;5;GLO;SBFI;SBGR;354,67;12
2006;5;GLO;SBRF;SBFZ;105,85;4606
2006;5;GLO;SBFL;SBPA;363,65;274
2006;5;GLO;SBSV;SBGR;370,55;568
2006;5;GLO;SBSP;SBVT;192,33;179
2006;5;GLO;SBBR;SBSV;435,50;56
2006;5;GLO;SBGL;SBSV;322,50;273
2006;5;GLO;SBCT;SBGL;334,17;271
2006;5;GLO;SBBR;SBCT;276,09;262
2006;5;GLO;SBRJ;SBBR;234,66;140
2006;5;GLO;SBRF;SBGL;494,69;196
2006;5;GLO;SBBE;SBBR;24,44;733
2006;5;GLO;SBRF;SBBR;451,85;469
2006;5;GLO;SBRF;SBSV;406,44;57
2006;5;GLO;SBGL;SBCT;358,91;668
2006;5;GLO;SBCF;SBGR;196,00;670
2006;5;GLO;SBSP;SBJV;300,00;1
2006;5;GLO;SBGL;SBGR;163,12;3861
2006;5;GLO;SBGR;SBGL;520,33;24
2006;5;GLO;SBFL;SBSP;118,41;4414
2006;5;GLO;SBGR;SBCT;208,80;166
2006;5;GLO;SBEG;SBGR;24,21;660
2006;5;GLO;SBGL;SBCT;150,54;149
2006;5;GLO;SBGL;SBGR;354,50;2
2006;5;GLO;SBSP;SBFL;435,60;40
2006;5;GLO;SBBR;SBCT;337,30;163
2006;5;GLO;SBCT;SBGR;263,76;64
2006;5;GLO;SBFZ;SBRF;263,36;406
2006;5;GLO;SBBH;SBSP;236,70;207
2006;5;GLO;SBGL;SBCF;211,15;738
2006;5;GLO;SBUL;SBSP;255,25;96
2006;5;GLO;SBGR;SBFZ;716,94;4480
2006;5;GLO;SBSV;SBGR;488,35;91
2006;5;GLO;SBFI;SBGR;324,00;23
2006;5;GLO;SBSP;SBLO;239,00;47
2006;5;GLO;SBFZ;SBRF;317,06;166
2006;5;GLO;SBBR;SBCT;212,86;810
2006;5;GLO;SBCG;SBSP;251,44;43
2006;5;GLO;SBCY;SBBR;270,49;176
2006;5;GLO;SBSP;SBUL;273,01;78
2006;5;GLO;SBJV;SBSP;168,71;1223
2006;5;GLO;SBBR;SBSP;318,08;1142
2006;5;GLO;SBGR;SBFZ;24,38;561
2006;5;GLO;SBCG;SBSP;24,47;735
2006;5;GLO;SBMQ;SBBE;271,51;63
2006;5;GLO;SBGL;SBCT;406,03;87
2006;5;GLO;SBCT;SBKP;354,60;32
2006;5;GLO;SBGR;SBSV;405,07;633
2006;5;GLO;SBSV;SBGR;1000,20;127
2006;5;GLO;SBCF;SBGL;248,06;179
2006;5;GLO;SBSV;SBGL;393,00;93
2006;5;GLO;SBBR;SBCY;159,68;50
2006;5;GLO;SBPA;SBGR;291,62;1193
2006;5;GLO;SBSP;SBRJ;24,24;950
2006;5;GLO;SBBE;SBEG;431,01;70
2006;5;GLO;SBSP;SBNF;430,19;3416
2006;5;GLO;SBCF;SBGL;206,24;7007
2006;5;GLO;SBSP;SBCT;283,55;497
2006;5;GLO;SBNF;SBSP;415,95;57
2006;5;GLO;SBFZ;SBRF;24,09;1601
2006;5;GLO;SBFZ;SBGR;810,00;1
2006;5;GLO;SBBE;SBBR;536,33;106
2006;5;GLO;SBGL;SBPA;176,57;1161
2006;5;GLO;SBBR;SBEG;278,46;229
2006;5;GLO;SBFL;SBGR;306,77;55
2006;5;GLO;SBSV;SBBR;355,47;64
2006;5;GLO;SBEG;SBBE;241,00;1
2006;5;GLO;SBRF;SBSV;164,31;13
2006;5;GLO;SBEG;SBBE;347,20;50
2006;5;GLO;SBGL;SBCT;256,00;2
2006;5;GLO;SBBR;SBBE;438,66;372
2006;5;GLO;SBGL;SBPA;323,05;401
2006;5;GLO;SBPA;SBBR;363,84;291
2006;5;GLO;SBGL;SBCT;542,20;41
2006;5;GLO;SBKP;SBCT;24,05;398
2006;5;GLO;SBFZ;SBBR;559,56;137
2006;5;GLO;SBGR;SBBR;232,57;609
2006;5;GLO;SBGL;SBRF;593,10;44
2006;5;GLO;SBUL;SBSP;319,55;31
2006;5;GLO;SBRF;SBGR;24,47;1377
2006;5;GLO;SBBR;SBCT;230,06;844
2006;5;GLO;SBJV;SBSP;206,55;365
2006;5;GLO;SBCT;SBKP;288,46;81
2006;5;GLO;SBBE;SBBR;501,93;132
2006;5;GLO;SBGR;SBFI;24,39;721
2006;5;GLO;SBGO;SBBR;198,53;38
2006;5;GLO;SBCT;SBBR;183,54;232
2006;5;GLO;SBGO;SBSP;460,92;1497
2006;5;GLO;SBSP;SBUL;325,00;11
2006;5;GLO;SBGR;SBCT;184,08;160
2006;5;GLO;SBSP;SBJV;265,00;2
2006;5;GLO;SBGL;SBSV;404,20;9990
2006;5;GLO;SBGR;SBBR;455,00;8
2006;5;GLO;SBRF;SBGL;505,80;71
2006;5;GLO;SBBR;SBCT;275,99;232
2006;5;GLO;SBCY;SBSP;308,21;459
2006;5;GLO;SBEG;SBGR;801,52;38
2006;5;GLO;SBGL;SBPA;413,72;167
2006;5;GLO;SBSP;SBCY;462,89;11
2006;5;GLO;SBSV;SBGL;570,00;11
2006;5;GLO;SBBE;SBMQ;780,00;7
2006;5;GLO;SBGL;SBBR;292,48;2413
2006;5;GLO;SBFI;SBGR;335,03;35
2006;5;GLO;SBFI;SBGR;458,63;240
2006;5;GLO;SBGL;SBCT;280,93;845
2006;5;GLO;SBSP;SBPA;330,44;1764
2006;5;GLO;SBSP;SBSV;349,85;350
2006;5;GLO;SBLO;SBSP;24,28;1460
2006;5;GLO;SBSP;SBCY;417,15;59
2006;5;GLO;SBBE;SBEG;1465,00;5
2006;5;GLO;SBBR;SBGL;376,64;1376
2006;5;GLO;SBGL;SBGR;344,45;11
2006;5;GLO;SBSP;SBRJ;266,00;5
2006;5;GLO;SBGR;SBCT;275,73;74
2006;5;GLO;SBRF;SBFZ;458,30;83
2006;5;GLO;SBBR;SBGL;481,86;3902
2006;5;GLO;SBCF;SBGR;306,34;87
2006;5;GLO;SBRJ;SBSP;89,00;19
2006;5;GLO;SBBH;SBSP;210,00;1
2006;5;GLO;SBGR;SBFL;24,27;618
2006;5;GLO;SBFL;SBPA;189,56;4690
2006;5;GLO;SBFL;SBSP;493,39;77
2006;5;GLO;SBSP;SBLO;266,31;110
2006;5;GLO;SBCT;SBPA;487,28;90
2006;5;GLO;SBGO;SBBR;58,00;1877
2006;5;GLO;SBUL;SBSP;158,91;22
2006;5;GLO;SBGR;SBSV;328,76;1856
2006;5;GLO;SBRJ;SBBR;122,23;30
2006;5;GLO;SBGL;SBGR;385,48;5
2006;5;GLO;SBCT;SBSP;403,33;396
2006;5;GLO;SBSV;SBGL;435,00;42
2006;5;GLO;SBSV;SBRF;215,06;4110
2006;5;GLO;SBMQ;SBBE;197,00;1
2006;5;GLO;SBSP;SBPA;422,31;436
2006;5;GLO;SBBR;SBCY;171,97;112
2006;5;GLO;SBCF;SBGL;143,63;233
2006;5;GLO;SBGR;SBEG;759,14;44
2006;5;GLO;SBCT;SBGL;328,88;296
2006;5;GLO;SBCT;SBKP;390,27;22
2006;5;GLO;SBRJ;SBSP;131,11;18
2006;5;GLO;SBGR;SBRF;464,04;384
2006;5;GLO;SBGR;SBCF;245,54;62
2006;5;GLO;SBGR;SBCF;303,82;93
2006;5;GLO;SBRF;SBGR;847,50;2
2006;5;GLO;SBFL;SBGR;24,19;981
2006;5;GLO;SBSV;SBSP;24,41;540
2006;5;GLO;SBGR;SBRF;670,00;9
2006;5;GLO;SBGR;SBPA;24,41;798
2006;5;GLO;SBKP;SBCT;213,69;203
2006;5;GLO;SBBR;SBCY;163,73;53
2006;5;GLO;SBBR;SBGL;353,63;695
2006;5;GLO;SBFL;SBSP;340,55;213
2006;5;GLO;SBGR;SBCT;297,95;73
2006;5;GLO;SBSP;SBCT;247,89;2547
2006;5;GLO;SBGR;SBSV;24,23;2765
2006;5;GLO;SBGO;SBSP;440,00;1
2006;5;GLO;SBBH;SBCT;320,00;2
2006;5;GLO;SBSP;SBCG;360,00;105
2006;5;GLO;SBVT;SBSP;216,41;2571
2006;5;GLO;SBBR;SBEG;208,49;35
2006;5;GLO;SBCT;SBGR;24,24;276
2006;5;GLO;SBPA;SBFL;99,40;6
2006;5;GLO;SBBR;SBFZ;408,37;371
2006;5;GLO;SBSP;SBPA;334,20;4304
2006;5;GLO;SBSP;SBSV;406,92;324
2006;5;GLO;SBGR;SBRF;316,64;3
2006;5;GLO;SBBR;SBPA;484,07;251
2006;5;GLO;SBCF;SBGL;199,69;519
2006;5;GLO;SBGL;SBFZ;522,58;131
2006;5;GLO;SBSP;SBBR;319,29;767
2006;5;GLO;SBGR;SBSV;329,29;415
2006;5;GLO;SBSP;SBFL;335,89;212
2006;5;GLO;SBFZ;SBRF;425,00;16
2006;5;GLO;SBSP;SBSR;341,00;1
2006;5;GLO;SBFL;SBPA;414,31;65
2006;5;GLO;SBBR;SBPA;24,23;705
2006;5;GLO;SBGO;SBBR;195,50;3
2006;5;GLO;SBBE;SBMQ;78,36;5519
2006;5;GLO;SBPA;SBGL;324,56;666
2006;5;GLO;SBSP;SBCY;312,67;653
2006;5;GLO;SBSP;SBLO;107,85;334
2006;5;GLO;SBGR;SBCF;476,00;25
2006;5;GLO;SBGR;SBFI;204,89;184
2006;5;GLO;SBSV;SBSP;338,50;2
2006;5;GLO;SBGL;SBCT;360,97;250
2006;5;GLO;SBSV;SBGL;224,85;335
2006;5;GLO;SBCY;SBBR;225,91;22
2006;5;GLO;SBGR;SBPA;599,16;1330
2006;5;GLO;SBSP;SBBR;158,40;3728
2006;5;GLO;SBGR;SBPA;347,19;250
2006;5;GLO;SBBR;SBSP;183,71;207
2006;5;GLO;SBGL;SBFZ;332,76;1073
2006;5;GLO;SBBR;SBCT;239,54;1367
2006;5;GLO;SBGR;SBGL;612,50;4
2006;5;GLO;SBCG;SBSP;595,26;490
2006;5;GLO;SBFZ;SBBR;406,63;510
2006;5;GLO;SBSP;SBNF;240,78;2
2006;5;GLO;SBPA;SBSP;512,69;290
2006;5;GLO;SBSP;SBGO;435,60;5
2006;5;GLO;SBSP;SBBH;299,83;268
2006;5;GLO;SBFZ;SBGL;334,25;1050
2006;5;GLO;SBFL;SBPA;264,24;65
2006;5;GLO;SBSP;SBUL;284,33;187
2006;5;GLO;SBSV;SBSP;295,99;261
2006;5;GLO;SBPA;SBGL;324,68;281
2006;5;GLO;SBBR;SBSP;268,70;1247
2006;5;GLO;SBBR;SBBE;260,55;231
2006;5;GLO;SBBR;SBSV;333,55;1309
2006;5;GLO;SBSV;SBGL;472,73;11
2006;5;GLO;SBFZ;SBGL;800,63;8
2006;5;GLO;SBSP;SBCT;399,80;219
2006;5;GLO;SBFZ;SBGR;341,49;3359
2006;5;GLO;SBGL;SBCF;198,51;3146
2006;5;GLO;SBBR;SBCY;234,54;848
2006;5;GLO;SBCT;SBKP;316,56;9
2006;5;GLO;SBPA;SBFL;415,06;68
2006;5;GLO;SBKP;SBCT;117,91;11
2006;5;GLO;SBSP;SBLO;158,00;1
2006;5;GLO;SBPA;SBBR;24,09;374
2006;5;GLO;SBBR;SBKP;272,83;2003
2006;5;GLO;SBGL;SBCF;465,07;1399
2006;5;GLO;SBSV;SBGL;406,67;10628
2006;5;GLO;SBGL;SBBR;389,62;465
2006;5;GLO;SBPA;SBSP;567,19;4950
2006;5;GLO;SBSP;SBSV;368,09;599
2006;5;GLO;SBBR;SBPA;147,66;1761
2006;5;GLO;SBSV;SBGL;598,06;1163
2006;5;GLO;SBGL;SBSP;460,00;1
2006;5;GLO;SBLO;SBSP;235,03;113
2006;5;GLO;SBCF;SBGR;400,00;14
2006;5;GLO;SBBR;SBFZ;463,59;434
2006;5;GLO;SBPA;SBGR;293,15;222
2006;5;GLO;SBPA;SBGR;196,85;99
2006;5;GLO;SBSP;SBSR;242,56;144
2006;5;GLO;SBFL;SBGR;235,67;184
2006;5;GLO;SBFI;SBGR;224,47;284
2006;5;GLO;SBGL;SBPA;252,36;319
2006;5;GLO;SBFZ;SBRF;232,25;1291
2006;5;GLO;SBRF;SBGR;616,43;69
2006;5;GLO;SBKP;SBCT;228,21;385
2006;5;GLO;SBCG;SBSP;219,11;74
2006;5;GLO;SBBR;SBRF;24,15;1316
2006;5;GLO;SBKP;SBCT;324,68;50
2006;5;GLO;SBGR;SBEG;919,16;55
2006;5;GLO;SBSP;SBCY;380,46;384
2006;5;GLO;SBMQ;SBBE;172,00;6
2006;5;GLO;SBPA;SBCT;485,64;45
2006;5;GLO;SBBR;SBEG;551,53;49
2006;5;GLO;SBSP;SBFL;379,09;99
2006;5;GLO;SBRJ;SBSP;379,00;12
2006;5;GLO;SBBR;SBFZ;564,33;42
2006;5;GLO;SBGR;SBCT;358,90;6
2006;5;GLO;SBGR;SBCT;24,54;152
2006;5;GLO;SBFL;SBSP;24,54;1897
2006;5;GLO;SBBR;SBPA;345,14;2847
2006;5;GLO;SBRJ;SBSP;407,28;3660
2006;5;GLO;SBBR;SBSP;464,45;119
2006;5;GLO;SBKP;SBBR;309,67;57
2006;5;GLO;SBSV;SBBR;225,11;437
2006;5;GLO;SBSP;SBGO;147,19;70
2006;5;GLO;SBCG;SBSP;534,38;160
2006;5;GLO;SBGR;SBFI;134,41;224
2006;5;GLO;SBNF;SBSP;262,58;585
2006;5;GLO;SBFZ;SBGR;593,32;449
2006;5;GLO;SBSP;SBSR;115,00;1
2006;5;GLO;SBRF;SBBR;304,06;795
2006;5;GLO;SBCY;SBBR;239,93;74
2006;5;GLO;SBSP;SBCY;224,41;5022
2006;5;GLO;SBPA;SBCT;162,51;43
2006;5;GLO;SBGR;SBFZ;513,85;190
2006;5;GLO;SBBR;SBGO;24,50;101
2006;5;GLO;SBCT;SBGR;115,15;52
2006;5;GLO;SBCT;SBSP;318,29;440
2006;5;GLO;SBGL;SBRF;455,24;116
2006;5;GLO;SBKP;SBCT;201,99;835
2006;5;GLO;SBRF;SBGR;291,58;3
2006;5;GLO;SBBR;SBGL;389,22;443
2006;5;GLO;SBPA;SBGR;418,46;109
2006;5;GLO;SBRF;SBFZ;291,36;261
2006;5;GLO;SBSV;SBRF;377,30;25
2006;5;GLO;SBBR;SBCT;321,59;103
2006;5;GLO;SBBR;SBGL;261,85;970
2006;5;GLO;SBCT;SBGR;299,23;44
2006;5;GLO;SBSP;SBFL;485,02;129
2006;5;GLO;SBMQ;SBBE;237,74;19
2006;5;GLO;SBCT;SBGL;282,50;637
2006;5;GLO;SBBR;SBBE;321,59;34
2006;5;GLO;SBPA;SBGR;279,10;5637
2006;5;GLO;SBGR;SBPA;354,36;133
2006;5;GLO;SBBR;SBPA;173,08;450
2006;5;GLO;SBSP;SBFL;357,14;390
2006;5;GLO;SBRP;SBSP;250,00;2
2006;5;GLO;SBKP;SBBR;577,20;1982
2006;5;GLO;SBBR;SBFZ;368,53;1999
2006;5;GLO;SBFL;SBPA;230,46;362
2006;5;GLO;SBSP;SBSV;367,73;369
2006;5;GLO;SBSP;SBUL;124,72;99
2006;5;GLO;SBSV;SBRF;303,63;182
2006;5;GLO;SBBR;SBRF;452,13;578
2006;5;GLO;SBFL;SBGR;252,05;2519
2006;5;GLO;SBBR;SBEG;407,66;1482
2006;5;GLO;SBGL;SBRF;24,32;1577
2006;5;GLO;SBPA;SBCT;343,48;225
2006;5;GLO;SBCF;SBGR;354,42;52
2006;5;GLO;SBCY;SBBR;232,20;960
2006;5;GLO;SBBR;SBFZ;562,27;70
2006;5;GLO;SBJV;SBSP;149,96;23
2006;5;GLO;SBSV;SBSP;198,01;4490
2006;5;GLO;SBGL;SBSP;262,51;714
2006;5;GLO;SBSV;SBBR;192,99;3236
2006;5;GLO;SBFZ;SBBR;408,89;41
2006;5;GLO;SBGO;SBBR;157,87;90
2006;5;GLO;SBSP;SBLO;420,00;6
2006;5;GLO;SBGR;SBFI;284,72;21
2006;5;GLO;SBBR;SBGR;313,10;208
2006;5;GLO;SBCT;SBKP;255,83;106
2006;5;GLO;SBPA;SBSP;175,16;386
2006;5;GLO;SBBR;SBGL;178,59;572
2006;5;GLO;SBGR;SBFL;291,63;43
2006;5;GLO;SBPA;SBCT;434,41;1190
2006;5;GLO;SBGL;SBCT;339,51;234
2006;5;GLO;SBGL;SBRF;267,14;4245
2006;5;GLO;SBRF;SBBR;375,50;79
2006;5;GLO;SBFZ;SBGL;557,17;318
2006;5;GLO;SBGR;SBCF;24,50;496
2006;5;GLO;SBSP;SBSV;447,07;121
2006;5;GLO;SBPA;SBGR;356,95;155
2006;5;GLO;SBGR;SBEG;835,00;34
2006;5;GLO;SBNF;SBSP;153,25;525
2006;5;GLO;SBGL;SBSP;88,25;1182
2006;5;GLO;SBBH;SBBR;257,32;918
2006;5;GLO;SBSR;SBSP;24,47;342
2006;5;GLO;SBGO;SBSP;195,84;136
2006;5;GLO;SBSP;SBGL;310,24;851
2006;5;GLO;SBPA;SBCT;617,34;250
2006;5;GLO;SBGL;SBCF;196,80;5098
2006;5;GLO;SBGL;SBFZ;617,37;19
2006;5;GLO;SBGO;SBBR;180,00;51
2006;5;GLO;SBPA;SBBR;255,00;2
2006;5;GLO;SBGL;SBSP;24,43;943
2006;5;GLO;SBBR;SBGR;366,83;114
2006;5;GLO;SBEG;SBGR;440,32;3880
2006;5;GLO;SBSV;SBGL;322,63;452
2006;5;GLO;SBBR;SBGO;205,00;19
2006;5;GLO;SBGR;SBFZ;970,00;1
2006;5;GLO;SBMQ;SBBE;195,00;2
2006;5;GLO;SBSP;SBNF;419,60;52
2006;5;GLO;SBCT;SBBR;206,52;1066
2006;5;GLO;SBPA;SBCT;100,17;2
2006;5;GLO;SBBE;SBBR;442,74;256
2006;5;GLO;SBGR;SBFL;358,38;29
2006;5;GLO;SBCT;SBPA;169,82;100
2006;5;GLO;SBBH;SBBR;147,02;52
2006;5;GLO;SBRF;SBGL;437,20;151
2006;5;GLO;SBSP;SBLO;295,00;62
2006;5;GLO;SBBR;SBBH;369,82;102
2006;5;GLO;SBSP;SBGO;352,56;4978
2006;5;GLO;SBRJ;SBSP;309,64;27683
2006;5;GLO;SBSP;SBCT;197,96;6484
2006;5;GLO;SBGL;SBPA;191,02;3917
2006;5;GLO;SBEG;SBBR;261,07;262
2006;5;GLO;SBEG;SBBR;575,00;25
2006;5;GLO;SBBR;SBRF;412,53;215
2006;5;GLO;SBCG;SBSP;324,72;100
2006;5;GLO;SBGR;SBFL;267,25;157
2006;5;GLO;SBRF;SBSV;292,91;725
2006;5;GLO;SBSP;SBRJ;332,23;1
2006;5;GLO;SBBR;SBSV;296,57;100
2006;5;GLO;SBEG;SBBR;700,18;93
2006;5;GLO;SBBR;SBEG;24,27;1008
2006;5;GLO;SBGL;SBFZ;732,35;17
2006;5;GLO;SBGR;SBSV;366,85;543
2006;5;GLO;SBSP;SBJV;159,75;24
2006;5;GLO;SBSV;SBRF;24,46;901
2006;5;GLO;SBBH;SBSP;239,32;130
2006;5;GLO;SBGR;SBPA;389,76;82
2006;5;GLO;SBGO;SBSP;220,38;216
2006;5;GLO;SBSP;SBLO;414,71;17
2006;5;GLO;SBFI;SBGR;270,24;38
2006;5;GLO;SBRF;SBFZ;1164,28;89
2006;5;GLO;SBGR;SBRF;409,18;709
2006;5;GLO;SBRJ;SBSP;201,55;100
2006;5;GLO;SBBH;SBBR;520,00;12
2006;5;GLO;SBGR;SBBR;170,00;1
2006;5;GLO;SBBE;SBEG;302,46;25
2006;5;GLO;SBKP;SBCT;287,28;48
2006;5;GLO;SBGL;SBGR;530,05;263
2006;5;GLO;SBSP;SBGO;297,69;355
2006;5;GLO;SBPA;SBGR;465,82;74
2006;5;GLO;SBPA;SBFL;206,93;607
2006;5;GLO;SBSR;SBSP;241,49;111
2006;5;GLO;SBSP;SBRJ;181,26;3372
2006;5;GLO;SBBR;SBSP;293,32;2237
2006;5;GLO;SBKP;SBBR;225,00;6
2006;5;GLO;SBCT;SBBR;349,09;99
2006;5;GLO;SBGR;SBEG;454,71;3357
2006;5;GLO;SBSP;SBSR;305,00;3
2006;5;GLO;SBSP;SBGO;220,19;840
2006;5;GLO;SBSP;SBPA;102,38;25
2006;5;GLO;SBCY;SBSP;24,45;788
2006;5;GLO;SBCF;SBGL;318,12;68
2006;5;GLO;SBGR;SBCT;80,05;1692
2006;5;GLO;SBCT;SBBR;234,59;212
2006;5;GLO;SBGL;SBGR;145,61;23
2006;5;GLO;SBSP;SBBR;354,33;713
2006;5;GLO;SBBR;SBCT;259,05;259
2006;5;GLO;SBPA;SBBR;364,05;2946
2006;5;GLO;SBBR;SBBH;520,00;15
2006;5;GLO;SBRF;SBGR;709,64;14
2006;5;GLO;SBSP;SBRJ;248,84;8289
2006;5;GLO;SBBR;SBBH;127,47;15
2006;5;ONE;SBRF;SBSV;366,00;12
2006;5;ONE;SBPA;SBSP;200,00;2
2006;5;ONE;SBPA;SBSP;994,00;1
2006;5;ONE;SBSV;SBRF;366,00;4
2006;5;ONE;SBSP;SBPA;150,00;3
2006;5;ONE;SBSV;SBRF;339,00;1
2006;5;ONE;SBPA;SBSP;150,00;3
2006;5;ONE;SBSP;SBPA;200,00;2
2006;5;PLY;SBBE;SBMQ;416,64;5
2006;5;PTN;SBAU;SBSP;239,00;135
2006;5;PTN;SBSP;SBAU;289,00;141
2006;5;PTN;SBBU;SBSP;279,00;226
2006;5;PTN;SBSP;SBBU;549,00;274
2006;5;PTN;SBSP;SBML;379,00;132
2006;5;PTN;SBML;SBSP;419,00;132
2006;5;PTN;SBSP;SBBU;519,00;444
2006;5;PTN;SBSP;SBML;579,00;354
2006;5;PTN;SBAU;SBSP;289,00;137
2006;5;PTN;SBAU;SBSP;569,00;137
2006;5;PTN;SBAU;SBSP;379,00;125
2006;5;PTN;SBSP;SBML;419,00;142
2006;5;PTN;SBSP;SBAU;239,00;139
2006;5;PTN;SBSP;SBML;549,00;279
2006;5;PTN;SBSP;SBBU;299,00;221
2006;5;PTN;SBAU;SBSP;479,00;91
2006;5;PTN;SBAU;SBSP;529,00;62
2006;5;PTN;SBSP;SBML;479,00;184
2006;5;PTN;SBSP;SBAU;589,00;173
2006;5;PTN;SBML;SBSP;479,00;170
2006;5;PTN;SBSP;SBML;299,00;110
2006;5;PTN;SBML;SBSP;299,00;102
2006;5;PTN;SBBU;SBSP;519,00;435
2006;5;PTN;SBML;SBSP;579,00;328
2006;5;PTN;SBML;SBSP;339,00;167
2006;5;PTN;SBBU;SBSP;389,00;254
2006;5;PTN;SBBU;SBSP;349,00;318
2006;5;PTN;SBSP;SBAU;569,00;141
2006;5;PTN;SBAU;SBSP;449,00;101
2006;5;PTN;SBBU;SBSP;459,00;232
2006;5;PTN;SBSP;SBAU;449,00;104
2006;5;PTN;SBBU;SBSP;299,00;217
2006;5;PTN;SBSP;SBBU;459,00;236
2006;5;PTN;SBSP;SBAU;479,00;94
2006;5;PTN;SBSP;SBAU;409,00;74
2006;5;PTN;SBBU;SBSP;549,00;269
2006;5;PTN;SBSP;SBBU;349,00;324
2006;5;PTN;SBSP;SBML;339,00;179
2006;5;PTN;SBML;SBSP;549,00;259
2006;5;PTN;SBSP;SBBU;279,00;230
2006;5;PTN;SBSP;SBBU;389,00;258
2006;5;PTN;SBSP;SBAU;529,00;64
2006;5;PTN;SBAU;SBSP;589,00;167
2006;5;PTN;SBML;SBSP;379,00;123
2006;5;PTN;SBSP;SBAU;379,00;129
2006;5;PTN;SBAU;SBSP;409,00;72
2006;5;RLE;SBEG;SBBE;280,00;50
2006;5;RLE;SBEG;SBBE;370,00;3
2006;5;RLE;SBBE;SBEG;235,00;3
2006;5;RLE;SBBE;SBEG;199,00;211
2006;5;RLE;SBBE;SBEG;1098,29;1
2006;5;RLE;SBEG;SBBE;199,00;195
2006;5;RLE;SBBE;SBEG;635,80;1
2006;5;RLE;SBEG;SBBE;235,00;20
2006;5;RLE;SBEG;SBBE;440,00;2
2006;5;RLE;SBBE;SBEG;280,00;33
2006;5;TAM;SBBR;SBCY;559,50;66
2006;5;TAM;SBSP;SBFL;429,50;179
2006;5;TAM;SBBH;SBVT;249,50;16
2006;5;TAM;SBGR;SBFZ;1069,50;59
2006;5;TAM;SBSP;SBJV;229,50;1475
2006;5;TAM;SBEG;SBGR;1729,50;23
2006;5;TAM;SBSP;SBBH;439,50;274
2006;5;TAM;SBFZ;SBGR;1569,50;9
2006;5;TAM;SBPA;SBGL;1405,00;15
2006;5;TAM;SBSP;SBPS;759,50;2
2006;5;TAM;SBBR;SBGR;719,50;64
2006;5;TAM;SBCT;SBGR;249,50;111
2006;5;TAM;SBRF;SBFZ;859,50;5
2006;5;TAM;SBPA;SBFL;439,50;6
2006;5;TAM;SBBE;SBEG;659,50;6
2006;5;TAM;SBEG;SBGR;719,50;112
2006;5;TAM;SBGR;SBFZ;969,50;80
2006;5;TAM;SBSP;SBJV;369,50;186
2006;5;TAM;SBSP;SBBH;329,50;697
2006;5;TAM;SBBR;SBEG;1579,50;11
2006;5;TAM;SBBE;SBBR;619,50;358
2006;5;TAM;SBSP;SBSV;549,50;1194
2006;5;TAM;SBVT;SBSP;669,50;93
2006;5;TAM;SBEG;SBGR;759,50;50
2006;5;TAM;SBSP;SBCT;599,50;506
2006;5;TAM;SBBR;SBFZ;579,50;112
2006;5;TAM;SBSP;SBBH;819,50;144
2006;5;TAM;SBBH;SBRJ;269,50;48
2006;5;TAM;SBSV;SBBR;629,50;101
2006;5;TAM;SBFZ;SBGL;1989,50;9
2006;5;TAM;SBPA;SBSP;549,50;1065
2006;5;TAM;SBGR;SBPA;549,50;72
2006;5;TAM;SBCT;SBSP;399,50;715
2006;5;TAM;SBBR;SBCT;579,50;350
2006;5;TAM;SBPS;SBSP;689,50;26
2006;5;TAM;SBRJ;SBCT;999,50;35
2006;5;TAM;SBPA;SBCT;519,50;101
2006;5;TAM;SBGR;SBEG;1369,50;30
2006;5;TAM;SBBH;SBRJ;679,50;6
2006;5;TAM;SBVT;SBSP;609,50;195
2006;5;TAM;SBPA;SBGR;569,50;29
2006;5;TAM;SBEG;SBBR;749,50;43
2006;5;TAM;SBRJ;SBSP;569,50;141
2006;5;TAM;SBCG;SBSP;309,50;1281
2006;5;TAM;SBGL;SBCT;999,50;4
2006;5;TAM;SBFZ;SBBR;959,50;35
2006;5;TAM;SBGO;SBBR;389,50;8
2006;5;TAM;SBEG;SBGR;2079,50;22
2006;5;TAM;SBFL;SBPA;619,50;2
2006;5;TAM;SBGR;SBCT;399,50;112
2006;5;TAM;SBRJ;SBPA;1405,00;33
2006;5;TAM;SBBH;SBCT;709,50;8
2006;5;TAM;SBRF;SBGL;589,50;143
2006;5;TAM;SBRF;SBGL;789,50;139
2006;5;TAM;SBSR;SBSP;429,50;97
2006;5;TAM;SBSP;SBRP;579,50;22
2006;5;TAM;SBBR;SBEG;909,50;2
2006;5;TAM;SBRF;SBFZ;309,50;197
2006;5;TAM;SBBR;SBFZ;669,50;118
2006;5;TAM;SBKP;SBBR;349,50;1328
2006;5;TAM;SBSP;SBCG;749,50;6
2006;5;TAM;SBSP;SBNF;259,50;1269
2006;5;TAM;SBGR;SBFL;369,50;26
2006;5;TAM;SBCT;SBPA;579,50;51
2006;5;TAM;SBSP;SBCG;689,50;30
2006;5;TAM;SBSV;SBRF;569,50;18
2006;5;TAM;SBGR;SBFI;439,50;14
2006;5;TAM;SBPS;SBSP;1209,50;8
2006;5;TAM;SBFL;SBSP;269,50;1343
2006;5;TAM;SBBR;SBSV;269,50;366
2006;5;TAM;SBPS;SBSP;1409,50;9
2006;5;TAM;SBGL;SBFZ;949,50;44
2006;5;TAM;SBBH;SBSP;539,50;180
2006;5;TAM;SBEG;SBBE;579,50;30
2006;5;TAM;SBSP;SBGL;379,50;22
2006;5;TAM;SBFZ;SBGL;2159,00;29
2006;5;TAM;SBSP;SBJV;429,50;79
2006;5;TAM;SBSP;SBVT;609,50;149
2006;5;TAM;SBMQ;SBBE;259,50;2
2006;5;TAM;SBGR;SBPA;569,50;38
2006;5;TAM;SBGL;SBFZ;1639,50;2
2006;5;TAM;SBSV;SBSP;879,50;171
2006;5;TAM;SBCT;SBRJ;449,50;886
2006;5;TAM;SBEG;SBBR;1319,50;13
2006;5;TAM;SBGO;SBSP;479,50;353
2006;5;TAM;SBGR;SBBR;299,50;706
2006;5;TAM;SBSP;SBUL;539,50;16
2006;5;TAM;SBFZ;SBRF;589,50;38
2006;5;TAM;SBSP;SBCY;1059,50;2
2006;5;TAM;SBGL;SBSV;269,50;1798
2006;5;TAM;SBSV;SBBR;1269,50;2
2006;5;TAM;SBSV;SBRF;749,50;2
2006;5;TAM;SBBR;SBGL;1208,00;269
2006;5;TAM;SBFL;SBGR;269,50;18
2006;5;TAM;SBBR;SBGR;989,50;5
2006;5;TAM;SBSP;SBBH;399,50;461
2006;5;TAM;SBSP;SBFL;499,50;377
2006;5;TAM;SBSV;SBGL;499,50;126
2006;5;TAM;SBBR;SBBE;1631,00;12
2006;5;TAM;SBBE;SBBR;549,50;78
2006;5;TAM;SBRJ;SBPA;659,50;219
2006;5;TAM;SBRF;SBSV;429,50;92
2006;5;TAM;SBGR;SBEG;1199,50;42
2006;5;TAM;SBSV;SBRF;309,50;178
2006;5;TAM;SBSR;SBSP;859,50;9
2006;5;TAM;SBSP;SBCY;299,50;1696
2006;5;TAM;SBFZ;SBGR;869,50;138
2006;5;TAM;SBGL;SBBR;1208,00;419
2006;5;TAM;SBCT;SBGR;698,00;142
2006;5;TAM;SBPA;SBCT;729,50;10
2006;5;TAM;SBBR;SBSV;759,50;267
2006;5;TAM;SBSP;SBBH;459,50;395
2006;5;TAM;SBCT;SBGL;499,50;87
2006;5;TAM;SBRJ;SBCT;759,50;191
2006;5;TAM;SBVT;SBRJ;319,50;2
2006;5;TAM;SBCT;SBRJ;499,50;348
2006;5;TAM;SBVT;SBSP;1209,50;106
2006;5;TAM;SBGL;SBPA;419,50;238
2006;5;TAM;SBFL;SBPA;659,50;2
2006;5;TAM;SBPA;SBCT;409,50;141
2006;5;TAM;SBGL;SBCT;519,50;219
2006;5;TAM;SBVT;SBSP;449,50;290
2006;5;TAM;SBFZ;SBRF;669,50;11
2006;5;TAM;SBSP;SBVT;1019,50;21
2006;5;TAM;SBSP;SBPS;289,50;350
2006;5;TAM;SBRF;SBGL;509,50;8
2006;5;TAM;SBKP;SBCT;429,50;58
2006;5;TAM;SBSP;SBLO;779,50;2
2006;5;TAM;SBGR;SBSV;1648,00;9
2006;5;TAM;SBSV;SBBR;499,50;26
2006;5;TAM;SBBE;SBBR;959,50;105
2006;5;TAM;SBEG;SBBR;1139,50;112
2006;5;TAM;SBPA;SBRJ;1405,00;39
2006;5;TAM;SBCY;SBBR;819,50;2
2006;5;TAM;SBRJ;SBBR;399,50;6
2006;5;TAM;SBCT;SBKP;249,50;1348
2006;5;TAM;SBCY;SBSP;1779,50;21
2006;5;TAM;SBPA;SBBR;1059,50;43
2006;5;TAM;SBSP;SBRJ;399,50;24652
2006;5;TAM;SBSP;SBGL;319,50;184
2006;5;TAM;SBSP;SBRP;489,50;15
2006;5;TAM;SBSV;SBGR;549,50;152
2006;5;TAM;SBSP;SBCT;329,50;713
2006;5;TAM;SBGL;SBCT;319,50;769
2006;5;TAM;SBUL;SBSP;1039,50;12
2006;5;TAM;SBFI;SBGR;289,50;559
2006;5;TAM;SBGL;SBBR;869,50;142
2006;5;TAM;SBBR;SBKP;469,50;35
2006;5;TAM;SBGR;SBRF;689,50;265
2006;5;TAM;SBKP;SBBR;1235,00;4
2006;5;TAM;SBBR;SBFZ;489,50;131
2006;5;TAM;SBBE;SBEG;829,50;40
2006;5;TAM;SBGL;SBFZ;1289,50;4
2006;5;TAM;SBKP;SBRJ;379,50;22
2006;5;TAM;SBGR;SBFI;549,50;43
2006;5;TAM;SBGR;SBRF;489,50;11
2006;5;TAM;SBCY;SBBR;999,50;2
2006;5;TAM;SBBR;SBPA;719,50;121
2006;5;TAM;SBRF;SBSV;749,50;2
2006;5;TAM;SBBR;SBRJ;689,50;4
2006;5;TAM;SBGR;SBRF;849,50;209
2006;5;TAM;SBBR;SBFZ;1049,50;2
2006;5;TAM;SBKP;SBRJ;469,50;2
2006;5;TAM;SBUL;SBSP;899,50;8
2006;5;TAM;SBRF;SBGR;1279,50;165
2006;5;TAM;SBGR;SBBR;429,50;49
2006;5;TAM;SBBE;SBEG;1029,50;7
2006;5;TAM;SBSP;SBSR;339,50;64
2006;5;TAM;SBGR;SBCT;229,50;340
2006;5;TAM;SBFL;SBGR;539,50;2
2006;5;TAM;SBFL;SBGR;259,50;56
2006;5;TAM;SBSP;SBCT;229,50;9
2006;5;TAM;SBBR;SBKP;779,50;9
2006;5;TAM;SBGR;SBFI;289,50;685
2006;5;TAM;SBGR;SBBR;719,50;8
2006;5;TAM;SBBR;SBFZ;799,50;23
2006;5;TAM;SBBR;SBSV;459,50;397
2006;5;TAM;SBEG;SBBE;1239,50;2
2006;5;TAM;SBEG;SBGR;549,50;262
2006;5;TAM;SBCT;SBFL;239,50;18
2006;5;TAM;SBPA;SBGL;589,50;23
2006;5;TAM;SBBR;SBGO;464,00;201
2006;5;TAM;SBCY;SBBR;559,50;53
2006;5;TAM;SBBH;SBSP;399,50;481
2006;5;TAM;SBSP;SBCT;399,50;514
2006;5;TAM;SBRJ;SBBR;449,50;4
2006;5;TAM;SBEG;SBBE;1482,00;11
2006;5;TAM;SBSP;SBBH;679,50;151
2006;5;TAM;SBBE;SBBR;849,50;30
2006;5;TAM;SBRF;SBBR;839,50;348
2006;5;TAM;SBBH;SBSP;459,50;246
2006;5;TAM;SBBH;SBCT;829,50;10
2006;5;TAM;SBSP;SBFL;749,50;40
2006;5;TAM;SBPA;SBGR;409,50;2
2006;5;TAM;SBRF;SBSV;369,50;125
2006;5;TAM;SBGR;SBSV;769,50;21
2006;5;TAM;SBPA;SBFL;715,00;4
2006;5;TAM;SBMQ;SBBE;369,50;6
2006;5;TAM;SBCG;SBSP;859,50;75
2006;5;TAM;SBJV;SBSP;469,50;119
2006;5;TAM;SBSP;SBBH;539,50;258
2006;5;TAM;SBGR;SBSV;499,50;178
2006;5;TAM;SBFZ;SBRF;469,50;212
2006;5;TAM;SBRF;SBSV;489,50;28
2006;5;TAM;SBSP;SBJV;709,50;11
2006;5;TAM;SBGL;SBSV;339,50;320
2006;5;TAM;SBNF;SBSP;399,50;132
2006;5;TAM;SBGR;SBCT;249,50;129
2006;5;TAM;SBGR;SBFI;379,50;6
2006;5;TAM;SBBR;SBEG;1139,50;68
2006;5;TAM;SBGR;SBFI;489,50;94
2006;5;TAM;SBRF;SBGL;1159,50;19
2006;5;TAM;SBGO;SBBR;329,50;53
2006;5;TAM;SBPS;SBSP;1079,50;33
2006;5;TAM;SBRF;SBSV;649,50;3
2006;5;TAM;SBGL;SBPA;589,50;102
2006;5;TAM;SBGL;SBBR;309,50;5416
2006;5;TAM;SBPA;SBSP;299,50;77
2006;5;TAM;SBBE;SBMQ;619,50;5
2006;5;TAM;SBFL;SBGR;499,50;10
2006;5;TAM;SBFL;SBSP;959,50;61
2006;5;TAM;SBRF;SBGR;409,50;26
2006;5;TAM;SBBE;SBBR;699,50;246
2006;5;TAM;SBCY;SBSP;299,50;2895
2006;5;TAM;SBNF;SBSP;309,50;346
2006;5;TAM;SBGR;SBEG;549,50;471
2006;5;TAM;SBEG;SBGR;2389,00;8
2006;5;TAM;SBGL;SBSV;679,50;137
2006;5;TAM;SBRP;SBSP;289,50;273
2006;5;TAM;SBCT;SBRJ;899,50;192
2006;5;TAM;SBGR;SBPA;299,50;736
2006;5;TAM;SBSP;SBSV;879,50;189
2006;5;TAM;SBBR;SBSV;599,50;136
2006;5;TAM;SBSP;SBPA;729,50;354
2006;5;TAM;SBBR;SBCY;339,50;206
2006;5;TAM;SBCT;SBBR;819,50;93
2006;5;TAM;SBFL;SBCT;269,50;6
2006;5;TAM;SBSV;SBBR;929,50;119
2006;5;TAM;SBSP;SBNF;469,50;39
2006;5;TAM;SBUL;SBSP;439,50;116
2006;5;TAM;SBSP;SBGO;969,50;12
2006;5;TAM;SBPA;SBGR;839,50;5
2006;5;TAM;SBSP;SBCG;589,50;65
2006;5;TAM;SBSP;SBGO;549,50;116
2006;5;TAM;SBSP;SBLO;409,50;2094
2006;5;TAM;SBFL;SBGR;409,50;12
2006;5;TAM;SBGR;SBCT;698,00;129
2006;5;TAM;SBSP;SBRP;649,50;18
2006;5;TAM;SBSP;SBFL;409,50;335
2006;5;TAM;SBPS;SBSP;399,50;73
2006;5;TAM;SBRJ;SBVT;279,50;3
2006;5;TAM;SBGR;SBSV;669,50;32
2006;5;TAM;SBPA;SBSP;669,50;458
2006;5;TAM;SBBE;SBMQ;259,50;18
2006;5;TAM;SBGL;SBCT;899,50;9
2006;5;TAM;SBBR;SBGR;1157,00;16
2006;5;TAM;SBCT;SBKP;649,50;25
2006;5;TAM;SBFL;SBSP;259,50;25
2006;5;TAM;SBRJ;SBBR;569,50;13
2006;5;TAM;SBCT;SBFL;339,50;96
2006;5;TAM;SBJV;SBSP;279,50;828
2006;5;TAM;SBCT;SBGL;1052,00;10
2006;5;TAM;SBPS;SBSP;559,50;19
2006;5;TAM;SBBR;SBGR;829,50;15
2006;5;TAM;SBSP;SBCY;539,50;207
2006;5;TAM;SBLO;SBSP;439,50;100
2006;5;TAM;SBSP;SBRP;419,50;20
2006;5;TAM;SBSP;SBVT;329,50;4902
2006;5;TAM;SBCF;SBGL;299,50;178
2006;5;TAM;SBRF;SBBR;719,50;228
2006;5;TAM;SBCT;SBPA;519,50;37
2006;5;TAM;SBSP;SBPA;1119,50;60
2006;5;TAM;SBRJ;SBBH;619,50;2
2006;5;TAM;SBSP;SBCT;249,50;3487
2006;5;TAM;SBFZ;SBBR;579,50;126
2006;5;TAM;SBSP;SBJV;279,50;780
2006;5;TAM;SBBR;SBEG;749,50;57
2006;5;TAM;SBCT;SBGL;899,50;8
2006;5;TAM;SBBR;SBKP;509,50;19
2006;5;TAM;SBBR;SBGR;659,50;33
2006;5;TAM;SBPA;SBBR;939,50;52
2006;5;TAM;SBSR;SBSP;439,50;58
2006;5;TAM;SBKP;SBRJ;289,50;2
2006;5;TAM;SBRF;SBGL;1039,50;59
2006;5;TAM;SBSP;SBSR;239,50;2544
2006;5;TAM;SBRF;SBGR;849,50;322
2006;5;TAM;SBRF;SBGR;1629,50;13
2006;5;TAM;SBRJ;SBPA;419,50;781
2006;5;TAM;SBPA;SBGR;319,50;15
2006;5;TAM;SBSP;SBSV;1319,50;44
2006;5;TAM;SBSV;SBSP;549,50;1075
2006;5;TAM;SBKP;SBRJ;773,00;2
2006;5;TAM;SBBR;SBSP;299,50;4394
2006;5;TAM;SBBR;SBEG;1841,00;10
2006;5;TAM;SBSP;SBSV;1479,50;20
2006;5;TAM;SBGR;SBCT;499,50;41
2006;5;TAM;SBSV;SBSP;1719,50;65
2006;5;TAM;SBRF;SBBR;849,50;21
2006;5;TAM;SBCT;SBSP;229,50;51
2006;5;TAM;SBBR;SBSV;1029,50;34
2006;5;TAM;SBCY;SBBR;339,50;63
2006;5;TAM;SBSP;SBPS;559,50;32
2006;5;TAM;SBRF;SBFZ;249,50;67
2006;5;TAM;SBBR;SBRF;839,50;129
2006;5;TAM;SBCT;SBKP;519,50;330
2006;5;TAM;SBFL;SBSP;749,50;30
2006;5;TAM;SBBR;SBCY;399,50;82
2006;5;TAM;SBSV;SBGR;459,50;187
2006;5;TAM;SBCT;SBBR;989,50;27
2006;5;TAM;SBCT;SBSP;299,50;848
2006;5;TAM;SBKP;SBRJ;259,50;172
2006;5;TAM;SBPA;SBSP;569,50;373
2006;5;TAM;SBFZ;SBGL;809,50;107
2006;5;TAM;SBPA;SBRJ;419,50;542
2006;5;TAM;SBSP;SBRJ;469,50;1256
2006;5;TAM;SBBR;SBFZ;389,50;675
2006;5;TAM;SBSP;SBPA;839,50;188
2006;5;TAM;SBGR;SBFL;269,50;8
2006;5;TAM;SBGR;SBEG;1729,50;8
2006;5;TAM;SBGR;SBFI;729,50;3
2006;5;TAM;SBSP;SBJV;469,50;104
2006;5;TAM;SBCT;SBGR;439,50;132
2006;5;TAM;SBCF;SBGL;713,00;90
2006;5;TAM;SBFZ;SBGL;479,50;6
2006;5;TAM;SBRJ;SBSP;399,50;25870
2006;5;TAM;SBSP;SBPA;369,50;3728
2006;5;TAM;SBRJ;SBPA;1209,50;14
2006;5;TAM;SBGL;SBRF;1039,50;9
2006;5;TAM;SBSR;SBSP;379,50;412
2006;5;TAM;SBSP;SBPA;569,50;343
2006;5;TAM;SBBR;SBSP;989,50;160
2006;5;TAM;SBSP;SBPS;689,50;30
2006;5;TAM;SBCF;SBGL;269,50;435
2006;5;TAM;SBRJ;SBCT;449,50;859
2006;5;TAM;SBJV;SBSP;859,50;54
2006;5;TAM;SBBH;SBSP;869,50;234
2006;5;TAM;SBSP;SBUL;439,50;112
2006;5;TAM;SBCY;SBSP;639,50;137
2006;5;TAM;SBFZ;SBBR;799,50;153
2006;5;TAM;SBGL;SBSP;639,50;14
2006;5;TAM;SBSV;SBBR;1029,50;24
2006;5;TAM;SBBR;SBGL;309,50;4728
2006;5;TAM;SBGR;SBCT;669,50;103
2006;5;TAM;SBPA;SBSP;839,50;495
2006;5;TAM;SBGR;SBPA;1171,00;17
2006;5;TAM;SBRF;SBGR;429,50;392
2006;5;TAM;SBFI;SBGR;329,50;58
2006;5;TAM;SBSV;SBGR;499,50;233
2006;5;TAM;SBSP;SBPA;1239,50;282
2006;5;TAM;SBBR;SBCY;1187,00;21
2006;5;TAM;SBBR;SBGL;399,50;322
2006;5;TAM;SBGR;SBBR;529,50;25
2006;5;TAM;SBCT;SBFL;569,50;2
2006;5;TAM;SBSP;SBCT;499,50;513
2006;5;TAM;SBSP;SBUL;459,50;1220
2006;5;TAM;SBPA;SBGL;689,50;17
2006;5;TAM;SBCF;SBGL;449,50;688
2006;5;TAM;SBGL;SBGR;379,50;3
2006;5;TAM;SBGL;SBRF;419,50;185
2006;5;TAM;SBRF;SBFZ;959,50;4
2006;5;TAM;SBBR;SBGR;299,50;584
2006;5;TAM;SBSV;SBRF;489,50;30
2006;5;TAM;SBGR;SBRF;409,50;55
2006;5;TAM;SBGL;SBGR;319,50;10
2006;5;TAM;SBGR;SBEG;1009,50;34
2006;5;TAM;SBSV;SBGL;269,50;717
2006;5;TAM;SBFI;SBGR;489,50;99
2006;5;TAM;SBSV;SBGR;669,50;46
2006;5;TAM;SBCY;SBBR;469,50;35
2006;5;TAM;SBSP;SBCY;799,50;16
2006;5;TAM;SBBR;SBSP;719,50;586
2006;5;TAM;SBEG;SBBE;829,50;54
2006;5;TAM;SBCT;SBGR;229,50;524
2006;5;TAM;SBSP;SBBH;979,50;84
2006;5;TAM;SBCT;SBBH;449,50;227
2006;5;TAM;SBBE;SBEG;1482,00;6
2006;5;TAM;SBGR;SBEG;1129,50;12
2006;5;TAM;SBGR;SBSV;549,50;100
2006;5;TAM;SBBR;SBPA;1289,50;6
2006;5;TAM;SBGR;SBBR;829,50;2
2006;5;TAM;SBBE;SBBR;1631,00;25
2006;5;TAM;SBCT;SBFL;289,50;2
2006;5;TAM;SBKP;SBBR;509,50;41
2006;5;TAM;SBSP;SBGO;479,50;375
2006;5;TAM;SBSP;SBCG;859,50;15
2006;5;TAM;SBRF;SBGL;399,50;2
2006;5;TAM;SBBR;SBSV;929,50;43
2006;5;TAM;SBGL;SBBR;1149,50;154
2006;5;TAM;SBBH;SBRJ;299,50;42
2006;5;TAM;SBEG;SBBE;659,50;12
2006;5;TAM;SBGL;SBPA;809,50;27
2006;5;TAM;SBSV;SBRF;429,50;37
2006;5;TAM;SBPS;SBSP;499,50;137
2006;5;TAM;SBLO;SBSP;999,50;68
2006;5;TAM;SBBR;SBCY;729,50;12
2006;5;TAM;SBLO;SBSP;779,50;22
2006;5;TAM;SBCY;SBBR;1187,00;8
2006;5;TAM;SBBH;SBSP;439,50;333
2006;5;TAM;SBSP;SBUL;589,50;17
2006;5;TAM;SBNF;SBSP;909,50;7
2006;5;TAM;SBSP;SBCT;439,50;489
2006;5;TAM;SBGR;SBPA;319,50;7
2006;5;TAM;SBFL;SBSP;829,50;16
2006;5;TAM;SBCT;SBBH;629,50;10
2006;5;TAM;SBBE;SBMQ;309,50;10
2006;5;TAM;SBFZ;SBGL;949,50;108
2006;5;TAM;SBGL;SBCF;679,50;87
2006;5;TAM;SBPA;SBBR;1619,50;8
2006;5;TAM;SBBR;SBRF;999,50;282
2006;5;TAM;SBSP;SBCG;1029,50;2
2006;5;TAM;SBRJ;SBBR;309,50;12
2006;5;TAM;SBSP;SBCG;509,50;89
2006;5;TAM;SBCT;SBFL;369,50;7
2006;5;TAM;SBCY;SBBR;399,50;81
2006;5;TAM;SBKP;SBCT;519,50;82
2006;5;TAM;SBEG;SBBE;499,50;58
2006;5;TAM;SBFL;SBPA;299,50;8
2006;5;TAM;SBSR;SBSP;559,50;58
2006;5;TAM;SBSP;SBCY;719,50;31
2006;5;TAM;SBBR;SBRF;1609,50;5
2006;5;TAM;SBFZ;SBGR;969,50;120
2006;5;TAM;SBBE;SBBR;1139,50;37
2006;5;TAM;SBRF;SBGL;1820,00;32
2006;5;TAM;SBGR;SBFZ;779,50;106
2006;5;TAM;SBGL;SBFZ;569,50;239
2006;5;TAM;SBCT;SBRJ;519,50;314
2006;5;TAM;SBSV;SBSP;459,50;1104
2006;5;TAM;SBCT;SBBH;949,50;2
2006;5;TAM;SBGL;SBCF;339,50;167
2006;5;TAM;SBRF;SBGR;1449,50;63
2006;5;TAM;SBGL;SBSP;319,50;298
2006;5;TAM;SBSP;SBSV;1019,50;47
2006;5;TAM;SBGR;SBBR;1157,00;4
2006;5;TAM;SBSP;SBSR;299,50;349
2006;5;TAM;SBKP;SBBR;1059,50;15
2006;5;TAM;SBSV;SBSP;349,50;37
2006;5;TAM;SBBR;SBSP;429,50;587
2006;5;TAM;SBSP;SBFL;959,50;46
2006;5;TAM;SBPS;SBSP;959,50;9
2006;5;TAM;SBSP;SBGO;1249,50;38
2006;5;TAM;SBJV;SBSP;369,50;293
2006;5;TAM;SBFZ;SBRF;859,50;4
2006;5;TAM;SBFL;SBSP;539,50;67
2006;5;TAM;SBRP;SBSP;419,50;68
2006;5;TAM;SBSP;SBSV;1719,50;72
2006;5;TAM;SBCG;SBSP;389,50;233
2006;5;TAM;SBBE;SBBR;1529,50;7
2006;5;TAM;SBBR;SBSV;499,50;18
2006;5;TAM;SBBR;SBFZ;1719,00;20
2006;5;TAM;SBRJ;SBPA;1009,50;45
2006;5;TAM;SBSP;SBCY;1459,50;9
2006;5;TAM;SBBE;SBMQ;549,50;5
2006;5;TAM;SBGL;SBSV;579,50;90
2006;5;TAM;SBSP;SBFL;369,50;606
2006;5;TAM;SBCG;SBSP;749,50;146
2006;5;TAM;SBSV;SBBR;1331,00;32
2006;5;TAM;SBBR;SBRJ;309,50;45
2006;5;TAM;SBBH;SBVT;449,50;2
2006;5;TAM;SBSP;SBGL;409,50;13
2006;5;TAM;SBPA;SBBR;1499,50;36
2006;5;TAM;SBBR;SBCT;1199,50;10
2006;5;TAM;SBJV;SBSP;639,50;71
2006;5;TAM;SBPA;SBGL;1209,50;8
2006;5;TAM;SBGR;SBPA;839,50;4
2006;5;TAM;SBKP;SBCT;289,50;124
2006;5;TAM;SBGL;SBBR;749,50;231
2006;5;TAM;SBVT;SBSP;769,50;137
2006;5;TAM;SBGO;SBBR;239,50;188
2006;5;TAM;SBRJ;SBBH;269,50;28
2006;5;TAM;SBGR;SBEG;2389,00;4
2006;5;TAM;SBGL;SBSV;889,50;19
2006;5;TAM;SBSP;SBSR;649,50;4
2006;5;TAM;SBCT;SBSP;249,50;2796
2006;5;TAM;SBFZ;SBGR;1069,50;87
2006;5;TAM;SBSP;SBRJ;489,50;1183
2006;5;TAM;SBRJ;SBKP;289,50;2
2006;5;TAM;SBEG;SBBE;1409,50;2
2006;5;TAM;SBFZ;SBBR;489,50;72
2006;5;TAM;SBSP;SBRP;749,50;76
2006;5;TAM;SBFL;SBSP;409,50;454
2006;5;TAM;SBSV;SBSP;1319,50;69
2006;5;TAM;SBCT;SBBR;419,50;168
2006;5;TAM;SBSP;SBCT;739,50;370
2006;5;TAM;SBBR;SBKP;909,50;2
2006;5;TAM;SBGL;SBCT;659,50;32
2006;5;TAM;SBSV;SBBR;759,50;236
2006;5;TAM;SBBR;SBGO;449,50;25
2006;5;TAM;SBPA;SBFL;389,50;9
2006;5;TAM;SBFZ;SBGL;1459,50;20
2006;5;TAM;SBBR;SBSV;1331,00;22
2006;5;TAM;SBRP;SBSP;389,50;123
2006;5;TAM;SBBE;SBEG;239,50;1149
2006;5;TAM;SBFZ;SBBR;669,50;167
2006;5;TAM;SBBH;SBRJ;339,50;16
2006;5;TAM;SBGL;SBRF;499,50;137
2006;5;TAM;SBCT;SBSP;339,50;2816
2006;5;TAM;SBPA;SBFL;529,50;2
2006;5;TAM;SBBR;SBPA;1059,50;14
2006;5;TAM;SBSP;SBBR;569,50;1185
2006;5;TAM;SBSP;SBLO;999,50;7
2006;5;TAM;SBLO;SBSP;649,50;44
2006;5;TAM;SBBR;SBSP;529,50;5201
2006;5;TAM;SBGL;SBSV;1402,00;17
2006;5;TAM;SBBR;SBRJ;749,50;2
2006;5;TAM;SBEG;SBGR;1489,50;98
2006;5;TAM;SBEG;SBBR;909,50;3
2006;5;TAM;SBFZ;SBBR;759,50;124
2006;5;TAM;SBSP;SBUL;399,50;158
2006;5;TAM;SBCF;SBGL;509,50;34
2006;5;TAM;SBSV;SBGR;1648,00;9
2006;5;TAM;SBBH;SBRJ;619,50;4
2006;5;TAM;SBGL;SBCF;449,50;77
2006;5;TAM;SBFL;SBPA;349,50;6
2006;5;TAM;SBFL;SBCT;369,50;6
2006;5;TAM;SBCT;SBSP;329,50;1078
2006;5;TAM;SBBH;SBVT;745,00;2
2006;5;TAM;SBGR;SBRF;1449,50;7
2006;5;TAM;SBGL;SBCF;269,50;290
2006;5;TAM;SBBR;SBBE;859,50;216
2006;5;TAM;SBRF;SBFZ;669,50;17
2006;5;TAM;SBGL;SBRF;589,50;142
2006;5;TAM;SBUL;SBSP;589,50;21
2006;5;TAM;SBBR;SBPA;1499,50;2
2006;5;TAM;SBGR;SBFI;1166,00;8
2006;5;TAM;SBCF;SBGL;409,50;361
2006;5;TAM;SBSP;SBFL;829,50;13
2006;5;TAM;SBBR;SBBE;699,50;353
2006;5;TAM;SBCT;SBBR;689,50;289
2006;5;TAM;SBCT;SBFL;269,50;20
2006;5;TAM;SBCY;SBSP;1459,50;8
2006;5;TAM;SBSP;SBRP;319,50;61
2006;5;TAM;SBGL;SBPA;869,50;37
2006;5;TAM;SBGR;SBRF;969,50;298
2006;5;TAM;SBSP;SBFL;269,50;1590
2006;5;TAM;SBSP;SBGL;259,50;147
2006;5;TAM;SBSP;SBCY;1779,50;10
2006;5;TAM;SBNF;SBSP;779,50;6
2006;5;TAM;SBSP;SBVT;919,50;24
2006;5;TAM;SBFL;SBCT;279,50;49
2006;5;TAM;SBLO;SBSP;559,50;212
2006;5;TAM;SBSR;SBSP;649,50;32
2006;5;TAM;SBBR;SBCY;819,50;17
2006;5;TAM;SBBR;SBRF;849,50;7
2006;5;TAM;SBSV;SBGL;779,50;155
2006;5;TAM;SBCY;SBSP;539,50;93
2006;5;TAM;SBGL;SBRF;399,50;66
2006;5;TAM;SBGR;SBFL;409,50;6
2006;5;TAM;SBFZ;SBGR;2154,00;6
2006;5;TAM;SBCT;SBRJ;1052,00;66
2006;5;TAM;SBGO;SBSP;809,50;8
2006;5;TAM;SBSP;SBPS;619,50;11
2006;5;TAM;SBBE;SBEG;579,50;58
2006;5;TAM;SBGL;SBFZ;479,50;40
2006;5;TAM;SBGL;SBCT;759,50;24
2006;5;TAM;SBGL;SBBR;689,50;212
2006;5;TAM;SBUL;SBSP;399,50;72
2006;5;TAM;SBRF;SBGL;1649,50;2
2006;5;TAM;SBFL;SBSP;629,50;39
2006;5;TAM;SBSP;SBCG;559,50;23
2006;5;TAM;SBRJ;SBPA;589,50;99
2006;5;TAM;SBRP;SBSP;329,50;136
2006;5;TAM;SBSP;SBPA;1009,50;109
2006;5;TAM;SBCT;SBFL;598,00;9
2006;5;TAM;SBGR;SBFL;499,50;65
2006;5;TAM;SBEG;SBBE;689,50;10
2006;5;TAM;SBSP;SBCT;299,50;876
2006;5;TAM;SBSP;SBJV;539,50;44
2006;5;TAM;SBSP;SBGO;649,50;58
2006;5;TAM;SBSP;SBFL;259,50;7
2006;5;TAM;SBKP;SBBR;599,50;53
2006;5;TAM;SBBR;SBBE;1139,50;75
2006;5;TAM;SBNF;SBSP;259,50;1142
2006;5;TAM;SBCF;SBGL;619,50;34
2006;5;TAM;SBGL;SBSP;379,50;29
2006;5;TAM;SBPA;SBGR;489,50;63
2006;5;TAM;SBCT;SBKP;339,50;95
2006;5;TAM;SBKP;SBCT;649,50;15
2006;5;TAM;SBPS;SBSP;859,50;11
2006;5;TAM;SBSP;SBNF;309,50;461
2006;5;TAM;SBPA;SBFL;269,50;16
2006;5;TAM;SBBR;SBSV;529,50;108
2006;5;TAM;SBBR;SBGL;689,50;232
2006;5;TAM;SBBR;SBSP;1319,50;263
2006;5;TAM;SBGL;SBPA;1209,50;9
2006;5;TAM;SBSP;SBRP;289,50;275
2006;5;TAM;SBBR;SBFZ;459,50;794
2006;5;TAM;SBBH;SBSP;589,50;332
2006;5;TAM;SBBR;SBFZ;759,50;41
2006;5;TAM;SBGL;SBCT;449,50;165
2006;5;TAM;SBBR;SBPA;1752,00;21
2006;5;TAM;SBGR;SBBR;989,50;5
2006;5;TAM;SBCY;SBSP;799,50;77
2006;5;TAM;SBSP;SBVT;519,50;113
2006;5;TAM;SBEG;SBBR;1069,50;7
2006;5;TAM;SBGR;SBEG;1489,50;12
2006;5;TAM;SBFL;SBCT;339,50;74
2006;5;TAM;SBSP;SBCY;1219,50;2
2006;5;TAM;SBBR;SBPA;849,50;60
2006;5;TAM;SBFL;SBCT;569,50;2
2006;5;TAM;SBSR;SBSP;299,50;227
2006;5;TAM;SBPA;SBSP;319,50;2
2006;5;TAM;SBCT;SBKP;429,50;286
2006;5;TAM;SBVT;SBRJ;349,50;4
2006;5;TAM;SBFZ;SBGR;1389,50;28
2006;5;TAM;SBSP;SBSR;859,50;3
2006;5;TAM;SBVT;SBSP;519,50;173
2006;5;TAM;SBPA;SBGR;549,50;62
2006;5;TAM;SBGR;SBCT;329,50;66
2006;5;TAM;SBBH;SBCT;449,50;163
2006;5;TAM;SBPA;SBGL;329,50;129
2006;5;TAM;SBFZ;SBGL;489,50;4
2006;5;TAM;SBGR;SBPA;729,50;16
2006;5;TAM;SBSP;SBSV;769,50;299
2006;5;TAM;SBGR;SBRF;1995,00;13
2006;5;TAM;SBSP;SBRJ;629,50;45
2006;5;TAM;SBFL;SBGR;369,50;40
2006;5;TAM;SBGR;SBPA;489,50;76
2006;5;TAM;SBBE;SBEG;409,50;239
2006;5;TAM;SBSV;SBSP;599,50;699
2006;5;TAM;SBFI;SBGR;1166,00;5
2006;5;TAM;SBRJ;SBKP;259,50;120
2006;5;TAM;SBRJ;SBVT;349,50;4
2006;5;TAM;SBSR;SBSP;239,50;1729
2006;5;TAM;SBSP;SBSR;439,50;18
2006;5;TAM;SBSV;SBGR;1319,50;10
2006;5;TAM;SBCT;SBGL;319,50;455
2006;5;TAM;SBCY;SBSP;829,50;136
2006;5;TAM;SBBR;SBRJ;1208,00;2
2006;5;TAM;SBCY;SBSP;399,50;717
2006;5;TAM;SBFZ;SBGR;779,50;179
2006;5;TAM;SBFZ;SBGL;689,50;125
2006;5;TAM;SBBE;SBMQ;650,00;12
2006;5;TAM;SBEG;SBBE;239,50;1106
2006;5;TAM;SBGO;SBBR;464,00;39
2006;5;TAM;SBRF;SBGR;969,50;549
2006;5;TAM;SBSR;SBSP;519,50;55
2006;5;TAM;SBSP;SBUL;1039,50;20
2006;5;TAM;SBVT;SBRJ;249,50;48
2006;5;TAM;SBGL;SBCF;509,50;104
2006;5;TAM;SBBE;SBEG;499,50;58
2006;5;TAM;SBGO;SBSP;649,50;53
2006;5;TAM;SBSP;SBUL;899,50;2
2006;5;TAM;SBBR;SBRF;529,50;297
2006;5;TAM;SBRF;SBBR;1690,00;81
2006;5;TAM;SBSP;SBSV;459,50;1091
2006;5;TAM;SBGR;SBSV;1019,50;2
2006;5;TAM;SBGL;SBPA;329,50;328
2006;5;TAM;SBRF;SBGR;759,50;379
2006;5;TAM;SBBH;SBSP;269,50;1864
2006;5;TAM;SBFZ;SBGR;439,50;675
2006;5;TAM;SBSV;SBRF;369,50;40
2006;5;TAM;SBGR;SBPA;369,50;139
2006;5;TAM;SBCF;SBGL;349,50;281
2006;5;TAM;SBCT;SBGL;449,50;127
2006;5;TAM;SBGL;SBCF;713,00;108
2006;5;TAM;SBGL;SBCT;1052,00;60
2006;5;TAM;SBSP;SBVT;449,50;333
2006;5;TAM;SBJV;SBSP;709,50;71
2006;5;TAM;SBBR;SBRJ;1039,50;4
2006;5;TAM;SBBH;SBCT;949,50;6
2006;5;TAM;SBBR;SBBE;439,50;1057
2006;5;TAM;SBBR;SBBE;549,50;66
2006;5;TAM;SBFZ;SBRF;1002,00;21
2006;5;TAM;SBCT;SBBR;1428,00;10
2006;5;TAM;SBEG;SBBR;1841,00;6
2006;5;TAM;SBRF;SBFZ;469,50;222
2006;5;TAM;SBGO;SBSP;969,50;9
2006;5;TAM;SBGL;SBSP;259,50;126
2006;5;TAM;SBSV;SBRF;985,00;9
2006;5;TAM;SBSP;SBUL;319,50;2383
2006;5;TAM;SBGR;SBFZ;439,50;538
2006;5;TAM;SBGO;SBSP;529,50;331
2006;5;TAM;SBFZ;SBRF;299,50;48
2006;5;TAM;SBPA;SBSP;369,50;3427
2006;5;TAM;SBRJ;SBBR;589,50;8
2006;5;TAM;SBRJ;SBCT;659,50;147
2006;5;TAM;SBSP;SBBH;589,50;214
2006;5;TAM;SBGR;SBFL;429,50;6
2006;5;TAM;SBFI;SBGR;669,50;6
2006;5;TAM;SBSP;SBGL;639,50;10
2006;5;TAM;SBPA;SBRJ;809,50;64
2006;5;TAM;SBEG;SBBE;479,50;180
2006;5;TAM;SBRJ;SBBH;349,50;12
2006;5;TAM;SBCY;SBSP;1619,50;4
2006;5;TAM;SBNF;SBSP;589,50;15
2006;5;TAM;SBFZ;SBGR;1759,50;6
2006;5;TAM;SBRF;SBBR;629,50;184
2006;5;TAM;SBRJ;SBBH;409,50;6
2006;5;TAM;SBBR;SBSV;399,50;60
2006;5;TAM;SBCT;SBSP;669,50;269
2006;5;TAM;SBGO;SBSP;289,50;3542
2006;5;TAM;SBCT;SBBR;579,50;349
2006;5;TAM;SBGL;SBSP;569,50;2
2006;5;TAM;SBCT;SBFL;279,50;62
2006;5;TAM;SBSP;SBNF;349,50;270
2006;5;TAM;SBFL;SBCT;419,50;9
2006;5;TAM;SBRP;SBSP;749,50;103
2006;5;TAM;SBCT;SBGR;599,50;116
2006;5;TAM;SBSP;SBJV;349,50;367
2006;5;TAM;SBGR;SBRF;1629,50;6
2006;5;TAM;SBSP;SBPA;489,50;793
2006;5;TAM;SBGL;SBCF;349,50;335
2006;5;TAM;SBRJ;SBCT;1052,00;73
2006;5;TAM;SBGL;SBRF;689,50;49
2006;5;TAM;SBRF;SBSV;259,50;191
2006;5;TAM;SBRJ;SBPA;1339,50;10
2006;5;TAM;SBRF;SBBR;999,50;134
2006;5;TAM;SBJV;SBSP;539,50;97
2006;5;TAM;SBGL;SBCF;619,50;170
2006;5;TAM;SBBR;SBCT;989,50;50
2006;5;TAM;SBFL;SBPA;239,50;51
2006;5;TAM;SBBR;SBEG;1319,50;10
2006;5;TAM;SBSP;SBBR;529,50;5051
2006;5;TAM;SBSP;SBSV;669,50;456
2006;5;TAM;SBSV;SBBR;459,50;142
2006;5;TAM;SBRJ;SBBH;299,50;4
2006;5;TAM;SBBH;SBVT;369,50;2
2006;5;TAM;SBFZ;SBRF;309,50;138
2006;5;TAM;SBBH;SBSP;819,50;231
2006;5;TAM;SBSP;SBVT;289,50;2
2006;5;TAM;SBGR;SBCT;339,50;59
2006;5;TAM;SBSP;SBGO;419,50;797
2006;5;TAM;SBCT;SBPA;269,50;350
2006;5;TAM;SBFI;SBGR;549,50;53
2006;5;TAM;SBBR;SBGR;529,50;41
2006;5;TAM;SBSP;SBCG;389,50;305
2006;5;TAM;SBGL;SBSP;409,50;12
2006;5;TAM;SBCT;SBBH;829,50;2
2006;5;TAM;SBCT;SBSP;739,50;321
2006;5;TAM;SBGR;SBFZ;869,50;60
2006;5;TAM;SBKP;SBCT;599,50;36
2006;5;TAM;SBKP;SBCT;249,50;1727
2006;5;TAM;SBFL;SBPA;389,50;15
2006;5;TAM;SBRF;SBGL;689,50;91
2006;5;TAM;SBNF;SBSP;389,50;157
2006;5;TAM;SBBR;SBRJ;449,50;20
2006;5;TAM;SBGO;SBSP;369,50;22
2006;5;TAM;SBBR;SBBE;849,50;23
2006;5;TAM;SBBR;SBGL;509,50;233
2006;5;TAM;SBPA;SBCT;897,00;8
2006;5;TAM;SBCT;SBGL;759,50;7
2006;5;TAM;SBFI;SBGR;999,50;2
2006;5;TAM;SBCT;SBSP;499,50;476
2006;5;TAM;SBSV;SBRF;649,50;5
2006;5;TAM;SBRJ;SBPA;809,50;49
2006;5;TAM;SBVT;SBSP;1019,50;97
2006;5;TAM;SBRF;SBGR;689,50;332
2006;5;TAM;SBFL;SBCT;239,50;12
2006;5;TAM;SBCT;SBGL;519,50;60
2006;5;TAM;SBVT;SBSP;329,50;3713
2006;5;TAM;SBSR;SBSP;999,50;34
2006;5;TAM;SBPA;SBRJ;589,50;70
2006;5;TAM;SBBE;SBEG;689,50;10
2006;5;TAM;SBBH;SBVT;248,50;16
2006;5;TAM;SBSP;SBRJ;569,50;114
2006;5;TAM;SBGR;SBFL;259,50;24
2006;5;TAM;SBBR;SBBE;1389,50;11
2006;5;TAM;SBEG;SBBE;909,50;5
2006;5;TAM;SBSP;SBBR;299,50;5030
2006;5;TAM;SBSV;SBSP;1159,50;405
2006;5;TAM;SBBE;SBMQ;449,50;5
2006;5;TAM;SBBH;SBRJ;449,50;12
2006;5;TAM;SBBH;SBCT;629,50;6
2006;5;TAM;SBBH;SBVT;549,50;2
2006;5;TAM;SBPA;SBBR;659,50;232
2006;5;TAM;SBSP;SBLO;559,50;10
2006;5;TAM;SBVT;SBRJ;469,50;4
2006;5;TAM;SBRF;SBGL;1309,50;6
2006;5;TAM;SBBR;SBSP;829,50;348
2006;5;TAM;SBCT;SBBR;349,50;1614
2006;5;TAM;SBGL;SBBR;509,50;339
2006;5;TAM;SBCG;SBSP;689,50;138
2006;5;TAM;SBGL;SBGR;259,50;7
2006;5;TAM;SBSP;SBNF;509,50;21
2006;5;TAM;SBSP;SBNF;279,50;144
2006;5;TAM;SBGL;SBBR;1039,50;77
2006;5;TAM;SBRJ;SBKP;773,00;2
2006;5;TAM;SBFZ;SBRF;249,50;73
2006;5;TAM;SBRF;SBGL;889,50;273
2006;5;TAM;SBKP;SBCT;379,50;79
2006;5;TAM;SBCG;SBSP;559,50;200
2006;5;TAM;SBGO;SBSP;1249,50;22
2006;5;TAM;SBBH;SBVT;309,50;2
2006;5;TAM;SBGR;SBFZ;399,50;16
2006;5;TAM;SBCF;SBGL;339,50;167
2006;5;TAM;SBSP;SBGO;699,50;20
2006;5;TAM;SBCG;SBSP;1029,50;43
2006;5;TAM;SBBR;SBRJ;569,50;2
2006;5;TAM;SBCT;SBBR;499,50;174
2006;5;TAM;SBNF;SBSP;349,50;182
2006;5;TAM;SBCT;SBPA;409,50;264
2006;5;TAM;SBRF;SBGL;419,50;170
2006;5;TAM;SBGR;SBBR;569,50;26
2006;5;TAM;SBUL;SBSP;679,50;24
2006;5;TAM;SBBR;SBGL;1149,50;217
2006;5;TAM;SBFL;SBSP;499,50;448
2006;5;TAM;SBPA;SBCT;459,50;41
2006;5;TAM;SBRF;SBSV;569,50;3
2006;5;TAM;SBJV;SBSP;429,50;170
2006;5;TAM;SBRF;SBSV;985,00;22
2006;5;TAM;SBSV;SBGR;879,50;155
2006;5;TAM;SBFZ;SBBR;459,50;600
2006;5;TAM;SBGR;SBCT;439,50;144
2006;5;TAM;SBBR;SBCY;669,50;37
2006;5;TAM;SBEG;SBGR;1199,50;38
2006;5;TAM;SBFL;SBSP;369,50;645
2006;5;TAM;SBSP;SBNF;589,50;16
2006;5;TAM;SBSV;SBGL;419,50;522
2006;5;TAM;SBSP;SBGL;469,50;2
2006;5;TAM;SBPA;SBSP;1119,50;157
2006;5;TAM;SBBR;SBRF;1690,00;77
2006;5;TAM;SBGR;SBBR;1099,50;3
2006;5;TAM;SBSV;SBBR;599,50;151
2006;5;TAM;SBBE;SBBR;859,50;140
2006;5;TAM;SBPA;SBBR;1289,50;35
2006;5;TAM;SBGR;SBFI;669,50;5
2006;5;TAM;SBSP;SBSV;1159,50;391
2006;5;TAM;SBFL;SBPA;269,50;18
2006;5;TAM;SBCT;SBGR;329,50;58
2006;5;TAM;SBNF;SBSP;509,50;26
2006;5;TAM;SBGL;SBCT;609,50;40
2006;5;TAM;SBPA;SBGL;869,50;14
2006;5;TAM;SBBR;SBGL;589,50;247
2006;5;TAM;SBBH;SBSP;679,50;246
2006;5;TAM;SBBR;SBFZ;959,50;16
2006;5;TAM;SBFL;SBGR;749,50;4
2006;5;TAM;SBBR;SBBE;1529,50;2
2006;5;TAM;SBUL;SBSP;809,50;29
2006;5;TAM;SBBE;SBBR;1389,50;29
2006;5;TAM;SBBR;SBFZ;1439,50;6
2006;5;TAM;SBKP;SBRJ;319,50;10
2006;5;TAM;SBCT;SBGR;669,50;58
2006;5;TAM;SBFZ;SBBR;1719,00;24
2006;5;TAM;SBSP;SBUL;679,50;4
2006;5;TAM;SBCT;SBSP;439,50;1075
2006;5;TAM;SBRJ;SBCT;609,50;125
2006;5;TAM;SBSP;SBRP;389,50;48
2006;5;TAM;SBRF;SBSV;309,50;172
2006;5;TAM;SBSP;SBGO;369,50;29
2006;5;TAM;SBRJ;SBCT;319,50;1943
2006;5;TAM;SBGO;SBSP;549,50;125
2006;5;TAM;SBPA;SBCT;369,50;43
2006;5;TAM;SBJV;SBSP;229,50;1036
2006;5;TAM;SBMQ;SBBE;309,50;5
2006;5;TAM;SBPA;SBRJ;1009,50;42
2006;5;TAM;SBSV;SBGR;599,50;116
2006;5;TAM;SBSP;SBCY;399,50;1829
2006;5;TAM;SBPA;SBFL;299,50;6
2006;5;TAM;SBFZ;SBRF;519,50;87
2006;5;TAM;SBLO;SBSP;869,50;89
2006;5;TAM;SBCT;SBKP;694,00;48
2006;5;TAM;SBSP;SBCG;1319,50;83
2006;5;TAM;SBEG;SBBR;1579,50;3
2006;5;TAM;SBGR;SBSV;879,50;32
2006;5;TAM;SBBR;SBKP;1235,00;2
2006;5;TAM;SBRP;SBSP;579,50;115
2006;5;TAM;SBBR;SBCT;689,50;159
2006;5;TAM;SBSV;SBRF;259,50;250
2006;5;TAM;SBSP;SBSR;999,50;15
2006;5;TAM;SBFL;SBCT;509,50;2
2006;5;TAM;SBBR;SBKP;409,50;64
2006;5;TAM;SBPA;SBGR;1009,50;8
2006;5;TAM;SBSV;SBGR;1159,50;120
2006;5;TAM;SBGL;SBFZ;689,50;203
2006;5;TAM;SBEG;SBGR;1369,50;61
2006;5;TAM;SBGL;SBBR;569,50;279
2006;5;TAM;SBBH;SBCT;1153,00;6
2006;5;TAM;SBBR;SBGR;429,50;38
2006;5;TAM;SBEG;SBBE;1029,50;4
2006;5;TAM;SBPA;SBBR;549,50;1430
2006;5;TAM;SBPA;SBFL;349,50;2
2006;5;TAM;SBRP;SBSP;489,50;90
2006;5;TAM;SBGL;SBRF;889,50;157
2006;5;TAM;SBPA;SBRJ;659,50;130
2006;5;TAM;SBBR;SBPA;549,50;1301
2006;5;TAM;SBRF;SBBR;1419,50;33
2006;5;TAM;SBGL;SBSV;779,50;184
2006;5;TAM;SBSP;SBCT;339,50;3106
2006;5;TAM;SBSP;SBCY;639,50;120
2006;5;TAM;SBEG;SBGR;1129,50;42
2006;5;TAM;SBSV;SBSP;669,50;381
2006;5;TAM;SBBR;SBGO;329,50;41
2006;5;TAM;SBFZ;SBGL;1809,50;7
2006;5;TAM;SBRJ;SBPA;869,50;40
2006;5;TAM;SBRF;SBGL;1499,50;2
2006;5;TAM;SBCT;SBPA;897,00;36
2006;5;TAM;SBGL;SBCF;299,50;275
2006;5;TAM;SBFZ;SBBR;1189,50;11
2006;5;TAM;SBGR;SBFI;329,50;10
2006;5;TAM;SBGR;SBBR;659,50;36
2006;5;TAM;SBPA;SBGL;659,50;28
2006;5;TAM;SBEG;SBBE;409,50;274
2006;5;TAM;SBSP;SBGO;289,50;2450
2006;5;TAM;SBKP;SBRJ;719,50;2
2006;5;TAM;SBRP;SBSP;649,50;45
2006;5;TAM;SBGR;SBPA;1009,50;3
2006;5;TAM;SBCY;SBSP;719,50;111
2006;5;TAM;SBPA;SBGR;369,50;190
2006;5;TAM;SBBH;SBRJ;409,50;14
2006;5;TAM;SBGR;SBFZ;1219,50;36
2006;5;TAM;SBRJ;SBPA;689,50;65
2006;5;TAM;SBCT;SBPA;659,50;10
2006;5;TAM;SBPA;SBSP;1239,50;327
2006;5;TAM;SBRF;SBFZ;589,50;33
2006;5;TAM;SBPA;SBGR;1171,00;19
2006;5;TAM;SBBR;SBPA;939,50;82
2006;5;TAM;SBFZ;SBGR;399,50;20
2006;5;TAM;SBPA;SBBR;1752,00;20
2006;5;TAM;SBPS;SBSP;619,50;38
2006;5;TAM;SBRF;SBBR;449,50;1186
2006;5;TAM;SBGR;SBEG;2249,50;4
2006;5;TAM;SBSV;SBGR;769,50;190
2006;5;TAM;SBGR;SBCT;599,50;71
2006;5;TAM;SBSP;SBCT;669,50;136
2006;5;TAM;SBCY;SBBR;529,50;40
2006;5;TAM;SBCT;SBGR;339,50;412
2006;5;TAM;SBBR;SBRJ;509,50;2
2006;5;TAM;SBCT;SBKP;289,50;90
2006;5;TAM;SBCT;SBSP;599,50;650
2006;5;TAM;SBGL;SBSV;499,50;161
2006;5;TAM;SBCT;SBGR;399,50;59
2006;5;TAM;SBBR;SBEG;849,50;15
2006;5;TAM;SBBR;SBBE;959,50;98
2006;5;TAM;SBCT;SBPA;369,50;269
2006;5;TAM;SBPA;SBBR;719,50;294
2006;5;TAM;SBBR;SBGL;869,50;118
2006;5;TAM;SBLO;SBSP;409,50;1549
2006;5;TAM;SBRJ;SBKP;379,50;10
2006;5;TAM;SBSP;SBPA;669,50;587
2006;5;TAM;SBSV;SBGL;1402,00;17
2006;5;TAM;SBSP;SBPS;499,50;100
2006;5;TAM;SBSP;SBJV;639,50;23
2006;5;TAM;SBSP;SBSV;599,50;690
2006;5;TAM;SBSR;SBSP;339,50;164
2006;5;TAM;SBCY;SBSP;1219,50;12
2006;5;TAM;SBRJ;SBBH;713,00;3
2006;5;TAM;SBBR;SBSP;569,50;1471
2006;5;TAM;SBBR;SBRF;629,50;68
2006;5;TAM;SBFI;SBGR;729,50;2
2006;5;TAM;SBCF;SBGR;912,00;5
2006;5;TAM;SBBR;SBGO;239,50;61
2006;5;TAM;SBBH;SBVT;279,50;8
2006;5;TAM;SBGR;SBFI;569,50;173
2006;5;TAM;SBCT;SBKP;379,50;51
2006;5;TAM;SBFZ;SBRF;389,50;122
2006;5;TAM;SBGL;SBBR;449,50;366
2006;5;TAM;SBBR;SBEG;889,50;55
2006;5;TAM;SBCT;SBBR;869,50;87
2006;5;TAM;SBPA;SBCT;319,50;146
2006;5;TAM;SBGL;SBPA;1405,00;6
2006;5;TAM;SBSP;SBGO;1079,50;5
2006;5;TAM;SBCT;SBBH;559,50;10
2006;5;TAM;SBKP;SBRJ;419,50;6
2006;5;TAM;SBBR;SBSV;819,50;78
2006;5;TAM;SBCT;SBFL;419,50;2
2006;5;TAM;SBEG;SBBR;889,50;17
2006;5;TAM;SBBR;SBCT;349,50;1459
2006;5;TAM;SBPA;SBGL;419,50;143
2006;5;TAM;SBGR;SBSV;349,50;13
2006;5;TAM;SBPA;SBGR;729,50;10
2006;5;TAM;SBSP;SBPA;549,50;1582
2006;5;TAM;SBGL;SBFZ;489,50;6
2006;5;TAM;SBGL;SBSP;469,50;4
2006;5;TAM;SBCT;SBPA;729,50;9
2006;5;TAM;SBPA;SBRJ;1209,50;65
2006;5;TAM;SBSP;SBNF;779,50;15
2006;5;TAM;SBFZ;SBGL;1289,50;18
2006;5;TAM;SBSP;SBJV;319,50;495
2006;5;TAM;SBPA;SBRJ;689,50;26
2006;5;TAM;SBBR;SBGL;1039,50;257
2006;5;TAM;SBGL;SBRF;1820,00;22
2006;5;TAM;SBSP;SBUL;809,50;7
2006;5;TAM;SBSP;SBCG;309,50;1784
2006;5;TAM;SBSP;SBBR;429,50;452
2006;5;TAM;SBSP;SBBR;1099,50;59
2006;5;TAM;SBBR;SBRF;719,50;104
2006;5;TAM;SBRJ;SBSP;469,50;1503
2006;5;TAM;SBEG;SBBR;1059,50;18
2006;5;TAM;SBGR;SBFZ;1389,50;28
2006;5;TAM;SBGR;SBFZ;2154,00;28
2006;5;TAM;SBRF;SBFZ;299,50;27
2006;5;TAM;SBCT;SBBH;709,50;12
2006;5;TAM;SBGR;SBSV;459,50;230
2006;5;TAM;SBCT;SBGL;659,50;17
2006;5;TAM;SBRF;SBBR;1169,50;37
2006;5;TAM;SBBR;SBEG;1059,50;39
2006;5;TAM;SBGL;SBGR;655,00;11
2006;5;TAM;SBSP;SBCY;979,50;12
2006;5;TAM;SBBR;SBRF;449,50;1097
2006;5;TAM;SBBR;SBEG;519,50;445
2006;5;TAM;SBSP;SBVT;669,50;41
2006;5;TAM;SBPA;SBSP;1009,50;415
2006;5;TAM;SBCT;SBGR;499,50;111
2006;5;TAM;SBGR;SBSV;1159,50;23
2006;5;TAM;SBCF;SBGL;679,50;6
2006;5;TAM;SBPA;SBCT;659,50;10
2006;5;TAM;SBRF;SBGR;1995,00;40
2006;5;TAM;SBSP;SBPA;299,50;9
2006;5;TAM;SBSV;SBSP;769,50;396
2006;5;TAM;SBSP;SBVT;1209,50;64
2006;5;TAM;SBGL;SBFZ;1809,50;8
2006;5;TAM;SBSP;SBBR;659,50;630
2006;5;TAM;SBSV;SBSP;499,50;1139
2006;5;TAM;SBUL;SBSP;539,50;49
2006;5;TAM;SBUL;SBSP;459,50;1106
2006;5;TAM;SBGO;SBSP;419,50;632
2006;5;TAM;SBGL;SBSV;999,50;17
2006;5;TAM;SBSV;SBGL;579,50;112
2006;5;TAM;SBUL;SBSP;319,50;1940
2006;5;TAM;SBGR;SBFZ;1759,50;18
2006;5;TAM;SBBR;SBCY;529,50;18
2006;5;TAM;SBBR;SBGL;569,50;243
2006;5;TAM;SBSP;SBSR;429,50;80
2006;5;TAM;SBCY;SBSP;979,50;64
2006;5;TAM;SBSV;SBSP;1019,50;116
2006;5;TAM;SBCY;SBSP;1059,50;27
2006;5;TAM;SBBR;SBCY;299,50;2297
2006;5;TAM;SBCT;SBRJ;999,50;83
2006;5;TAM;SBRF;SBFZ;519,50;162
2006;5;TAM;SBFZ;SBBR;389,50;522
2006;5;TAM;SBGL;SBBR;399,50;465
2006;5;TAM;SBPA;SBCT;269,50;253
2006;5;TAM;SBGR;SBRF;1119,50;227
2006;5;TAM;SBBR;SBRF;1419,50;39
2006;5;TAM;SBGL;SBPA;1009,50;2
2006;5;TAM;SBJV;SBSP;319,50;399
2006;5;TAM;SBBR;SBCY;999,50;4
2006;5;TAM;SBCT;SBPA;459,50;168
2006;5;TAM;SBGL;SBRF;509,50;2
2006;5;TAM;SBSP;SBVT;499,50;136
2006;5;TAM;SBVT;SBSP;919,50;217
2006;5;TAM;SBRF;SBBR;529,50;67
2006;5;TAM;SBCY;SBBR;669,50;17
2006;5;TAM;SBGR;SBFL;870,00;2
2006;5;TAM;SBGL;SBFZ;1119,50;50
2006;5;TAM;SBSP;SBPS;399,50;71
2006;5;TAM;SBBR;SBKP;669,50;10
2006;5;TAM;SBGL;SBCT;499,50;118
2006;5;TAM;SBPA;SBGL;809,50;14
2006;5;TAM;SBSP;SBJV;859,50;61
2006;5;TAM;SBSP;SBSV;349,50;8
2006;5;TAM;SBBR;SBKP;599,50;19
2006;5;TAM;SBFI;SBGR;569,50;127
2006;5;TAM;SBBR;SBKP;349,50;1300
2006;5;TAM;SBBR;SBCT;649,50;130
2006;5;TAM;SBSV;SBBR;529,50;399
2006;5;TAM;SBGR;SBEG;719,50;46
2006;5;TAM;SBSP;SBRP;329,50;34
2006;5;TAM;SBGL;SBBR;589,50;296
2006;5;TAM;SBSP;SBNF;909,50;46
2006;5;TAM;SBRJ;SBSP;629,50;40
2006;5;TAM;SBCT;SBKP;599,50;88
2006;5;TAM;SBGR;SBFZ;1569,50;7
2006;5;TAM;SBSP;SBNF;389,50;116
2006;5;TAM;SBVT;SBRJ;279,50;6
2006;5;TAM;SBSV;SBGL;889,50;46
2006;5;TAM;SBNF;SBSP;709,50;11
2006;5;TAM;SBBH;SBRJ;713,00;8
2006;5;TAM;SBSV;SBGL;679,50;194
2006;5;TAM;SBBR;SBBE;619,50;237
2006;5;TAM;SBPA;SBGR;669,50;10
2006;5;TAM;SBSP;SBSR;379,50;39
2006;5;TAM;SBGL;SBPA;1339,50;2
2006;5;TAM;SBBR;SBSP;1099,50;65
2006;5;TAM;SBSV;SBGL;339,50;378
2006;5;TAM;SBSP;SBGO;529,50;199
2006;5;TAM;SBLO;SBSP;519,50;73
2006;5;TAM;SBBR;SBSP;659,50;1084
2006;5;TAM;SBSR;SBSP;779,50;16
2006;5;TAM;SBBR;SBGR;569,50;21
2006;5;TAM;SBKP;SBRJ;569,50;2
2006;5;TAM;SBBE;SBMQ;369,50;4
2006;5;TAM;SBBR;SBGO;289,50;31
2006;5;TAM;SBCT;SBRJ;759,50;127
2006;5;TAM;SBRJ;SBVT;319,50;4
2006;5;TAM;SBCT;SBBR;1199,50;12
2006;5;TAM;SBFZ;SBGR;1219,50;63
2006;5;TAM;SBBR;SBGL;749,50;185
2006;5;TAM;SBFZ;SBGR;709,50;140
2006;5;TAM;SBSP;SBLO;439,50;34
2006;5;TAM;SBVT;SBRJ;429,50;5
2006;5;TAM;SBEG;SBBR;639,50;43
2006;5;TAM;SBGL;SBFZ;1459,50;2
2006;5;TAM;SBBR;SBCT;869,50;15
2006;5;TAM;SBSP;SBVT;769,50;52
2006;5;TAM;SBVT;SBSP;499,50;342
2006;5;TAM;SBGL;SBPA;689,50;55
2006;5;TAM;SBCG;SBSP;509,50;151
2006;5;TAM;SBRJ;SBCT;519,50;251
2006;5;TAM;SBSP;SBBH;869,50;75
2006;5;TAM;SBGR;SBCT;299,50;96
2006;5;TAM;SBKP;SBBR;409,50;95
2006;5;TAM;SBRJ;SBKP;319,50;4
2006;5;TAM;SBFL;SBSP;429,50;294
2006;5;TAM;SBSP;SBUL;359,50;135
2006;5;TAM;SBGL;SBFZ;2159,00;28
2006;5;TAM;SBRF;SBGL;499,50;182
2006;5;TAM;SBPA;SBRJ;869,50;51
2006;5;TAM;SBGO;SBSP;699,50;2
2006;5;TAM;SBFZ;SBGL;1119,50;83
2006;5;TAM;SBRJ;SBBH;339,50;12
2006;5;TAM;SBCT;SBGR;299,50;81
2006;5;TAM;SBGL;SBPA;659,50;58
2006;5;TAM;SBBR;SBRF;1169,50;85
2006;5;TAM;SBPA;SBCT;579,50;197
2006;5;TAM;SBPA;SBGR;299,50;794
2006;5;TAM;SBSP;SBLO;519,50;36
2006;5;TAM;SBBR;SBGL;449,50;306
2006;5;TAM;SBCT;SBGL;609,50;40
2006;5;TAM;SBEG;SBBR;519,50;405
2006;5;TAM;SBBR;SBCT;499,50;208
2006;5;TAM;SBBH;SBCT;1059,50;15
2006;5;TAM;SBKP;SBBR;909,50;32
2006;5;TAM;SBGR;SBEG;759,50;24
2006;5;TAM;SBCT;SBRJ;609,50;245
2006;5;TAM;SBNF;SBSP;469,50;41
2006;5;TAM;SBRF;SBFZ;389,50;198
2006;5;TAM;SBSP;SBVT;259,50;5
2006;5;TAM;SBPS;SBSP;289,50;349
2006;5;TAM;SBGL;SBSV;1129,50;2
2006;5;TAM;SBGL;SBRF;789,50;64
2006;5;TAM;SBEG;SBBR;849,50;21
2006;5;TAM;SBGL;SBSV;419,50;234
2006;5;TAM;SBJV;SBSP;349,50;406
2006;5;TAM;SBMQ;SBBE;650,00;3
2006;5;TAM;SBBH;SBSP;329,50;881
2006;5;TAM;SBFI;SBGR;439,50;63
2006;5;TAM;SBPA;SBFL;239,50;24
2006;5;TAM;SBFZ;SBBR;1439,50;20
2006;5;TAM;SBSP;SBCG;449,50;91
2006;5;TAM;SBBR;SBCT;819,50;35
2006;5;TAM;SBSP;SBSR;559,50;7
2006;5;TAM;SBRF;SBGR;1119,50;241
2006;5;TAM;SBFZ;SBBR;1049,50;29
2006;5;TAM;SBBH;SBRJ;349,50;6
2006;5;TAM;SBRP;SBSP;319,50;236
2006;5;TAM;SBGL;SBCF;409,50;302
2006;5;TAM;SBRF;SBFZ;1002,00;10
2006;5;TAM;SBSV;SBGL;999,50;19
2006;5;TAM;SBKP;SBCT;339,50;406
2006;5;TAM;SBPA;SBSP;729,50;394
2006;5;TAM;SBSP;SBPS;1079,50;2
2006;5;TAM;SBGR;SBFZ;709,50;118
2006;5;TAM;SBGR;SBRF;429,50;377
2006;5;TAM;SBSP;SBBR;1319,50;234
2006;5;TAM;SBSP;SBBR;829,50;358
2006;5;TAM;SBGR;SBFL;539,50;24
2006;5;TAM;SBPS;SBSP;759,50;4
2006;5;TAM;SBSP;SBNF;709,50;22
2006;5;TAM;SBGO;SBBR;289,50;37
2006;5;TAM;SBGR;SBRF;1279,50;8
2006;5;TAM;SBBE;SBBR;439,50;898
2006;5;TAM;SBBR;SBSV;629,50;244
2006;5;TAM;SBCG;SBSP;1149,50;6
2006;5;TAM;SBEG;SBGR;1009,50;24
2006;5;TAM;SBGL;SBSV;259,50;13
2006;5;TAM;SBGL;SBFZ;809,50;59
2006;5;TAM;SBSP;SBBR;989,50;270
2006;5;TAM;SBBH;SBSP;979,50;177
2006;5;TAM;SBCT;SBFL;509,50;7
2006;5;TAM;SBRJ;SBCT;499,50;213
2006;5;TAM;SBSP;SBBR;719,50;586
2006;5;TAM;SBKP;SBBR;669,50;37
2006;5;TAM;SBBR;SBEG;1749,50;3
2006;5;TAM;SBSP;SBLO;649,50;5
2006;5;TAM;SBUL;SBSP;359,50;142
2006;5;TAM;SBBR;SBEG;639,50;43
2006;5;TAM;SBBR;SBGO;389,50;25
2006;5;TAM;SBPA;SBBR;849,50;101
2006;5;TAM;SBGL;SBSP;629,50;4
2006;5;TAM;SBMQ;SBBE;549,50;5
2006;5;TAM;SBSV;SBBR;269,50;471
2006;5;TAM;SBCT;SBPA;319,50;283
2006;5;TAM;SBBH;SBRJ;509,50;8
2006;5;TAM;SBGR;SBSV;599,50;110
2006;5;TAM;SBBR;SBFZ;1189,50;8
2006;5;TAM;SBPA;SBSP;489,50;814
2006;5;TAM;SBSP;SBBH;269,50;2553
2006;5;TAM;SBRJ;SBVT;249,50;75
2006;5;TAM;SBCT;SBRJ;319,50;1593
2006;5;TAM;SBSV;SBBR;819,50;39
2006;5;TAM;SBSP;SBCY;829,50;25
2006;5;TAM;SBPA;SBRJ;1339,50;16
2006;5;TAM;SBKP;SBCT;694,00;28
2006;5;TAM;SBRJ;SBCT;899,50;91
2006;5;TAM;SBKP;SBBR;779,50;22
2006;5;TAM;SBGR;SBCF;912,00;13
2006;5;TAM;SBFZ;SBGL;569,50;159
2006;5;TAM;SBSP;SBNF;399,50;95
2006;5;TAM;SBSP;SBFL;629,50;17
2006;5;TAM;SBRJ;SBSP;489,50;1541
2006;5;TAM;SBSV;SBGR;1019,50;52
2006;5;TAM;SBNF;SBSP;279,50;142
2006;5;TAM;SBSV;SBSP;1479,50;61
2006;5;TAM;SBCT;SBBR;649,50;206
2006;5;TAM;SBCY;SBBR;729,50;15
2006;5;TAM;SBKP;SBBR;469,50;35
2006;5;TAM;SBCG;SBSP;589,50;102
2006;5;TAM;SBBR;SBPA;659,50;206
2006;5;TAM;SBGR;SBRF;759,50;219
2006;5;TAM;SBCG;SBSP;449,50;181
2006;5;TAM;SBRF;SBFZ;759,50;11
2006;5;TAM;SBSV;SBBR;399,50;76
2006;5;TAM;SBCT;SBBH;1153,00;8
2006;5;TAM;SBCY;SBBR;299,50;2387
2006;5;TAM;SBRJ;SBBH;509,50;2
2006;5;TAM;SBBR;SBCT;1428,00;19
2006;5;TAM;SBFZ;SBGL;1639,50;10
2006;5;TAM;SBSV;SBGR;349,50;2
2006;5;TAM;SBBR;SBCY;469,50;79
2006;5;TAM;SBSP;SBFL;539,50;53
2006;5;TAM;SBGR;SBPA;669,50;3
2006;5;TAM;SBCT;SBRJ;659,50;281
2006;5;TAM;SBBR;SBCT;419,50;180
2006;5;TAM;SBBE;SBEG;479,50;37
2006;5;TAM;SBBH;SBCT;559,50;12
2006;5;TAM;SBSP;SBSV;499,50;1090
2006;5;TAM;SBCG;SBSP;1319,50;114
2006;5;TIB;SBKP;SBCT;160,00;10
2006;5;TIB;SBKP;SBCT;110,00;333
2006;5;TIB;SBCT;SBKP;110,00;336
2006;5;TIB;SBCT;SBKP;186,00;24
2006;5;TIB;SBKP;SBCT;213,00;1
2006;5;TIB;SBCT;SBKP;160,00;23
2006;5;TIB;SBGO;SBBR;150,00;7
2006;5;TIB;SBKP;SBCT;186,00;11
2006;5;TIB;SBKP;SBCT;133,00;81
2006;5;TIB;SBCT;SBKP;133,00;77
2006;5;TIB;SBBR;SBGO;150,00;2
2006;5;WEB;SBGL;SBPA;193,00;83
2006;5;WEB;SBGL;SBPA;180,00;6
2006;5;WEB;SBPA;SBGL;171,00;115
2006;5;WEB;SBPA;SBGL;180,00;2
