ANO;MES;EMPRESA;ORIGEM;DESTINO;TARIFA;ASSENTOS
2004;2;GLO;SBNF;SBSP;228,30;114
2004;2;GLO;SBGL;SBSV;211,42;144
2004;2;GLO;SBCT;SBSP;318,00;4
2004;2;GLO;SBFZ;SBBR;460,44;265
2004;2;GLO;SBKP;SBPA;247,25;8
2004;2;GLO;SBGR;SBGL;311,00;1
2004;2;GLO;SBPA;SBBR;407,58;71
2004;2;GLO;SBCT;SBBR;380,95;21
2004;2;GLO;SBGL;SBSP;293,00;2
2004;2;GLO;SBCT;SBBH;206,50;2
2004;2;GLO;SBFL;SBPA;726,00;5
2004;2;GLO;SBSP;SBPA;429,50;196
2004;2;GLO;SBVT;SBRJ;97,81;299
2004;2;GLO;SBSV;SBBR;438,51;152
2004;2;GLO;SBPA;SBRJ;261,00;4
2004;2;GLO;SBSV;SBGL;431,05;59
2004;2;GLO;SBSP;SBPA;155,00;1
2004;2;GLO;SBCT;SBSP;258,00;9
2004;2;GLO;SBRJ;SBKP;273,00;17
2004;2;GLO;SBBR;SBSP;271,00;72
2004;2;GLO;SBRJ;SBPA;261,00;14
2004;2;GLO;SBGL;SBSP;624,00;3
2004;2;GLO;SBKP;SBBR;216,85;628
2004;2;GLO;SBGL;SBCT;298,64;25
2004;2;GLO;SBFL;SBSP;194,36;1495
2004;2;GLO;SBFL;SBSP;216,81;1914
2004;2;GLO;SBRJ;SBPA;250,00;2
2004;2;GLO;SBRJ;SBVT;152,14;3106
2004;2;GLO;SBBH;SBSP;268,98;162
2004;2;GLO;SBFL;SBBR;172,39;650
2004;2;GLO;SBGR;SBGL;86,26;268
2004;2;GLO;SBRJ;SBFL;75,00;8
2004;2;GLO;SBRJ;SBCT;202,83;1078
2004;2;GLO;SBPS;SBSP;128,04;1854
2004;2;GLO;SBSP;SBVT;196,69;337
2004;2;GLO;SBGL;SBSP;100,00;32
2004;2;GLO;SBGL;SBSP;199,29;7
2004;2;GLO;SBRF;SBSV;119,63;136
2004;2;GLO;SBRJ;SBBR;392,92;203
2004;2;GLO;SBSP;SBGL;100,00;21
2004;2;GLO;SBRF;SBSV;221,51;266
2004;2;GLO;SBPS;SBSP;111,67;102
2004;2;GLO;SBRJ;SBPA;235,00;12
2004;2;GLO;SBBR;SBRJ;590,00;4
2004;2;GLO;SBFL;SBSP;179,70;146
2004;2;GLO;SBGL;SBBR;390,38;11
2004;2;GLO;SBSP;SBBH;271,35;226
2004;2;GLO;SBGL;SBSP;176,29;1903
2004;2;GLO;SBBR;SBGO;146,00;69
2004;2;GLO;SBRJ;SBBR;320,85;376
2004;2;GLO;SBBH;SBBR;464,00;6
2004;2;GLO;SBPA;SBRJ;235,00;4
2004;2;GLO;SBPA;SBBR;393,57;14
2004;2;GLO;SBSP;SBFL;248,49;333
2004;2;GLO;SBBR;SBSV;399,28;101
2004;2;GLO;SBSV;SBGL;570,00;2
2004;2;GLO;SBGO;SBSP;353,00;121
2004;2;GLO;SBBR;SBFZ;659,78;154
2004;2;GLO;SBSV;SBGR;259,75;40
2004;2;GLO;SBPA;SBFL;100,00;26
2004;2;GLO;SBPA;SBGL;316,98;74
2004;2;GLO;SBPA;SBRJ;263,61;38
2004;2;GLO;SBCT;SBBR;364,18;20
2004;2;GLO;SBGL;SBSP;286,00;1
2004;2;GLO;SBBH;SBBR;326,00;42
2004;2;GLO;SBSV;SBBR;369,66;246
2004;2;GLO;SBRJ;SBBH;163,00;249
2004;2;GLO;SBGL;SBFL;188,70;170
2004;2;GLO;SBBE;SBMQ;91,63;363
2004;2;GLO;SBGO;SBSP;355,93;667
2004;2;GLO;SBSV;SBRF;133,05;41
2004;2;GLO;SBGO;SBSP;449,00;5
2004;2;GLO;SBGO;SBSP;240,10;20
2004;2;GLO;SBRJ;SBFL;177,10;886
2004;2;GLO;SBSP;SBGL;199,74;221
2004;2;GLO;SBGL;SBRF;450,00;21
2004;2;GLO;SBKP;SBCT;604,20;8
2004;2;GLO;SBBR;SBSV;737,93;25
2004;2;GLO;SBGR;SBSV;182,85;226
2004;2;GLO;SBBH;SBBR;356,07;36
2004;2;GLO;SBGR;SBGL;286,00;14
2004;2;GLO;SBVT;SBRJ;262,29;14
2004;2;GLO;SBGO;SBBR;127,66;47
2004;2;GLO;SBSP;SBBR;271,00;63
2004;2;GLO;SBPA;SBSP;483,00;1
2004;2;GLO;SBBH;SBCT;113,79;760
2004;2;GLO;SBCT;SBBH;142,30;344
2004;2;GLO;SBPA;SBGR;175,75;193
2004;2;GLO;SBRJ;SBSP;293,00;28
2004;2;GLO;SBPA;SBFL;158,24;310
2004;2;GLO;SBBH;SBCT;183,00;94
2004;2;GLO;SBGR;SBSV;688,00;1
2004;2;GLO;SBRF;SBFZ;375,00;1
2004;2;GLO;SBPA;SBGL;303,98;384
2004;2;GLO;SBFL;SBGL;243,95;339
2004;2;GLO;SBRJ;SBSP;219,00;2
2004;2;GLO;SBGR;SBSV;531,00;1
2004;2;GLO;SBBH;SBKP;252,42;14
2004;2;GLO;SBKP;SBRJ;414,00;1
2004;2;GLO;SBRJ;SBBR;388,34;330
2004;2;GLO;SBBR;SBRJ;353,69;316
2004;2;GLO;SBFL;SBPA;212,27;81
2004;2;GLO;SBFZ;SBBR;657,23;91
2004;2;GLO;SBSP;SBBH;235,05;2537
2004;2;GLO;SBGR;SBPA;177,60;245
2004;2;GLO;SBSP;SBGL;132,00;5
2004;2;GLO;SBBR;SBKP;219,28;273
2004;2;GLO;SBKP;SBRJ;273,00;64
2004;2;GLO;SBSP;SBGO;150,00;3
2004;2;GLO;SBMQ;SBBE;105,37;1414
2004;2;GLO;SBCT;SBRJ;117,59;56
2004;2;GLO;SBBR;SBCT;336,93;484
2004;2;GLO;SBBH;SBCT;161,99;20
2004;2;GLO;SBKP;SBCT;243,38;99
2004;2;GLO;SBSV;SBRF;117,31;197
2004;2;GLO;SBSP;SBRJ;324,00;3
2004;2;GLO;SBSP;SBGO;384,21;82
2004;2;GLO;SBGL;SBRF;415,92;436
2004;2;GLO;SBPA;SBKP;255,00;10
2004;2;GLO;SBPA;SBGR;157,62;40
2004;2;GLO;SBBR;SBSV;163,81;345
2004;2;GLO;SBRJ;SBPA;252,00;98
2004;2;GLO;SBFL;SBGL;338,26;28
2004;2;GLO;SBGL;SBSP;193,19;576
2004;2;GLO;SBBR;SBSP;368,50;721
2004;2;GLO;SBGL;SBSP;299,00;2
2004;2;GLO;SBGR;SBPA;148,88;223
2004;2;GLO;SBCT;SBBR;432,00;47
2004;2;GLO;SBSP;SBBH;417,00;1
2004;2;GLO;SBGR;SBFL;251,00;1
2004;2;GLO;SBPS;SBSP;246,93;23
2004;2;GLO;SBBR;SBSP;378,68;383
2004;2;GLO;SBBR;SBPA;640,71;14
2004;2;GLO;SBBR;SBGO;58,16;28
2004;2;GLO;SBGL;SBFL;265,00;2
2004;2;GLO;SBCT;SBBR;280,39;723
2004;2;GLO;SBMQ;SBBE;123,59;209
2004;2;GLO;SBBR;SBBH;242,75;1514
2004;2;GLO;SBRF;SBGL;1056,00;1
2004;2;GLO;SBBE;SBBR;174,50;12
2004;2;GLO;SBBH;SBCT;162,00;66
2004;2;GLO;SBBR;SBKP;350,35;1
2004;2;GLO;SBSP;SBFL;295,16;54
2004;2;GLO;SBGR;SBSV;173,89;28
2004;2;GLO;SBFL;SBSP;78,05;820
2004;2;GLO;SBPA;SBSP;127,02;26
2004;2;GLO;SBGL;SBPA;245,98;40
2004;2;GLO;SBRJ;SBBH;248,74;75
2004;2;GLO;SBNF;SBSP;387,00;2
2004;2;GLO;SBMQ;SBBE;90,41;346
2004;2;GLO;SBPA;SBCT;145,35;16
2004;2;GLO;SBSP;SBGL;249,00;1
2004;2;GLO;SBRJ;SBCT;249,33;217
2004;2;GLO;SBBH;SBBR;204,73;11
2004;2;GLO;SBGL;SBPA;215,00;8
2004;2;GLO;SBFL;SBBR;161,47;76
2004;2;GLO;SBRF;SBSV;442,00;2
2004;2;GLO;SBRF;SBGL;607,66;210
2004;2;GLO;SBFL;SBGL;246,69;171
2004;2;GLO;SBSV;SBBR;574,93;6
2004;2;GLO;SBSP;SBCT;248,14;2662
2004;2;GLO;SBRJ;SBKP;237,64;191
2004;2;GLO;SBBR;SBRJ;572,00;1
2004;2;GLO;SBGL;SBSV;468,93;120
2004;2;GLO;SBFL;SBRJ;237,48;98
2004;2;GLO;SBCT;SBGL;227,56;424
2004;2;GLO;SBPA;SBSP;396,68;209
2004;2;GLO;SBCT;SBPA;416,00;1
2004;2;GLO;SBPA;SBBR;470,59;34
2004;2;GLO;SBSV;SBRF;200,00;340
2004;2;GLO;SBSV;SBBR;663,00;18
2004;2;GLO;SBRJ;SBKP;164,00;3
2004;2;GLO;SBMQ;SBBE;147,04;91
2004;2;GLO;SBBH;SBCT;124,00;12
2004;2;GLO;SBBR;SBCT;336,91;92
2004;2;GLO;SBGL;SBPA;261,91;345
2004;2;GLO;SBGL;SBSP;264,51;446
2004;2;GLO;SBRJ;SBKP;313,00;2
2004;2;GLO;SBSV;SBBR;202,71;7
2004;2;GLO;SBBR;SBRJ;328,56;2461
2004;2;GLO;SBPA;SBRJ;223,16;35
2004;2;GLO;SBPA;SBKP;394,32;48
2004;2;GLO;SBBR;SBSV;410,00;85
2004;2;GLO;SBBR;SBFL;237,00;487
2004;2;GLO;SBSP;SBRP;88,80;30
2004;2;GLO;SBBR;SBFZ;240,49;117
2004;2;GLO;SBBH;SBSP;150,00;3
2004;2;GLO;SBPA;SBKP;313,00;42
2004;2;GLO;SBBH;SBKP;142,92;269
2004;2;GLO;SBPA;SBCT;184,27;204
2004;2;GLO;SBCT;SBPA;264,63;16
2004;2;GLO;SBRJ;SBFL;192,54;264
2004;2;GLO;SBNF;SBSP;208,77;483
2004;2;GLO;SBRJ;SBBR;245,47;32
2004;2;GLO;SBSP;SBPS;139,50;20
2004;2;GLO;SBBR;SBSP;410,00;7
2004;2;GLO;SBPA;SBCT;134,00;13
2004;2;GLO;SBRF;SBFZ;286,76;226
2004;2;GLO;SBGL;SBRF;204,31;107
2004;2;GLO;SBCT;SBRJ;185,51;1025
2004;2;GLO;SBFL;SBGL;270,24;79
2004;2;GLO;SBRF;SBSV;200,00;393
2004;2;GLO;SBBH;SBBR;389,00;1
2004;2;GLO;SBFL;SBSP;402,00;11
2004;2;GLO;SBFL;SBGR;78,00;80
2004;2;GLO;SBSP;SBCT;243,00;130
2004;2;GLO;SBSV;SBGL;182,54;298
2004;2;GLO;SBBR;SBBE;943,00;1
2004;2;GLO;SBGR;SBFL;78,20;142
2004;2;GLO;SBSP;SBBR;321,00;1
2004;2;GLO;SBBR;SBSV;530,40;12
2004;2;GLO;SBPA;SBBR;271,00;42
2004;2;GLO;SBBR;SBKP;198,62;99
2004;2;GLO;SBCT;SBKP;247,19;362
2004;2;GLO;SBKP;SBRJ;331,00;3
2004;2;GLO;SBFL;SBBR;217,46;58
2004;2;GLO;SBRF;SBSV;139,00;58
2004;2;GLO;SBFL;SBPA;254,07;42
2004;2;GLO;SBVT;SBSP;81,50;2
2004;2;GLO;SBSP;SBNF;100,00;4
2004;2;GLO;SBRJ;SBPA;195,91;490
2004;2;GLO;SBSP;SBRJ;219,00;2
2004;2;GLO;SBGR;SBGL;293,00;2
2004;2;GLO;SBFZ;SBRF;150,22;46
2004;2;GLO;SBPA;SBRJ;250,00;1
2004;2;GLO;SBSV;SBGL;253,57;236
2004;2;GLO;SBBR;SBSP;308,60;895
2004;2;GLO;SBSP;SBCT;223,40;2128
2004;2;GLO;SBSV;SBGR;823,00;4
2004;2;GLO;SBSP;SBBH;379,00;1
2004;2;GLO;SBBH;SBRJ;183,00;8
2004;2;GLO;SBBR;SBRJ;262,15;132
2004;2;GLO;SBFL;SBSP;261,26;45
2004;2;GLO;SBRJ;SBKP;293,60;296
2004;2;GLO;SBBR;SBFL;267,59;118
2004;2;GLO;SBGL;SBFL;58,55;50
2004;2;GLO;SBSP;SBPA;472,06;53
2004;2;GLO;SBBR;SBSV;369,81;170
2004;2;GLO;SBKP;SBPA;311,38;26
2004;2;GLO;SBBR;SBFL;206,39;431
2004;2;GLO;SBPA;SBSP;444,00;107
2004;2;GLO;SBBH;SBSP;417,00;10
2004;2;GLO;SBFL;SBPA;110,56;847
2004;2;GLO;SBRJ;SBKP;277,97;747
2004;2;GLO;SBBR;SBGO;133,16;10
2004;2;GLO;SBPA;SBRJ;239,21;493
2004;2;GLO;SBSP;SBGL;192,74;557
2004;2;GLO;SBSV;SBBR;376,62;38
2004;2;GLO;SBRJ;SBCT;158,46;35
2004;2;GLO;SBCT;SBBH;125,21;846
2004;2;GLO;SBCT;SBSP;261,00;961
2004;2;GLO;SBKP;SBBR;275,28;4
2004;2;GLO;SBFL;SBRJ;169,53;12
2004;2;GLO;SBBH;SBRJ;238,49;88
2004;2;GLO;SBSP;SBFL;332,00;1
2004;2;GLO;SBBE;SBBR;453,69;18
2004;2;GLO;SBSP;SBBH;179,60;303
2004;2;GLO;SBSV;SBGR;174,75;118
2004;2;GLO;SBFL;SBSP;238,23;448
2004;2;GLO;SBRF;SBGL;416,72;247
2004;2;GLO;SBBR;SBRJ;394,08;102
2004;2;GLO;SBSV;SBRF;284,50;12
2004;2;GLO;SBKP;SBRJ;350,00;1
2004;2;GLO;SBCT;SBGL;276,22;27
2004;2;GLO;SBBE;SBMQ;89,58;187
2004;2;GLO;SBRJ;SBFL;199,75;30
2004;2;GLO;SBCT;SBRJ;186,50;4
2004;2;GLO;SBBR;SBSV;215,27;82
2004;2;GLO;SBSP;SBPS;262,63;103
2004;2;GLO;SBCT;SBBR;285,26;101
2004;2;GLO;SBBR;SBGL;387,00;5
2004;2;GLO;SBBH;SBCT;124,90;784
2004;2;GLO;SBKP;SBRJ;278,13;743
2004;2;GLO;SBCT;SBBH;183,00;90
2004;2;GLO;SBPA;SBGR;571,00;1
2004;2;GLO;SBGL;SBSV;621,00;2
2004;2;GLO;SBSP;SBRJ;169,00;2
2004;2;GLO;SBCT;SBRJ;228,13;235
2004;2;GLO;SBSP;SBCT;100,00;5
2004;2;GLO;SBFZ;SBRF;163,00;38
2004;2;GLO;SBGL;SBCT;233,69;140
2004;2;GLO;SBFL;SBBR;256,50;16
2004;2;GLO;SBBR;SBBE;304,34;26
2004;2;GLO;SBCT;SBBH;124,00;12
2004;2;GLO;SBGL;SBCT;143,00;1
2004;2;GLO;SBGR;SBPA;127,44;33
2004;2;GLO;SBSP;SBPS;179,37;209
2004;2;GLO;SBGL;SBPA;395,66;35
2004;2;GLO;SBBR;SBFZ;621,51;158
2004;2;GLO;SBSP;SBFL;179,66;128
2004;2;GLO;SBRF;SBSV;232,89;45
2004;2;GLO;SBGL;SBFL;75,00;2
2004;2;GLO;SBPA;SBFL;133,67;751
2004;2;GLO;SBBH;SBKP;128,14;658
2004;2;GLO;SBGL;SBRF;166,67;3
2004;2;GLO;SBRJ;SBSP;267,88;5360
2004;2;GLO;SBKP;SBBH;162,50;24
2004;2;GLO;SBBH;SBCT;143,11;388
2004;2;GLO;SBFL;SBSP;80,00;1
2004;2;GLO;SBBR;SBBH;270,17;1438
2004;2;GLO;SBFL;SBGR;93,56;503
2004;2;GLO;SBSP;SBGO;449,00;15
2004;2;GLO;SBSV;SBGL;250,00;3
2004;2;GLO;SBSV;SBBR;144,94;187
2004;2;GLO;SBFZ;SBBR;615,66;167
2004;2;GLO;SBBR;SBSP;150,00;11
2004;2;GLO;SBFZ;SBBR;344,19;439
2004;2;GLO;SBFL;SBRJ;178,69;690
2004;2;GLO;SBGL;SBFL;192,67;234
2004;2;GLO;SBSV;SBRF;302,00;8
2004;2;GLO;SBRJ;SBCT;150,00;12
2004;2;GLO;SBSP;SBRJ;148,88;1856
2004;2;GLO;SBBH;SBCT;107,00;10
2004;2;GLO;SBBH;SBSP;259,51;1504
2004;2;GLO;SBGL;SBSV;301,19;310
2004;2;GLO;SBGL;SBRF;293,00;78
2004;2;GLO;SBRF;SBFZ;219,51;91
2004;2;GLO;SBSP;SBFL;217,43;2162
2004;2;GLO;SBRF;SBFZ;141,70;918
2004;2;GLO;SBSV;SBRF;183,20;321
2004;2;GLO;SBRJ;SBBR;285,38;2134
2004;2;GLO;SBSP;SBRJ;286,00;4
2004;2;GLO;SBSP;SBGL;269,00;1
2004;2;GLO;SBBH;SBSP;273,63;160
2004;2;GLO;SBPA;SBGR;331,73;26
2004;2;GLO;SBCT;SBKP;220,61;530
2004;2;GLO;SBGL;SBPA;176,09;106
2004;2;GLO;SBRP;SBSP;87,52;29
2004;2;GLO;SBRJ;SBBH;212,00;2
2004;2;GLO;SBFZ;SBRF;95,63;847
2004;2;GLO;SBPA;SBSP;368,35;794
2004;2;GLO;SBBE;SBBR;629,00;1
2004;2;GLO;SBSV;SBGR;430,43;7
2004;2;GLO;SBSP;SBFL;100,00;4
2004;2;GLO;SBGL;SBSV;366,70;373
2004;2;GLO;SBRJ;SBCT;179,15;1231
2004;2;GLO;SBPA;SBCT;158,43;2248
2004;2;GLO;SBPA;SBGL;394,49;191
2004;2;GLO;SBCT;SBBR;276,50;2
2004;2;GLO;SBGL;SBGR;47,78;18
2004;2;GLO;SBGL;SBFL;131,77;13
2004;2;GLO;SBSP;SBGL;175,71;2061
2004;2;GLO;SBFL;SBSP;212,00;1474
2004;2;GLO;SBGL;SBSP;269,00;5
2004;2;GLO;SBSV;SBBR;381,42;5
2004;2;GLO;SBSP;SBPS;323,00;1
2004;2;GLO;SBKP;SBRJ;370,00;2
2004;2;GLO;SBBR;SBSP;337,01;1736
2004;2;GLO;SBBR;SBBE;412,91;55
2004;2;GLO;SBRF;SBGL;206,39;32
2004;2;GLO;SBGL;SBGR;179,00;28
2004;2;GLO;SBPA;SBGL;291,22;31
2004;2;GLO;SBPA;SBCT;249,00;1
2004;2;GLO;SBSV;SBGL;298,35;858
2004;2;GLO;SBGL;SBRF;577,00;217
2004;2;GLO;SBPA;SBGL;363,43;21
2004;2;GLO;SBRJ;SBCT;258,72;98
2004;2;GLO;SBSP;SBPA;338,40;2762
2004;2;GLO;SBSP;SBGO;417,00;19
2004;2;GLO;SBGL;SBGR;286,00;3
2004;2;GLO;SBFL;SBGR;215,98;29
2004;2;GLO;SBGL;SBPA;392,00;108
2004;2;GLO;SBRJ;SBFL;227,50;6
2004;2;GLO;SBGL;SBRF;587,44;128
2004;2;GLO;SBSP;SBBR;347,58;240
2004;2;GLO;SBBH;SBKP;386,00;2
2004;2;GLO;SBBR;SBSP;248,30;230
2004;2;GLO;SBBE;SBMQ;171,53;200
2004;2;GLO;SBFL;SBPA;157,70;512
2004;2;GLO;SBBR;SBPA;562,00;64
2004;2;GLO;SBSP;SBRP;99,00;34
2004;2;GLO;SBCT;SBPA;159,57;2029
2004;2;GLO;SBGL;SBFL;218,90;298
2004;2;GLO;SBGL;SBSP;144,59;1503
2004;2;GLO;SBKP;SBBH;131,23;408
2004;2;GLO;SBBR;SBGL;334,81;21
2004;2;GLO;SBBR;SBCT;368,67;9
2004;2;GLO;SBSP;SBBR;378,00;4
2004;2;GLO;SBKP;SBBH;118,58;931
2004;2;GLO;SBRJ;SBBR;179,00;2
2004;2;GLO;SBKP;SBPA;303,74;249
2004;2;GLO;SBSP;SBPS;209,35;50
2004;2;GLO;SBCT;SBPA;399,00;1
2004;2;GLO;SBGL;SBFL;269,10;102
2004;2;GLO;SBGL;SBSP;132,00;12
2004;2;GLO;SBKP;SBPA;241,27;531
2004;2;GLO;SBSP;SBBR;150,00;13
2004;2;GLO;SBGL;SBFL;290,13;32
2004;2;GLO;SBBR;SBGO;139,00;23
2004;2;GLO;SBVT;SBRJ;163,00;307
2004;2;GLO;SBBR;SBCT;305,00;4
2004;2;GLO;SBRJ;SBVT;100,00;12
2004;2;GLO;SBCT;SBRJ;192,00;136
2004;2;GLO;SBVT;SBRJ;149,57;3186
2004;2;GLO;SBSP;SBRJ;267,99;4631
2004;2;GLO;SBRF;SBSV;98,36;1303
2004;2;GLO;SBNF;SBSP;173,48;166
2004;2;GLO;SBGL;SBGR;147,00;34
2004;2;GLO;SBSP;SBBH;345,00;2
2004;2;GLO;SBGL;SBRF;533,46;104
2004;2;GLO;SBPA;SBSP;300,65;2573
2004;2;GLO;SBFL;SBPA;302,00;8
2004;2;GLO;SBRF;SBGL;561,55;147
2004;2;GLO;SBGL;SBCT;204,20;266
2004;2;GLO;SBCT;SBSP;280,31;333
2004;2;GLO;SBSP;SBGL;50,00;3
2004;2;GLO;SBBR;SBSP;484,32;53
2004;2;GLO;SBPA;SBSP;368,00;7
2004;2;GLO;SBCT;SBBH;157,68;90
2004;2;GLO;SBFL;SBGL;290,69;36
2004;2;GLO;SBPA;SBGL;179,00;10
2004;2;GLO;SBBE;SBBR;212,50;30
2004;2;GLO;SBBR;SBGO;130,40;87
2004;2;GLO;SBKP;SBPA;339,72;3
2004;2;GLO;SBGR;SBSV;248,36;38
2004;2;GLO;SBFL;SBSP;265,74;132
2004;2;GLO;SBSP;SBPA;571,00;2
2004;2;GLO;SBRJ;SBCT;551,00;1
2004;2;GLO;SBBR;SBPA;259,49;167
2004;2;GLO;SBSP;SBPA;302,18;2451
2004;2;GLO;SBBR;SBRJ;448,95;138
2004;2;GLO;SBPA;SBSP;150,00;13
2004;2;GLO;SBFL;SBGL;58,62;54
2004;2;GLO;SBRJ;SBFL;265,00;20
2004;2;GLO;SBPA;SBGL;286,82;426
2004;2;GLO;SBBR;SBRJ;150,00;6
2004;2;GLO;SBGL;SBSV;434,67;33
2004;2;GLO;SBBR;SBPA;487,80;10
2004;2;GLO;SBSP;SBCT;258,00;1
2004;2;GLO;SBFL;SBSP;96,00;5
2004;2;GLO;SBPS;SBSP;215,50;129
2004;2;GLO;SBCT;SBKP;263,07;55
2004;2;GLO;SBSP;SBCT;337,00;1
2004;2;GLO;SBMQ;SBBE;89,77;240
2004;2;GLO;SBPS;SBSP;198,33;200
2004;2;GLO;SBSP;SBFL;194,06;1694
2004;2;GLO;SBGL;SBBR;306,13;120
2004;2;GLO;SBNF;SBSP;236,00;2
2004;2;GLO;SBFL;SBBR;194,19;496
2004;2;GLO;SBSP;SBBH;210,36;2787
2004;2;GLO;SBFL;SBPA;121,12;1631
2004;2;GLO;SBRJ;SBKP;70,00;1
2004;2;GLO;SBKP;SBCT;289,82;44
2004;2;GLO;SBSV;SBGR;224,27;49
2004;2;GLO;SBCT;SBBR;286,21;155
2004;2;GLO;SBBR;SBSP;571,00;1
2004;2;GLO;SBFL;SBRJ;194,78;216
2004;2;GLO;SBRF;SBGL;504,67;217
2004;2;GLO;SBRJ;SBKP;100,00;3
2004;2;GLO;SBKP;SBCT;299,00;6
2004;2;GLO;SBBH;SBRJ;187,24;716
2004;2;GLO;SBSP;SBGL;293,00;1
2004;2;GLO;SBSV;SBBR;308,37;425
2004;2;GLO;SBGL;SBBR;335,66;63
2004;2;GLO;SBRF;SBSV;126,08;44
2004;2;GLO;SBSP;SBPA;251,66;444
2004;2;GLO;SBBE;SBBR;342,00;1
2004;2;GLO;SBPA;SBSP;334,62;2924
2004;2;GLO;SBGR;SBSV;717,94;16
2004;2;GLO;SBGL;SBFL;295,39;7
2004;2;GLO;SBKP;SBBR;241,91;322
2004;2;GLO;SBPA;SBFL;196,94;5
2004;2;GLO;SBVT;SBSP;206,81;582
2004;2;GLO;SBBH;SBSP;234,91;2458
2004;2;GLO;SBVT;SBSP;176,56;1742
2004;2;GLO;SBSV;SBGL;395,59;310
2004;2;GLO;SBRJ;SBVT;184,00;15
2004;2;GLO;SBGR;SBFL;93,59;446
2004;2;GLO;SBBR;SBKP;215,74;581
2004;2;GLO;SBSP;SBBH;314,00;1
2004;2;GLO;SBSP;SBPA;389,04;255
2004;2;GLO;SBFZ;SBRF;242,00;2
2004;2;GLO;SBSP;SBPA;368,00;20
2004;2;GLO;SBPA;SBCT;213,24;17
2004;2;GLO;SBSP;SBRP;180,45;1
2004;2;GLO;SBBH;SBRJ;100,00;1
2004;2;GLO;SBSP;SBVT;115,62;95
2004;2;GLO;SBVT;SBRJ;166,41;1356
2004;2;GLO;SBSV;SBGL;304,23;379
2004;2;GLO;SBBE;SBMQ;137,93;1584
2004;2;GLO;SBCT;SBPA;187,37;294
2004;2;GLO;SBGL;SBRF;512,53;145
2004;2;GLO;SBBH;SBBR;150,00;3
2004;2;GLO;SBGL;SBGR;293,00;2
2004;2;GLO;SBSP;SBPA;345,52;408
2004;2;GLO;SBVT;SBRJ;100,00;4
2004;2;GLO;SBCT;SBPA;211,26;46
2004;2;GLO;SBBR;SBPA;500,10;60
2004;2;GLO;SBFL;SBGR;193,50;45
2004;2;GLO;SBCT;SBSP;297,69;286
2004;2;GLO;SBBR;SBSV;458,00;10
2004;2;GLO;SBPA;SBCT;141,88;2318
2004;2;GLO;SBBR;SBCT;385,61;121
2004;2;GLO;SBCT;SBSP;100,00;4
2004;2;GLO;SBFZ;SBRF;261,00;5
2004;2;GLO;SBBR;SBFZ;463,84;290
2004;2;GLO;SBGL;SBSP;191,00;1
2004;2;GLO;SBNF;SBSP;189,35;1418
2004;2;GLO;SBPA;SBKP;314,61;190
2004;2;GLO;SBGR;SBSV;823,00;7
2004;2;GLO;SBSP;SBNF;189,48;1339
2004;2;GLO;SBGO;SBBR;170,00;1
2004;2;GLO;SBSP;SBGO;354,91;845
2004;2;GLO;SBGR;SBFL;215,35;24
2004;2;GLO;SBPA;SBSP;253,00;1
2004;2;GLO;SBSP;SBFL;453,00;22
2004;2;GLO;SBPA;SBRJ;228,99;123
2004;2;GLO;SBGO;SBSP;412,61;38
2004;2;GLO;SBBR;SBSP;344,04;199
2004;2;GLO;SBBR;SBGL;350,16;6
2004;2;GLO;SBGO;SBBR;140,92;46
2004;2;GLO;SBBR;SBBH;386,37;61
2004;2;GLO;SBRJ;SBPA;279,61;430
2004;2;GLO;SBSP;SBRJ;175,43;2642
2004;2;GLO;SBPA;SBBR;418,27;459
2004;2;GLO;SBGL;SBSP;74,09;11
2004;2;GLO;SBKP;SBBH;271,00;2
2004;2;GLO;SBRJ;SBSP;234,00;4
2004;2;GLO;SBBH;SBBR;269,83;1255
2004;2;GLO;SBSP;SBFL;262,00;20
2004;2;GLO;SBPA;SBCT;288,00;3
2004;2;GLO;SBSP;SBGL;156,00;348
2004;2;GLO;SBRJ;SBSP;148,40;2075
2004;2;GLO;SBMQ;SBBE;91,83;173
2004;2;GLO;SBBR;SBBE;513,00;5
2004;2;GLO;SBFL;SBPA;100,00;24
2004;2;GLO;SBBE;SBBR;255,00;102
2004;2;GLO;SBFL;SBGL;572,00;1
2004;2;GLO;SBRF;SBSV;240,49;197
2004;2;GLO;SBCT;SBSP;211,08;969
2004;2;GLO;SBSP;SBNF;204,87;73
2004;2;GLO;SBKP;SBCT;228,43;7
2004;2;GLO;SBBR;SBBE;368,09;56
2004;2;GLO;SBGL;SBPA;285,91;610
2004;2;GLO;SBCT;SBRJ;143,00;1
2004;2;GLO;SBGL;SBSV;250,27;160
2004;2;GLO;SBPA;SBBR;238,60;188
2004;2;GLO;SBGL;SBBR;364,89;14
2004;2;GLO;SBSP;SBBH;283,28;42
2004;2;GLO;SBRJ;SBBR;128,57;7
2004;2;GLO;SBPA;SBSP;353,78;379
2004;2;GLO;SBBR;SBBE;217,75;8
2004;2;GLO;SBKP;SBCT;449,00;1
2004;2;GLO;SBPA;SBGR;150,81;281
2004;2;GLO;SBRF;SBFZ;190,10;335
2004;2;GLO;SBRJ;SBCT;197,20;120
2004;2;GLO;SBKP;SBCT;261,96;387
2004;2;GLO;SBRJ;SBBH;142,00;110
2004;2;GLO;SBBE;SBBR;345,00;2
2004;2;GLO;SBBR;SBFZ;586,81;15
2004;2;GLO;SBRF;SBFZ;344,38;8
2004;2;GLO;SBSP;SBVT;226,00;8
2004;2;GLO;SBRF;SBFZ;146,21;95
2004;2;GLO;SBSP;SBRJ;100,00;4
2004;2;GLO;SBBH;SBRJ;330,00;10
2004;2;GLO;SBSP;SBGO;353,00;120
2004;2;GLO;SBRF;SBGL;556,27;18
2004;2;GLO;SBFZ;SBBR;648,85;165
2004;2;GLO;SBFZ;SBRF;134,87;874
2004;2;GLO;SBGO;SBSP;299,00;3
2004;2;GLO;SBRJ;SBFL;245,50;12
2004;2;GLO;SBKP;SBRJ;237,08;197
2004;2;GLO;SBSP;SBFL;296,77;174
2004;2;GLO;SBGL;SBGR;69,13;193
2004;2;GLO;SBRJ;SBVT;169,12;1539
2004;2;GLO;SBCT;SBSP;223,49;2246
2004;2;GLO;SBSP;SBNF;226,00;94
2004;2;GLO;SBGL;SBSV;179,76;903
2004;2;GLO;SBSP;SBRJ;160,47;1074
2004;2;GLO;SBBR;SBBH;301,85;27
2004;2;GLO;SBCT;SBBR;287,48;863
2004;2;GLO;SBFL;SBBR;195,50;58
2004;2;GLO;SBRP;SBSP;97,42;25
2004;2;GLO;SBRF;SBSV;320,92;25
2004;2;GLO;SBBR;SBFL;269,84;68
2004;2;GLO;SBFL;SBSP;100,00;4
2004;2;GLO;SBFL;SBSP;262,00;4
2004;2;GLO;SBKP;SBBR;273,45;47
2004;2;GLO;SBGR;SBPA;276,00;25
2004;2;GLO;SBRJ;SBKP;350,00;2
2004;2;GLO;SBSP;SBBR;429,26;112
2004;2;GLO;SBSP;SBRJ;188,73;3573
2004;2;GLO;SBRJ;SBSP;286,00;6
2004;2;GLO;SBRF;SBSV;202,71;273
2004;2;GLO;SBBH;SBSP;513,00;8
2004;2;GLO;SBNF;SBSP;100,00;1
2004;2;GLO;SBRF;SBGL;577,00;277
2004;2;GLO;SBSP;SBCT;318,00;16
2004;2;GLO;SBPS;SBSP;161,50;2
2004;2;GLO;SBGL;SBCT;272,00;47
2004;2;GLO;SBFL;SBGL;355,00;79
2004;2;GLO;SBFL;SBBR;299,00;38
2004;2;GLO;SBSV;SBGL;523,00;1
2004;2;GLO;SBKP;SBBH;231,60;1
2004;2;GLO;SBGL;SBSV;397,00;236
2004;2;GLO;SBGL;SBGR;198,00;8
2004;2;GLO;SBBR;SBRJ;230,18;28
2004;2;GLO;SBGR;SBGL;522,00;1
2004;2;GLO;SBFL;SBSP;332,00;232
2004;2;GLO;SBSP;SBBH;150,00;1
2004;2;GLO;SBSP;SBPS;111,50;12
2004;2;GLO;SBSP;SBNF;172,87;163
2004;2;GLO;SBVT;SBRJ;271,00;1
2004;2;GLO;SBBE;SBBR;279,59;58
2004;2;GLO;SBSP;SBGL;57,18;17
2004;2;GLO;SBRJ;SBVT;194,93;420
2004;2;GLO;SBPS;SBSP;180,85;640
2004;2;GLO;SBGR;SBSV;227,60;86
2004;2;GLO;SBNF;SBSP;206,00;70
2004;2;GLO;SBCT;SBGL;224,00;4
2004;2;GLO;SBKP;SBRJ;313,00;7
2004;2;GLO;SBRF;SBFZ;185,07;41
2004;2;GLO;SBGO;SBSP;385,96;76
2004;2;GLO;SBBH;SBBR;291,00;1
2004;2;GLO;SBPA;SBRJ;185,82;466
2004;2;GLO;SBBH;SBSP;314,00;7
2004;2;GLO;SBFL;SBRJ;221,98;66
2004;2;GLO;SBPA;SBSP;295,45;556
2004;2;GLO;SBCT;SBSP;529,98;44
2004;2;GLO;SBGL;SBRF;902,00;2
2004;2;GLO;SBSP;SBCT;212,93;1060
2004;2;GLO;SBSV;SBRF;97,64;1046
2004;2;GLO;SBKP;SBPA;313,00;13
2004;2;GLO;SBSP;SBGL;144,59;1283
2004;2;GLO;SBGL;SBSP;249,00;4
2004;2;GLO;SBKP;SBBH;141,17;72
2004;2;GLO;SBRF;SBGL;433,28;377
2004;2;GLO;SBSV;SBBR;416,70;105
2004;2;GLO;SBBE;SBMQ;149,00;8
2004;2;GLO;SBBH;SBBR;241,55;1479
2004;2;GLO;SBCT;SBGL;286,15;53
2004;2;GLO;SBSP;SBPS;151,96;107
2004;2;GLO;SBFL;SBSP;408,00;4
2004;2;GLO;SBSP;SBBR;375,63;452
2004;2;GLO;SBSP;SBBR;293,08;1219
2004;2;GLO;SBRJ;SBBH;187,02;764
2004;2;GLO;SBBH;SBBR;200,46;193
2004;2;GLO;SBSP;SBBH;258,01;1303
2004;2;GLO;SBPA;SBBR;414,00;5
2004;2;GLO;SBBH;SBSP;210,52;2822
2004;2;GLO;SBBR;SBBH;389,00;1
2004;2;GLO;SBGL;SBCT;197,00;2
2004;2;GLO;SBBE;SBMQ;103,00;8
2004;2;GLO;SBKP;SBRJ;293,01;396
2004;2;GLO;SBKP;SBRJ;249,70;746
2004;2;GLO;SBPA;SBCT;327,10;31
2004;2;GLO;SBRJ;SBVT;266,82;17
2004;2;GLO;SBSP;SBCT;261,70;903
2004;2;GLO;SBRJ;SBBH;330,00;9
2004;2;GLO;SBRJ;SBSP;160,50;2
2004;2;GLO;SBRJ;SBPA;265,51;83
2004;2;GLO;SBFL;SBRJ;265,00;4
2004;2;GLO;SBBR;SBSV;368,11;144
2004;2;GLO;SBCT;SBPA;764,00;1
2004;2;GLO;SBSP;SBVT;176,97;634
2004;2;GLO;SBBR;SBBH;204,73;11
2004;2;GLO;SBRJ;SBBR;279,86;319
2004;2;GLO;SBSV;SBRF;203,65;179
2004;2;GLO;SBBR;SBBE;464,00;8
2004;2;GLO;SBPA;SBSP;275,30;477
2004;2;GLO;SBFL;SBPA;76,08;480
2004;2;GLO;SBPA;SBFL;115,85;1603
2004;2;GLO;SBSV;SBRF;173,00;20
2004;2;GLO;SBCT;SBKP;217,69;104
2004;2;GLO;SBBR;SBPA;473,33;11
2004;2;GLO;SBCT;SBGL;150,00;2
2004;2;GLO;SBSV;SBGR;189,42;258
2004;2;GLO;SBBE;SBMQ;662,50;1
2004;2;GLO;SBBE;SBBR;513,00;4
2004;2;GLO;SBGR;SBFL;189,12;40
2004;2;GLO;SBGL;SBPA;332,04;77
2004;2;GLO;SBGO;SBBR;57,69;54
2004;2;GLO;SBBR;SBPA;433,42;477
2004;2;GLO;SBBH;SBBR;266,00;102
2004;2;GLO;SBFL;SBGL;455,93;28
2004;2;GLO;SBGR;SBPA;204,05;82
2004;2;GLO;SBRJ;SBBR;327,16;2378
2004;2;GLO;SBCT;SBRJ;205,85;346
2004;2;GLO;SBRF;SBSV;173,00;20
2004;2;GLO;SBSP;SBNF;207,12;420
2004;2;GLO;SBGL;SBRF;239,53;35
2004;2;GLO;SBBR;SBCT;397,19;23
2004;2;GLO;SBGL;SBSP;50,00;3
2004;2;GLO;SBGL;SBFL;346,59;17
2004;2;GLO;SBGL;SBPA;261,00;4
2004;2;GLO;SBGL;SBSV;250,00;1
2004;2;GLO;SBGL;SBRF;197,40;209
2004;2;GLO;SBBR;SBFZ;886,00;1
2004;2;GLO;SBBR;SBBH;356,00;2
2004;2;GLO;SBBR;SBFL;373,75;24
2004;2;GLO;SBBH;SBCT;75,00;2
2004;2;GLO;SBRJ;SBCT;75,00;4
2004;2;GLO;SBSP;SBVT;252,23;235
2004;2;GLO;SBBR;SBBE;342,00;1
2004;2;GLO;SBVT;SBSP;167,93;349
2004;2;GLO;SBBR;SBCT;364,00;15
2004;2;GLO;SBBH;SBSP;253,00;3
2004;2;GLO;SBSP;SBRJ;293,00;28
2004;2;GLO;SBGL;SBPA;125,00;4
2004;2;GLO;SBPA;SBFL;302,00;6
2004;2;GLO;SBPA;SBKP;284,21;280
2004;2;GLO;SBFL;SBRJ;211,00;22
2004;2;GLO;SBRJ;SBBH;100,00;6
2004;2;GLO;SBRF;SBSV;302,00;17
2004;2;GLO;SBRJ;SBKP;250,32;779
2004;2;GLO;SBSV;SBGL;621,00;6
2004;2;GLO;SBRJ;SBBR;365,92;144
2004;2;GLO;SBPA;SBGL;261,00;2
2004;2;GLO;SBBR;SBRJ;358,07;22
2004;2;GLO;SBBR;SBBH;293,76;197
2004;2;GLO;SBSV;SBRF;152,84;659
2004;2;GLO;SBKP;SBRJ;100,00;5
2004;2;GLO;SBFZ;SBBR;520,21;15
2004;2;GLO;SBBR;SBCT;433,33;30
2004;2;GLO;SBGL;SBGR;58,59;68
2004;2;GLO;SBSP;SBPS;161,04;606
2004;2;GLO;SBBH;SBRJ;168,53;2254
2004;2;GLO;SBFL;SBBR;240,51;56
2004;2;GLO;SBKP;SBCT;276,32;24
2004;2;GLO;SBRJ;SBPA;262,73;19
2004;2;GLO;SBSP;SBPS;92,37;352
2004;2;GLO;SBRJ;SBFL;177,50;28
2004;2;GLO;SBFL;SBGR;384,69;7
2004;2;GLO;SBCT;SBRJ;231,56;108
2004;2;GLO;SBRF;SBFZ;97,41;720
2004;2;GLO;SBBR;SBKP;177,00;2
2004;2;GLO;SBSV;SBRF;235,00;59
2004;2;GLO;SBSP;SBCT;358,00;1
2004;2;GLO;SBSP;SBBR;349,00;245
2004;2;GLO;SBSP;SBBR;479,51;69
2004;2;GLO;SBPA;SBBR;416,08;562
2004;2;GLO;SBPA;SBFL;112,00;106
2004;2;GLO;SBSP;SBPS;125,04;95
2004;2;GLO;SBBR;SBBH;266,00;185
2004;2;GLO;SBPA;SBCT;387,00;1
2004;2;GLO;SBGL;SBPA;177,06;37
2004;2;GLO;SBSP;SBVT;224,00;42
2004;2;GLO;SBSV;SBBR;344,85;112
2004;2;GLO;SBPS;SBSP;190,50;88
2004;2;GLO;SBBH;SBSP;179,76;304
2004;2;GLO;SBSV;SBRF;139,00;14
2004;2;GLO;SBSP;SBFL;77,29;544
2004;2;GLO;SBSP;SBGL;255,72;36
2004;2;GLO;SBBR;SBPA;462,33;407
2004;2;GLO;SBGL;SBCT;285,79;79
2004;2;GLO;SBFL;SBRJ;177,50;106
2004;2;GLO;SBSP;SBCT;299,00;48
2004;2;GLO;SBRF;SBFZ;202,00;2
2004;2;GLO;SBCT;SBKP;133,00;5
2004;2;GLO;SBBR;SBFL;189,09;66
2004;2;GLO;SBRF;SBSV;228,00;12
2004;2;GLO;SBSP;SBPA;363,72;848
2004;2;GLO;SBBH;SBSP;160,84;117
2004;2;GLO;SBRF;SBSV;267,00;3
2004;2;GLO;SBCT;SBPA;142,77;2396
2004;2;GLO;SBBH;SBSP;286,00;24
2004;2;GLO;SBFL;SBSP;294,40;234
2004;2;GLO;SBFL;SBSP;235,89;435
2004;2;GLO;SBCT;SBGL;272,00;31
2004;2;GLO;SBPA;SBFL;188,75;61
2004;2;GLO;SBVT;SBRJ;215,00;1
2004;2;GLO;SBFZ;SBRF;209,00;68
2004;2;GLO;SBRJ;SBBR;389,26;109
2004;2;GLO;SBRJ;SBPA;222,97;629
2004;2;GLO;SBPA;SBKP;342,00;1
2004;2;GLO;SBGL;SBFL;333,67;3
2004;2;GLO;SBRJ;SBKP;414,00;1
2004;2;GLO;SBPA;SBFL;212,38;123
2004;2;GLO;SBCT;SBSP;337,00;1
2004;2;GLO;SBSP;SBGO;238,17;24
2004;2;GLO;SBSP;SBFL;263,96;88
2004;2;GLO;SBSP;SBVT;167,74;76
2004;2;GLO;SBBE;SBBR;383,31;54
2004;2;GLO;SBPA;SBRJ;213,83;540
2004;2;GLO;SBPA;SBFL;257,48;68
2004;2;GLO;SBSP;SBBR;338,27;2435
2004;2;GLO;SBSP;SBCT;145,71;17
2004;2;GLO;SBKP;SBPA;364,24;17
2004;2;GLO;SBBR;SBFZ;330,30;433
2004;2;GLO;SBFZ;SBRF;178,55;325
2004;2;GLO;SBSP;SBBR;291,24;274
2004;2;GLO;SBBR;SBCT;674,00;1
2004;2;GLO;SBSV;SBGL;214,14;208
2004;2;GLO;SBRJ;SBFL;160,85;978
2004;2;GLO;SBFL;SBBR;89,90;2
2004;2;GLO;SBGL;SBCT;254,17;422
2004;2;GLO;SBGR;SBGL;110,63;59
2004;2;GLO;SBSV;SBGR;490,44;20
2004;2;GLO;SBBR;SBCT;173,40;15
2004;2;GLO;SBFZ;SBRF;146,13;96
2004;2;GLO;SBSP;SBBR;407,26;197
2004;2;GLO;SBCT;SBPA;285,96;25
2004;2;GLO;SBSP;SBPS;142,91;2049
2004;2;GLO;SBBR;SBBH;199,63;41
2004;2;GLO;SBPA;SBFL;76,71;525
2004;2;GLO;SBSP;SBPA;133,33;9
2004;2;GLO;SBBH;SBRJ;163,00;276
2004;2;GLO;SBFL;SBRJ;75,00;2
2004;2;GLO;SBSP;SBBH;159,62;168
2004;2;GLO;SBBR;SBSV;298,15;563
2004;2;GLO;SBSP;SBRJ;198,00;11
2004;2;GLO;SBBR;SBGL;336,80;4
2004;2;GLO;SBGO;SBSP;381,00;4
2004;2;GLO;SBPA;SBGL;392,00;128
2004;2;GLO;SBGL;SBRF;564,96;18
2004;2;GLO;SBBE;SBMQ;89,23;203
2004;2;GLO;SBGL;SBSP;540,00;4
2004;2;GLO;SBCT;SBSP;358,00;11
2004;2;GLO;SBGO;SBBR;110,00;15
2004;2;GLO;SBFL;SBGL;133,09;69
2004;2;GLO;SBVT;SBSP;221,23;515
2004;2;GLO;SBBR;SBRJ;362,86;326
2004;2;GLO;SBKP;SBCT;234,74;464
2004;2;GLO;SBRJ;SBBH;168,12;2424
2004;2;GLO;SBCT;SBGL;296,76;27
2004;2;GLO;SBFL;SBPA;273,29;3
2004;2;GLO;SBSP;SBRJ;144,74;26
2004;2;GLO;SBBH;SBBR;291,91;235
2004;2;GLO;SBGL;SBCT;206,00;2
2004;2;GLO;SBSV;SBGL;419,75;33
2004;2;GLO;SBRJ;SBVT;163,00;372
2004;2;GLO;SBRF;SBSV;153,80;534
2004;2;GLO;SBFL;SBPA;184,67;214
2004;2;GLO;SBSV;SBBR;215,40;91
2004;2;GLO;SBPA;SBGR;675,00;5
2004;2;GLO;SBBR;SBCT;309,15;761
2004;2;GLO;SBSP;SBGL;163,00;3
2004;2;GLO;SBVT;SBSP;124,53;90
2004;2;GLO;SBGL;SBRF;524,15;4
2004;2;GLO;SBGL;SBSV;176,25;234
2004;2;GLO;SBRJ;SBSP;175,95;2038
2004;2;GLO;SBRJ;SBSP;100,00;4
2004;2;GLO;SBCT;SBPA;403,45;106
2004;2;GLO;SBSV;SBGL;358,26;609
2004;2;GLO;SBGO;SBSP;344,93;27
2004;2;GLO;SBRJ;SBPA;235,91;129
2004;2;GLO;SBBR;SBGL;249,00;4
2004;2;GLO;SBFL;SBGL;227,62;132
2004;2;GLO;SBSP;SBVT;159,22;1813
2004;2;GLO;SBBR;SBFZ;625,06;142
2004;2;GLO;SBCT;SBBH;175,35;28
2004;2;GLO;SBSV;SBRF;94,60;36
2004;2;GLO;SBBR;SBGL;269,47;95
2004;2;GLO;SBBH;SBKP;132,00;22
2004;2;GLO;SBFL;SBGL;72,08;123
2004;2;GLO;SBSP;SBFL;212,00;1486
2004;2;GLO;SBVT;SBRJ;187,54;640
2004;2;GLO;SBBH;SBRJ;150,73;3418
2004;2;GLO;SBGL;SBPA;331,23;134
2004;2;GLO;SBRF;SBFZ;150,18;44
2004;2;GLO;SBRJ;SBSP;159,28;1370
2004;2;GLO;SBCT;SBRJ;165,64;1452
2004;2;GLO;SBRJ;SBSP;247,71;5213
2004;2;GLO;SBSP;SBFL;236,00;427
2004;2;GLO;SBSV;SBGL;468,55;285
2004;2;GLO;SBBR;SBGO;110,00;14
2004;2;GLO;SBBH;SBKP;110,35;925
2004;2;GLO;SBFL;SBPA;112,00;97
2004;2;GLO;SBCT;SBBR;364,00;8
2004;2;GLO;SBBE;SBBR;568,00;4
2004;2;GLO;SBGR;SBSV;661,00;29
2004;2;GLO;SBPA;SBFL;103,66;911
2004;2;GLO;SBPA;SBRJ;225,54;164
2004;2;GLO;SBCT;SBPA;387,00;2
2004;2;GLO;SBFL;SBRJ;122,08;124
2004;2;GLO;SBKP;SBRJ;392,00;2
2004;2;GLO;SBRJ;SBCT;219,43;420
2004;2;GLO;SBPA;SBGR;275,24;80
2004;2;GLO;SBFZ;SBBR;237,98;113
2004;2;GLO;SBGL;SBSV;565,78;54
2004;2;GLO;SBCT;SBSP;248,40;2058
2004;2;GLO;SBGL;SBSV;394,35;229
2004;2;GLO;SBSP;SBCT;280,98;358
2004;2;GLO;SBGR;SBFL;408,00;1
2004;2;GLO;SBBR;SBSP;440,98;99
2004;2;GLO;SBBH;SBRJ;142,00;108
2004;2;GLO;SBRJ;SBBH;150,89;3330
2004;2;GLO;SBFL;SBGL;124,50;2
2004;2;GLO;SBGL;SBSV;432,09;21
2004;2;GLO;SBGR;SBSV;481,33;24
2004;2;GLO;SBGO;SBSP;150,00;1
2004;2;GLO;SBBR;SBBH;150,00;3
2004;2;GLO;SBGR;SBGL;362,12;17
2004;2;GLO;SBBH;SBSP;458,00;1
2004;2;GLO;SBFL;SBPA;135,81;864
2004;2;GLO;SBSV;SBGL;672,08;69
2004;2;GLO;SBGL;SBSV;300,24;1009
2004;2;GLO;SBBR;SBRJ;272,55;357
2004;2;GLO;SBBR;SBSP;280,90;205
2004;2;GLO;SBRJ;SBFL;175,33;14
2004;2;GLO;SBSP;SBNF;236,00;3
2004;2;GLO;SBFL;SBRJ;160,49;926
2004;2;GLO;SBGL;SBSV;676,00;24
2004;2;GLO;SBCT;SBBH;104,40;10
2004;2;GLO;SBBE;SBBR;280,00;14
2004;2;GLO;SBRJ;SBSP;189,18;3577
2004;2;GLO;SBPS;SBSP;99,99;120
2004;2;GLO;SBBR;SBRJ;289,58;1767
2004;2;GLO;SBSP;SBPA;283,62;578
2004;2;GLO;SBGL;SBSP;196,69;211
2004;2;GLO;SBCT;SBBH;113,32;992
2004;2;GLO;SBGR;SBGL;179,00;29
2004;2;GLO;SBCT;SBKP;281,00;48
2004;2;GLO;SBSV;SBGL;172,98;371
2004;2;GLO;SBRJ;SBSP;324,00;1
2004;2;GLO;SBCT;SBRJ;150,00;4
2004;2;GLO;SBFZ;SBRF;173,59;171
2004;2;GLO;SBBH;SBKP;97,50;2
2004;2;GLO;SBCT;SBSP;243,00;112
2004;2;GLO;SBGL;SBGR;249,00;1
2004;2;GLO;SBPA;SBKP;342,08;71
2004;2;GLO;SBBR;SBSV;523,38;40
2004;2;GLO;SBSP;SBFL;408,00;3
2004;2;GLO;SBSV;SBGL;397,00;312
2004;2;GLO;SBSV;SBRF;267,00;4
2004;2;GLO;SBGL;SBFL;71,50;148
2004;2;GLO;SBRJ;SBBR;590,00;2
2004;2;GLO;SBSP;SBRJ;247,43;6027
2004;2;GLO;SBGL;SBRF;386,83;404
2004;2;GLO;SBSP;SBBH;188,00;3
2004;2;GLO;SBRF;SBGL;450,00;21
2004;2;GLO;SBPA;SBGR;408,00;1
2004;2;GLO;SBRJ;SBFL;123,14;176
2004;2;GLO;SBSP;SBGO;358,21;36
2004;2;GLO;SBVT;SBSP;226,25;72
2004;2;GLO;SBCT;SBGL;243,70;312
2004;2;GLO;SBRJ;SBSP;270,00;2
2004;2;ONE;SBCT;SBSP;189,00;107
2004;2;ONE;SBBR;SBSP;299,00;16
2004;2;ONE;SBBR;SBSP;430,00;3
2004;2;ONE;SBPA;SBSP;539,00;1
2004;2;ONE;SBSP;SBRP;99,00;94
2004;2;ONE;SBSP;SBBR;299,00;7
2004;2;ONE;SBSP;SBCT;189,00;124
2004;2;ONE;SBRF;SBSV;159,00;5
2004;2;ONE;SBRP;SBSP;314,00;1
2004;2;ONE;SBSP;SBCT;219,00;8
2004;2;ONE;SBRP;SBSP;99,00;126
2004;2;ONE;SBRP;SBSP;209,00;16
2004;2;ONE;SBFZ;SBRF;219,00;5
2004;2;ONE;SBSV;SBRF;299,00;2
2004;2;ONE;SBRF;SBFZ;219,00;7
2004;2;ONE;SBSP;SBRP;209,00;5
2004;2;ONE;SBSV;SBRF;159,00;9
2004;2;PEP;SBMQ;SBBE;315,03;1
2004;2;PEP;SBMQ;SBBE;105,41;307
2004;2;PEP;SBBE;SBMQ;155,12;33
2004;2;PEP;SBBE;SBMQ;103,65;303
2004;2;PEP;SBMQ;SBBE;159,80;22
2004;2;PLY;SBBE;SBMQ;416,64;1
2004;2;PLY;SBMQ;SBBE;187,49;8
2004;2;PLY;SBMQ;SBBE;99,54;20
2004;2;PTN;SBAU;SBSP;489,00;75
2004;2;PTN;SBSP;SBAU;489,00;79
2004;2;PTN;SBSP;SBML;379,00;175
2004;2;PTN;SBML;SBSP;539,00;34
2004;2;PTN;SBSP;SBBU;549,00;33
2004;2;PTN;SBAU;SBSP;529,00;46
2004;2;PTN;SBBU;SBSP;509,00;45
2004;2;PTN;SBSP;SBBU;309,00;710
2004;2;PTN;SBAU;SBSP;599,00;25
2004;2;PTN;SBSP;SBML;439,00;95
2004;2;PTN;SBAU;SBSP;409,00;333
2004;2;PTN;SBBU;SBSP;549,00;40
2004;2;PTN;SBSP;SBAU;439,00;147
2004;2;PTN;SBSP;SBAU;599,00;23
2004;2;PTN;SBSP;SBAU;549,00;29
2004;2;PTN;SBSP;SBBU;349,00;314
2004;2;PTN;SBML;SBSP;509,00;51
2004;2;PTN;SBML;SBSP;579,00;23
2004;2;PTN;SBSP;SBAU;529,00;47
2004;2;PTN;SBBU;SBSP;309,00;687
2004;2;PTN;SBBU;SBSP;479,00;97
2004;2;PTN;SBAU;SBSP;549,00;29
2004;2;PTN;SBSP;SBBU;419,00;147
2004;2;PTN;SBSP;SBML;509,00;52
2004;2;PTN;SBBU;SBSP;419,00;170
2004;2;PTN;SBSP;SBBU;479,00;80
2004;2;PTN;SBML;SBSP;379,00;168
2004;2;PTN;SBML;SBSP;339,00;398
2004;2;PTN;SBSP;SBBU;509,00;54
2004;2;PTN;SBSP;SBML;539,00;33
2004;2;PTN;SBAU;SBSP;439,00;143
2004;2;PTN;SBML;SBSP;439,00;84
2004;2;PTN;SBSP;SBML;579,00;24
2004;2;PTN;SBBU;SBSP;349,00;288
2004;2;PTN;SBSP;SBML;339,00;410
2004;2;PTN;SBSP;SBAU;409,00;359
2004;2;TAM;SBGR;SBCF;414,00;1
2004;2;TAM;SBKP;SBGR;180,00;1
2004;2;TAM;SBGO;SBSP;534,00;90
2004;2;TAM;SBCT;SBPA;243,00;21
2004;2;TAM;SBBR;SBRJ;709,00;211
2004;2;TAM;SBRF;SBSV;687,00;50
2004;2;TAM;SBPA;SBKP;376,00;861
2004;2;TAM;SBBR;SBFL;738,00;58
2004;2;TAM;SBSP;SBUL;364,00;1
2004;2;TAM;SBBR;SBSV;705,00;97
2004;2;TAM;SBSV;SBRF;469,00;32
2004;2;TAM;SBRJ;SBBH;259,00;354
2004;2;TAM;SBFL;SBGR;316,00;66
2004;2;TAM;SBRJ;SBBH;496,00;86
2004;2;TAM;SBBR;SBSP;917,00;241
2004;2;TAM;SBSP;SBPA;556,00;163
2004;2;TAM;SBGL;SBPA;592,00;40
2004;2;TAM;SBBR;SBGR;807,00;58
2004;2;TAM;SBCT;SBFL;286,00;267
2004;2;TAM;SBVT;SBRJ;439,00;53
2004;2;TAM;SBBR;SBSP;743,00;32
2004;2;TAM;SBGR;SBBR;679,00;14
2004;2;TAM;SBSP;SBPS;714,00;49
2004;2;TAM;SBBR;SBGR;679,00;15
2004;2;TAM;SBCT;SBSP;372,00;59
2004;2;TAM;SBCT;SBPA;188,00;1091
2004;2;TAM;SBRJ;SBBH;378,00;41
2004;2;TAM;SBGR;SBFL;258,00;227
2004;2;TAM;SBGL;SBGR;458,00;25
2004;2;TAM;SBBH;SBBR;401,00;52
2004;2;TAM;SBBH;SBBR;348,00;45
2004;2;TAM;SBGL;SBRF;1066,00;23
2004;2;TAM;SBBR;SBFZ;815,00;19
2004;2;TAM;SBSP;SBFL;461,00;58
2004;2;TAM;SBBR;SBRJ;419,00;3434
2004;2;TAM;SBFL;SBBR;738,00;38
2004;2;TAM;SBBR;SBKP;588,00;44
2004;2;TAM;SBFZ;SBRF;491,00;27
2004;2;TAM;SBPA;SBFL;378,00;22
2004;2;TAM;SBSP;SBVT;459,00;236
2004;2;TAM;SBSP;SBFL;273,00;130
2004;2;TAM;SBBH;SBBR;306,00;1942
2004;2;TAM;SBPA;SBCT;216,00;47
2004;2;TAM;SBRJ;SBBR;842,00;307
2004;2;TAM;SBRF;SBGL;863,00;38
2004;2;TAM;SBBR;SBGR;549,00;16
2004;2;TAM;SBGR;SBGL;350,00;9
2004;2;TAM;SBFL;SBGR;364,00;33
2004;2;TAM;SBRJ;SBBR;709,00;136
2004;2;TAM;SBSP;SBBH;560,00;23
2004;2;TAM;SBRF;SBGL;664,00;449
2004;2;TAM;SBCF;SBGR;365,00;17
2004;2;TAM;SBVT;SBSP;639,00;129
2004;2;TAM;SBSP;SBBH;365,00;463
2004;2;TAM;SBSP;SBCT;372,00;73
2004;2;TAM;SBUL;SBSP;403,00;2312
2004;2;TAM;SBRF;SBFZ;698,00;13
2004;2;TAM;SBPA;SBKP;433,00;340
2004;2;TAM;SBBH;SBRJ;200,00;3549
2004;2;TAM;SBFZ;SBRF;434,00;42
2004;2;TAM;SBBR;SBKP;727,00;21
2004;2;TAM;SBSP;SBPA;858,00;43
2004;2;TAM;SBSP;SBPA;439,00;3889
2004;2;TAM;SBUL;SBSP;727,00;14
2004;2;TAM;SBPA;SBGL;469,00;1081
2004;2;TAM;SBUL;SBSP;463,00;119
2004;2;TAM;SBPA;SBCT;188,00;1055
2004;2;TAM;SBBH;SBSP;414,00;363
2004;2;TAM;SBSP;SBBH;414,00;345
2004;2;TAM;SBBE;SBMQ;255,00;2
2004;2;TAM;SBSP;SBVT;839,00;13
2004;2;TAM;SBCT;SBKP;487,00;38
2004;2;TAM;SBBE;SBBR;685,00;11
2004;2;TAM;SBKP;SBCT;388,00;13
2004;2;TAM;SBCT;SBBH;485,00;72
2004;2;TAM;SBPA;SBFL;299,00;76
2004;2;TAM;SBRJ;SBBH;458,00;14
2004;2;TAM;SBKP;SBBR;863,00;25
2004;2;TAM;SBBR;SBBH;862,00;50
2004;2;TAM;SBCT;SBBH;420,00;139
2004;2;TAM;SBPA;SBKP;499,00;16
2004;2;TAM;SBRF;SBGL;1066,00;27
2004;2;TAM;SBSP;SBUL;595,00;25
2004;2;TAM;SBGL;SBRF;1167,00;9
2004;2;TAM;SBGR;SBCT;339,00;36
2004;2;TAM;SBCT;SBGL;736,00;47
2004;2;TAM;SBGR;SBFL;461,00;16
2004;2;TAM;SBRF;SBFZ;239,00;298
2004;2;TAM;SBCT;SBGL;625,00;31
2004;2;TAM;SBGR;SBCF;318,00;403
2004;2;TAM;SBCT;SBBR;565,00;86
2004;2;TAM;SBFL;SBBR;912,00;32
2004;2;TAM;SBMQ;SBBE;418,00;1
2004;2;TAM;SBBR;SBBE;593,00;30
2004;2;TAM;SBCT;SBKP;348,00;66
2004;2;TAM;SBGL;SBCT;625,00;25
2004;2;TAM;SBSP;SBFL;364,00;101
2004;2;TAM;SBCT;SBSP;309,00;6115
2004;2;TAM;SBGL;SBPA;671,00;12
2004;2;TAM;SBRF;SBGL;761,00;70
2004;2;TAM;SBKP;SBPA;566,00;9
2004;2;TAM;SBBH;SBBR;655,00;2
2004;2;TAM;SBBR;SBGO;246,00;15
2004;2;TAM;SBPA;SBCT;627,00;23
2004;2;TAM;SBCT;SBBH;614,00;9
2004;2;TAM;SBGL;SBSV;899,00;69
2004;2;TAM;SBPA;SBFL;209,00;49
2004;2;TAM;SBSP;SBRP;149,00;1
2004;2;TAM;SBRJ;SBVT;200,00;1952
2004;2;TAM;SBPS;SBSP;976,00;43
2004;2;TAM;SBGL;SBCT;579,00;5
2004;2;TAM;SBCT;SBGR;372,00;21
2004;2;TAM;SBFL;SBSP;558,00;14
2004;2;TAM;SBRF;SBFZ;491,00;62
2004;2;TAM;SBGR;SBSV;967,00;105
2004;2;TAM;SBFL;SBPA;418,00;14
2004;2;TAM;SBBR;SBSP;485,00;928
2004;2;TAM;SBSP;SBVT;639,00;78
2004;2;TAM;SBKP;SBCT;348,00;25
2004;2;TAM;SBVT;SBSP;579,00;96
2004;2;TAM;SBBR;SBBE;1137,00;26
2004;2;TAM;SBBR;SBGO;194,00;74
2004;2;TAM;SBBR;SBRJ;449,00;499
2004;2;TAM;SBBR;SBGR;485,00;47
2004;2;TAM;SBRJ;SBBH;339,00;57
2004;2;TAM;SBCT;SBFL;344,00;16
2004;2;TAM;SBFL;SBPA;209,00;19
2004;2;TAM;SBBR;SBFL;652,00;60
2004;2;TAM;SBSV;SBGR;875,00;92
2004;2;TAM;SBBE;SBBR;776,00;8
2004;2;TAM;SBRJ;SBVT;356,00;35
2004;2;TAM;SBSP;SBRP;363,00;1689
2004;2;TAM;SBGL;SBSV;664,00;70
2004;2;TAM;SBSV;SBGL;664,00;217
2004;2;TAM;SBGL;SBGR;276,00;67
2004;2;TAM;SBSP;SBFL;510,00;177
2004;2;TAM;SBPS;SBSP;865,00;29
2004;2;TAM;SBRF;SBSV;189,00;1070
2004;2;TAM;SBFL;SBGR;461,00;14
2004;2;TAM;SBGR;SBCF;365,00;15
2004;2;TAM;SBSP;SBBR;917,00;164
2004;2;TAM;SBGR;SBFL;413,00;18
2004;2;TAM;SBRF;SBFZ;434,00;35
2004;2;TAM;SBCT;SBFL;409,00;23
2004;2;TAM;SBBH;SBCT;549,00;59
2004;2;TAM;SBPS;SBSP;714,00;30
2004;2;TAM;SBBE;SBMQ;189,00;26
2004;2;TAM;SBSP;SBFL;413,00;75
2004;2;TAM;SBBR;SBGR;614,00;6
2004;2;TAM;SBSP;SBVT;409,00;2864
2004;2;TAM;SBGR;SBSV;603,00;878
2004;2;TAM;SBVT;SBRJ;314,00;54
2004;2;TAM;SBBR;SBGL;574,00;4
2004;2;TAM;SBCT;SBGR;487,00;55
2004;2;TAM;SBPA;SBKP;699,00;5
2004;2;TAM;SBBE;SBBR;1050,00;2
2004;2;TAM;SBSV;SBGL;383,00;268
2004;2;TAM;SBGR;SBCT;487,00;66
2004;2;TAM;SBPA;SBGL;982,00;131
2004;2;TAM;SBBH;SBBR;724,00;29
2004;2;TAM;SBKP;SBBR;519,00;52
2004;2;TAM;SBBR;SBBE;685,00;15
2004;2;TAM;SBSP;SBCT;450,00;9
2004;2;TAM;SBGO;SBSP;865,00;55
2004;2;TAM;SBBR;SBBH;724,00;27
2004;2;TAM;SBSP;SBUL;529,00;58
2004;2;TAM;SBBR;SBSV;557,00;82
2004;2;TAM;SBBE;SBMQ;159,00;1573
2004;2;TAM;SBBR;SBFL;999,00;6
2004;2;TAM;SBBR;SBFL;1085,00;152
2004;2;TAM;SBBR;SBKP;657,00;20
2004;2;TAM;SBKP;SBCT;487,00;24
2004;2;TAM;SBGL;SBGR;386,00;19
2004;2;TAM;SBRP;SBSP;519,00;25
2004;2;TAM;SBBR;SBRJ;506,00;265
2004;2;TAM;SBPS;SBSP;499,00;374
2004;2;TAM;SBBR;SBCT;995,00;84
2004;2;TAM;SBGL;SBSV;383,00;187
2004;2;TAM;SBRJ;SBBH;200,00;3831
2004;2;TAM;SBRF;SBGL;709,00;111
2004;2;TAM;SBVT;SBSP;839,00;54
2004;2;TAM;SBGR;SBSV;691,00;89
2004;2;TAM;SBSP;SBBR;743,00;5
2004;2;TAM;SBPS;SBSP;639,00;56
2004;2;TAM;SBKP;SBGR;151,00;37
2004;2;TAM;SBGR;SBKP;215,00;1
2004;2;TAM;SBSP;SBUL;727,00;22
2004;2;TAM;SBSP;SBPS;579,00;72
2004;2;TAM;SBSP;SBGO;534,00;58
2004;2;TAM;SBGR;SBGL;276,00;122
2004;2;TAM;SBBR;SBKP;309,00;872
2004;2;TAM;SBCT;SBPA;216,00;51
2004;2;TAM;SBCT;SBBR;995,00;70
2004;2;TAM;SBSP;SBBR;549,00;494
2004;2;TAM;SBBR;SBBE;958,00;20
2004;2;TAM;SBBR;SBSV;780,00;85
2004;2;TAM;SBVT;SBRJ;397,00;17
2004;2;TAM;SBBR;SBFL;912,00;30
2004;2;TAM;SBGL;SBSV;508,00;396
2004;2;TAM;SBSP;SBBH;512,00;175
2004;2;TAM;SBSP;SBBH;681,00;83
2004;2;TAM;SBBR;SBRJ;574,00;148
2004;2;TAM;SBFL;SBBR;652,00;32
2004;2;TAM;SBBR;SBCT;615,00;47
2004;2;TAM;SBCT;SBFL;311,00;7
2004;2;TAM;SBGR;SBPA;556,00;2
2004;2;TAM;SBBR;SBCT;919,00;3
2004;2;TAM;SBPA;SBGR;816,00;35
2004;2;TAM;SBFL;SBSP;668,00;27
2004;2;TAM;SBMQ;SBBE;215,00;22
2004;2;TAM;SBSP;SBGO;479,00;3228
2004;2;TAM;SBGO;SBBR;272,00;33
2004;2;TAM;SBCT;SBBH;807,00;65
2004;2;TAM;SBSV;SBRF;413,00;38
2004;2;TAM;SBGR;SBFL;607,00;41
2004;2;TAM;SBGL;SBSV;586,00;249
2004;2;TAM;SBFL;SBSP;510,00;148
2004;2;TAM;SBRP;SBSP;363,00;1630
2004;2;TAM;SBBE;SBBR;593,00;60
2004;2;TAM;SBBH;SBRJ;299,00;91
2004;2;TAM;SBBR;SBSP;419,00;6396
2004;2;TAM;SBSP;SBRJ;458,00;488
2004;2;TAM;SBGL;SBBR;709,00;6
2004;2;TAM;SBGR;SBSV;875,00;71
2004;2;TAM;SBVT;SBRJ;356,00;21
2004;2;TAM;SBBR;SBRJ;776,00;59
2004;2;TAM;SBBH;SBCT;679,00;15
2004;2;TAM;SBGR;SBGL;243,00;127
2004;2;TAM;SBGL;SBRF;761,00;78
2004;2;TAM;SBGL;SBCT;331,00;701
2004;2;TAM;SBSP;SBPS;790,00;44
2004;2;TAM;SBVT;SBSP;459,00;208
2004;2;TAM;SBCT;SBBR;679,00;43
2004;2;TAM;SBSV;SBGL;899,00;27
2004;2;TAM;SBCT;SBGR;339,00;59
2004;2;TAM;SBGR;SBGL;458,00;25
2004;2;TAM;SBGL;SBPA;513,00;107
2004;2;TAM;SBPA;SBFL;494,00;41
2004;2;TAM;SBGO;SBSP;479,00;2683
2004;2;TAM;SBSP;SBBH;318,00;6244
2004;2;TAM;SBBR;SBGL;506,00;2
2004;2;TAM;SBSP;SBBR;419,00;6487
2004;2;TAM;SBSV;SBGR;1059,00;33
2004;2;TAM;SBGR;SBGL;386,00;25
2004;2;TAM;SBBR;SBGL;419,00;72
2004;2;TAM;SBFL;SBSP;273,00;208
2004;2;TAM;SBRJ;SBVT;397,00;55
2004;2;TAM;SBRP;SBSP;396,00;95
2004;2;TAM;SBBR;SBFZ;1199,00;78
2004;2;TAM;SBFL;SBBR;500,00;1418
2004;2;TAM;SBBR;SBRJ;641,00;102
2004;2;TAM;SBGL;SBCT;459,00;28
2004;2;TAM;SBMQ;SBBE;255,00;11
2004;2;TAM;SBBH;SBSP;681,00;123
2004;2;TAM;SBSV;SBGR;1149,00;347
2004;2;TAM;SBBR;SBKP;399,00;83
2004;2;TAM;SBCF;SBGR;512,00;7
2004;2;TAM;SBSV;SBRF;234,00;208
2004;2;TAM;SBSV;SBGL;586,00;219
2004;2;TAM;SBCT;SBBR;759,00;8
2004;2;TAM;SBBH;SBRJ;496,00;115
2004;2;TAM;SBPA;SBSP;752,00;21
2004;2;TAM;SBRF;SBGL;1269,00;103
2004;2;TAM;SBGL;SBSV;743,00;29
2004;2;TAM;SBGR;SBFL;273,00;97
2004;2;TAM;SBFL;SBBR;825,00;4
2004;2;TAM;SBBE;SBMQ;381,00;13
2004;2;TAM;SBRF;SBFZ;549,00;8
2004;2;TAM;SBRJ;SBVT;521,00;27
2004;2;TAM;SBBH;SBCT;614,00;4
2004;2;TAM;SBVT;SBRJ;200,00;2007
2004;2;TAM;SBRJ;SBSP;212,00;3054
2004;2;TAM;SBGR;SBKP;163,00;1
2004;2;TAM;SBRF;SBFZ;376,00;71
2004;2;TAM;SBBE;SBMQ;215,00;43
2004;2;TAM;SBKP;SBCT;428,00;12
2004;2;TAM;SBCT;SBKP;469,00;3
2004;2;TAM;SBGL;SBSV;459,00;681
2004;2;TAM;SBSP;SBPA;621,00;41
2004;2;TAM;SBBR;SBGO;324,00;68
2004;2;TAM;SBPA;SBSP;686,00;131
2004;2;TAM;SBBH;SBRJ;458,00;26
2004;2;TAM;SBFL;SBPA;259,00;52
2004;2;TAM;SBSP;SBBR;485,00;1474
2004;2;TAM;SBKP;SBBR;399,00;95
2004;2;TAM;SBSV;SBGL;459,00;788
2004;2;TAM;SBBR;SBFZ;726,00;182
2004;2;TAM;SBGR;SBGL;423,00;2
2004;2;TAM;SBFL;SBPA;339,00;32
2004;2;TAM;SBRF;SBSV;524,00;4
2004;2;TAM;SBBR;SBBH;455,00;80
2004;2;TAM;SBCF;SBGR;318,00;512
2004;2;TAM;SBFL;SBGR;258,00;351
2004;2;TAM;SBVT;SBRJ;481,00;2
2004;2;TAM;SBGR;SBFL;364,00;47
2004;2;TAM;SBBR;SBBH;586,00;37
2004;2;TAM;SBBR;SBBH;348,00;38
2004;2;TAM;SBPA;SBCT;377,00;83
2004;2;TAM;SBSV;SBRF;524,00;13
2004;2;TAM;SBGR;SBGL;313,00;58
2004;2;TAM;SBCT;SBKP;388,00;12
2004;2;TAM;SBBR;SBFZ;911,00;7
2004;2;TAM;SBFZ;SBBR;911,00;8
2004;2;TAM;SBMQ;SBBE;345,00;3
2004;2;TAM;SBRJ;SBBR;419,00;3744
2004;2;TAM;SBSV;SBBR;557,00;73
2004;2;TAM;SBPA;SBGL;908,00;2
2004;2;TAM;SBFZ;SBBR;726,00;139
2004;2;TAM;SBCT;SBGL;331,00;746
2004;2;TAM;SBPA;SBKP;566,00;9
2004;2;TAM;SBKP;SBCT;469,00;2
2004;2;TAM;SBSP;SBGL;386,00;3
2004;2;TAM;SBGR;SBBR;549,00;3
2004;2;TAM;SBSV;SBBR;854,00;38
2004;2;TAM;SBBH;SBRJ;224,00;324
2004;2;TAM;SBGL;SBPA;750,00;5
2004;2;TAM;SBPA;SBGR;556,00;9
2004;2;TAM;SBBH;SBSP;463,00;203
2004;2;TAM;SBGO;SBBR;246,00;12
2004;2;TAM;SBKP;SBBR;657,00;14
2004;2;TAM;SBPA;SBFL;339,00;29
2004;2;TAM;SBBR;SBCT;839,00;25
2004;2;TAM;SBBR;SBKP;450,00;79
2004;2;TAM;SBFL;SBSP;364,00;74
2004;2;TAM;SBSP;SBRP;519,00;8
2004;2;TAM;SBSV;SBRF;579,00;10
2004;2;TAM;SBBR;SBFZ;1007,00;31
2004;2;TAM;SBPA;SBCT;478,00;1
2004;2;TAM;SBGR;SBKP;151,00;24
2004;2;TAM;SBGL;SBRF;664,00;415
2004;2;TAM;SBFL;SBPA;299,00;50
2004;2;TAM;SBVT;SBRJ;272,00;235
2004;2;TAM;SBBR;SBGL;842,00;6
2004;2;TAM;SBRF;SBFZ;324,00;53
2004;2;TAM;SBSP;SBFL;558,00;19
2004;2;TAM;SBBR;SBKP;863,00;26
2004;2;TAM;SBRJ;SBBH;224,00;264
2004;2;TAM;SBPA;SBKP;832,00;56
2004;2;TAM;SBVT;SBRJ;521,00;58
2004;2;TAM;SBBR;SBBH;655,00;4
2004;2;TAM;SBFZ;SBRF;549,00;27
2004;2;TAM;SBSP;SBGO;865,00;17
2004;2;TAM;SBBR;SBRJ;842,00;339
2004;2;TAM;SBCT;SBSP;450,00;13
2004;2;TAM;SBBR;SBBE;776,00;11
2004;2;TAM;SBSP;SBBR;679,00;151
2004;2;TAM;SBPA;SBGL;592,00;59
2004;2;TAM;SBFL;SBPA;378,00;4
2004;2;TAM;SBSP;SBBH;463,00;192
2004;2;TAM;SBPA;SBCT;528,00;22
2004;2;TAM;SBKP;SBPA;499,00;25
2004;2;TAM;SBBR;SBCT;759,00;31
2004;2;TAM;SBSP;SBCT;339,00;352
2004;2;TAM;SBPA;SBCT;327,00;41
2004;2;TAM;SBGR;SBCF;512,00;16
2004;2;TAM;SBMQ;SBBE;159,00;1523
2004;2;TAM;SBGR;SBSV;783,00;52
2004;2;TAM;SBGR;SBPA;686,00;44
2004;2;TAM;SBSV;SBBR;484,00;696
2004;2;TAM;SBSP;SBPS;499,00;410
2004;2;TAM;SBGR;SBBR;419,00;606
2004;2;TAM;SBBH;SBBR;586,00;27
2004;2;TAM;SBFZ;SBRF;324,00;47
2004;2;TAM;SBGO;SBSP;723,00;17
2004;2;TAM;SBBR;SBGL;776,00;2
2004;2;TAM;SBGR;SBFL;316,00;104
2004;2;TAM;SBBR;SBSV;631,00;59
2004;2;TAM;SBGL;SBRF;709,00;141
2004;2;TAM;SBRJ;SBVT;439,00;55
2004;2;TAM;SBRJ;SBSP;458,00;502
2004;2;TAM;SBCT;SBPA;528,00;20
2004;2;TAM;SBPA;SBFL;458,00;2
2004;2;TAM;SBSP;SBCT;411,00;137
2004;2;TAM;SBSP;SBGL;350,00;10
2004;2;TAM;SBBR;SBCT;565,00;176
2004;2;TAM;SBBH;SBBR;455,00;237
2004;2;TAM;SBBH;SBSP;512,00;234
2004;2;TAM;SBPA;SBSP;621,00;77
2004;2;TAM;SBRJ;SBBR;641,00;71
2004;2;TAM;SBFL;SBPA;140,00;921
2004;2;TAM;SBSP;SBGO;723,00;1
2004;2;TAM;SBPA;SBSP;858,00;52
2004;2;TAM;SBSV;SBGL;977,00;316
2004;2;TAM;SBGL;SBSV;977,00;334
2004;2;TAM;SBFZ;SBRF;607,00;36
2004;2;TAM;SBSP;SBUL;463,00;86
2004;2;TAM;SBGR;SBFL;510,00;92
2004;2;TAM;SBGL;SBSV;821,00;45
2004;2;TAM;SBCT;SBGL;459,00;32
2004;2;TAM;SBBH;SBBR;517,00;20
2004;2;TAM;SBGL;SBCT;399,00;62
2004;2;TAM;SBRJ;SBVT;314,00;63
2004;2;TAM;SBCT;SBSP;411,00;121
2004;2;TAM;SBKP;SBBR;727,00;42
2004;2;TAM;SBSV;SBRF;687,00;40
2004;2;TAM;SBCT;SBBR;499,00;1415
2004;2;TAM;SBFL;SBBR;1085,00;88
2004;2;TAM;SBRJ;SBBR;506,00;257
2004;2;TAM;SBBR;SBFL;825,00;28
2004;2;TAM;SBBH;SBSP;318,00;6233
2004;2;TAM;SBSV;SBBR;780,00;58
2004;2;TAM;SBBR;SBFL;569,00;216
2004;2;TAM;SBCT;SBGL;505,00;7
2004;2;TAM;SBFL;SBCT;286,00;358
2004;2;TAM;SBSV;SBGR;603,00;1263
2004;2;TAM;SBSP;SBFL;316,00;245
2004;2;TAM;SBRJ;SBVT;481,00;1
2004;2;TAM;SBSV;SBGL;508,00;587
2004;2;TAM;SBPA;SBFL;418,00;23
2004;2;TAM;SBPA;SBGL;750,00;6
2004;2;TAM;SBRP;SBSP;434,00;5
2004;2;TAM;SBSV;SBBR;631,00;106
2004;2;TAM;SBKP;SBPA;832,00;60
2004;2;TAM;SBFL;SBSP;413,00;104
2004;2;TAM;SBCT;SBPA;627,00;16
2004;2;TAM;SBBR;SBGO;298,00;30
2004;2;TAM;SBCT;SBGR;411,00;44
2004;2;TAM;SBSV;SBGR;691,00;116
2004;2;TAM;SBSP;SBRP;396,00;62
2004;2;TAM;SBBR;SBGL;449,00;8
2004;2;TAM;SBFL;SBSP;316,00;300
2004;2;TAM;SBMQ;SBBE;189,00;25
2004;2;TAM;SBSP;SBPS;865,00;39
2004;2;TAM;SBCT;SBBH;679,00;14
2004;2;TAM;SBCF;SBGR;606,00;7
2004;2;TAM;SBGL;SBRF;863,00;41
2004;2;TAM;SBFZ;SBBR;1007,00;31
2004;2;TAM;SBBR;SBSP;679,00;295
2004;2;TAM;SBBH;SBRJ;339,00;52
2004;2;TAM;SBKP;SBBR;796,00;4
2004;2;TAM;SBCF;SBGR;414,00;6
2004;2;TAM;SBBR;SBSP;549,00;508
2004;2;TAM;SBFZ;SBBR;1199,00;90
2004;2;TAM;SBBR;SBSV;928,00;194
2004;2;TAM;SBFZ;SBRF;698,00;40
2004;2;TAM;SBGL;SBRF;1269,00;78
2004;2;TAM;SBBR;SBKP;796,00;7
2004;2;TAM;SBKP;SBBR;450,00;143
2004;2;TAM;SBFZ;SBRF;664,00;8
2004;2;TAM;SBCT;SBBH;341,00;640
2004;2;TAM;SBKP;SBCT;309,00;863
2004;2;TAM;SBBR;SBGO;164,00;733
2004;2;TAM;SBKP;SBBR;588,00;43
2004;2;TAM;SBCT;SBBR;615,00;48
2004;2;TAM;SBGR;SBPA;816,00;31
2004;2;TAM;SBRF;SBGL;964,00;23
2004;2;TAM;SBRF;SBSV;579,00;7
2004;2;TAM;SBGO;SBBR;324,00;20
2004;2;TAM;SBPA;SBGR;439,00;378
2004;2;TAM;SBCT;SBPA;478,00;7
2004;2;TAM;SBGO;SBBR;220,00;46
2004;2;TAM;SBCT;SBSP;513,00;79
2004;2;TAM;SBFZ;SBBR;815,00;13
2004;2;TAM;SBGO;SBBR;194,00;86
2004;2;TAM;SBRJ;SBBR;574,00;121
2004;2;TAM;SBBR;SBGO;220,00;27
2004;2;TAM;SBKP;SBPA;376,00;709
2004;2;TAM;SBPA;SBGL;513,00;79
2004;2;TAM;SBCT;SBBH;390,00;33
2004;2;TAM;SBRJ;SBVT;272,00;312
2004;2;TAM;SBFL;SBCT;311,00;3
2004;2;TAM;SBFL;SBCT;409,00;40
2004;2;TAM;SBRF;SBSV;295,00;97
2004;2;TAM;SBBR;SBSV;854,00;40
2004;2;TAM;SBBE;SBMQ;454,00;10
2004;2;TAM;SBGR;SBCT;411,00;41
2004;2;TAM;SBSP;SBRJ;319,00;16816
2004;2;TAM;SBMQ;SBBE;309,00;5
2004;2;TAM;SBUL;SBSP;595,00;12
2004;2;TAM;SBRJ;SBBH;418,00;54
2004;2;TAM;SBCT;SBKP;309,00;639
2004;2;TAM;SBRJ;SBSP;319,00;18792
2004;2;TAM;SBFL;SBPA;494,00;23
2004;2;TAM;SBCT;SBBH;549,00;31
2004;2;TAM;SBBH;SBCT;341,00;813
2004;2;TAM;SBGO;SBBR;298,00;1
2004;2;TAM;SBGR;SBSV;1059,00;89
2004;2;TAM;SBCT;SBGR;309,00;1689
2004;2;TAM;SBGL;SBPA;469,00;1021
2004;2;TAM;SBBH;SBCT;485,00;42
2004;2;TAM;SBSV;SBBR;705,00;26
2004;2;TAM;SBPA;SBGL;829,00;30
2004;2;TAM;SBSV;SBGL;743,00;65
2004;2;TAM;SBSP;SBGL;276,00;5
2004;2;TAM;SBBR;SBBE;432,00;107
2004;2;TAM;SBGL;SBBR;419,00;2
2004;2;TAM;SBSP;SBBR;614,00;174
2004;2;TAM;SBBH;SBCT;420,00;156
2004;2;TAM;SBSP;SBRJ;212,00;2649
2004;2;TAM;SBSP;SBCT;513,00;65
2004;2;TAM;SBBR;SBBH;306,00;2171
2004;2;TAM;SBGL;SBGR;350,00;13
2004;2;TAM;SBCT;SBPA;327,00;37
2004;2;TAM;SBPA;SBKP;632,00;5
2004;2;TAM;SBBE;SBMQ;309,00;3
2004;2;TAM;SBSP;SBCT;309,00;5904
2004;2;TAM;SBPA;SBFL;259,00;57
2004;2;TAM;SBSP;SBPA;752,00;5
2004;2;TAM;SBBR;SBBH;793,00;2
2004;2;TAM;SBSP;SBVT;579,00;56
2004;2;TAM;SBBE;SBBR;958,00;24
2004;2;TAM;SBSP;SBGO;660,00;65
2004;2;TAM;SBBR;SBBH;517,00;22
2004;2;TAM;SBFL;SBGR;510,00;26
2004;2;TAM;SBKP;SBBR;309,00;819
2004;2;TAM;SBCT;SBKP;428,00;11
2004;2;TAM;SBBH;SBSP;560,00;58
2004;2;TAM;SBSP;SBVT;699,00;13
2004;2;TAM;SBPS;SBSP;579,00;60
2004;2;TAM;SBSP;SBFL;258,00;1752
2004;2;TAM;SBKP;SBPA;433,00;541
2004;2;TAM;SBVT;SBSP;699,00;15
2004;2;TAM;SBGL;SBGR;313,00;13
2004;2;TAM;SBBR;SBCT;679,00;29
2004;2;TAM;SBFL;SBGR;607,00;52
2004;2;TAM;SBRF;SBSV;469,00;37
2004;2;TAM;SBSV;SBRF;189,00;1217
2004;2;TAM;SBRF;SBSV;413,00;51
2004;2;TAM;SBGR;SBFL;558,00;28
2004;2;TAM;SBBR;SBGO;272,00;58
2004;2;TAM;SBFL;SBPA;174,00;56
2004;2;TAM;SBGR;SBSV;1149,00;332
2004;2;TAM;SBBE;SBBR;513,00;30
2004;2;TAM;SBPA;SBFL;140,00;703
2004;2;TAM;SBBH;SBCT;807,00;29
2004;2;TAM;SBBR;SBSV;484,00;432
2004;2;TAM;SBGL;SBCT;736,00;42
2004;2;TAM;SBPA;SBFL;174,00;65
2004;2;TAM;SBCT;SBBR;839,00;19
2004;2;TAM;SBGR;SBPA;439,00;256
2004;2;TAM;SBPA;SBCT;428,00;15
2004;2;TAM;SBGR;SBBR;485,00;40
2004;2;TAM;SBFZ;SBRF;273,00;110
2004;2;TAM;SBFL;SBGR;413,00;19
2004;2;TAM;SBBR;SBBH;401,00;20
2004;2;TAM;SBGL;SBPA;829,00;30
2004;2;TAM;SBRF;SBFZ;607,00;20
2004;2;TAM;SBKP;SBPA;632,00;2
2004;2;TAM;SBGL;SBGR;243,00;58
2004;2;TAM;SBBH;SBSP;365,00;466
2004;2;TAM;SBSV;SBGL;821,00;75
2004;2;TAM;SBGL;SBCT;505,00;4
2004;2;TAM;SBCT;SBFL;376,00;3
2004;2;TAM;SBBE;SBMQ;345,00;3
2004;2;TAM;SBBE;SBBR;432,00;117
2004;2;TAM;SBFZ;SBRF;239,00;330
2004;2;TAM;SBPS;SBSP;790,00;62
2004;2;TAM;SBPA;SBGL;671,00;7
2004;2;TAM;SBBH;SBBR;793,00;1
2004;2;TAM;SBGR;SBCT;372,00;10
2004;2;TAM;SBCT;SBPA;377,00;102
2004;2;TAM;SBSV;SBGR;783,00;154
2004;2;TAM;SBFL;SBGR;273,00;84
2004;2;TAM;SBBH;SBRJ;378,00;22
2004;2;TAM;SBSP;SBFL;668,00;110
2004;2;TAM;SBRJ;SBBR;776,00;12
2004;2;TAM;SBBR;SBGR;419,00;584
2004;2;TAM;SBCT;SBGL;399,00;128
2004;2;TAM;SBRF;SBSV;358,00;185
2004;2;TAM;SBBH;SBCT;390,00;17
2004;2;TAM;SBGL;SBRF;964,00;17
2004;2;TAM;SBFL;SBCT;344,00;3
2004;2;TAM;SBFL;SBSP;461,00;54
2004;2;TAM;SBBR;SBKP;519,00;63
2004;2;TAM;SBBR;SBCT;499,00;1145
2004;2;TAM;SBRF;SBSV;634,00;1
2004;2;TAM;SBKP;SBPA;699,00;9
2004;2;TAM;SBSV;SBBR;928,00;124
2004;2;TAM;SBGO;SBBR;164,00;892
2004;2;TAM;SBSP;SBVT;519,00;142
2004;2;TAM;SBBR;SBFZ;1103,00;2
2004;2;TAM;SBBH;SBBR;862,00;39
2004;2;TAM;SBSP;SBGL;243,00;5
2004;2;TAM;SBRF;SBFZ;273,00;115
2004;2;TAM;SBGO;SBSP;597,00;37
2004;2;TAM;SBCT;SBSP;339,00;310
2004;2;TAM;SBBR;SBBE;513,00;14
2004;2;TAM;SBKP;SBGR;215,00;4
2004;2;TAM;SBRJ;SBBH;299,00;109
2004;2;TAM;SBFL;SBBR;569,00;146
2004;2;TAM;SBPA;SBCT;243,00;18
2004;2;TAM;SBMQ;SBBE;454,00;6
2004;2;TAM;SBSP;SBUL;403,00;1908
2004;2;TAM;SBBH;SBRJ;259,00;372
2004;2;TAM;SBUL;SBSP;529,00;99
2004;2;TAM;SBFZ;SBRF;376,00;118
2004;2;TAM;SBSP;SBRP;434,00;1
2004;2;TAM;SBGL;SBPA;982,00;67
2004;2;TAM;SBVT;SBSP;519,00;61
2004;2;TAM;SBVT;SBSP;409,00;2899
2004;2;TAM;SBPA;SBSP;556,00;259
2004;2;TAM;SBBR;SBFL;500,00;1353
2004;2;TAM;SBPA;SBSP;439,00;3752
2004;2;TAM;SBBR;SBSP;614,00;286
2004;2;TAM;SBMQ;SBBE;381,00;4
2004;2;TAM;SBSP;SBPA;686,00;160
2004;2;TAM;SBSV;SBGR;967,00;120
2004;2;TAM;SBSP;SBGO;597,00;8
2004;2;TAM;SBCT;SBGL;579,00;6
2004;2;TAM;SBCT;SBPA;428,00;23
2004;2;TAM;SBRF;SBSV;234,00;187
2004;2;TAM;SBGR;SBBR;614,00;2
2004;2;TAM;SBFL;SBSP;258,00;2119
2004;2;TAM;SBSV;SBRF;295,00;33
2004;2;TAM;SBRJ;SBBR;449,00;855
2004;2;TAM;SBBE;SBBR;1137,00;35
2004;2;TAM;SBGR;SBBR;807,00;24
2004;2;TAM;SBBH;SBRJ;418,00;88
2004;2;TAM;SBSP;SBPS;976,00;25
2004;2;TAM;SBSV;SBRF;358,00;165
2004;2;TAM;SBGR;SBCF;606,00;16
2004;2;TAM;SBGO;SBSP;660,00;92
2004;2;TAM;SBSP;SBPS;639,00;49
2004;2;TAM;SBGR;SBCT;309,00;1287
2004;2;TAM;SBPA;SBGR;686,00;31
2004;2;VRG;SBRF;SBSV;469,00;189
2004;2;VRG;SBSP;SBRP;212,40;37
2004;2;VRG;SBBR;SBBH;508,00;18
2004;2;VRG;SBRJ;SBKP;463,00;2
2004;2;VRG;SBPA;SBSP;439,00;4176
2004;2;VRG;SBPA;SBCT;528,00;2
2004;2;VRG;SBFL;SBBR;1086,00;21
2004;2;VRG;SBPA;SBFL;458,00;327
2004;2;VRG;SBRJ;SBCT;331,00;303
2004;2;VRG;SBCF;SBGR;609,00;190
2004;2;VRG;SBFL;SBSP;273,00;788
2004;2;VRG;SBMQ;SBBE;204,30;23
2004;2;VRG;SBCT;SBGL;399,00;139
2004;2;VRG;SBBR;SBFL;500,00;136
2004;2;VRG;SBBR;SBBH;306,00;776
2004;2;VRG;SBUL;SBSP;631,00;120
2004;2;VRG;SBSV;SBGL;439,65;151
2004;2;VRG;SBSP;SBGO;534,00;296
2004;2;VRG;SBBE;SBMQ;255,00;18
2004;2;VRG;SBCT;SBGL;699,00;76
2004;2;VRG;SBGL;SBFL;484,00;118
2004;2;VRG;SBGR;SBCF;365,00;254
2004;2;VRG;SBSP;SBRP;363,00;465
2004;2;VRG;SBBR;SBGR;614,00;91
2004;2;VRG;SBBR;SBPA;832,00;223
2004;2;VRG;SBBH;SBSP;365,00;721
2004;2;VRG;SBBE;SBMQ;125,00;692
2004;2;VRG;SBBR;SBBE;425,00;395
2004;2;VRG;SBSP;SBBH;365,00;676
2004;2;VRG;SBSP;SBFL;258,00;1452
2004;2;VRG;SBGL;SBBR;709,00;7
2004;2;VRG;SBGL;SBSV;582,00;711
2004;2;VRG;SBBR;SBSP;419,00;5668
2004;2;VRG;SBSP;SBFL;364,00;209
2004;2;VRG;SBPA;SBGR;686,00;135
2004;2;VRG;SBBR;SBKP;796,00;8
2004;2;VRG;SBFL;SBGL;432,00;1095
2004;2;VRG;SBBR;SBSV;632,00;299
2004;2;VRG;SBCT;SBGR;587,00;115
2004;2;VRG;SBGL;SBBR;776,00;30
2004;2;VRG;SBSP;SBFL;558,00;69
2004;2;VRG;SBRF;SBSV;295,00;131
2004;2;VRG;SBBH;SBKP;308,00;38
2004;2;VRG;SBCT;SBSP;450,00;63
2004;2;VRG;SBPA;SBBR;929,00;10
2004;2;VRG;SBPA;SBCT;428,00;58
2004;2;VRG;SBBR;SBBH;455,00;343
2004;2;VRG;SBGR;SBBR;363,60;51
2004;2;VRG;SBGL;SBCT;699,00;33
2004;2;VRG;SBBR;SBGL;709,00;4
2004;2;VRG;SBSP;SBFL;510,00;7
2004;2;VRG;SBGR;SBPA;817,00;1575
2004;2;VRG;SBGR;SBCF;463,00;47
2004;2;VRG;SBGR;SBBR;679,00;67
2004;2;VRG;SBRJ;SBVT;235,35;43
2004;2;VRG;SBPA;SBSP;556,00;397
2004;2;VRG;SBBR;SBRJ;419,00;3343
2004;2;VRG;SBGL;SBSV;439,65;61
2004;2;VRG;SBRJ;SBBH;200,00;3115
2004;2;VRG;SBSP;SBBH;318,00;4352
2004;2;VRG;SBSP;SBRJ;212,00;5627
2004;2;VRG;SBGL;SBSV;821,00;19
2004;2;VRG;SBSP;SBFL;316,00;398
2004;2;VRG;SBGR;SBBR;970,00;25
2004;2;VRG;SBGL;SBBR;379,80;6
2004;2;VRG;SBFL;SBSP;558,00;51
2004;2;VRG;SBPA;SBBR;550,35;28
2004;2;VRG;SBFL;SBPA;209,00;39
2004;2;VRG;SBGR;SBPA;686,00;121
2004;2;VRG;SBRJ;SBCT;459,00;31
2004;2;VRG;SBPA;SBGR;367,65;190
2004;2;VRG;SBBR;SBBE;776,00;209
2004;2;VRG;SBFZ;SBBR;1199,00;130
2004;2;VRG;SBRF;SBSV;579,00;2
2004;2;VRG;SBSV;SBGR;1059,00;2651
2004;2;VRG;SBRJ;SBVT;272,00;572
2004;2;VRG;SBSP;SBCT;309,00;4128
2004;2;VRG;SBBR;SBRJ;641,00;48
2004;2;VRG;SBSV;SBGL;1164,00;66
2004;2;VRG;SBVT;SBSP;746,00;264
2004;2;VRG;SBPA;SBCT;377,00;105
2004;2;VRG;SBUL;SBSP;403,00;704
2004;2;VRG;SBBR;SBPA;734,00;199
2004;2;VRG;SBCT;SBFL;184,05;30
2004;2;VRG;SBSP;SBVT;746,00;289
2004;2;VRG;SBVT;SBRJ;200,00;2465
2004;2;VRG;SBGL;SBBR;419,00;565
2004;2;VRG;SBRJ;SBKP;329,00;1113
2004;2;VRG;SBKP;SBBH;308,00;33
2004;2;VRG;SBSP;SBGO;722,00;397
2004;2;VRG;SBFL;SBSP;364,00;145
2004;2;VRG;SBKP;SBBR;399,00;106
2004;2;VRG;SBGR;SBFL;461,00;63
2004;2;VRG;SBCT;SBKP;428,00;1
2004;2;VRG;SBRJ;SBVT;481,00;157
2004;2;VRG;SBGL;SBSV;1164,00;94
2004;2;VRG;SBKP;SBBH;414,00;13
2004;2;VRG;SBGR;SBEG;1668,00;443
2004;2;VRG;SBCT;SBGR;372,00;98
2004;2;VRG;SBMQ;SBBE;255,00;12
2004;2;VRG;SBGR;SBBR;419,00;895
2004;2;VRG;SBBR;SBKP;309,00;309
2004;2;VRG;SBGR;SBSV;691,00;1280
2004;2;VRG;SBRF;SBFZ;239,00;1039
2004;2;VRG;SBGL;SBFL;678,00;6
2004;2;VRG;SBGL;SBCT;459,00;174
2004;2;VRG;SBNF;SBSP;251,00;2425
2004;2;VRG;SBPA;SBGR;752,00;1054
2004;2;VRG;SBPA;SBGR;980,00;226
2004;2;VRG;SBSP;SBBR;363,60;150
2004;2;VRG;SBSP;SBPA;752,00;121
2004;2;VRG;SBGL;SBSV;977,00;870
2004;2;VRG;SBRJ;SBBH;259,00;125
2004;2;VRG;SBBR;SBSP;679,00;28
2004;2;VRG;SBVT;SBRJ;314,00;323
2004;2;VRG;SBSV;SBRF;634,00;70
2004;2;VRG;SBSP;SBPA;817,00;861
2004;2;VRG;SBBR;SBBE;1050,00;9
2004;2;VRG;SBBH;SBSP;463,00;52
2004;2;VRG;SBFL;SBCT;311,00;2
2004;2;VRG;SBRJ;SBSP;319,00;26690
2004;2;VRG;SBSP;SBPS;865,00;135
2004;2;VRG;SBBR;SBGO;164,00;173
2004;2;VRG;SBFL;SBGR;364,00;336
2004;2;VRG;SBUL;SBSP;529,00;2
2004;2;VRG;SBNF;SBSP;256,95;151
2004;2;VRG;SBFZ;SBRF;492,00;206
2004;2;VRG;SBGL;SBCT;331,20;24
2004;2;VRG;SBBR;SBFL;825,00;5
2004;2;VRG;SBCT;SBKP;388,00;3
2004;2;VRG;SBCT;SBFL;286,00;295
2004;2;VRG;SBBR;SBSV;706,00;48
2004;2;VRG;SBNF;SBSP;343,00;179
2004;2;VRG;SBGO;SBSP;597,00;65
2004;2;VRG;SBKP;SBCT;309,00;937
2004;2;VRG;SBBE;SBMQ;204,30;25
2004;2;VRG;SBSP;SBBH;414,00;1123
2004;2;VRG;SBFL;SBPA;498,00;167
2004;2;VRG;SBGR;SBSV;1151,00;1916
2004;2;VRG;SBGR;SBEG;1134,00;715
2004;2;VRG;SBBR;SBBH;562,00;6
2004;2;VRG;SBRP;SBSP;289,00;4
2004;2;VRG;SBGO;SBBR;145,80;22
2004;2;VRG;SBFL;SBSP;273,15;86
2004;2;VRG;SBGL;SBBR;1013,00;168
2004;2;VRG;SBBH;SBBR;348,00;317
2004;2;VRG;SBBR;SBPA;1468,00;124
2004;2;VRG;SBFL;SBGR;510,00;33
2004;2;VRG;SBEG;SBGR;1401,00;37
2004;2;VRG;SBEG;SBGR;1535,00;310
2004;2;VRG;SBSP;SBUL;403,00;737
2004;2;VRG;SBFL;SBPA;458,00;264
2004;2;VRG;SBPA;SBGL;1184,00;227
2004;2;VRG;SBEG;SBGR;1134,00;525
2004;2;VRG;SBGR;SBBR;743,00;519
2004;2;VRG;SBCT;SBSP;372,00;36
2004;2;VRG;SBRJ;SBBH;339,00;186
2004;2;VRG;SBEG;SBGR;1751,00;14
2004;2;VRG;SBRJ;SBCT;505,00;31
2004;2;VRG;SBSP;SBNF;256,95;141
2004;2;VRG;SBPA;SBBR;1468,00;79
2004;2;VRG;SBRJ;SBCT;331,20;2
2004;2;VRG;SBGL;SBPA;908,00;171
2004;2;VRG;SBRJ;SBVT;523,00;530
2004;2;VRG;SBBR;SBGR;485,00;365
2004;2;VRG;SBVT;SBSP;579,00;52
2004;2;VRG;SBMQ;SBBE;309,00;22
2004;2;VRG;SBKP;SBBR;657,00;3
2004;2;VRG;SBFL;SBCT;286,00;190
2004;2;VRG;SBCT;SBGR;220,05;140
2004;2;VRG;SBPA;SBGR;621,00;246
2004;2;VRG;SBPA;SBGL;987,00;342
2004;2;VRG;SBBH;SBKP;660,00;31
2004;2;VRG;SBEG;SBGR;1668,00;431
2004;2;VRG;SBSP;SBBH;560,00;122
2004;2;VRG;SBBH;SBBR;401,00;239
2004;2;VRG;SBFL;SBPA;224,10;50
2004;2;VRG;SBSV;SBGR;1381,00;206
2004;2;VRG;SBMQ;SBBE;540,00;1
2004;2;VRG;SBBR;SBFL;1086,00;50
2004;2;VRG;SBGR;SBBR;808,00;702
2004;2;VRG;SBCT;SBGL;625,00;3
2004;2;VRG;SBEG;SBGR;750,60;223
2004;2;VRG;SBSP;SBRP;395,00;114
2004;2;VRG;SBRJ;SBVT;200,00;2289
2004;2;VRG;SBBH;SBBR;508,00;28
2004;2;VRG;SBGR;SBEG;2002,00;645
2004;2;VRG;SBSP;SBBR;419,00;5526
2004;2;VRG;SBFL;SBPA;259,00;56
2004;2;VRG;SBSP;SBNF;525,00;113
2004;2;VRG;SBGL;SBPA;513,00;233
2004;2;VRG;SBBR;SBRJ;379,80;49
2004;2;VRG;SBFL;SBGL;363,15;69
2004;2;VRG;SBRF;SBFZ;377,00;158
2004;2;VRG;SBRJ;SBBR;449,00;1753
2004;2;VRG;SBBH;SBBR;669,00;176
2004;2;VRG;SBBR;SBBH;615,00;19
2004;2;VRG;SBGR;SBCT;587,00;109
2004;2;VRG;SBGR;SBFL;413,00;334
2004;2;VRG;SBSP;SBFL;413,00;343
2004;2;VRG;SBBR;SBGO;194,00;57
2004;2;VRG;SBGR;SBPA;556,00;880
2004;2;VRG;SBRF;SBSV;358,00;323
2004;2;VRG;SBFL;SBBR;825,00;3
2004;2;VRG;SBBE;SBBR;513,45;58
2004;2;VRG;SBRF;SBSV;234,00;64
2004;2;VRG;SBCF;SBGR;512,00;41
2004;2;VRG;SBBR;SBBH;348,00;286
2004;2;VRG;SBKP;SBBH;660,00;22
2004;2;VRG;SBKP;SBBH;359,00;9
2004;2;VRG;SBVT;SBSP;335,70;95
2004;2;VRG;SBFL;SBCT;376,00;1
2004;2;VRG;SBSP;SBPA;439,00;4293
2004;2;VRG;SBRP;SBSP;329,00;30
2004;2;VRG;SBPA;SBFL;259,00;76
2004;2;VRG;SBGL;SBBR;574,00;77
2004;2;VRG;SBGR;SBPA;899,00;47
2004;2;VRG;SBGL;SBFL;968,00;52
2004;2;VRG;SBGL;SBRF;1269,00;233
2004;2;VRG;SBSP;SBCT;339,00;391
2004;2;VRG;SBBR;SBBH;301,05;13
2004;2;VRG;SBGR;SBGL;423,00;625
2004;2;VRG;SBBH;SBRJ;224,00;680
2004;2;VRG;SBPA;SBCT;327,00;37
2004;2;VRG;SBPA;SBSP;621,00;230
2004;2;VRG;SBFL;SBGL;807,00;128
2004;2;VRG;SBSP;SBCT;220,05;139
2004;2;VRG;SBBR;SBGL;449,00;310
2004;2;VRG;SBBR;SBSP;363,60;168
2004;2;VRG;SBCT;SBSP;309,00;4115
2004;2;VRG;SBCT;SBRJ;459,00;27
2004;2;VRG;SBSP;SBPA;556,00;288
2004;2;VRG;SBSP;SBVT;699,00;227
2004;2;VRG;SBBH;SBSP;274,05;55
2004;2;VRG;SBFL;SBBR;500,00;209
2004;2;VRG;SBFL;SBPA;299,00;61
2004;2;VRG;SBBR;SBGO;298,00;6
2004;2;VRG;SBRF;SBFZ;325,00;48
2004;2;VRG;SBBR;SBSP;808,00;1603
2004;2;VRG;SBCT;SBKP;489,00;91
2004;2;VRG;SBSV;SBGR;967,00;74
2004;2;VRG;SBBH;SBKP;359,00;7
2004;2;VRG;SBGR;SBPA;980,00;254
2004;2;VRG;SBPA;SBFL;598,00;16
2004;2;VRG;SBCF;SBGR;365,00;429
2004;2;VRG;SBFZ;SBRF;377,00;146
2004;2;VRG;SBSV;SBGR;783,00;975
2004;2;VRG;SBSP;SBPS;423,00;56
2004;2;VRG;SBSP;SBRJ;319,00;24852
2004;2;VRG;SBSP;SBUL;595,00;44
2004;2;VRG;SBBE;SBBR;513,00;568
2004;2;VRG;SBBR;SBSV;929,00;273
2004;2;VRG;SBRJ;SBCT;399,00;60
2004;2;VRG;SBGL;SBFL;613,00;23
2004;2;VRG;SBBE;SBBR;593,00;635
2004;2;VRG;SBGR;SBPA;752,00;1260
2004;2;VRG;SBRJ;SBCT;699,00;32
2004;2;VRG;SBBE;SBBR;1141,00;159
2004;2;VRG;SBRF;SBGL;1269,00;283
2004;2;VRG;SBBR;SBFZ;1199,00;16
2004;2;VRG;SBPA;SBFL;224,10;38
2004;2;VRG;SBPS;SBSP;940,00;88
2004;2;VRG;SBPA;SBGL;908,00;65
2004;2;VRG;SBSP;SBUL;529,00;2
2004;2;VRG;SBBR;SBGO;324,00;31
2004;2;VRG;SBRJ;SBBH;299,00;132
2004;2;VRG;SBGL;SBBR;449,00;221
2004;2;VRG;SBGO;SBBR;272,00;1
2004;2;VRG;SBGL;SBCT;625,00;7
2004;2;VRG;SBBE;SBMQ;215,00;20
2004;2;VRG;SBMQ;SBBE;215,00;19
2004;2;VRG;SBBR;SBGL;641,00;21
2004;2;VRG;SBFZ;SBRF;274,00;25
2004;2;VRG;SBBR;SBGR;419,00;948
2004;2;VRG;SBFL;SBGR;273,15;137
2004;2;VRG;SBVT;SBRJ;523,00;358
2004;2;VRG;SBBR;SBGL;506,00;124
2004;2;VRG;SBBH;SBSP;560,00;96
2004;2;VRG;SBPA;SBGL;513,00;275
2004;2;VRG;SBBE;SBMQ;309,00;21
2004;2;VRG;SBCT;SBGR;339,00;568
2004;2;VRG;SBFL;SBCT;184,05;40
2004;2;VRG;SBSP;SBRP;289,00;3
2004;2;VRG;SBPA;SBSP;686,00;52
2004;2;VRG;SBCF;SBGR;731,00;167
2004;2;VRG;SBPA;SBBR;1027,00;3
2004;2;VRG;SBSV;SBGR;875,00;131
2004;2;VRG;SBCF;SBGR;560,00;799
2004;2;VRG;SBBR;SBKP;865,00;24
2004;2;VRG;SBGR;SBGL;276,00;603
2004;2;VRG;SBPS;SBSP;423,00;79
2004;2;VRG;SBRF;SBFZ;701,00;132
2004;2;VRG;SBBR;SBFL;738,00;43
2004;2;VRG;SBBR;SBRJ;506,00;595
2004;2;VRG;SBGO;SBBR;246,00;7
2004;2;VRG;SBFL;SBSP;510,00;3
2004;2;VRG;SBGL;SBRF;621,00;981
2004;2;VRG;SBGR;SBFL;273,00;340
2004;2;VRG;SBGL;SBGR;350,00;129
2004;2;VRG;SBKP;SBBR;309,00;266
2004;2;VRG;SBMQ;SBBE;125,00;384
2004;2;VRG;SBBR;SBPA;1125,00;30
2004;2;VRG;SBSP;SBFL;461,00;57
2004;2;VRG;SBRF;SBFZ;665,00;35
2004;2;VRG;SBGR;SBEG;1535,00;592
2004;2;VRG;SBSP;SBNF;434,00;38
2004;2;VRG;SBGO;SBSP;534,00;571
2004;2;VRG;SBCT;SBRJ;331,00;366
2004;2;VRG;SBSV;SBGL;899,00;696
2004;2;VRG;SBPA;SBCT;478,00;5
2004;2;VRG;SBSP;SBBH;609,00;1345
2004;2;VRG;SBCT;SBSP;411,00;15
2004;2;VRG;SBGL;SBGR;423,00;978
2004;2;VRG;SBBR;SBGL;1013,00;116
2004;2;VRG;SBRF;SBGL;761,00;340
2004;2;VRG;SBBR;SBSV;484,00;831
2004;2;VRG;SBVT;SBRJ;356,00;364
2004;2;VRG;SBPA;SBCT;283,05;8
2004;2;VRG;SBKP;SBRJ;242,10;6
2004;2;VRG;SBFL;SBGL;678,00;2
2004;2;VRG;SBGR;SBSV;568,00;2480
2004;2;VRG;SBVT;SBRJ;235,35;26
2004;2;VRG;SBRJ;SBKP;373,00;162
2004;2;VRG;SBPA;SBFL;339,00;111
2004;2;VRG;SBBR;SBSV;855,00;85
2004;2;VRG;SBPA;SBBR;1223,00;93
2004;2;VRG;SBGL;SBPA;671,00;165
2004;2;VRG;SBPA;SBBR;734,00;130
2004;2;VRG;SBBR;SBSP;549,00;1279
2004;2;VRG;SBKP;SBBH;178,00;485
2004;2;VRG;SBEG;SBGR;782,00;271
2004;2;VRG;SBKP;SBBR;450,00;98
2004;2;VRG;SBRF;SBGL;571,05;106
2004;2;VRG;SBKP;SBCT;428,00;2
2004;2;VRG;SBSV;SBBR;484,00;1006
2004;2;VRG;SBGL;SBPA;469,00;2024
2004;2;VRG;SBRJ;SBBH;378,00;8
2004;2;VRG;SBSP;SBCT;489,00;910
2004;2;VRG;SBSV;SBRF;310,05;41
2004;2;VRG;SBBR;SBFZ;815,00;17
2004;2;VRG;SBGL;SBCT;579,00;10
2004;2;VRG;SBBR;SBFZ;726,00;13
2004;2;VRG;SBGR;SBPA;367,65;172
2004;2;VRG;SBBH;SBBR;615,00;48
2004;2;VRG;SBGR;SBEG;1751,00;32
2004;2;VRG;SBSV;SBGR;1151,00;1210
2004;2;VRG;SBSP;SBNF;343,00;141
2004;2;VRG;SBSP;SBPS;714,00;8
2004;2;VRG;SBGL;SBGR;276,00;916
2004;2;VRG;SBSV;SBGL;977,00;860
2004;2;VRG;SBBR;SBGL;844,00;157
2004;2;VRG;SBGO;SBBR;298,00;19
2004;2;VRG;SBKP;SBRJ;538,00;161
2004;2;VRG;SBFL;SBPA;140,00;1594
2004;2;VRG;SBSV;SBRF;295,00;170
2004;2;VRG;SBBR;SBGL;574,00;83
2004;2;VRG;SBFL;SBSP;461,00;39
2004;2;VRG;SBSP;SBNF;297,00;576
2004;2;VRG;SBRF;SBSV;189,00;683
2004;2;VRG;SBCT;SBRJ;399,00;35
2004;2;VRG;SBFZ;SBRF;701,00;107
2004;2;VRG;SBSP;SBNF;388,00;292
2004;2;VRG;SBGL;SBCT;331,00;1117
2004;2;VRG;SBRF;SBFZ;434,00;112
2004;2;VRG;SBSP;SBPS;790,00;5
2004;2;VRG;SBRF;SBGL;1513,00;280
2004;2;VRG;SBEG;SBGR;1834,00;42
2004;2;VRG;SBBR;SBRJ;449,00;894
2004;2;VRG;SBRJ;SBBR;641,00;77
2004;2;VRG;SBBH;SBBR;455,00;319
2004;2;VRG;SBGR;SBEG;1268,00;90
2004;2;VRG;SBFL;SBSP;258,00;1766
2004;2;VRG;SBFZ;SBRF;608,00;1
2004;2;VRG;SBFZ;SBBR;815,00;68
2004;2;VRG;SBUL;SBSP;364,00;52
2004;2;VRG;SBSP;SBGO;597,00;40
2004;2;VRG;SBCT;SBPA;216,00;1
2004;2;VRG;SBKP;SBBR;865,00;32
2004;2;VRG;SBBH;SBBR;562,00;17
2004;2;VRG;SBNF;SBSP;434,00;43
2004;2;VRG;SBSP;SBBH;274,05;64
2004;2;VRG;SBGL;SBSV;664,00;1008
2004;2;VRG;SBSP;SBGO;785,00;394
2004;2;VRG;SBCF;SBGR;414,00;355
2004;2;VRG;SBGR;SBBR;549,00;377
2004;2;VRG;SBBR;SBGR;970,00;30
2004;2;VRG;SBGL;SBFL;549,00;142
2004;2;VRG;SBPA;SBGL;671,00;135
2004;2;VRG;SBGO;SBBR;194,00;57
2004;2;VRG;SBGR;SBCF;414,00;274
2004;2;VRG;SBGL;SBPA;829,00;5
2004;2;VRG;SBBR;SBSV;418,05;84
2004;2;VRG;SBCT;SBGL;459,00;88
2004;2;VRG;SBRF;SBSV;689,00;176
2004;2;VRG;SBGR;SBEG;1001,00;1229
2004;2;VRG;SBFL;SBSP;413,00;257
2004;2;VRG;SBRF;SBFZ;492,00;159
2004;2;VRG;SBCT;SBPA;528,00;1
2004;2;VRG;SBBR;SBKP;389,25;23
2004;2;VRG;SBGL;SBFL;432,00;975
2004;2;VRG;SBCT;SBGL;881,00;72
2004;2;VRG;SBBH;SBRJ;339,00;146
2004;2;VRG;SBRJ;SBBR;506,00;749
2004;2;VRG;SBGR;SBGL;552,00;1505
2004;2;VRG;SBBR;SBGL;419,00;559
2004;2;VRG;SBGO;SBSP;659,00;19
2004;2;VRG;SBFL;SBCT;409,00;72
2004;2;VRG;SBSP;SBBR;485,00;1038
2004;2;VRG;SBSP;SBPA;621,00;238
2004;2;VRG;SBBR;SBFL;569,00;40
2004;2;VRG;SBBR;SBPA;929,00;38
2004;2;VRG;SBRJ;SBBH;418,00;2
2004;2;VRG;SBGL;SBPA;750,00;75
2004;2;VRG;SBGL;SBBR;506,00;200
2004;2;VRG;SBBE;SBBR;425,00;392
2004;2;VRG;SBCT;SBPA;629,00;79
2004;2;VRG;SBFL;SBBR;488,70;7
2004;2;VRG;SBGR;SBFL;607,00;305
2004;2;VRG;SBGL;SBPA;444,15;158
2004;2;VRG;SBPA;SBFL;378,00;22
2004;2;VRG;SBGL;SBCT;505,00;141
2004;2;VRG;SBPS;SBSP;865,00;218
2004;2;VRG;SBVT;SBRJ;397,00;34
2004;2;VRG;SBGR;SBCF;318,00;714
2004;2;VRG;SBVT;SBSP;459,00;436
2004;2;VRG;SBPA;SBGL;592,00;226
2004;2;VRG;SBRF;SBGL;1167,00;191
2004;2;VRG;SBGL;SBSV;899,00;458
2004;2;VRG;SBBH;SBSP;318,00;4123
2004;2;VRG;SBSP;SBCT;411,00;24
2004;2;VRG;SBBR;SBGO;220,00;111
2004;2;VRG;SBSP;SBBH;463,00;40
2004;2;VRG;SBUL;SBSP;595,00;58
2004;2;VRG;SBBH;SBRJ;200,00;2823
2004;2;VRG;SBSP;SBPA;686,00;67
2004;2;VRG;SBFL;SBBR;738,00;40
2004;2;VRG;SBGL;SBGR;207,00;97
2004;2;VRG;SBBR;SBKP;519,00;45
2004;2;VRG;SBKP;SBRJ;499,00;31
2004;2;VRG;SBBE;SBBR;1050,00;78
2004;2;VRG;SBGO;SBBR;164,00;182
2004;2;VRG;SBBH;SBSP;414,00;789
2004;2;VRG;SBSP;SBUL;283,95;35
2004;2;VRG;SBKP;SBCT;348,00;36
2004;2;VRG;SBBH;SBRJ;378,00;9
2004;2;VRG;SBPS;SBSP;499,00;268
2004;2;VRG;SBSV;SBRF;234,00;95
2004;2;VRG;SBUL;SBSP;283,95;37
2004;2;VRG;SBCT;SBGL;579,00;17
2004;2;VRG;SBFL;SBGR;461,00;59
2004;2;VRG;SBRF;SBFZ;315,45;10
2004;2;VRG;SBPA;SBFL;498,00;196
2004;2;VRG;SBPS;SBSP;639,00;94
2004;2;VRG;SBSV;SBGR;691,00;1382
2004;2;VRG;SBCT;SBKP;348,00;27
2004;2;VRG;SBBH;SBKP;560,00;2
2004;2;VRG;SBEG;SBGR;1001,00;907
2004;2;VRG;SBGR;SBCF;731,00;99
2004;2;VRG;SBMQ;SBBE;345,00;6
2004;2;VRG;SBSV;SBBR;855,00;56
2004;2;VRG;SBGO;SBSP;479,00;1337
2004;2;VRG;SBGL;SBRF;761,00;296
2004;2;VRG;SBFL;SBGR;316,00;685
2004;2;VRG;SBBR;SBGR;549,00;479
2004;2;VRG;SBGR;SBGL;313,00;999
2004;2;VRG;SBRJ;SBBR;776,00;82
2004;2;VRG;SBRF;SBGL;621,00;874
2004;2;VRG;SBGL;SBCT;736,00;191
2004;2;VRG;SBPA;SBCT;243,00;90
2004;2;VRG;SBFL;SBGL;742,00;91
2004;2;VRG;SBPA;SBFL;299,00;68
2004;2;VRG;SBSP;SBBR;614,00;105
2004;2;VRG;SBFL;SBGL;484,00;102
2004;2;VRG;SBGR;SBSV;517,95;151
2004;2;VRG;SBBH;SBRJ;259,00;161
2004;2;VRG;SBGL;SBPA;1184,00;247
2004;2;VRG;SBEG;SBGR;833,00;2790
2004;2;VRG;SBBH;SBSP;609,00;1055
2004;2;VRG;SBGR;SBSV;1381,00;176
2004;2;VRG;SBSV;SBBR;780,00;19
2004;2;VRG;SBCT;SBGR;309,00;815
2004;2;VRG;SBRF;SBSV;634,00;35
2004;2;VRG;SBBR;SBKP;727,00;1
2004;2;VRG;SBCT;SBPA;579,00;44
2004;2;VRG;SBBE;SBBR;958,00;5
2004;2;VRG;SBGL;SBGR;243,00;3786
2004;2;VRG;SBBR;SBBH;669,00;188
2004;2;VRG;SBGR;SBSV;967,00;73
2004;2;VRG;SBSV;SBBR;632,00;263
2004;2;VRG;SBGR;SBCT;220,05;168
2004;2;VRG;SBKP;SBRJ;463,00;10
2004;2;VRG;SBSP;SBUL;364,00;39
2004;2;VRG;SBCT;SBPA;243,00;119
2004;2;VRG;SBGR;SBPA;621,00;226
2004;2;VRG;SBRF;SBGL;964,00;89
2004;2;VRG;SBBR;SBGO;246,00;9
2004;2;VRG;SBPA;SBFL;418,00;8
2004;2;VRG;SBSV;SBGL;821,00;31
2004;2;VRG;SBGL;SBRF;1513,00;250
2004;2;VRG;SBRF;SBGL;558,00;321
2004;2;VRG;SBBE;SBMQ;345,00;7
2004;2;VRG;SBVT;SBRJ;481,00;199
2004;2;VRG;SBBH;SBKP;219,00;18
2004;2;VRG;SBPA;SBFL;209,00;60
2004;2;VRG;SBSP;SBPS;579,00;161
2004;2;VRG;SBBR;SBGO;145,80;40
2004;2;VRG;SBGR;SBCF;609,00;216
2004;2;VRG;SBRJ;SBBH;458,00;20
2004;2;VRG;SBRF;SBFZ;274,00;17
2004;2;VRG;SBGL;SBRF;863,00;332
2004;2;VRG;SBCT;SBGL;331,20;59
2004;2;VRG;SBGR;SBCF;274,05;31
2004;2;VRG;SBGR;SBFL;273,15;135
2004;2;VRG;SBKP;SBBR;796,00;5
2004;2;VRG;SBPA;SBFL;174,00;37
2004;2;VRG;SBSP;SBVT;519,00;318
2004;2;VRG;SBFL;SBGL;613,00;25
2004;2;VRG;SBSP;SBFL;273,15;90
2004;2;VRG;SBRF;SBGL;1066,00;11
2004;2;VRG;SBRJ;SBKP;499,00;16
2004;2;VRG;SBRJ;SBVT;356,00;406
2004;2;VRG;SBSP;SBFL;273,00;807
2004;2;VRG;SBMQ;SBBE;159,00;20
2004;2;VRG;SBBR;SBFZ;539,55;4
2004;2;VRG;SBGR;SBEG;1834,00;66
2004;2;VRG;SBPA;SBSP;367,65;213
2004;2;VRG;SBFL;SBGR;413,00;471
2004;2;VRG;SBBR;SBBE;593,00;541
2004;2;VRG;SBSP;SBPS;639,00;82
2004;2;VRG;SBGR;SBGL;350,00;129
2004;2;VRG;SBBH;SBRJ;498,00;514
2004;2;VRG;SBPA;SBGL;750,00;102
2004;2;VRG;SBCT;SBRJ;579,00;7
2004;2;VRG;SBRJ;SBVT;439,00;23
2004;2;VRG;SBRJ;SBCT;736,00;47
2004;2;VRG;SBPA;SBGR;1062,00;8
2004;2;VRG;SBSP;SBNF;480,00;18
2004;2;VRG;SBGL;SBRF;1167,00;136
2004;2;VRG;SBCT;SBRJ;699,00;3
2004;2;VRG;SBPA;SBGL;469,00;2046
2004;2;VRG;SBPA;SBGR;899,00;39
2004;2;VRG;SBNF;SBSP;388,00;297
2004;2;VRG;SBBR;SBRJ;776,00;79
2004;2;VRG;SBFZ;SBRF;665,00;41
2004;2;VRG;SBUL;SBSP;319,00;17
2004;2;VRG;SBCT;SBKP;309,00;790
2004;2;VRG;SBGR;SBEG;750,60;190
2004;2;VRG;SBRF;SBSV;524,00;16
2004;2;VRG;SBFZ;SBBR;539,55;67
2004;2;VRG;SBBR;SBRJ;574,00;730
2004;2;VRG;SBKP;SBBH;219,00;15
2004;2;VRG;SBBE;SBMQ;540,00;30
2004;2;VRG;SBGO;SBBR;220,00;137
2004;2;VRG;SBEG;SBGR;1268,00;64
2004;2;VRG;SBBH;SBKP;269,00;15
2004;2;VRG;SBGL;SBPA;987,00;352
2004;2;VRG;SBBR;SBSP;614,00;121
2004;2;VRG;SBCF;SBGR;463,00;58
2004;2;VRG;SBFL;SBGR;258,00;430
2004;2;VRG;SBNF;SBSP;480,00;35
2004;2;VRG;SBSV;SBGL;586,00;974
2004;2;VRG;SBKP;SBBH;269,00;13
2004;2;VRG;SBBR;SBSP;743,00;197
2004;2;VRG;SBPA;SBCT;579,00;12
2004;2;VRG;SBBR;SBRJ;709,00;23
2004;2;VRG;SBSV;SBBR;557,00;431
2004;2;VRG;SBVT;SBSP;699,00;289
2004;2;VRG;SBGR;SBCT;339,00;601
2004;2;VRG;SBPA;SBGR;556,00;890
2004;2;VRG;SBFZ;SBBR;726,00;394
2004;2;VRG;SBBE;SBMQ;454,00;156
2004;2;VRG;SBBR;SBKP;399,00;103
2004;2;VRG;SBBR;SBPA;1027,00;12
2004;2;VRG;SBGR;SBFL;558,00;634
2004;2;VRG;SBCT;SBGR;450,00;625
2004;2;VRG;SBGL;SBFL;363,15;63
2004;2;VRG;SBFL;SBPA;598,00;131
2004;2;VRG;SBBR;SBSV;780,00;9
2004;2;VRG;SBGL;SBRF;1066,00;8
2004;2;VRG;SBEG;SBGR;2168,00;1
2004;2;VRG;SBRF;SBFZ;550,00;2
2004;2;VRG;SBRF;SBSV;413,00;277
2004;2;VRG;SBGL;SBCT;881,00;78
2004;2;VRG;SBSV;SBRF;413,00;326
2004;2;VRG;SBGR;SBPA;1062,00;20
2004;2;VRG;SBGL;SBSV;383,00;282
2004;2;VRG;SBFL;SBPA;418,00;1
2004;2;VRG;SBSP;SBNF;251,00;2542
2004;2;VRG;SBSP;SBPA;367,65;182
2004;2;VRG;SBRJ;SBBH;224,00;750
2004;2;VRG;SBSP;SBCT;372,00;27
2004;2;VRG;SBCF;SBGR;318,00;1158
2004;2;VRG;SBCT;SBKP;469,00;9
2004;2;VRG;SBPA;SBSP;752,00;130
2004;2;VRG;SBSP;SBVT;579,00;39
2004;2;VRG;SBRP;SBSP;395,00;135
2004;2;VRG;SBGO;SBSP;722,00;494
2004;2;VRG;SBSV;SBBR;706,00;33
2004;2;VRG;SBGR;SBCT;489,00;882
2004;2;VRG;SBPA;SBBR;1125,00;21
2004;2;VRG;SBCT;SBRJ;505,00;19
2004;2;VRG;SBPA;SBGL;829,00;8
2004;2;VRG;SBRJ;SBKP;242,10;6
2004;2;VRG;SBGR;SBCT;411,00;99
2004;2;VRG;SBBR;SBPA;645,00;952
2004;2;VRG;SBGR;SBCF;560,00;696
2004;2;VRG;SBVT;SBSP;639,00;16
2004;2;VRG;SBKP;SBBR;727,00;1
2004;2;VRG;SBFL;SBBR;999,00;10
2004;2;VRG;SBFZ;SBRF;315,45;35
2004;2;VRG;SBBH;SBKP;414,00;16
2004;2;VRG;SBGL;SBFL;742,00;78
2004;2;VRG;SBGL;SBGR;552,00;1789
2004;2;VRG;SBRJ;SBBR;419,00;2609
2004;2;VRG;SBVT;SBRJ;439,00;20
2004;2;VRG;SBGO;SBSP;353,25;53
2004;2;VRG;SBEG;SBGR;2002,00;522
2004;2;VRG;SBCT;SBPA;188,00;757
2004;2;VRG;SBBR;SBBE;1141,00;223
2004;2;VRG;SBBH;SBBR;306,00;946
2004;2;VRG;SBPA;SBBR;645,00;1201
2004;2;VRG;SBFL;SBGL;549,00;130
2004;2;VRG;SBBH;SBRJ;299,00;115
2004;2;VRG;SBCT;SBGL;331,00;970
2004;2;VRG;SBSP;SBPS;499,00;203
2004;2;VRG;SBBE;SBBR;776,00;243
2004;2;VRG;SBGR;SBCT;309,00;979
2004;2;VRG;SBCT;SBFL;344,00;3
2004;2;VRG;SBSP;SBNF;571,00;340
2004;2;VRG;SBRF;SBGL;863,00;362
2004;2;VRG;SBGR;SBCT;372,00;117
2004;2;VRG;SBGR;SBFL;510,00;49
2004;2;VRG;SBPA;SBCT;629,00;81
2004;2;VRG;SBRJ;SBKP;538,00;147
2004;2;VRG;SBBR;SBGR;743,00;792
2004;2;VRG;SBBR;SBBE;685,00;120
2004;2;VRG;SBGL;SBGR;313,00;1261
2004;2;VRG;SBSP;SBGO;353,25;58
2004;2;VRG;SBFL;SBPA;339,00;94
2004;2;VRG;SBGR;SBPA;439,00;2110
2004;2;VRG;SBCT;SBPA;283,05;15
2004;2;VRG;SBKP;SBRJ;329,00;1083
2004;2;VRG;SBKP;SBRJ;413,00;21
2004;2;VRG;SBRP;SBSP;363,00;483
2004;2;VRG;SBRJ;SBSP;212,00;5003
2004;2;VRG;SBBR;SBBE;867,00;9
2004;2;VRG;SBBR;SBPA;550,35;53
2004;2;VRG;SBRJ;SBBR;379,80;148
2004;2;VRG;SBFL;SBSP;607,00;335
2004;2;VRG;SBRJ;SBBH;224,10;31
2004;2;VRG;SBSP;SBUL;631,00;94
2004;2;VRG;SBBH;SBSP;512,00;13
2004;2;VRG;SBCT;SBFL;409,00;54
2004;2;VRG;SBSV;SBGR;517,95;171
2004;2;VRG;SBFZ;SBBR;1103,00;3
2004;2;VRG;SBFZ;SBBR;1436,00;65
2004;2;VRG;SBBR;SBSV;557,00;517
2004;2;VRG;SBBH;SBKP;178,00;382
2004;2;VRG;SBGL;SBGR;460,00;8224
2004;2;VRG;SBCT;SBGR;489,00;491
2004;2;VRG;SBGL;SBFL;807,00;119
2004;2;VRG;SBPS;SBSP;714,00;39
2004;2;VRG;SBFZ;SBRF;550,00;21
2004;2;VRG;SBBH;SBBR;301,05;12
2004;2;VRG;SBGL;SBSV;743,00;128
2004;2;VRG;SBGR;SBEG;1401,00;48
2004;2;VRG;SBMQ;SBBE;418,00;1
2004;2;VRG;SBKP;SBCT;489,00;59
2004;2;VRG;SBBR;SBFL;912,00;5
2004;2;VRG;SBFL;SBPA;174,00;14
2004;2;VRG;SBKP;SBBR;389,25;22
2004;2;VRG;SBBH;SBRJ;458,00;39
2004;2;VRG;SBCT;SBRJ;331,20;6
2004;2;VRG;SBGL;SBRF;964,00;89
2004;2;VRG;SBSP;SBRP;472,00;116
2004;2;VRG;SBVT;SBSP;519,00;317
2004;2;VRG;SBSV;SBRF;469,00;217
2004;2;VRG;SBBH;SBRJ;418,00;4
2004;2;VRG;SBCT;SBSP;220,05;154
2004;2;VRG;SBSP;SBFL;607,00;433
2004;2;VRG;SBCT;SBGR;411,00;100
2004;2;VRG;SBSV;SBGR;568,00;2859
2004;2;VRG;SBRJ;SBKP;413,00;23
2004;2;VRG;SBSP;SBRP;329,00;26
2004;2;VRG;SBPS;SBSP;579,00;207
2004;2;VRG;SBRJ;SBBR;709,00;22
2004;2;VRG;SBGO;SBSP;785,00;253
2004;2;VRG;SBGR;SBFL;258,00;345
2004;2;VRG;SBCT;SBRJ;736,00;53
2004;2;VRG;SBRP;SBSP;212,40;30
2004;2;VRG;SBSP;SBGO;479,00;1269
2004;2;VRG;SBBR;SBPA;1223,00;168
2004;2;VRG;SBSP;SBPS;940,00;77
2004;2;VRG;SBPA;SBBR;832,00;97
2004;2;VRG;SBPA;SBGR;439,00;2074
2004;2;VRG;SBSP;SBBR;679,00;34
2004;2;VRG;SBRJ;SBBR;574,00;853
2004;2;VRG;SBSP;SBVT;459,00;418
2004;2;VRG;SBFL;SBGR;607,00;292
2004;2;VRG;SBBR;SBKP;657,00;2
2004;2;VRG;SBBR;SBGO;272,00;2
2004;2;VRG;SBKP;SBRJ;373,00;139
2004;2;VRG;SBCT;SBGL;736,00;163
2004;2;VRG;SBCT;SBPA;377,00;112
2004;2;VRG;SBGL;SBSV;459,00;1251
2004;2;VRG;SBSV;SBRF;524,00;24
2004;2;VRG;SBSP;SBVT;639,00;25
2004;2;VRG;SBCF;SBGR;274,05;23
2004;2;VRG;SBBR;SBFL;999,00;6
2004;2;VRG;SBGR;SBSV;1059,00;2594
2004;2;VRG;SBRF;SBSV;310,05;51
2004;2;VRG;SBGL;SBRF;571,05;69
2004;2;VRG;SBPS;SBSP;790,00;6
2004;2;VRG;SBVT;SBRJ;272,00;559
2004;2;VRG;SBSP;SBUL;463,00;4
2004;2;VRG;SBPA;SBGL;444,15;177
2004;2;VRG;SBSV;SBRF;689,00;138
2004;2;VRG;SBBR;SBGR;679,00;71
2004;2;VRG;SBBR;SBBH;401,00;272
2004;2;VRG;SBBR;SBRJ;844,00;1611
2004;2;VRG;SBBR;SBGL;379,80;4
2004;2;VRG;SBPA;SBGR;817,00;784
2004;2;VRG;SBSP;SBVT;335,70;85
2004;2;VRG;SBRJ;SBVT;314,00;282
2004;2;VRG;SBBR;SBKP;588,00;68
2004;2;VRG;SBSP;SBBH;512,00;9
2004;2;VRG;SBGR;SBFL;316,00;508
2004;2;VRG;SBSP;SBBR;549,00;1495
2004;2;VRG;SBGL;SBCT;399,00;133
2004;2;VRG;SBFL;SBBR;569,00;50
2004;2;VRG;SBSV;SBBR;929,00;148
2004;2;VRG;SBSV;SBGL;459,00;1296
2004;2;VRG;SBFL;SBBR;652,00;20
2004;2;VRG;SBGR;SBGL;598,00;46
2004;2;VRG;SBSV;SBGL;664,00;873
2004;2;VRG;SBSV;SBGL;743,00;85
2004;2;VRG;SBGR;SBGL;386,00;56
2004;2;VRG;SBGL;SBGR;386,00;79
2004;2;VRG;SBFL;SBGL;968,00;42
2004;2;VRG;SBPA;SBSP;817,00;976
2004;2;VRG;SBBR;SBGL;776,00;38
2004;2;VRG;SBKP;SBCT;469,00;5
2004;2;VRG;SBSP;SBBR;743,00;194
2004;2;VRG;SBBH;SBRJ;224,10;26
2004;2;VRG;SBBR;SBBE;513,45;61
2004;2;VRG;SBGR;SBBR;485,00;262
2004;2;VRG;SBCT;SBSP;489,00;1070
2004;2;VRG;SBKP;SBCT;388,00;10
2004;2;VRG;SBBR;SBGR;808,00;739
2004;2;VRG;SBCT;SBPA;478,00;2
2004;2;VRG;SBGL;SBBR;641,00;28
2004;2;VRG;SBBE;SBMQ;418,00;2
2004;2;VRG;SBGL;SBBR;844,00;83
2004;2;VRG;SBPA;SBFL;140,00;1449
2004;2;VRG;SBRJ;SBBH;498,00;547
2004;2;VRG;SBGL;SBPA;592,00;199
2004;2;VRG;SBGR;SBGL;243,00;2026
2004;2;VRG;SBFL;SBSP;316,00;411
2004;2;VRG;SBGR;SBEG;833,00;2935
2004;2;VRG;SBBR;SBBE;513,00;476
2004;2;VRG;SBSP;SBBR;808,00;1358
2004;2;VRG;SBNF;SBSP;297,00;631
2004;2;VRG;SBGO;SBBR;324,00;89
2004;2;VRG;SBGR;SBBR;614,00;52
2004;2;VRG;SBSP;SBVT;409,00;2062
2004;2;VRG;SBBR;SBBE;958,00;1
2004;2;VRG;SBFZ;SBRF;239,00;923
2004;2;VRG;SBBE;SBMQ;189,00;14
2004;2;VRG;SBBE;SBBR;685,00;142
2004;2;VRG;SBBE;SBMQ;159,00;26
2004;2;VRG;SBVT;SBSP;409,00;1960
2004;2;VRG;SBGL;SBGR;598,00;61
2004;2;VRG;SBKP;SBBR;519,00;53
2004;2;VRG;SBGR;SBCF;512,00;38
2004;2;VRG;SBKP;SBBR;588,00;52
2004;2;VRG;SBGR;SBGL;207,00;39
2004;2;VRG;SBBR;SBSP;485,00;1191
2004;2;VRG;SBBR;SBGR;363,60;30
2004;2;VRG;SBSV;SBBR;418,05;88
2004;2;VRG;SBSV;SBRF;358,00;368
2004;2;VRG;SBCT;SBPA;327,00;57
2004;2;VRG;SBNF;SBSP;571,00;309
2004;2;VRG;SBRJ;SBVT;397,00;38
2004;2;VRG;SBGL;SBSV;508,00;486
2004;2;VRG;SBGR;SBSV;875,00;155
2004;2;VRG;SBNF;SBSP;525,00;127
2004;2;VRG;SBBR;SBFL;488,70;15
2004;2;VRG;SBGL;SBRF;558,00;275
2004;2;VRG;SBPA;SBCT;216,00;3
2004;2;VRG;SBMQ;SBBE;454,00;23
2004;2;VRG;SBCT;SBPA;428,00;74
2004;2;VRG;SBPA;SBCT;188,00;723
2004;2;VRG;SBSP;SBGO;659,00;17
2004;2;VRG;SBGR;SBEG;782,00;295
2004;2;VRG;SBUL;SBSP;463,00;7
2004;2;VRG;SBCT;SBSP;339,00;515
2004;2;VRG;SBFZ;SBBR;911,00;12
2004;2;VRG;SBSP;SBCT;450,00;86
2004;2;VRG;SBFL;SBPA;378,00;13
2004;2;VRG;SBFZ;SBRF;434,00;158
2004;2;VRG;SBBR;SBFL;652,00;24
2004;2;VRG;SBFL;SBGR;273,00;339
2004;2;VRG;SBSV;SBRF;189,00;665
2004;2;VRG;SBSP;SBUL;319,00;28
2004;2;VRG;SBBR;SBKP;450,00;138
2004;2;VRG;SBSV;SBGL;383,00;318
2004;2;VRG;SBSV;SBGL;508,00;585
2004;2;VRG;SBCT;SBFL;376,00;6
2004;2;VRG;SBFZ;SBRF;325,00;53
2004;2;VRG;SBGR;SBSV;783,00;1022
2004;2;VRG;SBBE;SBBR;867,00;8
2004;2;VRG;SBFL;SBGR;558,00;1063
2004;2;VRG;SBCT;SBGL;505,00;121
2004;2;VRG;SBRJ;SBBR;844,00;1079
2004;2;VRG;SBRP;SBSP;472,00;92
2004;2;VRG;SBGR;SBCT;450,00;578
2004;2;VRG;SBGR;SBFL;364,00;280
2004;2;VRG;SBCT;SBFL;311,00;4
2004;2;VRG;SBGR;SBGL;460,00;9117
2004;2;VSP;SBKP;SBGL;309,00;5
2004;2;VSP;SBRF;SBFZ;181,00;791
2004;2;VSP;SBFZ;SBRF;341,00;222
2004;2;VSP;SBBR;SBKP;399,00;9
2004;2;VSP;SBBR;SBGL;620,00;13
2004;2;VSP;SBPA;SBSP;534,00;20
2004;2;VSP;SBRF;SBFZ;443,00;21
2004;2;VSP;SBBR;SBGR;689,00;25
2004;2;VSP;SBBR;SBCF;424,00;4
2004;2;VSP;SBBR;SBFL;591,00;22
2004;2;VSP;SBGL;SBRF;950,00;8
2004;2;VSP;SBBE;SBMQ;227,00;96
2004;2;VSP;SBSP;SBBH;259,00;9
2004;2;VSP;SBGL;SBRF;836,00;16
2004;2;VSP;SBGL;SBPA;991,00;22
2004;2;VSP;SBPA;SBBR;549,00;25
2004;2;VSP;SBSV;SBRF;185,00;689
2004;2;VSP;SBCT;SBSP;370,00;1
2004;2;VSP;SBBR;SBBE;860,00;6
2004;2;VSP;SBBR;SBBE;418,00;296
2004;2;VSP;SBGR;SBSV;826,00;189
2004;2;VSP;SBCT;SBSP;493,00;13
2004;2;VSP;SBGR;SBGL;140,00;17
2004;2;VSP;SBPA;SBGL;516,00;17
2004;2;VSP;SBRJ;SBSP;249,00;13142
2004;2;VSP;SBCF;SBBR;208,00;20
2004;2;VSP;SBPA;SBCT;314,00;6
2004;2;VSP;SBBR;SBCF;359,00;21
2004;2;VSP;SBEG;SBGR;688,00;140
2004;2;VSP;SBBR;SBPA;1229,00;3
2004;2;VSP;SBBE;SBBR;529,00;45
2004;2;VSP;SBGR;SBCF;239,00;197
2004;2;VSP;SBGL;SBSV;286,00;585
2004;2;VSP;SBGR;SBBR;491,00;79
2004;2;VSP;SBCT;SBGL;714,00;9
2004;2;VSP;SBGR;SBFL;461,00;21
2004;2;VSP;SBFZ;SBRF;135,00;1111
2004;2;VSP;SBRF;SBGL;905,00;76
2004;2;VSP;SBSP;SBCT;320,00;12
2004;2;VSP;SBSV;SBGR;178,00;526
2004;2;VSP;SBBR;SBFL;697,00;13
2004;2;VSP;SBGR;SBBR;271,00;92
2004;2;VSP;SBBH;SBSP;326,00;21
2004;2;VSP;SBGR;SBFL;523,00;6
2004;2;VSP;SBBR;SBSV;424,00;204
2004;2;VSP;SBEG;SBGR;619,00;235
2004;2;VSP;SBGR;SBCF;444,00;12
2004;2;VSP;SBGL;SBSV;489,00;148
2004;2;VSP;SBSV;SBRF;438,00;28
2004;2;VSP;SBCT;SBGL;278,00;91
2004;2;VSP;SBGL;SBCT;714,00;18
2004;2;VSP;SBCF;SBGR;444,00;12
2004;2;VSP;SBCT;SBGL;536,00;3
2004;2;VSP;SBRF;SBFZ;135,00;837
2004;2;VSP;SBSV;SBGL;449,00;197
2004;2;VSP;SBPA;SBGR;821,00;76
2004;2;VSP;SBGO;SBBR;248,00;5
2004;2;VSP;SBFL;SBGR;167,00;32
2004;2;VSP;SBRF;SBSV;259,00;152
2004;2;VSP;SBRF;SBSV;438,00;25
2004;2;VSP;SBCF;SBGR;289,00;69
2004;2;VSP;SBGR;SBCF;592,00;24
2004;2;VSP;SBBE;SBBR;313,00;20
2004;2;VSP;SBGL;SBCT;250,00;289
2004;2;VSP;SBCT;SBSP;271,00;17
2004;2;VSP;SBKP;SBBR;828,00;9
2004;2;VSP;SBKP;SBBR;319,00;44
2004;2;VSP;SBGL;SBBR;501,00;372
2004;2;VSP;SBGR;SBGL;365,00;21
2004;2;VSP;SBBR;SBGO;111,00;107
2004;2;VSP;SBPA;SBGL;304,00;131
2004;2;VSP;SBSV;SBRF;404,00;4
2004;2;VSP;SBRF;SBSV;573,00;2
2004;2;VSP;SBGR;SBCT;190,00;31
2004;2;VSP;SBBR;SBSP;491,00;136
2004;2;VSP;SBCF;SBGR;239,00;155
2004;2;VSP;SBGR;SBSV;867,00;65
2004;2;VSP;SBPA;SBGR;411,00;32
2004;2;VSP;SBGR;SBEG;688,00;126
2004;2;VSP;SBBR;SBSV;768,00;156
2004;2;VSP;SBPA;SBGL;398,00;155
2004;2;VSP;SBSV;SBGR;549,00;495
2004;2;VSP;SBBR;SBSP;608,00;28
2004;2;VSP;SBKP;SBBR;455,00;17
2004;2;VSP;SBRF;SBFZ;154,00;689
2004;2;VSP;SBPA;SBGR;375,00;21
2004;2;VSP;SBPA;SBBR;744,00;17
2004;2;VSP;SBPA;SBSP;310,00;78
2004;2;VSP;SBBR;SBGR;810,00;112
2004;2;VSP;SBGR;SBCT;419,00;3
2004;2;VSP;SBBE;SBBR;975,00;4
2004;2;VSP;SBGL;SBSV;831,00;195
2004;2;VSP;SBGL;SBBR;827,00;184
2004;2;VSP;SBGR;SBEG;1073,00;66
2004;2;VSP;SBGR;SBPA;411,00;60
2004;2;VSP;SBGL;SBKP;354,00;3
2004;2;VSP;SBBR;SBGR;271,00;98
2004;2;VSP;SBBR;SBSV;459,00;208
2004;2;VSP;SBFZ;SBBR;781,00;12
2004;2;VSP;SBCT;SBPA;473,00;5
2004;2;VSP;SBFL;SBBR;497,00;20
2004;2;VSP;SBGL;SBRF;525,00;601
2004;2;VSP;SBMQ;SBBE;110,00;725
2004;2;VSP;SBCT;SBGR;271,00;30
2004;2;VSP;SBBR;SBSP;535,00;5
2004;2;VSP;SBGL;SBBR;319,00;1490
2004;2;VSP;SBGR;SBFL;615,00;74
2004;2;VSP;SBSV;SBBR;424,00;95
2004;2;VSP;SBBR;SBFZ;901,00;21
2004;2;VSP;SBRF;SBSV;157,00;883
2004;2;VSP;SBSV;SBRF;337,00;96
2004;2;VSP;SBBH;SBSP;592,00;1
2004;2;VSP;SBBR;SBBE;589,00;48
2004;2;VSP;SBKP;SBGL;279,00;7
2004;2;VSP;SBBR;SBCT;379,00;56
2004;2;VSP;SBCT;SBPA;314,00;4
2004;2;VSP;SBFZ;SBRF;154,00;420
2004;2;VSP;SBBE;SBMQ;139,00;489
2004;2;VSP;SBCF;SBBR;285,00;8
2004;2;VSP;SBPA;SBGL;428,00;8
2004;2;VSP;SBSV;SBBR;768,00;108
2004;2;VSP;SBCT;SBBR;499,00;15
2004;2;VSP;SBSV;SBGR;464,00;541
2004;2;VSP;SBFL;SBGR;461,00;25
2004;2;VSP;SBBR;SBGL;827,00;119
2004;2;VSP;SBBE;SBMQ;453,00;12
2004;2;VSP;SBGR;SBCT;271,00;27
2004;2;VSP;SBCT;SBPA;177,00;4
2004;2;VSP;SBMQ;SBBE;340,00;22
2004;2;VSP;SBBE;SBBR;860,00;2
2004;2;VSP;SBCT;SBBR;379,00;49
2004;2;VSP;SBMQ;SBBE;272,00;66
2004;2;VSP;SBCT;SBPA;431,00;8
2004;2;VSP;SBBH;SBBR;245,00;503
2004;2;VSP;SBBR;SBGR;319,00;562
2004;2;VSP;SBSP;SBRJ;249,00;13243
2004;2;VSP;SBCT;SBBR;847,00;3
2004;2;VSP;SBSV;SBGL;587,00;20
2004;2;VSP;SBBR;SBPA;493,00;81
2004;2;VSP;SBCF;SBGR;385,00;84
2004;2;VSP;SBBR;SBPA;811,00;5
2004;2;VSP;SBGR;SBFL;299,00;72
2004;2;VSP;SBFZ;SBRF;375,00;386
2004;2;VSP;SBGL;SBPA;708,00;1
2004;2;VSP;SBGR;SBSV;347,00;1050
2004;2;VSP;SBCF;SBGR;213,00;448
2004;2;VSP;SBBR;SBBE;529,00;48
2004;2;VSP;SBBR;SBGR;446,00;184
2004;2;VSP;SBBR;SBGO;215,00;20
2004;2;VSP;SBSV;SBGL;178,00;415
2004;2;VSP;SBFL;SBBR;591,00;12
2004;2;VSP;SBGR;SBBR;608,00;24
2004;2;VSP;SBEG;SBGR;1200,00;106
2004;2;VSP;SBRF;SBGL;437,00;274
2004;2;VSP;SBCT;SBGL;607,00;3
2004;2;VSP;SBSV;SBRF;506,00;2
2004;2;VSP;SBRF;SBFZ;341,00;141
2004;2;VSP;SBCT;SBGL;250,00;239
2004;2;VSP;SBBR;SBSP;271,00;188
2004;2;VSP;SBGR;SBEG;1033,00;2
2004;2;VSP;SBPA;SBBR;879,00;7
2004;2;VSP;SBGL;SBBR;384,00;220
2004;2;VSP;SBGR;SBGL;317,00;34
2004;2;VSP;SBBH;SBBR;359,00;42
2004;2;VSP;SBFZ;SBRF;181,00;617
2004;2;VSP;SBSV;SBGR;700,00;403
2004;2;VSP;SBBR;SBGO;281,00;2
2004;2;VSP;SBBH;SBBR;490,00;2
2004;2;VSP;SBGR;SBBR;446,00;190
2004;2;VSP;SBGL;SBRF;766,00;519
2004;2;VSP;SBRF;SBSV;404,00;2
2004;2;VSP;SBBH;SBSP;385,00;5
2004;2;VSP;SBSV;SBRF;207,00;583
2004;2;VSP;SBMQ;SBBE;94,00;622
2004;2;VSP;SBGL;SBKP;309,00;8
2004;2;VSP;SBCT;SBPA;159,00;12
2004;2;VSP;SBPA;SBCT;431,00;6
2004;2;VSP;SBGL;SBPA;428,00;7
2004;2;VSP;SBPA;SBSP;344,00;102
2004;2;VSP;SBGR;SBPA;310,00;336
2004;2;VSP;SBBR;SBGR;535,00;12
2004;2;VSP;SBRF;SBGL;950,00;6
2004;2;VSP;SBCT;SBSP;296,00;2
2004;2;VSP;SBGR;SBSV;1156,00;223
2004;2;VSP;SBBE;SBBR;469,00;31
2004;2;VSP;SBGR;SBPA;344,00;86
2004;2;VSP;SBGL;SBSV;449,00;158
2004;2;VSP;SBBH;SBBR;285,00;25
2004;2;VSP;SBGL;SBSV;978,00;169
2004;2;VSP;SBBR;SBCT;997,00;13
2004;2;VSP;SBFL;SBBR;697,00;2
2004;2;VSP;SBBR;SBFL;396,00;48
2004;2;VSP;SBBE;SBMQ;249,00;32
2004;2;VSP;SBSP;SBPA;821,00;13
2004;2;VSP;SBBR;SBGR;580,00;38
2004;2;VSP;SBKP;SBGL;438,00;3
2004;2;VSP;SBBE;SBBR;746,00;21
2004;2;VSP;SBFZ;SBRF;219,00;240
2004;2;VSP;SBSP;SBBR;446,00;152
2004;2;VSP;SBBH;SBSP;289,00;3
2004;2;VSP;SBGR;SBFL;369,00;5
2004;2;VSP;SBCT;SBSP;224,00;50
2004;2;VSP;SBFZ;SBRF;409,00;22
2004;2;VSP;SBPA;SBSP;411,00;31
2004;2;VSP;SBGR;SBEG;398,00;91
2004;2;VSP;SBEG;SBGR;1033,00;13
2004;2;VSP;SBGL;SBSV;344,00;1207
2004;2;VSP;SBSP;SBBR;608,00;30
2004;2;VSP;SBCF;SBGR;326,00;19
2004;2;VSP;SBSP;SBBR;271,00;169
2004;2;VSP;SBBH;SBSP;213,00;1369
2004;2;VSP;SBGL;SBSV;636,00;200
2004;2;VSP;SBGR;SBEG;1179,00;60
2004;2;VSP;SBGR;SBPA;821,00;59
2004;2;VSP;SBCF;SBBR;653,00;6
2004;2;VSP;SBRF;SBFZ;579,00;14
2004;2;VSP;SBSV;SBGR;636,00;225
2004;2;VSP;SBPA;SBGR;534,00;14
2004;2;VSP;SBGL;SBRF;1076,00;12
2004;2;VSP;SBSV;SBGR;867,00;44
2004;2;VSP;SBSP;SBBH;592,00;3
2004;2;VSP;SBBH;SBSP;355,00;2
2004;2;VSP;SBBE;SBMQ;179,00;144
2004;2;VSP;SBFZ;SBRF;511,00;6
2004;2;VSP;SBEG;SBGR;1073,00;33
2004;2;VSP;SBSV;SBGL;636,00;377
2004;2;VSP;SBEG;SBGR;1179,00;45
2004;2;VSP;SBGR;SBFL;79,00;12
2004;2;VSP;SBRF;SBFZ;681,00;50
2004;2;VSP;SBSP;SBPA;344,00;71
2004;2;VSP;SBFZ;SBBR;1201,00;16
2004;2;VSP;SBGR;SBSV;636,00;242
2004;2;VSP;SBGR;SBFL;218,00;196
2004;2;VSP;SBGL;SBKP;515,00;11
2004;2;VSP;SBBR;SBBE;688,00;8
2004;2;VSP;SBGL;SBKP;438,00;1
2004;2;VSP;SBGR;SBEG;619,00;361
2004;2;VSP;SBGR;SBFL;196,00;354
2004;2;VSP;SBGL;SBKP;213,00;133
2004;2;VSP;SBSV;SBGR;826,00;110
2004;2;VSP;SBCT;SBGR;320,00;11
2004;2;VSP;SBGR;SBCT;296,00;2
2004;2;VSP;SBFZ;SBBR;476,00;13
2004;2;VSP;SBGR;SBSV;549,00;237
2004;2;VSP;SBBR;SBBE;376,00;532
2004;2;VSP;SBBR;SBSV;588,00;194
2004;2;VSP;SBFZ;SBBR;635,00;272
2004;2;VSP;SBPA;SBCT;159,00;9
2004;2;VSP;SBBR;SBBH;208,00;102
2004;2;VSP;SBMQ;SBBE;453,00;31
2004;2;VSP;SBBR;SBPA;625,00;9
2004;2;VSP;SBSV;SBBR;198,00;392
2004;2;VSP;SBBR;SBCT;648,00;8
2004;2;VSP;SBGO;SBBR;165,00;101
2004;2;VSP;SBFZ;SBRF;443,00;31
2004;2;VSP;SBGO;SBBR;198,00;3
2004;2;VSP;SBGL;SBRF;694,00;189
2004;2;VSP;SBBR;SBSP;319,00;688
2004;2;VSP;SBSP;SBBR;689,00;41
2004;2;VSP;SBGR;SBBR;535,00;5
2004;2;VSP;SBGR;SBPA;493,00;12
2004;2;VSP;SBSV;SBGR;1156,00;210
2004;2;VSP;SBKP;SBGL;515,00;13
2004;2;VSP;SBGR;SBGL;487,00;74
2004;2;VSP;SBGL;SBPA;743,00;12
2004;2;VSP;SBBE;SBBR;1147,00;41
2004;2;VSP;SBKP;SBBR;399,00;6
2004;2;VSP;SBCT;SBBR;548,00;33
2004;2;VSP;SBBR;SBFZ;721,00;19
2004;2;VSP;SBSV;SBGL;538,00;1086
2004;2;VSP;SBSP;SBBR;369,00;166
2004;2;VSP;SBPA;SBBR;677,00;13
2004;2;VSP;SBBR;SBGL;439,00;200
2004;2;VSP;SBGR;SBPA;264,00;527
2004;2;VSP;SBPA;SBGL;600,00;187
2004;2;VSP;SBGR;SBBR;355,00;413
2004;2;VSP;SBSP;SBBR;355,00;278
2004;2;VSP;SBCT;SBSP;237,00;96
2004;2;VSP;SBGR;SBBR;319,00;681
2004;2;VSP;SBGL;SBRF;437,00;164
2004;2;VSP;SBGR;SBPA;698,00;5
2004;2;VSP;SBSV;SBGL;978,00;125
2004;2;VSP;SBGL;SBGR;249,00;588
2004;2;VSP;SBCT;SBGR;237,00;271
2004;2;VSP;SBPA;SBBR;811,00;2
2004;2;VSP;SBBR;SBSV;497,00;274
2004;2;VSP;SBRF;SBGL;208,00;317
2004;2;VSP;SBGL;SBBR;703,00;18
2004;2;VSP;SBBR;SBGO;198,00;2
2004;2;VSP;SBGR;SBEG;1426,00;4
2004;2;VSP;SBGL;SBKP;251,00;210
2004;2;VSP;SBPA;SBSP;821,00;11
2004;2;VSP;SBPA;SBGL;708,00;4
2004;2;VSP;SBGL;SBGR;292,00;4
2004;2;VSP;SBPA;SBBR;922,00;1
2004;2;VSP;SBFL;SBGR;338,00;118
2004;2;VSP;SBCT;SBPA;143,00;94
2004;2;VSP;SBSV;SBBR;542,00;19
2004;2;VSP;SBGR;SBCT;320,00;11
2004;2;VSP;SBGR;SBSV;417,00;1124
2004;2;VSP;SBGO;SBBR;150,00;62
2004;2;VSP;SBGO;SBBR;215,00;23
2004;2;VSP;SBBE;SBBR;376,00;645
2004;2;VSP;SBBR;SBBE;313,00;26
2004;2;VSP;SBCF;SBGR;355,00;25
2004;2;VSP;SBCT;SBGL;369,00;109
2004;2;VSP;SBGL;SBPA;304,00;140
2004;2;VSP;SBBR;SBFZ;661,00;96
2004;2;VSP;SBSV;SBRF;573,00;13
2004;2;VSP;SBCT;SBPA;397,00;2
2004;2;VSP;SBRF;SBGL;648,00;153
2004;2;VSP;SBSV;SBGR;347,00;1350
2004;2;VSP;SBCF;SBBR;313,00;21
2004;2;VSP;SBKP;SBBR;369,00;2
2004;2;VSP;SBGL;SBRF;583,00;283
2004;2;VSP;SBBR;SBBE;248,00;97
2004;2;VSP;SBCF;SBGR;259,00;11
2004;2;VSP;SBGR;SBCT;249,00;21
2004;2;VSP;SBPA;SBBR;493,00;63
2004;2;VSP;SBSV;SBRF;674,00;64
2004;2;VSP;SBGL;SBGR;163,00;2
2004;2;VSP;SBSV;SBBR;588,00;269
2004;2;VSP;SBBR;SBCF;653,00;11
2004;2;VSP;SBSP;SBBR;319,00;706
2004;2;VSP;SBGR;SBFL;338,00;106
2004;2;VSP;SBPA;SBSP;493,00;5
2004;2;VSP;SBSV;SBGL;286,00;705
2004;2;VSP;SBPA;SBGL;358,00;531
2004;2;VSP;SBGR;SBEG;1678,00;52
2004;2;VSP;SBBR;SBKP;828,00;6
2004;2;VSP;SBMQ;SBBE;294,00;15
2004;2;VSP;SBCT;SBPA;122,00;79
2004;2;VSP;SBGL;SBPA;398,00;267
2004;2;VSP;SBGR;SBPA;534,00;3
2004;2;VSP;SBGR;SBGL;249,00;939
2004;2;VSP;SBBR;SBBH;245,00;410
2004;2;VSP;SBSV;SBGL;383,00;625
2004;2;VSP;SBBR;SBBE;1147,00;23
2004;2;VSP;SBGR;SBCT;493,00;10
2004;2;VSP;SBPA;SBGR;493,00;4
2004;2;VSP;SBCF;SBBR;245,00;249
2004;2;VSP;SBGR;SBCT;237,00;169
2004;2;VSP;SBBR;SBSP;355,00;295
2004;2;VSP;SBGL;SBGR;487,00;67
2004;2;VSP;SBSV;SBRF;157,00;836
2004;2;VSP;SBBR;SBBE;746,00;17
2004;2;VSP;SBSP;SBPA;310,00;96
2004;2;VSP;SBFL;SBBR;805,00;1
2004;2;VSP;SBGL;SBKP;386,00;2
2004;2;VSP;SBPA;SBCT;177,00;6
2004;2;VSP;SBBH;SBBR;653,00;16
2004;2;VSP;SBSP;SBPA;375,00;84
2004;2;VSP;SBGL;SBCT;319,00;64
2004;2;VSP;SBFZ;SBBR;248,00;19
2004;2;VSP;SBGL;SBSV;178,00;587
2004;2;VSP;SBPA;SBGR;264,00;614
2004;2;VSP;SBRF;SBGL;836,00;12
2004;2;VSP;SBGR;SBEG;1259,00;13
2004;2;VSP;SBBR;SBFZ;248,00;20
2004;2;VSP;SBEG;SBGR;1678,00;43
2004;2;VSP;SBGL;SBBR;355,00;341
2004;2;VSP;SBCT;SBSP;249,00;21
2004;2;VSP;SBKP;SBGL;354,00;2
2004;2;VSP;SBFL;SBGR;400,00;33
2004;2;VSP;SBSV;SBGR;417,00;1347
2004;2;VSP;SBGR;SBEG;1200,00;126
2004;2;VSP;SBSP;SBCT;271,00;13
2004;2;VSP;SBGL;SBPA;655,00;5
2004;2;VSP;SBRF;SBGL;766,00;487
2004;2;VSP;SBBH;SBBR;424,00;8
2004;2;VSP;SBCT;SBGL;319,00;59
2004;2;VSP;SBGR;SBCT;224,00;173
2004;2;VSP;SBSP;SBPA;452,00;15
2004;2;VSP;SBPA;SBCT;122,00;75
2004;2;VSP;SBBR;SBSP;369,00;108
2004;2;VSP;SBBR;SBFZ;635,00;259
2004;2;VSP;SBGL;SBKP;279,00;18
2004;2;VSP;SBBR;SBBH;359,00;36
2004;2;VSP;SBPA;SBSP;375,00;95
2004;2;VSP;SBGR;SBCF;326,00;6
2004;2;VSP;SBBR;SBBH;490,00;1
2004;2;VSP;SBBR;SBCT;548,00;20
2004;2;VSP;SBSV;SBGL;344,00;1310
2004;2;VSP;SBGL;SBCT;607,00;8
2004;2;VSP;SBBH;SBSP;259,00;13
2004;2;VSP;SBBR;SBCT;499,00;15
2004;2;VSP;SBGR;SBCF;355,00;26
2004;2;VSP;SBGR;SBFL;167,00;25
2004;2;VSP;SBGR;SBSV;700,00;312
2004;2;VSP;SBCT;SBGR;190,00;36
2004;2;VSP;SBBR;SBCF;313,00;26
2004;2;VSP;SBSP;SBCT;249,00;28
2004;2;VSP;SBCT;SBPA;315,00;12
2004;2;VSP;SBBR;SBPA;677,00;19
2004;2;VSP;SBRF;SBSV;674,00;72
2004;2;VSP;SBRF;SBGL;694,00;204
2004;2;VSP;SBGL;SBBR;271,00;222
2004;2;VSP;SBBR;SBBH;285,00;23
2004;2;VSP;SBGL;SBCT;369,00;108
2004;2;VSP;SBBH;SBSP;239,00;9
2004;2;VSP;SBGR;SBCF;259,00;37
2004;2;VSP;SBBR;SBFL;1073,00;12
2004;2;VSP;SBGR;SBSV;178,00;721
2004;2;VSP;SBBR;SBFL;708,00;1
2004;2;VSP;SBBE;SBMQ;94,00;541
2004;2;VSP;SBGL;SBBR;620,00;11
2004;2;VSP;SBPA;SBGR;616,00;32
2004;2;VSP;SBPA;SBBR;1229,00;6
2004;2;VSP;SBKP;SBGL;251,00;235
2004;2;VSP;SBSV;SBBR;497,00;315
2004;2;VSP;SBFZ;SBBR;901,00;7
2004;2;VSP;SBBR;SBFL;805,00;7
2004;2;VSP;SBRF;SBSV;371,00;338
2004;2;VSP;SBSP;SBPA;534,00;31
2004;2;VSP;SBSP;SBPA;493,00;8
2004;2;VSP;SBEG;SBGR;1259,00;22
2004;2;VSP;SBGR;SBSV;464,00;455
2004;2;VSP;SBSP;SBCT;224,00;40
2004;2;VSP;SBBR;SBFL;497,00;16
2004;2;VSP;SBBR;SBSV;198,00;394
2004;2;VSP;SBGR;SBPA;616,00;45
2004;2;VSP;SBPA;SBGR;310,00;527
2004;2;VSP;SBBR;SBCT;333,00;105
2004;2;VSP;SBFL;SBGR;79,00;14
2004;2;VSP;SBSP;SBPA;411,00;22
2004;2;VSP;SBRF;SBSV;207,00;535
2004;2;VSP;SBSV;SBGL;734,00;100
2004;2;VSP;SBBR;SBBH;555,00;4
2004;2;VSP;SBSV;SBRF;259,00;189
2004;2;VSP;SBGR;SBGL;268,00;243
2004;2;VSP;SBFL;SBGR;369,00;12
2004;2;VSP;SBPA;SBSP;616,00;10
2004;2;VSP;SBPA;SBGR;452,00;68
2004;2;VSP;SBBR;SBCT;435,00;12
2004;2;VSP;SBGL;SBGR;268,00;137
2004;2;VSP;SBCF;SBGR;503,00;3
2004;2;VSP;SBGL;SBRF;1266,00;87
2004;2;VSP;SBGR;SBBR;580,00;50
2004;2;VSP;SBBR;SBFZ;476,00;14
2004;2;VSP;SBKP;SBGL;294,00;33
2004;2;VSP;SBPA;SBGR;344,00;45
2004;2;VSP;SBFL;SBGR;249,00;46
2004;2;VSP;SBCT;SBPA;630,00;2
2004;2;VSP;SBCT;SBGL;213,00;60
2004;2;VSP;SBGR;SBPA;375,00;19
2004;2;VSP;SBFL;SBGR;523,00;12
2004;2;VSP;SBFZ;SBBR;721,00;14
2004;2;VSP;SBEG;SBGR;1426,00;2
2004;2;VSP;SBFL;SBGR;196,00;407
2004;2;VSP;SBGR;SBPA;452,00;49
2004;2;VSP;SBRF;SBSV;185,00;850
2004;2;VSP;SBPA;SBCT;315,00;13
2004;2;VSP;SBBR;SBBH;424,00;6
2004;2;VSP;SBRF;SBGL;583,00;370
2004;2;VSP;SBSV;SBRF;371,00;347
2004;2;VSP;SBBR;SBGR;608,00;5
2004;2;VSP;SBMQ;SBBE;227,00;109
2004;2;VSP;SBRF;SBGL;1266,00;38
2004;2;VSP;SBGL;SBCT;428,00;2
2004;2;VSP;SBPA;SBBR;625,00;12
2004;2;VSP;SBGL;SBBR;592,00;61
2004;2;VSP;SBBR;SBCF;245,00;274
2004;2;VSP;SBRF;SBGL;1076,00;2
2004;2;VSP;SBGR;SBSV;763,00;5
2004;2;VSP;SBCT;SBGR;370,00;5
2004;2;VSP;SBKP;SBGL;386,00;2
2004;2;VSP;SBPA;SBSP;452,00;17
2004;2;VSP;SBBR;SBFZ;781,00;7
2004;2;VSP;SBSP;SBBR;580,00;141
2004;2;VSP;SBBR;SBGO;165,00;152
2004;2;VSP;SBSP;SBBH;355,00;3
2004;2;VSP;SBEG;SBGR;1062,00;20
2004;2;VSP;SBFL;SBGR;299,00;66
2004;2;VSP;SBGL;SBPA;358,00;549
2004;2;VSP;SBGL;SBCT;278,00;70
2004;2;VSP;SBSV;SBGL;831,00;73
2004;2;VSP;SBGL;SBCT;213,00;131
2004;2;VSP;SBMQ;SBBE;249,00;30
2004;2;VSP;SBFL;SBBR;649,00;8
2004;2;VSP;SBCT;SBGR;296,00;3
2004;2;VSP;SBBE;SBMQ;272,00;51
2004;2;VSP;SBSP;SBBR;491,00;148
2004;2;VSP;SBBR;SBFL;358,00;197
2004;2;VSP;SBGL;SBRF;208,00;603
2004;2;VSP;SBBR;SBSP;580,00;156
2004;2;VSP;SBKP;SBBR;538,00;5
2004;2;VSP;SBBR;SBKP;319,00;36
2004;2;VSP;SBSP;SBBR;810,00;121
2004;2;VSP;SBGR;SBFL;400,00;42
2004;2;VSP;SBGR;SBEG;1062,00;34
2004;2;VSP;SBBR;SBGL;319,00;1441
2004;2;VSP;SBRF;SBFZ;375,00;330
2004;2;VSP;SBGO;SBBR;182,00;97
2004;2;VSP;SBGL;SBKP;294,00;52
2004;2;VSP;SBGL;SBSV;587,00;25
2004;2;VSP;SBGR;SBGL;292,00;9
2004;2;VSP;SBBR;SBGO;150,00;85
2004;2;VSP;SBGR;SBCF;289,00;45
2004;2;VSP;SBGO;SBBR;131,00;1614
2004;2;VSP;SBBR;SBGL;703,00;12
2004;2;VSP;SBGR;SBCF;213,00;285
2004;2;VSP;SBKP;SBGL;213,00;107
2004;2;VSP;SBFL;SBBR;358,00;217
2004;2;VSP;SBBR;SBSP;810,00;117
2004;2;VSP;SBPA;SBGL;991,00;19
2004;2;VSP;SBCT;SBGR;249,00;31
2004;2;VSP;SBGL;SBSV;383,00;552
2004;2;VSP;SBBR;SBCT;847,00;4
2004;2;VSP;SBSV;SBGR;983,00;16
2004;2;VSP;SBFL;SBBR;708,00;4
2004;2;VSP;SBGL;SBGR;140,00;28
2004;2;VSP;SBSP;SBCT;493,00;9
2004;2;VSP;SBPA;SBCT;630,00;3
2004;2;VSP;SBPA;SBCT;143,00;84
2004;2;VSP;SBBR;SBGO;182,00;137
2004;2;VSP;SBBR;SBPA;922,00;2
2004;2;VSP;SBGL;SBSV;538,00;993
2004;2;VSP;SBFZ;SBBR;661,00;84
2004;2;VSP;SBBR;SBBH;313,00;91
2004;2;VSP;SBGL;SBPA;600,00;202
2004;2;VSP;SBBR;SBKP;455,00;25
2004;2;VSP;SBGR;SBBR;689,00;23
2004;2;VSP;SBSP;SBPA;616,00;5
2004;2;VSP;SBGR;SBCF;503,00;9
2004;2;VSP;SBKP;SBBR;251,00;78
2004;2;VSP;SBGL;SBBR;546,00;22
2004;2;VSP;SBPA;SBCT;397,00;3
2004;2;VSP;SBBR;SBBE;469,00;31
2004;2;VSP;SBBR;SBBE;975,00;3
2004;2;VSP;SBBR;SBSV;678,00;116
2004;2;VSP;SBBR;SBGR;369,00;36
2004;2;VSP;SBRF;SBGL;525,00;702
2004;2;VSP;SBRF;SBFZ;219,00;272
2004;2;VSP;SBSP;SBBH;385,00;3
2004;2;VSP;SBFL;SBBR;396,00;26
2004;2;VSP;SBBR;SBFZ;1201,00;13
2004;2;VSP;SBFZ;SBRF;269,00;109
2004;2;VSP;SBFL;SBBR;1073,00;22
2004;2;VSP;SBFZ;SBRF;681,00;29
2004;2;VSP;SBPA;SBGL;655,00;12
2004;2;VSP;SBBR;SBGL;271,00;183
2004;2;VSP;SBSV;SBGL;489,00;331
2004;2;VSP;SBGR;SBSV;983,00;54
2004;2;VSP;SBGL;SBPA;516,00;5
2004;2;VSP;SBMQ;SBBE;139,00;417
2004;2;VSP;SBFL;SBGR;615,00;86
2004;2;VSP;SBFL;SBGR;218,00;203
2004;2;VSP;SBGL;SBCT;464,00;9
2004;2;VSP;SBBR;SBGL;546,00;15
2004;2;VSP;SBBR;SBGO;330,00;48
2004;2;VSP;SBGR;SBGL;163,00;5
2004;2;VSP;SBRF;SBSV;337,00;144
2004;2;VSP;SBRF;SBFZ;269,00;117
2004;2;VSP;SBBR;SBKP;538,00;7
2004;2;VSP;SBGR;SBGL;414,00;8
2004;2;VSP;SBBR;SBKP;369,00;1
2004;2;VSP;SBSP;SBBH;239,00;3
2004;2;VSP;SBBR;SBGL;592,00;37
2004;2;VSP;SBCT;SBGL;464,00;6
2004;2;VSP;SBSP;SBBR;535,00;7
2004;2;VSP;SBCT;SBGR;419,00;6
2004;2;VSP;SBBR;SBCF;208,00;28
2004;2;VSP;SBBR;SBGR;355,00;402
2004;2;VSP;SBBH;SBBR;555,00;6
2004;2;VSP;SBCT;SBBR;648,00;26
2004;2;VSP;SBGL;SBBR;439,00;163
2004;2;VSP;SBSP;SBCT;370,00;5
2004;2;VSP;SBGO;SBBR;111,00;92
2004;2;VSP;SBCF;SBGR;592,00;19
2004;2;VSP;SBPA;SBGL;743,00;5
2004;2;VSP;SBCT;SBSP;320,00;9
2004;2;VSP;SBBE;SBMQ;340,00;14
2004;2;VSP;SBBR;SBGO;131,00;1678
2004;2;VSP;SBGL;SBRF;648,00;146
2004;2;VSP;SBGL;SBCT;536,00;3
2004;2;VSP;SBGR;SBCT;370,00;1
2004;2;VSP;SBSP;SBBH;289,00;5
2004;2;VSP;SBSP;SBCT;237,00;102
2004;2;VSP;SBGL;SBSV;734,00;170
2004;2;VSP;SBGO;SBBR;281,00;1
2004;2;VSP;SBBE;SBBR;248,00;81
2004;2;VSP;SBBE;SBBR;418,00;382
2004;2;VSP;SBSV;SBGR;763,00;4
2004;2;VSP;SBBR;SBSP;689,00;36
2004;2;VSP;SBGO;SBBR;330,00;57
2004;2;VSP;SBCT;SBGL;428,00;3
2004;2;VSP;SBBR;SBCF;285,00;14
2004;2;VSP;SBBE;SBBR;589,00;42
2004;2;VSP;SBBR;SBKP;251,00;68
2004;2;VSP;SBBR;SBGL;501,00;555
2004;2;VSP;SBEG;SBGR;398,00;75
2004;2;VSP;SBCF;SBBR;359,00;32
2004;2;VSP;SBGL;SBGR;317,00;12
2004;2;VSP;SBCT;SBBR;435,00;31
2004;2;VSP;SBSV;SBBR;678,00;120
2004;2;VSP;SBRF;SBSV;506,00;1
2004;2;VSP;SBRF;SBFZ;511,00;8
2004;2;VSP;SBGR;SBCF;385,00;7
2004;2;VSP;SBMQ;SBBE;179,00;135
2004;2;VSP;SBBR;SBSP;446,00;164
2004;2;VSP;SBBE;SBMQ;294,00;8
2004;2;VSP;SBGR;SBFL;249,00;16
2004;2;VSP;SBBR;SBBH;653,00;7
2004;2;VSP;SBBR;SBPA;879,00;11
2004;2;VSP;SBCT;SBGR;224,00;191
2004;2;VSP;SBCT;SBGR;493,00;11
2004;2;VSP;SBCT;SBBR;997,00;5
2004;2;VSP;SBSP;SBBH;326,00;12
2004;2;VSP;SBBR;SBPA;549,00;21
2004;2;VSP;SBSV;SBBR;459,00;223
2004;2;VSP;SBGR;SBBR;810,00;132
2004;2;VSP;SBGR;SBBR;369,00;44
2004;2;VSP;SBGL;SBGR;414,00;1
2004;2;VSP;SBBH;SBBR;313,00;47
2004;2;VSP;SBSP;SBBH;444,00;1
2004;2;VSP;SBCF;SBBR;424,00;8
2004;2;VSP;SBPA;SBGR;698,00;9
2004;2;VSP;SBPA;SBCT;473,00;2
2004;2;VSP;SBBR;SBGL;384,00;190
2004;2;VSP;SBBR;SBGO;248,00;4
2004;2;VSP;SBBR;SBPA;744,00;24
2004;2;VSP;SBRF;SBFZ;409,00;12
2004;2;VSP;SBBR;SBGL;355,00;236
2004;2;VSP;SBBR;SBSV;542,00;22
2004;2;VSP;SBBR;SBGR;491,00;132
2004;2;VSP;SBFZ;SBRF;579,00;9
2004;2;VSP;SBBR;SBSV;904,00;83
2004;2;VSP;SBSV;SBBR;382,00;545
2004;2;VSP;SBCT;SBBR;333,00;103
2004;2;VSP;SBBE;SBBR;688,00;3
2004;2;VSP;SBSV;SBBR;904,00;69
2004;2;VSP;SBGL;SBRF;905,00;64
2004;2;VSP;SBBR;SBKP;497,00;2
2004;2;VSP;SBSP;SBBH;213,00;1702
2004;2;VSP;SBKP;SBBR;497,00;4
2004;2;VSP;SBBR;SBFL;649,00;3
2004;2;VSP;SBBH;SBBR;208,00;127
2004;2;VSP;SBBE;SBMQ;110,00;857
2004;2;VSP;SBBR;SBSV;382,00;568
