ANO;MES;EMPRESA;ORIGEM;DESTINO;TARIFA;ASSENTOS
2004;8;GLO;SBSP;SBGL;161,00;490
2004;8;GLO;SBKP;SBCT;39,00;71
2004;8;GLO;SBBR;SBEG;342,00;125
2004;8;GLO;SBFL;SBSP;234,00;4323
2004;8;GLO;SBBE;SBEG;759,00;308
2004;8;GLO;SBMQ;SBBE;23,00;2
2004;8;GLO;SBSV;SBGL;288,00;897
2004;8;GLO;SBCY;SBBR;24,00;68
2004;8;GLO;SBPA;SBSP;24,00;661
2004;8;GLO;SBSV;SBGR;479,00;16
2004;8;GLO;SBRF;SBGL;38,00;581
2004;8;GLO;SBBR;SBFZ;675,00;873
2004;8;GLO;SBFZ;SBGL;676,00;63
2004;8;GLO;SBSP;SBFL;371,00;233
2004;8;GLO;SBBR;SBBH;389,00;1
2004;8;GLO;SBGR;SBSV;63,00;98
2004;8;GLO;SBSP;SBCT;339,00;85
2004;8;GLO;SBCT;SBBH;75,00;2
2004;8;GLO;SBGR;SBFZ;681,00;120
2004;8;GLO;SBSP;SBBR;367,00;4611
2004;8;GLO;SBSV;SBGL;656,00;20
2004;8;GLO;SBPA;SBCT;79,00;1
2004;8;GLO;SBGR;SBSV;452,00;35
2004;8;GLO;SBFZ;SBGL;685,00;114
2004;8;GLO;SBSP;SBCY;353,00;130
2004;8;GLO;SBPA;SBCT;27,00;67
2004;8;GLO;SBRJ;SBBH;187,00;11
2004;8;GLO;SBSP;SBPS;23,00;191
2004;8;GLO;SBPA;SBFL;116,00;165
2004;8;GLO;SBCT;SBSP;299,00;3309
2004;8;GLO;SBCT;SBBR;255,00;35
2004;8;GLO;SBSP;SBBH;258,00;597
2004;8;GLO;SBSP;SBCT;268,00;2925
2004;8;GLO;SBBH;SBSP;1,00;525
2004;8;GLO;SBSP;SBFL;345,00;44
2004;8;GLO;SBFZ;SBRF;29,00;27
2004;8;GLO;SBPS;SBSP;249,00;152
2004;8;GLO;SBRJ;SBBH;336,00;6
2004;8;GLO;SBSV;SBBR;581,00;7
2004;8;GLO;SBCT;SBPA;319,00;1
2004;8;GLO;SBSP;SBPA;15,00;13
2004;8;GLO;SBPA;SBSP;581,00;1
2004;8;GLO;SBBR;SBFZ;628,00;20
2004;8;GLO;SBBR;SBSP;15,00;13
2004;8;GLO;SBSP;SBBH;42,00;9
2004;8;GLO;SBGL;SBRF;1,00;354
2004;8;GLO;SBGR;SBBR;513,00;2
2004;8;GLO;SBCT;SBGL;71,00;36
2004;8;GLO;SBGR;SBFL;217,00;50
2004;8;GLO;SBBR;SBKP;75,00;4
2004;8;GLO;SBGL;SBBR;427,00;444
2004;8;GLO;SBCT;SBGR;288,00;16
2004;8;GLO;SBSP;SBFL;265,00;2129
2004;8;GLO;SBBR;SBBH;32,00;156
2004;8;GLO;SBSP;SBSV;429,00;74
2004;8;GLO;SBSP;SBGL;133,00;8
2004;8;GLO;SBBH;SBCT;151,00;842
2004;8;GLO;SBSP;SBCT;73,00;1
2004;8;GLO;SBBR;SBGL;141,00;17
2004;8;GLO;SBBR;SBFZ;761,00;335
2004;8;GLO;SBPA;SBGR;366,00;94
2004;8;GLO;SBSP;SBCG;268,00;179
2004;8;GLO;SBSP;SBSV;116,00;93
2004;8;GLO;SBGO;SBBR;142,00;30
2004;8;GLO;SBSP;SBCG;458,00;7
2004;8;GLO;SBCT;SBGL;319,00;114
2004;8;GLO;SBRJ;SBBH;21,00;2221
2004;8;GLO;SBSP;SBGO;15,00;5
2004;8;GLO;SBSP;SBCT;142,00;16
2004;8;GLO;SBPA;SBCT;276,00;8
2004;8;GLO;SBSV;SBGL;372,00;438
2004;8;GLO;SBBR;SBKP;194,00;49
2004;8;GLO;SBRF;SBGL;56,00;53
2004;8;GLO;SBSP;SBPS;244,00;19
2004;8;GLO;SBBH;SBRJ;277,00;3
2004;8;GLO;SBRJ;SBBH;286,00;1
2004;8;GLO;SBCT;SBRJ;218,00;395
2004;8;GLO;SBFZ;SBBR;743,00;294
2004;8;GLO;SBRF;SBFZ;32,00;1
2004;8;GLO;SBRJ;SBSP;272,00;2267
2004;8;GLO;SBBR;SBGO;18,00;1
2004;8;GLO;SBBR;SBCT;35,00;78
2004;8;GLO;SBSP;SBBR;373,00;18
2004;8;GLO;SBGL;SBGR;152,00;50
2004;8;GLO;SBGL;SBSV;574,00;35
2004;8;GLO;SBPA;SBSP;377,00;1
2004;8;GLO;SBCT;SBKP;343,00;1
2004;8;GLO;SBGR;SBPA;141,00;1813
2004;8;GLO;SBBH;SBRJ;176,00;1
2004;8;GLO;SBBR;SBGL;1,00;644
2004;8;GLO;SBRJ;SBPA;266,00;19
2004;8;GLO;SBCT;SBBR;341,00;1689
2004;8;GLO;SBGL;SBPA;428,00;36
2004;8;GLO;SBBR;SBRJ;15,00;5
2004;8;GLO;SBGL;SBRF;385,00;581
2004;8;GLO;SBPA;SBGL;47,00;25
2004;8;GLO;SBCT;SBRJ;19,00;7
2004;8;GLO;SBNF;SBSP;29,00;18
2004;8;GLO;SBRJ;SBCT;26,00;28
2004;8;GLO;SBPA;SBCT;176,00;30
2004;8;GLO;SBLO;SBSP;161,00;3
2004;8;GLO;SBRF;SBBR;351,00;19
2004;8;GLO;SBGR;SBEG;364,00;124
2004;8;GLO;SBEG;SBBR;1,00;19
2004;8;GLO;SBKP;SBBR;341,00;70
2004;8;GLO;SBKP;SBRJ;238,00;180
2004;8;GLO;SBGR;SBCT;288,00;9
2004;8;GLO;SBRJ;SBCT;25,00;3
2004;8;GLO;SBGL;SBGR;115,00;59
2004;8;GLO;SBSV;SBSP;188,00;12
2004;8;GLO;SBBR;SBRJ;464,00;42
2004;8;GLO;SBCT;SBPA;288,00;79
2004;8;GLO;SBKP;SBCT;1,00;3
2004;8;GLO;SBRJ;SBCT;113,00;132
2004;8;GLO;SBBE;SBMQ;252,00;21
2004;8;GLO;SBSP;SBBR;579,00;4
2004;8;GLO;SBBR;SBCY;15,00;30
2004;8;GLO;SBSV;SBBR;251,00;415
2004;8;GLO;SBGR;SBPA;165,00;289
2004;8;GLO;SBBE;SBEG;376,00;519
2004;8;GLO;SBGL;SBSP;185,00;1
2004;8;GLO;SBPA;SBCT;191,00;3259
2004;8;GLO;SBGR;SBFL;114,00;441
2004;8;GLO;SBBR;SBSP;346,00;148
2004;8;GLO;SBGR;SBRF;239,00;119
2004;8;GLO;SBSP;SBPA;67,00;1
2004;8;GLO;SBSP;SBBR;49,00;1879
2004;8;GLO;SBGR;SBSV;266,00;71
2004;8;GLO;SBRJ;SBKP;359,00;2
2004;8;GLO;SBBR;SBRF;455,00;224
2004;8;GLO;SBGR;SBRF;375,00;68
2004;8;GLO;SBGR;SBBR;295,00;29
2004;8;GLO;SBGL;SBSP;263,00;14
2004;8;GLO;SBCY;SBBR;294,00;6
2004;8;GLO;SBBR;SBSV;483,00;562
2004;8;GLO;SBBR;SBRF;433,00;2
2004;8;GLO;SBBR;SBRJ;1,00;331
2004;8;GLO;SBKP;SBBR;283,00;14
2004;8;GLO;SBRJ;SBVT;24,00;1815
2004;8;GLO;SBFL;SBSP;1,00;648
2004;8;GLO;SBGR;SBSV;656,00;4
2004;8;GLO;SBSP;SBSV;14,00;79
2004;8;GLO;SBRJ;SBCT;234,00;13
2004;8;GLO;SBSP;SBVT;199,00;79
2004;8;GLO;SBKP;SBCT;218,00;226
2004;8;GLO;SBCT;SBGL;156,00;26
2004;8;GLO;SBFZ;SBRF;436,00;4
2004;8;GLO;SBNF;SBSP;269,00;33
2004;8;GLO;SBGO;SBBR;569,00;1
2004;8;GLO;SBMQ;SBBE;88,00;2235
2004;8;GLO;SBKP;SBCT;285,00;1
2004;8;GLO;SBRJ;SBVT;233,00;102
2004;8;GLO;SBRF;SBGR;567,00;6
2004;8;GLO;SBFL;SBSP;157,00;1
2004;8;GLO;SBGO;SBSP;15,00;11
2004;8;GLO;SBSP;SBPA;48,00;2
2004;8;GLO;SBGL;SBBR;348,00;146
2004;8;GLO;SBBH;SBCT;117,00;34
2004;8;GLO;SBBR;SBBH;194,00;23
2004;8;GLO;SBRJ;SBBH;229,00;568
2004;8;GLO;SBSP;SBRP;135,00;28
2004;8;GLO;SBSP;SBPA;434,00;325
2004;8;GLO;SBPA;SBRJ;185,00;1327
2004;8;GLO;SBRF;SBSV;25,00;303
2004;8;GLO;SBCY;SBSP;399,00;9
2004;8;GLO;SBRF;SBFZ;188,00;2764
2004;8;GLO;SBGL;SBPA;288,00;110
2004;8;GLO;SBSP;SBBH;15,00;11
2004;8;GLO;SBBR;SBCT;26,00;8
2004;8;GLO;SBFL;SBSP;262,00;1989
2004;8;GLO;SBBH;SBRJ;255,00;6
2004;8;GLO;SBBH;SBCT;199,00;90
2004;8;GLO;SBSP;SBVT;75,00;8
2004;8;GLO;SBPA;SBFL;123,00;44
2004;8;GLO;SBCY;SBSP;36,00;16
2004;8;GLO;SBGL;SBCT;24,00;4
2004;8;GLO;SBBH;SBSP;257,00;593
2004;8;GLO;SBGR;SBFZ;284,00;769
2004;8;GLO;SBSP;SBFL;241,00;1
2004;8;GLO;SBCT;SBSP;338,00;5
2004;8;GLO;SBBH;SBSP;398,00;2
2004;8;GLO;SBGR;SBSV;429,00;60
2004;8;GLO;SBSP;SBPS;225,00;180
2004;8;GLO;SBGO;SBSP;174,00;49
2004;8;GLO;SBSP;SBLO;5,00;2
2004;8;GLO;SBSP;SBLO;143,00;248
2004;8;GLO;SBSP;SBPS;27,00;2
2004;8;GLO;SBSP;SBPA;363,00;4947
2004;8;GLO;SBGL;SBFZ;742,00;181
2004;8;GLO;SBCT;SBBH;196,00;146
2004;8;GLO;SBPA;SBCT;156,00;84
2004;8;GLO;SBSV;SBGR;418,00;145
2004;8;GLO;SBGL;SBGR;29,00;1
2004;8;GLO;SBSP;SBBH;234,00;174
2004;8;GLO;SBPA;SBCT;171,00;4382
2004;8;GLO;SBBH;SBSP;279,00;4
2004;8;GLO;SBRJ;SBBR;352,00;223
2004;8;GLO;SBPA;SBGL;362,00;30
2004;8;GLO;SBBR;SBRJ;233,00;40
2004;8;GLO;SBBR;SBRF;439,00;39
2004;8;GLO;SBBR;SBCY;286,00;6
2004;8;GLO;SBPA;SBRJ;276,00;2
2004;8;GLO;SBBH;SBRJ;231,00;296
2004;8;GLO;SBBR;SBBE;517,00;4
2004;8;GLO;SBCT;SBRJ;24,00;2
2004;8;GLO;SBCT;SBSP;259,00;8
2004;8;GLO;SBSP;SBRJ;327,00;4
2004;8;GLO;SBSV;SBBR;499,00;399
2004;8;GLO;SBSP;SBVT;194,00;136
2004;8;GLO;SBFZ;SBRF;178,00;2928
2004;8;GLO;SBRJ;SBBH;1,00;14
2004;8;GLO;SBBR;SBSP;369,00;4048
2004;8;GLO;SBPS;SBSP;533,00;1
2004;8;GLO;SBSP;SBNF;252,00;467
2004;8;GLO;SBGR;SBBR;282,00;17
2004;8;GLO;SBSP;SBNF;328,00;41
2004;8;GLO;SBSP;SBFL;189,00;200
2004;8;GLO;SBCT;SBPA;198,00;3238
2004;8;GLO;SBRF;SBGL;666,00;85
2004;8;GLO;SBNF;SBSP;252,00;408
2004;8;GLO;SBSP;SBSV;339,00;704
2004;8;GLO;SBBE;SBEG;6,00;937
2004;8;GLO;SBSV;SBGR;213,00;353
2004;8;GLO;SBBR;SBRJ;425,00;195
2004;8;GLO;SBFZ;SBGR;826,00;88
2004;8;GLO;SBBE;SBMQ;123,00;1
2004;8;GLO;SBGO;SBSP;384,00;751
2004;8;GLO;SBGR;SBRF;674,00;71
2004;8;GLO;SBFL;SBSP;274,00;113
2004;8;GLO;SBKP;SBBR;233,00;8
2004;8;GLO;SBRJ;SBCT;22,00;1521
2004;8;GLO;SBMQ;SBBE;27,00;4
2004;8;GLO;SBRJ;SBCT;75,00;18
2004;8;GLO;SBSV;SBSP;641,00;7
2004;8;GLO;SBRJ;SBPA;279,00;4
2004;8;GLO;SBGL;SBCT;61,00;16
2004;8;GLO;SBPS;SBSP;256,00;49
2004;8;GLO;SBCT;SBGL;27,00;1
2004;8;GLO;SBBR;SBGL;4,00;249
2004;8;GLO;SBCT;SBSP;325,00;523
2004;8;GLO;SBBR;SBEG;61,00;313
2004;8;GLO;SBCT;SBGR;73,00;16
2004;8;GLO;SBSP;SBCY;36,00;17
2004;8;GLO;SBRJ;SBBR;15,00;7
2004;8;GLO;SBPA;SBSP;512,00;3
2004;8;GLO;SBSV;SBGL;256,00;983
2004;8;GLO;SBGR;SBSV;711,00;3
2004;8;GLO;SBBR;SBPA;323,00;302
2004;8;GLO;SBRJ;SBPA;37,00;23
2004;8;GLO;SBSP;SBGO;334,00;88
2004;8;GLO;SBGR;SBSV;21,00;190
2004;8;GLO;SBBH;SBRJ;21,00;2
2004;8;GLO;SBPA;SBGR;165,00;282
2004;8;GLO;SBSV;SBSP;341,00;712
2004;8;GLO;SBBR;SBBH;1,00;390
2004;8;GLO;SBGR;SBBR;1,00;419
2004;8;GLO;SBKP;SBCT;37,00;720
2004;8;GLO;SBRJ;SBSP;187,00;5248
2004;8;GLO;SBGL;SBPA;174,00;156
2004;8;GLO;SBBR;SBRJ;394,00;1243
2004;8;GLO;SBRJ;SBSP;26,00;9
2004;8;GLO;SBSP;SBPS;172,00;86
2004;8;GLO;SBSV;SBGL;745,00;6
2004;8;GLO;SBCT;SBBR;342,00;2
2004;8;GLO;SBGL;SBCT;142,00;27
2004;8;GLO;SBCT;SBSP;312,00;505
2004;8;GLO;SBSP;SBNF;24,00;5
2004;8;GLO;SBSP;SBBH;398,00;1
2004;8;GLO;SBKP;SBCT;366,00;3
2004;8;GLO;SBBR;SBSV;293,00;22
2004;8;GLO;SBSV;SBGL;59,00;62
2004;8;GLO;SBCT;SBGL;276,00;67
2004;8;GLO;SBEG;SBGR;588,00;2
2004;8;GLO;SBPA;SBFL;39,00;2
2004;8;GLO;SBSP;SBGO;486,00;8
2004;8;GLO;SBBE;SBMQ;322,00;2
2004;8;GLO;SBCT;SBBR;36,00;50
2004;8;GLO;SBCT;SBBR;249,00;157
2004;8;GLO;SBGR;SBBR;52,00;7
2004;8;GLO;SBCT;SBKP;369,00;2
2004;8;GLO;SBFL;SBGR;217,00;38
2004;8;GLO;SBGL;SBSP;238,00;1
2004;8;GLO;SBBR;SBPA;682,00;23
2004;8;GLO;SBGL;SBFZ;65,00;573
2004;8;GLO;SBGR;SBFL;97,00;1089
2004;8;GLO;SBFL;SBGR;155,00;263
2004;8;GLO;SBFZ;SBRF;14,00;68
2004;8;GLO;SBSP;SBFL;413,00;1
2004;8;GLO;SBSP;SBNF;227,00;2188
2004;8;GLO;SBFZ;SBBR;628,00;20
2004;8;GLO;SBSP;SBCT;275,00;10
2004;8;GLO;SBBR;SBGO;176,00;130
2004;8;GLO;SBBH;SBCT;119,00;4
2004;8;GLO;SBSP;SBGO;383,00;802
2004;8;GLO;SBSP;SBVT;26,00;210
2004;8;GLO;SBCY;SBSP;713,00;1
2004;8;GLO;SBSV;SBBR;674,00;3
2004;8;GLO;SBSV;SBBR;218,00;35
2004;8;GLO;SBGL;SBGR;62,00;164
2004;8;GLO;SBNF;SBSP;19,00;97
2004;8;GLO;SBPA;SBRJ;186,00;24
2004;8;GLO;SBRF;SBGL;765,00;1
2004;8;GLO;SBPA;SBGR;119,00;511
2004;8;GLO;SBBH;SBSP;255,00;4438
2004;8;GLO;SBRJ;SBBR;35,00;4419
2004;8;GLO;SBSP;SBPA;358,00;994
2004;8;GLO;SBSP;SBLO;121,00;2
2004;8;GLO;SBBR;SBGO;157,00;276
2004;8;GLO;SBFL;SBGR;413,00;1
2004;8;GLO;SBEG;SBBR;517,00;439
2004;8;GLO;SBBR;SBGL;422,00;630
2004;8;GLO;SBGR;SBFZ;574,00;31
2004;8;GLO;SBCY;SBSP;481,00;174
2004;8;GLO;SBFZ;SBGR;767,00;792
2004;8;GLO;SBCY;SBBR;275,00;22
2004;8;GLO;SBSV;SBSP;441,00;547
2004;8;GLO;SBRJ;SBKP;378,00;1
2004;8;GLO;SBRJ;SBSP;27,00;46
2004;8;GLO;SBGO;SBSP;486,00;24
2004;8;GLO;SBPA;SBBR;464,00;1243
2004;8;GLO;SBBR;SBGL;442,00;36
2004;8;GLO;SBFL;SBPA;238,00;40
2004;8;GLO;SBBE;SBMQ;371,00;1
2004;8;GLO;SBCT;SBRJ;149,00;36
2004;8;GLO;SBPA;SBGL;167,00;3
2004;8;GLO;SBNF;SBSP;245,00;24
2004;8;GLO;SBRF;SBFZ;244,00;1
2004;8;GLO;SBGR;SBCT;73,00;12
2004;8;GLO;SBGR;SBBR;386,00;827
2004;8;GLO;SBBR;SBGO;137,00;46
2004;8;GLO;SBCT;SBGL;15,00;6
2004;8;GLO;SBRF;SBSV;289,00;2
2004;8;GLO;SBRJ;SBBR;21,00;39
2004;8;GLO;SBFL;SBGR;256,00;28
2004;8;GLO;SBMQ;SBBE;122,00;2
2004;8;GLO;SBSP;SBNF;189,00;93
2004;8;GLO;SBSP;SBCT;365,00;3
2004;8;GLO;SBSP;SBCT;298,00;4021
2004;8;GLO;SBBR;SBEG;527,00;631
2004;8;GLO;SBSP;SBCG;372,00;748
2004;8;GLO;SBPA;SBFL;174,00;342
2004;8;GLO;SBPA;SBSP;46,00;4578
2004;8;GLO;SBSP;SBVT;24,00;26
2004;8;GLO;SBRP;SBSP;99,00;64
2004;8;GLO;SBGL;SBSP;156,00;796
2004;8;GLO;SBEG;SBBE;599,00;1
2004;8;GLO;SBGL;SBPA;198,00;361
2004;8;GLO;SBSP;SBRJ;316,00;13
2004;8;GLO;SBBR;SBGO;181,00;1
2004;8;GLO;SBFL;SBPA;311,00;1
2004;8;GLO;SBCT;SBKP;32,00;88
2004;8;GLO;SBSP;SBGL;62,00;2
2004;8;GLO;SBSP;SBGO;244,00;68
2004;8;GLO;SBBE;SBEG;214,00;41
2004;8;GLO;SBPA;SBSP;357,00;3
2004;8;GLO;SBRF;SBFZ;226,00;955
2004;8;GLO;SBRF;SBFZ;273,00;177
2004;8;GLO;SBCT;SBSP;378,00;1
2004;8;GLO;SBBR;SBKP;247,00;893
2004;8;GLO;SBSP;SBCG;332,00;28
2004;8;GLO;SBBH;SBSP;371,00;4
2004;8;GLO;SBFZ;SBBR;763,00;4
2004;8;GLO;SBPA;SBCT;15,00;1
2004;8;GLO;SBGR;SBGL;12,00;85
2004;8;GLO;SBBH;SBCT;126,00;36
2004;8;GLO;SBSP;SBPA;41,00;742
2004;8;GLO;SBBR;SBCT;36,00;533
2004;8;GLO;SBSV;SBGR;531,00;35
2004;8;GLO;SBGL;SBPA;376,00;92
2004;8;GLO;SBCY;SBSP;352,00;116
2004;8;GLO;SBSV;SBSP;493,00;11
2004;8;GLO;SBGR;SBSV;237,00;1772
2004;8;GLO;SBKP;SBRJ;1,00;5
2004;8;GLO;SBCT;SBKP;214,00;239
2004;8;GLO;SBSP;SBBH;312,00;1852
2004;8;GLO;SBGL;SBRF;23,00;415
2004;8;GLO;SBGO;SBBR;272,00;4
2004;8;GLO;SBMQ;SBBE;86,00;2
2004;8;GLO;SBGR;SBRF;346,00;5
2004;8;GLO;SBPA;SBRJ;125,00;6
2004;8;GLO;SBSV;SBSP;174,00;84
2004;8;GLO;SBSV;SBSP;672,00;19
2004;8;GLO;SBBE;SBMQ;257,00;8
2004;8;GLO;SBBR;SBGR;299,00;30
2004;8;GLO;SBSP;SBCY;25,00;1
2004;8;GLO;SBBH;SBSP;311,00;1959
2004;8;GLO;SBSP;SBPA;579,00;11
2004;8;GLO;SBBR;SBRJ;336,00;51
2004;8;GLO;SBBR;SBCT;373,00;1479
2004;8;GLO;SBRJ;SBKP;1,00;4
2004;8;GLO;SBBR;SBSP;173,00;43
2004;8;GLO;SBRJ;SBKP;331,00;841
2004;8;GLO;SBBR;SBFZ;829,00;1
2004;8;GLO;SBSP;SBNF;341,00;1
2004;8;GLO;SBCT;SBGR;255,00;25
2004;8;GLO;SBSP;SBFL;235,00;4
2004;8;GLO;SBRF;SBSV;385,00;1
2004;8;GLO;SBGR;SBFZ;1,00;705
2004;8;GLO;SBSP;SBSV;419,00;3418
2004;8;GLO;SBSP;SBLO;167,00;274
2004;8;GLO;SBFL;SBSP;337,00;24
2004;8;GLO;SBGL;SBSP;289,00;1
2004;8;GLO;SBBH;SBBR;295,00;156
2004;8;GLO;SBSP;SBGL;191,00;1
2004;8;GLO;SBPA;SBRJ;214,00;447
2004;8;GLO;SBRF;SBGL;548,00;978
2004;8;GLO;SBPA;SBRJ;167,00;80
2004;8;GLO;SBPA;SBRJ;153,00;833
2004;8;GLO;SBPA;SBCT;36,00;1
2004;8;GLO;SBGL;SBFZ;123,00;1
2004;8;GLO;SBSP;SBGL;173,00;1648
2004;8;GLO;SBSV;SBGL;229,00;12
2004;8;GLO;SBPA;SBCT;166,00;64
2004;8;GLO;SBCT;SBGL;1,00;172
2004;8;GLO;SBBR;SBPA;542,00;7
2004;8;GLO;SBGL;SBSV;633,00;28
2004;8;GLO;SBSV;SBSP;429,00;3
2004;8;GLO;SBCY;SBSP;455,00;29
2004;8;GLO;SBSP;SBPS;451,00;33
2004;8;GLO;SBSP;SBBH;259,00;12
2004;8;GLO;SBBR;SBSP;272,00;16
2004;8;GLO;SBRJ;SBBR;599,00;2
2004;8;GLO;SBPA;SBBR;542,00;7
2004;8;GLO;SBRJ;SBVT;152,00;4
2004;8;GLO;SBSP;SBBH;284,00;3786
2004;8;GLO;SBSV;SBSP;111,00;51
2004;8;GLO;SBKP;SBBR;577,00;2
2004;8;GLO;SBBH;SBRJ;144,00;1
2004;8;GLO;SBGL;SBBR;347,00;98
2004;8;GLO;SBRJ;SBSP;331,00;7
2004;8;GLO;SBRF;SBBR;395,00;27
2004;8;GLO;SBGO;SBSP;246,00;61
2004;8;GLO;SBCT;SBBR;25,00;1
2004;8;GLO;SBGR;SBRF;42,00;58
2004;8;GLO;SBGR;SBFZ;628,00;348
2004;8;GLO;SBMQ;SBBE;8,00;93
2004;8;GLO;SBBR;SBFZ;514,00;53
2004;8;GLO;SBGL;SBBR;47,00;700
2004;8;GLO;SBSP;SBGL;238,00;1
2004;8;GLO;SBEG;SBBR;691,00;3
2004;8;GLO;SBPA;SBGR;581,00;1
2004;8;GLO;SBRJ;SBPA;166,00;212
2004;8;GLO;SBBH;SBVT;1,00;1
2004;8;GLO;SBBR;SBKP;233,00;328
2004;8;GLO;SBCT;SBRJ;171,00;1678
2004;8;GLO;SBEG;SBGR;242,00;2
2004;8;GLO;SBGR;SBRF;285,00;926
2004;8;GLO;SBRJ;SBKP;298,00;607
2004;8;GLO;SBSP;SBBR;13,00;15
2004;8;GLO;SBRJ;SBCT;176,00;1486
2004;8;GLO;SBSP;SBGL;189,00;104
2004;8;GLO;SBSV;SBGL;219,00;457
2004;8;GLO;SBGR;SBFL;52,00;1
2004;8;GLO;SBGL;SBPA;167,00;76
2004;8;GLO;SBKP;SBRJ;352,00;1
2004;8;GLO;SBBH;SBRJ;312,00;1
2004;8;GLO;SBBR;SBSV;28,00;21
2004;8;GLO;SBKP;SBRJ;367,00;1
2004;8;GLO;SBSP;SBGL;286,00;13
2004;8;GLO;SBGO;SBSP;354,00;9
2004;8;GLO;SBFZ;SBGL;437,00;1107
2004;8;GLO;SBBH;SBSP;261,00;6
2004;8;GLO;SBPS;SBSP;251,00;326
2004;8;GLO;SBBH;SBVT;172,00;3332
2004;8;GLO;SBBH;SBRJ;216,00;151
2004;8;GLO;SBGL;SBSP;39,00;6
2004;8;GLO;SBPA;SBCT;1,00;396
2004;8;GLO;SBBR;SBBE;397,00;416
2004;8;GLO;SBRJ;SBBR;44,00;141
2004;8;GLO;SBFL;SBPA;1,00;150
2004;8;GLO;SBSP;SBVT;189,00;2285
2004;8;GLO;SBBH;SBBR;325,00;1219
2004;8;GLO;SBCT;SBSP;1,00;16
2004;8;GLO;SBCT;SBSP;354,00;3
2004;8;GLO;SBSP;SBSV;47,00;1582
2004;8;GLO;SBRF;SBGL;1,00;557
2004;8;GLO;SBSP;SBFL;214,00;396
2004;8;GLO;SBBR;SBBH;356,00;27
2004;8;GLO;SBPA;SBBR;361,00;129
2004;8;GLO;SBBR;SBRF;282,00;301
2004;8;GLO;SBRJ;SBVT;18,00;2561
2004;8;GLO;SBRJ;SBVT;162,00;21
2004;8;GLO;SBBR;SBSV;416,00;25
2004;8;GLO;SBRF;SBBR;1,00;1
2004;8;GLO;SBGL;SBPA;551,00;1
2004;8;GLO;SBGR;SBCT;166,00;5
2004;8;GLO;SBBE;SBEG;735,00;3
2004;8;GLO;SBGL;SBSP;161,00;404
2004;8;GLO;SBSP;SBBH;452,00;1
2004;8;GLO;SBSP;SBFL;287,00;216
2004;8;GLO;SBRP;SBSP;135,00;17
2004;8;GLO;SBRJ;SBPA;158,00;756
2004;8;GLO;SBGR;SBFL;259,00;31
2004;8;GLO;SBFZ;SBGR;38,00;512
2004;8;GLO;SBCT;SBPA;268,00;1
2004;8;GLO;SBRF;SBSV;12,00;282
2004;8;GLO;SBCT;SBKP;31,00;726
2004;8;GLO;SBGL;SBBR;142,00;18
2004;8;GLO;SBBH;SBVT;187,00;29
2004;8;GLO;SBKP;SBRJ;261,00;1
2004;8;GLO;SBGL;SBCT;1,00;263
2004;8;GLO;SBGO;SBSP;274,00;5
2004;8;GLO;SBEG;SBBR;544,00;9
2004;8;GLO;SBSP;SBFL;78,00;157
2004;8;GLO;SBEG;SBGR;419,00;48
2004;8;GLO;SBCG;SBSP;442,00;1
2004;8;GLO;SBEG;SBBE;544,00;101
2004;8;GLO;SBRJ;SBSP;99,00;12
2004;8;GLO;SBBH;SBBR;194,00;33
2004;8;GLO;SBCT;SBSP;21,00;1722
2004;8;GLO;SBGR;SBGL;13,00;107
2004;8;GLO;SBCT;SBSP;248,00;56
2004;8;GLO;SBKP;SBCT;328,00;34
2004;8;GLO;SBBH;SBRJ;18,00;3809
2004;8;GLO;SBSP;SBVT;224,00;211
2004;8;GLO;SBBR;SBBH;27,00;58
2004;8;GLO;SBSP;SBBH;1,00;1
2004;8;GLO;SBSV;SBGL;528,00;15
2004;8;GLO;SBBE;SBEG;918,00;20
2004;8;GLO;SBSP;SBCY;447,00;1
2004;8;GLO;SBSP;SBVT;119,00;417
2004;8;GLO;SBBR;SBBE;331,00;1
2004;8;GLO;SBFL;SBSP;317,00;112
2004;8;GLO;SBSP;SBFL;262,00;15
2004;8;GLO;SBSP;SBNF;314,00;1
2004;8;GLO;SBPA;SBBR;25,00;420
2004;8;GLO;SBBH;SBBR;264,00;94
2004;8;GLO;SBSP;SBGO;351,00;4
2004;8;GLO;SBBH;SBSP;452,00;1
2004;8;GLO;SBCT;SBRJ;235,00;4
2004;8;GLO;SBSP;SBBR;436,00;355
2004;8;GLO;SBBR;SBSP;477,00;81
2004;8;GLO;SBSP;SBSV;13,00;28
2004;8;GLO;SBSP;SBSV;416,00;468
2004;8;GLO;SBKP;SBCT;395,00;9
2004;8;GLO;SBBR;SBGR;385,00;548
2004;8;GLO;SBBH;SBSP;286,00;3635
2004;8;GLO;SBSP;SBPA;276,00;1
2004;8;GLO;SBBH;SBBR;353,00;110
2004;8;GLO;SBGR;SBGL;448,00;26
2004;8;GLO;SBPA;SBGL;314,00;318
2004;8;GLO;SBCT;SBPA;178,00;4808
2004;8;GLO;SBCT;SBPA;176,00;17
2004;8;GLO;SBKP;SBBR;254,00;1069
2004;8;GLO;SBSP;SBGO;175,00;33
2004;8;GLO;SBGL;SBSP;198,00;438
2004;8;GLO;SBCT;SBBH;175,00;116
2004;8;GLO;SBGO;SBBR;34,00;19
2004;8;GLO;SBPA;SBGR;371,00;1
2004;8;GLO;SBGL;SBGR;176,00;38
2004;8;GLO;SBSV;SBGR;457,00;53
2004;8;GLO;SBSP;SBCY;456,00;31
2004;8;GLO;SBSP;SBPS;198,00;1708
2004;8;GLO;SBBR;SBKP;129,00;9
2004;8;GLO;SBSP;SBBR;1,00;197
2004;8;GLO;SBBR;SBSP;574,00;2
2004;8;GLO;SBPA;SBGL;287,00;1
2004;8;GLO;SBBH;SBVT;22,00;365
2004;8;GLO;SBSP;SBLO;163,00;6
2004;8;GLO;SBGL;SBSV;372,00;377
2004;8;GLO;SBGL;SBRF;277,00;690
2004;8;GLO;SBSP;SBFL;1,00;186
2004;8;GLO;SBSP;SBPS;229,00;231
2004;8;GLO;SBBR;SBEG;622,00;2
2004;8;GLO;SBCY;SBSP;388,00;2249
2004;8;GLO;SBPA;SBFL;239,00;2
2004;8;GLO;SBBH;SBVT;338,00;2
2004;8;GLO;SBBR;SBSV;184,00;58
2004;8;GLO;SBGL;SBBR;472,00;18
2004;8;GLO;SBGL;SBSP;22,00;79
2004;8;GLO;SBSV;SBSP;358,00;362
2004;8;GLO;SBGL;SBSP;1,00;70
2004;8;GLO;SBGR;SBFL;287,00;23
2004;8;GLO;SBPA;SBFL;141,00;2535
2004;8;GLO;SBGR;SBGL;17,00;101
2004;8;GLO;SBRJ;SBPA;19,00;1365
2004;8;GLO;SBGO;SBSP;458,00;62
2004;8;GLO;SBLO;SBSP;165,00;206
2004;8;GLO;SBRJ;SBKP;29,00;13
2004;8;GLO;SBSP;SBPA;24,00;304
2004;8;GLO;SBRF;SBGL;146,00;4
2004;8;GLO;SBPA;SBFL;1,00;2
2004;8;GLO;SBBR;SBSP;413,00;435
2004;8;GLO;SBSP;SBCY;387,00;2175
2004;8;GLO;SBSP;SBCT;1,00;238
2004;8;GLO;SBGR;SBBR;374,00;12
2004;8;GLO;SBBR;SBGL;436,00;293
2004;8;GLO;SBGL;SBPA;445,00;23
2004;8;GLO;SBSV;SBBR;185,00;6
2004;8;GLO;SBPA;SBSP;79,00;1
2004;8;GLO;SBSP;SBCY;65,00;1
2004;8;GLO;SBBR;SBSV;219,00;448
2004;8;GLO;SBSP;SBRJ;26,00;9207
2004;8;GLO;SBLO;SBSP;144,00;45
2004;8;GLO;SBCY;SBBR;121,00;14
2004;8;GLO;SBBR;SBRF;576,00;50
2004;8;GLO;SBFZ;SBGL;227,00;11
2004;8;GLO;SBCG;SBSP;258,00;1
2004;8;GLO;SBGL;SBPA;25,00;1
2004;8;GLO;SBFL;SBPA;29,00;192
2004;8;GLO;SBBR;SBCY;243,00;89
2004;8;GLO;SBGL;SBBR;257,00;145
2004;8;GLO;SBEG;SBBE;33,00;58
2004;8;GLO;SBGO;SBSP;569,00;1
2004;8;GLO;SBGL;SBRF;738,00;1
2004;8;GLO;SBGL;SBSP;24,00;3
2004;8;GLO;SBGL;SBRF;328,00;543
2004;8;GLO;SBSP;SBPA;411,00;4432
2004;8;GLO;SBSP;SBCG;334,00;11
2004;8;GLO;SBRF;SBGL;25,00;5
2004;8;GLO;SBBR;SBKP;261,00;40
2004;8;GLO;SBSV;SBBR;123,00;2
2004;8;GLO;SBKP;SBRJ;296,00;736
2004;8;GLO;SBCT;SBBR;39,00;95
2004;8;GLO;SBGR;SBBR;262,00;4
2004;8;GLO;SBPA;SBRJ;251,00;50
2004;8;GLO;SBRF;SBGL;869,00;2
2004;8;GLO;SBBE;SBMQ;11,00;2
2004;8;GLO;SBFL;SBSP;281,00;71
2004;8;GLO;SBFZ;SBGR;498,00;16
2004;8;GLO;SBCT;SBBH;151,00;684
2004;8;GLO;SBKP;SBRJ;175,00;1
2004;8;GLO;SBGL;SBSV;373,00;10
2004;8;GLO;SBSP;SBBH;254,00;4744
2004;8;GLO;SBPA;SBRJ;248,00;25
2004;8;GLO;SBEG;SBBR;395,00;157
2004;8;GLO;SBFL;SBSP;413,00;2
2004;8;GLO;SBFZ;SBRF;388,00;2
2004;8;GLO;SBKP;SBBR;152,00;67
2004;8;GLO;SBSP;SBPA;511,00;178
2004;8;GLO;SBKP;SBCT;243,00;13
2004;8;GLO;SBCT;SBPA;398,00;2
2004;8;GLO;SBFL;SBSP;289,00;349
2004;8;GLO;SBSP;SBLO;135,00;21
2004;8;GLO;SBRF;SBFZ;28,00;70
2004;8;GLO;SBKP;SBBR;274,00;373
2004;8;GLO;SBSP;SBGO;1,00;1
2004;8;GLO;SBGR;SBGL;259,00;2
2004;8;GLO;SBGL;SBSP;97,00;5943
2004;8;GLO;SBGR;SBGL;129,00;375
2004;8;GLO;SBRJ;SBVT;1,00;5
2004;8;GLO;SBGL;SBSV;44,00;188
2004;8;GLO;SBFL;SBPA;173,00;341
2004;8;GLO;SBKP;SBRJ;343,00;170
2004;8;GLO;SBSP;SBBH;285,00;5
2004;8;GLO;SBSP;SBSV;579,00;18
2004;8;GLO;SBSV;SBGL;427,00;206
2004;8;GLO;SBGL;SBRF;551,00;48
2004;8;GLO;SBEG;SBBE;1,00;278
2004;8;GLO;SBRJ;SBVT;269,00;136
2004;8;GLO;SBBE;SBEG;1,00;133
2004;8;GLO;SBBH;SBBR;473,00;5
2004;8;GLO;SBGR;SBGL;226,00;94
2004;8;GLO;SBSP;SBCG;41,00;2
2004;8;GLO;SBEG;SBBR;595,00;122
2004;8;GLO;SBKP;SBRJ;332,00;778
2004;8;GLO;SBGO;SBBR;473,00;7
2004;8;GLO;SBCT;SBGL;293,00;437
2004;8;GLO;SBCG;SBSP;266,00;192
2004;8;GLO;SBGL;SBRF;671,00;106
2004;8;GLO;SBGR;SBPA;581,00;1
2004;8;GLO;SBSP;SBRJ;173,00;2144
2004;8;GLO;SBBH;SBCT;173,00;122
2004;8;GLO;SBPA;SBFL;131,00;20
2004;8;GLO;SBBR;SBCT;1,00;195
2004;8;GLO;SBBE;SBMQ;169,00;1
2004;8;GLO;SBRJ;SBVT;546,00;2
2004;8;GLO;SBSV;SBGL;355,00;9
2004;8;GLO;SBPA;SBGL;317,00;73
2004;8;GLO;SBRJ;SBSP;167,00;12368
2004;8;GLO;SBGL;SBSV;676,00;2
2004;8;GLO;SBBR;SBGR;463,00;6
2004;8;GLO;SBGL;SBFZ;648,00;52
2004;8;GLO;SBMQ;SBBE;128,00;40
2004;8;GLO;SBSP;SBGL;97,00;5685
2004;8;GLO;SBSV;SBGR;646,00;3
2004;8;GLO;SBGR;SBPA;259,00;528
2004;8;GLO;SBGL;SBPA;236,00;64
2004;8;GLO;SBGR;SBSV;457,00;44
2004;8;GLO;SBCT;SBPA;442,00;4
2004;8;GLO;SBFZ;SBBR;525,00;42
2004;8;GLO;SBPA;SBGR;451,00;10
2004;8;GLO;SBSP;SBFL;34,00;83
2004;8;GLO;SBGR;SBFL;155,00;290
2004;8;GLO;SBFZ;SBGL;86,00;12
2004;8;GLO;SBSP;SBGL;21,00;390
2004;8;GLO;SBBH;SBCT;167,00;70
2004;8;GLO;SBSP;SBRP;99,00;109
2004;8;GLO;SBSP;SBPA;357,00;17
2004;8;GLO;SBGR;SBFZ;924,00;1
2004;8;GLO;SBRF;SBSV;186,00;2292
2004;8;GLO;SBGR;SBPA;117,00;490
2004;8;GLO;SBSP;SBPA;549,00;1
2004;8;GLO;SBGR;SBPA;297,00;96
2004;8;GLO;SBSP;SBBR;397,00;1
2004;8;GLO;SBBR;SBRJ;381,00;206
2004;8;GLO;SBPA;SBGL;218,00;294
2004;8;GLO;SBFL;SBGR;113,00;385
2004;8;GLO;SBSP;SBCG;377,00;10
2004;8;GLO;SBCY;SBSP;65,00;1
2004;8;GLO;SBBR;SBSV;612,00;4
2004;8;GLO;SBEG;SBBE;47,00;19
2004;8;GLO;SBCT;SBGL;229,00;10
2004;8;GLO;SBGL;SBFZ;685,00;78
2004;8;GLO;SBSP;SBSV;755,00;6
2004;8;GLO;SBSP;SBCT;311,00;653
2004;8;GLO;SBRJ;SBKP;156,00;2
2004;8;GLO;SBRJ;SBCT;235,00;372
2004;8;GLO;SBSP;SBBR;346,00;193
2004;8;GLO;SBRF;SBGL;618,00;266
2004;8;GLO;SBSV;SBBR;415,00;34
2004;8;GLO;SBRF;SBGR;675,00;7
2004;8;GLO;SBSP;SBGO;49,00;18
2004;8;GLO;SBGR;SBEG;242,00;2
2004;8;GLO;SBBH;SBVT;131,00;19
2004;8;GLO;SBSV;SBGL;399,00;3865
2004;8;GLO;SBBR;SBKP;1,00;111
2004;8;GLO;SBFZ;SBRF;22,00;946
2004;8;GLO;SBRF;SBSV;149,00;276
2004;8;GLO;SBRF;SBBR;41,00;981
2004;8;GLO;SBSV;SBGL;445,00;1336
2004;8;GLO;SBSV;SBBR;636,00;2
2004;8;GLO;SBCG;SBSP;332,00;39
2004;8;GLO;SBRJ;SBSP;287,00;276
2004;8;GLO;SBGL;SBSP;14,00;32
2004;8;GLO;SBPA;SBFL;126,00;2305
2004;8;GLO;SBRJ;SBBH;26,00;1
2004;8;GLO;SBRJ;SBBH;214,00;169
2004;8;GLO;SBGO;SBSP;423,00;270
2004;8;GLO;SBGL;SBBR;359,00;3173
2004;8;GLO;SBGL;SBCT;294,00;109
2004;8;GLO;SBBH;SBRJ;1,00;9
2004;8;GLO;SBGR;SBPA;369,00;50
2004;8;GLO;SBGR;SBCT;252,00;15
2004;8;GLO;SBRJ;SBSP;174,00;1
2004;8;GLO;SBCG;SBSP;4,00;7
2004;8;GLO;SBBR;SBGO;35,00;17
2004;8;GLO;SBKP;SBBR;75,00;2
2004;8;GLO;SBLO;SBSP;143,00;309
2004;8;GLO;SBCT;SBKP;1,00;43
2004;8;GLO;SBSP;SBCG;497,00;1
2004;8;GLO;SBCT;SBPA;258,00;79
2004;8;GLO;SBCT;SBPA;232,00;182
2004;8;GLO;SBGL;SBSP;222,00;33
2004;8;GLO;SBBR;SBBH;291,00;3524
2004;8;GLO;SBSP;SBGL;265,00;110
2004;8;GLO;SBBR;SBCT;256,00;26
2004;8;GLO;SBSP;SBCG;33,00;72
2004;8;GLO;SBGL;SBSV;345,00;5
2004;8;GLO;SBSP;SBCG;15,00;2
2004;8;GLO;SBPA;SBSP;269,00;336
2004;8;GLO;SBCY;SBSP;432,00;501
2004;8;GLO;SBGL;SBRF;57,00;92
2004;8;GLO;SBPA;SBGL;192,00;209
2004;8;GLO;SBPA;SBSP;138,00;13
2004;8;GLO;SBRJ;SBBH;144,00;2
2004;8;GLO;SBGR;SBGL;154,00;50
2004;8;GLO;SBPA;SBBR;442,00;378
2004;8;GLO;SBFL;SBPA;149,00;2672
2004;8;GLO;SBSP;SBRJ;286,00;2
2004;8;GLO;SBBE;SBMQ;91,00;14
2004;8;GLO;SBGL;SBRF;618,00;288
2004;8;GLO;SBFL;SBPA;116,00;141
2004;8;GLO;SBBH;SBVT;144,00;227
2004;8;GLO;SBPS;SBSP;315,00;26
2004;8;GLO;SBCY;SBSP;25,00;2
2004;8;GLO;SBSP;SBCT;211,00;1756
2004;8;GLO;SBSV;SBGL;541,00;93
2004;8;GLO;SBGR;SBEG;413,00;158
2004;8;GLO;SBPA;SBSP;351,00;954
2004;8;GLO;SBGL;SBSV;445,00;1201
2004;8;GLO;SBGR;SBSV;437,00;32
2004;8;GLO;SBPA;SBSP;425,00;625
2004;8;GLO;SBRJ;SBBR;337,00;29
2004;8;GLO;SBCT;SBGR;166,00;6
2004;8;GLO;SBBH;SBCT;136,00;1
2004;8;GLO;SBCT;SBGR;61,00;33
2004;8;GLO;SBRJ;SBSP;395,00;5
2004;8;GLO;SBRJ;SBCT;232,00;181
2004;8;GLO;SBCT;SBGL;312,00;111
2004;8;GLO;SBSV;SBGR;333,00;2
2004;8;GLO;SBRF;SBSV;381,00;29
2004;8;GLO;SBSP;SBBH;174,00;16
2004;8;GLO;SBPA;SBBR;389,00;29
2004;8;GLO;SBRJ;SBPA;238,00;65
2004;8;GLO;SBBR;SBBH;15,00;2
2004;8;GLO;SBGR;SBPA;236,00;8
2004;8;GLO;SBPA;SBRJ;278,00;8
2004;8;GLO;SBBE;SBEG;58,00;27
2004;8;GLO;SBPA;SBSP;468,00;369
2004;8;GLO;SBSP;SBBR;476,00;30
2004;8;GLO;SBSP;SBLO;177,00;2
2004;8;GLO;SBSP;SBRJ;167,00;12001
2004;8;GLO;SBPA;SBRJ;228,00;74
2004;8;GLO;SBCG;SBSP;331,00;1244
2004;8;GLO;SBGL;SBFZ;761,00;24
2004;8;GLO;SBCT;SBBH;164,00;50
2004;8;GLO;SBSP;SBBR;517,00;46
2004;8;GLO;SBBR;SBPA;496,00;34
2004;8;GLO;SBBR;SBSP;416,00;2097
2004;8;GLO;SBCY;SBBR;225,00;24
2004;8;GLO;SBMQ;SBBE;162,00;16
2004;8;GLO;SBBR;SBGL;372,00;2398
2004;8;GLO;SBSV;SBSP;454,00;26
2004;8;GLO;SBFZ;SBRF;484,00;1
2004;8;GLO;SBCT;SBBH;124,00;54
2004;8;GLO;SBPA;SBFL;71,00;4
2004;8;GLO;SBCT;SBBH;14,00;2
2004;8;GLO;SBBH;SBVT;215,00;52
2004;8;GLO;SBGL;SBRF;435,00;389
2004;8;GLO;SBGL;SBGR;73,00;98
2004;8;GLO;SBPS;SBSP;19,00;88
2004;8;GLO;SBBR;SBSP;347,00;748
2004;8;GLO;SBSV;SBBR;1,00;543
2004;8;GLO;SBCY;SBSP;427,00;2
2004;8;GLO;SBSP;SBPA;172,00;3
2004;8;GLO;SBCG;SBSP;15,00;5
2004;8;GLO;SBSP;SBBR;345,00;746
2004;8;GLO;SBFZ;SBBR;859,00;1
2004;8;GLO;SBBR;SBSP;193,00;243
2004;8;GLO;SBBR;SBCY;121,00;14
2004;8;GLO;SBBH;SBRJ;338,00;1
2004;8;GLO;SBBR;SBPA;543,00;95
2004;8;GLO;SBPA;SBGR;149,00;1941
2004;8;GLO;SBBH;SBBR;15,00;1
2004;8;GLO;SBBR;SBGR;1,00;705
2004;8;GLO;SBFL;SBPA;131,00;10
2004;8;GLO;SBGR;SBRF;444,00;156
2004;8;GLO;SBSP;SBRJ;98,00;29
2004;8;GLO;SBSP;SBVT;25,00;6
2004;8;GLO;SBRJ;SBBR;47,00;99
2004;8;GLO;SBGL;SBCT;15,00;7
2004;8;GLO;SBSP;SBCG;331,00;1343
2004;8;GLO;SBSV;SBGL;331,00;279
2004;8;GLO;SBFL;SBGR;98,00;1305
2004;8;GLO;SBSP;SBNF;1,00;190
2004;8;GLO;SBCT;SBKP;237,00;5
2004;8;GLO;SBSV;SBGR;288,00;15
2004;8;GLO;SBFZ;SBBR;37,00;862
2004;8;GLO;SBGL;SBSV;447,00;233
2004;8;GLO;SBSP;SBCT;243,00;22
2004;8;GLO;SBPA;SBFL;222,00;28
2004;8;GLO;SBPA;SBGR;261,00;479
2004;8;GLO;SBBH;SBSP;332,00;60
2004;8;GLO;SBRF;SBFZ;112,00;2
2004;8;GLO;SBSP;SBSV;31,00;541
2004;8;GLO;SBRF;SBSV;431,00;2
2004;8;GLO;SBBR;SBFZ;374,00;899
2004;8;GLO;SBBR;SBEG;645,00;12
2004;8;GLO;SBBR;SBRJ;361,00;4411
2004;8;GLO;SBNF;SBSP;1,00;251
2004;8;GLO;SBBR;SBSV;44,00;5
2004;8;GLO;SBRJ;SBPA;125,00;4
2004;8;GLO;SBBE;SBMQ;81,00;106
2004;8;GLO;SBRF;SBSV;142,00;1170
2004;8;GLO;SBBR;SBGL;352,00;102
2004;8;GLO;SBSP;SBCY;713,00;2
2004;8;GLO;SBSP;SBRJ;279,00;31
2004;8;GLO;SBRJ;SBBH;18,00;3525
2004;8;GLO;SBBR;SBBH;3,00;1
2004;8;GLO;SBBR;SBBE;369,00;10
2004;8;GLO;SBPS;SBSP;199,00;955
2004;8;GLO;SBCT;SBPA;352,00;1
2004;8;GLO;SBRJ;SBBR;391,00;1
2004;8;GLO;SBGL;SBPA;338,00;452
2004;8;GLO;SBPA;SBFL;278,00;1
2004;8;GLO;SBSP;SBRJ;272,00;2502
2004;8;GLO;SBBR;SBBH;175,00;1
2004;8;GLO;SBBR;SBSV;1,00;605
2004;8;GLO;SBGO;SBBR;16,00;211
2004;8;GLO;SBPA;SBGR;239,00;10
2004;8;GLO;SBCT;SBPA;15,00;1
2004;8;GLO;SBSP;SBGO;274,00;3
2004;8;GLO;SBGL;SBRF;798,00;4
2004;8;GLO;SBBH;SBSP;159,00;11
2004;8;GLO;SBGL;SBRF;541,00;983
2004;8;GLO;SBBR;SBCT;369,00;16
2004;8;GLO;SBBR;SBKP;281,00;7
2004;8;GLO;SBSP;SBCY;493,00;158
2004;8;GLO;SBSV;SBSP;321,00;47
2004;8;GLO;SBSP;SBRJ;187,00;5203
2004;8;GLO;SBGR;SBRF;316,00;320
2004;8;GLO;SBSP;SBNF;395,00;1
2004;8;GLO;SBFL;SBPA;123,00;31
2004;8;GLO;SBPA;SBGR;283,00;83
2004;8;GLO;SBGL;SBSV;194,00;9
2004;8;GLO;SBGL;SBFZ;2,00;20
2004;8;GLO;SBBR;SBPA;798,00;1
2004;8;GLO;SBRJ;SBKP;42,00;1
2004;8;GLO;SBRF;SBGL;497,00;53
2004;8;GLO;SBGL;SBSV;332,00;184
2004;8;GLO;SBSP;SBVT;215,00;520
2004;8;GLO;SBLO;SBSP;5,00;4
2004;8;GLO;SBBR;SBCY;267,00;37
2004;8;GLO;SBFZ;SBBR;672,00;814
2004;8;GLO;SBNF;SBSP;227,00;2097
2004;8;GLO;SBSV;SBBR;48,00;3
2004;8;GLO;SBEG;SBBE;484,00;676
2004;8;GLO;SBGR;SBGL;515,00;2
2004;8;GLO;SBBR;SBBE;444,00;400
2004;8;GLO;SBGL;SBSV;192,00;75
2004;8;GLO;SBBR;SBGR;351,00;2
2004;8;GLO;SBBH;SBVT;191,00;955
2004;8;GLO;SBMQ;SBBE;95,00;1
2004;8;GLO;SBRJ;SBCT;24,00;2
2004;8;GLO;SBRJ;SBKP;247,00;207
2004;8;GLO;SBPS;SBSP;155,00;1196
2004;8;GLO;SBSV;SBGR;25,00;2345
2004;8;GLO;SBGR;SBGL;29,00;1
2004;8;GLO;SBSP;SBGO;428,00;284
2004;8;GLO;SBCT;SBRJ;117,00;126
2004;8;GLO;SBPA;SBSP;361,00;5302
2004;8;GLO;SBGR;SBCT;62,00;23
2004;8;GLO;SBGL;SBPA;36,00;209
2004;8;GLO;SBGR;SBFZ;25,00;1
2004;8;GLO;SBBR;SBGR;334,00;76
2004;8;GLO;SBFL;SBGR;238,00;69
2004;8;GLO;SBFL;SBSP;213,00;379
2004;8;GLO;SBGL;SBCT;276,00;36
2004;8;GLO;SBPA;SBCT;41,00;1
2004;8;GLO;SBCT;SBRJ;187,00;260
2004;8;GLO;SBBR;SBGR;398,00;55
2004;8;GLO;SBFZ;SBGL;777,00;199
2004;8;GLO;SBGL;SBCT;328,00;161
2004;8;GLO;SBFZ;SBRF;112,00;12
2004;8;GLO;SBCT;SBRJ;75,00;18
2004;8;GLO;SBBR;SBEG;76,00;50
2004;8;GLO;SBSP;SBSV;254,00;2
2004;8;GLO;SBRF;SBSV;216,00;82
2004;8;GLO;SBSP;SBNF;271,00;39
2004;8;GLO;SBCG;SBSP;371,00;868
2004;8;GLO;SBCT;SBPA;157,00;124
2004;8;GLO;SBRF;SBFZ;446,00;52
2004;8;GLO;SBSV;SBBR;317,00;42
2004;8;GLO;SBSP;SBSV;214,00;14
2004;8;GLO;SBBR;SBCT;683,00;1
2004;8;GLO;SBGR;SBFL;81,00;214
2004;8;GLO;SBGL;SBCT;27,00;848
2004;8;GLO;SBGL;SBCT;287,00;748
2004;8;GLO;SBFL;SBPA;148,00;2088
2004;8;GLO;SBCY;SBBR;281,00;20
2004;8;GLO;SBSV;SBSP;51,00;1707
2004;8;GLO;SBCT;SBBH;117,00;38
2004;8;GLO;SBSP;SBPA;1,00;625
2004;8;GLO;SBKP;SBRJ;33,00;13
2004;8;GLO;SBFZ;SBGL;657,00;584
2004;8;GLO;SBCT;SBBH;136,00;2
2004;8;GLO;SBSP;SBBR;218,00;234
2004;8;GLO;SBGR;SBRF;991,00;1
2004;8;GLO;SBRF;SBGL;862,00;2
2004;8;GLO;SBBH;SBVT;364,00;1
2004;8;GLO;SBFL;SBSP;267,00;2
2004;8;GLO;SBRF;SBBR;422,00;11
2004;8;GLO;SBFL;SBGR;251,00;1
2004;8;GLO;SBFL;SBSP;178,00;168
2004;8;GLO;SBBR;SBGL;265,00;90
2004;8;GLO;SBPA;SBBR;45,00;29
2004;8;GLO;SBCY;SBSP;541,00;104
2004;8;GLO;SBSP;SBCT;322,00;136
2004;8;GLO;SBRJ;SBCT;237,00;2
2004;8;GLO;SBSV;SBSP;364,00;64
2004;8;GLO;SBGL;SBPA;289,00;1107
2004;8;GLO;SBCT;SBBR;297,00;675
2004;8;GLO;SBGL;SBGR;53,00;51
2004;8;GLO;SBGL;SBSV;236,00;479
2004;8;GLO;SBGR;SBFL;413,00;2
2004;8;GLO;SBSP;SBPS;174,00;129
2004;8;GLO;SBSP;SBPA;266,00;504
2004;8;GLO;SBGO;SBBR;441,00;3
2004;8;GLO;SBRF;SBGL;572,00;10
2004;8;GLO;SBGR;SBFZ;493,00;40
2004;8;GLO;SBSP;SBGO;395,00;2
2004;8;GLO;SBSP;SBCY;542,00;52
2004;8;GLO;SBBR;SBCT;365,00;44
2004;8;GLO;SBCT;SBSP;62,00;1
2004;8;GLO;SBPS;SBSP;122,00;78
2004;8;GLO;SBSP;SBPS;178,00;769
2004;8;GLO;SBSV;SBSP;135,00;89
2004;8;GLO;SBSP;SBRJ;293,00;270
2004;8;GLO;SBFZ;SBBR;1,00;155
2004;8;GLO;SBFL;SBPA;224,00;22
2004;8;GLO;SBBH;SBBR;291,00;3793
2004;8;GLO;SBGL;SBCT;71,00;30
2004;8;GLO;SBFL;SBGR;297,00;3
2004;8;GLO;SBGO;SBSP;395,00;1
2004;8;GLO;SBRJ;SBVT;234,00;193
2004;8;GLO;SBCT;SBSP;199,00;25
2004;8;GLO;SBLO;SBSP;163,00;8
2004;8;GLO;SBPS;SBSP;174,00;13
2004;8;GLO;SBCG;SBSP;32,00;74
2004;8;GLO;SBRF;SBGR;577,00;2
2004;8;GLO;SBGL;SBSP;179,00;1428
2004;8;GLO;SBSV;SBGR;636,00;127
2004;8;GLO;SBRJ;SBBR;396,00;1228
2004;8;GLO;SBSP;SBFL;97,00;119
2004;8;GLO;SBRJ;SBBR;533,00;1
2004;8;GLO;SBBH;SBSP;412,00;29
2004;8;GLO;SBPA;SBGL;331,00;1
2004;8;GLO;SBPA;SBCT;231,00;107
2004;8;GLO;SBBR;SBEG;25,00;1
2004;8;GLO;SBBR;SBSV;484,00;6
2004;8;GLO;SBSP;SBGL;1,00;87
2004;8;GLO;SBBR;SBGR;248,00;16
2004;8;GLO;SBBR;SBSP;1,00;13
2004;8;GLO;SBGL;SBSP;21,00;1
2004;8;GLO;SBRF;SBSV;339,00;1
2004;8;GLO;SBBR;SBSP;516,00;113
2004;8;GLO;SBCT;SBRJ;26,00;1773
2004;8;GLO;SBGO;SBBR;225,00;79
2004;8;GLO;SBBR;SBCY;294,00;4
2004;8;GLO;SBSP;SBSV;345,00;23
2004;8;GLO;SBBR;SBSV;154,00;18
2004;8;GLO;SBBH;SBRJ;161,00;55
2004;8;GLO;SBFL;SBGR;79,00;427
2004;8;GLO;SBSV;SBGL;419,00;164
2004;8;GLO;SBSP;SBGO;46,00;60
2004;8;GLO;SBSP;SBGL;145,00;32
2004;8;GLO;SBBR;SBBH;326,00;1156
2004;8;GLO;SBRJ;SBSP;295,00;16
2004;8;GLO;SBRJ;SBKP;345,00;281
2004;8;GLO;SBMQ;SBBE;198,00;3
2004;8;GLO;SBEG;SBGR;37,00;158
2004;8;GLO;SBSV;SBBR;439,00;1653
2004;8;GLO;SBPS;SBSP;227,00;94
2004;8;GLO;SBGL;SBSV;272,00;1
2004;8;GLO;SBFZ;SBRF;255,00;3
2004;8;GLO;SBRF;SBGR;735,00;9
2004;8;GLO;SBCT;SBSP;269,00;3353
2004;8;GLO;SBFL;SBPA;161,00;1
2004;8;GLO;SBGR;SBFL;231,00;45
2004;8;GLO;SBRF;SBSV;38,00;82
2004;8;GLO;SBBR;SBSV;43,00;1656
2004;8;GLO;SBSV;SBGL;1,00;9
2004;8;GLO;SBGR;SBBR;429,00;102
2004;8;GLO;SBRF;SBBR;273,00;300
2004;8;GLO;SBGL;SBRF;25,00;11
2004;8;GLO;SBFZ;SBRF;163,00;92
2004;8;GLO;SBSP;SBBH;329,00;30
2004;8;GLO;SBGL;SBFZ;86,00;12
2004;8;GLO;SBGR;SBPA;377,00;28
2004;8;GLO;SBRJ;SBBH;163,00;50
2004;8;GLO;SBGL;SBSV;1,00;885
2004;8;GLO;SBCT;SBKP;267,00;981
2004;8;GLO;SBPA;SBFL;21,00;227
2004;8;GLO;SBSP;SBRJ;216,00;45
2004;8;GLO;SBSP;SBRP;1,00;2
2004;8;GLO;SBBR;SBFZ;763,00;1
2004;8;GLO;SBBR;SBFZ;1,00;188
2004;8;GLO;SBRJ;SBKP;412,00;1
2004;8;GLO;SBGL;SBSV;4,00;2582
2004;8;GLO;SBBR;SBBE;644,00;24
2004;8;GLO;SBBR;SBCT;389,00;66
2004;8;GLO;SBBR;SBPA;521,00;434
2004;8;GLO;SBSP;SBGL;151,00;555
2004;8;GLO;SBRF;SBSV;213,00;1027
2004;8;GLO;SBSP;SBBH;371,00;2
2004;8;GLO;SBGO;SBSP;348,00;90
2004;8;GLO;SBRF;SBBR;47,00;139
2004;8;GLO;SBSP;SBFL;11,00;6
2004;8;GLO;SBGL;SBSV;295,00;793
2004;8;GLO;SBBR;SBSP;387,00;6
2004;8;GLO;SBKP;SBCT;32,00;12
2004;8;GLO;SBCT;SBRJ;238,00;11
2004;8;GLO;SBGL;SBFZ;421,00;1153
2004;8;GLO;SBKP;SBCT;288,00;995
2004;8;GLO;SBBR;SBPA;488,00;1183
2004;8;GLO;SBBR;SBRF;42,00;1226
2004;8;GLO;SBRJ;SBPA;227,00;509
2004;8;GLO;SBBH;SBSP;373,00;296
2004;8;GLO;SBBH;SBSP;234,00;221
2004;8;GLO;SBFZ;SBGR;666,00;20
2004;8;GLO;SBSV;SBBR;418,00;25
2004;8;GLO;SBCT;SBSP;366,00;8
2004;8;GLO;SBSP;SBCY;431,00;553
2004;8;GLO;SBKP;SBRJ;156,00;1
2004;8;ONE;SBSP;SBRP;171,00;3
2004;8;ONE;SBSP;SBCT;179,00;3
2004;8;ONE;SBFZ;SBRF;234,00;2
2004;8;ONE;SBCT;SBSP;219,00;6
2004;8;ONE;SBCT;SBSP;164,00;138
2004;8;ONE;SBCT;SBSP;189,00;249
2004;8;ONE;SBSV;SBRF;217,00;1
2004;8;ONE;SBSP;SBRP;122,00;62
2004;8;ONE;SBSP;SBRP;98,00;98
2004;8;ONE;SBSP;SBRP;147,00;17
2004;8;ONE;SBRP;SBSP;147,00;40
2004;8;ONE;SBRF;SBFZ;234,00;1
2004;8;ONE;SBRP;SBSP;171,00;7
2004;8;ONE;SBRP;SBSP;122,00;97
2004;8;ONE;SBRF;SBSV;217,00;17
2004;8;ONE;SBSP;SBCT;189,00;230
2004;8;ONE;SBSP;SBCT;219,00;14
2004;8;ONE;SBSP;SBBR;376,00;3
2004;8;ONE;SBRP;SBSP;98,00;132
2004;8;ONE;SBBR;SBSP;376,00;4
2004;8;ONE;SBSP;SBCT;164,00;136
2004;8;ONE;SBCT;SBSP;179,00;1
2004;8;PEP;SBBE;SBMQ;162,01;3
2004;8;PEP;SBBE;SBMQ;103,51;158
2004;8;PEP;SBMQ;SBBE;158,01;15
2004;8;PEP;SBMQ;SBBE;102,84;235
2004;8;PLY;SBBE;SBMQ;292,11;4
2004;8;PLY;SBMQ;SBBE;292,11;1
2004;8;PTN;SBAU;SBSP;439,00;213
2004;8;PTN;SBSP;SBBU;509,00;69
2004;8;PTN;SBML;SBSP;509,00;69
2004;8;PTN;SBAU;SBSP;529,00;61
2004;8;PTN;SBSP;SBAU;599,00;15
2004;8;PTN;SBSP;SBBU;419,00;245
2004;8;PTN;SBAU;SBSP;599,00;17
2004;8;PTN;SBSP;SBAU;489,00;123
2004;8;PTN;SBSP;SBML;339,00;595
2004;8;PTN;SBSP;SBAU;439,00;227
2004;8;PTN;SBML;SBSP;439,00;129
2004;8;PTN;SBSP;SBBU;479,00;137
2004;8;PTN;SBAU;SBSP;549,00;36
2004;8;PTN;SBSP;SBAU;549,00;35
2004;8;PTN;SBAU;SBSP;489,00;117
2004;8;PTN;SBBU;SBSP;549,00;51
2004;8;PTN;SBBU;SBSP;419,00;237
2004;8;PTN;SBSP;SBML;509,00;89
2004;8;PTN;SBSP;SBAU;409,00;524
2004;8;PTN;SBML;SBSP;339,00;578
2004;8;PTN;SBSP;SBML;579,00;20
2004;8;PTN;SBSP;SBBU;549,00;48
2004;8;PTN;SBAU;SBSP;409,00;481
2004;8;PTN;SBSP;SBML;539,00;26
2004;8;PTN;SBBU;SBSP;349,00;454
2004;8;PTN;SBBU;SBSP;309,00;1081
2004;8;PTN;SBBU;SBSP;509,00;61
2004;8;PTN;SBML;SBSP;379,00;242
2004;8;PTN;SBSP;SBBU;349,00;430
2004;8;PTN;SBSP;SBML;379,00;280
2004;8;PTN;SBML;SBSP;579,00;25
2004;8;PTN;SBSP;SBBU;309,00;1023
2004;8;PTN;SBML;SBSP;539,00;40
2004;8;PTN;SBSP;SBAU;529,00;65
2004;8;PTN;SBSP;SBML;439,00;129
2004;8;PTN;SBBU;SBSP;479,00;155
2004;8;TAM;SBSP;SBSV;1195,00;415
2004;8;TAM;SBGR;SBPA;260,98;755
2004;8;TAM;SBBR;SBPA;1136,00;24
2004;8;TAM;SBSP;SBSR;352,00;807
2004;8;TAM;SBCY;SBSP;724,00;88
2004;8;TAM;SBSP;SBSV;799,00;176
2004;8;TAM;SBBE;SBEG;667,00;20
2004;8;TAM;SBGR;SBSV;712,00;91
2004;8;TAM;SBGL;SBSV;466,98;17
2004;8;TAM;SBSP;SBLO;479,00;15
2004;8;TAM;SBSP;SBSR;402,00;1539
2004;8;TAM;SBCT;SBGR;359,00;1613
2004;8;TAM;SBGL;SBBR;716,00;14
2004;8;TAM;SBSP;SBCT;455,00;23
2004;8;TAM;SBSP;SBGO;667,00;81
2004;8;TAM;SBBR;SBCT;767,00;9
2004;8;TAM;SBSP;SBCY;724,00;74
2004;8;TAM;SBFZ;SBBR;1027,00;33
2004;8;TAM;SBGL;SBFZ;1400,00;6
2004;8;TAM;SBSP;SBCT;383,00;114
2004;8;TAM;SBGL;SBPA;604,00;53
2004;8;TAM;SBBR;SBSV;589,00;760
2004;8;TAM;SBCT;SBGL;706,00;3
2004;8;TAM;SBBR;SBFZ;938,00;43
2004;8;TAM;SBLO;SBSP;504,00;92
2004;8;TAM;SBGR;SBCF;422,00;25
2004;8;TAM;SBFL;SBSP;515,00;79
2004;8;TAM;SBSP;SBLO;418,00;86
2004;8;TAM;SBKP;SBCT;487,00;19
2004;8;TAM;SBSR;SBSP;538,00;235
2004;8;TAM;SBBR;SBKP;402,00;1093
2004;8;TAM;SBSV;SBGR;1149,00;324
2004;8;TAM;SBBE;SBEG;767,00;34
2004;8;TAM;SBSR;SBSP;402,00;1525
2004;8;TAM;SBPA;SBGL;604,00;67
2004;8;TAM;SBGL;SBSV;425,98;34
2004;8;TAM;SBBH;SBVT;245,00;302
2004;8;TAM;SBFL;SBCT;584,00;48
2004;8;TAM;SBBR;SBCT;995,00;45
2004;8;TAM;SBSP;SBPA;520,00;430
2004;8;TAM;SBSP;SBRP;519,00;35
2004;8;TAM;SBPA;SBGR;495,00;832
2004;8;TAM;SBGR;SBGL;243,00;325
2004;8;TAM;SBMQ;SBBE;139,00;147
2004;8;TAM;SBSP;SBGL;313,00;2
2004;8;TAM;SBGR;SBPA;185,39;1
2004;8;TAM;SBBR;SBFZ;1027,00;24
2004;8;TAM;SBCT;SBPA;229,00;1783
2004;8;TAM;SBBR;SBCY;827,00;40
2004;8;TAM;SBGL;SBFZ;1505,00;23
2004;8;TAM;SBSP;SBPS;509,00;33
2004;8;TAM;SBPA;SBBR;857,00;154
2004;8;TAM;SBFL;SBCT;409,00;6
2004;8;TAM;SBCT;SBBH;490,00;129
2004;8;TAM;SBSP;SBJV;305,00;1978
2004;8;TAM;SBNF;SBSP;530,00;11
2004;8;TAM;SBGO;SBBR;324,00;19
2004;8;TAM;SBGR;SBFZ;590,98;528
2004;8;TAM;SBSP;SBUL;231,00;247
2004;8;TAM;SBGL;SBFZ;1168,00;14
2004;8;TAM;SBBR;SBRF;625,00;1452
2004;8;TAM;SBRP;SBSP;279,00;243
2004;8;TAM;SBSR;SBSP;448,00;113
2004;8;TAM;SBBR;SBFZ;881,00;569
2004;8;TAM;SBGR;SBSV;1149,00;359
2004;8;TAM;SBBR;SBEG;1092,00;48
2004;8;TAM;SBBR;SBGR;510,00;690
2004;8;TAM;SBNF;SBSP;438,00;21
2004;8;TAM;SBFZ;SBGR;997,00;921
2004;8;TAM;SBBR;SBBE;787,00;34
2004;8;TAM;SBRF;SBGR;559,98;421
2004;8;TAM;SBBR;SBCT;586,00;149
2004;8;TAM;SBPA;SBBR;1037,00;29
2004;8;TAM;SBBR;SBGL;716,00;7
2004;8;TAM;SBBR;SBGL;585,00;1
2004;8;TAM;SBRF;SBGL;880,00;48
2004;8;TAM;SBBE;SBEG;1034,00;29
2004;8;TAM;SBSP;SBPS;387,00;12
2004;8;TAM;SBSV;SBGL;730,00;15
2004;8;TAM;SBPS;SBSP;509,00;87
2004;8;TAM;SBBR;SBBE;968,00;21
2004;8;TAM;SBRP;SBSP;400,00;85
2004;8;TAM;SBGR;SBFI;812,00;56
2004;8;TAM;SBPA;SBGL;917,00;6
2004;8;TAM;SBPA;SBSP;858,00;263
2004;8;TAM;SBGL;SBRF;361,19;7
2004;8;TAM;SBSP;SBVT;706,00;7
2004;8;TAM;SBSP;SBCY;895,00;53
2004;8;TAM;SBSP;SBCG;710,00;45
2004;8;TAM;SBCF;SBGR;606,00;41
2004;8;TAM;SBSP;SBPA;495,00;6381
2004;8;TAM;SBRF;SBGL;1077,00;13
2004;8;TAM;SBBH;SBVT;484,00;4
2004;8;TAM;SBPA;SBFL;302,00;19
2004;8;TAM;SBPA;SBGL;678,00;76
2004;8;TAM;SBBH;SBCT;620,00;8
2004;8;TAM;SBGR;SBRF;1183,00;90
2004;8;TAM;SBGR;SBRF;667,98;475
2004;8;TAM;SBUL;SBSP;174,00;937
2004;8;TAM;SBRF;SBGL;784,00;46
2004;8;TAM;SBBH;SBVT;442,00;22
2004;8;TAM;SBPA;SBFL;494,00;6
2004;8;TAM;SBRF;SBGR;667,98;489
2004;8;TAM;SBGR;SBCT;487,00;52
2004;8;TAM;SBSP;SBPA;693,00;14
2004;8;TAM;SBSP;SBBH;340,00;11008
2004;8;TAM;SBBR;SBGO;244,00;66
2004;8;TAM;SBBR;SBPA;1222,00;162
2004;8;TAM;SBCY;SBSP;646,00;576
2004;8;TAM;SBRF;SBGR;861,00;206
2004;8;TAM;SBGR;SBFZ;1054,00;49
2004;8;TAM;SBRF;SBGR;1391,00;160
2004;8;TAM;SBRP;SBSP;303,00;66
2004;8;TAM;SBSP;SBCY;565,00;260
2004;8;TAM;SBBE;SBEG;864,00;5
2004;8;TAM;SBGL;SBCT;736,00;30
2004;8;TAM;SBCT;SBKP;400,00;26
2004;8;TAM;SBGR;SBCF;517,00;9
2004;8;TAM;SBBH;SBCT;366,00;1436
2004;8;TAM;SBSV;SBGL;677,00;40
2004;8;TAM;SBFZ;SBGR;1101,98;231
2004;8;TAM;SBGL;SBBR;842,00;12
2004;8;TAM;SBFZ;SBGR;769,98;192
2004;8;TAM;SBKP;SBBR;464,00;203
2004;8;TAM;SBBR;SBBE;1061,00;2
2004;8;TAM;SBGR;SBGL;276,00;19
2004;8;TAM;SBGR;SBRF;613,98;207
2004;8;TAM;SBSP;SBBH;376,00;1538
2004;8;TAM;SBSP;SBBR;750,00;15
2004;8;TAM;SBBR;SBEG;988,00;68
2004;8;TAM;SBCT;SBBH;750,00;3
2004;8;TAM;SBSP;SBPA;567,00;63
2004;8;TAM;SBSP;SBNF;305,00;1708
2004;8;TAM;SBGL;SBPA;678,00;57
2004;8;TAM;SBSP;SBCT;513,00;144
2004;8;TAM;SBBR;SBGO;210,00;1162
2004;8;TAM;SBGR;SBCT;455,00;7
2004;8;TAM;SBJV;SBSP;599,00;45
2004;8;TAM;SBGL;SBGR;313,00;1
2004;8;TAM;SBSP;SBSR;589,00;2
2004;8;TAM;SBBH;SBCT;750,00;2
2004;8;TAM;SBJV;SBSP;491,00;21
2004;8;TAM;SBSP;SBPA;858,00;233
2004;8;TAM;SBVT;SBSP;645,00;96
2004;8;TAM;SBFL;SBSP;314,00;2552
2004;8;TAM;SBGR;SBFL;607,00;9
2004;8;TAM;SBBR;SBSV;720,00;25
2004;8;TAM;SBGR;SBEG;1157,00;14
2004;8;TAM;SBSP;SBNF;438,00;20
2004;8;TAM;SBRP;SBSP;99,00;456
2004;8;TAM;SBPA;SBGR;627,00;40
2004;8;TAM;SBJV;SBSP;314,00;347
2004;8;TAM;SBGR;SBSV;459,98;197
2004;8;TAM;SBSP;SBVT;535,00;313
2004;8;TAM;SBBH;SBCT;428,00;359
2004;8;TAM;SBLO;SBSP;381,00;71
2004;8;TAM;SBEG;SBBE;864,00;11
2004;8;TAM;SBBH;SBBR;862,00;74
2004;8;TAM;SBSP;SBRP;400,00;78
2004;8;TAM;SBGL;SBFZ;961,00;147
2004;8;TAM;SBBH;SBSP;422,00;264
2004;8;TAM;SBBH;SBCT;807,00;16
2004;8;TAM;SBSP;SBRP;367,00;37
2004;8;TAM;SBGR;SBBR;510,00;770
2004;8;TAM;SBPA;SBGR;520,00;32
2004;8;TAM;SBMQ;SBBE;279,00;11
2004;8;TAM;SBRF;SBGL;601,98;252
2004;8;TAM;SBCY;SBSP;565,00;612
2004;8;TAM;SBPA;SBFL;342,00;24
2004;8;TAM;SBSP;SBVT;839,00;39
2004;8;TAM;SBVT;SBSP;591,00;74
2004;8;TAM;SBUL;SBSP;468,00;131
2004;8;TAM;SBGO;SBSP;667,00;114
2004;8;TAM;SBPA;SBCT;627,00;41
2004;8;TAM;SBPS;SBSP;585,00;24
2004;8;TAM;SBSP;SBNF;485,00;73
2004;8;TAM;SBKP;SBCT;356,00;727
2004;8;TAM;SBGR;SBFZ;769,98;284
2004;8;TAM;SBVT;SBBH;442,00;12
2004;8;TAM;SBBH;SBSP;566,00;28
2004;8;TAM;SBBR;SBBH;592,00;47
2004;8;TAM;SBGR;SBEG;1281,00;2
2004;8;TAM;SBPA;SBCT;432,00;16
2004;8;TAM;SBFZ;SBGR;1398,00;2
2004;8;TAM;SBBE;SBMQ;244,00;56
2004;8;TAM;SBSP;SBPA;308,98;4
2004;8;TAM;SBSP;SBPA;260,98;2
2004;8;TAM;SBSV;SBBR;720,00;35
2004;8;TAM;SBGO;SBBR;244,00;43
2004;8;TAM;SBGR;SBFL;371,00;1
2004;8;TAM;SBGL;SBPA;758,00;9
2004;8;TAM;SBEG;SBGR;1281,00;2
2004;8;TAM;SBSV;SBGR;799,00;61
2004;8;TAM;SBBR;SBSP;686,00;268
2004;8;TAM;SBGR;SBPA;627,00;23
2004;8;TAM;SBBE;SBMQ;279,00;19
2004;8;TAM;SBSP;SBFL;314,00;2588
2004;8;TAM;SBBR;SBGL;521,00;38
2004;8;TAM;SBGR;SBFL;515,00;8
2004;8;TAM;SBCY;SBBR;827,00;90
2004;8;TAM;SBCT;SBGR;455,00;8
2004;8;TAM;SBCT;SBSP;455,00;36
2004;8;TAM;SBSP;SBBH;681,00;176
2004;8;TAM;SBSP;SBCG;580,00;66
2004;8;TAM;SBGR;SBCF;376,00;47
2004;8;TAM;SBFL;SBPA;171,00;492
2004;8;TAM;SBCT;SBBR;767,00;30
2004;8;TAM;SBGL;SBRF;880,00;29
2004;8;TAM;SBSP;SBJV;314,00;275
2004;8;TAM;SBBR;SBKP;802,00;3
2004;8;TAM;SBCT;SBKP;438,00;10
2004;8;TAM;SBGL;SBCT;706,00;1
2004;8;TAM;SBMQ;SBBE;169,00;1955
2004;8;TAM;SBBH;SBBR;391,00;2396
2004;8;TAM;SBGR;SBPA;520,00;14
2004;8;TAM;SBFZ;SBGL;1505,00;66
2004;8;TAM;SBCT;SBPA;483,00;4
2004;8;TAM;SBSV;SBGR;499,98;516
2004;8;TAM;SBSV;SBGL;977,00;174
2004;8;TAM;SBBR;SBGL;510,00;519
2004;8;TAM;SBCT;SBPA;250,00;42
2004;8;TAM;SBPA;SBSP;520,00;437
2004;8;TAM;SBGL;SBGR;276,00;9
2004;8;TAM;SBPA;SBBR;787,00;1192
2004;8;TAM;SBPA;SBSP;567,00;58
2004;8;TAM;SBGL;SBSV;829,00;60
2004;8;TAM;SBKP;SBBR;529,00;167
2004;8;TAM;SBRF;SBGL;723,00;1119
2004;8;TAM;SBEG;SBBR;1092,00;8
2004;8;TAM;SBCY;SBSP;1157,00;19
2004;8;TAM;SBSP;SBPS;798,00;18
2004;8;TAM;SBGR;SBFZ;1277,00;52
2004;8;TAM;SBBR;SBCT;847,00;23
2004;8;TAM;SBSP;SBFL;466,00;17
2004;8;TAM;SBSR;SBSP;697,00;23
2004;8;TAM;SBLO;SBSP;646,00;29
2004;8;TAM;SBFZ;SBGL;985,98;205
2004;8;TAM;SBGR;SBCF;468,00;1
2004;8;TAM;SBNF;SBSP;629,00;38
2004;8;TAM;SBPA;SBFL;228,00;3
2004;8;TAM;SBCT;SBFL;331,00;190
2004;8;TAM;SBGR;SBSV;419,98;510
2004;8;TAM;SBFZ;SBBR;1199,00;66
2004;8;TAM;SBGR;SBPA;495,00;593
2004;8;TAM;SBSP;SBFL;564,00;4
2004;8;TAM;SBBR;SBBE;699,00;90
2004;8;TAM;SBSP;SBUL;407,00;100
2004;8;TAM;SBGR;SBRF;559,98;485
2004;8;TAM;SBSP;SBCT;419,00;188
2004;8;TAM;SBFL;SBGR;417,00;3
2004;8;TAM;SBSP;SBCG;517,00;73
2004;8;TAM;SBSV;SBGL;425,98;50
2004;8;TAM;SBBR;SBGR;626,00;18
2004;8;TAM;SBFL;SBPA;205,00;14
2004;8;TAM;SBSP;SBVT;645,00;79
2004;8;TAM;SBGL;SBRF;974,00;8
2004;8;TAM;SBSP;SBFL;417,00;49
2004;8;TAM;SBCT;SBSP;419,00;213
2004;8;TAM;SBGO;SBBR;210,00;1498
2004;8;TAM;SBSP;SBUL;601,00;25
2004;8;TAM;SBFL;SBPA;422,00;19
2004;8;TAM;SBCY;SBSP;895,00;43
2004;8;TAM;SBCT;SBPA;334,00;133
2004;8;TAM;SBPA;SBGR;308,98;466
2004;8;TAM;SBFL;SBGR;515,00;16
2004;8;TAM;SBGL;SBSV;604,00;108
2004;8;TAM;SBSP;SBGL;386,00;3
2004;8;TAM;SBBR;SBKP;529,00;195
2004;8;TAM;SBPA;SBCT;334,00;144
2004;8;TAM;SBSP;SBJV;448,00;26
2004;8;TAM;SBSV;SBGR;712,00;120
2004;8;TAM;SBSV;SBSP;712,00;361
2004;8;TAM;SBBR;SBKP;863,00;40
2004;8;TAM;SBPA;SBSP;495,00;6175
2004;8;TAM;SBBR;SBKP;464,00;358
2004;8;TAM;SBGR;SBBR;565,00;14
2004;8;TAM;SBGR;SBGL;313,00;8
2004;8;TAM;SBSV;SBSP;641,00;6584
2004;8;TAM;SBSP;SBJV;405,00;18
2004;8;TAM;SBCF;SBGR;376,00;59
2004;8;TAM;SBGO;SBSP;550,00;240
2004;8;TAM;SBGL;SBSV;529,00;1528
2004;8;TAM;SBVT;SBBH;319,00;12
2004;8;TAM;SBPA;SBCT;533,00;20
2004;8;TAM;SBUL;SBSP;355,00;101
2004;8;TAM;SBSP;SBJV;491,00;9
2004;8;TAM;SBGL;SBBR;585,00;9
2004;8;TAM;SBRP;SBSP;210,00;2863
2004;8;TAM;SBGL;SBPA;982,00;39
2004;8;TAM;SBPA;SBGL;434,98;177
2004;8;TAM;SBSP;SBVT;591,00;34
2004;8;TAM;SBSP;SBLO;544,00;4
2004;8;TAM;SBBH;SBBR;662,00;38
2004;8;TAM;SBGR;SBEG;1665,00;26
2004;8;TAM;SBBR;SBBH;413,00;247
2004;8;TAM;SBKP;SBBR;863,00;89
2004;8;TAM;SBGL;SBPA;364,98;864
2004;8;TAM;SBGR;SBPA;308,98;406
2004;8;TAM;SBRF;SBGR;966,00;59
2004;8;TAM;SBGR;SBCF;606,00;88
2004;8;TAM;SBCT;SBPA;432,00;42
2004;8;TAM;SBBR;SBRF;731,00;99
2004;8;TAM;SBFZ;SBGR;1080,00;15
2004;8;TAM;SBBE;SBMQ;318,00;12
2004;8;TAM;SBPA;SBSP;627,00;260
2004;8;TAM;SBBH;SBCT;490,00;104
2004;8;TAM;SBSV;SBGL;829,00;51
2004;8;TAM;SBCG;SBSP;580,00;86
2004;8;TAM;SBGL;SBCT;473,00;147
2004;8;TAM;SBBE;SBEG;638,00;704
2004;8;TAM;SBFL;SBSP;325,00;187
2004;8;TAM;SBCT;SBBH;686,00;10
2004;8;TAM;SBCT;SBBR;686,00;63
2004;8;TAM;SBCT;SBKP;474,00;4
2004;8;TAM;SBGL;SBSV;677,00;40
2004;8;TAM;SBKP;SBBR;402,00;1141
2004;8;TAM;SBBR;SBKP;732,00;18
2004;8;TAM;SBSP;SBRP;239,00;187
2004;8;TAM;SBGR;SBGL;423,00;3
2004;8;TAM;SBFL;SBSP;371,00;54
2004;8;TAM;SBGO;SBSP;865,00;34
2004;8;TAM;SBVT;SBBH;358,00;6
2004;8;TAM;SBSP;SBBR;626,00;109
2004;8;TAM;SBSR;SBSP;487,00;18
2004;8;TAM;SBBR;SBEG;1196,00;20
2004;8;TAM;SBSP;SBBH;517,00;262
2004;8;TAM;SBBR;SBSV;928,00;120
2004;8;TAM;SBCY;SBSP;520,00;4544
2004;8;TAM;SBCT;SBBR;995,00;34
2004;8;TAM;SBPA;SBGL;528,00;175
2004;8;TAM;SBSP;SBBH;566,00;31
2004;8;TAM;SBSP;SBGO;516,00;4325
2004;8;TAM;SBSP;SBPS;976,00;3
2004;8;TAM;SBBH;SBCT;686,00;30
2004;8;TAM;SBFZ;SBGR;1501,00;237
2004;8;TAM;SBUL;SBSP;407,00;84
2004;8;TAM;SBSP;SBGL;350,00;11
2004;8;TAM;SBFL;SBSP;564,00;3
2004;8;TAM;SBBR;SBRF;1004,00;61
2004;8;TAM;SBGR;SBCT;419,00;33
2004;8;TAM;SBSP;SBNF;530,00;3
2004;8;TAM;SBNF;SBSP;305,00;1578
2004;8;TAM;SBSP;SBSR;487,00;7
2004;8;TAM;SBBR;SBEG;893,00;93
2004;8;TAM;SBGR;SBFI;640,00;31
2004;8;TAM;SBBR;SBBE;1137,00;94
2004;8;TAM;SBGL;SBRF;601,98;243
2004;8;TAM;SBBR;SBGO;274,00;21
2004;8;TAM;SBGL;SBRF;1179,00;1
2004;8;TAM;SBGL;SBRF;504,98;144
2004;8;TAM;SBSR;SBSP;293,00;36
2004;8;TAM;SBGR;SBFZ;1501,00;120
2004;8;TAM;SBCT;SBGL;473,00;125
2004;8;TAM;SBSP;SBCY;520,00;4528
2004;8;TAM;SBBR;SBPA;787,00;1359
2004;8;TAM;SBFZ;SBGL;1168,00;4
2004;8;TAM;SBFZ;SBGL;961,00;140
2004;8;TAM;SBBH;SBBR;731,00;66
2004;8;TAM;SBSP;SBNF;350,00;32
2004;8;TAM;SBRF;SBGR;400,98;1
2004;8;TAM;SBGR;SBRF;1295,00;2
2004;8;TAM;SBMQ;SBBE;385,00;22
2004;8;TAM;SBPA;SBFL;171,00;368
2004;8;TAM;SBFL;SBPA;262,00;80
2004;8;TAM;SBRF;SBGR;1070,00;7
2004;8;TAM;SBBR;SBKP;662,00;5
2004;8;TAM;SBSV;SBGL;466,98;23
2004;8;TAM;SBEG;SBBR;724,00;531
2004;8;TAM;SBPA;SBCT;483,00;3
2004;8;TAM;SBFL;SBCT;331,00;310
2004;8;TAM;SBPA;SBGL;364,98;810
2004;8;TAM;SBBH;SBVT;319,00;20
2004;8;TAM;SBSP;SBSR;293,00;37
2004;8;TAM;SBPS;SBSP;976,00;11
2004;8;TAM;SBSP;SBBR;686,00;242
2004;8;TAM;SBSV;SBSP;419,98;8
2004;8;TAM;SBPA;SBGR;284,98;199
2004;8;TAM;SBCT;SBBH;402,00;52
2004;8;TAM;SBUL;SBSP;231,00;303
2004;8;TAM;SBEG;SBGR;1157,00;24
2004;8;TAM;SBNF;SBSP;350,00;67
2004;8;TAM;SBSP;SBLO;381,00;99
2004;8;TAM;SBSP;SBSV;641,00;7377
2004;8;TAM;SBCT;SBSP;383,00;178
2004;8;TAM;SBSP;SBLO;350,00;2111
2004;8;TAM;SBGR;SBSV;499,98;401
2004;8;TAM;SBFL;SBPA;494,00;8
2004;8;TAM;SBVT;SBBH;400,00;10
2004;8;TAM;SBPS;SBSP;387,00;43
2004;8;TAM;SBBR;SBCT;686,00;27
2004;8;TAM;SBGR;SBSV;641,00;2121
2004;8;TAM;SBGR;SBEG;1031,00;6
2004;8;TAM;SBBR;SBPA;1037,00;48
2004;8;TAM;SBBH;SBBR;413,00;242
2004;8;TAM;SBBR;SBEG;1283,00;32
2004;8;TAM;SBCT;SBGR;135,98;1
2004;8;TAM;SBKP;SBBR;592,00;76
2004;8;TAM;SBVT;SBSP;535,00;233
2004;8;TAM;SBRF;SBBR;1178,00;59
2004;8;TAM;SBGR;SBSV;299,99;9
2004;8;TAM;SBGL;SBGR;386,00;9
2004;8;TAM;SBNF;SBSP;485,00;64
2004;8;TAM;SBEG;SBBE;1034,00;59
2004;8;TAM;SBRF;SBGR;813,00;2652
2004;8;TAM;SBFL;SBPA;302,00;19
2004;8;TAM;SBPA;SBCT;250,00;67
2004;8;TAM;SBSP;SBUL;147,00;2879
2004;8;TAM;SBGL;SBCT;585,00;2
2004;8;TAM;SBSV;SBSP;459,98;2
2004;8;TAM;SBBR;SBGR;686,00;23
2004;8;TAM;SBMQ;SBBE;454,00;16
2004;8;TAM;SBGL;SBPA;528,00;173
2004;8;TAM;SBPA;SBCT;229,00;1791
2004;8;TAM;SBBE;SBBR;518,00;468
2004;8;TAM;SBGL;SBFZ;985,98;237
2004;8;TAM;SBPA;SBFL;205,00;99
2004;8;TAM;SBBR;SBRF;908,00;25
2004;8;TAM;SBSP;SBBH;468,00;78
2004;8;TAM;SBPA;SBGL;399,98;99
2004;8;TAM;SBSP;SBUL;174,00;797
2004;8;TAM;SBCF;SBGR;566,00;1
2004;8;TAM;SBVT;SBBH;484,00;8
2004;8;TAM;SBGR;SBEG;1550,00;4
2004;8;TAM;SBSV;SBGL;908,00;4
2004;8;TAM;SBKP;SBBR;732,00;31
2004;8;TAM;SBGR;SBCF;566,00;1
2004;8;TAM;SBBH;SBCT;554,00;36
2004;8;TAM;SBCT;SBBR;847,00;34
2004;8;TAM;SBGR;SBFI;606,00;583
2004;8;TAM;SBBR;SBFZ;1114,00;6
2004;8;TAM;SBGL;SBRF;552,98;61
2004;8;TAM;SBPS;SBSP;721,00;2
2004;8;TAM;SBJV;SBSP;377,00;51
2004;8;TAM;SBBR;SBGR;807,00;43
2004;8;TAM;SBFL;SBGR;314,00;336
2004;8;TAM;SBCT;SBKP;487,00;27
2004;8;TAM;SBSP;SBBH;422,00;244
2004;8;TAM;SBGR;SBFI;760,00;16
2004;8;TAM;SBSP;SBSR;448,00;101
2004;8;TAM;SBCT;SBFL;409,00;3
2004;8;TAM;SBBE;SBMQ;454,00;73
2004;8;TAM;SBCT;SBFL;584,00;41
2004;8;TAM;SBSP;SBCY;1157,00;29
2004;8;TAM;SBSV;SBGR;884,00;15
2004;8;TAM;SBMQ;SBBE;318,00;3
2004;8;TAM;SBEG;SBGR;954,00;45
2004;8;TAM;SBPS;SBSP;645,00;19
2004;8;TAM;SBBR;SBCY;779,00;1
2004;8;TAM;SBMQ;SBBE;113,00;2645
2004;8;TAM;SBGL;SBCT;515,00;34
2004;8;TAM;SBGL;SBSV;508,98;30
2004;8;TAM;SBPA;SBFL;422,00;35
2004;8;TAM;SBRF;SBBR;625,00;1457
2004;8;TAM;SBRF;SBGL;1269,00;43
2004;8;TAM;SBSP;SBCG;778,00;1
2004;8;TAM;SBSP;SBRP;168,00;4
2004;8;TAM;SBSP;SBSR;538,00;126
2004;8;TAM;SBCY;SBSP;810,00;33
2004;8;TAM;SBUL;SBSP;534,00;90
2004;8;TAM;SBBR;SBSP;626,00;61
2004;8;TAM;SBGR;SBFZ;1101,98;145
2004;8;TAM;SBSR;SBSP;352,00;614
2004;8;TAM;SBBH;SBCT;402,00;24
2004;8;TAM;SBCT;SBBR;532,00;1911
2004;8;TAM;SBPA;SBBR;1222,00;129
2004;8;TAM;SBRF;SBBR;1099,00;1
2004;8;TAM;SBFL;SBSP;417,00;57
2004;8;TAM;SBGR;SBRF;1070,00;5
2004;8;TAM;SBFL;SBGR;325,00;24
2004;8;TAM;SBFZ;SBBR;881,00;436
2004;8;TAM;SBCT;SBPA;585,00;1
2004;8;TAM;SBGR;SBFZ;1080,00;12
2004;8;TAM;SBGL;SBRF;784,00;57
2004;8;TAM;SBSP;SBBR;917,00;199
2004;8;TAM;SBCG;SBSP;642,00;27
2004;8;TAM;SBLO;SBSP;479,00;260
2004;8;TAM;SBSP;SBGL;276,00;7
2004;8;TAM;SBBH;SBSP;376,00;1038
2004;8;TAM;SBSP;SBPS;343,00;848
2004;8;TAM;SBPA;SBGR;567,00;7
2004;8;TAM;SBFZ;SBGR;1277,00;57
2004;8;TAM;SBGL;SBSV;730,00;10
2004;8;TAM;SBGR;SBFL;417,00;4
2004;8;TAM;SBBR;SBGR;565,00;36
2004;8;TAM;SBSV;SBGL;529,00;1531
2004;8;TAM;SBBE;SBBR;561,00;809
2004;8;TAM;SBBH;SBVT;400,00;6
2004;8;TAM;SBPA;SBBR;1136,00;14
2004;8;TAM;SBSP;SBPS;585,00;22
2004;8;TAM;SBPA;SBGL;982,00;118
2004;8;TAM;SBCY;SBSP;981,00;8
2004;8;TAM;SBSR;SBSP;589,00;114
2004;8;TAM;SBSP;SBRP;210,00;3017
2004;8;TAM;SBGR;SBSV;884,00;31
2004;8;TAM;SBSV;SBSP;977,00;184
2004;8;TAM;SBRF;SBGL;552,98;74
2004;8;TAM;SBSV;SBBR;650,00;71
2004;8;TAM;SBBR;SBBE;876,00;11
2004;8;TAM;SBGR;SBSV;977,00;38
2004;8;TAM;SBPA;SBGR;185,39;3
2004;8;TAM;SBBR;SBSV;788,00;35
2004;8;TAM;SBCF;SBGR;340,00;695
2004;8;TAM;SBSP;SBUL;301,00;230
2004;8;TAM;SBBR;SBEG;795,00;19
2004;8;TAM;SBFL;SBPA;342,00;25
2004;8;TAM;SBRP;SBSP;519,00;53
2004;8;TAM;SBRP;SBSP;239,00;224
2004;8;TAM;SBBR;SBBE;561,00;805
2004;8;TAM;SBSP;SBBR;510,00;14910
2004;8;TAM;SBGR;SBEG;954,00;150
2004;8;TAM;SBBE;SBBR;876,00;6
2004;8;TAM;SBGR;SBGL;386,00;16
2004;8;TAM;SBBE;SBBR;699,00;80
2004;8;TAM;SBCT;SBGL;585,00;11
2004;8;TAM;SBPA;SBGL;485,00;1373
2004;8;TAM;SBGL;SBGR;243,00;91
2004;8;TAM;SBBH;SBBR;464,00;187
2004;8;TAM;SBCT;SBBR;631,00;96
2004;8;TAM;SBUL;SBSP;601,00;34
2004;8;TAM;SBSV;SBGR;1070,00;1
2004;8;TAM;SBBE;SBMQ;113,00;2062
2004;8;TAM;SBGO;SBBR;274,00;2
2004;8;TAM;SBPA;SBGL;758,00;16
2004;8;TAM;SBCY;SBBR;779,00;4
2004;8;TAM;SBCY;SBBR;718,00;26
2004;8;TAM;SBGR;SBRF;813,00;2453
2004;8;TAM;SBVT;SBBH;245,00;172
2004;8;TAM;SBBE;SBMQ;385,00;40
2004;8;TAM;SBSP;SBRP;303,00;90
2004;8;TAM;SBFZ;SBGL;457,98;634
2004;8;TAM;SBFL;SBPA;228,00;47
2004;8;TAM;SBFZ;SBGR;661,19;4
2004;8;TAM;SBGR;SBGL;458,00;22
2004;8;TAM;SBBH;SBSP;517,00;186
2004;8;TAM;SBGL;SBSV;908,00;6
2004;8;TAM;SBCT;SBBH;366,00;1250
2004;8;TAM;SBGL;SBGR;458,00;31
2004;8;TAM;SBBE;SBBR;787,00;46
2004;8;TAM;SBSP;SBBR;565,00;1058
2004;8;TAM;SBBR;SBBH;862,00;63
2004;8;TAM;SBVT;SBBH;270,00;26
2004;8;TAM;SBSP;SBUL;727,00;34
2004;8;TAM;SBSV;SBSP;1070,00;14
2004;8;TAM;SBSP;SBLO;646,00;13
2004;8;TAM;SBLO;SBSP;449,00;121
2004;8;TAM;SBSV;SBGL;508,98;55
2004;8;TAM;SBMQ;SBBE;244,00;18
2004;8;TAM;SBBR;SBSP;917,00;212
2004;8;TAM;SBGL;SBGR;423,00;3
2004;8;TAM;SBLO;SBSP;350,00;1658
2004;8;TAM;SBBR;SBBE;518,00;493
2004;8;TAM;SBCT;SBFL;376,00;2
2004;8;TAM;SBEG;SBBR;988,00;30
2004;8;TAM;SBSV;SBSP;884,00;56
2004;8;TAM;SBGL;SBCT;631,00;20
2004;8;TAM;SBFI;SBGR;700,00;50
2004;8;TAM;SBCG;SBSP;446,00;2980
2004;8;TAM;SBSP;SBFL;515,00;72
2004;8;TAM;SBPA;SBSP;693,00;45
2004;8;TAM;SBBH;SBSP;681,00;173
2004;8;TAM;SBFL;SBPA;382,00;1
2004;8;TAM;SBPS;SBSP;798,00;31
2004;8;TAM;SBBR;SBPA;948,00;21
2004;8;TAM;SBPA;SBCT;381,00;166
2004;8;TAM;SBBE;SBBR;1137,00;48
2004;8;TAM;SBBR;SBGL;647,00;2
2004;8;TAM;SBFL;SBSP;668,00;34
2004;8;TAM;SBVT;SBBH;464,00;56
2004;8;TAM;SBBR;SBCY;718,00;21
2004;8;TAM;SBBR;SBRF;1178,00;70
2004;8;TAM;SBFI;SBGR;760,00;18
2004;8;TAM;SBGL;SBPA;837,00;24
2004;8;TAM;SBGL;SBPA;434,98;185
2004;8;TAM;SBSV;SBBR;864,00;2
2004;8;TAM;SBRF;SBGL;974,00;4
2004;8;TAM;SBGL;SBRF;1269,00;34
2004;8;TAM;SBSP;SBLO;449,00;45
2004;8;TAM;SBPA;SBBR;948,00;15
2004;8;TAM;SBCG;SBSP;710,00;77
2004;8;TAM;SBBR;SBRF;1099,00;5
2004;8;TAM;SBSR;SBSP;211,00;90
2004;8;TAM;SBCG;SBSP;517,00;248
2004;8;TAM;SBGR;SBRF;966,00;71
2004;8;TAM;SBPA;SBGL;837,00;39
2004;8;TAM;SBFI;SBGR;606,00;650
2004;8;TAM;SBEG;SBBE;767,00;36
2004;8;TAM;SBGR;SBCT;359,00;1237
2004;8;TAM;SBRF;SBGR;1183,00;91
2004;8;TAM;SBGO;SBSP;516,00;4153
2004;8;TAM;SBSP;SBNF;629,00;21
2004;8;TAM;SBCF;SBGR;422,00;22
2004;8;TAM;SBBH;SBVT;521,00;16
2004;8;TAM;SBSP;SBCG;920,00;16
2004;8;TAM;SBGR;SBEG;1415,00;13
2004;8;TAM;SBBR;SBBH;662,00;7
2004;8;TAM;SBBR;SBBH;464,00;179
2004;8;TAM;SBBH;SBVT;270,00;68
2004;8;TAM;SBEG;SBBR;893,00;27
2004;8;TAM;SBGL;SBPA;260,98;4
2004;8;TAM;SBCY;SBBR;652,00;1589
2004;8;TAM;SBSP;SBJV;599,00;41
2004;8;TAM;SBFZ;SBGR;590,98;580
2004;8;TAM;SBSP;SBFL;668,00;37
2004;8;TAM;SBBH;SBBR;592,00;146
2004;8;TAM;SBKP;SBCT;438,00;7
2004;8;TAM;SBGL;SBBR;510,00;471
2004;8;TAM;SBFZ;SBBR;938,00;19
2004;8;TAM;SBBH;SBBR;801,00;6
2004;8;TAM;SBGL;SBFZ;457,98;641
2004;8;TAM;SBCF;SBGR;468,00;2
2004;8;TAM;SBGR;SBBR;686,00;14
2004;8;TAM;SBSP;SBRP;99,00;375
2004;8;TAM;SBSP;SBUL;203,00;397
2004;8;TAM;SBSV;SBGR;459,98;173
2004;8;TAM;SBBE;SBBR;1061,00;1
2004;8;TAM;SBGL;SBFZ;1279,00;16
2004;8;TAM;SBGL;SBFZ;633,98;297
2004;8;TAM;SBCT;SBBH;620,00;4
2004;8;TAM;SBGR;SBRF;1391,00;135
2004;8;TAM;SBSP;SBUL;468,00;80
2004;8;TAM;SBSP;SBLO;504,00;98
2004;8;TAM;SBGO;SBSP;730,00;21
2004;8;TAM;SBSV;SBGL;604,00;64
2004;8;TAM;SBBR;SBBH;391,00;2762
2004;8;TAM;SBJV;SBSP;448,00;44
2004;8;TAM;SBBR;SBSP;510,00;16028
2004;8;TAM;SBSP;SBNF;392,00;28
2004;8;TAM;SBCT;SBPA;627,00;26
2004;8;TAM;SBGR;SBPA;567,00;2
2004;8;TAM;SBCT;SBBR;586,00;243
2004;8;TAM;SBUL;SBSP;301,00;275
2004;8;TAM;SBBH;SBVT;358,00;10
2004;8;TAM;SBEG;SBGR;1665,00;54
2004;8;TAM;SBCT;SBGR;383,00;44
2004;8;TAM;SBVT;SBSP;706,00;27
2004;8;TAM;SBSP;SBCT;359,00;10550
2004;8;TAM;SBBE;SBMQ;139,00;741
2004;8;TAM;SBNF;SBSP;320,00;117
2004;8;TAM;SBCT;SBKP;356,00;627
2004;8;TAM;SBJV;SBSP;405,00;25
2004;8;TAM;SBRF;SBBR;1004,00;32
2004;8;TAM;SBBE;SBMQ;422,00;1
2004;8;TAM;SBBR;SBCY;652,00;1469
2004;8;TAM;SBBR;SBBH;522,00;71
2004;8;TAM;SBGL;SBPA;485,00;1241
2004;8;TAM;SBSP;SBGO;865,00;35
2004;8;TAM;SBBH;SBVT;464,00;45
2004;8;TAM;SBGR;SBBR;807,00;53
2004;8;TAM;SBCT;SBGL;631,00;26
2004;8;TAM;SBRP;SBSP;168,00;14
2004;8;TAM;SBCT;SBGL;736,00;44
2004;8;TAM;SBSP;SBVT;488,00;3963
2004;8;TAM;SBEG;SBBE;667,00;11
2004;8;TAM;SBBE;SBMQ;209,00;184
2004;8;TAM;SBBR;SBSP;565,00;384
2004;8;TAM;SBBE;SBMQ;169,00;2552
2004;8;TAM;SBKP;SBCT;474,00;2
2004;8;TAM;SBBR;SBSV;650,00;96
2004;8;TAM;SBGR;SBSV;1070,00;2
2004;8;TAM;SBEG;SBBR;795,00;55
2004;8;TAM;SBFL;SBGR;607,00;14
2004;8;TAM;SBCT;SBGL;401,00;1085
2004;8;TAM;SBUL;SBSP;147,00;2659
2004;8;TAM;SBSP;SBCG;642,00;6
2004;8;TAM;SBSV;SBBR;589,00;1014
2004;8;TAM;SBFZ;SBGL;1279,00;20
2004;8;TAM;SBFL;SBSP;466,00;19
2004;8;TAM;SBGR;SBFL;314,00;141
2004;8;TAM;SBSP;SBUL;355,00;122
2004;8;TAM;SBSP;SBGO;609,00;58
2004;8;TAM;SBLO;SBSP;544,00;3
2004;8;TAM;SBPA;SBFL;262,00;7
2004;8;TAM;SBEG;SBBE;638,00;610
2004;8;TAM;SBSP;SBSR;325,00;40
2004;8;TAM;SBBR;SBCT;532,00;1820
2004;8;TAM;SBBR;SBGR;750,00;1
2004;8;TAM;SBEG;SBBR;1283,00;62
2004;8;TAM;SBFL;SBGR;466,00;2
2004;8;TAM;SBBR;SBEG;724,00;297
2004;8;TAM;SBUL;SBSP;727,00;40
2004;8;TAM;SBFZ;SBGL;1056,00;15
2004;8;TAM;SBSV;SBBR;928,00;43
2004;8;TAM;SBSP;SBCG;446,00;3279
2004;8;TAM;SBVT;SBSP;839,00;42
2004;8;TAM;SBSP;SBPS;639,00;5
2004;8;TAM;SBSP;SBCY;810,00;23
2004;8;TAM;SBSP;SBSV;712,00;490
2004;8;TAM;SBSP;SBFL;371,00;67
2004;8;TAM;SBFZ;SBGR;1054,00;44
2004;8;TAM;SBFL;SBGR;371,00;9
2004;8;TAM;SBSP;SBCY;981,00;10
2004;8;TAM;SBBR;SBFZ;1199,00;26
2004;8;TAM;SBBH;SBSP;468,00;65
2004;8;TAM;SBPA;SBGL;260,98;2
2004;8;TAM;SBRF;SBBR;731,00;72
2004;8;TAM;SBGL;SBRF;723,00;1035
2004;8;TAM;SBSV;SBGR;977,00;58
2004;8;TAM;SBSV;SBSP;1195,00;407
2004;8;TAM;SBRF;SBGR;613,98;196
2004;8;TAM;SBCG;SBSP;778,00;10
2004;8;TAM;SBMQ;SBBE;209,00;77
2004;8;TAM;SBCG;SBSP;920,00;15
2004;8;TAM;SBBH;SBBR;522,00;239
2004;8;TAM;SBSP;SBFL;325,00;197
2004;8;TAM;SBCT;SBSP;513,00;130
2004;8;TAM;SBSP;SBSV;884,00;56
2004;8;TAM;SBSP;SBRP;279,00;204
2004;8;TAM;SBGL;SBBR;647,00;3
2004;8;TAM;SBGL;SBSV;977,00;105
2004;8;TAM;SBBR;SBRF;820,00;46
2004;8;TAM;SBBR;SBPA;857,00;63
2004;8;TAM;SBBR;SBGO;324,00;220
2004;8;TAM;SBGL;SBFZ;1056,00;20
2004;8;TAM;SBGR;SBCF;340,00;658
2004;8;TAM;SBNF;SBSP;392,00;35
2004;8;TAM;SBCT;SBPA;381,00;147
2004;8;TAM;SBSP;SBUL;534,00;60
2004;8;TAM;SBGL;SBCT;401,00;1099
2004;8;TAM;SBBR;SBBH;731,00;46
2004;8;TAM;SBGO;SBSP;609,00;100
2004;8;TAM;SBSV;SBSP;799,00;168
2004;8;TAM;SBSP;SBJV;377,00;28
2004;8;TAM;SBGL;SBRF;1077,00;23
2004;8;TAM;SBFI;SBGR;812,00;87
2004;8;TAM;SBRF;SBBR;820,00;67
2004;8;TAM;SBKP;SBBR;662,00;10
2004;8;TAM;SBGR;SBGL;350,00;8
2004;8;TAM;SBJV;SBSP;305,00;1934
2004;8;TAM;SBFI;SBGR;640,00;41
2004;8;TAM;SBVT;SBBH;521,00;26
2004;8;TAM;SBGR;SBCT;383,00;19
2004;8;TAM;SBGL;SBBR;521,00;84
2004;8;TAM;SBBR;SBGL;842,00;8
2004;8;TAM;SBSP;SBSV;1070,00;4
2004;8;TAM;SBSV;SBBR;788,00;39
2004;8;TAM;SBGR;SBPA;284,98;203
2004;8;TAM;SBGR;SBRF;861,00;203
2004;8;TAM;SBSV;SBGR;419,98;555
2004;8;TAM;SBSP;SBGO;730,00;16
2004;8;TAM;SBGR;SBFI;700,00;56
2004;8;TAM;SBCT;SBSP;359,00;10587
2004;8;TAM;SBCF;SBGR;517,00;9
2004;8;TAM;SBPA;SBGR;260,98;782
2004;8;TAM;SBGR;SBFL;325,00;1
2004;8;TAM;SBCT;SBBH;428,00;362
2004;8;TAM;SBSP;SBSV;977,00;124
2004;8;TAM;SBPS;SBSP;343,00;824
2004;8;TAM;SBGL;SBPA;399,98;167
2004;8;TAM;SBCT;SBBH;554,00;14
2004;8;TAM;SBSR;SBSP;325,00;21
2004;8;TAM;SBLO;SBSP;418,00;83
2004;8;TAM;SBSP;SBCY;646,00;131
2004;8;TAM;SBGR;SBPA;816,00;33
2004;8;TAM;SBKP;SBBR;802,00;3
2004;8;TAM;SBFZ;SBGL;633,98;243
2004;8;TAM;SBSP;SBPA;627,00;230
2004;8;TAM;SBPA;SBGR;816,00;59
2004;8;TAM;SBBE;SBBR;968,00;20
2004;8;TAM;SBCT;SBPA;533,00;20
2004;8;TAM;SBCT;SBGR;419,00;61
2004;8;TAM;SBGR;SBFZ;997,00;779
2004;8;TAM;SBCT;SBGR;487,00;97
2004;8;TAM;SBCT;SBGL;515,00;36
2004;8;TAM;SBRF;SBBR;908,00;20
2004;8;TAM;SBSP;SBSR;211,00;107
2004;8;TAM;SBGL;SBGR;350,00;6
2004;8;TAM;SBBR;SBKP;592,00;31
2004;8;TAM;SBBR;SBCT;631,00;61
2004;8;TAM;SBSP;SBSR;697,00;23
2004;8;TAM;SBKP;SBCT;400,00;9
2004;8;TAM;SBSP;SBGL;243,00;10
2004;8;TAM;SBRP;SBSP;367,00;29
2004;8;TAM;SBGR;SBSV;799,00;54
2004;8;TAM;SBBH;SBSP;340,00;11949
2004;8;TAM;SBCT;SBBH;807,00;38
2004;8;TAM;SBSP;SBGO;550,00;79
2004;8;TAM;SBVT;SBSP;488,00;3782
2004;8;TAM;SBRF;SBGL;504,98;175
2004;8;TAM;SBSV;SBGR;641,00;2818
2004;8;TAM;SBBR;SBSP;750,00;37
2004;8;TAM;SBUL;SBSP;203,00;520
2004;8;VRG;SBGR;SBCT;151,50;5201
2004;8;VRG;SBPA;SBSP;388,17;12776
2004;8;VRG;SBSP;SBGO;459,71;4929
2004;8;VRG;SBRJ;SBBR;524,09;9811
2004;8;VRG;SBRF;SBSV;310,59;3051
2004;8;VRG;SBRJ;SBKP;369,39;1982
2004;8;VRG;SBBR;SBBH;401,66;2689
2004;8;VRG;SBSV;SBRF;317,40;3125
2004;8;VRG;SBNF;SBSP;317,02;4974
2004;8;VRG;SBBE;SBMQ;166,76;1924
2004;8;VRG;SBGL;SBGR;379,08;17203
2004;8;VRG;SBSP;SBRJ;299,09;42309
2004;8;VRG;SBRF;SBGL;565,25;4983
2004;8;VRG;SBCF;SBGR;339,90;5957
2004;8;VRG;SBSP;SBPA;384,15;12149
2004;8;VRG;SBGO;SBSP;462,34;5790
2004;8;VRG;SBSP;SBCT;209,00;11354
2004;8;VRG;SBBH;SBSP;258,93;14250
2004;8;VRG;SBBR;SBKP;369,43;1181
2004;8;VRG;SBCT;SBSP;212,30;11616
2004;8;VRG;SBFL;SBSP;197,11;4695
2004;8;VRG;SBSP;SBBR;325,29;13309
2004;8;VRG;SBKP;SBRJ;369,79;2040
2004;8;VRG;SBBR;SBGO;84,19;717
2004;8;VRG;SBGR;SBSV;615,23;14257
2004;8;VRG;SBSP;SBRP;171,84;3080
2004;8;VRG;SBUL;SBSP;182,96;2879
2004;8;VRG;SBFL;SBPA;214,50;2023
2004;8;VRG;SBGR;SBEG;981,34;9853
2004;8;VRG;SBPA;SBGL;418,64;8218
2004;8;VRG;SBSP;SBVT;357,11;4903
2004;8;VRG;SBVT;SBSP;346,90;4717
2004;8;VRG;SBGL;SBRF;571,13;5348
2004;8;VRG;SBPA;SBFL;206,16;2148
2004;8;VRG;SBGL;SBPA;419,01;8239
2004;8;VRG;SBBH;SBRJ;276,33;6773
2004;8;VRG;SBRJ;SBCT;354,04;484
2004;8;VRG;SBBR;SBSV;447,55;4277
2004;8;VRG;SBCT;SBKP;321,02;792
2004;8;VRG;SBSV;SBBR;406,41;3739
2004;8;VRG;SBBH;SBBR;398,18;2750
2004;8;VRG;SBFL;SBCT;258,21;558
2004;8;VRG;SBCT;SBPA;279,75;2515
2004;8;VRG;SBCT;SBRJ;355,89;413
2004;8;VRG;SBSV;SBGR;598,04;14573
2004;8;VRG;SBRJ;SBSP;300,16;42735
2004;8;VRG;SBGR;SBPA;330,96;12883
2004;8;VRG;SBPA;SBBR;747,38;2837
2004;8;VRG;SBCT;SBGL;456,76;3126
2004;8;VRG;SBRF;SBFZ;316,17;3663
2004;8;VRG;SBCT;SBFL;210,72;1023
2004;8;VRG;SBBR;SBRJ;522,00;9439
2004;8;VRG;SBGL;SBCT;415,98;3332
2004;8;VRG;SBRP;SBSP;177,81;3149
2004;8;VRG;SBBR;SBBE;570,24;3529
2004;8;VRG;SBGO;SBBR;79,94;1039
2004;8;VRG;SBGL;SBSV;528,12;5360
2004;8;VRG;SBBE;SBBR;552,70;3785
2004;8;VRG;SBPA;SBCT;276,31;2246
2004;8;VRG;SBSP;SBNF;315,73;4814
2004;8;VRG;SBGL;SBBR;494,85;3236
2004;8;VRG;SBSP;SBUL;137,85;2708
2004;8;VRG;SBCT;SBGR;152,31;4361
2004;8;VRG;SBBR;SBSP;302,24;13366
2004;8;VRG;SBKP;SBBR;366,21;1140
2004;8;VRG;SBMQ;SBBE;138,92;1173
2004;8;VRG;SBGR;SBGL;379,77;18662
2004;8;VRG;SBSV;SBGL;519,14;5079
2004;8;VRG;SBSP;SBBH;246,38;14968
2004;8;VRG;SBKP;SBCT;309,49;864
2004;8;VRG;SBRJ;SBBH;281,75;6834
2004;8;VRG;SBGR;SBBR;363,98;3658
2004;8;VRG;SBGR;SBCF;347,88;4345
2004;8;VRG;SBFL;SBGR;266,93;3459
2004;8;VRG;SBPA;SBGR;325,41;12778
2004;8;VRG;SBSP;SBFL;181,25;5179
2004;8;VRG;SBFZ;SBRF;324,35;3856
2004;8;VRG;SBRJ;SBVT;293,92;4869
2004;8;VRG;SBVT;SBRJ;284,76;4501
2004;8;VRG;SBBR;SBPA;732,26;2789
2004;8;VRG;SBFZ;SBBR;519,46;1696
2004;8;VRG;SBBR;SBGL;487,49;3040
2004;8;VRG;SBGR;SBFL;254,58;3312
2004;8;VRG;SBPS;SBSP;476,32;1862
2004;8;VRG;SBSP;SBPS;460,68;1316
2004;8;VRG;SBEG;SBGR;987,01;9694
2004;8;VRG;SBBR;SBGR;395,68;4514
2004;8;VSP;SBGR;SBCT;370,00;7
2004;8;VSP;SBFZ;SBRF;341,00;255
2004;8;VSP;SBBR;SBGO;182,00;62
2004;8;VSP;SBSV;SBRF;674,00;25
2004;8;VSP;SBGR;SBFZ;897,00;164
2004;8;VSP;SBBR;SBPA;549,00;103
2004;8;VSP;SBPA;SBGR;698,00;30
2004;8;VSP;SBPA;SBCT;536,00;17
2004;8;VSP;SBCY;SBSP;904,00;12
2004;8;VSP;SBCG;SBSP;842,00;14
2004;8;VSP;SBGL;SBRF;950,00;14
2004;8;VSP;SBCF;SBGR;385,00;31
2004;8;VSP;SBCT;SBSP;274,00;218
2004;8;VSP;SBMQ;SBBE;179,00;44
2004;8;VSP;SBGO;SBBR;160,00;1624
2004;8;VSP;SBVT;SBBH;195,00;158
2004;8;VSP;SBBR;SBPA;625,00;121
2004;8;VSP;SBBE;SBMQ;90,00;1206
2004;8;VSP;SBPA;SBSP;452,00;41
2004;8;VSP;SBSP;SBPS;284,00;47
2004;8;VSP;SBRF;SBGR;714,00;133
2004;8;VSP;SBKP;SBBR;621,00;6
2004;8;VSP;SBBR;SBGL;384,00;142
2004;8;VSP;SBSP;SBCG;467,00;61
2004;8;VSP;SBRF;SBGR;834,00;58
2004;8;VSP;SBPA;SBBR;625,00;154
2004;8;VSP;SBGL;SBBR;390,00;2258
2004;8;VSP;SBBR;SBKP;399,00;20
2004;8;VSP;SBFZ;SBGL;1282,00;23
2004;8;VSP;SBSP;SBBR;355,00;1055
2004;8;VSP;SBGR;SBEG;1426,00;28
2004;8;VSP;SBBR;SBGL;827,00;2
2004;8;VSP;SBPS;SBSP;797,00;11
2004;8;VSP;SBGR;SBFI;534,00;22
2004;8;VSP;SBSP;SBCY;416,00;145
2004;8;VSP;SBSP;SBPA;698,00;27
2004;8;VSP;SBCT;SBBR;548,00;64
2004;8;VSP;SBGR;SBFI;616,00;7
2004;8;VSP;SBCY;SBSP;398,00;366
2004;8;VSP;SBRF;SBGL;836,00;33
2004;8;VSP;SBRF;SBGR;674,00;297
2004;8;VSP;SBBR;SBSV;678,00;31
2004;8;VSP;SBRF;SBBR;713,00;46
2004;8;VSP;SBGO;SBBR;215,00;21
2004;8;VSP;SBGL;SBCT;464,00;25
2004;8;VSP;SBPA;SBSP;378,00;702
2004;8;VSP;SBSV;SBGL;734,00;31
2004;8;VSP;SBCT;SBBR;499,00;121
2004;8;VSP;SBGR;SBSV;867,00;55
2004;8;VSP;SBSP;SBPA;821,00;15
2004;8;VSP;SBFZ;SBBR;721,00;19
2004;8;VSP;SBMQ;SBBE;249,00;20
2004;8;VSP;SBBR;SBFZ;721,00;17
2004;8;VSP;SBSP;SBBH;326,00;54
2004;8;VSP;SBGL;SBBR;620,00;35
2004;8;VSP;SBBR;SBEG;640,00;125
2004;8;VSP;SBGR;SBSV;507,00;3418
2004;8;VSP;SBBE;SBEG;889,00;13
2004;8;VSP;SBFZ;SBGR;1136,00;16
2004;8;VSP;SBGR;SBCF;239,00;97
2004;8;VSP;SBGL;SBBR;355,00;144
2004;8;VSP;SBBH;SBSP;326,00;58
2004;8;VSP;SBRF;SBSV;207,00;154
2004;8;VSP;SBMQ;SBBE;340,00;7
2004;8;VSP;SBSP;SBBH;289,00;79
2004;8;VSP;SBCG;SBSP;427,00;154
2004;8;VSP;SBGL;SBCT;428,00;19
2004;8;VSP;SBRF;SBFZ;443,00;36
2004;8;VSP;SBSP;SBBR;689,00;88
2004;8;VSP;SBGL;SBSV;383,00;171
2004;8;VSP;SBRF;SBGR;1052,00;29
2004;8;VSP;SBEG;SBGR;1200,00;57
2004;8;VSP;SBSP;SBPS;559,00;27
2004;8;VSP;SBRJ;SBSP;249,00;15326
2004;8;VSP;SBBR;SBBE;469,00;41
2004;8;VSP;SBGR;SBFZ;987,00;18
2004;8;VSP;SBSV;SBSP;700,00;26
2004;8;VSP;SBBR;SBBH;313,00;188
2004;8;VSP;SBVT;SBBH;315,00;36
2004;8;VSP;SBSV;SBGR;636,00;366
2004;8;VSP;SBBH;SBSP;385,00;37
2004;8;VSP;SBGR;SBGL;414,00;15
2004;8;VSP;SBGR;SBFZ;1136,00;11
2004;8;VSP;SBGL;SBRF;648,00;177
2004;8;VSP;SBCT;SBPA;175,00;177
2004;8;VSP;SBBH;SBVT;315,00;29
2004;8;VSP;SBCT;SBGR;493,00;9
2004;8;VSP;SBVT;SBBH;644,00;36
2004;8;VSP;SBBH;SBVT;395,00;11
2004;8;VSP;SBBR;SBSP;390,00;1618
2004;8;VSP;SBBR;SBSP;689,00;97
2004;8;VSP;SBGR;SBEG;1073,00;195
2004;8;VSP;SBGO;SBBR;165,00;161
2004;8;VSP;SBEG;SBGR;1033,00;33
2004;8;VSP;SBCT;SBBR;997,00;1
2004;8;VSP;SBRF;SBGR;1193,00;62
2004;8;VSP;SBGR;SBSV;636,00;389
2004;8;VSP;SBGR;SBEG;1033,00;27
2004;8;VSP;SBFZ;SBRF;186,00;2702
2004;8;VSP;SBGL;SBGR;414,00;25
2004;8;VSP;SBBR;SBGL;620,00;30
2004;8;VSP;SBKP;SBBR;455,00;33
2004;8;VSP;SBSP;SBPA;616,00;33
2004;8;VSP;SBBE;SBMQ;385,00;7
2004;8;VSP;SBKP;SBBR;704,00;11
2004;8;VSP;SBGR;SBFL;523,00;17
2004;8;VSP;SBPS;SBSP;272,00;145
2004;8;VSP;SBBH;SBBR;392,00;42
2004;8;VSP;SBBR;SBEG;600,00;76
2004;8;VSP;SBBR;SBKP;319,00;54
2004;8;VSP;SBCT;SBSP;320,00;34
2004;8;VSP;SBGR;SBEG;1678,00;6
2004;8;VSP;SBSP;SBCT;249,00;48
2004;8;VSP;SBSV;SBBR;382,00;283
2004;8;VSP;SBCY;SBBR;522,00;125
2004;8;VSP;SBBE;SBBR;975,00;16
2004;8;VSP;SBBR;SBSP;446,00;471
2004;8;VSP;SBSV;SBBR;678,00;43
2004;8;VSP;SBSV;SBGR;549,00;223
2004;8;VSP;SBSV;SBSP;464,00;55
2004;8;VSP;SBFL;SBGR;615,00;6
2004;8;VSP;SBSV;SBGL;978,00;37
2004;8;VSP;SBGR;SBSV;826,00;87
2004;8;VSP;SBGR;SBPA;616,00;25
2004;8;VSP;SBGL;SBFZ;1282,00;19
2004;8;VSP;SBFL;SBGR;299,00;20
2004;8;VSP;SBCT;SBGL;250,00;167
2004;8;VSP;SBGL;SBCT;714,00;4
2004;8;VSP;SBGR;SBRF;1052,00;22
2004;8;VSP;SBEG;SBBE;599,00;212
2004;8;VSP;SBGL;SBFZ;837,00;145
2004;8;VSP;SBBR;SBKP;621,00;4
2004;8;VSP;SBEG;SBBR;777,00;46
2004;8;VSP;SBBE;SBMQ;294,00;36
2004;8;VSP;SBGL;SBPA;842,00;25
2004;8;VSP;SBRJ;SBSP;163,00;1446
2004;8;VSP;SBBH;SBVT;245,00;72
2004;8;VSP;SBKP;SBBR;319,00;76
2004;8;VSP;SBRF;SBFZ;511,00;25
2004;8;VSP;SBGR;SBCT;274,00;718
2004;8;VSP;SBBR;SBBH;245,00;1807
2004;8;VSP;SBRF;SBGL;694,00;131
2004;8;VSP;SBCT;SBSP;370,00;10
2004;8;VSP;SBBR;SBGR;689,00;61
2004;8;VSP;SBEG;SBGR;1259,00;21
2004;8;VSP;SBRF;SBBR;1011,00;18
2004;8;VSP;SBSP;SBSV;826,00;25
2004;8;VSP;SBCY;SBSP;598,00;44
2004;8;VSP;SBRF;SBGR;643,00;1612
2004;8;VSP;SBGR;SBFL;461,00;8
2004;8;VSP;SBRF;SBFZ;375,00;318
2004;8;VSP;SBBR;SBKP;369,00;66
2004;8;VSP;SBGL;SBSV;636,00;63
2004;8;VSP;SBBR;SBRF;892,00;25
2004;8;VSP;SBBR;SBGR;580,00;56
2004;8;VSP;SBFI;SBGR;534,00;13
2004;8;VSP;SBSP;SBPS;499,00;7
2004;8;VSP;SBGL;SBRF;1076,00;22
2004;8;VSP;SBCT;SBPA;473,00;3
2004;8;VSP;SBBR;SBGO;215,00;27
2004;8;VSP;SBSP;SBBR;810,00;21
2004;8;VSP;SBPA;SBCT;630,00;2
2004;8;VSP;SBGL;SBCT;369,00;36
2004;8;VSP;SBCT;SBBR;847,00;7
2004;8;VSP;SBBE;SBBR;1147,00;1
2004;8;VSP;SBFL;SBGR;338,00;13
2004;8;VSP;SBBR;SBBE;1147,00;3
2004;8;VSP;SBBR;SBSV;466,00;1613
2004;8;VSP;SBGR;SBCT;320,00;19
2004;8;VSP;SBSP;SBPA;344,00;123
2004;8;VSP;SBPA;SBSP;616,00;37
2004;8;VSP;SBSP;SBCY;638,00;23
2004;8;VSP;SBBR;SBCY;672,00;2
2004;8;VSP;SBGR;SBGL;365,00;11
2004;8;VSP;SBBR;SBRF;495,00;818
2004;8;VSP;SBBR;SBKP;538,00;39
2004;8;VSP;SBSP;SBBH;355,00;14
2004;8;VSP;SBBR;SBCT;379,00;85
2004;8;VSP;SBGL;SBBR;592,00;70
2004;8;VSP;SBCT;SBGR;419,00;13
2004;8;VSP;SBSP;SBPS;329,00;52
2004;8;VSP;SBBR;SBBH;392,00;36
2004;8;VSP;SBSP;SBBR;580,00;77
2004;8;VSP;SBCY;SBBR;612,00;15
2004;8;VSP;SBGR;SBFL;369,00;26
2004;8;VSP;SBSP;SBBR;369,00;356
2004;8;VSP;SBGR;SBFI;698,00;13
2004;8;VSP;SBGR;SBFL;218,00;83
2004;8;VSP;SBGR;SBSV;1156,00;63
2004;8;VSP;SBBR;SBCY;499,00;197
2004;8;VSP;SBBR;SBGL;703,00;13
2004;8;VSP;SBGR;SBPA;452,00;77
2004;8;VSP;SBSV;SBSP;983,00;18
2004;8;VSP;SBRF;SBGL;1266,00;4
2004;8;VSP;SBCT;SBGR;224,00;264
2004;8;VSP;SBSV;SBRF;506,00;27
2004;8;VSP;SBBR;SBGO;198,00;19
2004;8;VSP;SBBE;SBMQ;249,00;24
2004;8;VSP;SBCT;SBGL;464,00;38
2004;8;VSP;SBGL;SBGR;317,00;43
2004;8;VSP;SBBE;SBMQ;179,00;28
2004;8;VSP;SBGL;SBRF;905,00;21
2004;8;VSP;SBPS;SBSP;429,00;19
2004;8;VSP;SBSP;SBBH;259,00;425
2004;8;VSP;SBSV;SBBR;542,00;115
2004;8;VSP;SBGR;SBEG;688,00;187
2004;8;VSP;SBBR;SBGR;446,00;289
2004;8;VSP;SBEG;SBBE;749,00;20
2004;8;VSP;SBGR;SBCF;289,00;128
2004;8;VSP;SBBH;SBSP;592,00;10
2004;8;VSP;SBRF;SBGL;583,00;101
2004;8;VSP;SBEG;SBBR;573,00;1014
2004;8;VSP;SBFZ;SBGL;1017,00;26
2004;8;VSP;SBFL;SBGR;400,00;18
2004;8;VSP;SBSP;SBCT;271,00;29
2004;8;VSP;SBRF;SBSV;674,00;29
2004;8;VSP;SBSP;SBPS;379,00;35
2004;8;VSP;SBFZ;SBGL;760,00;436
2004;8;VSP;SBCT;SBSP;296,00;31
2004;8;VSP;SBGL;SBPA;655,00;22
2004;8;VSP;SBSP;SBCG;637,00;13
2004;8;VSP;SBEG;SBBR;842,00;27
2004;8;VSP;SBSP;SBSV;507,00;236
2004;8;VSP;SBFZ;SBRF;409,00;86
2004;8;VSP;SBGL;SBRF;583,00;95
2004;8;VSP;SBFZ;SBGL;907,00;30
2004;8;VSP;SBRF;SBSV;438,00;37
2004;8;VSP;SBPA;SBBR;1229,00;14
2004;8;VSP;SBGR;SBBR;689,00;46
2004;8;VSP;SBBR;SBGL;546,00;61
2004;8;VSP;SBCG;SBSP;357,00;127
2004;8;VSP;SBVT;SBBH;758,00;11
2004;8;VSP;SBBR;SBRF;773,00;37
2004;8;VSP;SBSP;SBBR;446,00;494
2004;8;VSP;SBSP;SBSV;464,00;53
2004;8;VSP;SBBR;SBEG;971,00;26
2004;8;VSP;SBBR;SBFZ;697,00;555
2004;8;VSP;SBBH;SBBR;555,00;27
2004;8;VSP;SBCT;SBGL;536,00;13
2004;8;VSP;SBPA;SBCT;473,00;1
2004;8;VSP;SBSV;SBRF;259,00;81
2004;8;VSP;SBBE;SBMQ;272,00;15
2004;8;VSP;SBGR;SBPA;375,00;199
2004;8;VSP;SBFL;SBGR;523,00;16
2004;8;VSP;SBGR;SBFL;400,00;12
2004;8;VSP;SBCG;SBSP;467,00;54
2004;8;VSP;SBMQ;SBBE;272,00;17
2004;8;VSP;SBBR;SBCT;648,00;23
2004;8;VSP;SBRF;SBSV;259,00;83
2004;8;VSP;SBBR;SBBH;653,00;13
2004;8;VSP;SBRF;SBBR;495,00;844
2004;8;VSP;SBBR;SBFZ;781,00;37
2004;8;VSP;SBCT;SBGR;296,00;21
2004;8;VSP;SBGR;SBSV;983,00;142
2004;8;VSP;SBBH;SBBR;490,00;26
2004;8;VSP;SBRF;SBGL;648,00;213
2004;8;VSP;SBGO;SBBR;182,00;57
2004;8;VSP;SBBE;SBEG;749,00;26
2004;8;VSP;SBSV;SBGR;464,00;241
2004;8;VSP;SBFL;SBGR;240,00;719
2004;8;VSP;SBBR;SBPA;1229,00;11
2004;8;VSP;SBEG;SBBR;600,00;60
2004;8;VSP;SBFZ;SBBR;1021,00;17
2004;8;VSP;SBEG;SBBE;639,00;79
2004;8;VSP;SBSV;SBBR;459,00;375
2004;8;VSP;SBRF;SBGL;905,00;42
2004;8;VSP;SBSV;SBGL;507,00;1701
2004;8;VSP;SBGL;SBSV;449,00;146
2004;8;VSP;SBSP;SBBH;592,00;13
2004;8;VSP;SBBE;SBBR;688,00;24
2004;8;VSP;SBCT;SBGL;607,00;11
2004;8;VSP;SBBE;SBEG;569,00;31
2004;8;VSP;SBEG;SBGR;1062,00;155
2004;8;VSP;SBGR;SBCF;326,00;71
2004;8;VSP;SBBR;SBBE;975,00;12
2004;8;VSP;SBRF;SBGR;784,00;153
2004;8;VSP;SBGR;SBRF;834,00;52
2004;8;VSP;SBSV;SBGL;489,00;503
2004;8;VSP;SBRF;SBSV;371,00;135
2004;8;VSP;SBCT;SBBR;435,00;35
2004;8;VSP;SBBR;SBCT;435,00;33
2004;8;VSP;SBBR;SBEG;1101,00;14
2004;8;VSP;SBPA;SBGR;411,00;131
2004;8;VSP;SBGO;SBBR;248,00;6
2004;8;VSP;SBSV;SBRF;404,00;45
2004;8;VSP;SBCY;SBBR;592,00;9
2004;8;VSP;SBPA;SBGR;616,00;22
2004;8;VSP;SBPS;SBSP;938,00;3
2004;8;VSP;SBPS;SBSP;284,00;55
2004;8;VSP;SBBR;SBGO;131,00;384
2004;8;VSP;SBPA;SBCT;315,00;43
2004;8;VSP;SBBR;SBPA;744,00;73
2004;8;VSP;SBBH;SBSP;239,00;71
2004;8;VSP;SBGR;SBBR;369,00;125
2004;8;VSP;SBPA;SBGL;743,00;13
2004;8;VSP;SBBR;SBKP;307,00;275
2004;8;VSP;SBFZ;SBBR;697,00;567
2004;8;VSP;SBBR;SBSP;580,00;91
2004;8;VSP;SBBR;SBPA;879,00;28
2004;8;VSP;SBSP;SBSV;700,00;22
2004;8;VSP;SBFI;SBGR;821,00;3
2004;8;VSP;SBBR;SBRF;713,00;40
2004;8;VSP;SBPA;SBCT;314,00;25
2004;8;VSP;SBMQ;SBBE;294,00;24
2004;8;VSP;SBBR;SBGO;165,00;141
2004;8;VSP;SBGR;SBEG;1259,00;17
2004;8;VSP;SBCT;SBSP;419,00;19
2004;8;VSP;SBRF;SBSV;180,00;2114
2004;8;VSP;SBBR;SBGL;592,00;63
2004;8;VSP;SBGL;SBPA;428,00;142
2004;8;VSP;SBBR;SBCY;542,00;34
2004;8;VSP;SBBR;SBGR;390,00;1285
2004;8;VSP;SBGR;SBCT;419,00;20
2004;8;VSP;SBBH;SBVT;186,00;715
2004;8;VSP;SBSP;SBPA;452,00;64
2004;8;VSP;SBSV;SBGR;700,00;218
2004;8;VSP;SBGR;SBFZ;937,00;87
2004;8;VSP;SBGR;SBGL;317,00;38
2004;8;VSP;SBSP;SBPS;659,00;3
2004;8;VSP;SBCT;SBGL;428,00;21
2004;8;VSP;SBGR;SBRF;1003,00;53
2004;8;VSP;SBSV;SBBR;768,00;20
2004;8;VSP;SBGR;SBFZ;1514,00;17
2004;8;VSP;SBSP;SBCT;296,00;27
2004;8;VSP;SBSP;SBBH;163,00;306
2004;8;VSP;SBFZ;SBBR;781,00;45
2004;8;VSP;SBPA;SBSP;411,00;77
2004;8;VSP;SBCY;SBBR;499,00;203
2004;8;VSP;SBBR;SBPA;601,00;312
2004;8;VSP;SBRF;SBFZ;219,00;458
2004;8;VSP;SBKP;SBBR;828,00;9
2004;8;VSP;SBFZ;SBRF;269,00;397
2004;8;VSP;SBBH;SBBR;424,00;39
2004;8;VSP;SBBE;SBEG;639,00;75
2004;8;VSP;SBCG;SBSP;717,00;77
2004;8;VSP;SBGO;SBBR;131,00;326
2004;8;VSP;SBSP;SBCY;398,00;388
2004;8;VSP;SBKP;SBBR;369,00;64
2004;8;VSP;SBGR;SBFI;821,00;4
2004;8;VSP;SBBH;SBVT;758,00;18
2004;8;VSP;SBBR;SBGL;501,00;136
2004;8;VSP;SBSV;SBRF;371,00;116
2004;8;VSP;SBCY;SBSP;416,00;198
2004;8;VSP;SBSV;SBSP;1156,00;2
2004;8;VSP;SBGR;SBPA;493,00;51
2004;8;VSP;SBCT;SBBR;379,00;97
2004;8;VSP;SBBR;SBGO;330,00;8
2004;8;VSP;SBGL;SBSV;978,00;25
2004;8;VSP;SBFL;SBGR;249,00;63
2004;8;VSP;SBBE;SBMQ;453,00;1
2004;8;VSP;SBRF;SBFZ;409,00;76
2004;8;VSP;SBSP;SBCT;320,00;31
2004;8;VSP;SBFI;SBGR;698,00;18
2004;8;VSP;SBGR;SBRF;1193,00;71
2004;8;VSP;SBBR;SBRF;1189,00;8
2004;8;VSP;SBEG;SBGR;688,00;189
2004;8;VSP;SBPA;SBSP;375,00;154
2004;8;VSP;SBBR;SBGO;281,00;19
2004;8;VSP;SBCT;SBPA;315,00;29
2004;8;VSP;SBSV;SBSP;763,00;33
2004;8;VSP;SBRF;SBBR;892,00;20
2004;8;VSP;SBBR;SBFZ;661,00;61
2004;8;VSP;SBSP;SBPS;272,00;134
2004;8;VSP;SBBR;SBSV;424,00;502
2004;8;VSP;SBGL;SBSV;538,00;339
2004;8;VSP;SBGL;SBFZ;907,00;38
2004;8;VSP;SBGR;SBRF;1403,00;27
2004;8;VSP;SBBR;SBSV;382,00;225
2004;8;VSP;SBFZ;SBGR;827,00;213
2004;8;VSP;SBBH;SBVT;275,00;44
2004;8;VSP;SBCT;SBPA;630,00;4
2004;8;VSP;SBBH;SBBR;285,00;189
2004;8;VSP;SBCT;SBGL;714,00;1
2004;8;VSP;SBCT;SBPA;159,00;87
2004;8;VSP;SBPA;SBGL;708,00;37
2004;8;VSP;SBVT;SBBH;245,00;62
2004;8;VSP;SBRF;SBGL;766,00;129
2004;8;VSP;SBGR;SBGL;292,00;39
2004;8;VSP;SBBR;SBGO;150,00;145
2004;8;VSP;SBBR;SBSP;608,00;38
2004;8;VSP;SBSV;SBGR;826,00;102
2004;8;VSP;SBCT;SBSP;249,00;51
2004;8;VSP;SBBH;SBSP;444,00;5
2004;8;VSP;SBBH;SBSP;260,00;3913
2004;8;VSP;SBSP;SBCT;370,00;15
2004;8;VSP;SBGR;SBSV;763,00;69
2004;8;VSP;SBGR;SBBR;390,00;1318
2004;8;VSP;SBGR;SBRF;674,00;244
2004;8;VSP;SBBR;SBGL;390,00;2375
2004;8;VSP;SBSP;SBPA;378,00;688
2004;8;VSP;SBRF;SBFZ;186,00;2564
2004;8;VSP;SBBH;SBVT;215,00;136
2004;8;VSP;SBGR;SBSV;700,00;245
2004;8;VSP;SBBR;SBBH;424,00;32
2004;8;VSP;SBBE;SBEG;505,00;789
2004;8;VSP;SBGL;SBFZ;1017,00;31
2004;8;VSP;SBCG;SBSP;397,00;147
2004;8;VSP;SBBR;SBCY;577,00;9
2004;8;VSP;SBBH;SBVT;355,00;36
2004;8;VSP;SBVT;SBBH;395,00;14
2004;8;VSP;SBSV;SBRF;180,00;2236
2004;8;VSP;SBGL;SBSV;489,00;518
2004;8;VSP;SBSP;SBPA;493,00;47
2004;8;VSP;SBBR;SBPA;811,00;33
2004;8;VSP;SBBR;SBGL;439,00;241
2004;8;VSP;SBCT;SBBR;648,00;20
2004;8;VSP;SBBE;SBEG;1031,00;7
2004;8;VSP;SBSP;SBSV;763,00;31
2004;8;VSP;SBBR;SBGR;355,00;143
2004;8;VSP;SBGL;SBRF;1266,00;9
2004;8;VSP;SBGR;SBFL;249,00;59
2004;8;VSP;SBPA;SBGR;344,00;255
2004;8;VSP;SBSP;SBSV;1156,00;1
2004;8;VSP;SBBH;SBSP;289,00;71
2004;8;VSP;SBCT;SBSP;493,00;10
2004;8;VSP;SBGL;SBGR;292,00;33
2004;8;VSP;SBGR;SBPA;698,00;46
2004;8;VSP;SBCY;SBSP;797,00;15
2004;8;VSP;SBFZ;SBGR;1514,00;17
2004;8;VSP;SBFZ;SBGL;1508,00;4
2004;8;VSP;SBGR;SBSV;464,00;229
2004;8;VSP;SBPA;SBBR;549,00;113
2004;8;VSP;SBRF;SBSV;506,00;23
2004;8;VSP;SBFZ;SBGR;1047,00;60
2004;8;VSP;SBBE;SBMQ;139,00;132
2004;8;VSP;SBGL;SBCT;306,00;313
2004;8;VSP;SBSV;SBGL;383,00;148
2004;8;VSP;SBBH;SBSP;259,00;621
2004;8;VSP;SBGL;SBRF;836,00;29
2004;8;VSP;SBGR;SBCT;224,00;240
2004;8;VSP;SBCF;SBGR;239,00;168
2004;8;VSP;SBPA;SBGL;655,00;27
2004;8;VSP;SBGR;SBCF;444,00;13
2004;8;VSP;SBSP;SBCY;904,00;9
2004;8;VSP;SBCT;SBPA;397,00;5
2004;8;VSP;SBBE;SBBR;409,00;1612
2004;8;VSP;SBPA;SBGL;600,00;37
2004;8;VSP;SBSP;SBBR;491,00;388
2004;8;VSP;SBBH;SBSP;503,00;27
2004;8;VSP;SBGO;SBBR;281,00;20
2004;8;VSP;SBCT;SBBR;598,00;19
2004;8;VSP;SBBR;SBBE;529,00;72
2004;8;VSP;SBCY;SBSP;456,00;106
2004;8;VSP;SBFI;SBGR;616,00;9
2004;8;VSP;SBCF;SBGR;592,00;2
2004;8;VSP;SBCF;SBGR;289,00;154
2004;8;VSP;SBSP;SBBH;444,00;6
2004;8;VSP;SBMQ;SBBE;90,00;1162
2004;8;VSP;SBCT;SBPA;177,00;55
2004;8;VSP;SBSP;SBPA;534,00;39
2004;8;VSP;SBSV;SBGL;636,00;44
2004;8;VSP;SBBR;SBRF;654,00;33
2004;8;VSP;SBPA;SBGR;534,00;45
2004;8;VSP;SBCY;SBSP;638,00;25
2004;8;VSP;SBSV;SBSP;507,00;257
2004;8;VSP;SBFL;SBGR;369,00;25
2004;8;VSP;SBBR;SBBH;555,00;18
2004;8;VSP;SBBR;SBCY;833,00;1
2004;8;VSP;SBBR;SBCT;499,00;108
2004;8;VSP;SBBR;SBKP;497,00;13
2004;8;VSP;SBGR;SBPA;378,00;1948
2004;8;VSP;SBBR;SBGR;608,00;19
2004;8;VSP;SBBH;SBVT;644,00;27
2004;8;VSP;SBBR;SBEG;573,00;921
2004;8;VSP;SBGL;SBFZ;957,00;44
2004;8;VSP;SBPS;SBSP;379,00;30
2004;8;VSP;SBSV;SBSP;636,00;39
2004;8;VSP;SBSP;SBCG;427,00;158
2004;8;VSP;SBBR;SBEG;670,00;133
2004;8;VSP;SBPS;SBSP;559,00;21
2004;8;VSP;SBPA;SBGL;428,00;109
2004;8;VSP;SBGR;SBCF;503,00;53
2004;8;VSP;SBSV;SBRF;337,00;103
2004;8;VSP;SBGL;SBFZ;867,00;62
2004;8;VSP;SBEG;SBGR;1678,00;10
2004;8;VSP;SBBR;SBCY;592,00;5
2004;8;VSP;SBSP;SBBR;390,00;1426
2004;8;VSP;SBBE;SBBR;589,00;141
2004;8;VSP;SBSP;SBSV;983,00;12
2004;8;VSP;SBCF;SBGR;326,00;62
2004;8;VSP;SBCT;SBGL;369,00;41
2004;8;VSP;SBKP;SBBR;497,00;12
2004;8;VSP;SBGR;SBFL;240,00;706
2004;8;VSP;SBFZ;SBGR;1287,00;17
2004;8;VSP;SBFZ;SBGR;867,00;209
2004;8;VSP;SBFZ;SBGL;867,00;51
2004;8;VSP;SBPA;SBSP;344,00;187
2004;8;VSP;SBBR;SBBE;409,00;1708
2004;8;VSP;SBSP;SBCY;797,00;18
2004;8;VSP;SBGL;SBPA;516,00;119
2004;8;VSP;SBRF;SBBR;558,00;173
2004;8;VSP;SBSP;SBCG;357,00;102
2004;8;VSP;SBGR;SBPA;821,00;21
2004;8;VSP;SBCG;SBSP;321,00;556
2004;8;VSP;SBPA;SBBR;744,00;79
2004;8;VSP;SBGR;SBCF;355,00;33
2004;8;VSP;SBFZ;SBBR;661,00;44
2004;8;VSP;SBGL;SBFZ;760,00;388
2004;8;VSP;SBFZ;SBRF;579,00;62
2004;8;VSP;SBBR;SBFZ;1201,00;2
2004;8;VSP;SBSP;SBCG;517,00;25
2004;8;VSP;SBEG;SBGR;1179,00;144
2004;8;VSP;SBSV;SBGR;763,00;88
2004;8;VSP;SBPA;SBGR;452,00;83
2004;8;VSP;SBCT;SBGL;306,00;365
2004;8;VSP;SBSP;SBPS;797,00;8
2004;8;VSP;SBBR;SBBE;418,00;72
2004;8;VSP;SBGL;SBPA;708,00;33
2004;8;VSP;SBBE;SBBR;418,00;91
2004;8;VSP;SBGL;SBPA;600,00;45
2004;8;VSP;SBSP;SBBH;503,00;25
2004;8;VSP;SBPA;SBBR;922,00;25
2004;8;VSP;SBGR;SBCF;260,00;706
2004;8;VSP;SBBR;SBRF;1011,00;26
2004;8;VSP;SBSP;SBPA;411,00;81
2004;8;VSP;SBBR;SBCT;748,00;3
2004;8;VSP;SBCY;SBSP;501,00;133
2004;8;VSP;SBBE;SBMQ;340,00;9
2004;8;VSP;SBGR;SBBR;608,00;18
2004;8;VSP;SBEG;SBBE;689,00;10
2004;8;VSP;SBGL;SBCT;607,00;16
2004;8;VSP;SBMQ;SBBE;139,00;143
2004;8;VSP;SBGR;SBFZ;1287,00;20
2004;8;VSP;SBBE;SBBR;746,00;20
2004;8;VSP;SBPA;SBSP;493,00;52
2004;8;VSP;SBRF;SBFZ;269,00;413
2004;8;VSP;SBSV;SBBR;424,00;491
2004;8;VSP;SBMQ;SBBE;227,00;39
2004;8;VSP;SBEG;SBBE;505,00;801
2004;8;VSP;SBGR;SBPA;534,00;50
2004;8;VSP;SBEG;SBBE;809,00;5
2004;8;VSP;SBFZ;SBRF;681,00;37
2004;8;VSP;SBBR;SBSV;459,00;387
2004;8;VSP;SBGR;SBBR;446,00;301
2004;8;VSP;SBCY;SBBR;542,00;39
2004;8;VSP;SBSV;SBGL;538,00;418
2004;8;VSP;SBPA;SBBR;1045,00;10
2004;8;VSP;SBEG;SBBR;712,00;87
2004;8;VSP;SBPA;SBCT;397,00;7
2004;8;VSP;SBFL;SBGR;218,00;91
2004;8;VSP;SBBR;SBKP;704,00;19
2004;8;VSP;SBGL;SBGR;268,00;64
2004;8;VSP;SBSV;SBSP;549,00;43
2004;8;VSP;SBRF;SBBR;595,00;68
2004;8;VSP;SBSP;SBBH;385,00;31
2004;8;VSP;SBBR;SBSP;535,00;141
2004;8;VSP;SBFZ;SBRF;219,00;426
2004;8;VSP;SBCT;SBSP;224,00;258
2004;8;VSP;SBBR;SBKP;455,00;35
2004;8;VSP;SBCF;SBGR;355,00;35
2004;8;VSP;SBSV;SBRF;207,00;126
2004;8;VSP;SBSV;SBGR;1156,00;55
2004;8;VSP;SBEG;SBGR;755,00;402
2004;8;VSP;SBBR;SBCY;612,00;13
2004;8;VSP;SBVT;SBBH;215,00;146
2004;8;VSP;SBBR;SBSV;542,00;106
2004;8;VSP;SBGL;SBGR;249,00;2853
2004;8;VSP;SBGL;SBCT;250,00;158
2004;8;VSP;SBMQ;SBBE;453,00;3
2004;8;VSP;SBGR;SBCT;249,00;75
2004;8;VSP;SBFZ;SBGL;1131,00;26
2004;8;VSP;SBPA;SBBR;811,00;39
2004;8;VSP;SBGO;SBBR;198,00;21
2004;8;VSP;SBFZ;SBGR;897,00;166
2004;8;VSP;SBPA;SBGL;398,00;88
2004;8;VSP;SBBR;SBEG;777,00;39
2004;8;VSP;SBSP;SBBH;260,00;3812
2004;8;VSP;SBPA;SBCT;431,00;23
2004;8;VSP;SBBR;SBCT;407,00;255
2004;8;VSP;SBPA;SBSP;534,00;30
2004;8;VSP;SBBH;SBBR;653,00;11
2004;8;VSP;SBCG;SBSP;577,00;42
2004;8;VSP;SBGL;SBCT;319,00;45
2004;8;VSP;SBSP;SBCT;419,00;22
2004;8;VSP;SBGL;SBPA;991,00;3
2004;8;VSP;SBBE;SBMQ;227,00;32
2004;8;VSP;SBCG;SBSP;637,00;10
2004;8;VSP;SBPA;SBGR;375,00;239
2004;8;VSP;SBPS;SBSP;659,00;8
2004;8;VSP;SBBE;SBEG;689,00;11
2004;8;VSP;SBBR;SBSP;355,00;827
2004;8;VSP;SBGL;SBBR;501,00;130
2004;8;VSP;SBSP;SBBR;608,00;27
2004;8;VSP;SBCY;SBSP;1063,00;9
2004;8;VSP;SBSV;SBGL;831,00;61
2004;8;VSP;SBFZ;SBGR;987,00;24
2004;8;VSP;SBCT;SBGL;278,00;124
2004;8;VSP;SBCT;SBPA;536,00;13
2004;8;VSP;SBSV;SBBR;497,00;197
2004;8;VSP;SBPA;SBCT;175,00;188
2004;8;VSP;SBBE;SBBR;860,00;13
2004;8;VSP;SBBR;SBSV;768,00;24
2004;8;VSP;SBSV;SBGR;867,00;63
2004;8;VSP;SBSP;SBCY;456,00;119
2004;8;VSP;SBCT;SBGR;274,00;756
2004;8;VSP;SBFZ;SBBR;635,00;421
2004;8;VSP;SBGR;SBRF;714,00;129
2004;8;VSP;SBGR;SBBR;535,00;60
2004;8;VSP;SBSV;SBRF;573,00;49
2004;8;VSP;SBGL;SBSV;507,00;1812
2004;8;VSP;SBGR;SBPA;344,00;153
2004;8;VSP;SBPA;SBGR;493,00;57
2004;8;VSP;SBBR;SBCY;557,00;31
2004;8;VSP;SBBH;SBBR;245,00;1875
2004;8;VSP;SBSP;SBSV;549,00;37
2004;8;VSP;SBBR;SBGL;355,00;171
2004;8;VSP;SBRF;SBBR;518,00;213
2004;8;VSP;SBSP;SBCT;224,00;239
2004;8;VSP;SBBR;SBSV;904,00;15
2004;8;VSP;SBRF;SBFZ;579,00;77
2004;8;VSP;SBGR;SBRF;784,00;136
2004;8;VSP;SBBR;SBEG;1295,00;2
2004;8;VSP;SBGR;SBBR;580,00;64
2004;8;VSP;SBRF;SBSV;337,00;98
2004;8;VSP;SBSP;SBCT;274,00;215
2004;8;VSP;SBCY;SBSP;691,00;57
2004;8;VSP;SBEG;SBGR;1426,00;20
2004;8;VSP;SBGL;SBSV;734,00;27
2004;8;VSP;SBPA;SBGL;842,00;30
2004;8;VSP;SBPA;SBGL;371,00;1408
2004;8;VSP;SBBR;SBSP;810,00;14
2004;8;VSP;SBCF;SBGR;503,00;76
2004;8;VSP;SBFZ;SBRF;375,00;306
2004;8;VSP;SBSP;SBPS;429,00;21
2004;8;VSP;SBGR;SBEG;1179,00;125
2004;8;VSP;SBEG;SBGR;1073,00;189
2004;8;VSP;SBBR;SBRF;558,00;161
2004;8;VSP;SBCF;SBGR;260,00;754
2004;8;VSP;SBGL;SBGR;487,00;13
2004;8;VSP;SBGR;SBFI;493,00;377
2004;8;VSP;SBFZ;SBGR;789,00;2755
2004;8;VSP;SBSV;SBGR;507,00;3556
2004;8;VSP;SBVT;SBBH;355,00;34
2004;8;VSP;SBSV;SBGL;449,00;192
2004;8;VSP;SBMQ;SBBE;385,00;6
2004;8;VSP;SBFZ;SBGL;957,00;48
2004;8;VSP;SBBR;SBRF;518,00;204
2004;8;VSP;SBGL;SBCT;278,00;119
2004;8;VSP;SBBR;SBCY;522,00;116
2004;8;VSP;SBEG;SBBE;529,00;21
2004;8;VSP;SBGL;SBFZ;1508,00;9
2004;8;VSP;SBGL;SBBR;439,00;250
2004;8;VSP;SBBH;SBVT;195,00;154
2004;8;VSP;SBBR;SBEG;712,00;91
2004;8;VSP;SBFZ;SBBR;1201,00;3
2004;8;VSP;SBSV;SBSP;826,00;23
2004;8;VSP;SBGR;SBBR;491,00;145
2004;8;VSP;SBSP;SBRJ;163,00;1318
2004;8;VSP;SBGO;SBBR;330,00;5
2004;8;VSP;SBEG;SBBE;569,00;30
2004;8;VSP;SBRF;SBSV;404,00;44
2004;8;VSP;SBBR;SBCT;598,00;17
2004;8;VSP;SBSV;SBBR;904,00;9
2004;8;VSP;SBRF;SBSV;573,00;38
2004;8;VSP;SBGL;SBBR;827,00;8
2004;8;VSP;SBSP;SBCG;397,00;133
2004;8;VSP;SBRF;SBGL;1076,00;18
2004;8;VSP;SBVT;SBBH;186,00;755
2004;8;VSP;SBGL;SBPA;398,00;101
2004;8;VSP;SBCT;SBGR;370,00;13
2004;8;VSP;SBBR;SBBE;746,00;29
2004;8;VSP;SBGR;SBFL;615,00;3
2004;8;VSP;SBCG;SBSP;517,00;31
2004;8;VSP;SBPS;SBSP;329,00;45
2004;8;VSP;SBGR;SBFZ;827,00;195
2004;8;VSP;SBFZ;SBGL;797,00;127
2004;8;VSP;SBCT;SBBR;748,00;2
2004;8;VSP;SBGR;SBCT;296,00;16
2004;8;VSP;SBRF;SBGR;744,00;203
2004;8;VSP;SBSV;SBRF;438,00;44
2004;8;VSP;SBGR;SBEG;755,00;396
2004;8;VSP;SBGR;SBRF;744,00;189
2004;8;VSP;SBGR;SBBR;810,00;18
2004;8;VSP;SBKP;SBBR;399,00;28
2004;8;VSP;SBBR;SBBE;589,00;124
2004;8;VSP;SBSV;SBGR;983,00;162
2004;8;VSP;SBGL;SBBR;384,00;134
2004;8;VSP;SBBR;SBGR;535,00;77
2004;8;VSP;SBBR;SBGO;248,00;9
2004;8;VSP;SBGR;SBCT;493,00;13
2004;8;VSP;SBSP;SBBR;535,00;134
2004;8;VSP;SBPA;SBCT;177,00;70
2004;8;VSP;SBRF;SBGR;1003,00;58
2004;8;VSP;SBSP;SBCY;501,00;125
2004;8;VSP;SBBR;SBGR;810,00;25
2004;8;VSP;SBBH;SBSP;163,00;296
2004;8;VSP;SBBE;SBEG;809,00;4
2004;8;VSP;SBFZ;SBBR;901,00;7
2004;8;VSP;SBBR;SBBE;860,00;15
2004;8;VSP;SBEG;SBBE;1031,00;9
2004;8;VSP;SBCT;SBBR;407,00;274
2004;8;VSP;SBGR;SBCF;259,00;129
2004;8;VSP;SBCF;SBGR;259,00;139
2004;8;VSP;SBBR;SBCT;847,00;6
2004;8;VSP;SBGL;SBSV;587,00;65
2004;8;VSP;SBBR;SBBH;490,00;29
2004;8;VSP;SBSP;SBSV;867,00;14
2004;8;VSP;SBGL;SBRF;766,00;118
2004;8;VSP;SBCT;SBGR;249,00;65
2004;8;VSP;SBBR;SBCY;752,00;5
2004;8;VSP;SBEG;SBBR;670,00;142
2004;8;VSP;SBCT;SBPA;431,00;19
2004;8;VSP;SBRF;SBGL;571,00;1508
2004;8;VSP;SBKP;SBBR;538,00;17
2004;8;VSP;SBBE;SBBR;469,00;47
2004;8;VSP;SBSP;SBCY;1063,00;4
2004;8;VSP;SBPA;SBBR;601,00;356
2004;8;VSP;SBGR;SBFZ;867,00;188
2004;8;VSP;SBGR;SBCF;592,00;4
2004;8;VSP;SBGL;SBRF;694,00;147
2004;8;VSP;SBFZ;SBRF;443,00;41
2004;8;VSP;SBGL;SBPA;371,00;1335
2004;8;VSP;SBGL;SBRF;571,00;1416
2004;8;VSP;SBGL;SBBR;546,00;66
2004;8;VSP;SBSP;SBCT;493,00;6
2004;8;VSP;SBCF;SBGR;444,00;8
2004;8;VSP;SBPA;SBSP;698,00;39
2004;8;VSP;SBCT;SBGR;320,00;30
2004;8;VSP;SBSP;SBCG;717,00;61
2004;8;VSP;SBFZ;SBGR;937,00;79
2004;8;VSP;SBGR;SBBR;355,00;189
2004;8;VSP;SBGR;SBSV;549,00;200
2004;8;VSP;SBCY;SBBR;672,00;3
2004;8;VSP;SBGR;SBCT;271,00;71
2004;8;VSP;SBSV;SBBR;466,00;1681
2004;8;VSP;SBPA;SBBR;677,00;127
2004;8;VSP;SBPA;SBSP;821,00;13
2004;8;VSP;SBBH;SBBR;359,00;281
2004;8;VSP;SBBH;SBSP;355,00;17
2004;8;VSP;SBSP;SBCG;321,00;462
2004;8;VSP;SBBR;SBSP;491,00;355
2004;8;VSP;SBSP;SBBH;239,00;69
2004;8;VSP;SBPA;SBGR;821,00;25
2004;8;VSP;SBGR;SBGL;487,00;11
2004;8;VSP;SBCT;SBSP;271,00;33
2004;8;VSP;SBGR;SBGL;268,00;56
2004;8;VSP;SBBR;SBBH;285,00;104
2004;8;VSP;SBBR;SBGO;160,00;1613
2004;8;VSP;SBBE;SBEG;599,00;205
2004;8;VSP;SBRF;SBGR;1403,00;37
2004;8;VSP;SBSV;SBSP;867,00;12
2004;8;VSP;SBGL;SBFZ;1131,00;20
2004;8;VSP;SBCT;SBPA;314,00;33
2004;8;VSP;SBBR;SBPA;677,00;143
2004;8;VSP;SBFI;SBGR;493,00;375
2004;8;VSP;SBBH;SBBR;313,00;254
2004;8;VSP;SBBE;SBBR;529,00;92
2004;8;VSP;SBFL;SBGR;461,00;9
2004;8;VSP;SBRF;SBBR;773,00;26
2004;8;VSP;SBBE;SBEG;529,00;27
2004;8;VSP;SBEG;SBBR;1101,00;29
2004;8;VSP;SBGR;SBPA;411,00;146
2004;8;VSP;SBRF;SBGL;950,00;19
2004;8;VSP;SBCY;SBBR;577,00;7
2004;8;VSP;SBGR;SBCF;385,00;36
2004;8;VSP;SBPA;SBBR;879,00;21
2004;8;VSP;SBSP;SBPA;375,00;145
2004;8;VSP;SBGR;SBRF;643,00;1554
2004;8;VSP;SBRF;SBFZ;681,00;25
2004;8;VSP;SBPA;SBGR;378,00;1818
2004;8;VSP;SBBR;SBPA;922,00;21
2004;8;VSP;SBGR;SBFZ;1047,00;72
2004;8;VSP;SBBR;SBSP;369,00;351
2004;8;VSP;SBBR;SBKP;828,00;6
2004;8;VSP;SBGR;SBEG;1062,00;132
2004;8;VSP;SBPA;SBGL;516,00;123
2004;8;VSP;SBGL;SBSV;831,00;64
2004;8;VSP;SBGR;SBFL;338,00;17
2004;8;VSP;SBGR;SBEG;1200,00;44
2004;8;VSP;SBPA;SBGL;991,00;8
2004;8;VSP;SBBR;SBRF;595,00;81
2004;8;VSP;SBRF;SBFZ;341,00;289
2004;8;VSP;SBRF;SBBR;1189,00;4
2004;8;VSP;SBSP;SBCY;598,00;47
2004;8;VSP;SBCY;SBBR;557,00;23
2004;8;VSP;SBKP;SBBR;307,00;219
2004;8;VSP;SBSP;SBCG;577,00;27
2004;8;VSP;SBSP;SBSV;636,00;35
2004;8;VSP;SBEG;SBBE;889,00;10
2004;8;VSP;SBBR;SBBE;688,00;19
2004;8;VSP;SBSP;SBPS;938,00;1
2004;8;VSP;SBSV;SBBR;588,00;50
2004;8;VSP;SBRF;SBBR;654,00;25
2004;8;VSP;SBSV;SBGL;587,00;68
2004;8;VSP;SBGL;SBBR;703,00;12
2004;8;VSP;SBGR;SBGL;249,00;2877
2004;8;VSP;SBVT;SBBH;275,00;50
2004;8;VSP;SBEG;SBBR;971,00;28
2004;8;VSP;SBGL;SBPA;743,00;11
2004;8;VSP;SBGL;SBGR;365,00;13
2004;8;VSP;SBCY;SBBR;833,00;2
2004;8;VSP;SBBR;SBFZ;635,00;408
2004;8;VSP;SBSP;SBCY;691,00;63
2004;8;VSP;SBBR;SBCT;548,00;70
2004;8;VSP;SBBR;SBSV;588,00;46
2004;8;VSP;SBPS;SBSP;499,00;5
2004;8;VSP;SBBR;SBSV;497,00;223
2004;8;VSP;SBFZ;SBGL;837,00;148
2004;8;VSP;SBBR;SBFZ;901,00;5
2004;8;VSP;SBSP;SBCG;842,00;8
2004;8;VSP;SBGO;SBBR;150,00;172
2004;8;VSP;SBBR;SBCT;997,00;2
2004;8;VSP;SBGL;SBFZ;797,00;167
2004;8;VSP;SBBR;SBPA;1045,00;25
2004;8;VSP;SBGL;SBCT;536,00;8
2004;8;VSP;SBGR;SBFL;299,00;46
2004;8;VSP;SBBR;SBEG;842,00;38
2004;8;VSP;SBGR;SBFZ;789,00;2618
2004;8;VSP;SBCT;SBGR;271,00;62
2004;8;VSP;SBSP;SBRJ;249,00;16137
2004;8;VSP;SBBR;SBFZ;1021,00;13
2004;8;VSP;SBFZ;SBRF;511,00;45
2004;8;VSP;SBEG;SBBR;640,00;88
2004;8;VSP;SBCY;SBBR;752,00;6
2004;8;VSP;SBCT;SBGL;319,00;40
2004;8;VSP;SBBR;SBGR;369,00;177
2004;8;VSP;SBBR;SBBH;359,00;277
2004;8;VSP;SBBR;SBGR;491,00;133
2004;8;VSP;SBPA;SBCT;159,00;80
2004;8;VSP;SBEG;SBBR;1295,00;9
