ANO;MES;EMPRESA;ORIGEM;DESTINO;TARIFA;ASSENTOS
2004;3;GLO;SBKP;SBCT;239,07;707
2004;3;GLO;SBSV;SBRF;163,63;52
2004;3;GLO;SBPA;SBSP;337,71;89
2004;3;GLO;SBFL;SBGL;422,00;3
2004;3;GLO;SBRJ;SBPA;259,26;151
2004;3;GLO;SBBR;SBBH;207,00;47
2004;3;GLO;SBFL;SBSP;208,00;6
2004;3;GLO;SBSP;SBFL;241,72;427
2004;3;GLO;SBPA;SBRJ;160,50;36
2004;3;GLO;SBGR;SBGL;408,50;2
2004;3;GLO;SBFL;SBPA;116,54;1646
2004;3;GLO;SBBH;SBKP;232,00;1
2004;3;GLO;SBRF;SBSV;167,44;2014
2004;3;GLO;SBRJ;SBPA;262,23;31
2004;3;GLO;SBSV;SBBR;202,11;485
2004;3;GLO;SBKP;SBBH;122,55;1275
2004;3;GLO;SBPA;SBGL;284,72;475
2004;3;GLO;SBBR;SBCT;304,66;1632
2004;3;GLO;SBGL;SBPA;385,73;61
2004;3;GLO;SBRF;SBFZ;156,91;1395
2004;3;GLO;SBCT;SBGL;224,00;6
2004;3;GLO;SBPA;SBFL;137,45;608
2004;3;GLO;SBSP;SBNF;280,42;17
2004;3;GLO;SBGR;SBFL;78,50;995
2004;3;GLO;SBRJ;SBBH;150,98;5247
2004;3;GLO;SBRJ;SBVT;152,51;4440
2004;3;GLO;SBBH;SBKP;146,26;199
2004;3;GLO;SBCT;SBBR;268,23;997
2004;3;GLO;SBBE;SBMQ;122,07;2324
2004;3;GLO;SBKP;SBBR;398,00;1
2004;3;GLO;SBCT;SBBR;255,98;63
2004;3;GLO;SBVT;SBRJ;342,00;1
2004;3;GLO;SBBR;SBFZ;384,00;384
2004;3;GLO;SBRJ;SBKP;249,00;1
2004;3;GLO;SBSP;SBBR;338,00;84
2004;3;GLO;SBBH;SBBR;243,42;2864
2004;3;GLO;SBSP;SBGL;132,00;17
2004;3;GLO;SBGL;SBPA;331,29;127
2004;3;GLO;SBGL;SBRF;574,45;51
2004;3;GLO;SBPA;SBGR;298,00;69
2004;3;GLO;SBSV;SBGR;183,50;2881
2004;3;GLO;SBKP;SBBH;132,00;34
2004;3;GLO;SBBH;SBCT;126,16;934
2004;3;GLO;SBSV;SBGR;212,25;3599
2004;3;GLO;SBVT;SBRJ;215,00;1
2004;3;GLO;SBBH;SBRJ;216,89;73
2004;3;GLO;SBFZ;SBBR;536,02;35
2004;3;GLO;SBBE;SBMQ;100,00;23
2004;3;GLO;SBSP;SBPA;430,78;215
2004;3;GLO;SBRJ;SBBR;372,79;372
2004;3;GLO;SBSP;SBCT;209,14;1622
2004;3;GLO;SBPS;SBSP;101,50;12
2004;3;GLO;SBGL;SBSV;229,98;212
2004;3;GLO;SBSV;SBBR;407,20;21
2004;3;GLO;SBPA;SBSP;435,32;220
2004;3;GLO;SBBR;SBBH;326,00;2
2004;3;GLO;SBGL;SBFL;302,78;69
2004;3;GLO;SBCT;SBPA;213,98;95
2004;3;GLO;SBGR;SBSV;176,32;1771
2004;3;GLO;SBSP;SBRJ;281,05;37
2004;3;GLO;SBCT;SBRJ;200,80;211
2004;3;GLO;SBBR;SBSV;214,51;287
2004;3;GLO;SBPA;SBFL;302,00;1
2004;3;GLO;SBFL;SBGR;247,48;5
2004;3;GLO;SBBR;SBSP;342,78;19
2004;3;GLO;SBSP;SBPS;101,50;14
2004;3;GLO;SBSP;SBNF;100,00;1
2004;3;GLO;SBBR;SBSV;493,00;1
2004;3;GLO;SBKP;SBCT;317,00;14
2004;3;GLO;SBFL;SBSP;80,00;2
2004;3;GLO;SBPA;SBGR;126,18;2195
2004;3;GLO;SBGR;SBGL;399,00;18
2004;3;GLO;SBPA;SBGL;160,73;99
2004;3;GLO;SBSP;SBGO;150,00;3
2004;3;GLO;SBCT;SBPA;150,00;2
2004;3;GLO;SBRF;SBGL;577,32;46
2004;3;GLO;SBBH;SBRJ;100,00;19
2004;3;GLO;SBFL;SBSP;202,51;15
2004;3;GLO;SBSP;SBBH;188,00;10
2004;3;GLO;SBSV;SBBR;237,02;254
2004;3;GLO;SBCT;SBBR;424,57;20
2004;3;GLO;SBBR;SBSP;483,35;42
2004;3;GLO;SBSP;SBPA;357,95;720
2004;3;GLO;SBCT;SBBH;183,00;118
2004;3;GLO;SBGL;SBSP;124,67;3
2004;3;GLO;SBFL;SBSP;368,00;2
2004;3;GLO;SBRJ;SBFL;76,86;52
2004;3;GLO;SBGO;SBSP;346,41;12
2004;3;GLO;SBPA;SBCT;150,15;133
2004;3;GLO;SBFL;SBBR;197,25;638
2004;3;GLO;SBRJ;SBBH;210,11;358
2004;3;GLO;SBCT;SBSP;263,58;986
2004;3;GLO;SBBR;SBSV;452,09;27
2004;3;GLO;SBBH;SBSP;284,94;968
2004;3;GLO;SBPA;SBBR;413,05;593
2004;3;GLO;SBSP;SBPS;292,50;2
2004;3;GLO;SBFL;SBSP;100,00;11
2004;3;GLO;SBSV;SBGL;250,00;1
2004;3;GLO;SBBR;SBSP;309,82;2145
2004;3;GLO;SBKP;SBBH;195,00;1
2004;3;GLO;SBKP;SBRJ;248,92;1350
2004;3;GLO;SBSP;SBBR;344,19;3306
2004;3;GLO;SBSP;SBPA;132,19;45
2004;3;GLO;SBFZ;SBBR;630,14;449
2004;3;GLO;SBCT;SBSP;100,00;10
2004;3;GLO;SBGL;SBFL;313,49;10
2004;3;GLO;SBSP;SBBH;417,00;4
2004;3;GLO;SBCT;SBRJ;279,75;4
2004;3;GLO;SBSP;SBPA;114,28;40
2004;3;GLO;SBGL;SBSV;167,85;627
2004;3;GLO;SBBH;SBSP;238,03;3458
2004;3;GLO;SBRF;SBGL;448,56;67
2004;3;GLO;SBSP;SBVT;199,94;360
2004;3;GLO;SBMQ;SBBE;186,00;2
2004;3;GLO;SBPA;SBBR;404,80;30
2004;3;GLO;SBPA;SBGR;236,21;117
2004;3;GLO;SBCT;SBGL;100,00;1
2004;3;GLO;SBCT;SBKP;281,02;43
2004;3;GLO;SBSP;SBFL;180,00;2
2004;3;GLO;SBKP;SBCT;265,50;2
2004;3;GLO;SBCT;SBSP;295,92;236
2004;3;GLO;SBPA;SBSP;371,76;769
2004;3;GLO;SBSP;SBRJ;160,88;2253
2004;3;GLO;SBSP;SBRJ;99,00;2
2004;3;GLO;SBBE;SBMQ;167,40;1
2004;3;GLO;SBRJ;SBFL;179,14;1100
2004;3;GLO;SBGL;SBSP;100,00;70
2004;3;GLO;SBGL;SBFL;422,00;12
2004;3;GLO;SBSV;SBGL;214,20;1402
2004;3;GLO;SBGL;SBSV;350,43;1492
2004;3;GLO;SBCT;SBRJ;187,60;1493
2004;3;GLO;SBPA;SBKP;342,00;5
2004;3;GLO;SBRJ;SBFL;186,15;22
2004;3;GLO;SBRJ;SBBH;142,00;9
2004;3;GLO;SBFL;SBSP;194,41;3432
2004;3;GLO;SBBH;SBSP;225,43;30
2004;3;GLO;SBBR;SBCT;301,00;9
2004;3;GLO;SBPA;SBGR;222,55;11
2004;3;GLO;SBSP;SBGL;219,00;6
2004;3;GLO;SBSP;SBPS;221,12;19
2004;3;GLO;SBCT;SBBH;161,43;36
2004;3;GLO;SBSV;SBRF;135,00;21
2004;3;GLO;SBGR;SBPA;260,11;88
2004;3;GLO;SBFL;SBRJ;75,00;2
2004;3;GLO;SBBH;SBKP;268,29;10
2004;3;GLO;SBRJ;SBSP;293,00;37
2004;3;GLO;SBRJ;SBBH;330,00;12
2004;3;GLO;SBKP;SBRJ;240,82;208
2004;3;GLO;SBRJ;SBKP;253,00;6
2004;3;GLO;SBGL;SBPA;385,01;28
2004;3;GLO;SBGL;SBSP;205,83;90
2004;3;GLO;SBGL;SBPA;291,00;1
2004;3;GLO;SBSP;SBGL;269,00;8
2004;3;GLO;SBGL;SBSV;667,00;1
2004;3;GLO;SBBR;SBPA;445,44;86
2004;3;GLO;SBSP;SBGL;197,43;76
2004;3;GLO;SBFZ;SBRF;138,00;13
2004;3;GLO;SBSP;SBGO;352,32;12
2004;3;GLO;SBSP;SBGO;449,00;4
2004;3;GLO;SBRJ;SBBR;338,61;3776
2004;3;GLO;SBFZ;SBRF;278,40;10
2004;3;GLO;SBGL;SBRF;277,94;168
2004;3;GLO;SBFL;SBBR;299,00;12
2004;3;GLO;SBRF;SBGL;450,00;2
2004;3;GLO;SBGR;SBPA;235,55;105
2004;3;GLO;SBRF;SBSV;161,00;26
2004;3;GLO;SBPA;SBFL;156,39;127
2004;3;GLO;SBGL;SBSP;144,72;1925
2004;3;GLO;SBNF;SBSP;173,20;24
2004;3;GLO;SBKP;SBCT;214,59;146
2004;3;GLO;SBGR;SBPA;143,33;3202
2004;3;GLO;SBSV;SBRF;116,82;1005
2004;3;GLO;SBSP;SBBH;314,00;9
2004;3;GLO;SBRF;SBFZ;178,06;49
2004;3;GLO;SBGO;SBSP;324,00;18
2004;3;GLO;SBPS;SBSP;204,36;22
2004;3;GLO;SBRF;SBGL;250,00;2
2004;3;GLO;SBRJ;SBBR;336,63;52
2004;3;GLO;SBBR;SBRJ;261,00;66
2004;3;GLO;SBRF;SBSV;417,00;1
2004;3;GLO;SBBH;SBBR;207,00;44
2004;3;GLO;SBMQ;SBBE;105,00;35
2004;3;GLO;SBSP;SBVT;175,72;754
2004;3;GLO;SBPA;SBFL;221,00;1
2004;3;GLO;SBPA;SBSP;443,00;1
2004;3;GLO;SBPS;SBSP;142,32;335
2004;3;GLO;SBSP;SBPA;480,88;114
2004;3;GLO;SBSP;SBRJ;239,00;2
2004;3;GLO;SBGR;SBGL;177,51;48
2004;3;GLO;SBRJ;SBBR;393,33;3
2004;3;GLO;SBBH;SBBR;317,52;71
2004;3;GLO;SBBR;SBKP;121,43;7
2004;3;GLO;SBRJ;SBPA;153,60;2
2004;3;GLO;SBBR;SBBH;281,44;36
2004;3;GLO;SBSV;SBBR;355,00;2
2004;3;GLO;SBGL;SBSV;429,33;152
2004;3;GLO;SBSP;SBVT;261,33;3
2004;3;GLO;SBFL;SBGR;78,14;932
2004;3;GLO;SBFL;SBBR;157,33;4
2004;3;GLO;SBBH;SBCT;162,00;80
2004;3;GLO;SBBR;SBRJ;336,61;50
2004;3;GLO;SBKP;SBPA;218,03;8
2004;3;GLO;SBBR;SBSP;379,95;777
2004;3;GLO;SBGL;SBGR;48,92;91
2004;3;GLO;SBBR;SBPA;422,70;980
2004;3;GLO;SBGL;SBGR;179,00;21
2004;3;GLO;SBGR;SBSV;594,00;3
2004;3;GLO;SBFL;SBGL;266,10;72
2004;3;GLO;SBSV;SBGL;345,30;1545
2004;3;GLO;SBBR;SBKP;177,00;22
2004;3;GLO;SBSV;SBGR;345,76;33
2004;3;GLO;SBCT;SBSP;151,00;3
2004;3;GLO;SBGO;SBSP;388,00;33
2004;3;GLO;SBBR;SBGL;354,22;240
2004;3;GLO;SBBR;SBGL;421,00;2
2004;3;GLO;SBSP;SBBH;279,00;1
2004;3;GLO;SBSP;SBFL;100,00;13
2004;3;GLO;SBBR;SBFZ;635,25;509
2004;3;GLO;SBSV;SBGR;413,40;5
2004;3;GLO;SBGO;SBSP;355,97;1243
2004;3;GLO;SBBE;SBBR;943,00;1
2004;3;GLO;SBRJ;SBBR;406,97;168
2004;3;GLO;SBNF;SBSP;172,84;30
2004;3;GLO;SBPA;SBKP;342,82;69
2004;3;GLO;SBCT;SBSP;238,00;9
2004;3;GLO;SBRF;SBSV;190,09;257
2004;3;GLO;SBBH;SBSP;257,29;312
2004;3;GLO;SBBR;SBBE;471,00;1
2004;3;GLO;SBGL;SBGR;174,93;1
2004;3;GLO;SBGR;SBFL;192,57;94
2004;3;GLO;SBBR;SBKP;273,00;9
2004;3;GLO;SBPA;SBSP;150,00;4
2004;3;GLO;SBPA;SBKP;255,00;7
2004;3;GLO;SBRF;SBGL;975,00;1
2004;3;GLO;SBBH;SBKP;184,58;116
2004;3;GLO;SBSP;SBCT;151,00;11
2004;3;GLO;SBBR;SBFZ;290,96;199
2004;3;GLO;SBGL;SBRF;443,77;67
2004;3;GLO;SBPA;SBFL;186,05;77
2004;3;GLO;SBFL;SBSP;260,86;69
2004;3;GLO;SBGL;SBSV;423,27;83
2004;3;GLO;SBPA;SBSP;301,48;4189
2004;3;GLO;SBRJ;SBSP;247,67;8942
2004;3;GLO;SBBR;SBSP;384,28;311
2004;3;GLO;SBRJ;SBCT;150,00;1
2004;3;GLO;SBFL;SBGL;83,03;284
2004;3;GLO;SBBR;SBGL;306,67;485
2004;3;GLO;SBSP;SBVT;226,00;2
2004;3;GLO;SBVT;SBSP;211,67;115
2004;3;GLO;SBBR;SBCT;328,73;113
2004;3;GLO;SBGL;SBBR;351,81;204
2004;3;GLO;SBBH;SBRJ;168,75;3397
2004;3;GLO;SBBR;SBRJ;150,00;7
2004;3;GLO;SBGL;SBFL;239,44;271
2004;3;GLO;SBSV;SBRF;267,00;1
2004;3;GLO;SBSP;SBVT;240,00;2
2004;3;GLO;SBRJ;SBSP;147,00;9
2004;3;GLO;SBSP;SBFL;299,00;26
2004;3;GLO;SBRF;SBGL;222,00;1
2004;3;GLO;SBRJ;SBFL;176,83;70
2004;3;GLO;SBGL;SBGR;138,60;14
2004;3;GLO;SBGO;SBBR;146,00;79
2004;3;GLO;SBRJ;SBBH;161,18;30
2004;3;GLO;SBGR;SBSV;228,13;515
2004;3;GLO;SBGL;SBSP;155,90;40
2004;3;GLO;SBRJ;SBSP;175,40;3455
2004;3;GLO;SBGL;SBSV;375,09;125
2004;3;GLO;SBBH;SBSP;24,52;12
2004;3;GLO;SBPS;SBSP;292,50;2
2004;3;GLO;SBCT;SBGL;211,88;8
2004;3;GLO;SBCT;SBBH;142,47;306
2004;3;GLO;SBPS;SBSP;151,88;22
2004;3;GLO;SBSP;SBPA;621,00;1
2004;3;GLO;SBFZ;SBRF;170,86;1274
2004;3;GLO;SBBR;SBFL;196,37;847
2004;3;GLO;SBNF;SBSP;231,43;79
2004;3;GLO;SBRJ;SBPA;261,00;14
2004;3;GLO;SBSP;SBGL;100,00;43
2004;3;GLO;SBBR;SBFL;262,10;106
2004;3;GLO;SBFL;SBSP;408,00;2
2004;3;GLO;SBGR;SBFL;216,50;35
2004;3;GLO;SBSP;SBRJ;324,00;2
2004;3;GLO;SBFZ;SBRF;151,00;3
2004;3;GLO;SBFZ;SBRF;134,64;9
2004;3;GLO;SBRJ;SBKP;278,49;911
2004;3;GLO;SBGL;SBFL;124,50;12
2004;3;GLO;SBRF;SBFZ;260,04;38
2004;3;GLO;SBPA;SBFL;113,00;61
2004;3;GLO;SBGL;SBFL;58,70;414
2004;3;GLO;SBRJ;SBFL;195,50;138
2004;3;GLO;SBGL;SBRF;472,14;506
2004;3;GLO;SBBR;SBBE;851,47;17
2004;3;GLO;SBCT;SBGL;174,38;25
2004;3;GLO;SBBH;SBSP;345,00;3
2004;3;GLO;SBVT;SBSP;197,64;588
2004;3;GLO;SBBR;SBGO;336,67;3
2004;3;GLO;SBRJ;SBSP;100,00;3
2004;3;GLO;SBGL;SBSP;197,13;273
2004;3;GLO;SBBR;SBSP;238,72;113
2004;3;GLO;SBBR;SBFL;227,12;551
2004;3;GLO;SBGL;SBFL;213,86;350
2004;3;GLO;SBPA;SBSP;571,00;4
2004;3;GLO;SBKP;SBBR;302,67;46
2004;3;GLO;SBSP;SBRJ;267,97;8682
2004;3;GLO;SBGL;SBPA;167,20;97
2004;3;GLO;SBBR;SBSV;203,27;467
2004;3;GLO;SBFL;SBPA;118,54;23
2004;3;GLO;SBGL;SBCT;273,00;2
2004;3;GLO;SBGL;SBSP;242,78;16
2004;3;GLO;SBRJ;SBFL;124,50;160
2004;3;GLO;SBRJ;SBBH;237,00;3
2004;3;GLO;SBGL;SBSP;720,00;3
2004;3;GLO;SBSP;SBCT;100,00;9
2004;3;GLO;SBGO;SBSP;385,51;50
2004;3;GLO;SBCT;SBSP;79,00;1
2004;3;GLO;SBSP;SBFL;193,79;3265
2004;3;GLO;SBSP;SBBH;227,00;37
2004;3;GLO;SBSP;SBPS;153,04;255
2004;3;GLO;SBRF;SBFZ;391,17;12
2004;3;GLO;SBSP;SBBH;235,81;3307
2004;3;GLO;SBPA;SBBR;421,92;882
2004;3;GLO;SBRF;SBFZ;94,66;249
2004;3;GLO;SBCT;SBGL;283,27;27
2004;3;GLO;SBGL;SBBR;387,00;3
2004;3;GLO;SBPA;SBCT;142,74;3817
2004;3;GLO;SBGL;SBBR;458,00;1
2004;3;GLO;SBGR;SBPA;312,04;67
2004;3;GLO;SBSP;SBNF;202,00;1
2004;3;GLO;SBPA;SBCT;268,67;42
2004;3;GLO;SBGL;SBCT;186,50;2
2004;3;GLO;SBRJ;SBSP;219,00;1
2004;3;GLO;SBBR;SBRJ;306,00;4247
2004;3;GLO;SBCT;SBRJ;134,67;60
2004;3;GLO;SBKP;SBBH;165,00;8
2004;3;GLO;SBBR;SBKP;357,50;2
2004;3;GLO;SBPA;SBSP;226,61;52
2004;3;GLO;SBFL;SBSP;88,32;5
2004;3;GLO;SBPA;SBKP;387,00;48
2004;3;GLO;SBSV;SBGR;571,00;1
2004;3;GLO;SBRF;SBSV;282,54;29
2004;3;GLO;SBBR;SBKP;211,41;298
2004;3;GLO;SBPA;SBCT;249,00;3
2004;3;GLO;SBKP;SBCT;255,85;354
2004;3;GLO;SBFZ;SBRF;242,00;2
2004;3;GLO;SBCT;SBBH;113,75;1620
2004;3;GLO;SBPA;SBFL;105,15;2174
2004;3;GLO;SBRF;SBSV;309,38;44
2004;3;GLO;SBGL;SBGR;249,00;1
2004;3;GLO;SBBR;SBSV;260,76;32
2004;3;GLO;SBGL;SBCT;224,00;2
2004;3;GLO;SBRJ;SBCT;251,86;191
2004;3;GLO;SBFL;SBPA;158,19;289
2004;3;GLO;SBRJ;SBKP;319,50;2
2004;3;GLO;SBBR;SBBH;243,23;2916
2004;3;GLO;SBCT;SBRJ;178,71;302
2004;3;GLO;SBBH;SBBR;464,00;2
2004;3;GLO;SBGR;SBGL;293,00;4
2004;3;GLO;SBBH;SBSP;379,00;1
2004;3;GLO;SBCT;SBRJ;227,00;8
2004;3;GLO;SBRJ;SBBR;248,02;69
2004;3;GLO;SBBR;SBFZ;42,00;42
2004;3;GLO;SBCT;SBRJ;208,53;10
2004;3;GLO;SBSP;SBGO;243,00;54
2004;3;GLO;SBRJ;SBCT;203,01;244
2004;3;GLO;SBPA;SBGL;282,05;23
2004;3;GLO;SBFL;SBRJ;124,50;148
2004;3;GLO;SBGR;SBSV;795,00;2
2004;3;GLO;SBCT;SBGL;231,91;679
2004;3;GLO;SBRJ;SBKP;392,00;5
2004;3;GLO;SBRJ;SBSP;286,00;6
2004;3;GLO;SBGL;SBRF;250,00;2
2004;3;GLO;SBPA;SBSP;405,49;291
2004;3;GLO;SBGL;SBSP;96,04;496
2004;3;GLO;SBBR;SBGO;131,00;155
2004;3;GLO;SBSP;SBCT;238,00;17
2004;3;GLO;SBCT;SBGL;250,85;383
2004;3;GLO;SBBH;SBRJ;330,00;2
2004;3;GLO;SBSP;SBBH;379,00;1
2004;3;GLO;SBGL;SBCT;291,75;31
2004;3;GLO;SBCT;SBBH;107,00;16
2004;3;GLO;SBBR;SBGO;198,00;1
2004;3;GLO;SBRF;SBGL;572,00;1
2004;3;GLO;SBFL;SBBR;162,50;114
2004;3;GLO;SBGL;SBBR;177,68;414
2004;3;GLO;SBFL;SBSP;265,18;169
2004;3;GLO;SBGL;SBPA;303,67;403
2004;3;GLO;SBVT;SBSP;206,54;4
2004;3;GLO;SBRJ;SBKP;249,43;1302
2004;3;GLO;SBRJ;SBKP;235,85;171
2004;3;GLO;SBGO;SBBR;242,10;5
2004;3;GLO;SBBH;SBCT;107,00;12
2004;3;GLO;SBBE;SBMQ;690,00;2
2004;3;GLO;SBGL;SBGR;293,00;3
2004;3;GLO;SBFL;SBGR;215,02;44
2004;3;GLO;SBCT;SBRJ;150,00;1
2004;3;GLO;SBKP;SBCT;299,00;12
2004;3;GLO;SBBR;SBFZ;410,00;1
2004;3;GLO;SBCT;SBSP;318,00;5
2004;3;GLO;SBGO;SBSP;342,00;16
2004;3;GLO;SBGL;SBBR;313,83;477
2004;3;GLO;SBKP;SBRJ;331,00;5
2004;3;GLO;SBSP;SBGO;345,80;32
2004;3;GLO;SBCT;SBBR;282,57;1480
2004;3;GLO;SBPA;SBRJ;246,70;32
2004;3;GLO;SBVT;SBSP;181,00;2740
2004;3;GLO;SBSP;SBFL;213,09;16
2004;3;GLO;SBPS;SBSP;188,90;58
2004;3;GLO;SBSP;SBGL;153,08;38
2004;3;GLO;SBPA;SBKP;312,62;273
2004;3;GLO;SBSP;SBBR;229,00;2
2004;3;GLO;SBSV;SBRF;154,08;1910
2004;3;GLO;SBRF;SBSV;389,00;1
2004;3;GLO;SBBH;SBSP;160,66;2093
2004;3;GLO;SBFL;SBSP;218,07;3172
2004;3;GLO;SBSP;SBPS;171,98;104
2004;3;GLO;SBGL;SBSV;200,41;713
2004;3;GLO;SBGR;SBSV;204,55;2601
2004;3;GLO;SBPA;SBSP;338,07;4918
2004;3;GLO;SBBR;SBKP;251,50;1
2004;3;GLO;SBSP;SBGL;177,57;2118
2004;3;GLO;SBRJ;SBKP;294,86;207
2004;3;GLO;SBFL;SBPA;234,84;21
2004;3;GLO;SBSP;SBBR;403,91;293
2004;3;GLO;SBFL;SBGR;283,05;15
2004;3;GLO;SBSP;SBRJ;293,00;13
2004;3;GLO;SBSP;SBBR;571,00;1
2004;3;GLO;SBBH;SBCT;113,61;1460
2004;3;GLO;SBBR;SBCT;329,69;801
2004;3;GLO;SBSP;SBBH;284,96;880
2004;3;GLO;SBRF;SBSV;139,34;59
2004;3;GLO;SBSP;SBGO;386,26;89
2004;3;GLO;SBFL;SBPA;113,00;79
2004;3;GLO;SBFL;SBSP;278,83;68
2004;3;GLO;SBCT;SBRJ;169,81;2259
2004;3;GLO;SBFL;SBSP;291,23;152
2004;3;GLO;SBRF;SBSV;126,59;1126
2004;3;GLO;SBPA;SBGR;337,50;1
2004;3;GLO;SBSP;SBFL;280,79;45
2004;3;GLO;SBGL;SBSV;261,87;302
2004;3;GLO;SBRJ;SBCT;248,46;164
2004;3;GLO;SBPA;SBRJ;187,54;486
2004;3;GLO;SBRF;SBGL;515,66;7
2004;3;GLO;SBSV;SBRF;137,32;66
2004;3;GLO;SBRF;SBGL;839,00;1
2004;3;GLO;SBPS;SBSP;200,53;19
2004;3;GLO;SBBR;SBFL;289,68;9
2004;3;GLO;SBGR;SBPA;167,72;81
2004;3;GLO;SBSP;SBPA;338,00;41
2004;3;GLO;SBGL;SBRF;515,54;6
2004;3;GLO;SBGR;SBSV;449,06;17
2004;3;GLO;SBSP;SBCT;223,62;3388
2004;3;GLO;SBSV;SBRF;302,00;4
2004;3;GLO;SBSP;SBFL;96,00;1
2004;3;GLO;SBFL;SBSP;240,16;479
2004;3;GLO;SBSV;SBGL;472,32;25
2004;3;GLO;SBRJ;SBSP;145,50;16
2004;3;GLO;SBGL;SBCT;293,80;18
2004;3;GLO;SBKP;SBRJ;370,00;1
2004;3;GLO;SBVT;SBRJ;100,00;6
2004;3;GLO;SBRJ;SBCT;202,20;1493
2004;3;GLO;SBFL;SBSP;315,90;132
2004;3;GLO;SBKP;SBRJ;312,25;167
2004;3;GLO;SBKP;SBPA;201,91;92
2004;3;GLO;SBBR;SBPA;249,92;105
2004;3;GLO;SBSP;SBCT;245,00;1
2004;3;GLO;SBFL;SBGL;235,38;336
2004;3;GLO;SBRJ;SBKP;266,00;8
2004;3;GLO;SBNF;SBSP;189,27;2143
2004;3;GLO;SBCT;SBKP;263,55;73
2004;3;GLO;SBMQ;SBBE;124,59;15
2004;3;GLO;SBSP;SBPA;571,00;3
2004;3;GLO;SBGL;SBSV;470,00;2
2004;3;GLO;SBKP;SBRJ;414,00;1
2004;3;GLO;SBBH;SBBR;321,79;62
2004;3;GLO;SBBR;SBBE;449,33;3
2004;3;GLO;SBKP;SBCT;278,45;44
2004;3;GLO;SBSP;SBBR;275,00;4
2004;3;GLO;SBSP;SBFL;202,45;4
2004;3;GLO;SBBR;SBBH;271,40;1901
2004;3;GLO;SBFL;SBGL;70,09;1134
2004;3;GLO;SBGL;SBCT;243,39;111
2004;3;GLO;SBFL;SBBR;218,12;74
2004;3;GLO;SBPA;SBCT;183,35;492
2004;3;GLO;SBGL;SBFL;112,50;4
2004;3;GLO;SBFL;SBGR;110,79;37
2004;3;GLO;SBFL;SBRJ;265,00;6
2004;3;GLO;SBSP;SBFL;222,16;42
2004;3;GLO;SBSP;SBPS;181,50;787
2004;3;GLO;SBBR;SBSV;89,50;2
2004;3;GLO;SBBR;SBSV;356,34;1178
2004;3;GLO;SBMQ;SBBE;450,00;1
2004;3;GLO;SBGL;SBCT;265,00;14
2004;3;GLO;SBSV;SBGL;239,74;224
2004;3;GLO;SBSV;SBGL;262,38;195
2004;3;GLO;SBRJ;SBVT;215,00;2
2004;3;GLO;SBSV;SBGR;1001,00;1
2004;3;GLO;SBBH;SBRJ;150,79;5681
2004;3;GLO;SBNF;SBSP;210,78;595
2004;3;GLO;SBSP;SBGO;342,00;2
2004;3;GLO;SBRJ;SBCT;500,00;1
2004;3;GLO;SBPA;SBBR;232,60;120
2004;3;GLO;SBPA;SBRJ;187,20;2
2004;3;GLO;SBBR;SBSP;340,98;3329
2004;3;GLO;SBFL;SBBR;244,00;58
2004;3;GLO;SBRJ;SBCT;145,21;5
2004;3;GLO;SBRJ;SBBH;214,38;91
2004;3;GLO;SBSP;SBRJ;286,00;5
2004;3;GLO;SBBR;SBGL;261,00;7
2004;3;GLO;SBBR;SBSP;150,00;2
2004;3;GLO;SBSV;SBGR;236,07;581
2004;3;GLO;SBSV;SBBR;375,06;1108
2004;3;GLO;SBBR;SBRJ;336,40;3516
2004;3;GLO;SBRJ;SBSP;208,95;21
2004;3;GLO;SBBH;SBRJ;158,49;98
2004;3;GLO;SBRJ;SBKP;100,00;7
2004;3;GLO;SBGR;SBGL;125,57;300
2004;3;GLO;SBGL;SBSV;299,62;180
2004;3;GLO;SBFL;SBGR;243,00;16
2004;3;GLO;SBBR;SBBH;404,82;138
2004;3;GLO;SBRJ;SBKP;350,00;1
2004;3;GLO;SBFL;SBGL;100,00;3
2004;3;GLO;SBGL;SBCT;255,57;515
2004;3;GLO;SBGL;SBSP;269,00;2
2004;3;GLO;SBGO;SBSP;243,00;53
2004;3;GLO;SBSV;SBGL;389,05;124
2004;3;GLO;SBCT;SBBR;260,87;23
2004;3;GLO;SBCT;SBSP;223,65;3378
2004;3;GLO;SBFL;SBBR;270,00;6
2004;3;GLO;SBRJ;SBBH;100,00;14
2004;3;GLO;SBBR;SBSP;358,99;432
2004;3;GLO;SBBH;SBRJ;187,37;462
2004;3;GLO;SBKP;SBPA;187,40;142
2004;3;GLO;SBBH;SBKP;109,48;1320
2004;3;GLO;SBBH;SBRJ;142,00;16
2004;3;GLO;SBPA;SBSP;483,00;3
2004;3;GLO;SBRJ;SBVT;189,87;288
2004;3;GLO;SBFL;SBBR;177,16;858
2004;3;GLO;SBPA;SBBR;368,98;99
2004;3;GLO;SBCT;SBSP;209,53;1706
2004;3;GLO;SBSV;SBBR;436,23;122
2004;3;GLO;SBGR;SBSV;556,00;1
2004;3;GLO;SBSV;SBRF;161,00;14
2004;3;GLO;SBSP;SBNF;189,38;2201
2004;3;GLO;SBPA;SBGL;307,52;432
2004;3;GLO;SBCT;SBKP;205,46;152
2004;3;GLO;SBGL;SBGR;69,18;308
2004;3;GLO;SBGL;SBCT;213,07;605
2004;3;GLO;SBSP;SBPA;128,57;7
2004;3;GLO;SBSP;SBRJ;188,95;5602
2004;3;GLO;SBBR;SBCT;375,00;4
2004;3;GLO;SBPA;SBRJ;255,98;8
2004;3;GLO;SBSV;SBGL;395,88;100
2004;3;GLO;SBPA;SBKP;281,49;439
2004;3;GLO;SBSP;SBGL;191,00;1
2004;3;GLO;SBSP;SBCT;248,71;3683
2004;3;GLO;SBBE;SBBR;382,32;74
2004;3;GLO;SBSP;SBPA;328,00;123
2004;3;GLO;SBKP;SBBR;234,59;275
2004;3;GLO;SBKP;SBPA;208,93;704
2004;3;GLO;SBCT;SBKP;221,35;850
2004;3;GLO;SBSP;SBGL;95,73;619
2004;3;GLO;SBPA;SBGR;266,64;136
2004;3;GLO;SBBR;SBCT;534,62;25
2004;3;GLO;SBBH;SBSP;417,00;8
2004;3;GLO;SBSV;SBGL;300,00;176
2004;3;GLO;SBFL;SBBR;189,00;6
2004;3;GLO;SBGL;SBGR;198,00;13
2004;3;GLO;SBSP;SBVT;161,50;4
2004;3;GLO;SBRF;SBGL;477,13;505
2004;3;GLO;SBGR;SBFL;93,98;2169
2004;3;GLO;SBPA;SBFL;100,00;16
2004;3;GLO;SBSP;SBVT;115,68;354
2004;3;GLO;SBRF;SBFZ;151,00;3
2004;3;GLO;SBRJ;SBBR;498,00;2
2004;3;GLO;SBRF;SBSV;138,53;119
2004;3;GLO;SBPA;SBSP;350,20;659
2004;3;GLO;SBGL;SBPA;238,25;73
2004;3;GLO;SBGR;SBGL;277,71;14
2004;3;GLO;SBBR;SBSP;349,00;4
2004;3;GLO;SBRF;SBFZ;134,64;9
2004;3;GLO;SBFL;SBRJ;177,38;866
2004;3;GLO;SBPA;SBRJ;261,00;8
2004;3;GLO;SBSP;SBFL;408,00;3
2004;3;GLO;SBRJ;SBBR;423,79;114
2004;3;GLO;SBCT;SBSP;179,46;12
2004;3;GLO;SBBR;SBPA;526,45;62
2004;3;GLO;SBFL;SBGL;58,45;408
2004;3;GLO;SBGL;SBSP;177,39;2326
2004;3;GLO;SBNF;SBSP;173,00;2
2004;3;GLO;SBRJ;SBPA;322,62;14
2004;3;GLO;SBVT;SBSP;392,00;1
2004;3;GLO;SBRJ;SBSP;70,00;11
2004;3;GLO;SBCT;SBPA;115,90;121
2004;3;GLO;SBSP;SBBH;160,34;1793
2004;3;GLO;SBSP;SBRJ;198,00;1
2004;3;GLO;SBGL;SBSV;505,00;2
2004;3;GLO;SBRJ;SBPA;192,38;487
2004;3;GLO;SBGR;SBSV;347,31;52
2004;3;GLO;SBGL;SBGR;58,05;663
2004;3;GLO;SBRF;SBSV;182,54;1264
2004;3;GLO;SBSP;SBBH;402,00;1
2004;3;GLO;SBGL;SBRF;525,55;282
2004;3;GLO;SBSP;SBPS;91,26;150
2004;3;GLO;SBSV;SBGR;509,22;21
2004;3;GLO;SBPA;SBGR;208,33;18
2004;3;GLO;SBBH;SBBR;270,94;1888
2004;3;GLO;SBBR;SBGL;387,00;7
2004;3;GLO;SBRJ;SBFL;101,88;16
2004;3;GLO;SBBR;SBBE;339,72;250
2004;3;GLO;SBSP;SBNF;96,00;2
2004;3;GLO;SBSP;SBGL;145,67;2210
2004;3;GLO;SBCT;SBPA;152,00;51
2004;3;GLO;SBSP;SBGL;247,28;58
2004;3;GLO;SBCT;SBRJ;206,00;6
2004;3;GLO;SBGR;SBFL;108,46;38
2004;3;GLO;SBFZ;SBRF;198,00;1
2004;3;GLO;SBBR;SBSV;453,90;134
2004;3;GLO;SBPA;SBGR;571,00;2
2004;3;GLO;SBCT;SBSP;248,83;2865
2004;3;GLO;SBSP;SBGL;167,50;4
2004;3;GLO;SBSP;SBRJ;175,50;4162
2004;3;GLO;SBRJ;SBSP;161,07;2742
2004;3;GLO;SBGL;SBSV;608,00;6
2004;3;GLO;SBSP;SBGO;318,37;23
2004;3;GLO;SBRF;SBGL;606,96;31
2004;3;GLO;SBBR;SBRJ;371,42;303
2004;3;GLO;SBBR;SBFL;261,43;112
2004;3;GLO;SBBH;SBRJ;237,00;1
2004;3;GLO;SBSP;SBPA;404,39;418
2004;3;GLO;SBKP;SBRJ;294,84;204
2004;3;GLO;SBRJ;SBCT;183,23;2015
2004;3;GLO;SBPA;SBSP;338,00;6
2004;3;GLO;SBBR;SBKP;157,50;42
2004;3;GLO;SBPS;SBSP;270,96;29
2004;3;GLO;SBSP;SBRJ;204,66;20
2004;3;GLO;SBGL;SBSP;209,95;19
2004;3;GLO;SBKP;SBCT;358,00;2
2004;3;GLO;SBCT;SBKP;247,61;497
2004;3;GLO;SBRF;SBFZ;190,82;1556
2004;3;GLO;SBCT;SBSP;240,38;31
2004;3;GLO;SBBR;SBPA;595,91;22
2004;3;GLO;SBRJ;SBFL;245,50;10
2004;3;GLO;SBSP;SBCT;318,00;53
2004;3;GLO;SBPA;SBGL;279,49;39
2004;3;GLO;SBGO;SBSP;361,40;3
2004;3;GLO;SBBH;SBSP;249,68;86
2004;3;GLO;SBCT;SBPA;144,86;3913
2004;3;GLO;SBRJ;SBVT;230,57;43
2004;3;GLO;SBGR;SBGL;97,72;875
2004;3;GLO;SBSV;SBGL;676,00;2
2004;3;GLO;SBGL;SBPA;325,98;571
2004;3;GLO;SBPA;SBBR;477,09;55
2004;3;GLO;SBRJ;SBBR;150,00;9
2004;3;GLO;SBRJ;SBPA;244,05;43
2004;3;GLO;SBPA;SBRJ;218,97;90
2004;3;GLO;SBFZ;SBRF;94,37;251
2004;3;GLO;SBCT;SBSP;285,13;362
2004;3;GLO;SBPA;SBSP;540,00;1
2004;3;GLO;SBSP;SBRJ;100,00;1
2004;3;GLO;SBRJ;SBSP;50,00;1
2004;3;GLO;SBVT;SBSP;201,88;8
2004;3;GLO;SBSP;SBPA;240,66;35
2004;3;GLO;SBRJ;SBBH;168,52;3376
2004;3;GLO;SBFL;SBSP;180,00;2
2004;3;GLO;SBNF;SBSP;100,00;1
2004;3;GLO;SBVT;SBRJ;142,00;3
2004;3;GLO;SBFL;SBRJ;160,68;1406
2004;3;GLO;SBRJ;SBVT;100,00;4
2004;3;GLO;SBFL;SBGL;341,31;10
2004;3;GLO;SBSP;SBNF;210,83;639
2004;3;GLO;SBSP;SBCT;296,31;89
2004;3;GLO;SBKP;SBBH;177,27;22
2004;3;GLO;SBRJ;SBPA;160,50;24
2004;3;GLO;SBBR;SBBE;378,21;92
2004;3;GLO;SBBR;SBGO;154,68;18
2004;3;GLO;SBPA;SBBR;435,69;21
2004;3;GLO;SBPA;SBCT;213,84;74
2004;3;GLO;SBGR;SBSV;471,00;5
2004;3;GLO;SBFZ;SBRF;314,00;1
2004;3;GLO;SBFL;SBRJ;195,50;192
2004;3;GLO;SBVT;SBSP;255,50;460
2004;3;GLO;SBFZ;SBBR;381,27;514
2004;3;GLO;SBRJ;SBBR;341,13;210
2004;3;GLO;SBFL;SBPA;100,00;22
2004;3;GLO;SBRF;SBSV;285,60;15
2004;3;GLO;SBCT;SBPA;249,00;3
2004;3;GLO;SBPA;SBFL;107,97;12
2004;3;GLO;SBSP;SBCT;279,46;311
2004;3;GLO;SBBH;SBSP;314,00;8
2004;3;GLO;SBSP;SBBR;374,32;718
2004;3;GLO;SBVT;SBRJ;271,00;2
2004;3;GLO;SBBH;SBBR;297,44;108
2004;3;GLO;SBVT;SBRJ;185,50;410
2004;3;GLO;SBGL;SBRF;193,20;1119
2004;3;GLO;SBVT;SBRJ;167,59;1592
2004;3;GLO;SBGL;SBFL;227,64;10
2004;3;GLO;SBSV;SBGR;590,00;5
2004;3;GLO;SBCT;SBPA;161,38;3226
2004;3;GLO;SBKP;SBBR;170,00;5
2004;3;GLO;SBCT;SBBR;484,20;30
2004;3;GLO;SBSP;SBBH;259,48;1179
2004;3;GLO;SBSP;SBGL;155,00;11
2004;3;GLO;SBSV;SBBR;307,00;3
2004;3;GLO;SBMQ;SBBE;100,00;12
2004;3;GLO;SBBR;SBPA;535,83;21
2004;3;GLO;SBGL;SBPA;522,00;1
2004;3;GLO;SBBR;SBGL;178,85;371
2004;3;GLO;SBKP;SBBR;354,00;2
2004;3;GLO;SBGL;SBBR;339,69;6
2004;3;GLO;SBSP;SBFL;326,89;52
2004;3;GLO;SBSP;SBCT;242,89;5
2004;3;GLO;SBSP;SBBH;211,71;3469
2004;3;GLO;SBKP;SBBR;228,59;64
2004;3;GLO;SBBR;SBCT;276,50;2
2004;3;GLO;SBGL;SBFL;70,28;1076
2004;3;GLO;SBBR;SBSP;250,00;1
2004;3;GLO;SBPA;SBFL;218,95;14
2004;3;GLO;SBSV;SBBR;478,91;14
2004;3;GLO;SBBH;SBSP;150,00;4
2004;3;GLO;SBSV;SBRF;172,61;1046
2004;3;GLO;SBKP;SBRJ;253,00;6
2004;3;GLO;SBRF;SBFZ;150,00;1
2004;3;GLO;SBFL;SBPA;185,39;127
2004;3;GLO;SBSV;SBGL;181,93;1446
2004;3;GLO;SBRF;SBGL;535,69;342
2004;3;GLO;SBSP;SBGL;196,37;146
2004;3;GLO;SBBH;SBRJ;210,84;168
2004;3;GLO;SBBR;SBKP;201,31;880
2004;3;GLO;SBSP;SBBR;295,59;2518
2004;3;GLO;SBSV;SBGL;418,26;269
2004;3;GLO;SBRF;SBGL;338,40;79
2004;3;GLO;SBBH;SBSP;212,09;3362
2004;3;GLO;SBSP;SBBR;243,33;130
2004;3;GLO;SBNF;SBSP;281,63;15
2004;3;GLO;SBSP;SBRJ;247,81;8345
2004;3;GLO;SBSP;SBVT;175,57;65
2004;3;GLO;SBRJ;SBPA;219,35;820
2004;3;GLO;SBFZ;SBBR;410,00;1
2004;3;GLO;SBSP;SBPS;149,73;25
2004;3;GLO;SBGL;SBRF;562,00;1
2004;3;GLO;SBPA;SBRJ;265,53;40
2004;3;GLO;SBPA;SBCT;158,76;3277
2004;3;GLO;SBSP;SBGO;403,66;25
2004;3;GLO;SBBH;SBCT;161,73;38
2004;3;GLO;SBBR;SBRJ;368,60;156
2004;3;GLO;SBBR;SBFZ;508,00;508
2004;3;GLO;SBCT;SBSP;275,00;1
2004;3;GLO;SBGL;SBBR;150,00;1
2004;3;GLO;SBSP;SBVT;421,00;1
2004;3;GLO;SBRJ;SBBR;642,00;1
2004;3;GLO;SBSP;SBFL;261,40;85
2004;3;GLO;SBFZ;SBBR;292,00;177
2004;3;GLO;SBSP;SBPA;126,50;2
2004;3;GLO;SBKP;SBBR;178,75;2
2004;3;GLO;SBGR;SBPA;114,30;2151
2004;3;GLO;SBBR;SBSP;100,00;1
2004;3;GLO;SBSP;SBPS;191,91;27
2004;3;GLO;SBCT;SBPA;188,93;442
2004;3;GLO;SBBE;SBMQ;111,40;35
2004;3;GLO;SBSP;SBVT;158,32;2930
2004;3;GLO;SBPS;SBSP;203,71;501
2004;3;GLO;SBCT;SBBR;328,79;14
2004;3;GLO;SBBH;SBKP;100,00;1
2004;3;GLO;SBCT;SBBR;248,72;181
2004;3;GLO;SBCT;SBBH;75,00;2
2004;3;GLO;SBGL;SBSP;293,00;1
2004;3;GLO;SBSV;SBRF;305,00;1
2004;3;GLO;SBCT;SBBH;126,77;978
2004;3;GLO;SBCT;SBBH;160,20;72
2004;3;GLO;SBFZ;SBBR;642,13;9
2004;3;GLO;SBPS;SBSP;145,89;1249
2004;3;GLO;SBRF;SBFZ;162,91;63
2004;3;GLO;SBSV;SBRF;140,95;29
2004;3;GLO;SBRJ;SBPA;226,07;81
2004;3;GLO;SBRJ;SBVT;142,00;2
2004;3;GLO;SBFL;SBRJ;245,50;2
2004;3;GLO;SBGR;SBGL;80,68;389
2004;3;GLO;SBBH;SBRJ;153,52;20
2004;3;GLO;SBKP;SBRJ;392,00;8
2004;3;GLO;SBBR;SBCT;408,34;71
2004;3;GLO;SBGL;SBFL;82,27;218
2004;3;GLO;SBSP;SBGO;356,01;1340
2004;3;GLO;SBSP;SBPS;187,76;30
2004;3;GLO;SBGL;SBRF;231,69;1262
2004;3;GLO;SBSV;SBRF;417,00;1
2004;3;GLO;SBFL;SBGR;94,24;2230
2004;3;GLO;SBSP;SBNF;230,05;57
2004;3;GLO;SBBR;SBGO;146,00;138
2004;3;GLO;SBBR;SBRJ;229,00;6
2004;3;GLO;SBBR;SBSP;448,09;62
2004;3;GLO;SBSP;SBFL;217,35;3580
2004;3;GLO;SBRF;SBSV;262,22;9
2004;3;GLO;SBKP;SBCT;259,32;56
2004;3;GLO;SBSP;SBGL;163,00;4
2004;3;GLO;SBBR;SBSP;331,62;24
2004;3;GLO;SBRF;SBSV;202,93;21
2004;3;GLO;SBSP;SBBH;345,00;2
2004;3;GLO;SBPA;SBFL;117,05;2143
2004;3;GLO;SBCT;SBSP;358,00;1
2004;3;GLO;SBFL;SBGL;184,04;23
2004;3;GLO;SBGL;SBPA;165,67;271
2004;3;GLO;SBBR;SBRJ;391,00;87
2004;3;GLO;SBGR;SBGL;316,60;45
2004;3;GLO;SBSP;SBCT;337,00;1
2004;3;GLO;SBPA;SBRJ;255,78;163
2004;3;GLO;SBPA;SBCT;134,00;16
2004;3;GLO;SBSP;SBBR;468,48;20
2004;3;GLO;SBFZ;SBRF;149,22;1363
2004;3;GLO;SBRJ;SBSP;188,52;5553
2004;3;GLO;SBFL;SBGL;269,84;291
2004;3;GLO;SBVT;SBRJ;150,77;4896
2004;3;GLO;SBSV;SBGL;554,00;1
2004;3;GLO;SBGL;SBSV;384,79;875
2004;3;GLO;SBSP;SBPA;339,17;5086
2004;3;GLO;SBSP;SBBR;343,63;29
2004;3;GLO;SBRF;SBSV;123,45;691
2004;3;GLO;SBSP;SBBH;211,81;87
2004;3;GLO;SBBR;SBFL;378,00;5
2004;3;GLO;SBGL;SBBR;261,00;8
2004;3;GLO;SBFL;SBRJ;191,35;16
2004;3;GLO;SBPA;SBSP;330,40;169
2004;3;GLO;SBKP;SBPA;212,50;8
2004;3;GLO;SBKP;SBBH;174,21;7
2004;3;GLO;SBFL;SBGL;312,28;11
2004;3;GLO;SBSP;SBCT;263,19;796
2004;3;GLO;SBRJ;SBSP;267,87;7711
2004;3;GLO;SBFL;SBSP;255,94;3
2004;3;GLO;SBKP;SBBH;135,41;406
2004;3;GLO;SBGL;SBSP;132,00;14
2004;3;GLO;SBBE;SBBR;337,42;268
2004;3;GLO;SBSP;SBVT;333,00;5
2004;3;GLO;SBSP;SBPS;152,92;1
2004;3;GLO;SBKP;SBBR;217,14;970
2004;3;GLO;SBRJ;SBFL;75,00;2
2004;3;GLO;SBBR;SBSV;397,33;493
2004;3;GLO;SBBR;SBFZ;709,50;2
2004;3;GLO;SBGL;SBRF;531,23;30
2004;3;GLO;SBSP;SBPA;304,65;4164
2004;3;GLO;SBFZ;SBRF;162,00;106
2004;3;GLO;SBBR;SBFL;270,00;2
2004;3;GLO;SBCT;SBPA;274,33;49
2004;3;GLO;SBGL;SBPA;166,67;3
2004;3;GLO;SBBH;SBSP;259,16;1119
2004;3;GLO;SBMQ;SBBE;107,71;2504
2004;3;GLO;SBBH;SBCT;267,00;2
2004;3;GLO;SBSP;SBNF;173,83;32
2004;3;GLO;SBRJ;SBKP;311,44;240
2004;3;GLO;SBRJ;SBVT;168,11;1698
2004;3;GLO;SBBR;SBPA;430,04;695
2004;3;GLO;SBCT;SBRJ;214,05;270
2004;3;GLO;SBPA;SBRJ;212,68;663
2004;3;GLO;SBSP;SBNF;168,65;31
2004;3;GLO;SBPA;SBGR;150,25;3439
2004;3;GLO;SBSV;SBRF;204,59;214
2004;3;GLO;SBSV;SBBR;416,62;421
2004;3;GLO;SBVT;SBSP;128,92;322
2004;3;GLO;SBBH;SBCT;183,00;82
2004;3;GLO;SBFL;SBGR;192,62;90
2004;3;GLO;SBBR;SBGL;150,00;1
2004;3;GLO;SBPA;SBGR;182,76;118
2004;3;GLO;SBSP;SBBH;256,19;327
2004;3;GLO;SBPA;SBCT;387,00;2
2004;3;GLO;SBGL;SBSP;152,76;42
2004;3;GLO;SBKP;SBRJ;100,00;6
2004;3;GLO;SBGL;SBSP;216,63;74
2004;3;GLO;SBRJ;SBCT;143,21;61
2004;3;GLO;SBSV;SBRF;284,70;28
2004;3;GLO;SBBH;SBSP;279,00;1
2004;3;GLO;SBFL;SBPA;138,06;723
2004;3;GLO;SBSV;SBRF;97,32;613
2004;3;GLO;SBSP;SBFL;368,00;1
2004;3;GLO;SBGO;SBBR;130,54;115
2004;3;GLO;SBKP;SBPA;255,00;7
2004;3;GLO;SBSP;SBPS;162,51;1062
2004;3;GLO;SBRJ;SBBH;157,66;67
2004;3;GLO;SBGL;SBPA;196,78;589
2004;3;GLO;SBPS;SBSP;132,48;31
2004;3;GLO;SBKP;SBRJ;278,69;1095
2004;3;GLO;SBFL;SBPA;302,00;3
2004;3;GLO;SBSV;SBGL;383,31;909
2004;3;GLO;SBPS;SBSP;89,06;252
2004;3;GLO;SBPA;SBCT;288,00;2
2004;3;GLO;SBRJ;SBFL;160,70;1588
2004;3;GLO;SBSP;SBBR;442,61;43
2004;3;GLO;SBBH;SBCT;143,07;370
2004;3;GLO;SBPA;SBGL;335,63;37
2004;3;GLO;SBGL;SBRF;338,96;139
2004;3;GLO;SBSP;SBBR;120,00;5
2004;3;GLO;SBBE;SBMQ;513,57;78
2004;3;GLO;SBBR;SBGL;331,22;53
2004;3;GLO;SBBH;SBKP;123,13;792
2004;3;GLO;SBRJ;SBBR;300,67;4034
2004;3;GLO;SBBR;SBPA;804,00;1
2004;3;GLO;SBSP;SBBR;357,44;429
2004;3;GLO;SBPA;SBCT;152,00;38
2004;3;GLO;SBFL;SBPA;121,30;2499
2004;3;GLO;SBSP;SBBH;150,00;2
2004;3;GLO;SBRF;SBFZ;427,00;2
2004;3;GLO;SBRJ;SBSP;171,92;156
2004;3;GLO;SBKP;SBPA;213,52;908
2004;3;GLO;SBCT;SBPA;154,35;29
2004;3;GLO;SBRJ;SBBH;188,26;350
2004;3;GLO;SBSP;SBPA;345,09;640
2004;3;GLO;SBFZ;SBBR;565,24;350
2004;3;GLO;SBBR;SBFL;178,75;100
2004;3;ONE;SBRF;SBSV;299,00;5
2004;3;ONE;SBCT;SBSP;189,00;161
2004;3;ONE;SBBR;SBSP;315,00;13
2004;3;ONE;SBRP;SBSP;199,00;12
2004;3;ONE;SBRP;SBSP;99,00;14
2004;3;ONE;SBRP;SBSP;149,00;43
2004;3;ONE;SBSV;SBBR;569,00;1
2004;3;ONE;SBVT;SBRJ;299,00;2
2004;3;ONE;SBFZ;SBRF;219,00;1
2004;3;ONE;SBSP;SBRP;199,00;18
2004;3;ONE;SBBR;SBSV;569,00;1
2004;3;ONE;SBRP;SBSP;299,00;3
2004;3;ONE;SBSP;SBRP;149,00;37
2004;3;ONE;SBSP;SBRP;299,00;4
2004;3;ONE;SBSP;SBBR;315,00;7
2004;3;ONE;SBSP;SBRP;239,00;2
2004;3;ONE;SBSP;SBCT;189,00;146
2004;3;ONE;SBSP;SBRP;99,00;11
2004;3;ONE;SBRF;SBSV;199,00;1
2004;3;ONE;SBSP;SBCT;219,00;17
2004;3;ONE;SBSP;SBCT;169,00;7
2004;3;PEP;SBBE;SBMQ;160,08;31
2004;3;PEP;SBBE;SBMQ;106,27;635
2004;3;PEP;SBMQ;SBBE;160,84;46
2004;3;PEP;SBMQ;SBBE;105,90;412
2004;3;PLY;SBMQ;SBBE;109,70;53
2004;3;PLY;SBMQ;SBBE;270,82;1
2004;3;PLY;SBBE;SBMQ;312,48;3
2004;3;PTN;SBSP;SBAU;549,00;38
2004;3;PTN;SBSP;SBML;439,00;135
2004;3;PTN;SBSP;SBBU;349,00;429
2004;3;PTN;SBSP;SBAU;529,00;66
2004;3;PTN;SBAU;SBSP;489,00;126
2004;3;PTN;SBSP;SBBU;479,00;124
2004;3;PTN;SBAU;SBSP;439,00;230
2004;3;PTN;SBBU;SBSP;549,00;48
2004;3;PTN;SBSP;SBML;579,00;45
2004;3;PTN;SBSP;SBML;509,00;75
2004;3;PTN;SBBU;SBSP;419,00;212
2004;3;PTN;SBSP;SBML;379,00;250
2004;3;PTN;SBBU;SBSP;509,00;68
2004;3;PTN;SBSP;SBBU;309,00;991
2004;3;PTN;SBSP;SBAU;409,00;563
2004;3;PTN;SBML;SBSP;379,00;233
2004;3;PTN;SBBU;SBSP;309,00;987
2004;3;PTN;SBBU;SBSP;349,00;500
2004;3;PTN;SBSP;SBAU;489,00;138
2004;3;PTN;SBSP;SBML;339,00;566
2004;3;PTN;SBML;SBSP;339,00;529
2004;3;PTN;SBAU;SBSP;409,00;552
2004;3;PTN;SBSP;SBAU;439,00;239
2004;3;PTN;SBBU;SBSP;479,00;116
2004;3;PTN;SBML;SBSP;509,00;62
2004;3;PTN;SBML;SBSP;579,00;41
2004;3;PTN;SBSP;SBAU;599,00;25
2004;3;PTN;SBML;SBSP;439,00;124
2004;3;PTN;SBSP;SBBU;419,00;219
2004;3;PTN;SBAU;SBSP;599,00;28
2004;3;PTN;SBML;SBSP;539,00;46
2004;3;PTN;SBSP;SBBU;549,00;57
2004;3;PTN;SBAU;SBSP;529,00;69
2004;3;PTN;SBAU;SBSP;549,00;42
2004;3;PTN;SBSP;SBBU;509,00;86
2004;3;PTN;SBSP;SBML;539,00;50
2004;3;TAM;SBGR;SBCF;606,00;6
2004;3;TAM;SBBR;SBGO;220,00;38
2004;3;TAM;SBBR;SBSP;679,00;241
2004;3;TAM;SBRJ;SBVT;272,00;341
2004;3;TAM;SBGL;SBRF;593,00;789
2004;3;TAM;SBGR;SBBR;807,00;21
2004;3;TAM;SBCT;SBGL;331,00;795
2004;3;TAM;SBGR;SBSV;585,00;1309
2004;3;TAM;SBBR;SBKP;657,00;46
2004;3;TAM;SBSP;SBPA;858,00;100
2004;3;TAM;SBPA;SBGR;233,00;172
2004;3;TAM;SBCF;SBGR;318,00;581
2004;3;TAM;SBGL;SBCT;736,00;30
2004;3;TAM;SBSP;SBPA;686,00;149
2004;3;TAM;SBGL;SBRF;964,00;2
2004;3;TAM;SBKP;SBPA;566,00;14
2004;3;TAM;SBSP;SBGL;276,00;3
2004;3;TAM;SBPA;SBGL;469,00;1473
2004;3;TAM;SBBR;SBBH;401,00;29
2004;3;TAM;SBPA;SBKP;699,00;6
2004;3;TAM;SBBH;SBBR;455,00;315
2004;3;TAM;SBPA;SBSP;752,00;27
2004;3;TAM;SBRF;SBFZ;273,00;31
2004;3;TAM;SBFL;SBCT;409,00;15
2004;3;TAM;SBCT;SBPA;188,00;1848
2004;3;TAM;SBKP;SBBR;796,00;7
2004;3;TAM;SBPA;SBSP;556,00;365
2004;3;TAM;SBBR;SBFL;1085,00;84
2004;3;TAM;SBSP;SBPS;639,00;4
2004;3;TAM;SBSP;SBUL;727,00;21
2004;3;TAM;SBBR;SBFL;738,00;16
2004;3;TAM;SBGO;SBSP;660,00;69
2004;3;TAM;SBGL;SBSV;821,00;57
2004;3;TAM;SBBR;SBBE;425,00;1103
2004;3;TAM;SBKP;SBPA;765,00;2
2004;3;TAM;SBGL;SBSV;899,00;1
2004;3;TAM;SBSV;SBGR;585,00;1807
2004;3;TAM;SBGR;SBGL;386,00;6
2004;3;TAM;SBPA;SBFL;299,00;48
2004;3;TAM;SBSV;SBBR;631,00;47
2004;3;TAM;SBBH;SBRJ;299,00;152
2004;3;TAM;SBGL;SBCT;331,00;852
2004;3;TAM;SBBH;SBCT;485,00;114
2004;3;TAM;SBFL;SBCT;344,00;7
2004;3;TAM;SBSP;SBVT;579,00;41
2004;3;TAM;SBRF;SBGL;863,00;20
2004;3;TAM;SBGL;SBRF;761,00;45
2004;3;TAM;SBBR;SBFZ;726,00;643
2004;3;TAM;SBGO;SBSP;534,00;134
2004;3;TAM;SBRF;SBGL;660,00;132
2004;3;TAM;SBGR;SBBR;549,00;19
2004;3;TAM;SBCT;SBKP;388,00;20
2004;3;TAM;SBRJ;SBBR;506,00;323
2004;3;TAM;SBPS;SBSP;639,00;46
2004;3;TAM;SBBR;SBFZ;815,00;31
2004;3;TAM;SBBR;SBCT;839,00;11
2004;3;TAM;SBGR;SBCT;411,00;11
2004;3;TAM;SBUL;SBSP;199,00;1
2004;3;TAM;SBSP;SBFL;668,00;24
2004;3;TAM;SBGO;SBBR;272,00;29
2004;3;TAM;SBSP;SBBR;917,00;271
2004;3;TAM;SBPA;SBFL;339,00;1
2004;3;TAM;SBRP;SBSP;363,00;2600
2004;3;TAM;SBSP;SBUL;403,00;2667
2004;3;TAM;SBGL;SBPA;592,00;57
2004;3;TAM;SBSP;SBFL;273,00;97
2004;3;TAM;SBFL;SBPA;209,00;11
2004;3;TAM;SBSP;SBVT;459,00;249
2004;3;TAM;SBGL;SBSV;508,00;117
2004;3;TAM;SBBR;SBKP;399,00;133
2004;3;TAM;SBRF;SBFZ;209,00;623
2004;3;TAM;SBSP;SBPS;499,00;606
2004;3;TAM;SBFZ;SBRF;434,00;18
2004;3;TAM;SBBR;SBBH;455,00;111
2004;3;TAM;SBRF;SBSV;579,00;9
2004;3;TAM;SBGL;SBSV;383,00;1447
2004;3;TAM;SBCT;SBBH;679,00;15
2004;3;TAM;SBBR;SBGR;614,00;1
2004;3;TAM;SBGR;SBFL;273,00;7
2004;3;TAM;SBSP;SBBH;463,00;319
2004;3;TAM;SBRJ;SBBR;419,00;5477
2004;3;TAM;SBBR;SBBE;867,00;5
2004;3;TAM;SBRJ;SBBH;339,00;125
2004;3;TAM;SBKP;SBGR;215,00;1
2004;3;TAM;SBPA;SBGR;816,00;27
2004;3;TAM;SBGR;SBSV;967,00;21
2004;3;TAM;SBBE;SBMQ;345,00;3
2004;3;TAM;SBFL;SBPA;418,00;8
2004;3;TAM;SBGR;SBCF;365,00;4
2004;3;TAM;SBGO;SBSP;597,00;85
2004;3;TAM;SBPA;SBFL;259,00;66
2004;3;TAM;SBBR;SBBH;655,00;2
2004;3;TAM;SBCT;SBBR;615,00;75
2004;3;TAM;SBVT;SBRJ;521,00;54
2004;3;TAM;SBCT;SBPA;579,00;3
2004;3;TAM;SBCT;SBBH;614,00;5
2004;3;TAM;SBCT;SBBR;995,00;56
2004;3;TAM;SBPA;SBGR;752,00;1
2004;3;TAM;SBCT;SBSP;339,00;296
2004;3;TAM;SBGR;SBFL;258,00;211
2004;3;TAM;SBSV;SBRF;189,00;759
2004;3;TAM;SBGR;SBBR;679,00;19
2004;3;TAM;SBCT;SBGL;505,00;8
2004;3;TAM;SBSP;SBRJ;212,00;2953
2004;3;TAM;SBBH;SBRJ;259,00;476
2004;3;TAM;SBSP;SBRP;519,00;35
2004;3;TAM;SBBE;SBMQ;309,00;9
2004;3;TAM;SBSP;SBUL;529,00;80
2004;3;TAM;SBGR;SBFL;510,00;6
2004;3;TAM;SBFL;SBSP;510,00;140
2004;3;TAM;SBRJ;SBBR;709,00;170
2004;3;TAM;SBSP;SBBR;419,00;13478
2004;3;TAM;SBCT;SBGR;487,00;26
2004;3;TAM;SBSP;SBVT;409,00;3920
2004;3;TAM;SBBH;SBRJ;458,00;3
2004;3;TAM;SBBR;SBSP;485,00;1584
2004;3;TAM;SBCT;SBSP;450,00;17
2004;3;TAM;SBGL;SBRF;660,00;134
2004;3;TAM;SBBR;SBSV;557,00;102
2004;3;TAM;SBGR;SBCF;512,00;5
2004;3;TAM;SBSP;SBCT;411,00;137
2004;3;TAM;SBRJ;SBBR;574,00;155
2004;3;TAM;SBSV;SBGL;977,00;112
2004;3;TAM;SBGL;SBRF;1167,00;2
2004;3;TAM;SBMQ;SBBE;345,00;1
2004;3;TAM;SBSV;SBBR;484,00;1054
2004;3;TAM;SBRF;SBSV;234,00;54
2004;3;TAM;SBBR;SBFZ;1007,00;15
2004;3;TAM;SBCT;SBBR;759,00;6
2004;3;TAM;SBCT;SBGL;459,00;52
2004;3;TAM;SBBR;SBFZ;911,00;5
2004;3;TAM;SBCT;SBGL;399,00;58
2004;3;TAM;SBSV;SBGL;508,00;122
2004;3;TAM;SBBR;SBSP;917,00;374
2004;3;TAM;SBFL;SBBR;1085,00;78
2004;3;TAM;SBSP;SBBH;681,00;216
2004;3;TAM;SBPA;SBSP;686,00;205
2004;3;TAM;SBGL;SBRF;863,00;17
2004;3;TAM;SBSP;SBUL;463,00;170
2004;3;TAM;SBFL;SBSP;668,00;28
2004;3;TAM;SBSV;SBBR;854,00;1
2004;3;TAM;SBSV;SBRF;358,00;70
2004;3;TAM;SBGR;SBPA;439,00;332
2004;3;TAM;SBFL;SBBR;825,00;10
2004;3;TAM;SBRF;SBFZ;434,00;14
2004;3;TAM;SBGR;SBSV;199,00;21
2004;3;TAM;SBCT;SBGR;309,00;1706
2004;3;TAM;SBFZ;SBRF;664,00;2
2004;3;TAM;SBKP;SBBR;399,00;132
2004;3;TAM;SBBR;SBRJ;506,00;269
2004;3;TAM;SBCT;SBGL;736,00;29
2004;3;TAM;SBBE;SBBR;1137,00;71
2004;3;TAM;SBBR;SBFZ;1103,00;5
2004;3;TAM;SBSP;SBUL;199,00;2
2004;3;TAM;SBSP;SBBR;743,00;26
2004;3;TAM;SBSV;SBGR;1149,00;305
2004;3;TAM;SBGR;SBPA;621,00;1
2004;3;TAM;SBKP;SBBR;727,00;20
2004;3;TAM;SBSV;SBGL;821,00;50
2004;3;TAM;SBGL;SBGR;313,00;7
2004;3;TAM;SBSV;SBBR;780,00;45
2004;3;TAM;SBRJ;SBVT;481,00;6
2004;3;TAM;SBVT;SBSP;839,00;25
2004;3;TAM;SBBH;SBCT;614,00;10
2004;3;TAM;SBFL;SBPA;299,00;60
2004;3;TAM;SBGL;SBPA;513,00;94
2004;3;TAM;SBCT;SBPA;243,00;28
2004;3;TAM;SBBH;SBRJ;418,00;75
2004;3;TAM;SBKP;SBBR;519,00;66
2004;3;TAM;SBCT;SBPA;478,00;6
2004;3;TAM;SBMQ;SBBE;189,00;25
2004;3;TAM;SBGL;SBPA;750,00;8
2004;3;TAM;SBPA;SBKP;376,00;1165
2004;3;TAM;SBPA;SBGR;556,00;17
2004;3;TAM;SBBR;SBBH;517,00;24
2004;3;TAM;SBBH;SBBR;348,00;63
2004;3;TAM;SBPA;SBFL;209,00;46
2004;3;TAM;SBGR;SBGL;243,00;180
2004;3;TAM;SBPA;SBFL;494,00;13
2004;3;TAM;SBBR;SBSP;419,00;14704
2004;3;TAM;SBBR;SBGO;298,00;28
2004;3;TAM;SBBE;SBBR;958,00;16
2004;3;TAM;SBSV;SBGL;899,00;2
2004;3;TAM;SBPA;SBKP;566,00;6
2004;3;TAM;SBKP;SBCT;469,00;7
2004;3;TAM;SBMQ;SBBE;381,00;14
2004;3;TAM;SBPA;SBKP;433,00;565
2004;3;TAM;SBGL;SBBR;419,00;2
2004;3;TAM;SBCT;SBGR;411,00;24
2004;3;TAM;SBSP;SBVT;519,00;101
2004;3;TAM;SBFL;SBGR;258,00;412
2004;3;TAM;SBBH;SBCT;807,00;28
2004;3;TAM;SBCT;SBBR;679,00;27
2004;3;TAM;SBGL;SBSV;586,00;128
2004;3;TAM;SBSP;SBBH;512,00;297
2004;3;TAM;SBFZ;SBRF;273,00;41
2004;3;TAM;SBRJ;SBBH;259,00;490
2004;3;TAM;SBCT;SBSP;513,00;160
2004;3;TAM;SBGR;SBGL;458,00;22
2004;3;TAM;SBGR;SBPA;816,00;20
2004;3;TAM;SBRJ;SBSP;458,00;737
2004;3;TAM;SBCT;SBGR;181,00;65
2004;3;TAM;SBMQ;SBBE;215,00;40
2004;3;TAM;SBBR;SBSV;484,00;793
2004;3;TAM;SBBR;SBCT;499,00;1616
2004;3;TAM;SBUL;SBSP;595,00;5
2004;3;TAM;SBBR;SBGR;419,00;926
2004;3;TAM;SBFZ;SBRF;220,00;53
2004;3;TAM;SBVT;SBSP;459,00;305
2004;3;TAM;SBBR;SBGL;419,00;21
2004;3;TAM;SBBR;SBFL;569,00;505
2004;3;TAM;SBSP;SBPS;790,00;20
2004;3;TAM;SBBR;SBBE;593,00;75
2004;3;TAM;SBGL;SBPA;671,00;25
2004;3;TAM;SBBH;SBSP;681,00;127
2004;3;TAM;SBGL;SBRF;199,00;321
2004;3;TAM;SBBH;SBBR;306,00;2378
2004;3;TAM;SBCF;SBGR;512,00;6
2004;3;TAM;SBPA;SBGR;686,00;26
2004;3;TAM;SBSV;SBGL;664,00;55
2004;3;TAM;SBSP;SBFL;258,00;2770
2004;3;TAM;SBUL;SBSP;403,00;2540
2004;3;TAM;SBBR;SBFL;500,00;1746
2004;3;TAM;SBFL;SBGR;461,00;2
2004;3;TAM;SBRJ;SBSP;212,00;3091
2004;3;TAM;SBBR;SBRJ;419,00;5628
2004;3;TAM;SBGO;SBBR;298,00;2
2004;3;TAM;SBCT;SBPA;216,00;81
2004;3;TAM;SBVT;SBRJ;314,00;77
2004;3;TAM;SBPS;SBSP;976,00;16
2004;3;TAM;SBSV;SBGR;229,00;110
2004;3;TAM;SBKP;SBBR;588,00;81
2004;3;TAM;SBFL;SBSP;258,00;2704
2004;3;TAM;SBSP;SBRP;396,00;85
2004;3;TAM;SBRF;SBFZ;324,00;11
2004;3;TAM;SBBR;SBSV;780,00;20
2004;3;TAM;SBSP;SBBH;365,00;788
2004;3;TAM;SBRP;SBSP;396,00;70
2004;3;TAM;SBBR;SBFL;999,00;4
2004;3;TAM;SBFZ;SBRF;376,00;73
2004;3;TAM;SBFL;SBBR;500,00;2026
2004;3;TAM;SBGR;SBFL;316,00;6
2004;3;TAM;SBSP;SBCT;513,00;150
2004;3;TAM;SBBH;SBCT;679,00;18
2004;3;TAM;SBGR;SBCF;414,00;2
2004;3;TAM;SBRF;SBGL;1269,00;53
2004;3;TAM;SBCT;SBPA;327,00;63
2004;3;TAM;SBBR;SBGO;246,00;34
2004;3;TAM;SBSV;SBGL;586,00;187
2004;3;TAM;SBRF;SBGL;259,00;114
2004;3;TAM;SBVT;SBSP;579,00;49
2004;3;TAM;SBGR;SBSV;875,00;2
2004;3;TAM;SBKP;SBPA;433,00;377
2004;3;TAM;SBSV;SBGL;459,00;159
2004;3;TAM;SBBR;SBSV;631,00;51
2004;3;TAM;SBSV;SBRF;469,00;6
2004;3;TAM;SBGO;SBSP;865,00;45
2004;3;TAM;SBBH;SBSP;560,00;34
2004;3;TAM;SBSP;SBVT;639,00;66
2004;3;TAM;SBPS;SBSP;790,00;59
2004;3;TAM;SBBH;SBBR;401,00;302
2004;3;TAM;SBSV;SBGL;383,00;1627
2004;3;TAM;SBGR;SBGL;313,00;15
2004;3;TAM;SBCT;SBGL;699,00;1
2004;3;TAM;SBBH;SBBR;586,00;62
2004;3;TAM;SBKP;SBCT;388,00;14
2004;3;TAM;SBRJ;SBVT;397,00;23
2004;3;TAM;SBGL;SBPA;229,00;40
2004;3;TAM;SBBR;SBFL;825,00;8
2004;3;TAM;SBSV;SBRF;234,00;55
2004;3;TAM;SBCT;SBBR;499,00;2229
2004;3;TAM;SBRF;SBGL;229,00;28
2004;3;TAM;SBRJ;SBBH;418,00;72
2004;3;TAM;SBGL;SBSV;977,00;77
2004;3;TAM;SBSV;SBGL;229,00;5
2004;3;TAM;SBCT;SBBR;565,00;308
2004;3;TAM;SBSP;SBPS;976,00;5
2004;3;TAM;SBRF;SBFZ;607,00;16
2004;3;TAM;SBSP;SBGO;479,00;3958
2004;3;TAM;SBSP;SBPA;439,00;5961
2004;3;TAM;SBCT;SBKP;469,00;5
2004;3;TAM;SBPA;SBGL;513,00;116
2004;3;TAM;SBBR;SBGR;549,00;9
2004;3;TAM;SBSP;SBCT;309,00;10414
2004;3;TAM;SBGR;SBKP;215,00;1
2004;3;TAM;SBBR;SBRJ;709,00;165
2004;3;TAM;SBGR;SBPA;556,00;3
2004;3;TAM;SBFL;SBCT;286,00;556
2004;3;TAM;SBSP;SBGO;865,00;27
2004;3;TAM;SBBH;SBCT;390,00;18
2004;3;TAM;SBRF;SBGL;199,00;375
2004;3;TAM;SBGO;SBBR;194,00;120
2004;3;TAM;SBBR;SBCT;759,00;8
2004;3;TAM;SBGR;SBSV;229,00;129
2004;3;TAM;SBFZ;SBRF;607,00;19
2004;3;TAM;SBSP;SBPA;621,00;57
2004;3;TAM;SBFZ;SBBR;1199,00;70
2004;3;TAM;SBBH;SBCT;743,00;2
2004;3;TAM;SBGL;SBGR;350,00;3
2004;3;TAM;SBBR;SBCT;615,00;94
2004;3;TAM;SBSP;SBRP;363,00;2587
2004;3;TAM;SBBH;SBSP;512,00;230
2004;3;TAM;SBSP;SBRP;434,00;2
2004;3;TAM;SBKP;SBPA;832,00;25
2004;3;TAM;SBBR;SBGO;194,00;110
2004;3;TAM;SBKP;SBCT;309,00;988
2004;3;TAM;SBGR;SBCT;181,00;25
2004;3;TAM;SBSP;SBPA;752,00;18
2004;3;TAM;SBGR;SBGL;423,00;2
2004;3;TAM;SBFL;SBGR;510,00;16
2004;3;TAM;SBFZ;SBBR;815,00;15
2004;3;TAM;SBGO;SBBR;324,00;23
2004;3;TAM;SBRF;SBFZ;549,00;10
2004;3;TAM;SBSP;SBRJ;319,00;25718
2004;3;TAM;SBBR;SBBE;776,00;9
2004;3;TAM;SBCT;SBGR;372,00;3
2004;3;TAM;SBPA;SBGL;199,00;62
2004;3;TAM;SBKP;SBBR;309,00;1284
2004;3;TAM;SBBR;SBKP;450,00;175
2004;3;TAM;SBBH;SBRJ;224,00;298
2004;3;TAM;SBPA;SBCT;188,00;1811
2004;3;TAM;SBPA;SBFL;418,00;8
2004;3;TAM;SBPA;SBSP;621,00;134
2004;3;TAM;SBPA;SBGL;229,00;92
2004;3;TAM;SBBR;SBBE;513,00;43
2004;3;TAM;SBBR;SBCT;995,00;43
2004;3;TAM;SBSP;SBBH;414,00;651
2004;3;TAM;SBBR;SBKP;727,00;58
2004;3;TAM;SBPA;SBCT;627,00;55
2004;3;TAM;SBVT;SBRJ;481,00;4
2004;3;TAM;SBBE;SBBR;867,00;1
2004;3;TAM;SBRJ;SBVT;356,00;23
2004;3;TAM;SBCT;SBPA;428,00;4
2004;3;TAM;SBSP;SBBR;679,00;311
2004;3;TAM;SBRF;SBGL;593,00;851
2004;3;TAM;SBCT;SBKP;348,00;160
2004;3;TAM;SBGR;SBCT;372,00;1
2004;3;TAM;SBSV;SBGR;1059,00;5
2004;3;TAM;SBFL;SBPA;339,00;12
2004;3;TAM;SBGO;SBSP;479,00;3524
2004;3;TAM;SBBR;SBCT;679,00;26
2004;3;TAM;SBSV;SBGR;199,00;24
2004;3;TAM;SBRJ;SBBH;224,00;380
2004;3;TAM;SBGL;SBSV;459,00;206
2004;3;TAM;SBGL;SBRF;259,00;103
2004;3;TAM;SBUL;SBSP;727,00;24
2004;3;TAM;SBSV;SBBR;928,00;60
2004;3;TAM;SBVT;SBRJ;439,00;40
2004;3;TAM;SBRF;SBFZ;698,00;23
2004;3;TAM;SBRF;SBFZ;376,00;46
2004;3;TAM;SBUL;SBSP;529,00;109
2004;3;TAM;SBSP;SBUL;319,00;1
2004;3;TAM;SBGL;SBCT;459,00;16
2004;3;TAM;SBCT;SBFL;409,00;5
2004;3;TAM;SBVT;SBRJ;397,00;16
2004;3;TAM;SBRJ;SBBR;449,00;926
2004;3;TAM;SBSV;SBGR;783,00;15
2004;3;TAM;SBRF;SBGL;761,00;50
2004;3;TAM;SBGL;SBRF;1269,00;49
2004;3;TAM;SBSV;SBGR;691,00;113
2004;3;TAM;SBRJ;SBBH;200,00;4520
2004;3;TAM;SBSP;SBVT;839,00;23
2004;3;TAM;SBBR;SBFZ;1199,00;37
2004;3;TAM;SBSP;SBFL;364,00;69
2004;3;TAM;SBGR;SBFL;364,00;2
2004;3;TAM;SBVT;SBSP;409,00;3528
2004;3;TAM;SBCT;SBSP;309,00;10307
2004;3;TAM;SBKP;SBCT;428,00;9
2004;3;TAM;SBSV;SBGL;199,00;3
2004;3;TAM;SBRF;SBSV;189,00;547
2004;3;TAM;SBVT;SBSP;639,00;81
2004;3;TAM;SBPS;SBSP;579,00;101
2004;3;TAM;SBSP;SBBR;614,00;323
2004;3;TAM;SBPA;SBKP;499,00;57
2004;3;TAM;SBPA;SBKP;832,00;28
2004;3;TAM;SBBR;SBSP;614,00;126
2004;3;TAM;SBFZ;SBBR;1007,00;13
2004;3;TAM;SBKP;SBBR;450,00;220
2004;3;TAM;SBGR;SBSV;691,00;39
2004;3;TAM;SBBR;SBGL;842,00;1
2004;3;TAM;SBFL;SBCT;311,00;10
2004;3;TAM;SBSV;SBBR;705,00;45
2004;3;TAM;SBBE;SBBR;425,00;985
2004;3;TAM;SBFZ;SBRF;491,00;28
2004;3;TAM;SBPA;SBGL;592,00;90
2004;3;TAM;SBSP;SBUL;595,00;15
2004;3;TAM;SBGR;SBGL;350,00;1
2004;3;TAM;SBBH;SBBR;517,00;127
2004;3;TAM;SBBR;SBGO;324,00;114
2004;3;TAM;SBKP;SBCT;487,00;52
2004;3;TAM;SBGL;SBCT;399,00;65
2004;3;TAM;SBCF;SBGR;606,00;9
2004;3;TAM;SBGL;SBPA;982,00;39
2004;3;TAM;SBRF;SBFZ;491,00;21
2004;3;TAM;SBCT;SBKP;428,00;15
2004;3;TAM;SBGL;SBGR;386,00;4
2004;3;TAM;SBBR;SBFL;652,00;78
2004;3;TAM;SBBE;SBBR;513,00;102
2004;3;TAM;SBSP;SBGL;243,00;1
2004;3;TAM;SBPA;SBCT;478,00;9
2004;3;TAM;SBGL;SBSV;664,00;17
2004;3;TAM;SBFL;SBPA;494,00;8
2004;3;TAM;SBGR;SBCT;339,00;34
2004;3;TAM;SBPA;SBGL;671,00;51
2004;3;TAM;SBBH;SBBR;862,00;57
2004;3;TAM;SBSP;SBPS;579,00;84
2004;3;TAM;SBRJ;SBVT;439,00;43
2004;3;TAM;SBUL;SBSP;463,00;148
2004;3;TAM;SBBH;SBCT;549,00;34
2004;3;TAM;SBGR;SBPA;233,00;168
2004;3;TAM;SBPA;SBGR;621,00;6
2004;3;TAM;SBKP;SBCT;348,00;84
2004;3;TAM;SBSV;SBRF;524,00;1
2004;3;TAM;SBCT;SBFL;344,00;3
2004;3;TAM;SBBH;SBRJ;339,00;84
2004;3;TAM;SBGL;SBCT;625,00;17
2004;3;TAM;SBRF;SBSV;358,00;92
2004;3;TAM;SBSP;SBRP;329,00;1
2004;3;TAM;SBMQ;SBBE;454,00;14
2004;3;TAM;SBRJ;SBBH;378,00;104
2004;3;TAM;SBFL;SBPA;259,00;40
2004;3;TAM;SBPA;SBCT;528,00;23
2004;3;TAM;SBRJ;SBBH;299,00;170
2004;3;TAM;SBPA;SBCT;216,00;103
2004;3;TAM;SBFZ;SBRF;549,00;10
2004;3;TAM;SBFL;SBGR;316,00;43
2004;3;TAM;SBBR;SBFL;912,00;30
2004;3;TAM;SBBR;SBGL;449,00;1
2004;3;TAM;SBRJ;SBVT;314,00;38
2004;3;TAM;SBSP;SBCT;372,00;34
2004;3;TAM;SBCT;SBSP;411,00;115
2004;3;TAM;SBCF;SBGR;414,00;3
2004;3;TAM;SBCT;SBFL;311,00;7
2004;3;TAM;SBGR;SBGL;276,00;99
2004;3;TAM;SBFZ;SBRF;698,00;26
2004;3;TAM;SBPA;SBGL;750,00;18
2004;3;TAM;SBVT;SBSP;519,00;99
2004;3;TAM;SBBR;SBKP;309,00;1113
2004;3;TAM;SBFL;SBBR;738,00;20
2004;3;TAM;SBSP;SBGO;597,00;14
2004;3;TAM;SBCT;SBBH;549,00;70
2004;3;TAM;SBPA;SBCT;327,00;67
2004;3;TAM;SBGL;SBPA;908,00;1
2004;3;TAM;SBBR;SBGR;807,00;26
2004;3;TAM;SBFL;SBGR;364,00;16
2004;3;TAM;SBFZ;SBRF;209,00;488
2004;3;TAM;SBSV;SBGL;743,00;11
2004;3;TAM;SBRF;SBSV;524,00;1
2004;3;TAM;SBBR;SBSP;549,00;479
2004;3;TAM;SBVT;SBRJ;356,00;40
2004;3;TAM;SBRF;SBGL;964,00;5
2004;3;TAM;SBFL;SBBR;569,00;223
2004;3;TAM;SBGL;SBRF;1066,00;29
2004;3;TAM;SBBR;SBGR;743,00;1
2004;3;TAM;SBCT;SBBR;839,00;12
2004;3;TAM;SBRF;SBSV;469,00;10
2004;3;TAM;SBSP;SBPA;556,00;259
2004;3;TAM;SBBR;SBBH;306,00;2949
2004;3;TAM;SBFL;SBGR;413,00;18
2004;3;TAM;SBBR;SBCT;565,00;469
2004;3;TAM;SBKP;SBPA;699,00;2
2004;3;TAM;SBRF;SBSV;295,00;4
2004;3;TAM;SBPA;SBSP;858,00;150
2004;3;TAM;SBSP;SBFL;461,00;4
2004;3;TAM;SBGL;SBSV;743,00;8
2004;3;TAM;SBSV;SBRF;579,00;6
2004;3;TAM;SBBR;SBKP;588,00;57
2004;3;TAM;SBGL;SBGR;458,00;9
2004;3;TAM;SBGR;SBCF;463,00;1
2004;3;TAM;SBSP;SBBR;485,00;1799
2004;3;TAM;SBPA;SBGL;829,00;29
2004;3;TAM;SBBH;SBRJ;496,00;78
2004;3;TAM;SBPS;SBSP;714,00;11
2004;3;TAM;SBFZ;SBBR;1103,00;1
2004;3;TAM;SBBR;SBBE;685,00;11
2004;3;TAM;SBCT;SBKP;309,00;752
2004;3;TAM;SBBR;SBRJ;842,00;308
2004;3;TAM;SBBR;SBGR;485,00;59
2004;3;TAM;SBBE;SBBR;593,00;85
2004;3;TAM;SBBE;SBBR;776,00;9
2004;3;TAM;SBCT;SBGL;625,00;18
2004;3;TAM;SBBR;SBSV;854,00;1
2004;3;TAM;SBBR;SBKP;519,00;112
2004;3;TAM;SBGL;SBPA;469,00;1355
2004;3;TAM;SBPS;SBSP;499,00;481
2004;3;TAM;SBUL;SBSP;319,00;1
2004;3;TAM;SBBH;SBRJ;378,00;77
2004;3;TAM;SBFZ;SBBR;911,00;3
2004;3;TAM;SBBR;SBSP;743,00;24
2004;3;TAM;SBPA;SBCT;243,00;17
2004;3;TAM;SBGR;SBSV;1149,00;169
2004;3;TAM;SBKP;SBBR;657,00;34
2004;3;TAM;SBSP;SBFL;413,00;36
2004;3;TAM;SBGO;SBBR;220,00;54
2004;3;TAM;SBRJ;SBBH;458,00;6
2004;3;TAM;SBSP;SBBH;318,00;9086
2004;3;TAM;SBGR;SBSV;783,00;8
2004;3;TAM;SBBR;SBBH;724,00;28
2004;3;TAM;SBBR;SBRJ;449,00;545
2004;3;TAM;SBSV;SBBR;557,00;89
2004;3;TAM;SBFL;SBSP;273,00;84
2004;3;TAM;SBPA;SBGL;908,00;5
2004;3;TAM;SBSP;SBGO;534,00;71
2004;3;TAM;SBMQ;SBBE;255,00;5
2004;3;TAM;SBPA;SBFL;378,00;6
2004;3;TAM;SBKP;SBPA;376,00;936
2004;3;TAM;SBBR;SBRJ;776,00;19
2004;3;TAM;SBVT;SBSP;699,00;16
2004;3;TAM;SBCT;SBSP;372,00;52
2004;3;TAM;SBGR;SBCT;309,00;1145
2004;3;TAM;SBRF;SBGL;1066,00;28
2004;3;TAM;SBSP;SBUL;364,00;35
2004;3;TAM;SBPA;SBGL;982,00;95
2004;3;TAM;SBFL;SBSP;413,00;54
2004;3;TAM;SBGR;SBBR;743,00;1
2004;3;TAM;SBFL;SBGR;607,00;2
2004;3;TAM;SBGL;SBCT;505,00;6
2004;3;TAM;SBBR;SBBH;348,00;166
2004;3;TAM;SBCT;SBGR;339,00;28
2004;3;TAM;SBRF;SBFZ;664,00;2
2004;3;TAM;SBBR;SBBE;1137,00;20
2004;3;TAM;SBFL;SBBR;912,00;26
2004;3;TAM;SBKP;SBPA;499,00;28
2004;3;TAM;SBGR;SBBR;485,00;21
2004;3;TAM;SBBH;SBSP;463,00;262
2004;3;TAM;SBBR;SBBH;586,00;36
2004;3;TAM;SBPA;SBCT;377,00;148
2004;3;TAM;SBRJ;SBSP;319,00;25995
2004;3;TAM;SBGR;SBPA;686,00;7
2004;3;TAM;SBCT;SBBH;341,00;1057
2004;3;TAM;SBSV;SBGR;875,00;5
2004;3;TAM;SBCT;SBBH;485,00;96
2004;3;TAM;SBCT;SBPA;627,00;27
2004;3;TAM;SBBH;SBCT;341,00;1306
2004;3;TAM;SBBR;SBRJ;574,00;115
2004;3;TAM;SBFL;SBSP;461,00;10
2004;3;TAM;SBGL;SBPA;829,00;32
2004;3;TAM;SBUL;SBSP;364,00;40
2004;3;TAM;SBFL;SBSP;364,00;82
2004;3;TAM;SBBR;SBRJ;641,00;81
2004;3;TAM;SBCT;SBBH;420,00;237
2004;3;TAM;SBFL;SBBR;652,00;70
2004;3;TAM;SBSP;SBRJ;458,00;809
2004;3;TAM;SBPA;SBSP;439,00;5538
2004;3;TAM;SBSP;SBFL;510,00;121
2004;3;TAM;SBMQ;SBBE;309,00;5
2004;3;TAM;SBCT;SBPA;528,00;25
2004;3;TAM;SBBR;SBBE;958,00;16
2004;3;TAM;SBGR;SBBR;419,00;926
2004;3;TAM;SBCT;SBBH;390,00;26
2004;3;TAM;SBFZ;SBRF;324,00;10
2004;3;TAM;SBSP;SBFL;558,00;2
2004;3;TAM;SBBE;SBBR;685,00;10
2004;3;TAM;SBBH;SBRJ;200,00;4425
2004;3;TAM;SBRJ;SBBR;842,00;313
2004;3;TAM;SBRF;SBSV;687,00;34
2004;3;TAM;SBSP;SBBH;560,00;54
2004;3;TAM;SBGR;SBCF;318,00;453
2004;3;TAM;SBPA;SBGR;439,00;553
2004;3;TAM;SBCT;SBBH;807,00;49
2004;3;TAM;SBBE;SBMQ;189,00;9
2004;3;TAM;SBBR;SBGO;272,00;49
2004;3;TAM;SBBR;SBBH;862,00;64
2004;3;TAM;SBKP;SBPA;632,00;2
2004;3;TAM;SBBH;SBCT;420,00;212
2004;3;TAM;SBRJ;SBBR;776,00;34
2004;3;TAM;SBCF;SBGR;365,00;4
2004;3;TAM;SBGL;SBCT;579,00;4
2004;3;TAM;SBBH;SBSP;318,00;9140
2004;3;TAM;SBGO;SBSP;723,00;19
2004;3;TAM;SBGL;SBGR;276,00;34
2004;3;TAM;SBSP;SBCT;450,00;6
2004;3;TAM;SBCT;SBFL;286,00;486
2004;3;TAM;SBBH;SBSP;414,00;468
2004;3;TAM;SBBE;SBMQ;454,00;7
2004;3;TAM;SBRJ;SBVT;521,00;34
2004;3;TAM;SBBR;SBGR;679,00;23
2004;3;TAM;SBBE;SBMQ;381,00;10
2004;3;TAM;SBBH;SBBR;793,00;3
2004;3;TAM;SBBE;SBMQ;215,00;41
2004;3;TAM;SBSV;SBGR;967,00;34
2004;3;TAM;SBGO;SBBR;246,00;13
2004;3;TAM;SBGL;SBRF;229,00;43
2004;3;TAM;SBSV;SBRF;687,00;34
2004;3;TAM;SBSP;SBFL;316,00;132
2004;3;TAM;SBBR;SBSV;928,00;149
2004;3;TAM;SBSV;SBRF;295,00;6
2004;3;TAM;SBBR;SBKP;863,00;32
2004;3;TAM;SBBH;SBBR;724,00;40
2004;3;TAM;SBGL;SBPA;199,00;35
2004;3;TAM;SBRJ;SBVT;200,00;2919
2004;3;TAM;SBRJ;SBBR;641,00;88
2004;3;TAM;SBBR;SBSV;705,00;15
2004;3;TAM;SBSP;SBVT;699,00;2
2004;3;TAM;SBPA;SBKP;632,00;2
2004;3;TAM;SBBH;SBBR;655,00;25
2004;3;TAM;SBBE;SBMQ;255,00;4
2004;3;TAM;SBRJ;SBBH;496,00;119
2004;3;TAM;SBSP;SBBR;549,00;935
2004;3;TAM;SBVT;SBRJ;200,00;2643
2004;3;TAM;SBRF;SBSV;413,00;15
2004;3;TAM;SBSP;SBGO;660,00;59
2004;3;TAM;SBBH;SBSP;365,00;931
2004;3;TAM;SBCT;SBKP;487,00;53
2004;3;TAM;SBFZ;SBBR;726,00;434
2004;3;TAM;SBRP;SBSP;519,00;57
2004;3;TAM;SBKP;SBBR;863,00;56
2004;3;TAM;SBFL;SBSP;316,00;194
2004;3;TAM;SBFL;SBGR;273,00;17
2004;3;TAM;SBVT;SBRJ;272,00;318
2004;3;TAM;SBPA;SBCT;428,00;11
2004;3;TAM;SBRF;SBFZ;220,00;51
2004;3;TAM;SBSV;SBRF;413,00;21
2004;3;TAM;SBGR;SBFL;607,00;2
2004;3;TAM;SBBR;SBKP;796,00;24
2004;3;TAM;SBCT;SBPA;377,00;183
2004;3;TAM;SBSP;SBCT;339,00;390
2004;3;TAM;SBGL;SBGR;243,00;62
2004;3;TAM;SBGR;SBCT;487,00;30
2004;3;VRG;SBGL;SBSV;977,00;411
2004;3;VRG;SBEG;SBGR;1268,00;52
2004;3;VRG;SBVT;SBRJ;235,35;1
2004;3;VRG;SBPA;SBGL;513,00;399
2004;3;VRG;SBSV;SBRF;310,05;18
2004;3;VRG;SBRF;SBSV;358,00;240
2004;3;VRG;SBPA;SBCT;216,00;9
2004;3;VRG;SBFL;SBGR;607,00;219
2004;3;VRG;SBRJ;SBVT;397,00;19
2004;3;VRG;SBFL;SBGR;258,00;477
2004;3;VRG;SBGL;SBCT;625,00;17
2004;3;VRG;SBBR;SBSP;614,00;103
2004;3;VRG;SBSP;SBBH;365,00;775
2004;3;VRG;SBRF;SBSV;189,00;1174
2004;3;VRG;SBCT;SBKP;469,00;14
2004;3;VRG;SBNF;SBSP;297,00;695
2004;3;VRG;SBBH;SBRJ;418,00;11
2004;3;VRG;SBBR;SBFL;500,00;150
2004;3;VRG;SBCF;SBGR;365,00;721
2004;3;VRG;SBRF;SBFZ;491,00;211
2004;3;VRG;SBRF;SBGL;761,00;283
2004;3;VRG;SBFL;SBPA;458,00;177
2004;3;VRG;SBRJ;SBBH;200,00;4269
2004;3;VRG;SBEG;SBGR;1751,00;36
2004;3;VRG;SBKP;SBRJ;242,10;11
2004;3;VRG;SBBR;SBBH;301,05;8
2004;3;VRG;SBPA;SBBR;645,00;1477
2004;3;VRG;SBSP;SBBH;318,00;6722
2004;3;VRG;SBCT;SBFL;311,00;3
2004;3;VRG;SBGR;SBPA;367,65;236
2004;3;VRG;SBFL;SBPA;140,00;1488
2004;3;VRG;SBGL;SBSV;459,00;1217
2004;3;VRG;SBCT;SBGR;372,00;133
2004;3;VRG;SBNF;SBSP;251,00;3250
2004;3;VRG;SBBH;SBSP;560,00;80
2004;3;VRG;SBRJ;SBKP;463,00;14
2004;3;VRG;SBBR;SBRJ;379,80;62
2004;3;VRG;SBPA;SBFL;378,00;20
2004;3;VRG;SBRJ;SBVT;356,00;185
2004;3;VRG;SBPA;SBCT;188,00;1306
2004;3;VRG;SBVT;SBRJ;356,00;280
2004;3;VRG;SBFL;SBGL;549,00;144
2004;3;VRG;SBFZ;SBBR;911,00;17
2004;3;VRG;SBRF;SBFZ;665,00;10
2004;3;VRG;SBSP;SBFL;558,00;32
2004;3;VRG;SBBR;SBFL;488,70;15
2004;3;VRG;SBCF;SBGR;609,00;238
2004;3;VRG;SBGL;SBPA;671,00;183
2004;3;VRG;SBRF;SBGL;1513,00;283
2004;3;VRG;SBBE;SBBR;1141,00;140
2004;3;VRG;SBGL;SBSV;743,00;48
2004;3;VRG;SBRF;SBGL;1066,00;10
2004;3;VRG;SBBR;SBPA;929,00;75
2004;3;VRG;SBVT;SBRJ;439,00;17
2004;3;VRG;SBGR;SBPA;621,00;238
2004;3;VRG;SBPS;SBSP;499,00;547
2004;3;VRG;SBKP;SBRJ;413,00;41
2004;3;VRG;SBCT;SBKP;309,00;1085
2004;3;VRG;SBGR;SBCT;339,00;617
2004;3;VRG;SBGR;SBEG;1535,00;295
2004;3;VRG;SBBH;SBRJ;498,00;688
2004;3;VRG;SBUL;SBSP;199,00;38
2004;3;VRG;SBSP;SBFL;461,00;7
2004;3;VRG;SBSP;SBCT;450,00;70
2004;3;VRG;SBGR;SBPA;817,00;1612
2004;3;VRG;SBPA;SBCT;528,00;1
2004;3;VRG;SBFZ;SBRF;491,00;283
2004;3;VRG;SBBR;SBPA;645,00;1180
2004;3;VRG;SBSV;SBBR;706,00;31
2004;3;VRG;SBCT;SBRJ;459,00;43
2004;3;VRG;SBBR;SBKP;309,00;383
2004;3;VRG;SBCF;SBGR;274,05;55
2004;3;VRG;SBGR;SBEG;782,00;2539
2004;3;VRG;SBFZ;SBRF;549,00;17
2004;3;VRG;SBFL;SBGR;273,00;437
2004;3;VRG;SBBR;SBPA;1468,00;162
2004;3;VRG;SBGR;SBCF;274,05;38
2004;3;VRG;SBEG;SBGR;782,00;2251
2004;3;VRG;SBBR;SBPA;550,35;34
2004;3;VRG;SBBR;SBGL;419,00;463
2004;3;VRG;SBSV;SBBR;780,00;11
2004;3;VRG;SBKP;SBBH;660,00;19
2004;3;VRG;SBGR;SBFL;607,00;357
2004;3;VRG;SBSP;SBGO;353,25;34
2004;3;VRG;SBCT;SBGL;736,00;207
2004;3;VRG;SBFZ;SBRF;315,45;88
2004;3;VRG;SBBH;SBRJ;299,00;199
2004;3;VRG;SBFL;SBBR;1086,00;29
2004;3;VRG;SBKP;SBRJ;373,00;192
2004;3;VRG;SBSP;SBRP;395,00;127
2004;3;VRG;SBGR;SBCF;463,00;43
2004;3;VRG;SBVT;SBRJ;200,00;2232
2004;3;VRG;SBCF;SBGR;560,00;806
2004;3;VRG;SBGR;SBBR;419,00;876
2004;3;VRG;SBBH;SBKP;414,00;14
2004;3;VRG;SBBR;SBBH;348,00;391
2004;3;VRG;SBGL;SBSV;664,00;746
2004;3;VRG;SBBE;SBMQ;204,30;21
2004;3;VRG;SBMQ;SBBE;125,00;290
2004;3;VRG;SBSV;SBRF;295,00;150
2004;3;VRG;SBGL;SBPA;908,00;63
2004;3;VRG;SBGL;SBPA;469,00;2623
2004;3;VRG;SBRJ;SBBH;378,00;12
2004;3;VRG;SBRJ;SBBR;574,00;1112
2004;3;VRG;SBKP;SBBR;796,00;2
2004;3;VRG;SBGL;SBFL;678,00;2
2004;3;VRG;SBBR;SBGR;485,00;421
2004;3;VRG;SBFL;SBGL;484,00;96
2004;3;VRG;SBGL;SBSV;383,00;1089
2004;3;VRG;SBBR;SBKP;399,00;199
2004;3;VRG;SBGL;SBCT;505,00;198
2004;3;VRG;SBGL;SBSV;1164,00;151
2004;3;VRG;SBCT;SBKP;348,00;90
2004;3;VRG;SBPA;SBGL;1184,00;323
2004;3;VRG;SBPA;SBFL;498,00;109
2004;3;VRG;SBSP;SBGO;659,00;12
2004;3;VRG;SBSP;SBUL;595,00;57
2004;3;VRG;SBNF;SBSP;480,00;62
2004;3;VRG;SBSP;SBUL;319,00;46
2004;3;VRG;SBPA;SBSP;367,65;112
2004;3;VRG;SBCT;SBPA;377,00;150
2004;3;VRG;SBRF;SBSV;295,00;121
2004;3;VRG;SBFL;SBSP;413,00;287
2004;3;VRG;SBGR;SBEG;750,60;147
2004;3;VRG;SBFL;SBBR;825,00;11
2004;3;VRG;SBMQ;SBBE;345,00;4
2004;3;VRG;SBVT;SBSP;639,00;9
2004;3;VRG;SBSP;SBNF;434,00;29
2004;3;VRG;SBBR;SBGL;574,00;70
2004;3;VRG;SBFZ;SBRF;665,00;48
2004;3;VRG;SBGR;SBEG;1834,00;39
2004;3;VRG;SBBR;SBSV;557,00;1073
2004;3;VRG;SBBR;SBRJ;641,00;54
2004;3;VRG;SBBH;SBRJ;339,00;248
2004;3;VRG;SBCF;SBGR;731,00;174
2004;3;VRG;SBBR;SBBE;513,00;354
2004;3;VRG;SBSP;SBFL;273,15;138
2004;3;VRG;SBCT;SBFL;344,00;1
2004;3;VRG;SBRJ;SBVT;314,00;205
2004;3;VRG;SBBH;SBBR;455,00;517
2004;3;VRG;SBFL;SBGR;728,00;1
2004;3;VRG;SBPS;SBSP;423,00;211
2004;3;VRG;SBBH;SBKP;660,00;72
2004;3;VRG;SBPA;SBSP;621,00;259
2004;3;VRG;SBGO;SBSP;597,00;98
2004;3;VRG;SBRF;SBFZ;273,00;45
2004;3;VRG;SBRF;SBFZ;607,00;2
2004;3;VRG;SBSP;SBUL;463,00;26
2004;3;VRG;SBBR;SBKP;519,00;76
2004;3;VRG;SBGL;SBGR;313,00;1031
2004;3;VRG;SBKP;SBCT;388,00;11
2004;3;VRG;SBSP;SBBR;363,60;127
2004;3;VRG;SBBR;SBGO;194,00;39
2004;3;VRG;SBPA;SBBR;1223,00;132
2004;3;VRG;SBGL;SBRF;1167,00;57
2004;3;VRG;SBFL;SBGL;742,00;78
2004;3;VRG;SBCT;SBSP;309,00;5313
2004;3;VRG;SBBR;SBFL;569,00;95
2004;3;VRG;SBGL;SBGR;386,00;86
2004;3;VRG;SBGR;SBPA;752,00;825
2004;3;VRG;SBBH;SBRJ;458,00;29
2004;3;VRG;SBKP;SBBH;297,00;48
2004;3;VRG;SBSP;SBNF;480,00;40
2004;3;VRG;SBNF;SBSP;571,00;344
2004;3;VRG;SBCT;SBPA;428,00;96
2004;3;VRG;SBBR;SBBH;615,00;17
2004;3;VRG;SBBR;SBGO;324,00;42
2004;3;VRG;SBBE;SBBR;958,00;9
2004;3;VRG;SBSP;SBVT;639,00;9
2004;3;VRG;SBGR;SBCT;411,00;75
2004;3;VRG;SBCT;SBGL;459,00;114
2004;3;VRG;SBFL;SBBR;652,00;30
2004;3;VRG;SBSP;SBCT;339,00;459
2004;3;VRG;SBRF;SBSV;310,05;32
2004;3;VRG;SBGL;SBPA;592,00;174
2004;3;VRG;SBVT;SBRJ;272,00;584
2004;3;VRG;SBBH;SBKP;308,00;15
2004;3;VRG;SBCT;SBFL;409,00;49
2004;3;VRG;SBSP;SBNF;571,00;341
2004;3;VRG;SBKP;SBCT;428,00;1
2004;3;VRG;SBFZ;SBBR;1436,00;49
2004;3;VRG;SBCT;SBRJ;505,00;39
2004;3;VRG;SBMQ;SBBE;255,00;15
2004;3;VRG;SBGR;SBEG;1668,00;310
2004;3;VRG;SBRJ;SBBR;844,00;1249
2004;3;VRG;SBGL;SBBR;449,00;431
2004;3;VRG;SBFZ;SBBR;1007,00;4
2004;3;VRG;SBSV;SBRF;469,00;360
2004;3;VRG;SBGL;SBRF;621,00;1252
2004;3;VRG;SBSP;SBBR;808,00;1285
2004;3;VRG;SBRJ;SBCT;399,00;37
2004;3;VRG;SBRF;SBFZ;434,00;122
2004;3;VRG;SBSP;SBRP;363,00;842
2004;3;VRG;SBFL;SBGL;678,00;1
2004;3;VRG;SBGL;SBFL;363,15;82
2004;3;VRG;SBKP;SBBH;269,00;31
2004;3;VRG;SBSP;SBNF;297,00;675
2004;3;VRG;SBSP;SBBH;463,00;49
2004;3;VRG;SBGL;SBBR;709,00;4
2004;3;VRG;SBBR;SBBE;867,00;7
2004;3;VRG;SBVT;SBSP;335,70;39
2004;3;VRG;SBSP;SBRJ;212,00;9108
2004;3;VRG;SBRP;SBSP;363,00;796
2004;3;VRG;SBGO;SBBR;324,00;79
2004;3;VRG;SBBH;SBSP;274,05;133
2004;3;VRG;SBCT;SBKP;428,00;6
2004;3;VRG;SBGR;SBSV;585,00;3444
2004;3;VRG;SBPA;SBSP;817,00;1305
2004;3;VRG;SBBR;SBSV;418,05;44
2004;3;VRG;SBFL;SBSP;316,00;579
2004;3;VRG;SBKP;SBBH;308,00;40
2004;3;VRG;SBPA;SBBR;734,00;216
2004;3;VRG;SBBR;SBKP;450,00;145
2004;3;VRG;SBSV;SBGL;439,65;105
2004;3;VRG;SBSP;SBGO;479,00;1965
2004;3;VRG;SBBR;SBKP;657,00;7
2004;3;VRG;SBGR;SBBR;743,00;516
2004;3;VRG;SBBE;SBBR;1050,00;3
2004;3;VRG;SBRJ;SBVT;272,00;386
2004;3;VRG;SBPA;SBCT;629,00;152
2004;3;VRG;SBPA;SBFL;299,00;68
2004;3;VRG;SBSV;SBGR;585,00;3371
2004;3;VRG;SBKP;SBRJ;538,00;303
2004;3;VRG;SBGL;SBRF;1269,00;236
2004;3;VRG;SBVT;SBSP;699,00;110
2004;3;VRG;SBCT;SBGL;331,00;1003
2004;3;VRG;SBGL;SBSV;508,00;570
2004;3;VRG;SBSP;SBBR;485,00;986
2004;3;VRG;SBUL;SBSP;403,00;876
2004;3;VRG;SBGR;SBBR;363,60;36
2004;3;VRG;SBCT;SBGR;450,00;577
2004;3;VRG;SBSP;SBBR;679,00;52
2004;3;VRG;SBSP;SBUL;529,00;2
2004;3;VRG;SBGL;SBRF;571,05;161
2004;3;VRG;SBUL;SBSP;364,00;62
2004;3;VRG;SBGO;SBSP;479,00;2084
2004;3;VRG;SBFL;SBSP;510,00;5
2004;3;VRG;SBBE;SBBR;513,45;9
2004;3;VRG;SBCT;SBGL;331,20;95
2004;3;VRG;SBGR;SBGL;552,00;1582
2004;3;VRG;SBSV;SBRF;689,00;185
2004;3;VRG;SBFL;SBCT;376,00;9
2004;3;VRG;SBPA;SBGR;686,00;146
2004;3;VRG;SBSV;SBGL;977,00;520
2004;3;VRG;SBCT;SBFL;376,00;5
2004;3;VRG;SBEG;SBGR;1834,00;37
2004;3;VRG;SBBH;SBKP;463,00;2
2004;3;VRG;SBBR;SBRJ;419,00;4592
2004;3;VRG;SBPA;SBGL;750,00;45
2004;3;VRG;SBSV;SBBR;855,00;21
2004;3;VRG;SBEG;SBGR;1134,00;505
2004;3;VRG;SBSP;SBPS;790,00;2
2004;3;VRG;SBPA;SBBR;1027,00;13
2004;3;VRG;SBBR;SBBH;669,00;221
2004;3;VRG;SBBR;SBFL;999,00;3
2004;3;VRG;SBSP;SBVT;409,00;2712
2004;3;VRG;SBSP;SBBR;419,00;5880
2004;3;VRG;SBFL;SBPA;209,00;29
2004;3;VRG;SBBR;SBGR;363,60;55
2004;3;VRG;SBBH;SBBR;562,00;36
2004;3;VRG;SBPA;SBGR;817,00;1231
2004;3;VRG;SBSP;SBPA;439,00;6436
2004;3;VRG;SBBH;SBBR;348,00;431
2004;3;VRG;SBCT;SBRJ;579,00;6
2004;3;VRG;SBSP;SBFL;510,00;12
2004;3;VRG;SBRF;SBGL;964,00;42
2004;3;VRG;SBSP;SBBH;609,00;2014
2004;3;VRG;SBBR;SBFL;1086,00;24
2004;3;VRG;SBGR;SBGL;243,00;2364
2004;3;VRG;SBGL;SBRF;1513,00;265
2004;3;VRG;SBCT;SBGR;339,00;583
2004;3;VRG;SBPA;SBFL;209,00;55
2004;3;VRG;SBRJ;SBKP;499,00;34
2004;3;VRG;SBBE;SBMQ;159,00;11
2004;3;VRG;SBPA;SBGL;908,00;62
2004;3;VRG;SBBR;SBGR;614,00;104
2004;3;VRG;SBGL;SBPA;444,15;179
2004;3;VRG;SBBH;SBKP;560,00;2
2004;3;VRG;SBFL;SBGR;364,00;361
2004;3;VRG;SBBR;SBSV;929,00;252
2004;3;VRG;SBRF;SBGL;863,00;163
2004;3;VRG;SBFZ;SBRF;607,00;5
2004;3;VRG;SBGO;SBSP;659,00;19
2004;3;VRG;SBSV;SBGR;1151,00;1468
2004;3;VRG;SBKP;SBBR;399,00;209
2004;3;VRG;SBGO;SBBR;246,00;8
2004;3;VRG;SBGR;SBPA;686,00;138
2004;3;VRG;SBGO;SBSP;785,00;374
2004;3;VRG;SBGO;SBSP;722,00;431
2004;3;VRG;SBGL;SBSV;821,00;24
2004;3;VRG;SBRF;SBGL;571,05;120
2004;3;VRG;SBCT;SBPA;327,00;76
2004;3;VRG;SBKP;SBBR;450,00;119
2004;3;VRG;SBSV;SBBR;632,00;178
2004;3;VRG;SBPA;SBCT;377,00;188
2004;3;VRG;SBPA;SBGR;899,00;66
2004;3;VRG;SBFL;SBPA;498,00;138
2004;3;VRG;SBSP;SBPS;639,00;76
2004;3;VRG;SBBR;SBFL;652,00;60
2004;3;VRG;SBFL;SBPA;598,00;110
2004;3;VRG;SBKP;SBCT;309,00;1256
2004;3;VRG;SBBR;SBBH;401,00;371
2004;3;VRG;SBBR;SBSP;419,00;4853
2004;3;VRG;SBBR;SBFL;825,00;8
2004;3;VRG;SBBR;SBRJ;449,00;1380
2004;3;VRG;SBBR;SBSP;808,00;1577
2004;3;VRG;SBSP;SBBR;614,00;102
2004;3;VRG;SBGL;SBBR;641,00;13
2004;3;VRG;SBSP;SBNF;256,95;146
2004;3;VRG;SBRF;SBGL;593,00;567
2004;3;VRG;SBBR;SBGO;246,00;11
2004;3;VRG;SBFL;SBPA;299,00;51
2004;3;VRG;SBPA;SBCT;243,00;128
2004;3;VRG;SBGL;SBCT;699,00;34
2004;3;VRG;SBBE;SBMQ;215,00;38
2004;3;VRG;SBBR;SBBH;508,00;86
2004;3;VRG;SBCT;SBPA;216,00;14
2004;3;VRG;SBSP;SBBH;512,00;33
2004;3;VRG;SBBR;SBFZ;911,00;7
2004;3;VRG;SBPA;SBGR;439,00;2715
2004;3;VRG;SBSV;SBBR;418,05;53
2004;3;VRG;SBCT;SBSP;220,05;156
2004;3;VRG;SBBR;SBBE;425,00;783
2004;3;VRG;SBFL;SBGL;807,00;72
2004;3;VRG;SBBR;SBBE;593,00;724
2004;3;VRG;SBBH;SBSP;463,00;69
2004;3;VRG;SBGR;SBCT;450,00;490
2004;3;VRG;SBBE;SBMQ;381,00;1
2004;3;VRG;SBSV;SBGR;967,00;92
2004;3;VRG;SBGR;SBCF;512,00;35
2004;3;VRG;SBGR;SBFL;273,00;330
2004;3;VRG;SBBR;SBPA;1125,00;43
2004;3;VRG;SBSV;SBBR;557,00;366
2004;3;VRG;SBGR;SBBR;485,00;353
2004;3;VRG;SBRF;SBFZ;376,00;197
2004;3;VRG;SBNF;SBSP;434,00;47
2004;3;VRG;SBGL;SBCT;736,00;172
2004;3;VRG;SBSP;SBUL;403,00;976
2004;3;VRG;SBSV;SBGL;821,00;22
2004;3;VRG;SBGL;SBBR;1013,00;174
2004;3;VRG;SBSP;SBPA;556,00;453
2004;3;VRG;SBGO;SBSP;534,00;703
2004;3;VRG;SBNF;SBSP;525,00;109
2004;3;VRG;SBKP;SBCT;489,00;130
2004;3;VRG;SBGR;SBEG;1268,00;95
2004;3;VRG;SBPA;SBGR;367,65;212
2004;3;VRG;SBCT;SBPA;528,00;1
2004;3;VRG;SBSV;SBRF;189,00;1342
2004;3;VRG;SBSV;SBGL;899,00;347
2004;3;VRG;SBBR;SBGL;449,00;384
2004;3;VRG;SBGL;SBBR;844,00;122
2004;3;VRG;SBGR;SBSV;783,00;859
2004;3;VRG;SBGR;SBGL;276,00;839
2004;3;VRG;SBGR;SBGL;423,00;518
2004;3;VRG;SBFL;SBPA;224,10;17
2004;3;VRG;SBUL;SBSP;595,00;102
2004;3;VRG;SBVT;SBRJ;481,00;106
2004;3;VRG;SBCT;SBGL;699,00;70
2004;3;VRG;SBBH;SBKP;178,00;589
2004;3;VRG;SBEG;SBGR;833,00;1152
2004;3;VRG;SBBR;SBGR;549,00;499
2004;3;VRG;SBCT;SBPA;188,00;1218
2004;3;VRG;SBGR;SBBR;614,00;81
2004;3;VRG;SBSP;SBVT;746,00;310
2004;3;VRG;SBSV;SBGL;508,00;379
2004;3;VRG;SBRJ;SBBH;498,00;702
2004;3;VRG;SBSP;SBVT;459,00;434
2004;3;VRG;SBRJ;SBSP;212,00;8537
2004;3;VRG;SBSP;SBPS;940,00;27
2004;3;VRG;SBSV;SBRF;634,00;33
2004;3;VRG;SBGL;SBGR;243,00;3241
2004;3;VRG;SBBR;SBBE;513,45;17
2004;3;VRG;SBSP;SBRP;149,00;38
2004;3;VRG;SBEG;SBGR;1668,00;317
2004;3;VRG;SBPA;SBFL;224,10;20
2004;3;VRG;SBRJ;SBKP;373,00;219
2004;3;VRG;SBGO;SBBR;220,00;141
2004;3;VRG;SBGR;SBGL;386,00;48
2004;3;VRG;SBRJ;SBVT;200,00;2555
2004;3;VRG;SBFL;SBGR;413,00;438
2004;3;VRG;SBGL;SBFL;742,00;22
2004;3;VRG;SBGO;SBBR;194,00;64
2004;3;VRG;SBFL;SBSP;607,00;355
2004;3;VRG;SBBH;SBKP;359,00;10
2004;3;VRG;SBRJ;SBBR;641,00;91
2004;3;VRG;SBSP;SBCT;372,00;41
2004;3;VRG;SBGL;SBPA;987,00;497
2004;3;VRG;SBKP;SBBH;414,00;19
2004;3;VRG;SBBR;SBGR;419,00;840
2004;3;VRG;SBGL;SBGR;350,00;144
2004;3;VRG;SBFZ;SBRF;209,00;1388
2004;3;VRG;SBBR;SBFZ;1103,00;1
2004;3;VRG;SBFL;SBGL;613,00;14
2004;3;VRG;SBBR;SBSV;780,00;15
2004;3;VRG;SBPA;SBGR;621,00;238
2004;3;VRG;SBCT;SBSP;339,00;472
2004;3;VRG;SBRJ;SBBR;709,00;42
2004;3;VRG;SBCT;SBGR;489,00;501
2004;3;VRG;SBGR;SBBR;679,00;81
2004;3;VRG;SBRF;SBSV;413,00;188
2004;3;VRG;SBPA;SBGL;671,00;218
2004;3;VRG;SBBE;SBMQ;309,00;12
2004;3;VRG;SBSV;SBGL;383,00;1105
2004;3;VRG;SBPA;SBFL;259,00;88
2004;3;VRG;SBGL;SBCT;881,00;23
2004;3;VRG;SBSV;SBGL;664,00;774
2004;3;VRG;SBCT;SBSP;489,00;2071
2004;3;VRG;SBBR;SBBH;455,00;526
2004;3;VRG;SBPA;SBCT;327,00;104
2004;3;VRG;SBSP;SBUL;283,95;11
2004;3;VRG;SBCT;SBRJ;736,00;95
2004;3;VRG;SBRJ;SBKP;538,00;261
2004;3;VRG;SBSP;SBFL;413,00;248
2004;3;VRG;SBFZ;SBRF;376,00;209
2004;3;VRG;SBGR;SBSV;1151,00;1644
2004;3;VRG;SBBR;SBFZ;539,55;56
2004;3;VRG;SBBH;SBBR;669,00;189
2004;3;VRG;SBBE;SBMQ;454,00;98
2004;3;VRG;SBGL;SBBR;506,00;118
2004;3;VRG;SBRF;SBSV;524,00;15
2004;3;VRG;SBBR;SBGR;743,00;782
2004;3;VRG;SBRJ;SBCT;625,00;6
2004;3;VRG;SBRJ;SBKP;329,00;1421
2004;3;VRG;SBRF;SBSV;234,00;108
2004;3;VRG;SBRJ;SBBH;259,00;185
2004;3;VRG;SBKP;SBBR;389,25;30
2004;3;VRG;SBBH;SBRJ;259,00;191
2004;3;VRG;SBPS;SBSP;865,00;135
2004;3;VRG;SBBR;SBPA;734,00;240
2004;3;VRG;SBBH;SBBR;401,00;438
2004;3;VRG;SBBR;SBGL;506,00;67
2004;3;VRG;SBPA;SBCT;579,00;41
2004;3;VRG;SBSP;SBCT;489,00;1820
2004;3;VRG;SBVT;SBSP;459,00;467
2004;3;VRG;SBSP;SBPA;817,00;1292
2004;3;VRG;SBBR;SBGO;220,00;106
2004;3;VRG;SBSP;SBRP;212,40;39
2004;3;VRG;SBPS;SBSP;790,00;8
2004;3;VRG;SBGL;SBGR;276,00;857
2004;3;VRG;SBBR;SBGL;379,80;3
2004;3;VRG;SBGR;SBCF;731,00;83
2004;3;VRG;SBGR;SBCF;365,00;424
2004;3;VRG;SBSP;SBPS;423,00;238
2004;3;VRG;SBRF;SBFZ;209,00;1422
2004;3;VRG;SBFL;SBSP;364,00;149
2004;3;VRG;SBBH;SBKP;269,00;4
2004;3;VRG;SBSP;SBNF;251,00;3328
2004;3;VRG;SBSP;SBPS;499,00;414
2004;3;VRG;SBFL;SBSP;558,00;51
2004;3;VRG;SBPS;SBSP;1128,00;1
2004;3;VRG;SBPS;SBSP;940,00;62
2004;3;VRG;SBBR;SBBH;562,00;15
2004;3;VRG;SBCT;SBKP;388,00;20
2004;3;VRG;SBFL;SBSP;273,15;145
2004;3;VRG;SBBH;SBRJ;224,00;986
2004;3;VRG;SBRJ;SBSP;319,00;36779
2004;3;VRG;SBRP;SBSP;149,00;29
2004;3;VRG;SBMQ;SBBE;159,00;8
2004;3;VRG;SBFL;SBCT;409,00;72
2004;3;VRG;SBCT;SBPA;629,00;132
2004;3;VRG;SBSP;SBPA;621,00;264
2004;3;VRG;SBBH;SBBR;306,00;874
2004;3;VRG;SBSP;SBRJ;319,00;35000
2004;3;VRG;SBSV;SBRF;413,00;231
2004;3;VRG;SBBE;SBMQ;345,00;2
2004;3;VRG;SBMQ;SBBE;454,00;32
2004;3;VRG;SBSV;SBRF;234,00;133
2004;3;VRG;SBCT;SBPA;478,00;9
2004;3;VRG;SBUL;SBSP;319,00;50
2004;3;VRG;SBKP;SBBH;219,00;9
2004;3;VRG;SBGR;SBEG;833,00;1131
2004;3;VRG;SBSV;SBGL;459,00;1041
2004;3;VRG;SBPA;SBSP;556,00;638
2004;3;VRG;SBBR;SBSP;363,60;108
2004;3;VRG;SBSV;SBGR;875,00;170
2004;3;VRG;SBVT;SBSP;409,00;2549
2004;3;VRG;SBKP;SBBR;519,00;71
2004;3;VRG;SBGO;SBBR;164,00;245
2004;3;VRG;SBKP;SBBR;865,00;38
2004;3;VRG;SBBR;SBRJ;844,00;1901
2004;3;VRG;SBSP;SBFL;258,00;1954
2004;3;VRG;SBSV;SBGR;1381,00;143
2004;3;VRG;SBCF;SBGR;463,00;65
2004;3;VRG;SBSP;SBVT;519,00;214
2004;3;VRG;SBBR;SBSP;743,00;109
2004;3;VRG;SBKP;SBCT;348,00;89
2004;3;VRG;SBFL;SBPA;259,00;94
2004;3;VRG;SBCF;SBGR;512,00;49
2004;3;VRG;SBFZ;SBBR;726,00;556
2004;3;VRG;SBGL;SBBR;574,00;89
2004;3;VRG;SBPA;SBGR;980,00;248
2004;3;VRG;SBFL;SBSP;461,00;26
2004;3;VRG;SBUL;SBSP;463,00;25
2004;3;VRG;SBGL;SBPA;829,00;14
2004;3;VRG;SBNF;SBSP;388,00;246
2004;3;VRG;SBGL;SBCT;459,00;142
2004;3;VRG;SBBR;SBKP;588,00;92
2004;3;VRG;SBCT;SBGL;625,00;19
2004;3;VRG;SBKP;SBCT;469,00;9
2004;3;VRG;SBGL;SBCT;399,00;286
2004;3;VRG;SBBH;SBRJ;224,10;22
2004;3;VRG;SBGR;SBGL;313,00;1093
2004;3;VRG;SBGR;SBFL;413,00;384
2004;3;VRG;SBBE;SBBR;867,00;26
2004;3;VRG;SBCT;SBRJ;399,00;98
2004;3;VRG;SBBH;SBKP;297,00;45
2004;3;VRG;SBBR;SBGO;298,00;4
2004;3;VRG;SBKP;SBRJ;329,00;1405
2004;3;VRG;SBSP;SBFL;273,00;1165
2004;3;VRG;SBCT;SBRJ;331,00;511
2004;3;VRG;SBSP;SBBR;743,00;112
2004;3;VRG;SBPA;SBFL;140,00;1568
2004;3;VRG;SBGL;SBPA;513,00;283
2004;3;VRG;SBPA;SBGL;592,00;153
2004;3;VRG;SBSV;SBRF;524,00;15
2004;3;VRG;SBSP;SBUL;364,00;41
2004;3;VRG;SBGL;SBRF;863,00;170
2004;3;VRG;SBFZ;SBBR;815,00;57
2004;3;VRG;SBFL;SBPA;339,00;74
2004;3;VRG;SBBR;SBBE;958,00;5
2004;3;VRG;SBBR;SBGL;844,00;171
2004;3;VRG;SBFL;SBBR;912,00;2
2004;3;VRG;SBBE;SBBR;425,00;795
2004;3;VRG;SBBR;SBGL;709,00;9
2004;3;VRG;SBBH;SBSP;609,00;1627
2004;3;VRG;SBKP;SBBH;560,00;1
2004;3;VRG;SBGL;SBCT;331,00;1476
2004;3;VRG;SBSP;SBUL;199,00;33
2004;3;VRG;SBBR;SBSV;484,00;1213
2004;3;VRG;SBKP;SBBH;359,00;28
2004;3;VRG;SBFL;SBCT;311,00;1
2004;3;VRG;SBUL;SBSP;529,00;3
2004;3;VRG;SBCT;SBGL;505,00;131
2004;3;VRG;SBRF;SBSV;634,00;7
2004;3;VRG;SBRP;SBSP;289,00;7
2004;3;VRG;SBPA;SBFL;418,00;5
2004;3;VRG;SBRJ;SBCT;579,00;5
2004;3;VRG;SBBR;SBGL;641,00;10
2004;3;VRG;SBBR;SBBE;1141,00;244
2004;3;VRG;SBBR;SBKP;865,00;38
2004;3;VRG;SBGR;SBCT;220,05;99
2004;3;VRG;SBSP;SBUL;631,00;126
2004;3;VRG;SBBR;SBBE;685,00;99
2004;3;VRG;SBNF;SBSP;343,00;167
2004;3;VRG;SBFZ;SBRF;273,00;42
2004;3;VRG;SBCT;SBRJ;699,00;12
2004;3;VRG;SBMQ;SBBE;309,00;12
2004;3;VRG;SBVT;SBSP;579,00;44
2004;3;VRG;SBBR;SBFZ;726,00;52
2004;3;VRG;SBCT;SBRJ;625,00;3
2004;3;VRG;SBRJ;SBCT;699,00;11
2004;3;VRG;SBGR;SBCF;609,00;246
2004;3;VRG;SBCF;SBGR;414,00;373
2004;3;VRG;SBEG;SBGR;750,60;112
2004;3;VRG;SBPA;SBSP;686,00;96
2004;3;VRG;SBFL;SBBR;738,00;63
2004;3;VRG;SBSV;SBGR;517,95;147
2004;3;VRG;SBGL;SBCT;579,00;20
2004;3;VRG;SBGR;SBCT;372,00;93
2004;3;VRG;SBRF;SBGL;621,00;1314
2004;3;VRG;SBFL;SBCT;286,00;295
2004;3;VRG;SBSP;SBVT;579,00;40
2004;3;VRG;SBVT;SBRJ;397,00;32
2004;3;VRG;SBFL;SBGR;461,00;56
2004;3;VRG;SBSP;SBGO;597,00;37
2004;3;VRG;SBRF;SBSV;689,00;175
2004;3;VRG;SBRF;SBFZ;315,45;12
2004;3;VRG;SBCT;SBPA;283,05;23
2004;3;VRG;SBBH;SBSP;414,00;902
2004;3;VRG;SBBE;SBBR;776,00;157
2004;3;VRG;SBGL;SBGR;207,00;64
2004;3;VRG;SBBR;SBFZ;815,00;14
2004;3;VRG;SBRP;SBSP;212,40;47
2004;3;VRG;SBSP;SBPS;714,00;5
2004;3;VRG;SBPA;SBGL;444,15;164
2004;3;VRG;SBGR;SBPA;899,00;54
2004;3;VRG;SBBR;SBSP;679,00;28
2004;3;VRG;SBCT;SBFL;286,00;399
2004;3;VRG;SBGL;SBFL;432,00;796
2004;3;VRG;SBSP;SBPS;579,00;206
2004;3;VRG;SBPA;SBGR;556,00;1106
2004;3;VRG;SBSP;SBFL;364,00;156
2004;3;VRG;SBFZ;SBRF;324,00;84
2004;3;VRG;SBSP;SBPA;367,65;162
2004;3;VRG;SBBE;SBMQ;255,00;20
2004;3;VRG;SBGL;SBFL;613,00;4
2004;3;VRG;SBMQ;SBBE;418,00;1
2004;3;VRG;SBCT;SBPA;243,00;89
2004;3;VRG;SBPA;SBFL;458,00;301
2004;3;VRG;SBCT;SBGL;399,00;188
2004;3;VRG;SBRF;SBGL;1269,00;233
2004;3;VRG;SBGO;SBBR;145,80;41
2004;3;VRG;SBPA;SBBR;1468,00;140
2004;3;VRG;SBRJ;SBBR;776,00;69
2004;3;VRG;SBGR;SBPA;439,00;2890
2004;3;VRG;SBBE;SBMQ;540,00;1
2004;3;VRG;SBGL;SBGR;552,00;1976
2004;3;VRG;SBCT;SBGL;579,00;31
2004;3;VRG;SBVT;SBRJ;314,00;275
2004;3;VRG;SBPA;SBCT;283,05;25
2004;3;VRG;SBCT;SBGR;411,00;107
2004;3;VRG;SBKP;SBBH;178,00;686
2004;3;VRG;SBGL;SBRF;1066,00;3
2004;3;VRG;SBGL;SBBR;419,00;531
2004;3;VRG;SBGR;SBCT;489,00;746
2004;3;VRG;SBGR;SBSV;517,95;122
2004;3;VRG;SBFL;SBGR;273,15;132
2004;3;VRG;SBSV;SBGR;1059,00;2514
2004;3;VRG;SBEG;SBGR;1401,00;57
2004;3;VRG;SBRP;SBSP;395,00;125
2004;3;VRG;SBGR;SBEG;1751,00;34
2004;3;VRG;SBMQ;SBBE;204,30;21
2004;3;VRG;SBGL;SBFL;968,00;100
2004;3;VRG;SBFL;SBBR;999,00;1
2004;3;VRG;SBGL;SBSV;899,00;224
2004;3;VRG;SBRJ;SBCT;331,00;372
2004;3;VRG;SBSV;SBBR;484,00;1535
2004;3;VRG;SBGL;SBRF;593,00;527
2004;3;VRG;SBGR;SBEG;1401,00;33
2004;3;VRG;SBVT;SBRJ;523,00;422
2004;3;VRG;SBRJ;SBBR;449,00;1857
2004;3;VRG;SBGR;SBFL;510,00;37
2004;3;VRG;SBPA;SBCT;478,00;8
2004;3;VRG;SBFZ;SBRF;434,00;97
2004;3;VRG;SBGR;SBGL;207,00;55
2004;3;VRG;SBGR;SBCT;587,00;125
2004;3;VRG;SBBR;SBGL;1013,00;108
2004;3;VRG;SBCT;SBPA;579,00;55
2004;3;VRG;SBRJ;SBBR;506,00;1067
2004;3;VRG;SBRF;SBGL;1167,00;125
2004;3;VRG;SBSP;SBFL;316,00;535
2004;3;VRG;SBSP;SBBH;274,05;115
2004;3;VRG;SBKP;SBRJ;499,00;29
2004;3;VRG;SBGR;SBFL;558,00;447
2004;3;VRG;SBRJ;SBBH;224,00;1192
2004;3;VRG;SBFL;SBGL;968,00;81
2004;3;VRG;SBGL;SBPA;1184,00;348
2004;3;VRG;SBPS;SBSP;639,00;117
2004;3;VRG;SBCT;SBKP;489,00;111
2004;3;VRG;SBBE;SBMQ;125,00;473
2004;3;VRG;SBGL;SBGR;460,00;8115
2004;3;VRG;SBSV;SBGL;743,00;63
2004;3;VRG;SBGR;SBEG;1001,00;1329
2004;3;VRG;SBFL;SBGR;558,00;794
2004;3;VRG;SBGR;SBBR;549,00;384
2004;3;VRG;SBEG;SBGR;1535,00;499
2004;3;VRG;SBGL;SBSV;439,65;90
2004;3;VRG;SBBH;SBSP;512,00;22
2004;3;VRG;SBGL;SBSV;582,00;799
2004;3;VRG;SBBH;SBRJ;200,00;4338
2004;3;VRG;SBRJ;SBCT;505,00;61
2004;3;VRG;SBFL;SBBR;500,00;195
2004;3;VRG;SBGR;SBSV;875,00;103
2004;3;VRG;SBSP;SBCT;220,05;134
2004;3;VRG;SBPA;SBGL;987,00;385
2004;3;VRG;SBPA;SBFL;598,00;15
2004;3;VRG;SBSP;SBVT;335,70;37
2004;3;VRG;SBBR;SBPA;1027,00;23
2004;3;VRG;SBGR;SBFL;461,00;25
2004;3;VRG;SBBH;SBBR;301,05;20
2004;3;VRG;SBRJ;SBCT;459,00;61
2004;3;VRG;SBPA;SBGR;752,00;888
2004;3;VRG;SBCT;SBGR;220,05;99
2004;3;VRG;SBGR;SBGL;460,00;8079
2004;3;VRG;SBUL;SBSP;631,00;165
2004;3;VRG;SBBH;SBBR;508,00;112
2004;3;VRG;SBBR;SBRJ;709,00;30
2004;3;VRG;SBPA;SBBR;832,00;208
2004;3;VRG;SBGR;SBCF;560,00;521
2004;3;VRG;SBGR;SBFL;316,00;601
2004;3;VRG;SBGR;SBFL;258,00;429
2004;3;VRG;SBSP;SBCT;411,00;14
2004;3;VRG;SBPA;SBFL;339,00;102
2004;3;VRG;SBEG;SBGR;2002,00;830
2004;3;VRG;SBBH;SBBR;615,00;24
2004;3;VRG;SBFZ;SBBR;1199,00;98
2004;3;VRG;SBSP;SBBR;549,00;1631
2004;3;VRG;SBCF;SBGR;318,00;1228
2004;3;VRG;SBGR;SBPA;556,00;1074
2004;3;VRG;SBPS;SBSP;579,00;301
2004;3;VRG;SBGL;SBFL;807,00;88
2004;3;VRG;SBBH;SBSP;318,00;6290
2004;3;VRG;SBRP;SBSP;329,00;66
2004;3;VRG;SBBR;SBFL;912,00;1
2004;3;VRG;SBSP;SBRP;329,00;62
2004;3;VRG;SBBR;SBBH;306,00;757
2004;3;VRG;SBGL;SBPA;750,00;20
2004;3;VRG;SBSP;SBGO;534,00;325
2004;3;VRG;SBFL;SBGL;432,00;867
2004;3;VRG;SBRF;SBSV;579,00;5
2004;3;VRG;SBBR;SBBE;1050,00;4
2004;3;VRG;SBRJ;SBKP;413,00;42
2004;3;VRG;SBUL;SBSP;283,95;15
2004;3;VRG;SBVT;SBSP;746,00;288
2004;3;VRG;SBSP;SBGO;785,00;561
2004;3;VRG;SBSV;SBGR;691,00;1863
2004;3;VRG;SBGO;SBSP;353,25;32
2004;3;VRG;SBBR;SBGR;808,00;739
2004;3;VRG;SBFL;SBGR;316,00;734
2004;3;VRG;SBBR;SBGO;272,00;4
2004;3;VRG;SBNF;SBSP;256,95;151
2004;3;VRG;SBPA;SBSP;752,00;110
2004;3;VRG;SBKP;SBRJ;463,00;12
2004;3;VRG;SBFL;SBCT;184,05;68
2004;3;VRG;SBCT;SBGL;881,00;49
2004;3;VRG;SBBR;SBSP;549,00;800
2004;3;VRG;SBGR;SBCF;414,00;239
2004;3;VRG;SBCT;SBSP;411,00;20
2004;3;VRG;SBBH;SBSP;365,00;1138
2004;3;VRG;SBBR;SBSP;485,00;1834
2004;3;VRG;SBFL;SBCT;344,00;4
2004;3;VRG;SBGL;SBFL;484,00;47
2004;3;VRG;SBGR;SBCF;318,00;770
2004;3;VRG;SBRJ;SBBH;339,00;345
2004;3;VRG;SBGR;SBEG;1134,00;477
2004;3;VRG;SBSP;SBFL;607,00;407
2004;3;VRG;SBSP;SBBH;560,00;103
2004;3;VRG;SBGL;SBBR;379,80;14
2004;3;VRG;SBSP;SBPA;752,00;103
2004;3;VRG;SBMQ;SBBE;540,00;2
2004;3;VRG;SBRJ;SBVT;235,35;2
2004;3;VRG;SBRJ;SBVT;523,00;541
2004;3;VRG;SBBR;SBGL;776,00;61
2004;3;VRG;SBBR;SBRJ;506,00;677
2004;3;VRG;SBBR;SBSV;706,00;44
2004;3;VRG;SBSP;SBNF;388,00;211
2004;3;VRG;SBSP;SBRP;472,00;177
2004;3;VRG;SBRP;SBSP;472,00;172
2004;3;VRG;SBBE;SBMQ;189,00;9
2004;3;VRG;SBGL;SBCT;331,20;32
2004;3;VRG;SBBE;SBBR;685,00;199
2004;3;VRG;SBPA;SBFL;174,00;65
2004;3;VRG;SBSP;SBPA;686,00;97
2004;3;VRG;SBGL;SBFL;549,00;83
2004;3;VRG;SBMQ;SBBE;215,00;20
2004;3;VRG;SBGO;SBBR;298,00;8
2004;3;VRG;SBPA;SBGL;469,00;2545
2004;3;VRG;SBSP;SBVT;699,00;70
2004;3;VRG;SBFL;SBBR;569,00;57
2004;3;VRG;SBFL;SBBR;488,70;26
2004;3;VRG;SBCT;SBSP;450,00;115
2004;3;VRG;SBBR;SBSV;632,00;285
2004;3;VRG;SBBR;SBKP;389,25;27
2004;3;VRG;SBPA;SBGL;829,00;22
2004;3;VRG;SBGR;SBFL;364,00;273
2004;3;VRG;SBBR;SBFZ;1199,00;21
2004;3;VRG;SBBR;SBPA;1223,00;210
2004;3;VRG;SBSP;SBGO;722,00;279
2004;3;VRG;SBRF;SBFZ;324,00;80
2004;3;VRG;SBGR;SBSV;691,00;1234
2004;3;VRG;SBBR;SBGO;145,80;37
2004;3;VRG;SBGR;SBPA;980,00;210
2004;3;VRG;SBRF;SBFZ;701,00;156
2004;3;VRG;SBRJ;SBKP;242,10;14
2004;3;VRG;SBCT;SBFL;184,05;49
2004;3;VRG;SBSP;SBNF;525,00;90
2004;3;VRG;SBSV;SBRF;358,00;418
2004;3;VRG;SBBR;SBRJ;574,00;699
2004;3;VRG;SBBR;SBRJ;776,00;68
2004;3;VRG;SBGL;SBRF;761,00;292
2004;3;VRG;SBBR;SBPA;832,00;327
2004;3;VRG;SBGR;SBBR;808,00;727
2004;3;VRG;SBMQ;SBBE;189,00;2
2004;3;VRG;SBBR;SBSV;855,00;12
2004;3;VRG;SBSP;SBBH;414,00;1386
2004;3;VRG;SBRJ;SBCT;736,00;72
2004;3;VRG;SBRJ;SBBR;419,00;4140
2004;3;VRG;SBKP;SBBR;657,00;12
2004;3;VRG;SBBR;SBFL;738,00;45
2004;3;VRG;SBBE;SBBR;593,00;740
2004;3;VRG;SBSV;SBGL;586,00;925
2004;3;VRG;SBFL;SBGR;510,00;67
2004;3;VRG;SBRJ;SBBR;379,80;70
2004;3;VRG;SBBH;SBKP;219,00;10
2004;3;VRG;SBFL;SBGL;363,15;61
2004;3;VRG;SBGR;SBFL;273,15;109
2004;3;VRG;SBSP;SBNF;343,00;165
2004;3;VRG;SBFL;SBPA;378,00;8
2004;3;VRG;SBPS;SBSP;714,00;20
2004;3;VRG;SBPA;SBBR;550,35;25
2004;3;VRG;SBBR;SBGO;164,00;197
2004;3;VRG;SBRJ;SBBH;299,00;280
2004;3;VRG;SBBH;SBRJ;378,00;32
2004;3;VRG;SBFZ;SBBR;1103,00;2
2004;3;VRG;SBCT;SBSP;372,00;51
2004;3;VRG;SBSP;SBCT;309,00;5526
2004;3;VRG;SBGR;SBSV;1059,00;2337
2004;3;VRG;SBGL;SBRF;964,00;20
2004;3;VRG;SBRJ;SBVT;481,00;71
2004;3;VRG;SBBR;SBBE;776,00;185
2004;3;VRG;SBFZ;SBBR;539,55;41
2004;3;VRG;SBRJ;SBBH;224,10;23
2004;3;VRG;SBPA;SBSP;439,00;5952
2004;3;VRG;SBEG;SBGR;1001,00;734
2004;3;VRG;SBKP;SBBR;309,00;454
2004;3;VRG;SBFL;SBSP;258,00;1881
2004;3;VRG;SBRF;SBFZ;549,00;14
2004;3;VRG;SBRJ;SBBH;418,00;8
2004;3;VRG;SBSV;SBBR;929,00;129
2004;3;VRG;SBGR;SBSV;1381,00;94
2004;3;VRG;SBRJ;SBBH;458,00;32
2004;3;VRG;SBGR;SBCT;309,00;915
2004;3;VRG;SBPA;SBBR;1125,00;30
2004;3;VRG;SBGR;SBEG;2002,00;618
2004;3;VRG;SBRJ;SBVT;439,00;16
2004;3;VRG;SBPA;SBBR;929,00;36
2004;3;VRG;SBBE;SBBR;513,00;295
2004;3;VRG;SBPA;SBCT;428,00;89
2004;3;VRG;SBSV;SBGL;1164,00;95
2004;3;VRG;SBBR;SBGR;679,00;94
2004;3;VRG;SBKP;SBBR;727,00;1
2004;3;VRG;SBGL;SBGR;423,00;1186
2004;3;VRG;SBFL;SBPA;174,00;63
2004;3;VRG;SBRF;SBSV;469,00;140
2004;3;VRG;SBVT;SBSP;519,00;271
2004;3;VRG;SBGR;SBSV;967,00;58
2004;3;VRG;SBFZ;SBRF;701,00;188
2004;3;VRG;SBGR;SBGL;350,00;90
2004;3;VRG;SBSP;SBRP;289,00;11
2004;3;VRG;SBCT;SBGR;587,00;98
2004;3;VRG;SBGL;SBBR;776,00;73
2004;3;VRG;SBCT;SBGR;309,00;865
2004;3;VRG;SBSP;SBPS;865,00;55
2004;3;VRG;SBKP;SBBR;588,00;65
2004;3;VRG;SBFL;SBSP;273,00;1063
2004;3;VRG;SBSV;SBGR;783,00;1042
2004;3;VSP;SBBR;SBGR;369,00;56
2004;3;VSP;SBSV;SBBR;904,00;58
2004;3;VSP;SBMQ;SBBE;340,00;23
2004;3;VSP;SBGO;SBBR;165,00;53
2004;3;VSP;SBRF;SBFZ;409,00;120
2004;3;VSP;SBGL;SBRF;1266,00;68
2004;3;VSP;SBBR;SBBE;688,00;11
2004;3;VSP;SBBR;SBBH;392,00;20
2004;3;VSP;SBBR;SBFL;358,00;275
2004;3;VSP;SBBR;SBGR;689,00;3
2004;3;VSP;SBSV;SBBR;459,00;372
2004;3;VSP;SBCT;SBGR;271,00;4
2004;3;VSP;SBGL;SBCT;428,00;4
2004;3;VSP;SBFZ;SBBR;901,00;23
2004;3;VSP;SBPA;SBSP;493,00;3
2004;3;VSP;SBGL;SBRF;694,00;94
2004;3;VSP;SBGR;SBCT;370,00;2
2004;3;VSP;SBGL;SBGR;414,00;61
2004;3;VSP;SBBR;SBFL;708,00;5
2004;3;VSP;SBCF;SBBR;359,00;3
2004;3;VSP;SBPA;SBSP;411,00;54
2004;3;VSP;SBFZ;SBRF;375,00;86
2004;3;VSP;SBSV;SBGR;826,00;339
2004;3;VSP;SBBR;SBSP;810,00;121
2004;3;VSP;SBBR;SBBH;285,00;5
2004;3;VSP;SBGR;SBFL;299,00;11
2004;3;VSP;SBGL;SBSV;489,00;77
2004;3;VSP;SBBR;SBGR;491,00;12
2004;3;VSP;SBSP;SBPA;616,00;3
2004;3;VSP;SBBR;SBGR;355,00;117
2004;3;VSP;SBBR;SBBH;653,00;17
2004;3;VSP;SBSV;SBRF;573,00;21
2004;3;VSP;SBBR;SBGL;355,00;253
2004;3;VSP;SBCF;SBGR;444,00;2
2004;3;VSP;SBGR;SBGL;317,00;166
2004;3;VSP;SBMQ;SBBE;249,00;26
2004;3;VSP;SBBR;SBSP;491,00;14
2004;3;VSP;SBGR;SBFL;369,00;3
2004;3;VSP;SBGR;SBEG;1678,00;32
2004;3;VSP;SBGR;SBBR;446,00;129
2004;3;VSP;SBBR;SBGL;271,00;4
2004;3;VSP;SBRF;SBSV;573,00;5
2004;3;VSP;SBGR;SBCF;259,00;7
2004;3;VSP;SBSP;SBBR;535,00;122
2004;3;VSP;SBGR;SBCF;592,00;20
2004;3;VSP;SBBR;SBCF;653,00;19
2004;3;VSP;SBGR;SBPA;310,00;610
2004;3;VSP;SBBE;SBMQ;227,00;54
2004;3;VSP;SBBR;SBSV;768,00;36
2004;3;VSP;SBGR;SBCF;239,00;38
2004;3;VSP;SBPA;SBCT;177,00;8
2004;3;VSP;SBBR;SBPA;811,00;7
2004;3;VSP;SBGL;SBBR;355,00;268
2004;3;VSP;SBFZ;SBBR;476,00;19
2004;3;VSP;SBBR;SBBH;359,00;3
2004;3;VSP;SBSP;SBRJ;163,00;5287
2004;3;VSP;SBBR;SBSP;355,00;438
2004;3;VSP;SBSP;SBBH;259,00;2
2004;3;VSP;SBGL;SBRF;437,00;225
2004;3;VSP;SBBR;SBGL;501,00;24
2004;3;VSP;SBGR;SBEG;1200,00;36
2004;3;VSP;SBBR;SBFZ;781,00;17
2004;3;VSP;SBGR;SBCF;163,00;27
2004;3;VSP;SBFZ;SBRF;154,00;7
2004;3;VSP;SBGL;SBKP;386,00;2
2004;3;VSP;SBRF;SBSV;438,00;290
2004;3;VSP;SBFL;SBGR;79,00;4
2004;3;VSP;SBGL;SBCT;319,00;22
2004;3;VSP;SBSP;SBPA;344,00;62
2004;3;VSP;SBSV;SBGR;549,00;212
2004;3;VSP;SBGR;SBGL;140,00;6
2004;3;VSP;SBCF;SBGR;259,00;11
2004;3;VSP;SBBE;SBMQ;110,00;1210
2004;3;VSP;SBGR;SBPA;452,00;6
2004;3;VSP;SBSV;SBRF;185,00;1423
2004;3;VSP;SBFL;SBBR;396,00;40
2004;3;VSP;SBGL;SBBR;439,00;140
2004;3;VSP;SBBH;SBBR;245,00;653
2004;3;VSP;SBGL;SBPA;358,00;390
2004;3;VSP;SBCT;SBGL;250,00;440
2004;3;VSP;SBBR;SBFL;697,00;9
2004;3;VSP;SBRF;SBFZ;219,00;79
2004;3;VSP;SBFL;SBGR;299,00;15
2004;3;VSP;SBBR;SBFZ;635,00;212
2004;3;VSP;SBBR;SBGO;150,00;78
2004;3;VSP;SBCT;SBGL;714,00;25
2004;3;VSP;SBSP;SBBR;608,00;10
2004;3;VSP;SBRF;SBGL;525,00;991
2004;3;VSP;SBSV;SBRF;337,00;55
2004;3;VSP;SBSP;SBCT;249,00;31
2004;3;VSP;SBBR;SBKP;538,00;6
2004;3;VSP;SBCF;SBBR;392,00;16
2004;3;VSP;SBGL;SBCT;369,00;16
2004;3;VSP;SBSP;SBCT;320,00;17
2004;3;VSP;SBPA;SBCT;397,00;4
2004;3;VSP;SBBR;SBFZ;721,00;9
2004;3;VSP;SBGL;SBSV;587,00;114
2004;3;VSP;SBBR;SBBH;490,00;16
2004;3;VSP;SBMQ;SBBE;94,00;21
2004;3;VSP;SBMQ;SBBE;294,00;13
2004;3;VSP;SBRF;SBFZ;341,00;82
2004;3;VSP;SBCT;SBPA;397,00;2
2004;3;VSP;SBGL;SBRF;905,00;400
2004;3;VSP;SBCT;SBBR;499,00;34
2004;3;VSP;SBPA;SBGL;708,00;76
2004;3;VSP;SBCT;SBGL;464,00;62
2004;3;VSP;SBBH;SBBR;392,00;20
2004;3;VSP;SBBH;SBSP;163,00;145
2004;3;VSP;SBPA;SBBR;625,00;27
2004;3;VSP;SBSV;SBGL;178,00;10
2004;3;VSP;SBFL;SBGR;249,00;8
2004;3;VSP;SBBR;SBGO;182,00;15
2004;3;VSP;SBPA;SBGL;991,00;10
2004;3;VSP;SBPA;SBCT;159,00;95
2004;3;VSP;SBCF;SBBR;285,00;27
2004;3;VSP;SBCT;SBSP;370,00;2
2004;3;VSP;SBGL;SBPA;304,00;5
2004;3;VSP;SBRF;SBGL;694,00;107
2004;3;VSP;SBCT;SBGL;278,00;72
2004;3;VSP;SBKP;SBGL;213,00;3
2004;3;VSP;SBSV;SBGL;344,00;1528
2004;3;VSP;SBGL;SBGR;365,00;8
2004;3;VSP;SBBR;SBGO;131,00;1918
2004;3;VSP;SBRF;SBGL;950,00;10
2004;3;VSP;SBSP;SBBR;689,00;34
2004;3;VSP;SBBR;SBSV;424,00;189
2004;3;VSP;SBFZ;SBBR;721,00;7
2004;3;VSP;SBGR;SBGL;163,00;4
2004;3;VSP;SBBR;SBFZ;901,00;17
2004;3;VSP;SBSP;SBPA;375,00;49
2004;3;VSP;SBKP;SBBR;828,00;16
2004;3;VSP;SBSV;SBGR;636,00;86
2004;3;VSP;SBFZ;SBBR;661,00;41
2004;3;VSP;SBMQ;SBBE;110,00;1112
2004;3;VSP;SBSP;SBBR;355,00;425
2004;3;VSP;SBBR;SBCF;245,00;110
2004;3;VSP;SBCF;SBGR;289,00;52
2004;3;VSP;SBFL;SBGR;400,00;33
2004;3;VSP;SBSP;SBPA;534,00;27
2004;3;VSP;SBGR;SBPA;493,00;4
2004;3;VSP;SBRF;SBGL;1076,00;31
2004;3;VSP;SBGR;SBBR;271,00;36
2004;3;VSP;SBGL;SBBR;546,00;63
2004;3;VSP;SBRF;SBSV;337,00;19
2004;3;VSP;SBBR;SBBE;529,00;31
2004;3;VSP;SBGR;SBCT;271,00;12
2004;3;VSP;SBGL;SBGR;292,00;19
2004;3;VSP;SBGR;SBPA;698,00;15
2004;3;VSP;SBBR;SBBH;313,00;23
2004;3;VSP;SBBE;SBMQ;272,00;21
2004;3;VSP;SBPA;SBSP;616,00;7
2004;3;VSP;SBRF;SBSV;185,00;1580
2004;3;VSP;SBPA;SBBR;811,00;5
2004;3;VSP;SBGR;SBFL;615,00;39
2004;3;VSP;SBGL;SBPA;398,00;6
2004;3;VSP;SBCT;SBBR;435,00;8
2004;3;VSP;SBRF;SBFZ;135,00;139
2004;3;VSP;SBCT;SBGR;370,00;3
2004;3;VSP;SBSV;SBRF;157,00;138
2004;3;VSP;SBBR;SBPA;1229,00;7
2004;3;VSP;SBMQ;SBBE;139,00;39
2004;3;VSP;SBPA;SBBR;677,00;21
2004;3;VSP;SBRF;SBGL;648,00;59
2004;3;VSP;SBCT;SBPA;143,00;221
2004;3;VSP;SBFZ;SBBR;248,00;18
2004;3;VSP;SBPA;SBGR;452,00;2
2004;3;VSP;SBPA;SBGL;358,00;356
2004;3;VSP;SBPA;SBGR;698,00;21
2004;3;VSP;SBFL;SBBR;497,00;21
2004;3;VSP;SBBE;SBBR;418,00;25
2004;3;VSP;SBBR;SBGL;592,00;263
2004;3;VSP;SBGR;SBBR;689,00;34
2004;3;VSP;SBGR;SBSV;417,00;2721
2004;3;VSP;SBGR;SBGL;487,00;145
2004;3;VSP;SBSP;SBBR;491,00;19
2004;3;VSP;SBGR;SBCT;493,00;36
2004;3;VSP;SBFL;SBGR;338,00;9
2004;3;VSP;SBGL;SBKP;294,00;22
2004;3;VSP;SBBR;SBCF;313,00;23
2004;3;VSP;SBFL;SBBR;697,00;15
2004;3;VSP;SBCF;SBGR;213,00;567
2004;3;VSP;SBBR;SBSV;678,00;15
2004;3;VSP;SBCT;SBBR;333,00;191
2004;3;VSP;SBGL;SBSV;734,00;6
2004;3;VSP;SBBR;SBGR;580,00;79
2004;3;VSP;SBFL;SBBR;708,00;3
2004;3;VSP;SBBR;SBSV;198,00;12
2004;3;VSP;SBSP;SBBH;213,00;2237
2004;3;VSP;SBBR;SBBE;248,00;6
2004;3;VSP;SBCF;SBBR;208,00;4
2004;3;VSP;SBGL;SBPA;708,00;61
2004;3;VSP;SBGR;SBSV;983,00;74
2004;3;VSP;SBCT;SBGR;419,00;25
2004;3;VSP;SBKP;SBGL;309,00;4
2004;3;VSP;SBGR;SBGL;414,00;55
2004;3;VSP;SBBR;SBSP;446,00;160
2004;3;VSP;SBPA;SBBR;879,00;25
2004;3;VSP;SBGR;SBPA;534,00;40
2004;3;VSP;SBGL;SBBR;319,00;1742
2004;3;VSP;SBBR;SBCT;379,00;56
2004;3;VSP;SBKP;SBBR;369,00;2
2004;3;VSP;SBBR;SBGL;827,00;85
2004;3;VSP;SBBH;SBSP;239,00;6
2004;3;VSP;SBGR;SBFL;338,00;3
2004;3;VSP;SBBR;SBBE;589,00;14
2004;3;VSP;SBBE;SBBR;529,00;27
2004;3;VSP;SBSV;SBBR;382,00;1218
2004;3;VSP;SBCT;SBGL;428,00;8
2004;3;VSP;SBBE;SBMQ;179,00;19
2004;3;VSP;SBEG;SBGR;1073,00;7
2004;3;VSP;SBBH;SBSP;592,00;20
2004;3;VSP;SBCT;SBBR;548,00;6
2004;3;VSP;SBCT;SBPA;315,00;5
2004;3;VSP;SBSP;SBCT;224,00;31
2004;3;VSP;SBBR;SBSV;382,00;1249
2004;3;VSP;SBGR;SBCF;385,00;40
2004;3;VSP;SBSV;SBBR;497,00;167
2004;3;VSP;SBSP;SBCT;237,00;94
2004;3;VSP;SBGR;SBGL;249,00;668
2004;3;VSP;SBBR;SBGO;248,00;8
2004;3;VSP;SBBR;SBSV;497,00;158
2004;3;VSP;SBCT;SBSP;271,00;11
2004;3;VSP;SBBE;SBBR;469,00;1
2004;3;VSP;SBCT;SBGL;319,00;31
2004;3;VSP;SBGR;SBCT;320,00;26
2004;3;VSP;SBGR;SBCF;213,00;451
2004;3;VSP;SBCT;SBSP;320,00;14
2004;3;VSP;SBGL;SBKP;213,00;3
2004;3;VSP;SBBR;SBCF;392,00;19
2004;3;VSP;SBBR;SBGL;439,00;65
2004;3;VSP;SBSP;SBBH;163,00;128
2004;3;VSP;SBSV;SBGR;464,00;539
2004;3;VSP;SBGL;SBKP;354,00;17
2004;3;VSP;SBGL;SBKP;251,00;467
2004;3;VSP;SBSP;SBBR;271,00;19
2004;3;VSP;SBGR;SBBR;369,00;19
2004;3;VSP;SBCT;SBBR;648,00;15
2004;3;VSP;SBGO;SBBR;198,00;29
2004;3;VSP;SBBR;SBFZ;661,00;27
2004;3;VSP;SBBE;SBBR;313,00;11
2004;3;VSP;SBGL;SBRF;583,00;244
2004;3;VSP;SBFL;SBGR;369,00;2
2004;3;VSP;SBGO;SBBR;330,00;51
2004;3;VSP;SBBR;SBFL;396,00;29
2004;3;VSP;SBCF;SBBR;313,00;14
2004;3;VSP;SBPA;SBGR;264,00;58
2004;3;VSP;SBGL;SBCT;250,00;486
2004;3;VSP;SBPA;SBSP;821,00;2
2004;3;VSP;SBGL;SBRF;766,00;33
2004;3;VSP;SBBR;SBBE;376,00;904
2004;3;VSP;SBSV;SBBR;678,00;26
2004;3;VSP;SBBH;SBSP;213,00;1759
2004;3;VSP;SBFL;SBGR;615,00;85
2004;3;VSP;SBBH;SBBR;359,00;1
2004;3;VSP;SBRF;SBSV;674,00;32
2004;3;VSP;SBGO;SBBR;111,00;24
2004;3;VSP;SBGR;SBEG;1062,00;12
2004;3;VSP;SBFZ;SBBR;781,00;15
2004;3;VSP;SBFZ;SBRF;269,00;10
2004;3;VSP;SBBR;SBFL;591,00;13
2004;3;VSP;SBBH;SBBR;285,00;5
2004;3;VSP;SBBR;SBBH;424,00;34
2004;3;VSP;SBGR;SBBR;810,00;64
2004;3;VSP;SBBR;SBFL;1073,00;6
2004;3;VSP;SBGR;SBPA;344,00;14
2004;3;VSP;SBSV;SBGR;983,00;91
2004;3;VSP;SBPA;SBGL;398,00;23
2004;3;VSP;SBRF;SBSV;506,00;3
2004;3;VSP;SBSV;SBGR;417,00;3128
2004;3;VSP;SBGL;SBRF;648,00;45
2004;3;VSP;SBGL;SBGR;163,00;6
2004;3;VSP;SBKP;SBBR;251,00;160
2004;3;VSP;SBGL;SBKP;279,00;11
2004;3;VSP;SBSP;SBBR;319,00;533
2004;3;VSP;SBGL;SBCT;278,00;74
2004;3;VSP;SBGR;SBCF;503,00;8
2004;3;VSP;SBFZ;SBRF;681,00;25
2004;3;VSP;SBGO;SBBR;131,00;1837
2004;3;VSP;SBCT;SBSP;249,00;25
2004;3;VSP;SBGL;SBRF;525,00;877
2004;3;VSP;SBFZ;SBRF;443,00;269
2004;3;VSP;SBBE;SBBR;688,00;13
2004;3;VSP;SBGL;SBGR;140,00;9
2004;3;VSP;SBBH;SBSP;259,00;4
2004;3;VSP;SBRF;SBGL;836,00;19
2004;3;VSP;SBBR;SBBH;208,00;1
2004;3;VSP;SBGL;SBPA;842,00;4
2004;3;VSP;SBFL;SBGR;196,00;848
2004;3;VSP;SBBR;SBSP;319,00;687
2004;3;VSP;SBRF;SBGL;583,00;300
2004;3;VSP;SBBE;SBBR;376,00;720
2004;3;VSP;SBPA;SBGL;600,00;2
2004;3;VSP;SBBR;SBKP;251,00;166
2004;3;VSP;SBRF;SBSV;404,00;16
2004;3;VSP;SBGR;SBSV;347,00;42
2004;3;VSP;SBSP;SBCT;370,00;3
2004;3;VSP;SBBE;SBMQ;249,00;17
2004;3;VSP;SBGO;SBBR;215,00;189
2004;3;VSP;SBBR;SBGR;446,00;135
2004;3;VSP;SBSV;SBBR;424,00;161
2004;3;VSP;SBGL;SBBR;501,00;16
2004;3;VSP;SBGR;SBCT;237,00;403
2004;3;VSP;SBBR;SBCT;648,00;31
2004;3;VSP;SBKP;SBGL;294,00;16
2004;3;VSP;SBKP;SBBR;319,00;27
2004;3;VSP;SBGR;SBSV;826,00;247
2004;3;VSP;SBGL;SBBR;271,00;9
2004;3;VSP;SBRF;SBSV;157,00;126
2004;3;VSP;SBGR;SBFL;196,00;526
2004;3;VSP;SBPA;SBCT;143,00;142
2004;3;VSP;SBBR;SBSV;542,00;101
2004;3;VSP;SBFZ;SBRF;511,00;2
2004;3;VSP;SBBR;SBFZ;248,00;19
2004;3;VSP;SBCT;SBGL;369,00;13
2004;3;VSP;SBPA;SBCT;315,00;13
2004;3;VSP;SBGL;SBPA;655,00;1
2004;3;VSP;SBRF;SBFZ;375,00;94
2004;3;VSP;SBGR;SBSV;1156,00;216
2004;3;VSP;SBGR;SBEG;688,00;15
2004;3;VSP;SBBR;SBGO;330,00;60
2004;3;VSP;SBSV;SBRF;438,00;188
2004;3;VSP;SBCT;SBGL;536,00;2
2004;3;VSP;SBCT;SBSP;237,00;89
2004;3;VSP;SBSV;SBBR;542,00;117
2004;3;VSP;SBPA;SBSP;344,00;74
2004;3;VSP;SBSV;SBGL;538,00;286
2004;3;VSP;SBGR;SBCT;190,00;16
2004;3;VSP;SBGR;SBCF;326,00;2
2004;3;VSP;SBCT;SBGR;190,00;14
2004;3;VSP;SBGL;SBCT;714,00;32
2004;3;VSP;SBGR;SBFL;79,00;7
2004;3;VSP;SBGL;SBBR;384,00;42
2004;3;VSP;SBBR;SBCF;424,00;17
2004;3;VSP;SBPA;SBGR;375,00;8
2004;3;VSP;SBCF;SBGR;385,00;39
2004;3;VSP;SBPA;SBCT;431,00;9
2004;3;VSP;SBFZ;SBRF;219,00;80
2004;3;VSP;SBEG;SBGR;1062,00;9
2004;3;VSP;SBSV;SBBR;198,00;25
2004;3;VSP;SBBE;SBMQ;294,00;6
2004;3;VSP;SBGR;SBCT;224,00;17
2004;3;VSP;SBGR;SBBR;319,00;638
2004;3;VSP;SBGL;SBRF;950,00;6
2004;3;VSP;SBFL;SBBR;358,00;247
2004;3;VSP;SBBH;SBSP;289,00;9
2004;3;VSP;SBGR;SBCF;355,00;60
2004;3;VSP;SBBR;SBBE;418,00;48
2004;3;VSP;SBBR;SBGR;271,00;33
2004;3;VSP;SBBR;SBCT;435,00;17
2004;3;VSP;SBRF;SBFZ;154,00;23
2004;3;VSP;SBGL;SBCT;464,00;61
2004;3;VSP;SBSV;SBRF;371,00;27
2004;3;VSP;SBEG;SBGR;1259,00;8
2004;3;VSP;SBSV;SBGR;178,00;25
2004;3;VSP;SBBR;SBBE;313,00;22
2004;3;VSP;SBGL;SBGR;249,00;551
2004;3;VSP;SBBR;SBGL;703,00;1
2004;3;VSP;SBCT;SBGR;237,00;490
2004;3;VSP;SBFZ;SBBR;1201,00;16
2004;3;VSP;SBFZ;SBRF;409,00;173
2004;3;VSP;SBSV;SBGL;734,00;8
2004;3;VSP;SBFL;SBBR;1073,00;2
2004;3;VSP;SBRJ;SBSP;163,00;5597
2004;3;VSP;SBRF;SBFZ;181,00;1651
2004;3;VSP;SBGL;SBSV;636,00;646
2004;3;VSP;SBRF;SBSV;371,00;36
2004;3;VSP;SBRF;SBGL;1266,00;125
2004;3;VSP;SBGO;SBBR;182,00;6
2004;3;VSP;SBFL;SBGR;218,00;41
2004;3;VSP;SBGR;SBEG;619,00;464
2004;3;VSP;SBCT;SBGR;320,00;23
2004;3;VSP;SBPA;SBBR;1229,00;5
2004;3;VSP;SBBR;SBGL;319,00;1625
2004;3;VSP;SBSV;SBRF;404,00;22
2004;3;VSP;SBMQ;SBBE;453,00;21
2004;3;VSP;SBGL;SBGR;268,00;13
2004;3;VSP;SBFZ;SBRF;135,00;171
2004;3;VSP;SBCT;SBSP;493,00;5
2004;3;VSP;SBGR;SBBR;608,00;6
2004;3;VSP;SBCT;SBGR;296,00;4
2004;3;VSP;SBCF;SBGR;355,00;70
2004;3;VSP;SBGR;SBCT;419,00;16
2004;3;VSP;SBBR;SBSP;271,00;20
2004;3;VSP;SBEG;SBGR;688,00;17
2004;3;VSP;SBBR;SBGL;384,00;53
2004;3;VSP;SBSV;SBRF;259,00;22
2004;3;VSP;SBGL;SBGR;487,00;113
2004;3;VSP;SBBR;SBFL;497,00;17
2004;3;VSP;SBGR;SBFL;249,00;2
2004;3;VSP;SBKP;SBGL;279,00;14
2004;3;VSP;SBFL;SBGR;167,00;9
2004;3;VSP;SBGL;SBPA;516,00;2
2004;3;VSP;SBCT;SBPA;177,00;6
2004;3;VSP;SBCF;SBBR;424,00;21
2004;3;VSP;SBSV;SBGL;489,00;167
2004;3;VSP;SBBR;SBGO;165,00;47
2004;3;VSP;SBGL;SBSV;178,00;7
2004;3;VSP;SBBR;SBSP;608,00;2
2004;3;VSP;SBEG;SBGR;1179,00;17
2004;3;VSP;SBSV;SBGR;867,00;2
2004;3;VSP;SBGL;SBPA;991,00;16
2004;3;VSP;SBGR;SBSV;178,00;13
2004;3;VSP;SBGR;SBFL;218,00;13
2004;3;VSP;SBPA;SBSP;452,00;17
2004;3;VSP;SBSV;SBGL;636,00;834
2004;3;VSP;SBBR;SBGL;546,00;103
2004;3;VSP;SBGL;SBRF;836,00;17
2004;3;VSP;SBGR;SBBR;355,00;102
2004;3;VSP;SBBH;SBBR;424,00;50
2004;3;VSP;SBPA;SBGR;534,00;31
2004;3;VSP;SBSP;SBBH;592,00;13
2004;3;VSP;SBPA;SBCT;630,00;6
2004;3;VSP;SBRF;SBGL;208,00;11
2004;3;VSP;SBCT;SBSP;224,00;30
2004;3;VSP;SBBR;SBSV;588,00;285
2004;3;VSP;SBBR;SBCF;359,00;5
2004;3;VSP;SBGR;SBEG;1179,00;10
2004;3;VSP;SBBR;SBGO;215,00;163
2004;3;VSP;SBSV;SBBR;588,00;291
2004;3;VSP;SBBH;SBBR;653,00;38
2004;3;VSP;SBGL;SBBR;592,00;190
2004;3;VSP;SBSP;SBPA;821,00;9
2004;3;VSP;SBGL;SBRF;208,00;5
2004;3;VSP;SBKP;SBGL;251,00;428
2004;3;VSP;SBGL;SBPA;428,00;4
2004;3;VSP;SBGL;SBSV;383,00;645
2004;3;VSP;SBCF;SBBR;653,00;13
2004;3;VSP;SBPA;SBCT;122,00;21
2004;3;VSP;SBSP;SBPA;310,00;181
2004;3;VSP;SBSV;SBGR;700,00;137
2004;3;VSP;SBBR;SBGR;608,00;9
2004;3;VSP;SBSP;SBPA;411,00;43
2004;3;VSP;SBBE;SBBR;1147,00;21
2004;3;VSP;SBPA;SBGL;428,00;4
2004;3;VSP;SBBR;SBPA;744,00;17
2004;3;VSP;SBKP;SBBR;538,00;5
2004;3;VSP;SBSP;SBBR;810,00;109
2004;3;VSP;SBPA;SBSP;310,00;156
2004;3;VSP;SBCF;SBGR;163,00;40
2004;3;VSP;SBGL;SBKP;515,00;31
2004;3;VSP;SBGL;SBBR;703,00;3
2004;3;VSP;SBBR;SBGR;535,00;117
2004;3;VSP;SBSP;SBBH;239,00;9
2004;3;VSP;SBBE;SBBR;589,00;8
2004;3;VSP;SBBE;SBMQ;139,00;43
2004;3;VSP;SBSP;SBCT;271,00;19
2004;3;VSP;SBRF;SBGL;437,00;322
2004;3;VSP;SBRF;SBSV;259,00;31
2004;3;VSP;SBBR;SBFL;649,00;3
2004;3;VSP;SBPA;SBBR;744,00;13
2004;3;VSP;SBSV;SBRF;674,00;43
2004;3;VSP;SBBR;SBGO;111,00;19
2004;3;VSP;SBBR;SBPA;677,00;15
2004;3;VSP;SBGR;SBFL;400,00;61
2004;3;VSP;SBBR;SBGR;319,00;593
2004;3;VSP;SBKP;SBBR;497,00;2
2004;3;VSP;SBGR;SBPA;411,00;13
2004;3;VSP;SBBR;SBBE;746,00;20
2004;3;VSP;SBBR;SBGO;198,00;31
2004;3;VSP;SBBR;SBFZ;1201,00;19
2004;3;VSP;SBSV;SBGR;347,00;50
2004;3;VSP;SBBE;SBMQ;340,00;18
2004;3;VSP;SBSV;SBGL;831,00;39
2004;3;VSP;SBBR;SBKP;369,00;5
2004;3;VSP;SBGR;SBBR;491,00;11
2004;3;VSP;SBSV;SBGL;587,00;136
2004;3;VSP;SBGL;SBRF;1076,00;27
2004;3;VSP;SBBR;SBCF;285,00;36
2004;3;VSP;SBRF;SBFZ;269,00;22
2004;3;VSP;SBCF;SBGR;239,00;12
2004;3;VSP;SBGR;SBGL;365,00;5
2004;3;VSP;SBCF;SBBR;245,00;90
2004;3;VSP;SBPA;SBGR;344,00;35
2004;3;VSP;SBGR;SBPA;821,00;37
2004;3;VSP;SBFZ;SBRF;181,00;1520
2004;3;VSP;SBBR;SBFZ;476,00;22
2004;3;VSP;SBCT;SBPA;630,00;9
2004;3;VSP;SBRF;SBFZ;443,00;224
2004;3;VSP;SBCT;SBGR;493,00;42
2004;3;VSP;SBGR;SBSV;636,00;49
2004;3;VSP;SBSP;SBBR;580,00;146
2004;3;VSP;SBBR;SBSV;459,00;254
2004;3;VSP;SBBR;SBCT;548,00;2
2004;3;VSP;SBSP;SBPA;493,00;5
2004;3;VSP;SBBR;SBCT;598,00;23
2004;3;VSP;SBGR;SBSV;549,00;113
2004;3;VSP;SBCT;SBPA;431,00;17
2004;3;VSP;SBEG;SBGR;1033,00;17
2004;3;VSP;SBGR;SBEG;1073,00;10
2004;3;VSP;SBBR;SBCT;499,00;20
2004;3;VSP;SBFL;SBBR;591,00;19
2004;3;VSP;SBGL;SBKP;309,00;6
2004;3;VSP;SBGO;SBBR;150,00;92
2004;3;VSP;SBGR;SBBR;535,00;71
2004;3;VSP;SBBR;SBKP;497,00;1
2004;3;VSP;SBBE;SBBR;746,00;17
2004;3;VSP;SBSV;SBGL;449,00;211
2004;3;VSP;SBSP;SBRJ;249,00;9025
2004;3;VSP;SBMQ;SBBE;179,00;17
2004;3;VSP;SBGR;SBSV;867,00;5
2004;3;VSP;SBGR;SBGL;292,00;16
2004;3;VSP;SBGR;SBSV;700,00;131
2004;3;VSP;SBFZ;SBBR;635,00;196
2004;3;VSP;SBCF;SBGR;592,00;25
2004;3;VSP;SBKP;SBGL;515,00;29
2004;3;VSP;SBSV;SBGR;763,00;222
2004;3;VSP;SBBR;SBKP;828,00;14
2004;3;VSP;SBPA;SBGR;493,00;10
2004;3;VSP;SBCT;SBGR;224,00;22
2004;3;VSP;SBGR;SBEG;1033,00;5
2004;3;VSP;SBBR;SBSP;369,00;65
2004;3;VSP;SBSP;SBPA;452,00;15
2004;3;VSP;SBEG;SBGR;619,00;488
2004;3;VSP;SBGR;SBCF;289,00;50
2004;3;VSP;SBGR;SBBR;580,00;84
2004;3;VSP;SBGR;SBEG;1426,00;14
2004;3;VSP;SBGL;SBSV;978,00;125
2004;3;VSP;SBBR;SBBE;469,00;9
2004;3;VSP;SBGL;SBGR;317,00;136
2004;3;VSP;SBEG;SBGR;1426,00;13
2004;3;VSP;SBPA;SBGR;821,00;44
2004;3;VSP;SBGR;SBEG;1259,00;13
2004;3;VSP;SBGR;SBCF;444,00;3
2004;3;VSP;SBBR;SBSV;904,00;44
2004;3;VSP;SBGL;SBSV;538,00;250
2004;3;VSP;SBPA;SBSP;375,00;46
2004;3;VSP;SBGR;SBCT;249,00;8
2004;3;VSP;SBPA;SBGR;310,00;792
2004;3;VSP;SBGO;SBBR;248,00;3
2004;3;VSP;SBGL;SBSV;344,00;1243
2004;3;VSP;SBPA;SBGL;304,00;17
2004;3;VSP;SBGR;SBCT;296,00;9
2004;3;VSP;SBBR;SBCT;997,00;7
2004;3;VSP;SBMQ;SBBE;227,00;51
2004;3;VSP;SBBR;SBPA;879,00;22
2004;3;VSP;SBRF;SBFZ;681,00;61
2004;3;VSP;SBCT;SBGR;249,00;16
2004;3;VSP;SBBR;SBGR;810,00;54
2004;3;VSP;SBBR;SBKP;319,00;36
2004;3;VSP;SBBE;SBMQ;453,00;13
2004;3;VSP;SBGR;SBGL;268,00;10
2004;3;VSP;SBGL;SBBR;827,00;124
2004;3;VSP;SBBR;SBCF;208,00;8
2004;3;VSP;SBBR;SBPA;625,00;19
2004;3;VSP;SBEG;SBGR;1678,00;25
2004;3;VSP;SBBR;SBBH;245,00;577
2004;3;VSP;SBPA;SBBR;549,00;31
2004;3;VSP;SBBR;SBSP;580,00;233
2004;3;VSP;SBSV;SBGL;978,00;102
2004;3;VSP;SBRF;SBFZ;511,00;4
2004;3;VSP;SBBR;SBPA;493,00;72
2004;3;VSP;SBGR;SBSV;464,00;415
2004;3;VSP;SBSP;SBBR;446,00;193
2004;3;VSP;SBKP;SBGL;354,00;21
2004;3;VSP;SBGR;SBPA;375,00;5
2004;3;VSP;SBBH;SBBR;313,00;52
2004;3;VSP;SBGR;SBPA;264,00;51
2004;3;VSP;SBBR;SBPA;549,00;24
2004;3;VSP;SBCT;SBBR;598,00;16
2004;3;VSP;SBGL;SBSV;449,00;148
2004;3;VSP;SBBR;SBSP;535,00;184
2004;3;VSP;SBRF;SBGL;905,00;348
2004;3;VSP;SBPA;SBBR;493,00;64
2004;3;VSP;SBGL;SBSV;831,00;26
2004;3;VSP;SBSV;SBGL;383,00;811
2004;3;VSP;SBSP;SBCT;493,00;3
2004;3;VSP;SBCT;SBBR;748,00;3
2004;3;VSP;SBPA;SBGL;516,00;5
2004;3;VSP;SBSV;SBGR;1156,00;182
2004;3;VSP;SBBR;SBBE;1147,00;26
2004;3;VSP;SBGR;SBSV;763,00;140
2004;3;VSP;SBCT;SBPA;159,00;93
2004;3;VSP;SBBR;SBCT;333,00;234
2004;3;VSP;SBFL;SBBR;649,00;8
2004;3;VSP;SBSV;SBRF;207,00;221
2004;3;VSP;SBFZ;SBRF;341,00;82
2004;3;VSP;SBSP;SBBH;289,00;18
2004;3;VSP;SBBE;SBMQ;94,00;15
2004;3;VSP;SBGR;SBFL;523,00;26
2004;3;VSP;SBSV;SBRF;506,00;5
2004;3;VSP;SBRJ;SBSP;249,00;9061
2004;3;VSP;SBBE;SBBR;248,00;4
2004;3;VSP;SBCT;SBPA;122,00;13
2004;3;VSP;SBSP;SBBR;369,00;138
2004;3;VSP;SBPA;SBSP;534,00;32
2004;3;VSP;SBMQ;SBBE;272,00;32
2004;3;VSP;SBCT;SBBR;997,00;4
2004;3;VSP;SBRF;SBSV;207,00;279
2004;3;VSP;SBEG;SBGR;1200,00;48
2004;3;VSP;SBCF;SBGR;503,00;15
2004;3;VSP;SBCF;SBGR;326,00;11
2004;3;VSP;SBCT;SBBR;379,00;7
2004;3;VSP;SBSV;SBBR;768,00;27
2004;3;VSP;SBPA;SBGR;411,00;9
2004;3;VSP;SBRF;SBGL;766,00;68
