ANO;MES;EMPRESA;ORIGEM;DESTINO;TARIFA;ASSENTOS
2004;1;GLO;SBGL;SBSP;251,00;22
2004;1;GLO;SBRJ;SBFL;232,83;31
2004;1;GLO;SBRF;SBFZ;99,85;865
2004;1;GLO;SBCT;SBSP;508,80;2
2004;1;GLO;SBPS;SBSP;560,16;5
2004;1;GLO;SBBR;SBKP;214,39;274
2004;1;GLO;SBPA;SBFL;100,00;90
2004;1;GLO;SBSP;SBPS;204,47;694
2004;1;GLO;SBBE;SBMQ;122,69;2866
2004;1;GLO;SBFZ;SBRF;154,74;931
2004;1;GLO;SBBH;SBBR;237,41;1603
2004;1;GLO;SBBR;SBRJ;150,00;3
2004;1;GLO;SBFL;SBRJ;222,44;18
2004;1;GLO;SBPA;SBGR;126,24;56
2004;1;GLO;SBPS;SBSP;323,00;1
2004;1;GLO;SBRJ;SBKP;350,00;2
2004;1;GLO;SBRJ;SBBR;254,95;2033
2004;1;GLO;SBBH;SBSP;235,75;2443
2004;1;GLO;SBSP;SBFL;178,63;159
2004;1;GLO;SBCT;SBGL;245,90;430
2004;1;GLO;SBSP;SBBR;150,00;3
2004;1;GLO;SBRJ;SBFL;203,82;47
2004;1;GLO;SBSV;SBGL;223,33;128
2004;1;GLO;SBCT;SBPA;258,64;23
2004;1;GLO;SBBR;SBGL;261,00;1
2004;1;GLO;SBKP;SBCT;281,00;4
2004;1;GLO;SBFL;SBSP;211,70;281
2004;1;GLO;SBBR;SBBE;471,50;1
2004;1;GLO;SBGO;SBBR;124,84;68
2004;1;GLO;SBBR;SBBE;306,61;51
2004;1;GLO;SBBR;SBKP;352,73;3
2004;1;GLO;SBSP;SBBH;192,50;2
2004;1;GLO;SBBE;SBBR;568,00;1
2004;1;GLO;SBRJ;SBPA;235,00;1
2004;1;GLO;SBBE;SBMQ;128,95;40
2004;1;GLO;SBBH;SBBR;266,10;42
2004;1;GLO;SBRF;SBGL;608,03;541
2004;1;GLO;SBKP;SBBH;120,24;473
2004;1;GLO;SBGL;SBRF;529,78;34
2004;1;GLO;SBGO;SBSP;349,69;678
2004;1;GLO;SBBR;SBGO;126,93;103
2004;1;GLO;SBVT;SBSP;392,00;1
2004;1;GLO;SBRJ;SBPA;150,00;3
2004;1;GLO;SBRJ;SBCT;185,73;53
2004;1;GLO;SBSP;SBPS;125,00;1
2004;1;GLO;SBFL;SBGL;353,52;25
2004;1;GLO;SBFL;SBSP;191,31;845
2004;1;GLO;SBGL;SBFL;280,07;96
2004;1;GLO;SBFZ;SBBR;678,71;49
2004;1;GLO;SBGL;SBSP;163,00;1
2004;1;GLO;SBSV;SBGL;561,30;2
2004;1;GLO;SBSP;SBGO;402,03;78
2004;1;GLO;SBBH;SBRJ;142,00;8
2004;1;GLO;SBSP;SBGL;184,35;61
2004;1;GLO;SBSP;SBBR;332,73;2464
2004;1;GLO;SBKP;SBPA;352,00;36
2004;1;GLO;SBCT;SBSP;297,68;272
2004;1;GLO;SBBH;SBSP;258,38;1793
2004;1;GLO;SBSP;SBGL;175,47;2824
2004;1;GLO;SBBR;SBGO;134,50;11
2004;1;GLO;SBFZ;SBRF;139,28;88
2004;1;GLO;SBGL;SBCT;312,23;31
2004;1;GLO;SBFL;SBRJ;286,00;1
2004;1;GLO;SBSP;SBCT;212,70;948
2004;1;GLO;SBGL;SBPA;332,15;111
2004;1;GLO;SBSV;SBGR;478,00;4
2004;1;GLO;SBCT;SBPA;334,00;1
2004;1;GLO;SBBR;SBSP;493,00;3
2004;1;GLO;SBRJ;SBFL;172,75;5
2004;1;GLO;SBCT;SBSP;221,57;2502
2004;1;GLO;SBFL;SBBR;238,76;149
2004;1;GLO;SBSP;SBFL;77,66;370
2004;1;GLO;SBGL;SBRF;726,00;8
2004;1;GLO;SBBR;SBRJ;281,31;2143
2004;1;GLO;SBCT;SBBR;309,49;137
2004;1;GLO;SBSP;SBGL;141,90;2145
2004;1;GLO;SBSV;SBRF;289,92;10
2004;1;GLO;SBSP;SBGL;219,00;5
2004;1;GLO;SBFZ;SBBR;372,08;683
2004;1;GLO;SBKP;SBCT;100,00;1
2004;1;GLO;SBRJ;SBKP;100,00;4
2004;1;GLO;SBCT;SBBR;428,37;20
2004;1;GLO;SBKP;SBBR;398,00;3
2004;1;GLO;SBKP;SBCT;359,20;20
2004;1;GLO;SBBR;SBGL;208,01;9
2004;1;GLO;SBGL;SBSP;540,00;2
2004;1;GLO;SBGL;SBSP;100,00;25
2004;1;GLO;SBSP;SBFL;100,00;9
2004;1;GLO;SBBH;SBSP;150,00;3
2004;1;GLO;SBSV;SBRF;134,27;353
2004;1;GLO;SBBR;SBSV;283,15;540
2004;1;GLO;SBPA;SBSP;325,85;3985
2004;1;GLO;SBRF;SBSV;182,75;605
2004;1;GLO;SBRJ;SBVT;149,73;4315
2004;1;GLO;SBBR;SBFL;220,26;4
2004;1;GLO;SBFL;SBGR;191,82;76
2004;1;GLO;SBBH;SBBR;266,94;1346
2004;1;GLO;SBGL;SBSV;737,00;1
2004;1;GLO;SBRJ;SBCT;246,19;89
2004;1;GLO;SBFL;SBGR;92,72;1699
2004;1;GLO;SBSV;SBGL;352,00;999
2004;1;GLO;SBSP;SBGL;269,00;5
2004;1;GLO;SBFZ;SBBR;635,39;558
2004;1;GLO;SBBR;SBFL;358,80;48
2004;1;GLO;SBGO;SBSP;377,10;242
2004;1;GLO;SBCT;SBBH;162,00;30
2004;1;GLO;SBCT;SBRJ;189,39;266
2004;1;GLO;SBSV;SBGL;414,95;374
2004;1;GLO;SBRJ;SBBH;163,00;137
2004;1;GLO;SBFL;SBSP;262,00;32
2004;1;GLO;SBNF;SBSP;387,00;3
2004;1;GLO;SBGO;SBSP;449,00;14
2004;1;GLO;SBRJ;SBBH;142,00;2
2004;1;GLO;SBFL;SBPA;274,02;37
2004;1;GLO;SBPA;SBGL;405,23;24
2004;1;GLO;SBGR;SBPA;262,52;59
2004;1;GLO;SBKP;SBPA;598,50;4
2004;1;GLO;SBRJ;SBBH;265,00;1
2004;1;GLO;SBGR;SBSV;285,54;69
2004;1;GLO;SBGL;SBSP;176,53;2402
2004;1;GLO;SBRJ;SBCT;75,00;4
2004;1;GLO;SBBR;SBBH;238,96;1746
2004;1;GLO;SBSP;SBBH;99,00;4
2004;1;GLO;SBFL;SBBR;99,50;1
2004;1;GLO;SBPA;SBRJ;214,50;5
2004;1;GLO;SBBH;SBCT;160,32;5
2004;1;GLO;SBGL;SBSP;333,60;5
2004;1;GLO;SBSP;SBPA;338,00;275
2004;1;GLO;SBPS;SBSP;249,00;2
2004;1;GLO;SBFL;SBPA;302,00;1
2004;1;GLO;SBSV;SBRF;229,72;463
2004;1;GLO;SBPA;SBRJ;250,43;42
2004;1;GLO;SBRF;SBGL;530,57;23
2004;1;GLO;SBSP;SBBR;481,01;30
2004;1;GLO;SBRF;SBSV;302,00;42
2004;1;GLO;SBGR;SBPA;320,63;4
2004;1;GLO;SBBH;SBSP;3,69;51
2004;1;GLO;SBPS;SBSP;101,40;36
2004;1;GLO;SBPA;SBGL;277,76;46
2004;1;GLO;SBPS;SBSP;203,59;604
2004;1;GLO;SBGR;SBFL;213,53;16
2004;1;GLO;SBBH;SBKP;271,00;1
2004;1;GLO;SBFL;SBSP;178,59;159
2004;1;GLO;SBRJ;SBSP;246,40;8064
2004;1;GLO;SBGL;SBRF;403,05;95
2004;1;GLO;SBSP;SBPS;210,06;8
2004;1;GLO;SBRJ;SBSP;270,00;14
2004;1;GLO;SBKP;SBBR;399,51;7
2004;1;GLO;SBBH;SBRJ;166,95;2809
2004;1;GLO;SBKP;SBCT;527,19;26
2004;1;GLO;SBPA;SBRJ;235,00;2
2004;1;GLO;SBFL;SBSP;294,36;593
2004;1;GLO;SBFL;SBPA;116,29;1639
2004;1;GLO;SBGR;SBGL;243,25;4
2004;1;GLO;SBSP;SBRJ;174,50;2603
2004;1;GLO;SBVT;SBSP;75,00;2
2004;1;GLO;SBBR;SBFL;213,00;873
2004;1;GLO;SBRJ;SBBR;323,60;1235
2004;1;GLO;SBFL;SBGL;270,14;156
2004;1;GLO;SBBR;SBFZ;361,00;1
2004;1;GLO;SBPA;SBRJ;213,02;58
2004;1;GLO;SBSP;SBFL;190,39;1384
2004;1;GLO;SBBH;SBCT;142,52;194
2004;1;GLO;SBSP;SBPS;105,00;62
2004;1;GLO;SBRF;SBFZ;255,44;122
2004;1;GLO;SBSP;SBCT;299,00;31
2004;1;GLO;SBSP;SBPA;366,27;616
2004;1;GLO;SBKP;SBBH;107,09;813
2004;1;GLO;SBGL;SBSP;209,63;16
2004;1;GLO;SBSP;SBBH;209,11;2979
2004;1;GLO;SBGL;SBBR;376,09;30
2004;1;GLO;SBSP;SBNF;208,58;791
2004;1;GLO;SBPA;SBGL;316,88;582
2004;1;GLO;SBPA;SBCT;140,01;2309
2004;1;GLO;SBSV;SBBR;247,85;176
2004;1;GLO;SBSV;SBGR;229,69;72
2004;1;GLO;SBBH;SBCT;183,00;41
2004;1;GLO;SBGL;SBFL;177,50;58
2004;1;GLO;SBSV;SBGL;393,86;273
2004;1;GLO;SBBR;SBCT;364,00;16
2004;1;GLO;SBKP;SBBH;123,15;138
2004;1;GLO;SBPA;SBFL;218,98;131
2004;1;GLO;SBCT;SBPA;309,93;22
2004;1;GLO;SBFL;SBRJ;192,43;229
2004;1;GLO;SBGL;SBRF;199,35;462
2004;1;GLO;SBBR;SBFL;229,88;188
2004;1;GLO;SBRF;SBSV;166,36;521
2004;1;GLO;SBFL;SBGR;76,92;447
2004;1;GLO;SBCT;SBPA;764,00;5
2004;1;GLO;SBGL;SBBR;342,02;1
2004;1;GLO;SBSV;SBGL;274,65;83
2004;1;GLO;SBRJ;SBBR;398,40;8
2004;1;GLO;SBBR;SBSV;399,77;149
2004;1;GLO;SBGL;SBFL;245,87;285
2004;1;GLO;SBCT;SBSP;100,00;6
2004;1;GLO;SBFL;SBSP;402,00;17
2004;1;GLO;SBSV;SBRF;280,94;8
2004;1;GLO;SBBR;SBCT;354,38;66
2004;1;GLO;SBGL;SBCT;170,00;8
2004;1;GLO;SBRJ;SBPA;291,22;11
2004;1;GLO;SBRF;SBSV;343,00;2
2004;1;GLO;SBPA;SBCT;134,00;17
2004;1;GLO;SBSV;SBRF;99,00;25
2004;1;GLO;SBBR;SBFL;281,20;101
2004;1;GLO;SBRJ;SBVT;233,05;19
2004;1;GLO;SBBH;SBBR;464,00;6
2004;1;GLO;SBBR;SBSV;140,52;261
2004;1;GLO;SBRJ;SBCT;256,63;50
2004;1;GLO;SBBR;SBGL;349,00;72
2004;1;GLO;SBSP;SBFL;314,03;117
2004;1;GLO;SBPA;SBSP;525,00;2
2004;1;GLO;SBRJ;SBBH;100,00;7
2004;1;GLO;SBFL;SBSP;262,46;92
2004;1;GLO;SBMQ;SBBE;274,00;1
2004;1;GLO;SBGL;SBSV;295,39;1579
2004;1;GLO;SBRF;SBSV;200,00;230
2004;1;GLO;SBBR;SBSP;376,11;240
2004;1;GLO;SBPA;SBFL;302,00;7
2004;1;GLO;SBCT;SBGL;320,84;14
2004;1;GLO;SBSP;SBFL;293,25;252
2004;1;GLO;SBGO;SBSP;353,00;29
2004;1;GLO;SBSP;SBBR;286,00;7
2004;1;GLO;SBPA;SBGL;298,08;851
2004;1;GLO;SBBR;SBSP;339,99;151
2004;1;GLO;SBFL;SBSP;213,76;2442
2004;1;GLO;SBNF;SBSP;205,78;745
2004;1;GLO;SBBR;SBBH;298,00;36
2004;1;GLO;SBSP;SBPS;102,76;121
2004;1;GLO;SBVT;SBRJ;147,94;4031
2004;1;GLO;SBRJ;SBCT;136,00;20
2004;1;GLO;SBPA;SBFL;185,82;273
2004;1;GLO;SBRJ;SBCT;222,93;238
2004;1;GLO;SBSP;SBRJ;255,43;21
2004;1;GLO;SBSP;SBNF;220,86;133
2004;1;GLO;SBCT;SBRJ;251,00;106
2004;1;GLO;SBCT;SBRJ;412,00;1
2004;1;GLO;SBPA;SBSP;571,00;2
2004;1;GLO;SBVT;SBSP;267,28;61
2004;1;GLO;SBBR;SBPA;419,83;16
2004;1;GLO;SBSP;SBPA;401,00;12
2004;1;GLO;SBFL;SBRJ;158,09;505
2004;1;GLO;SBSP;SBVT;175,10;27
2004;1;GLO;SBPA;SBRJ;213,15;463
2004;1;GLO;SBKP;SBRJ;392,00;9
2004;1;GLO;SBSP;SBPS;168,59;34
2004;1;GLO;SBKP;SBCT;299,00;2
2004;1;GLO;SBBH;SBBR;216,13;23
2004;1;GLO;SBPA;SBKP;342,00;3
2004;1;GLO;SBGL;SBFL;136,00;16
2004;1;GLO;SBRF;SBSV;134,62;84
2004;1;GLO;SBBR;SBSP;362,07;252
2004;1;GLO;SBCT;SBRJ;179,79;1017
2004;1;GLO;SBSV;SBBR;430,54;354
2004;1;GLO;SBSP;SBGL;156,00;37
2004;1;GLO;SBGL;SBSV;179,00;10
2004;1;GLO;SBRJ;SBSP;193,32;20
2004;1;GLO;SBRJ;SBVT;142,00;2
2004;1;GLO;SBSP;SBCT;243,00;230
2004;1;GLO;SBSV;SBGL;173,27;963
2004;1;GLO;SBCT;SBRJ;199,82;15
2004;1;GLO;SBSP;SBBH;234,33;2472
2004;1;GLO;SBGL;SBFL;215,11;183
2004;1;GLO;SBRF;SBFZ;224,71;662
2004;1;GLO;SBSP;SBPS;323,00;2
2004;1;GLO;SBSP;SBBH;256,33;1606
2004;1;GLO;SBSP;SBRJ;267,70;4331
2004;1;GLO;SBBH;SBSP;402,00;1
2004;1;GLO;SBSP;SBBH;276,87;203
2004;1;GLO;SBSP;SBFL;180,03;91
2004;1;GLO;SBRJ;SBSP;156,54;3519
2004;1;GLO;SBRF;SBFZ;145,86;7
2004;1;GLO;SBBR;SBCT;428,57;7
2004;1;GLO;SBBR;SBFL;190,98;553
2004;1;GLO;SBPA;SBBR;394,29;7
2004;1;GLO;SBGL;SBPA;282,08;699
2004;1;GLO;SBFL;SBSP;408,00;16
2004;1;GLO;SBFZ;SBBR;589,60;329
2004;1;GLO;SBVT;SBRJ;184,96;808
2004;1;GLO;SBGL;SBPA;342,76;164
2004;1;GLO;SBBE;SBBR;236,55;16
2004;1;GLO;SBSV;SBBR;179,00;18
2004;1;GLO;SBSP;SBPA;336,33;3690
2004;1;GLO;SBBR;SBPA;479,09;27
2004;1;GLO;SBBR;SBBH;268,79;1271
2004;1;GLO;SBPA;SBFL;75,99;105
2004;1;GLO;SBRJ;SBKP;233,20;207
2004;1;GLO;SBGL;SBSV;523,00;3
2004;1;GLO;SBFL;SBBR;279,07;6
2004;1;GLO;SBBH;SBRJ;100,00;5
2004;1;GLO;SBBR;SBCT;290,71;14
2004;1;GLO;SBRF;SBGL;507,25;718
2004;1;GLO;SBSP;SBNF;206,00;12
2004;1;GLO;SBBH;SBCT;158,03;49
2004;1;GLO;SBSP;SBPA;525,00;1
2004;1;GLO;SBCT;SBRJ;115,53;66
2004;1;GLO;SBGL;SBSP;193,45;697
2004;1;GLO;SBPA;SBKP;382,38;67
2004;1;GLO;SBCT;SBGL;223,27;68
2004;1;GLO;SBBR;SBCT;333,33;589
2004;1;GLO;SBPA;SBCT;183,48;389
2004;1;GLO;SBFL;SBGL;326,86;49
2004;1;GLO;SBGL;SBCT;287,09;55
2004;1;GLO;SBGL;SBSV;676,00;1
2004;1;GLO;SBSP;SBGL;305,00;2
2004;1;GLO;SBFL;SBRJ;177,50;25
2004;1;GLO;SBSV;SBGL;266,48;277
2004;1;GLO;SBGR;SBPA;150,04;1914
2004;1;GLO;SBVT;SBRJ;92,40;6
2004;1;GLO;SBGO;SBBR;158,00;1
2004;1;GLO;SBBR;SBBH;482,03;180
2004;1;GLO;SBRJ;SBBR;349,00;243
2004;1;GLO;SBBH;SBSP;307,72;20
2004;1;GLO;SBCT;SBRJ;250,00;3
2004;1;GLO;SBSV;SBRF;152,00;1
2004;1;GLO;SBRJ;SBPA;233,24;129
2004;1;GLO;SBRJ;SBPA;571,00;1
2004;1;GLO;SBSP;SBBR;442,51;85
2004;1;GLO;SBRJ;SBFL;265,00;31
2004;1;GLO;SBPA;SBKP;344,12;125
2004;1;GLO;SBSP;SBVT;192,95;267
2004;1;GLO;SBPA;SBFL;253,15;18
2004;1;GLO;SBCT;SBBH;111,75;652
2004;1;GLO;SBFL;SBGL;239,27;357
2004;1;GLO;SBCT;SBPA;141,57;2823
2004;1;GLO;SBFL;SBPA;158,47;533
2004;1;GLO;SBKP;SBRJ;293,06;403
2004;1;GLO;SBFL;SBPA;146,67;1037
2004;1;GLO;SBBE;SBMQ;374,00;4
2004;1;GLO;SBVT;SBRJ;100,00;10
2004;1;GLO;SBFL;SBBR;220,26;3
2004;1;GLO;SBPS;SBSP;299,00;4
2004;1;GLO;SBRF;SBGL;415,06;504
2004;1;GLO;SBPS;SBSP;113,72;106
2004;1;GLO;SBVT;SBRJ;142,00;2
2004;1;GLO;SBRF;SBGL;250,00;6
2004;1;GLO;SBBR;SBSP;368,39;849
2004;1;GLO;SBGL;SBPA;522,00;4
2004;1;GLO;SBPA;SBBR;387,24;33
2004;1;GLO;SBRF;SBFZ;586,13;10
2004;1;GLO;SBCT;SBBR;239,74;19
2004;1;GLO;SBGL;SBBR;377,12;47
2004;1;GLO;SBKP;SBCT;251,71;95
2004;1;GLO;SBSV;SBGL;621,00;1
2004;1;GLO;SBSV;SBBR;213,09;45
2004;1;GLO;SBRJ;SBBR;150,00;8
2004;1;GLO;SBBR;SBSP;335,47;2097
2004;1;GLO;SBPA;SBKP;311,02;344
2004;1;GLO;SBRF;SBSV;442,00;2
2004;1;GLO;SBCT;SBRJ;75,00;4
2004;1;GLO;SBGO;SBBR;146,00;50
2004;1;GLO;SBRF;SBGL;839,00;1
2004;1;GLO;SBGR;SBGL;249,00;1
2004;1;GLO;SBSP;SBVT;150,70;1619
2004;1;GLO;SBVT;SBRJ;163,00;60
2004;1;GLO;SBKP;SBBR;233,00;1
2004;1;GLO;SBBR;SBRJ;377,96;136
2004;1;GLO;SBGL;SBRF;500,23;761
2004;1;GLO;SBBR;SBFZ;600,77;537
2004;1;GLO;SBBR;SBPA;281,33;92
2004;1;GLO;SBRJ;SBBR;402,83;158
2004;1;GLO;SBSP;SBGO;370,51;346
2004;1;GLO;SBVT;SBSP;210,36;512
2004;1;GLO;SBGO;SBSP;317,18;47
2004;1;GLO;SBSP;SBBR;393,63;223
2004;1;GLO;SBCT;SBSP;318,00;5
2004;1;GLO;SBBE;SBBR;247,89;95
2004;1;GLO;SBRF;SBSV;267,00;17
2004;1;GLO;SBVT;SBSP;421,00;1
2004;1;GLO;SBGL;SBFL;248,61;8
2004;1;GLO;SBKP;SBCT;238,34;533
2004;1;GLO;SBRF;SBSV;152,00;1
2004;1;GLO;SBSP;SBVT;168,85;72
2004;1;GLO;SBPA;SBSP;483,00;1
2004;1;GLO;SBGL;SBFL;69,31;274
2004;1;GLO;SBGL;SBRF;250,00;5
2004;1;GLO;SBBR;SBRJ;388,88;186
2004;1;GLO;SBGL;SBBR;349,00;72
2004;1;GLO;SBBR;SBRJ;353,90;794
2004;1;GLO;SBRJ;SBPA;213,23;531
2004;1;GLO;SBCT;SBSP;258,00;3
2004;1;GLO;SBSV;SBBR;663,00;4
2004;1;GLO;SBGO;SBSP;402,50;23
2004;1;GLO;SBBE;SBMQ;74,40;1
2004;1;GLO;SBRJ;SBBH;231,94;95
2004;1;GLO;SBGR;SBGL;138,88;138
2004;1;GLO;SBGR;SBGL;95,76;286
2004;1;GLO;SBRJ;SBBR;351,18;143
2004;1;GLO;SBGL;SBSV;473,00;10
2004;1;GLO;SBPA;SBBR;271,00;40
2004;1;GLO;SBSP;SBVT;271,20;3
2004;1;GLO;SBSP;SBCT;318,00;1
2004;1;GLO;SBSP;SBVT;173,88;470
2004;1;GLO;SBBH;SBKP;232,00;6
2004;1;GLO;SBSP;SBPA;196,90;78
2004;1;GLO;SBGL;SBSP;132,00;18
2004;1;GLO;SBRJ;SBKP;164,00;2
2004;1;GLO;SBGR;SBFL;77,04;432
2004;1;GLO;SBPA;SBSP;291,19;2805
2004;1;GLO;SBGL;SBFL;341,25;12
2004;1;GLO;SBVT;SBSP;252,14;30
2004;1;GLO;SBPA;SBSP;448,07;3
2004;1;GLO;SBGL;SBSV;246,13;115
2004;1;GLO;SBGL;SBSV;388,65;333
2004;1;GLO;SBSV;SBBR;184,57;295
2004;1;GLO;SBGL;SBCT;186,50;3
2004;1;GLO;SBNF;SBSP;206,00;12
2004;1;GLO;SBBH;SBBR;321,65;30
2004;1;GLO;SBRF;SBGL;562,74;445
2004;1;GLO;SBCT;SBBH;183,00;60
2004;1;GLO;SBSV;SBRF;180,45;576
2004;1;GLO;SBFL;SBBR;190,56;434
2004;1;GLO;SBSV;SBRF;267,00;3
2004;1;GLO;SBRJ;SBCT;173,47;1142
2004;1;GLO;SBSV;SBGL;179,00;2
2004;1;GLO;SBGR;SBPA;176,40;488
2004;1;GLO;SBBR;SBSV;446,46;215
2004;1;GLO;SBSP;SBBH;204,66;708
2004;1;GLO;SBPA;SBBR;259,52;136
2004;1;GLO;SBCT;SBPA;215,00;21
2004;1;GLO;SBRJ;SBVT;165,14;1645
2004;1;GLO;SBRJ;SBKP;269,00;2
2004;1;GLO;SBFZ;SBRF;174,00;280
2004;1;GLO;SBKP;SBRJ;214,00;3
2004;1;GLO;SBBR;SBSV;418,00;38
2004;1;GLO;SBGL;SBCT;217,49;322
2004;1;GLO;SBRF;SBGL;577,00;68
2004;1;GLO;SBPA;SBFL;112,00;183
2004;1;GLO;SBRF;SBFZ;197,02;278
2004;1;GLO;SBSV;SBGL;396,13;240
2004;1;GLO;SBFL;SBBR;172,97;380
2004;1;GLO;SBBH;SBSP;281,83;384
2004;1;GLO;SBKP;SBRJ;311,54;86
2004;1;GLO;SBGL;SBSP;299,00;1
2004;1;GLO;SBBE;SBBR;330,00;77
2004;1;GLO;SBSP;SBGL;195,44;347
2004;1;GLO;SBFZ;SBBR;616,64;11
2004;1;GLO;SBFZ;SBRF;131,33;652
2004;1;GLO;SBRJ;SBKP;331,00;4
2004;1;GLO;SBSP;SBPS;279,00;10
2004;1;GLO;SBGR;SBSV;245,12;80
2004;1;GLO;SBSP;SBFL;447,42;65
2004;1;GLO;SBSV;SBGR;484,80;1
2004;1;GLO;SBSV;SBRF;135,00;82
2004;1;GLO;SBFL;SBSP;78,03;422
2004;1;GLO;SBSP;SBCT;275,00;1
2004;1;GLO;SBSP;SBNF;187,17;1753
2004;1;GLO;SBRJ;SBFL;175,86;764
2004;1;GLO;SBRJ;SBSP;293,00;19
2004;1;GLO;SBFZ;SBRF;143,29;7
2004;1;GLO;SBSP;SBPS;93,25;10
2004;1;GLO;SBPA;SBRJ;125,00;1
2004;1;GLO;SBGL;SBRF;594,19;473
2004;1;GLO;SBBH;SBRJ;163,00;141
2004;1;GLO;SBPA;SBGL;429,00;10
2004;1;GLO;SBBE;SBBR;513,00;5
2004;1;GLO;SBSP;SBFL;265,04;248
2004;1;GLO;SBPA;SBSP;262,83;100
2004;1;GLO;SBFL;SBPA;187,61;127
2004;1;GLO;SBRF;SBSV;135,47;378
2004;1;GLO;SBSP;SBPA;128,57;6
2004;1;GLO;SBGL;SBSV;250,00;5
2004;1;GLO;SBVT;SBSP;184,62;461
2004;1;GLO;SBRJ;SBCT;200,65;1058
2004;1;GLO;SBSP;SBPA;298,71;3078
2004;1;GLO;SBRJ;SBCT;150,00;9
2004;1;GLO;SBSP;SBBR;149,00;2
2004;1;GLO;SBRJ;SBFL;193,59;133
2004;1;GLO;SBPA;SBCT;326,47;23
2004;1;GLO;SBRJ;SBBH;230,68;15
2004;1;GLO;SBSV;SBRF;115,67;715
2004;1;GLO;SBGL;SBRF;244,47;123
2004;1;GLO;SBSP;SBBR;365,97;596
2004;1;GLO;SBSP;SBBR;378,00;11
2004;1;GLO;SBSP;SBRJ;188,63;3602
2004;1;GLO;SBRF;SBSV;281,91;11
2004;1;GLO;SBKP;SBBR;231,54;178
2004;1;GLO;SBGL;SBGR;286,00;4
2004;1;GLO;SBSP;SBPA;571,00;1
2004;1;GLO;SBBR;SBKP;214,32;102
2004;1;GLO;SBGR;SBGL;477,00;6
2004;1;GLO;SBBR;SBCT;531,66;10
2004;1;GLO;SBPA;SBSP;353,59;854
2004;1;GLO;SBGL;SBPA;205,82;103
2004;1;GLO;SBCT;SBRJ;200,42;42
2004;1;GLO;SBBR;SBBE;301,00;1
2004;1;GLO;SBFL;SBRJ;245,50;17
2004;1;GLO;SBPA;SBGR;303,75;2
2004;1;GLO;SBFL;SBPA;80,65;213
2004;1;GLO;SBVT;SBSP;166,20;1590
2004;1;GLO;SBSP;SBGL;100,00;36
2004;1;GLO;SBCT;SBKP;100,00;1
2004;1;GLO;SBFL;SBRJ;166,08;5
2004;1;GLO;SBGL;SBSV;411,04;344
2004;1;GLO;SBBR;SBFZ;634,72;274
2004;1;GLO;SBRF;SBSV;103,38;915
2004;1;GLO;SBSP;SBPA;342,48;581
2004;1;GLO;SBBR;SBFZ;386,06;716
2004;1;GLO;SBBR;SBFZ;710,00;1
2004;1;GLO;SBBR;SBCT;442,40;5
2004;1;GLO;SBBR;SBSV;491,79;21
2004;1;GLO;SBFL;SBSP;368,00;22
2004;1;GLO;SBSP;SBPS;159,40;176
2004;1;GLO;SBRF;SBSV;202,29;461
2004;1;GLO;SBCT;SBKP;220,00;493
2004;1;GLO;SBFL;SBRJ;265,00;10
2004;1;GLO;SBKP;SBPA;312,97;287
2004;1;GLO;SBGL;SBSV;213,77;70
2004;1;GLO;SBBR;SBBE;568,00;1
2004;1;GLO;SBFL;SBPA;112,00;262
2004;1;GLO;SBBH;SBSP;417,00;19
2004;1;GLO;SBRF;SBSV;228,00;10
2004;1;GLO;SBCT;SBKP;261,00;53
2004;1;GLO;SBSP;SBBR;269,16;197
2004;1;GLO;SBBE;SBMQ;202,00;1
2004;1;GLO;SBPA;SBKP;248,67;6
2004;1;GLO;SBBR;SBFZ;463,42;295
2004;1;GLO;SBGR;SBPA;324,61;43
2004;1;GLO;SBBR;SBSP;410,00;2
2004;1;GLO;SBSP;SBGL;245,02;100
2004;1;GLO;SBPS;SBSP;211,11;92
2004;1;GLO;SBFL;SBSP;180,00;90
2004;1;GLO;SBPA;SBRJ;229,22;69
2004;1;GLO;SBBH;SBRJ;188,86;803
2004;1;GLO;SBPA;SBCT;153,00;134
2004;1;GLO;SBFL;SBPA;218,67;76
2004;1;GLO;SBSV;SBBR;454,12;519
2004;1;GLO;SBKP;SBBR;209,20;467
2004;1;GLO;SBFZ;SBRF;362,50;4
2004;1;GLO;SBFL;SBBR;331,00;4
2004;1;GLO;SBBR;SBSP;571,00;1
2004;1;GLO;SBFL;SBBR;211,74;141
2004;1;GLO;SBGL;SBSV;426,63;395
2004;1;GLO;SBRJ;SBSP;188,62;3588
2004;1;GLO;SBSP;SBPS;91,00;2
2004;1;GLO;SBSV;SBBR;355,30;564
2004;1;GLO;SBBR;SBKP;236,00;3
2004;1;GLO;SBBR;SBGO;145,01;59
2004;1;GLO;SBGL;SBPA;410,77;18
2004;1;GLO;SBPA;SBRJ;182,87;444
2004;1;GLO;SBGL;SBBR;323,20;191
2004;1;GLO;SBBR;SBGL;290,10;103
2004;1;GLO;SBSP;SBBR;352,92;297
2004;1;GLO;SBBR;SBPA;433,02;676
2004;1;GLO;SBGL;SBSP;142,14;1959
2004;1;GLO;SBSP;SBPS;233,58;166
2004;1;GLO;SBFZ;SBBR;561,60;3
2004;1;GLO;SBBH;SBRJ;225,47;91
2004;1;GLO;SBSV;SBGL;440,69;76
2004;1;GLO;SBBR;SBBE;249,00;24
2004;1;GLO;SBBH;SBBR;290,72;180
2004;1;GLO;SBKP;SBPA;132,00;5
2004;1;GLO;SBSP;SBGL;132,00;12
2004;1;GLO;SBRJ;SBKP;275,01;698
2004;1;GLO;SBKP;SBPA;99,80;5
2004;1;GLO;SBBR;SBSP;304,74;1096
2004;1;GLO;SBGL;SBFL;397,50;6
2004;1;GLO;SBPA;SBBR;376,73;119
2004;1;GLO;SBRJ;SBKP;83,00;1
2004;1;GLO;SBFZ;SBRF;324,00;2
2004;1;GLO;SBCT;SBPA;159,56;2242
2004;1;GLO;SBRF;SBFZ;142,15;637
2004;1;GLO;SBGL;SBRF;288,53;236
2004;1;GLO;SBGL;SBCT;270,96;123
2004;1;GLO;SBPA;SBCT;215,00;6
2004;1;GLO;SBSP;SBCT;100,00;6
2004;1;GLO;SBGL;SBCT;244,83;539
2004;1;GLO;SBGL;SBGR;68,10;265
2004;1;GLO;SBSP;SBRJ;246,30;9368
2004;1;GLO;SBCT;SBSP;279,16;358
2004;1;GLO;SBCT;SBKP;281,00;23
2004;1;GLO;SBSP;SBPS;190,50;2
2004;1;GLO;SBSP;SBPS;468,00;4
2004;1;GLO;SBFZ;SBRF;202,05;553
2004;1;GLO;SBKP;SBCT;358,00;1
2004;1;GLO;SBSP;SBGO;426,55;40
2004;1;GLO;SBRJ;SBBR;347,37;647
2004;1;GLO;SBSP;SBPA;479,35;53
2004;1;GLO;SBBH;SBKP;386,00;2
2004;1;GLO;SBPA;SBBR;413,76;567
2004;1;GLO;SBRJ;SBSP;267,36;4879
2004;1;GLO;SBSP;SBNF;217,12;5
2004;1;GLO;SBPA;SBGL;627,00;2
2004;1;GLO;SBBH;SBSP;379,00;1
2004;1;GLO;SBBR;SBBH;207,00;13
2004;1;GLO;SBRJ;SBSP;174,97;2274
2004;1;GLO;SBCT;SBSP;243,00;229
2004;1;GLO;SBMQ;SBBE;103,63;3022
2004;1;GLO;SBKP;SBRJ;274,73;686
2004;1;GLO;SBBR;SBPA;542,00;20
2004;1;GLO;SBBE;SBMQ;266,17;14
2004;1;GLO;SBRJ;SBBH;208,54;266
2004;1;GLO;SBPA;SBGL;312,65;143
2004;1;GLO;SBBR;SBSP;236,32;166
2004;1;GLO;SBBR;SBRJ;291,83;245
2004;1;GLO;SBBR;SBSP;378,00;2
2004;1;GLO;SBMQ;SBBE;121,91;395
2004;1;GLO;SBBR;SBCT;306,42;1066
2004;1;GLO;SBBR;SBSV;359,34;744
2004;1;GLO;SBSP;SBPA;436,14;189
2004;1;GLO;SBRJ;SBFL;75,00;3
2004;1;GLO;SBGL;SBSP;269,00;1
2004;1;GLO;SBNF;SBSP;398,00;1
2004;1;GLO;SBCT;SBKP;214,36;83
2004;1;GLO;SBFL;SBGL;69,43;442
2004;1;GLO;SBGL;SBSV;436,95;70
2004;1;GLO;SBGR;SBGL;179,00;2
2004;1;GLO;SBPA;SBFL;159,78;408
2004;1;GLO;SBCT;SBSP;323,00;1
2004;1;GLO;SBRJ;SBKP;392,00;1
2004;1;GLO;SBBR;SBSP;150,00;1
2004;1;GLO;SBRF;SBFZ;181,81;918
2004;1;GLO;SBBH;SBSP;213,21;637
2004;1;GLO;SBFL;SBRJ;174,34;655
2004;1;GLO;SBKP;SBPA;224,00;2
2004;1;GLO;SBCT;SBBR;277,93;783
2004;1;GLO;SBNF;SBSP;225,19;278
2004;1;GLO;SBPA;SBCT;157,64;2662
2004;1;GLO;SBKP;SBBR;284,81;37
2004;1;GLO;SBBR;SBBE;390,44;96
2004;1;GLO;SBFL;SBBR;270,00;9
2004;1;GLO;SBSP;SBFL;353,60;3
2004;1;GLO;SBGL;SBRF;675,00;1
2004;1;GLO;SBGL;SBSV;353,80;1075
2004;1;GLO;SBRF;SBGL;201,88;502
2004;1;GLO;SBGL;SBRF;414,68;654
2004;1;GLO;SBBR;SBRJ;428,69;48
2004;1;GLO;SBBE;SBBR;382,38;119
2004;1;GLO;SBRJ;SBPA;215,39;6
2004;1;GLO;SBBR;SBFZ;238,65;231
2004;1;GLO;SBFL;SBSP;329,88;188
2004;1;GLO;SBSV;SBBR;418,00;4
2004;1;GLO;SBSP;SBFL;213,94;2885
2004;1;GLO;SBRJ;SBVT;163,00;43
2004;1;GLO;SBBR;SBBE;445,76;45
2004;1;GLO;SBSP;SBPA;398,14;304
2004;1;GLO;SBSP;SBBH;361,40;3
2004;1;GLO;SBPA;SBSP;401,00;4
2004;1;GLO;SBSP;SBFL;236,00;17
2004;1;GLO;SBPS;SBSP;103,50;2
2004;1;GLO;SBFL;SBGR;380,80;6
2004;1;GLO;SBGR;SBSV;491,33;6
2004;1;GLO;SBFL;SBGL;265,00;4
2004;1;GLO;SBPA;SBGR;175,97;619
2004;1;GLO;SBSP;SBBR;216,47;147
2004;1;GLO;SBRF;SBSV;97,20;22
2004;1;GLO;SBRJ;SBBH;165,88;2389
2004;1;GLO;SBRJ;SBBR;296,83;3133
2004;1;GLO;SBCT;SBPA;134,00;18
2004;1;GLO;SBFZ;SBRF;174,03;854
2004;1;GLO;SBFL;SBGL;55,30;68
2004;1;GLO;SBPA;SBFL;115,06;3116
2004;1;GLO;SBSV;SBRF;200,26;504
2004;1;GLO;SBPA;SBBR;403,20;80
2004;1;GLO;SBSV;SBBR;531,00;1
2004;1;GLO;SBCT;SBRJ;161,65;1133
2004;1;GLO;SBCT;SBBH;160,93;11
2004;1;GLO;SBSV;SBBR;421,35;94
2004;1;GLO;SBBR;SBGL;257,36;160
2004;1;GLO;SBFL;SBRJ;207,73;155
2004;1;GLO;SBGL;SBCT;300,00;22
2004;1;GLO;SBSP;SBBR;288,00;1295
2004;1;GLO;SBSV;SBGL;250,00;1
2004;1;GLO;SBSP;SBGO;214,00;4
2004;1;GLO;SBSP;SBPA;368,00;37
2004;1;GLO;SBBR;SBSP;438,62;50
2004;1;GLO;SBGR;SBFL;92,73;1703
2004;1;GLO;SBSV;SBGL;563,60;5
2004;1;GLO;SBPS;SBSP;170,54;276
2004;1;GLO;SBPA;SBGR;150,49;1720
2004;1;GLO;SBFL;SBRJ;129,26;187
2004;1;GLO;SBGL;SBSV;466,49;744
2004;1;GLO;SBSP;SBVT;242,50;2
2004;1;GLO;SBSV;SBGR;270,74;106
2004;1;GLO;SBCT;SBGL;295,61;23
2004;1;GLO;SBPS;SBSP;236,88;158
2004;1;GLO;SBGR;SBGL;293,00;4
2004;1;GLO;SBGR;SBPA;120,40;12
2004;1;GLO;SBSP;SBCT;263,43;547
2004;1;GLO;SBFL;SBGL;366,85;7
2004;1;GLO;SBFL;SBSP;236,67;1577
2004;1;GLO;SBSP;SBRJ;167,04;5
2004;1;GLO;SBSP;SBGL;93,34;7
2004;1;GLO;SBKP;SBBH;156,00;8
2004;1;GLO;SBPA;SBSP;323,54;358
2004;1;GLO;SBPA;SBGR;263,82;13
2004;1;GLO;SBSP;SBFL;212,00;495
2004;1;GLO;SBKP;SBBR;272,19;140
2004;1;GLO;SBRJ;SBSP;286,00;4
2004;1;GLO;SBGL;SBBR;261,00;1
2004;1;GLO;SBCT;SBSP;358,00;3
2004;1;GLO;SBSP;SBCT;221,32;2648
2004;1;GLO;SBGO;SBBR;137,86;4
2004;1;GLO;SBBH;SBRJ;265,00;1
2004;1;GLO;SBSP;SBCT;175,60;5
2004;1;GLO;SBSV;SBGL;676,00;3
2004;1;GLO;SBSP;SBCT;247,69;2974
2004;1;GLO;SBPA;SBSP;393,03;365
2004;1;GLO;SBGL;SBCT;272,00;6
2004;1;GLO;SBBE;SBMQ;140,58;670
2004;1;GLO;SBFZ;SBBR;449,74;420
2004;1;GLO;SBKP;SBRJ;100,00;4
2004;1;GLO;SBRJ;SBVT;188,58;465
2004;1;GLO;SBGL;SBGR;59,37;38
2004;1;GLO;SBFL;SBGL;310,06;79
2004;1;GLO;SBGL;SBBR;302,43;153
2004;1;GLO;SBRJ;SBKP;246,03;861
2004;1;GLO;SBFZ;SBBR;506,47;19
2004;1;GLO;SBCT;SBBR;312,85;256
2004;1;GLO;SBBR;SBKP;201,15;561
2004;1;GLO;SBGL;SBSP;249,00;14
2004;1;GLO;SBBH;SBCT;124,65;411
2004;1;GLO;SBGL;SBPA;385,01;23
2004;1;GLO;SBBH;SBBR;266,00;210
2004;1;GLO;SBPA;SBFL;101,93;1578
2004;1;GLO;SBBH;SBKP;147,73;369
2004;1;GLO;SBBR;SBSP;488,00;27
2004;1;GLO;SBPA;SBGR;197,58;102
2004;1;GLO;SBBE;SBBR;301,00;1
2004;1;GLO;SBSP;SBFL;244,87;1187
2004;1;GLO;SBCT;SBPA;150,00;1
2004;1;GLO;SBSV;SBRF;200,00;222
2004;1;GLO;SBSP;SBPA;129,00;4
2004;1;GLO;SBRJ;SBVT;342,00;1
2004;1;GLO;SBRJ;SBFL;124,45;187
2004;1;GLO;SBRJ;SBPA;227,57;66
2004;1;GLO;SBNF;SBSP;172,74;124
2004;1;GLO;SBNF;SBSP;185,36;1574
2004;1;GLO;SBRJ;SBVT;100,00;14
2004;1;GLO;SBBR;SBSV;401,12;224
2004;1;GLO;SBPA;SBRJ;231,97;197
2004;1;GLO;SBFZ;SBBR;235,43;279
2004;1;GLO;SBGR;SBGL;286,00;27
2004;1;GLO;SBKP;SBPA;277,32;419
2004;1;GLO;SBRJ;SBFL;158,48;591
2004;1;GLO;SBCT;SBBR;553,00;1
2004;1;GLO;SBFL;SBSP;259,72;568
2004;1;GLO;SBBH;SBKP;120,32;545
2004;1;GLO;SBBR;SBPA;449,12;47
2004;1;GLO;SBPA;SBBR;419,56;860
2004;1;GLO;SBCT;SBKP;243,61;386
2004;1;GLO;SBKP;SBCT;559,68;15
2004;1;GLO;SBBH;SBSP;271,78;214
2004;1;GLO;SBGL;SBSP;122,49;135
2004;1;GLO;SBCT;SBBR;449,00;1
2004;1;GLO;SBGL;SBFL;297,16;35
2004;1;GLO;SBBH;SBKP;104,24;645
2004;1;GLO;SBSP;SBVT;120,16;97
2004;1;GLO;SBRJ;SBBH;330,00;6
2004;1;GLO;SBGL;SBSV;642,00;1
2004;1;GLO;SBSV;SBGL;293,66;1129
2004;1;GLO;SBBE;SBBR;450,25;27
2004;1;GLO;SBBE;SBMQ;159,60;29
2004;1;GLO;SBSP;SBRJ;293,00;9
2004;1;GLO;SBKP;SBCT;291,95;369
2004;1;GLO;SBRJ;SBBH;186,47;1400
2004;1;GLO;SBPA;SBSP;432,39;256
2004;1;GLO;SBRJ;SBBR;157,73;39
2004;1;GLO;SBCT;SBBH;124,12;453
2004;1;GLO;SBRJ;SBPA;247,10;32
2004;1;GLO;SBRJ;SBPA;208,27;72
2004;1;GLO;SBRJ;SBKP;289,94;508
2004;1;GLO;SBRJ;SBPA;191,56;554
2004;1;GLO;SBCT;SBPA;153,00;134
2004;1;GLO;SBGL;SBPA;318,85;567
2004;1;GLO;SBKP;SBPA;387,00;3
2004;1;GLO;SBRJ;SBBH;149,27;3574
2004;1;GLO;SBSV;SBGR;823,00;1
2004;1;GLO;SBCT;SBGL;206,74;369
2004;1;GLO;SBGR;SBFL;185,26;47
2004;1;GLO;SBFL;SBPA;259,00;17
2004;1;GLO;SBFL;SBPA;121,66;2717
2004;1;GLO;SBSP;SBGO;353,00;27
2004;1;GLO;SBBR;SBFL;99,50;2
2004;1;GLO;SBPS;SBSP;104,07;6
2004;1;GLO;SBGL;SBPA;243,31;209
2004;1;GLO;SBFZ;SBRF;96,74;842
2004;1;GLO;SBSV;SBRF;96,67;832
2004;1;GLO;SBCT;SBSP;182,33;3
2004;1;GLO;SBKP;SBRJ;240,84;211
2004;1;GLO;SBBR;SBFZ;586,92;29
2004;1;GLO;SBBH;SBRJ;149,14;4332
2004;1;GLO;SBVT;SBSP;144,85;98
2004;1;GLO;SBGL;SBSP;215,19;23
2004;1;GLO;SBSP;SBBH;150,00;2
2004;1;GLO;SBVT;SBRJ;165,03;1465
2004;1;GLO;SBFL;SBBR;159,27;72
2004;1;GLO;SBRJ;SBFL;177,50;21
2004;1;GLO;SBBR;SBBE;365,77;72
2004;1;GLO;SBBH;SBKP;152,73;30
2004;1;GLO;SBCT;SBSP;263,09;981
2004;1;GLO;SBRJ;SBCT;186,50;16
2004;1;GLO;SBCT;SBSP;213,27;952
2004;1;GLO;SBCT;SBSP;247,28;2356
2004;1;GLO;SBCT;SBBR;327,50;40
2004;1;GLO;SBSP;SBNF;173,00;120
2004;1;GLO;SBCT;SBGL;232,00;2
2004;1;GLO;SBGL;SBSV;275,45;66
2004;1;GLO;SBRF;SBFZ;242,00;2
2004;1;GLO;SBKP;SBRJ;83,00;1
2004;1;GLO;SBSP;SBGO;308,71;37
2004;1;GLO;SBSP;SBNF;100,00;3
2004;1;GLO;SBPA;SBSP;349,17;550
2004;1;GLO;SBSP;SBBH;345,00;7
2004;1;GLO;SBRJ;SBBR;590,00;5
2004;1;GLO;SBFZ;SBBR;710,00;1
2004;1;GLO;SBBR;SBRJ;456,50;11
2004;1;GLO;SBGL;SBFL;280,57;16
2004;1;GLO;SBBH;SBCT;105,27;15
2004;1;GLO;SBPA;SBRJ;255,31;5
2004;1;GLO;SBSV;SBBR;366,92;6
2004;1;GLO;SBFL;SBPA;726,00;16
2004;1;GLO;SBSP;SBRJ;286,00;4
2004;1;GLO;SBPA;SBFL;259,00;1
2004;1;GLO;SBPS;SBSP;285,75;3
2004;1;GLO;SBBR;SBSV;172,39;135
2004;1;GLO;SBPA;SBFL;135,06;1227
2004;1;GLO;SBRJ;SBFL;227,50;7
2004;1;GLO;SBPA;SBGL;449,72;12
2004;1;GLO;SBCT;SBRJ;150,00;5
2004;1;GLO;SBFL;SBGL;262,81;366
2004;1;GLO;SBSP;SBBH;379,00;1
2004;1;GLO;SBBR;SBCT;385,05;20
2004;1;GLO;SBBH;SBCT;250,50;1
2004;1;GLO;SBGL;SBGR;293,00;1
2004;1;GLO;SBSV;SBGL;459,63;1150
2004;1;GLO;SBKP;SBBH;132,00;29
2004;1;GLO;SBSP;SBCT;281,17;272
2004;1;GLO;SBPA;SBKP;280,02;263
2004;1;GLO;SBBR;SBFL;223,29;93
2004;1;GLO;SBVT;SBRJ;215,00;1
2004;1;GLO;SBVT;SBRJ;238,26;26
2004;1;GLO;SBCT;SBBR;272,80;981
2004;1;GLO;SBFL;SBGR;212,74;28
2004;1;GLO;SBFL;SBGL;144,33;18
2004;1;GLO;SBGO;SBSP;257,50;8
2004;1;GLO;SBBH;SBRJ;183,00;18
2004;1;GLO;SBRF;SBGL;411,17;100
2004;1;GLO;SBSP;SBBH;283,08;431
2004;1;GLO;SBRF;SBFZ;160,48;844
2004;1;GLO;SBBE;SBMQ;149,00;1
2004;1;GLO;SBBR;SBRJ;326,19;3356
2004;1;GLO;SBPA;SBRJ;251,12;38
2004;1;GLO;SBGL;SBRF;577,00;65
2004;1;GLO;SBKP;SBRJ;245,87;878
2004;1;GLO;SBPA;SBSP;120,00;4
2004;1;GLO;SBBH;SBRJ;209,35;160
2004;1;GLO;SBGL;SBPA;268,37;47
2004;1;GLO;SBBH;SBSP;208,32;3156
2004;1;GLO;SBSV;SBBR;292,05;456
2004;1;GLO;SBPA;SBSP;405,95;13
2004;1;GLO;SBGL;SBSP;218,09;58
2004;1;GLO;SBRJ;SBKP;299,92;67
2004;1;GLO;SBKP;SBRJ;331,00;12
2004;1;GLO;SBPA;SBCT;99,00;2
2004;1;GLO;SBFL;SBPA;100,00;91
2004;1;GLO;SBNF;SBSP;280,58;9
2004;1;GLO;SBSP;SBFL;326,79;51
2004;1;GLO;SBFL;SBGL;334,59;84
2004;1;GLO;SBNF;SBSP;100,00;1
2004;1;GLO;SBBH;SBRJ;330,00;7
2004;1;GLO;SBBR;SBRJ;227,76;42
2004;1;GLO;SBPA;SBSP;368,00;50
2004;1;GLO;SBPA;SBGL;236,83;58
2004;1;GLO;SBSP;SBGO;350,79;516
2004;1;GLO;SBSP;SBRJ;198,00;19
2004;1;GLO;SBGO;SBSP;351,14;7
2004;1;GLO;SBBR;SBBH;266,00;210
2004;1;GLO;SBCT;SBBH;105,27;15
2004;1;GLO;SBFL;SBSP;236,00;59
2004;1;GLO;SBRF;SBSV;115,44;723
2004;1;GLO;SBBR;SBPA;451,16;379
2004;1;GLO;SBBR;SBPA;690,00;6
2004;1;GLO;SBGL;SBRF;902,00;3
2004;1;GLO;SBCT;SBPA;192,27;213
2004;1;GLO;SBPA;SBRJ;285,50;1
2004;1;GLO;SBRF;SBSV;230,31;513
2004;1;GLO;SBBR;SBSP;254,57;6
2004;1;GLO;SBPA;SBGL;365,01;36
2004;1;GLO;SBCT;SBBH;140,38;175
2004;1;GLO;SBCT;SBGL;272,00;26
2004;1;GLO;SBBH;SBKP;195,00;43
2004;1;GLO;SBBH;SBCT;109,00;514
2004;1;GLO;SBFL;SBRJ;75,00;4
2004;1;GLO;SBGL;SBRF;559,12;515
2004;1;GLO;SBSP;SBBH;314,00;20
2004;1;GLO;SBFL;SBSP;100,00;15
2004;1;GLO;SBSV;SBGL;473,00;28
2004;1;GLO;SBSV;SBRF;150,63;459
2004;1;GLO;SBBH;SBSP;468,00;3
2004;1;GLO;SBKP;SBBR;149,00;3
2004;1;GLO;SBCT;SBRJ;202,74;41
2004;1;GLO;SBSP;SBRJ;157,90;2716
2004;1;GLO;SBBR;SBFL;315,00;12
2004;1;GLO;SBGL;SBSV;178,26;813
2004;1;ONE;SBRP;SBSP;209,00;36
2004;1;ONE;SBCT;SBSP;219,00;7
2004;1;ONE;SBSP;SBRP;99,00;80
2004;1;ONE;SBSP;SBRP;209,00;16
2004;1;ONE;SBPA;SBSP;539,00;1
2004;1;ONE;SBRF;SBSV;515,00;1
2004;1;ONE;SBSP;SBCT;219,00;19
2004;1;ONE;SBSP;SBCT;189,00;125
2004;1;ONE;SBRP;SBSP;99,00;84
2004;1;ONE;SBSP;SBBR;430,00;1
2004;1;ONE;SBBR;SBSP;430,00;1
2004;1;ONE;SBRP;SBSP;314,00;1
2004;1;ONE;SBSP;SBRP;314,00;2
2004;1;ONE;SBCT;SBSP;189,00;95
2004;1;PEP;SBMQ;SBBE;450,04;1
2004;1;PEP;SBBE;SBMQ;101,72;273
2004;1;PEP;SBMQ;SBBE;159,09;87
2004;1;PEP;SBMQ;SBBE;102,38;332
2004;1;PEP;SBBE;SBMQ;152,79;19
2004;1;PLY;SBMQ;SBBE;99,54;52
2004;1;PLY;SBBE;SBMQ;416,64;8
2004;1;PLY;SBMQ;SBBE;187,49;2
2004;1;PTN;SBML;SBSP;379,00;150
2004;1;PTN;SBML;SBSP;539,00;19
2004;1;PTN;SBSP;SBBU;549,00;48
2004;1;PTN;SBBU;SBSP;509,00;40
2004;1;PTN;SBML;SBSP;509,00;38
2004;1;PTN;SBSP;SBML;439,00;80
2004;1;PTN;SBSP;SBAU;549,00;26
2004;1;PTN;SBML;SBSP;579,00;17
2004;1;PTN;SBSP;SBML;379,00;144
2004;1;PTN;SBSP;SBAU;529,00;45
2004;1;PTN;SBSP;SBML;579,00;16
2004;1;PTN;SBBU;SBSP;549,00;27
2004;1;PTN;SBAU;SBSP;409,00;341
2004;1;PTN;SBSP;SBBU;509,00;53
2004;1;PTN;SBBU;SBSP;349,00;262
2004;1;PTN;SBSP;SBAU;439,00;142
2004;1;PTN;SBSP;SBAU;489,00;71
2004;1;PTN;SBSP;SBAU;409,00;334
2004;1;PTN;SBSP;SBBU;479,00;82
2004;1;PTN;SBSP;SBML;539,00;22
2004;1;PTN;SBBU;SBSP;419,00;146
2004;1;PTN;SBML;SBSP;439,00;74
2004;1;PTN;SBAU;SBSP;549,00;29
2004;1;PTN;SBML;SBSP;339,00;342
2004;1;PTN;SBAU;SBSP;439,00;135
2004;1;PTN;SBAU;SBSP;489,00;71
2004;1;PTN;SBBU;SBSP;479,00;82
2004;1;PTN;SBAU;SBSP;529,00;43
2004;1;PTN;SBBU;SBSP;309,00;608
2004;1;PTN;SBSP;SBBU;349,00;265
2004;1;PTN;SBSP;SBBU;309,00;627
2004;1;PTN;SBSP;SBBU;419,00;131
2004;1;PTN;SBAU;SBSP;599,00;25
2004;1;PTN;SBSP;SBML;509,00;45
2004;1;PTN;SBSP;SBML;339,00;333
2004;1;PTN;SBSP;SBAU;599,00;29
2004;1;TAM;SBSP;SBBR;549,00;222
2004;1;TAM;SBBE;SBBR;513,00;24
2004;1;TAM;SBRJ;SBSP;458,00;490
2004;1;TAM;SBBR;SBGR;807,00;55
2004;1;TAM;SBBH;SBCT;485,00;40
2004;1;TAM;SBSP;SBGO;597,00;8
2004;1;TAM;SBGR;SBCF;365,00;22
2004;1;TAM;SBCT;SBGR;309,00;1640
2004;1;TAM;SBRF;SBSV;579,00;14
2004;1;TAM;SBBR;SBGO;324,00;41
2004;1;TAM;SBSP;SBVT;579,00;32
2004;1;TAM;SBCT;SBGR;372,00;7
2004;1;TAM;SBBR;SBGL;709,00;2
2004;1;TAM;SBRF;SBGL;709,00;224
2004;1;TAM;SBGO;SBSP;479,00;2389
2004;1;TAM;SBBR;SBRJ;506,00;190
2004;1;TAM;SBSP;SBBH;365,00;330
2004;1;TAM;SBRJ;SBBR;449,00;810
2004;1;TAM;SBVT;SBRJ;200,00;2022
2004;1;TAM;SBCT;SBBR;759,00;7
2004;1;TAM;SBSP;SBPS;790,00;29
2004;1;TAM;SBGL;SBSV;899,00;2
2004;1;TAM;SBSV;SBGL;977,00;251
2004;1;TAM;SBFL;SBPA;494,00;14
2004;1;TAM;SBBR;SBKP;450,00;51
2004;1;TAM;SBBR;SBCT;839,00;14
2004;1;TAM;SBRJ;SBVT;397,00;2
2004;1;TAM;SBCT;SBPA;428,00;7
2004;1;TAM;SBGL;SBSV;821,00;50
2004;1;TAM;SBFL;SBBR;825,00;24
2004;1;TAM;SBVT;SBSP;839,00;50
2004;1;TAM;SBRJ;SBBH;458,00;17
2004;1;TAM;SBBE;SBMQ;454,00;35
2004;1;TAM;SBBR;SBBE;476,00;542
2004;1;TAM;SBKP;SBCT;309,00;789
2004;1;TAM;SBBR;SBGO;272,00;48
2004;1;TAM;SBSP;SBBH;560,00;8
2004;1;TAM;SBKP;SBBR;588,00;15
2004;1;TAM;SBSP;SBRJ;458,00;428
2004;1;TAM;SBRJ;SBBH;378,00;31
2004;1;TAM;SBFZ;SBRF;607,00;23
2004;1;TAM;SBFZ;SBRF;549,00;11
2004;1;TAM;SBSV;SBGL;508,00;553
2004;1;TAM;SBFZ;SBRF;324,00;32
2004;1;TAM;SBBH;SBBR;401,00;31
2004;1;TAM;SBCT;SBBH;614,00;2
2004;1;TAM;SBBH;SBSP;512,00;116
2004;1;TAM;SBPA;SBKP;433,00;248
2004;1;TAM;SBGL;SBCT;331,00;767
2004;1;TAM;SBCT;SBPA;243,00;13
2004;1;TAM;SBPA;SBCT;627,00;33
2004;1;TAM;SBBH;SBBR;724,00;39
2004;1;TAM;SBGR;SBPA;439,00;317
2004;1;TAM;SBSP;SBPA;556,00;130
2004;1;TAM;SBRJ;SBBR;709,00;160
2004;1;TAM;SBRJ;SBBH;418,00;99
2004;1;TAM;SBFL;SBSP;558,00;2
2004;1;TAM;SBSV;SBGR;875,00;58
2004;1;TAM;SBPA;SBCT;428,00;11
2004;1;TAM;SBSP;SBBR;743,00;9
2004;1;TAM;SBCT;SBSP;411,00;138
2004;1;TAM;SBPS;SBSP;865,00;194
2004;1;TAM;SBMQ;SBBE;345,00;3
2004;1;TAM;SBGO;SBSP;597,00;26
2004;1;TAM;SBPA;SBFL;299,00;34
2004;1;TAM;SBSP;SBUL;403,00;1527
2004;1;TAM;SBBH;SBRJ;458,00;1
2004;1;TAM;SBFL;SBCT;286,00;342
2004;1;TAM;SBSV;SBRF;469,00;20
2004;1;TAM;SBBE;SBBR;476,00;567
2004;1;TAM;SBSP;SBRJ;319,00;15252
2004;1;TAM;SBSP;SBPS;976,00;10
2004;1;TAM;SBVT;SBSP;639,00;82
2004;1;TAM;SBGR;SBBR;549,00;12
2004;1;TAM;SBBR;SBBE;867,00;4
2004;1;TAM;SBCT;SBBH;549,00;10
2004;1;TAM;SBCT;SBBH;341,00;711
2004;1;TAM;SBPA;SBGL;513,00;111
2004;1;TAM;SBFZ;SBRF;273,00;67
2004;1;TAM;SBSP;SBVT;699,00;3
2004;1;TAM;SBRJ;SBVT;439,00;34
2004;1;TAM;SBRJ;SBVT;200,00;2045
2004;1;TAM;SBSV;SBGL;664,00;77
2004;1;TAM;SBBR;SBBH;401,00;6
2004;1;TAM;SBFZ;SBRF;376,00;108
2004;1;TAM;SBSP;SBRP;519,00;15
2004;1;TAM;SBFL;SBPA;209,00;46
2004;1;TAM;SBBR;SBSV;780,00;17
2004;1;TAM;SBFZ;SBRF;664,00;1
2004;1;TAM;SBRF;SBSV;310,00;37
2004;1;TAM;SBVT;SBSP;409,00;3045
2004;1;TAM;SBKP;SBBR;450,00;55
2004;1;TAM;SBPA;SBCT;377,00;90
2004;1;TAM;SBSP;SBRP;363,00;1308
2004;1;TAM;SBVT;SBRJ;272,00;125
2004;1;TAM;SBSP;SBGL;276,00;1
2004;1;TAM;SBGR;SBKP;151,00;13
2004;1;TAM;SBBR;SBSP;614,00;102
2004;1;TAM;SBBR;SBSV;557,00;60
2004;1;TAM;SBPA;SBGR;621,00;5
2004;1;TAM;SBSP;SBBR;485,00;720
2004;1;TAM;SBVT;SBRJ;521,00;56
2004;1;TAM;SBCT;SBBR;995,00;36
2004;1;TAM;SBFZ;SBBR;1007,00;54
2004;1;TAM;SBBR;SBRJ;574,00;62
2004;1;TAM;SBPA;SBCT;216,00;64
2004;1;TAM;SBMQ;SBBE;454,00;26
2004;1;TAM;SBBR;SBSP;485,00;650
2004;1;TAM;SBRJ;SBBR;419,00;3696
2004;1;TAM;SBGR;SBSV;783,00;28
2004;1;TAM;SBGO;SBBR;194,00;56
2004;1;TAM;SBPA;SBFL;458,00;1
2004;1;TAM;SBBR;SBFL;500,00;1108
2004;1;TAM;SBGR;SBFL;607,00;14
2004;1;TAM;SBPA;SBGR;816,00;42
2004;1;TAM;SBPA;SBKP;632,00;4
2004;1;TAM;SBGR;SBCT;487,00;74
2004;1;TAM;SBGL;SBGR;243,00;77
2004;1;TAM;SBGO;SBSP;723,00;16
2004;1;TAM;SBFL;SBBR;569,00;274
2004;1;TAM;SBBR;SBBH;655,00;1
2004;1;TAM;SBKP;SBPA;699,00;8
2004;1;TAM;SBSV;SBGR;691,00;197
2004;1;TAM;SBFL;SBCT;311,00;4
2004;1;TAM;SBCT;SBFL;311,00;5
2004;1;TAM;SBMQ;SBBE;381,00;6
2004;1;TAM;SBFL;SBGR;413,00;8
2004;1;TAM;SBBR;SBFZ;911,00;16
2004;1;TAM;SBBH;SBBR;862,00;41
2004;1;TAM;SBRJ;SBVT;521,00;16
2004;1;TAM;SBGL;SBSV;664,00;42
2004;1;TAM;SBGR;SBCF;606,00;26
2004;1;TAM;SBBR;SBCT;995,00;34
2004;1;TAM;SBCT;SBSP;450,00;6
2004;1;TAM;SBBE;SBBR;958,00;8
2004;1;TAM;SBGL;SBCT;736,00;36
2004;1;TAM;SBRJ;SBSP;319,00;16694
2004;1;TAM;SBBR;SBKP;588,00;8
2004;1;TAM;SBBH;SBSP;681,00;63
2004;1;TAM;SBBH;SBCT;807,00;16
2004;1;TAM;SBFL;SBPA;378,00;4
2004;1;TAM;SBRP;SBSP;363,00;1284
2004;1;TAM;SBFL;SBCT;409,00;10
2004;1;TAM;SBBR;SBSV;631,00;41
2004;1;TAM;SBRP;SBSP;396,00;99
2004;1;TAM;SBBE;SBMQ;418,00;1
2004;1;TAM;SBPA;SBSP;752,00;5
2004;1;TAM;SBCT;SBPA;377,00;85
2004;1;TAM;SBBH;SBBR;586,00;81
2004;1;TAM;SBRJ;SBVT;356,00;11
2004;1;TAM;SBSP;SBVT;409,00;2761
2004;1;TAM;SBBR;SBBH;348,00;86
2004;1;TAM;SBRJ;SBSP;212,00;3272
2004;1;TAM;SBBR;SBKP;657,00;11
2004;1;TAM;SBPA;SBSP;556,00;268
2004;1;TAM;SBRF;SBSV;276,00;98
2004;1;TAM;SBBR;SBGR;614,00;2
2004;1;TAM;SBCT;SBSP;339,00;263
2004;1;TAM;SBGL;SBGR;458,00;52
2004;1;TAM;SBPS;SBSP;976,00;99
2004;1;TAM;SBBR;SBFZ;815,00;34
2004;1;TAM;SBRF;SBGL;863,00;39
2004;1;TAM;SBKP;SBGR;215,00;2
2004;1;TAM;SBSV;SBRF;579,00;18
2004;1;TAM;SBPA;SBGL;829,00;72
2004;1;TAM;SBRJ;SBBR;776,00;22
2004;1;TAM;SBSV;SBGL;821,00;86
2004;1;TAM;SBSV;SBGL;743,00;273
2004;1;TAM;SBSP;SBUL;529,00;77
2004;1;TAM;SBVT;SBRJ;314,00;27
2004;1;TAM;SBBH;SBCT;549,00;8
2004;1;TAM;SBGL;SBRF;1269,00;101
2004;1;TAM;SBBR;SBRJ;842,00;262
2004;1;TAM;SBBR;SBSV;484,00;877
2004;1;TAM;SBBR;SBBE;685,00;5
2004;1;TAM;SBGO;SBBR;324,00;16
2004;1;TAM;SBSV;SBGL;899,00;21
2004;1;TAM;SBGR;SBCT;372,00;10
2004;1;TAM;SBSV;SBBR;928,00;167
2004;1;TAM;SBBR;SBBH;724,00;23
2004;1;TAM;SBFL;SBBR;912,00;71
2004;1;TAM;SBBR;SBGO;220,00;20
2004;1;TAM;SBGL;SBPA;592,00;57
2004;1;TAM;SBGR;SBFL;510,00;32
2004;1;TAM;SBFL;SBGR;364,00;21
2004;1;TAM;SBPA;SBGR;439,00;439
2004;1;TAM;SBRJ;SBBH;496,00;83
2004;1;TAM;SBBE;SBMQ;255,00;30
2004;1;TAM;SBBR;SBBE;593,00;68
2004;1;TAM;SBBE;SBBR;1137,00;40
2004;1;TAM;SBGR;SBGL;350,00;3
2004;1;TAM;SBBH;SBCT;390,00;49
2004;1;TAM;SBSP;SBBH;463,00;96
2004;1;TAM;SBBR;SBKP;309,00;607
2004;1;TAM;SBBR;SBFL;652,00;34
2004;1;TAM;SBSP;SBRP;434,00;4
2004;1;TAM;SBFL;SBSP;258,00;2453
2004;1;TAM;SBKP;SBGR;151,00;20
2004;1;TAM;SBFZ;SBRF;698,00;32
2004;1;TAM;SBKP;SBBR;399,00;75
2004;1;TAM;SBGL;SBSV;586,00;259
2004;1;TAM;SBPS;SBSP;579,00;131
2004;1;TAM;SBSV;SBBR;631,00;95
2004;1;TAM;SBSP;SBRP;396,00;75
2004;1;TAM;SBCT;SBBH;390,00;20
2004;1;TAM;SBBR;SBGO;246,00;14
2004;1;TAM;SBUL;SBSP;595,00;3
2004;1;TAM;SBFL;SBPA;339,00;2
2004;1;TAM;SBSV;SBRF;687,00;25
2004;1;TAM;SBGR;SBFL;273,00;3
2004;1;TAM;SBCT;SBBR;499,00;1053
2004;1;TAM;SBSV;SBGL;459,00;1477
2004;1;TAM;SBGO;SBBR;220,00;38
2004;1;TAM;SBBR;SBKP;727,00;9
2004;1;TAM;SBKP;SBCT;428,00;9
2004;1;TAM;SBFL;SBSP;273,00;160
2004;1;TAM;SBRJ;SBVT;272,00;98
2004;1;TAM;SBSP;SBBR;679,00;130
2004;1;TAM;SBVT;SBRJ;397,00;4
2004;1;TAM;SBBR;SBSV;705,00;11
2004;1;TAM;SBRJ;SBBR;842,00;352
2004;1;TAM;SBFL;SBPA;174,00;56
2004;1;TAM;SBBH;SBRJ;200,00;3193
2004;1;TAM;SBGR;SBPA;686,00;34
2004;1;TAM;SBBR;SBGO;298,00;17
2004;1;TAM;SBRF;SBSV;413,00;31
2004;1;TAM;SBBR;SBGL;842,00;4
2004;1;TAM;SBRF;SBFZ;434,00;29
2004;1;TAM;SBGR;SBGL;423,00;14
2004;1;TAM;SBBR;SBKP;796,00;2
2004;1;TAM;SBSV;SBBR;854,00;8
2004;1;TAM;SBCT;SBPA;528,00;12
2004;1;TAM;SBKP;SBCT;487,00;24
2004;1;TAM;SBGL;SBPA;982,00;72
2004;1;TAM;SBRJ;SBBH;339,00;55
2004;1;TAM;SBSV;SBGR;967,00;178
2004;1;TAM;SBBR;SBKP;519,00;22
2004;1;TAM;SBBR;SBBE;513,00;23
2004;1;TAM;SBGR;SBCT;309,00;1174
2004;1;TAM;SBCT;SBGR;339,00;37
2004;1;TAM;SBSP;SBBR;917,00;96
2004;1;TAM;SBBE;SBMQ;381,00;11
2004;1;TAM;SBSP;SBPA;752,00;9
2004;1;TAM;SBGR;SBSV;967,00;55
2004;1;TAM;SBCT;SBPA;216,00;57
2004;1;TAM;SBSP;SBVT;639,00;58
2004;1;TAM;SBFL;SBGR;316,00;62
2004;1;TAM;SBRF;SBFZ;549,00;7
2004;1;TAM;SBBH;SBRJ;496,00;54
2004;1;TAM;SBGL;SBCT;505,00;5
2004;1;TAM;SBMQ;SBBE;215,00;45
2004;1;TAM;SBSV;SBBR;705,00;70
2004;1;TAM;SBBR;SBFZ;1007,00;31
2004;1;TAM;SBRF;SBFZ;491,00;17
2004;1;TAM;SBPA;SBGL;982,00;151
2004;1;TAM;SBBR;SBFL;569,00;105
2004;1;TAM;SBCT;SBSP;372,00;61
2004;1;TAM;SBFL;SBSP;668,00;81
2004;1;TAM;SBCT;SBBH;420,00;107
2004;1;TAM;SBRF;SBSV;687,00;24
2004;1;TAM;SBGR;SBFL;364,00;13
2004;1;TAM;SBGR;SBSV;603,00;1097
2004;1;TAM;SBCT;SBFL;409,00;2
2004;1;TAM;SBPA;SBKP;699,00;5
2004;1;TAM;SBSV;SBGR;783,00;142
2004;1;TAM;SBKP;SBBR;727,00;4
2004;1;TAM;SBGR;SBCT;339,00;12
2004;1;TAM;SBRF;SBSV;524,00;3
2004;1;TAM;SBCT;SBBH;807,00;80
2004;1;TAM;SBSP;SBFL;461,00;3
2004;1;TAM;SBBR;SBBH;455,00;48
2004;1;TAM;SBBH;SBCT;341,00;864
2004;1;TAM;SBSP;SBFL;413,00;12
2004;1;TAM;SBSP;SBGO;534,00;45
2004;1;TAM;SBCT;SBGR;487,00;78
2004;1;TAM;SBGR;SBGL;243,00;152
2004;1;TAM;SBSP;SBFL;258,00;2003
2004;1;TAM;SBVT;SBSP;699,00;21
2004;1;TAM;SBBH;SBRJ;299,00;23
2004;1;TAM;SBVT;SBSP;459,00;184
2004;1;TAM;SBGR;SBBR;679,00;25
2004;1;TAM;SBSP;SBPS;639,00;33
2004;1;TAM;SBSP;SBBH;512,00;122
2004;1;TAM;SBGL;SBRF;964,00;7
2004;1;TAM;SBBR;SBRJ;449,00;353
2004;1;TAM;SBGR;SBGL;386,00;11
2004;1;TAM;SBKP;SBBR;309,00;840
2004;1;TAM;SBRJ;SBBH;224,00;179
2004;1;TAM;SBSP;SBPS;714,00;33
2004;1;TAM;SBPA;SBGL;671,00;42
2004;1;TAM;SBKP;SBPA;832,00;29
2004;1;TAM;SBGL;SBCT;625,00;33
2004;1;TAM;SBCT;SBKP;348,00;37
2004;1;TAM;SBRJ;SBBH;200,00;3755
2004;1;TAM;SBFL;SBBR;500,00;1297
2004;1;TAM;SBRJ;SBBH;299,00;46
2004;1;TAM;SBFL;SBSP;316,00;187
2004;1;TAM;SBBR;SBBE;1137,00;29
2004;1;TAM;SBBH;SBSP;463,00;72
2004;1;TAM;SBGO;SBBR;164,00;601
2004;1;TAM;SBPA;SBKP;499,00;19
2004;1;TAM;SBCT;SBSP;513,00;60
2004;1;TAM;SBGR;SBPA;816,00;16
2004;1;TAM;SBCT;SBKP;469,00;1
2004;1;TAM;SBKP;SBCT;348,00;8
2004;1;TAM;SBCT;SBFL;344,00;1
2004;1;TAM;SBGL;SBSV;459,00;1504
2004;1;TAM;SBCF;SBGR;463,00;4
2004;1;TAM;SBCT;SBPA;327,00;33
2004;1;TAM;SBGR;SBKP;180,00;1
2004;1;TAM;SBGL;SBGR;276,00;32
2004;1;TAM;SBMQ;SBBE;189,00;118
2004;1;TAM;SBVT;SBSP;519,00;94
2004;1;TAM;SBBH;SBBR;517,00;58
2004;1;TAM;SBBH;SBRJ;339,00;30
2004;1;TAM;SBPA;SBSP;858,00;61
2004;1;TAM;SBFL;SBGR;607,00;62
2004;1;TAM;SBFL;SBGR;461,00;14
2004;1;TAM;SBFZ;SBBR;815,00;44
2004;1;TAM;SBBR;SBFL;1085,00;78
2004;1;TAM;SBRF;SBFZ;376,00;57
2004;1;TAM;SBCT;SBBH;679,00;2
2004;1;TAM;SBGO;SBSP;865,00;19
2004;1;TAM;SBGR;SBCF;463,00;1
2004;1;TAM;SBSV;SBRF;310,00;29
2004;1;TAM;SBGL;SBRF;1066,00;29
2004;1;TAM;SBBH;SBBR;348,00;101
2004;1;TAM;SBFL;SBSP;510,00;106
2004;1;TAM;SBFZ;SBBR;1199,00;346
2004;1;TAM;SBBR;SBGR;419,00;508
2004;1;TAM;SBPA;SBGL;750,00;11
2004;1;TAM;SBSP;SBGO;660,00;62
2004;1;TAM;SBPS;SBSP;714,00;131
2004;1;TAM;SBGL;SBSV;508,00;431
2004;1;TAM;SBSP;SBCT;372,00;60
2004;1;TAM;SBGR;SBPA;752,00;1
2004;1;TAM;SBSP;SBCT;309,00;5098
2004;1;TAM;SBPS;SBSP;639,00;131
2004;1;TAM;SBRF;SBSV;469,00;23
2004;1;TAM;SBGL;SBPA;513,00;62
2004;1;TAM;SBGL;SBSV;977,00;213
2004;1;TAM;SBSV;SBRF;276,00;107
2004;1;TAM;SBBR;SBSV;928,00;67
2004;1;TAM;SBBR;SBSP;917,00;126
2004;1;TAM;SBGR;SBFL;316,00;8
2004;1;TAM;SBSP;SBBR;614,00;37
2004;1;TAM;SBGL;SBSV;743,00;32
2004;1;TAM;SBSP;SBPA;439,00;4055
2004;1;TAM;SBCT;SBSP;309,00;5040
2004;1;TAM;SBBH;SBCT;420,00;78
2004;1;TAM;SBGR;SBPA;621,00;4
2004;1;TAM;SBBH;SBBR;655,00;4
2004;1;TAM;SBKP;SBGR;163,00;1
2004;1;TAM;SBSP;SBVT;459,00;115
2004;1;TAM;SBBR;SBGO;194,00;43
2004;1;TAM;SBSP;SBFL;510,00;95
2004;1;TAM;SBFL;SBPA;299,00;16
2004;1;TAM;SBBR;SBKP;863,00;22
2004;1;TAM;SBBH;SBRJ;224,00;118
2004;1;TAM;SBKP;SBPA;499,00;16
2004;1;TAM;SBGO;SBSP;534,00;88
2004;1;TAM;SBBR;SBCT;565,00;72
2004;1;TAM;SBBR;SBSP;549,00;275
2004;1;TAM;SBPA;SBSP;621,00;109
2004;1;TAM;SBFL;SBPA;418,00;20
2004;1;TAM;SBCT;SBBR;839,00;14
2004;1;TAM;SBFL;SBCT;376,00;1
2004;1;TAM;SBPA;SBGL;469,00;1383
2004;1;TAM;SBGO;SBBR;246,00;23
2004;1;TAM;SBSV;SBGR;1059,00;3
2004;1;TAM;SBMQ;SBBE;255,00;15
2004;1;TAM;SBCT;SBBR;679,00;31
2004;1;TAM;SBBR;SBBE;776,00;5
2004;1;TAM;SBPA;SBGL;592,00;66
2004;1;TAM;SBGO;SBBR;298,00;2
2004;1;TAM;SBBH;SBSP;318,00;5521
2004;1;TAM;SBMQ;SBBE;159,00;2565
2004;1;TAM;SBGO;SBSP;660,00;74
2004;1;TAM;SBSP;SBCT;411,00;130
2004;1;TAM;SBSP;SBPS;499,00;543
2004;1;TAM;SBGR;SBBR;419,00;575
2004;1;TAM;SBPA;SBFL;174,00;45
2004;1;TAM;SBGR;SBSV;1149,00;259
2004;1;TAM;SBVT;SBSP;579,00;59
2004;1;TAM;SBRF;SBGL;964,00;48
2004;1;TAM;SBFL;SBBR;652,00;30
2004;1;TAM;SBRJ;SBBR;506,00;312
2004;1;TAM;SBRF;SBFZ;324,00;12
2004;1;TAM;SBFL;SBBR;1085,00;134
2004;1;TAM;SBSP;SBBH;414,00;173
2004;1;TAM;SBSV;SBBR;780,00;61
2004;1;TAM;SBSP;SBUL;463,00;134
2004;1;TAM;SBSP;SBBH;681,00;69
2004;1;TAM;SBPA;SBCT;243,00;12
2004;1;TAM;SBPA;SBFL;339,00;8
2004;1;TAM;SBBH;SBCT;679,00;12
2004;1;TAM;SBBR;SBCT;499,00;757
2004;1;TAM;SBBR;SBKP;399,00;198
2004;1;TAM;SBRP;SBSP;519,00;23
2004;1;TAM;SBSV;SBRF;413,00;48
2004;1;TAM;SBCT;SBBR;615,00;40
2004;1;TAM;SBBE;SBMQ;189,00;211
2004;1;TAM;SBUL;SBSP;403,00;2125
2004;1;TAM;SBGR;SBSV;691,00;67
2004;1;TAM;SBPA;SBFL;494,00;19
2004;1;TAM;SBCT;SBKP;428,00;6
2004;1;TAM;SBCT;SBGL;579,00;6
2004;1;TAM;SBFL;SBBR;738,00;51
2004;1;TAM;SBGL;SBRF;761,00;54
2004;1;TAM;SBRF;SBFZ;607,00;14
2004;1;TAM;SBFZ;SBBR;726,00;497
2004;1;TAM;SBGR;SBPA;556,00;4
2004;1;TAM;SBSP;SBUL;727,00;11
2004;1;TAM;SBBR;SBRJ;709,00;113
2004;1;TAM;SBPA;SBFL;259,00;54
2004;1;TAM;SBRF;SBGL;664,00;1035
2004;1;TAM;SBBR;SBBH;862,00;35
2004;1;TAM;SBSP;SBCT;450,00;5
2004;1;TAM;SBSP;SBGO;479,00;2897
2004;1;TAM;SBPA;SBSP;686,00;167
2004;1;TAM;SBBR;SBGO;164,00;629
2004;1;TAM;SBGR;SBSV;875,00;2
2004;1;TAM;SBBR;SBSP;743,00;12
2004;1;TAM;SBBH;SBSP;560,00;11
2004;1;TAM;SBBH;SBSP;365,00;308
2004;1;TAM;SBBR;SBGR;549,00;4
2004;1;TAM;SBCF;SBGR;414,00;5
2004;1;TAM;SBCT;SBPA;627,00;17
2004;1;TAM;SBGL;SBGR;386,00;13
2004;1;TAM;SBCT;SBBR;565,00;63
2004;1;TAM;SBGR;SBGL;458,00;50
2004;1;TAM;SBPA;SBCT;528,00;15
2004;1;TAM;SBGL;SBPA;829,00;40
2004;1;TAM;SBVT;SBRJ;356,00;14
2004;1;TAM;SBBR;SBGL;419,00;25
2004;1;TAM;SBPA;SBKP;376,00;857
2004;1;TAM;SBBH;SBRJ;418,00;84
2004;1;TAM;SBBR;SBGR;485,00;23
2004;1;TAM;SBGL;SBCT;399,00;29
2004;1;TAM;SBSP;SBPA;621,00;57
2004;1;TAM;SBSP;SBFL;273,00;108
2004;1;TAM;SBBR;SBGR;679,00;20
2004;1;TAM;SBFL;SBBR;999,00;8
2004;1;TAM;SBGR;SBCT;411,00;17
2004;1;TAM;SBBE;SBBR;867,00;2
2004;1;TAM;SBBH;SBRJ;378,00;18
2004;1;TAM;SBFL;SBCT;344,00;4
2004;1;TAM;SBPA;SBCT;327,00;31
2004;1;TAM;SBSP;SBCT;339,00;285
2004;1;TAM;SBGL;SBPA;671,00;21
2004;1;TAM;SBRF;SBGL;1066,00;50
2004;1;TAM;SBCT;SBGL;505,00;13
2004;1;TAM;SBCF;SBGR;606,00;18
2004;1;TAM;SBCT;SBGR;450,00;1
2004;1;TAM;SBUL;SBSP;529,00;53
2004;1;TAM;SBGR;SBFL;461,00;1
2004;1;TAM;SBSV;SBBR;484,00;1051
2004;1;TAM;SBBR;SBCT;679,00;7
2004;1;TAM;SBPA;SBKP;832,00;47
2004;1;TAM;SBSP;SBVT;519,00;52
2004;1;TAM;SBCT;SBFL;286,00;237
2004;1;TAM;SBCT;SBGR;411,00;25
2004;1;TAM;SBFZ;SBBR;911,00;30
2004;1;TAM;SBPA;SBFL;418,00;24
2004;1;TAM;SBBH;SBBR;455,00;108
2004;1;TAM;SBFL;SBSP;461,00;31
2004;1;TAM;SBBR;SBSP;679,00;152
2004;1;TAM;SBGR;SBBR;807,00;31
2004;1;TAM;SBKP;SBBR;519,00;13
2004;1;TAM;SBCT;SBPA;478,00;2
2004;1;TAM;SBSP;SBBR;419,00;6561
2004;1;TAM;SBCT;SBGL;736,00;23
2004;1;TAM;SBSP;SBCT;513,00;47
2004;1;TAM;SBRF;SBSV;634,00;1
2004;1;TAM;SBSP;SBFL;316,00;114
2004;1;TAM;SBFZ;SBRF;434,00;34
2004;1;TAM;SBPS;SBSP;499,00;504
2004;1;TAM;SBCT;SBKP;388,00;9
2004;1;TAM;SBCT;SBGL;331,00;664
2004;1;TAM;SBBE;SBMQ;159,00;2642
2004;1;TAM;SBFL;SBGR;258,00;592
2004;1;TAM;SBSP;SBPA;686,00;126
2004;1;TAM;SBSP;SBBH;318,00;5619
2004;1;TAM;SBBR;SBRJ;419,00;3236
2004;1;TAM;SBBR;SBRJ;776,00;9
2004;1;TAM;SBGR;SBCF;512,00;12
2004;1;TAM;SBBR;SBGL;641,00;3
2004;1;TAM;SBKP;SBPA;376,00;631
2004;1;TAM;SBRJ;SBBR;574,00;154
2004;1;TAM;SBFL;SBGR;273,00;32
2004;1;TAM;SBSP;SBFL;364,00;41
2004;1;TAM;SBGR;SBCF;414,00;6
2004;1;TAM;SBBE;SBMQ;215,00;79
2004;1;TAM;SBBR;SBBH;586,00;17
2004;1;TAM;SBGL;SBRF;709,00;101
2004;1;TAM;SBRF;SBFZ;273,00;81
2004;1;TAM;SBBH;SBRJ;259,00;210
2004;1;TAM;SBKP;SBCT;469,00;5
2004;1;TAM;SBPA;SBSP;439,00;4138
2004;1;TAM;SBGR;SBBR;485,00;36
2004;1;TAM;SBFZ;SBRF;491,00;9
2004;1;TAM;SBGR;SBGL;276,00;132
2004;1;TAM;SBSP;SBUL;595,00;12
2004;1;TAM;SBKP;SBBR;657,00;1
2004;1;TAM;SBPS;SBSP;790,00;198
2004;1;TAM;SBCF;SBGR;512,00;13
2004;1;TAM;SBBR;SBFL;738,00;2
2004;1;TAM;SBCT;SBBH;485,00;45
2004;1;TAM;SBGL;SBPA;469,00;1111
2004;1;TAM;SBUL;SBSP;727,00;12
2004;1;TAM;SBGR;SBCF;318,00;513
2004;1;TAM;SBGL;SBPA;750,00;5
2004;1;TAM;SBSV;SBBR;557,00;88
2004;1;TAM;SBPA;SBGR;556,00;4
2004;1;TAM;SBMQ;SBBE;309,00;4
2004;1;TAM;SBSV;SBGL;586,00;321
2004;1;TAM;SBBR;SBCT;615,00;27
2004;1;TAM;SBFZ;SBBR;1103,00;2
2004;1;TAM;SBBR;SBRJ;641,00;39
2004;1;TAM;SBPA;SBKP;566,00;13
2004;1;TAM;SBFL;SBPA;259,00;52
2004;1;TAM;SBRF;SBSV;358,00;157
2004;1;TAM;SBBR;SBSP;419,00;5698
2004;1;TAM;SBSV;SBGR;603,00;1796
2004;1;TAM;SBBR;SBFZ;1199,00;163
2004;1;TAM;SBBH;SBSP;414,00;253
2004;1;TAM;SBBE;SBBR;593,00;65
2004;1;TAM;SBGL;SBGR;313,00;9
2004;1;TAM;SBGL;SBCT;579,00;5
2004;1;TAM;SBPA;SBFL;378,00;8
2004;1;TAM;SBBE;SBBR;776,00;3
2004;1;TAM;SBSP;SBPS;579,00;158
2004;1;TAM;SBBE;SBBR;685,00;6
2004;1;TAM;SBFL;SBGR;510,00;6
2004;1;TAM;SBRJ;SBBR;641,00;72
2004;1;TAM;SBCT;SBGL;459,00;29
2004;1;TAM;SBGR;SBFL;258,00;220
2004;1;TAM;SBFL;SBSP;364,00;68
2004;1;TAM;SBPA;SBFL;209,00;21
2004;1;TAM;SBBR;SBBE;958,00;5
2004;1;TAM;SBRF;SBGL;1269,00;157
2004;1;TAM;SBBR;SBFL;825,00;4
2004;1;TAM;SBRJ;SBBH;259,00;260
2004;1;TAM;SBBE;SBMQ;309,00;5
2004;1;TAM;SBGL;SBCT;459,00;32
2004;1;TAM;SBKP;SBBR;863,00;28
2004;1;TAM;SBRF;SBGL;761,00;93
2004;1;TAM;SBSP;SBVT;839,00;38
2004;1;TAM;SBSV;SBRF;358,00;177
2004;1;TAM;SBCT;SBKP;487,00;26
2004;1;TAM;SBGL;SBGR;350,00;8
2004;1;TAM;SBCT;SBGL;625,00;20
2004;1;TAM;SBBR;SBFL;912,00;38
2004;1;TAM;SBSP;SBFL;668,00;10
2004;1;TAM;SBSV;SBGR;1149,00;460
2004;1;TAM;SBCT;SBGL;399,00;31
2004;1;TAM;SBRP;SBSP;434,00;4
2004;1;TAM;SBRJ;SBVT;314,00;41
2004;1;TAM;SBGL;SBRF;664,00;774
2004;1;TAM;SBGR;SBGL;313,00;39
2004;1;TAM;SBCF;SBGR;318,00;507
2004;1;TAM;SBSP;SBGO;723,00;2
2004;1;TAM;SBRF;SBFZ;698,00;19
2004;1;TAM;SBGL;SBGR;423,00;8
2004;1;TAM;SBGO;SBBR;272,00;35
2004;1;TAM;SBBR;SBCT;759,00;1
2004;1;TAM;SBBR;SBFZ;726,00;599
2004;1;TAM;SBKP;SBPA;433,00;452
2004;1;TAM;SBPA;SBGR;686,00;20
2004;1;TAM;SBGL;SBRF;863,00;35
2004;1;TAM;SBSP;SBGO;865,00;15
2004;1;TAM;SBVT;SBRJ;439,00;43
2004;1;TAM;SBKP;SBPA;566,00;4
2004;1;TAM;SBSP;SBPA;858,00;40
2004;1;TAM;SBCF;SBGR;365,00;27
2004;1;TAM;SBCT;SBKP;309,00;739
2004;1;TAM;SBBR;SBBH;517,00;18
2004;1;TAM;SBBE;SBMQ;345,00;2
2004;1;TAM;SBUL;SBSP;463,00;123
2004;1;TAM;SBFL;SBSP;413,00;44
2004;1;TAM;SBKP;SBCT;388,00;7
2004;1;VRG;SBSV;SBGR;1059,00;2632
2004;1;VRG;SBFZ;SBRF;608,00;2
2004;1;VRG;SBCT;SBGR;309,00;1054
2004;1;VRG;SBBR;SBSP;419,00;5435
2004;1;VRG;SBBH;SBKP;178,00;300
2004;1;VRG;SBRJ;SBKP;373,00;145
2004;1;VRG;SBBR;SBFZ;815,00;56
2004;1;VRG;SBSP;SBVT;579,00;34
2004;1;VRG;SBGL;SBSV;459,00;1866
2004;1;VRG;SBRJ;SBSP;319,00;26821
2004;1;VRG;SBCT;SBPA;377,00;100
2004;1;VRG;SBPA;SBFL;140,00;1236
2004;1;VRG;SBSP;SBPS;526,00;101
2004;1;VRG;SBGO;SBBR;194,00;81
2004;1;VRG;SBBR;SBKP;796,00;1
2004;1;VRG;SBBE;SBMQ;381,00;1
2004;1;VRG;SBRF;SBFZ;608,00;3
2004;1;VRG;SBBR;SBBE;1141,00;272
2004;1;VRG;SBGR;SBGL;243,00;2255
2004;1;VRG;SBNF;SBSP;297,00;756
2004;1;VRG;SBGR;SBCT;339,00;789
2004;1;VRG;SBPA;SBGR;439,00;2375
2004;1;VRG;SBSP;SBRP;363,00;415
2004;1;VRG;SBPA;SBFL;598,00;18
2004;1;VRG;SBGR;SBCT;411,00;56
2004;1;VRG;SBEG;SBGR;2002,00;551
2004;1;VRG;SBEG;SBGR;1401,00;47
2004;1;VRG;SBRJ;SBCT;699,00;26
2004;1;VRG;SBFZ;SBRF;434,00;130
2004;1;VRG;SBBR;SBPA;645,00;1021
2004;1;VRG;SBPS;SBSP;526,00;84
2004;1;VRG;SBGR;SBSV;1151,00;1453
2004;1;VRG;SBBE;SBBR;639,00;38
2004;1;VRG;SBSP;SBVT;519,00;208
2004;1;VRG;SBCT;SBKP;489,00;58
2004;1;VRG;SBPA;SBBR;734,00;195
2004;1;VRG;SBRP;SBSP;472,00;67
2004;1;VRG;SBFL;SBGR;273,00;188
2004;1;VRG;SBCT;SBFL;229,00;36
2004;1;VRG;SBKP;SBBR;727,00;4
2004;1;VRG;SBGL;SBBR;473,00;32
2004;1;VRG;SBBR;SBPA;1027,00;2
2004;1;VRG;SBFZ;SBBR;1199,00;172
2004;1;VRG;SBRF;SBFZ;239,00;1018
2004;1;VRG;SBVT;SBSP;409,00;2394
2004;1;VRG;SBNF;SBSP;251,00;2721
2004;1;VRG;SBSP;SBPA;439,00;4277
2004;1;VRG;SBSP;SBBH;609,00;1516
2004;1;VRG;SBRJ;SBVT;272,00;325
2004;1;VRG;SBSV;SBRF;276,00;135
2004;1;VRG;SBEG;SBGR;1751,00;6
2004;1;VRG;SBRJ;SBKP;413,00;27
2004;1;VRG;SBGR;SBBR;485,00;275
2004;1;VRG;SBUL;SBSP;403,00;563
2004;1;VRG;SBFL;SBBR;999,00;15
2004;1;VRG;SBFL;SBBR;608,00;28
2004;1;VRG;SBPA;SBGR;458,00;218
2004;1;VRG;SBSP;SBPS;714,00;24
2004;1;VRG;SBSP;SBCT;489,00;925
2004;1;VRG;SBBR;SBGL;506,00;115
2004;1;VRG;SBBE;SBMQ;159,00;40
2004;1;VRG;SBFL;SBSP;558,00;93
2004;1;VRG;SBGL;SBSV;977,00;655
2004;1;VRG;SBSP;SBGO;440,00;58
2004;1;VRG;SBSP;SBPA;556,00;365
2004;1;VRG;SBGL;SBBR;1013,00;206
2004;1;VRG;SBGR;SBFL;273,00;246
2004;1;VRG;SBGR;SBPA;686,00;91
2004;1;VRG;SBPS;SBSP;865,00;293
2004;1;VRG;SBGO;SBBR;220,00;132
2004;1;VRG;SBKP;SBCT;428,00;1
2004;1;VRG;SBRF;SBGL;863,00;562
2004;1;VRG;SBBR;SBPA;734,00;179
2004;1;VRG;SBKP;SBBR;519,00;49
2004;1;VRG;SBGR;SBCT;309,00;1109
2004;1;VRG;SBGR;SBEG;1751,00;8
2004;1;VRG;SBSP;SBCT;372,00;23
2004;1;VRG;SBCT;SBPA;327,00;77
2004;1;VRG;SBSV;SBBR;780,00;5
2004;1;VRG;SBBR;SBGR;419,00;834
2004;1;VRG;SBNF;SBSP;480,00;54
2004;1;VRG;SBGO;SBBR;181,00;59
2004;1;VRG;SBVT;SBRJ;439,00;13
2004;1;VRG;SBGL;SBSV;582,00;645
2004;1;VRG;SBBR;SBBH;601,00;28
2004;1;VRG;SBGL;SBBR;449,00;451
2004;1;VRG;SBRF;SBSV;524,00;19
2004;1;VRG;SBBH;SBKP;308,00;35
2004;1;VRG;SBBR;SBFL;652,00;34
2004;1;VRG;SBSP;SBUL;595,00;68
2004;1;VRG;SBBR;SBSV;929,00;224
2004;1;VRG;SBRJ;SBBR;641,00;44
2004;1;VRG;SBSP;SBVT;699,00;162
2004;1;VRG;SBBH;SBSP;609,00;1051
2004;1;VRG;SBFL;SBSP;273,00;988
2004;1;VRG;SBBR;SBRJ;419,00;3222
2004;1;VRG;SBBR;SBBH;562,00;5
2004;1;VRG;SBBR;SBRJ;709,00;6
2004;1;VRG;SBGL;SBBR;776,00;61
2004;1;VRG;SBBR;SBGO;298,00;6
2004;1;VRG;SBBR;SBRJ;449,00;1125
2004;1;VRG;SBCT;SBPA;478,00;10
2004;1;VRG;SBGR;SBEG;1001,00;1012
2004;1;VRG;SBRJ;SBBR;506,00;547
2004;1;VRG;SBCT;SBGL;579,00;26
2004;1;VRG;SBGL;SBBR;844,00;111
2004;1;VRG;SBFL;SBPA;339,00;64
2004;1;VRG;SBGR;SBFL;316,00;546
2004;1;VRG;SBBH;SBSP;318,00;3533
2004;1;VRG;SBFL;SBBR;569,00;84
2004;1;VRG;SBBR;SBFL;608,00;26
2004;1;VRG;SBBR;SBGO;164,00;258
2004;1;VRG;SBCF;SBGR;414,00;373
2004;1;VRG;SBBH;SBBR;455,00;318
2004;1;VRG;SBCT;SBFL;286,00;248
2004;1;VRG;SBCT;SBGL;625,00;6
2004;1;VRG;SBCT;SBSP;450,00;55
2004;1;VRG;SBFL;SBBR;825,00;1
2004;1;VRG;SBPA;SBGR;980,00;287
2004;1;VRG;SBRF;SBSV;310,00;87
2004;1;VRG;SBBR;SBGL;419,00;362
2004;1;VRG;SBGR;SBCF;463,00;59
2004;1;VRG;SBBR;SBGL;473,00;27
2004;1;VRG;SBBR;SBBE;685,00;124
2004;1;VRG;SBRF;SBGL;964,00;110
2004;1;VRG;SBRF;SBSV;634,00;43
2004;1;VRG;SBBH;SBRJ;498,00;638
2004;1;VRG;SBGR;SBEG;1834,00;64
2004;1;VRG;SBSP;SBPA;458,00;110
2004;1;VRG;SBFL;SBPA;458,00;197
2004;1;VRG;SBGR;SBGL;258,00;84
2004;1;VRG;SBMQ;SBBE;255,00;7
2004;1;VRG;SBRF;SBFZ;434,00;154
2004;1;VRG;SBGL;SBSV;821,00;31
2004;1;VRG;SBSP;SBUL;403,00;661
2004;1;VRG;SBBH;SBRJ;378,00;16
2004;1;VRG;SBSP;SBCT;309,00;3519
2004;1;VRG;SBSP;SBGO;597,00;50
2004;1;VRG;SBPA;SBGR;556,00;1163
2004;1;VRG;SBPA;SBSP;458,00;126
2004;1;VRG;SBGL;SBRF;1066,00;5
2004;1;VRG;SBSP;SBBH;463,00;27
2004;1;VRG;SBKP;SBCT;348,00;38
2004;1;VRG;SBBR;SBRJ;506,00;386
2004;1;VRG;SBBR;SBGO;324,00;59
2004;1;VRG;SBGL;SBFL;968,00;75
2004;1;VRG;SBFZ;SBRF;393,00;94
2004;1;VRG;SBGR;SBCF;414,00;279
2004;1;VRG;SBGR;SBEG;934,00;265
2004;1;VRG;SBFL;SBPA;174,00;24
2004;1;VRG;SBRJ;SBVT;481,00;174
2004;1;VRG;SBBR;SBFL;738,00;52
2004;1;VRG;SBBR;SBKP;657,00;6
2004;1;VRG;SBVT;SBRJ;200,00;3265
2004;1;VRG;SBNF;SBSP;343,00;307
2004;1;VRG;SBFL;SBGL;968,00;97
2004;1;VRG;SBSP;SBNF;297,00;659
2004;1;VRG;SBSP;SBFL;510,00;8
2004;1;VRG;SBSP;SBFL;273,00;719
2004;1;VRG;SBRJ;SBCT;505,00;142
2004;1;VRG;SBCT;SBGR;411,00;128
2004;1;VRG;SBPA;SBBR;1125,00;24
2004;1;VRG;SBSP;SBNF;320,00;191
2004;1;VRG;SBGR;SBFL;510,00;26
2004;1;VRG;SBGR;SBGL;423,00;565
2004;1;VRG;SBGL;SBBR;574,00;111
2004;1;VRG;SBCT;SBPA;579,00;74
2004;1;VRG;SBFL;SBSP;510,00;27
2004;1;VRG;SBRJ;SBBH;498,00;688
2004;1;VRG;SBGL;SBRF;1167,00;154
2004;1;VRG;SBSP;SBUL;353,00;17
2004;1;VRG;SBFL;SBCT;311,00;2
2004;1;VRG;SBKP;SBCT;388,00;3
2004;1;VRG;SBBR;SBGR;452,00;40
2004;1;VRG;SBUL;SBSP;463,00;9
2004;1;VRG;SBFZ;SBBR;726,00;867
2004;1;VRG;SBSV;SBGR;967,00;112
2004;1;VRG;SBSP;SBBH;512,00;6
2004;1;VRG;SBGL;SBRF;664,00;1371
2004;1;VRG;SBBH;SBRJ;458,00;27
2004;1;VRG;SBSP;SBFL;461,00;70
2004;1;VRG;SBGL;SBFL;484,00;31
2004;1;VRG;SBBH;SBKP;219,00;8
2004;1;VRG;SBGR;SBFL;413,00;340
2004;1;VRG;SBGL;SBFL;549,00;94
2004;1;VRG;SBSP;SBUL;529,00;1
2004;1;VRG;SBBR;SBBH;508,00;11
2004;1;VRG;SBCT;SBGR;587,00;135
2004;1;VRG;SBGL;SBPA;592,00;158
2004;1;VRG;SBCT;SBGR;372,00;179
2004;1;VRG;SBBR;SBGO;181,00;53
2004;1;VRG;SBSV;SBGR;1151,00;1619
2004;1;VRG;SBSV;SBRF;386,00;61
2004;1;VRG;SBRF;SBGL;1513,00;222
2004;1;VRG;SBPA;SBCT;579,00;39
2004;1;VRG;SBBE;SBMQ;189,00;22
2004;1;VRG;SBGR;SBFL;258,00;382
2004;1;VRG;SBPA;SBGR;621,00;366
2004;1;VRG;SBBR;SBSP;679,00;13
2004;1;VRG;SBPA;SBFL;498,00;189
2004;1;VRG;SBEG;SBGR;1001,00;579
2004;1;VRG;SBBR;SBFZ;1007,00;3
2004;1;VRG;SBCT;SBGL;699,00;126
2004;1;VRG;SBBE;SBMQ;454,00;170
2004;1;VRG;SBGL;SBPA;1184,00;283
2004;1;VRG;SBSP;SBNF;571,00;277
2004;1;VRG;SBGR;SBCF;365,00;336
2004;1;VRG;SBGR;SBCF;609,00;264
2004;1;VRG;SBRF;SBFZ;701,00;206
2004;1;VRG;SBVT;SBSP;724,00;355
2004;1;VRG;SBNF;SBSP;388,00;333
2004;1;VRG;SBGL;SBFL;678,00;3
2004;1;VRG;SBRJ;SBVT;356,00;219
2004;1;VRG;SBSV;SBBR;557,00;403
2004;1;VRG;SBSP;SBVT;746,00;372
2004;1;VRG;SBCF;SBGR;609,00;235
2004;1;VRG;SBBH;SBSP;341,00;112
2004;1;VRG;SBKP;SBRJ;329,00;1261
2004;1;VRG;SBGL;SBPA;513,00;300
2004;1;VRG;SBKP;SBBR;450,00;111
2004;1;VRG;SBBH;SBSP;560,00;86
2004;1;VRG;SBRJ;SBBR;574,00;640
2004;1;VRG;SBGR;SBEG;1401,00;56
2004;1;VRG;SBPA;SBSP;817,00;971
2004;1;VRG;SBPA;SBCT;629,00;94
2004;1;VRG;SBRJ;SBBH;259,00;191
2004;1;VRG;SBBR;SBBE;867,00;11
2004;1;VRG;SBRJ;SBBH;299,00;125
2004;1;VRG;SBGL;SBGR;386,00;134
2004;1;VRG;SBBH;SBRJ;200,00;2337
2004;1;VRG;SBBR;SBKP;582,00;3
2004;1;VRG;SBBH;SBKP;269,00;5
2004;1;VRG;SBFL;SBSP;461,00;122
2004;1;VRG;SBPS;SBSP;790,00;26
2004;1;VRG;SBKP;SBBR;796,00;3
2004;1;VRG;SBGL;SBPA;553,00;142
2004;1;VRG;SBGR;SBBR;549,00;327
2004;1;VRG;SBFL;SBGR;413,00;524
2004;1;VRG;SBNF;SBSP;525,00;179
2004;1;VRG;SBBR;SBKP;588,00;47
2004;1;VRG;SBGR;SBPA;439,00;2259
2004;1;VRG;SBBH;SBBR;615,00;36
2004;1;VRG;SBBR;SBSV;632,00;207
2004;1;VRG;SBPA;SBBR;1468,00;69
2004;1;VRG;SBSV;SBGL;821,00;47
2004;1;VRG;SBGO;SBSP;597,00;81
2004;1;VRG;SBPA;SBFL;174,00;26
2004;1;VRG;SBGR;SBBR;679,00;50
2004;1;VRG;SBBR;SBGL;776,00;79
2004;1;VRG;SBGO;SBSP;534,00;535
2004;1;VRG;SBGL;SBCT;399,00;207
2004;1;VRG;SBBR;SBPA;929,00;14
2004;1;VRG;SBKP;SBRJ;463,00;1
2004;1;VRG;SBBR;SBPA;685,00;44
2004;1;VRG;SBBE;SBBR;1050,00;15
2004;1;VRG;SBCT;SBRJ;579,00;9
2004;1;VRG;SBBE;SBBR;476,00;505
2004;1;VRG;SBBR;SBFL;912,00;2
2004;1;VRG;SBGL;SBFL;807,00;129
2004;1;VRG;SBFL;SBCT;229,00;63
2004;1;VRG;SBBR;SBFZ;820,00;45
2004;1;VRG;SBBH;SBBR;401,00;231
2004;1;VRG;SBSV;SBGR;783,00;1143
2004;1;VRG;SBRF;SBSV;386,00;89
2004;1;VRG;SBBR;SBGR;485,00;324
2004;1;VRG;SBBR;SBFL;569,00;63
2004;1;VRG;SBFL;SBSP;340,00;161
2004;1;VRG;SBSP;SBBR;419,00;5652
2004;1;VRG;SBFL;SBPA;279,00;38
2004;1;VRG;SBBE;SBBR;513,00;195
2004;1;VRG;SBGR;SBSV;1381,00;81
2004;1;VRG;SBSP;SBNF;388,00;203
2004;1;VRG;SBGL;SBFL;613,00;50
2004;1;VRG;SBBR;SBBE;513,00;180
2004;1;VRG;SBSV;SBGR;875,00;233
2004;1;VRG;SBSP;SBUL;727,00;122
2004;1;VRG;SBGL;SBCT;699,00;24
2004;1;VRG;SBRP;SBSP;363,00;410
2004;1;VRG;SBPA;SBBR;929,00;6
2004;1;VRG;SBFL;SBBR;500,00;199
2004;1;VRG;SBBH;SBSP;512,00;5
2004;1;VRG;SBSV;SBGL;743,00;116
2004;1;VRG;SBBH;SBBR;669,00;261
2004;1;VRG;SBGL;SBRF;1269,00;287
2004;1;VRG;SBBH;SBRJ;418,00;3
2004;1;VRG;SBGR;SBGL;276,00;452
2004;1;VRG;SBSV;SBRF;413,00;262
2004;1;VRG;SBKP;SBBR;657,00;2
2004;1;VRG;SBGR;SBCT;450,00;804
2004;1;VRG;SBSV;SBBR;855,00;28
2004;1;VRG;SBGL;SBPA;469,00;2314
2004;1;VRG;SBSP;SBFL;340,00;137
2004;1;VRG;SBRJ;SBBR;419,00;3261
2004;1;VRG;SBKP;SBBH;660,00;12
2004;1;VRG;SBGR;SBSV;875,00;106
2004;1;VRG;SBGL;SBCT;459,00;51
2004;1;VRG;SBCT;SBSP;274,00;141
2004;1;VRG;SBBH;SBBR;508,00;36
2004;1;VRG;SBFL;SBPA;140,00;1366
2004;1;VRG;SBBR;SBSV;557,00;836
2004;1;VRG;SBSV;SBBR;632,00;212
2004;1;VRG;SBBR;SBBH;669,00;192
2004;1;VRG;SBSP;SBRP;395,00;57
2004;1;VRG;SBGR;SBSV;603,00;2795
2004;1;VRG;SBRJ;SBCT;736,00;144
2004;1;VRG;SBCT;SBFL;311,00;12
2004;1;VRG;SBCT;SBRJ;699,00;10
2004;1;VRG;SBRJ;SBBH;418,00;7
2004;1;VRG;SBGL;SBGR;423,00;992
2004;1;VRG;SBGR;SBBR;970,00;21
2004;1;VRG;SBBR;SBGR;679,00;81
2004;1;VRG;SBBR;SBBE;776,00;262
2004;1;VRG;SBSP;SBPA;817,00;756
2004;1;VRG;SBBH;SBKP;359,00;5
2004;1;VRG;SBMQ;SBBE;454,00;44
2004;1;VRG;SBFL;SBGR;510,00;61
2004;1;VRG;SBBR;SBRJ;776,00;69
2004;1;VRG;SBPA;SBCT;188,00;712
2004;1;VRG;SBSP;SBGO;534,00;334
2004;1;VRG;SBSV;SBGL;582,00;682
2004;1;VRG;SBSP;SBBH;318,00;4002
2004;1;VRG;SBRJ;SBCT;331,00;305
2004;1;VRG;SBRJ;SBVT;523,00;643
2004;1;VRG;SBVT;SBRJ;481,00;177
2004;1;VRG;SBGO;SBSP;722,00;662
2004;1;VRG;SBCF;SBGR;365,00;368
2004;1;VRG;SBFL;SBGR;461,00;99
2004;1;VRG;SBCT;SBRJ;625,00;2
2004;1;VRG;SBPA;SBCT;377,00;99
2004;1;VRG;SBRJ;SBBR;709,00;34
2004;1;VRG;SBBR;SBGL;844,00;263
2004;1;VRG;SBSP;SBUL;463,00;3
2004;1;VRG;SBRF;SBFZ;393,00;61
2004;1;VRG;SBCT;SBSP;411,00;22
2004;1;VRG;SBPS;SBSP;940,00;124
2004;1;VRG;SBBR;SBPA;1223,00;95
2004;1;VRG;SBSP;SBRP;472,00;129
2004;1;VRG;SBGR;SBEG;1535,00;744
2004;1;VRG;SBBR;SBSV;780,00;6
2004;1;VRG;SBGR;SBSV;783,00;608
2004;1;VRG;SBPS;SBSP;714,00;50
2004;1;VRG;SBBR;SBBH;401,00;180
2004;1;VRG;SBBR;SBBE;1050,00;31
2004;1;VRG;SBRF;SBGL;711,00;80
2004;1;VRG;SBRF;SBFZ;492,00;177
2004;1;VRG;SBBH;SBSP;365,00;479
2004;1;VRG;SBBE;SBBR;958,00;5
2004;1;VRG;SBBR;SBKP;399,00;88
2004;1;VRG;SBKP;SBBR;309,00;286
2004;1;VRG;SBKP;SBBH;414,00;9
2004;1;VRG;SBPA;SBFL;378,00;32
2004;1;VRG;SBBR;SBFL;825,00;3
2004;1;VRG;SBBR;SBGL;709,00;11
2004;1;VRG;SBBR;SBBE;476,00;481
2004;1;VRG;SBBH;SBRJ;279,00;48
2004;1;VRG;SBBH;SBBR;306,00;741
2004;1;VRG;SBFZ;SBRF;665,00;51
2004;1;VRG;SBSP;SBCT;411,00;8
2004;1;VRG;SBBE;SBMQ;255,00;31
2004;1;VRG;SBPA;SBCT;528,00;3
2004;1;VRG;SBFL;SBPA;259,00;64
2004;1;VRG;SBBR;SBKP;519,00;80
2004;1;VRG;SBGR;SBFL;364,00;244
2004;1;VRG;SBPA;SBSP;556,00;473
2004;1;VRG;SBGL;SBPA;987,00;369
2004;1;VRG;SBCT;SBGR;489,00;595
2004;1;VRG;SBGL;SBRF;863,00;401
2004;1;VRG;SBFL;SBGL;807,00;195
2004;1;VRG;SBFL;SBCT;376,00;2
2004;1;VRG;SBPA;SBFL;339,00;103
2004;1;VRG;SBBR;SBKP;727,00;1
2004;1;VRG;SBFL;SBPA;598,00;109
2004;1;VRG;SBGL;SBGR;552,00;2140
2004;1;VRG;SBGO;SBSP;479,00;1219
2004;1;VRG;SBSV;SBRF;469,00;268
2004;1;VRG;SBVT;SBRJ;397,00;43
2004;1;VRG;SBCT;SBGR;274,00;175
2004;1;VRG;SBFL;SBPA;299,00;33
2004;1;VRG;SBGL;SBBR;506,00;144
2004;1;VRG;SBRJ;SBBR;473,00;101
2004;1;VRG;SBSP;SBBR;614,00;97
2004;1;VRG;SBGO;SBBR;324,00;34
2004;1;VRG;SBGL;SBSV;899,00;575
2004;1;VRG;SBSP;SBNF;343,00;167
2004;1;VRG;SBPA;SBGL;592,00;157
2004;1;VRG;SBBR;SBGO;220,00;127
2004;1;VRG;SBRJ;SBCT;579,00;6
2004;1;VRG;SBPA;SBGR;686,00;152
2004;1;VRG;SBSP;SBPS;865,00;168
2004;1;VRG;SBKP;SBBR;582,00;2
2004;1;VRG;SBBR;SBSP;485,00;937
2004;1;VRG;SBRJ;SBBH;279,00;20
2004;1;VRG;SBPA;SBGL;829,00;16
2004;1;VRG;SBUL;SBSP;529,00;12
2004;1;VRG;SBBE;SBMQ;125,00;1671
2004;1;VRG;SBKP;SBCT;489,00;60
2004;1;VRG;SBCT;SBRJ;505,00;36
2004;1;VRG;SBBE;SBMQ;309,00;48
2004;1;VRG;SBGR;SBPA;752,00;949
2004;1;VRG;SBFL;SBGR;607,00;430
2004;1;VRG;SBSP;SBCT;274,00;152
2004;1;VRG;SBRJ;SBBH;224,00;752
2004;1;VRG;SBEG;SBGR;1668,00;386
2004;1;VRG;SBSV;SBBR;520,00;174
2004;1;VRG;SBRJ;SBBR;776,00;108
2004;1;VRG;SBBR;SBKP;450,00;143
2004;1;VRG;SBBR;SBBE;958,00;4
2004;1;VRG;SBSV;SBGL;664,00;780
2004;1;VRG;SBPA;SBGL;987,00;342
2004;1;VRG;SBSV;SBGL;508,00;686
2004;1;VRG;SBRF;SBGL;1167,00;314
2004;1;VRG;SBGR;SBCT;587,00;167
2004;1;VRG;SBKP;SBBH;308,00;6
2004;1;VRG;SBPA;SBGR;817,00;937
2004;1;VRG;SBSP;SBPS;790,00;16
2004;1;VRG;SBNF;SBSP;571,00;372
2004;1;VRG;SBFL;SBGL;549,00;249
2004;1;VRG;SBRJ;SBKP;329,00;1350
2004;1;VRG;SBVT;SBSP;639,00;17
2004;1;VRG;SBGR;SBPA;458,00;134
2004;1;VRG;SBSV;SBRF;358,00;491
2004;1;VRG;SBBH;SBRJ;224,00;563
2004;1;VRG;SBSP;SBFL;558,00;38
2004;1;VRG;SBPA;SBCT;327,00;60
2004;1;VRG;SBBH;SBSP;414,00;701
2004;1;VRG;SBFL;SBSP;607,00;703
2004;1;VRG;SBPA;SBGL;1184,00;283
2004;1;VRG;SBBR;SBGO;272,00;4
2004;1;VRG;SBSV;SBRF;524,00;16
2004;1;VRG;SBFL;SBBR;1086,00;58
2004;1;VRG;SBGL;SBBR;641,00;23
2004;1;VRG;SBPA;SBGL;553,00;183
2004;1;VRG;SBGO;SBBR;298,00;22
2004;1;VRG;SBCT;SBRJ;736,00;82
2004;1;VRG;SBFL;SBGL;613,00;35
2004;1;VRG;SBBH;SBBR;562,00;13
2004;1;VRG;SBGR;SBCT;372,00;122
2004;1;VRG;SBRF;SBFZ;665,00;18
2004;1;VRG;SBVT;SBSP;459,00;282
2004;1;VRG;SBSP;SBPA;621,00;122
2004;1;VRG;SBPA;SBSP;439,00;4792
2004;1;VRG;SBGR;SBCF;512,00;23
2004;1;VRG;SBSV;SBRF;310,00;200
2004;1;VRG;SBPA;SBCT;243,00;108
2004;1;VRG;SBRF;SBFZ;325,00;85
2004;1;VRG;SBCT;SBPA;428,00;66
2004;1;VRG;SBPA;SBGL;671,00;251
2004;1;VRG;SBSV;SBGR;645,00;326
2004;1;VRG;SBBR;SBGL;641,00;10
2004;1;VRG;SBPA;SBGL;908,00;120
2004;1;VRG;SBGL;SBSV;1164,00;126
2004;1;VRG;SBPA;SBBR;832,00;122
2004;1;VRG;SBRF;SBSV;469,00;189
2004;1;VRG;SBGR;SBFL;340,00;194
2004;1;VRG;SBBR;SBGR;808,00;637
2004;1;VRG;SBKP;SBCT;469,00;5
2004;1;VRG;SBCT;SBKP;388,00;7
2004;1;VRG;SBSP;SBBR;679,00;30
2004;1;VRG;SBGR;SBCT;274,00;151
2004;1;VRG;SBEG;SBGR;1834,00;24
2004;1;VRG;SBCT;SBGL;399,00;164
2004;1;VRG;SBFL;SBSP;364,00;206
2004;1;VRG;SBGR;SBBR;419,00;853
2004;1;VRG;SBGL;SBPA;908,00;122
2004;1;VRG;SBFZ;SBBR;820,00;233
2004;1;VRG;SBRF;SBSV;276,00;110
2004;1;VRG;SBBR;SBBE;639,00;48
2004;1;VRG;SBRJ;SBBH;378,00;13
2004;1;VRG;SBSP;SBBH;341,00;115
2004;1;VRG;SBBR;SBGL;449,00;430
2004;1;VRG;SBBR;SBPA;1468,00;65
2004;1;VRG;SBRF;SBSV;229,00;928
2004;1;VRG;SBKP;SBRJ;413,00;27
2004;1;VRG;SBGR;SBPA;980,00;87
2004;1;VRG;SBCT;SBGL;881,00;60
2004;1;VRG;SBRF;SBGL;1269,00;466
2004;1;VRG;SBSP;SBNF;251,00;2477
2004;1;VRG;SBKP;SBBR;865,00;48
2004;1;VRG;SBBE;SBBR;776,00;163
2004;1;VRG;SBBR;SBRJ;844,00;1227
2004;1;VRG;SBGR;SBBR;808,00;632
2004;1;VRG;SBPA;SBFL;259,00;141
2004;1;VRG;SBCT;SBKP;274,00;3
2004;1;VRG;SBSV;SBGL;1164,00;119
2004;1;VRG;SBCF;SBGR;318,00;1423
2004;1;VRG;SBGL;SBSV;508,00;611
2004;1;VRG;SBCT;SBRJ;399,00;39
2004;1;VRG;SBKP;SBRJ;373,00;139
2004;1;VRG;SBBR;SBRJ;473,00;79
2004;1;VRG;SBFZ;SBRF;550,00;43
2004;1;VRG;SBFL;SBGL;432,00;1360
2004;1;VRG;SBUL;SBSP;353,00;11
2004;1;VRG;SBVT;SBRJ;272,00;449
2004;1;VRG;SBBR;SBFZ;1436,00;7
2004;1;VRG;SBSV;SBBR;706,00;12
2004;1;VRG;SBSV;SBGL;459,00;1927
2004;1;VRG;SBSP;SBFL;258,00;1724
2004;1;VRG;SBRJ;SBBH;200,00;2857
2004;1;VRG;SBGL;SBCT;579,00;23
2004;1;VRG;SBSP;SBCT;339,00;397
2004;1;VRG;SBSP;SBBH;560,00;118
2004;1;VRG;SBBH;SBRJ;259,00;115
2004;1;VRG;SBVT;SBSP;579,00;58
2004;1;VRG;SBSV;SBGR;603,00;3444
2004;1;VRG;SBRJ;SBKP;463,00;4
2004;1;VRG;SBSP;SBNF;525,00;111
2004;1;VRG;SBGL;SBGR;258,00;120
2004;1;VRG;SBSV;SBGL;899,00;800
2004;1;VRG;SBBE;SBBR;685,00;119
2004;1;VRG;SBGR;SBSV;691,00;839
2004;1;VRG;SBBR;SBFL;999,00;3
2004;1;VRG;SBSP;SBFL;607,00;447
2004;1;VRG;SBSP;SBFL;364,00;124
2004;1;VRG;SBSP;SBGO;722,00;595
2004;1;VRG;SBVT;SBRJ;314,00;166
2004;1;VRG;SBBR;SBRJ;574,00;416
2004;1;VRG;SBCT;SBGL;411,00;58
2004;1;VRG;SBGL;SBCT;331,00;1160
2004;1;VRG;SBBR;SBRJ;641,00;35
2004;1;VRG;SBGL;SBCT;505,00;167
2004;1;VRG;SBFL;SBCT;286,00;180
2004;1;VRG;SBCT;SBPA;243,00;147
2004;1;VRG;SBFL;SBPA;209,00;55
2004;1;VRG;SBRF;SBFZ;377,00;199
2004;1;VRG;SBGR;SBGL;313,00;781
2004;1;VRG;SBGL;SBSV;743,00;118
2004;1;VRG;SBGR;SBGL;350,00;116
2004;1;VRG;SBSP;SBGO;479,00;1237
2004;1;VRG;SBGR;SBSV;645,00;262
2004;1;VRG;SBFL;SBBR;652,00;29
2004;1;VRG;SBFL;SBGR;258,00;559
2004;1;VRG;SBBR;SBBH;615,00;16
2004;1;VRG;SBCT;SBGR;450,00;875
2004;1;VRG;SBRJ;SBCT;399,00;98
2004;1;VRG;SBGR;SBGL;386,00;56
2004;1;VRG;SBGL;SBPA;750,00;23
2004;1;VRG;SBPA;SBSP;752,00;157
2004;1;VRG;SBPA;SBGL;513,00;334
2004;1;VRG;SBKP;SBBH;178,00;313
2004;1;VRG;SBPA;SBFL;279,00;35
2004;1;VRG;SBBR;SBGR;970,00;25
2004;1;VRG;SBFL;SBGR;340,00;138
2004;1;VRG;SBBR;SBKP;865,00;49
2004;1;VRG;SBRJ;SBBR;449,00;1689
2004;1;VRG;SBPA;SBGR;752,00;1468
2004;1;VRG;SBGR;SBPA;556,00;956
2004;1;VRG;SBGR;SBBR;452,00;28
2004;1;VRG;SBRJ;SBVT;439,00;13
2004;1;VRG;SBFL;SBCT;409,00;75
2004;1;VRG;SBSP;SBNF;434,00;23
2004;1;VRG;SBSV;SBBR;929,00;215
2004;1;VRG;SBFZ;SBRF;377,00;170
2004;1;VRG;SBGL;SBPA;829,00;6
2004;1;VRG;SBBR;SBSP;549,00;788
2004;1;VRG;SBFL;SBGL;742,00;87
2004;1;VRG;SBBR;SBFZ;1199,00;60
2004;1;VRG;SBEG;SBGR;1134,00;404
2004;1;VRG;SBGR;SBFL;607,00;245
2004;1;VRG;SBBR;SBBH;455,00;261
2004;1;VRG;SBPA;SBCT;352,00;28
2004;1;VRG;SBSP;SBCT;450,00;66
2004;1;VRG;SBRF;SBFZ;274,00;16
2004;1;VRG;SBRJ;SBKP;499,00;21
2004;1;VRG;SBPS;SBSP;499,00;210
2004;1;VRG;SBGR;SBCF;341,00;47
2004;1;VRG;SBSP;SBFL;316,00;441
2004;1;VRG;SBFL;SBPA;498,00;116
2004;1;VRG;SBSP;SBPS;579,00;128
2004;1;VRG;SBGR;SBCT;489,00;940
2004;1;VRG;SBGR;SBEG;1268,00;70
2004;1;VRG;SBGO;SBSP;440,00;53
2004;1;VRG;SBGO;SBBR;246,00;7
2004;1;VRG;SBFZ;SBBR;911,00;45
2004;1;VRG;SBSV;SBRF;689,00;229
2004;1;VRG;SBCT;SBGR;339,00;742
2004;1;VRG;SBRJ;SBBH;458,00;22
2004;1;VRG;SBFZ;SBRF;325,00;102
2004;1;VRG;SBPA;SBGL;750,00;58
2004;1;VRG;SBBR;SBFZ;911,00;8
2004;1;VRG;SBBR;SBSV;855,00;26
2004;1;VRG;SBGR;SBBR;614,00;62
2004;1;VRG;SBSV;SBRF;579,00;2
2004;1;VRG;SBSP;SBGO;785,00;469
2004;1;VRG;SBGR;SBSV;1059,00;2283
2004;1;VRG;SBRJ;SBVT;293,00;19
2004;1;VRG;SBSV;SBBR;484,00;1299
2004;1;VRG;SBBE;SBBR;867,00;5
2004;1;VRG;SBCT;SBKP;309,00;796
2004;1;VRG;SBFZ;SBBR;1103,00;22
2004;1;VRG;SBSP;SBBR;549,00;1144
2004;1;VRG;SBBR;SBKP;309,00;321
2004;1;VRG;SBGL;SBGR;313,00;1359
2004;1;VRG;SBFL;SBSP;258,00;2257
2004;1;VRG;SBBE;SBMQ;345,00;5
2004;1;VRG;SBGL;SBPA;671,00;193
2004;1;VRG;SBRF;SBGL;1066,00;16
2004;1;VRG;SBFL;SBGL;484,00;141
2004;1;VRG;SBGL;SBGR;350,00;229
2004;1;VRG;SBPA;SBCT;428,00;48
2004;1;VRG;SBPA;SBFL;209,00;46
2004;1;VRG;SBSV;SBGR;691,00;1078
2004;1;VRG;SBRJ;SBVT;314,00;199
2004;1;VRG;SBKP;SBRJ;499,00;23
2004;1;VRG;SBBR;SBPA;832,00;118
2004;1;VRG;SBKP;SBBR;399,00;127
2004;1;VRG;SBCT;SBSP;309,00;3389
2004;1;VRG;SBMQ;SBBE;159,00;16
2004;1;VRG;SBSP;SBVT;639,00;19
2004;1;VRG;SBRJ;SBCT;625,00;4
2004;1;VRG;SBGL;SBFL;452,00;77
2004;1;VRG;SBRF;SBSV;579,00;2
2004;1;VRG;SBFL;SBGR;316,00;942
2004;1;VRG;SBBH;SBRJ;299,00;93
2004;1;VRG;SBBH;SBRJ;339,00;169
2004;1;VRG;SBBR;SBFZ;726,00;104
2004;1;VRG;SBGL;SBSV;543,00;143
2004;1;VRG;SBSP;SBPS;940,00;52
2004;1;VRG;SBPA;SBBR;685,00;25
2004;1;VRG;SBFL;SBGR;558,00;1310
2004;1;VRG;SBRJ;SBKP;538,00;172
2004;1;VRG;SBPA;SBBR;645,00;1142
2004;1;VRG;SBKP;SBCT;309,00;864
2004;1;VRG;SBSP;SBBR;452,00;200
2004;1;VRG;SBKP;SBRJ;296,00;6
2004;1;VRG;SBFL;SBGL;678,00;7
2004;1;VRG;SBFZ;SBRF;492,00;260
2004;1;VRG;SBMQ;SBBE;215,00;15
2004;1;VRG;SBGL;SBFL;432,00;1055
2004;1;VRG;SBSP;SBVT;409,00;2251
2004;1;VRG;SBBR;SBBH;306,00;750
2004;1;VRG;SBGL;SBGR;276,00;953
2004;1;VRG;SBSV;SBRF;634,00;52
2004;1;VRG;SBGO;SBBR;272,00;5
2004;1;VRG;SBGR;SBGL;460,00;9250
2004;1;VRG;SBBR;SBFL;500,00;109
2004;1;VRG;SBGL;SBCT;625,00;6
2004;1;VRG;SBCT;SBPA;188,00;654
2004;1;VRG;SBGR;SBEG;2002,00;1018
2004;1;VRG;SBBR;SBGL;1013,00;111
2004;1;VRG;SBVT;SBRJ;356,00;263
2004;1;VRG;SBVT;SBSP;519,00;303
2004;1;VRG;SBBR;SBGR;743,00;947
2004;1;VRG;SBCF;SBGR;463,00;101
2004;1;VRG;SBSV;SBGL;977,00;873
2004;1;VRG;SBPA;SBFL;299,00;63
2004;1;VRG;SBSP;SBVT;459,00;290
2004;1;VRG;SBGR;SBSV;967,00;61
2004;1;VRG;SBCT;SBKP;469,00;10
2004;1;VRG;SBEG;SBGR;1268,00;43
2004;1;VRG;SBGL;SBRF;761,00;371
2004;1;VRG;SBBE;SBBR;1141,00;187
2004;1;VRG;SBPA;SBBR;1027,00;6
2004;1;VRG;SBRF;SBFZ;550,00;7
2004;1;VRG;SBBR;SBGL;574,00;113
2004;1;VRG;SBPA;SBCT;216,00;5
2004;1;VRG;SBGL;SBCT;411,00;57
2004;1;VRG;SBMQ;SBBE;189,00;5
2004;1;VRG;SBRP;SBSP;395,00;87
2004;1;VRG;SBFZ;SBRF;239,00;926
2004;1;VRG;SBBH;SBKP;414,00;5
2004;1;VRG;SBPA;SBFL;458,00;446
2004;1;VRG;SBEG;SBGR;934,00;322
2004;1;VRG;SBGL;SBRF;964,00;57
2004;1;VRG;SBGR;SBEG;1668,00;489
2004;1;VRG;SBBH;SBBR;601,00;43
2004;1;VRG;SBSP;SBFL;413,00;154
2004;1;VRG;SBNF;SBSP;320,00;182
2004;1;VRG;SBGL;SBGR;460,00;8834
2004;1;VRG;SBFZ;SBRF;701,00;191
2004;1;VRG;SBSP;SBGO;659,00;13
2004;1;VRG;SBBR;SBFL;1086,00;31
2004;1;VRG;SBBR;SBFZ;1103,00;3
2004;1;VRG;SBBR;SBSP;452,00;231
2004;1;VRG;SBBR;SBGO;194,00;63
2004;1;VRG;SBKP;SBBR;588,00;54
2004;1;VRG;SBVT;SBSP;699,00;360
2004;1;VRG;SBRF;SBSV;413,00;249
2004;1;VRG;SBBR;SBSV;520,00;236
2004;1;VRG;SBCT;SBGL;505,00;166
2004;1;VRG;SBCT;SBKP;428,00;1
2004;1;VRG;SBGL;SBCT;881,00;59
2004;1;VRG;SBVT;SBRJ;293,00;41
2004;1;VRG;SBSP;SBPA;752,00;100
2004;1;VRG;SBCT;SBSP;489,00;1079
2004;1;VRG;SBSP;SBRJ;319,00;25613
2004;1;VRG;SBCF;SBGR;512,00;54
2004;1;VRG;SBPA;SBGL;469,00;2536
2004;1;VRG;SBRJ;SBVT;397,00;36
2004;1;VRG;SBGR;SBFL;461,00;63
2004;1;VRG;SBVT;SBRJ;523,00;547
2004;1;VRG;SBEG;SBGR;1535,00;481
2004;1;VRG;SBRJ;SBBH;339,00;204
2004;1;VRG;SBBR;SBSP;808,00;1459
2004;1;VRG;SBCF;SBGR;560,00;871
2004;1;VRG;SBBH;SBBR;348,00;316
2004;1;VRG;SBCT;SBGL;459,00;114
2004;1;VRG;SBSP;SBBR;485,00;988
2004;1;VRG;SBGO;SBBR;164,00;273
2004;1;VRG;SBBR;SBSV;706,00;17
2004;1;VRG;SBUL;SBSP;727,00;112
2004;1;VRG;SBGR;SBCF;731,00;100
2004;1;VRG;SBMQ;SBBE;309,00;11
2004;1;VRG;SBGR;SBGL;552,00;1497
2004;1;VRG;SBGR;SBEG;1134,00;494
2004;1;VRG;SBGL;SBGR;243,00;4130
2004;1;VRG;SBSP;SBPS;639,00;124
2004;1;VRG;SBSP;SBBH;365,00;467
2004;1;VRG;SBPA;SBBR;1223,00;98
2004;1;VRG;SBGO;SBSP;785,00;265
2004;1;VRG;SBPS;SBSP;639,00;151
2004;1;VRG;SBCT;SBFL;376,00;3
2004;1;VRG;SBGR;SBPA;817,00;1385
2004;1;VRG;SBGL;SBRF;1513,00;219
2004;1;VRG;SBBR;SBPA;1125,00;6
2004;1;VRG;SBPA;SBCT;478,00;5
2004;1;VRG;SBPA;SBSP;686,00;68
2004;1;VRG;SBFZ;SBBR;815,00;218
2004;1;VRG;SBBR;SBGO;246,00;2
2004;1;VRG;SBBE;SBMQ;418,00;3
2004;1;VRG;SBBH;SBSP;463,00;28
2004;1;VRG;SBCT;SBGL;736,00;200
2004;1;VRG;SBFL;SBSP;316,00;465
2004;1;VRG;SBRF;SBGL;664,00;1008
2004;1;VRG;SBRJ;SBBR;844,00;1061
2004;1;VRG;SBSV;SBGL;543,00;188
2004;1;VRG;SBFZ;SBBR;1007,00;4
2004;1;VRG;SBRF;SBGL;761,00;457
2004;1;VRG;SBNF;SBSP;434,00;29
2004;1;VRG;SBFL;SBPA;418,00;2
2004;1;VRG;SBGL;SBBR;709,00;7
2004;1;VRG;SBGL;SBCT;736,00;116
2004;1;VRG;SBCT;SBFL;409,00;58
2004;1;VRG;SBSV;SBRF;229,00;791
2004;1;VRG;SBCT;SBSP;372,00;17
2004;1;VRG;SBGR;SBEG;834,00;3774
2004;1;VRG;SBKP;SBBH;359,00;9
2004;1;VRG;SBUL;SBSP;595,00;89
2004;1;VRG;SBBR;SBBH;348,00;205
2004;1;VRG;SBSP;SBBH;414,00;831
2004;1;VRG;SBCF;SBGR;341,00;47
2004;1;VRG;SBBR;SBSP;743,00;104
2004;1;VRG;SBCT;SBRJ;459,00;20
2004;1;VRG;SBCT;SBSP;339,00;372
2004;1;VRG;SBCT;SBRJ;411,00;1
2004;1;VRG;SBFL;SBSP;413,00;249
2004;1;VRG;SBGL;SBBR;419,00;620
2004;1;VRG;SBBH;SBKP;660,00;44
2004;1;VRG;SBKP;SBBH;269,00;28
2004;1;VRG;SBSP;SBPS;499,00;189
2004;1;VRG;SBKP;SBRJ;538,00;271
2004;1;VRG;SBCT;SBRJ;331,00;485
2004;1;VRG;SBSV;SBGR;1381,00;196
2004;1;VRG;SBSP;SBPA;686,00;70
2004;1;VRG;SBFZ;SBBR;1436,00;127
2004;1;VRG;SBGL;SBSV;664,00;956
2004;1;VRG;SBCF;SBGR;731,00;223
2004;1;VRG;SBRJ;SBCT;459,00;78
2004;1;VRG;SBSP;SBVT;405,00;78
2004;1;VRG;SBPA;SBSP;621,00;120
2004;1;VRG;SBFL;SBPA;378,00;15
2004;1;VRG;SBSP;SBRJ;212,00;4767
2004;1;VRG;SBBR;SBSP;614,00;54
2004;1;VRG;SBBE;SBMQ;540,00;39
2004;1;VRG;SBSP;SBBR;808,00;1502
2004;1;VRG;SBGL;SBRF;711,00;111
2004;1;VRG;SBFL;SBGR;364,00;284
2004;1;VRG;SBGO;SBSP;659,00;18
2004;1;VRG;SBMQ;SBBE;125,00;850
2004;1;VRG;SBGR;SBCF;318,00;823
2004;1;VRG;SBRJ;SBSP;212,00;5380
2004;1;VRG;SBGL;SBFL;742,00;34
2004;1;VRG;SBRF;SBSV;689,00;184
2004;1;VRG;SBGR;SBCF;560,00;754
2004;1;VRG;SBGR;SBBR;743,00;980
2004;1;VRG;SBRJ;SBVT;200,00;3213
2004;1;VRG;SBRF;SBSV;358,00;488
2004;1;VRG;SBCT;SBPA;629,00;98
2004;1;VRG;SBBR;SBGR;549,00;464
2004;1;VRG;SBBR;SBGR;614,00;121
2004;1;VRG;SBCT;SBPA;216,00;2
2004;1;VRG;SBVT;SBSP;405,00;86
2004;1;VRG;SBSP;SBNF;480,00;44
2004;1;VRG;SBFZ;SBRF;274,00;6
2004;1;VRG;SBCT;SBKP;348,00;27
2004;1;VRG;SBFL;SBGL;452,00;123
2004;1;VRG;SBCT;SBPA;352,00;25
2004;1;VRG;SBRJ;SBCT;411,00;2
2004;1;VRG;SBFL;SBBR;738,00;44
2004;1;VRG;SBBR;SBSV;484,00;1131
2004;1;VRG;SBEG;SBGR;834,00;3755
2004;1;VRG;SBSP;SBBR;743,00;222
2004;1;VRG;SBCT;SBGL;331,00;835
2004;1;VRG;SBPA;SBFL;418,00;15
2004;1;VRG;SBGR;SBPA;621,00;214
2004;1;VRG;SBBE;SBMQ;215,00;49
2004;1;VRG;SBRJ;SBKP;296,00;5
2004;1;VRG;SBGR;SBFL;558,00;798
2004;1;VSP;SBGR;SBGL;487,00;71
2004;1;VSP;SBBR;SBSV;452,00;467
2004;1;VSP;SBBH;SBBR;392,00;71
2004;1;VSP;SBPA;SBBR;1229,00;7
2004;1;VSP;SBKP;SBBR;329,00;14
2004;1;VSP;SBGL;SBGR;487,00;67
2004;1;VSP;SBCT;SBGL;357,00;150
2004;1;VSP;SBGL;SBSV;636,00;209
2004;1;VSP;SBCT;SBBR;449,00;25
2004;1;VSP;SBSV;SBRF;337,00;122
2004;1;VSP;SBGR;SBCF;296,00;94
2004;1;VSP;SBRF;SBFZ;199,00;291
2004;1;VSP;SBSV;SBGL;308,00;2671
2004;1;VSP;SBGL;SBGR;317,00;25
2004;1;VSP;SBCF;SBBR;653,00;10
2004;1;VSP;SBBR;SBGR;405,00;105
2004;1;VSP;SBBR;SBKP;329,00;16
2004;1;VSP;SBRF;SBFZ;154,00;2
2004;1;VSP;SBGR;SBPA;493,00;76
2004;1;VSP;SBBR;SBCF;424,00;2
2004;1;VSP;SBSP;SBPA;821,00;25
2004;1;VSP;SBSP;SBBR;369,00;374
2004;1;VSP;SBCF;SBGR;296,00;80
2004;1;VSP;SBFZ;SBBR;721,00;28
2004;1;VSP;SBPA;SBSP;821,00;19
2004;1;VSP;SBCF;SBBR;359,00;5
2004;1;VSP;SBSV;SBGR;347,00;25
2004;1;VSP;SBGL;SBKP;309,00;10
2004;1;VSP;SBBR;SBBE;574,00;52
2004;1;VSP;SBSP;SBBR;271,00;1
2004;1;VSP;SBBR;SBFZ;901,00;4
2004;1;VSP;SBEG;SBGR;1091,00;3
2004;1;VSP;SBBR;SBGL;455,00;501
2004;1;VSP;SBGR;SBFL;461,00;16
2004;1;VSP;SBFL;SBGR;219,00;83
2004;1;VSP;SBKP;SBBR;497,00;3
2004;1;VSP;SBPA;SBGR;299,00;208
2004;1;VSP;SBBR;SBGR;369,00;103
2004;1;VSP;SBBE;SBMQ;340,00;14
2004;1;VSP;SBSV;SBBR;588,00;262
2004;1;VSP;SBBR;SBCF;490,00;3
2004;1;VSP;SBGR;SBBR;689,00;15
2004;1;VSP;SBBR;SBGL;260,00;738
2004;1;VSP;SBRF;SBGL;556,00;1083
2004;1;VSP;SBSP;SBBH;592,00;12
2004;1;VSP;SBGR;SBPA;452,00;71
2004;1;VSP;SBGL;SBBR;496,00;191
2004;1;VSP;SBGR;SBSV;296,00;3650
2004;1;VSP;SBPA;SBCT;630,00;5
2004;1;VSP;SBPA;SBSP;266,00;98
2004;1;VSP;SBBH;SBSP;326,00;41
2004;1;VSP;SBBR;SBCF;653,00;13
2004;1;VSP;SBGR;SBGL;317,00;24
2004;1;VSP;SBGR;SBEG;923,00;62
2004;1;VSP;SBFL;SBBR;404,00;109
2004;1;VSP;SBBH;SBBR;424,00;13
2004;1;VSP;SBBH;SBSP;355,00;9
2004;1;VSP;SBFZ;SBRF;169,00;1488
2004;1;VSP;SBCT;SBBR;352,00;27
2004;1;VSP;SBRF;SBSV;184,00;848
2004;1;VSP;SBCF;SBGR;186,00;540
2004;1;VSP;SBBR;SBCF;392,00;16
2004;1;VSP;SBRF;SBFZ;511,00;33
2004;1;VSP;SBFZ;SBBR;781,00;34
2004;1;VSP;SBBE;SBBR;574,00;37
2004;1;VSP;SBPA;SBGR;264,00;4
2004;1;VSP;SBBR;SBFL;452,00;62
2004;1;VSP;SBCT;SBSP;320,00;34
2004;1;VSP;SBBR;SBCT;499,00;29
2004;1;VSP;SBBR;SBBE;330,00;711
2004;1;VSP;SBGR;SBBR;810,00;197
2004;1;VSP;SBPA;SBBR;469,00;95
2004;1;VSP;SBGR;SBBR;405,00;112
2004;1;VSP;SBBR;SBBH;653,00;52
2004;1;VSP;SBKP;SBBR;414,00;22
2004;1;VSP;SBSV;SBRF;506,00;26
2004;1;VSP;SBSP;SBBH;385,00;13
2004;1;VSP;SBGL;SBSV;831,00;35
2004;1;VSP;SBBR;SBBE;1147,00;18
2004;1;VSP;SBFL;SBGR;400,00;50
2004;1;VSP;SBCF;SBBR;260,00;100
2004;1;VSP;SBBR;SBGL;496,00;184
2004;1;VSP;SBPA;SBGL;743,00;14
2004;1;VSP;SBBR;SBPA;676,00;60
2004;1;VSP;SBSP;SBCT;320,00;22
2004;1;VSP;SBSV;SBGR;636,00;870
2004;1;VSP;SBSV;SBBR;409,00;159
2004;1;VSP;SBBR;SBFL;590,00;39
2004;1;VSP;SBSP;SBBR;405,00;129
2004;1;VSP;SBGR;SBGL;268,00;134
2004;1;VSP;SBFL;SBGR;461,00;32
2004;1;VSP;SBGL;SBPA;595,00;4
2004;1;VSP;SBBR;SBSV;768,00;59
2004;1;VSP;SBGR;SBSV;347,00;29
2004;1;VSP;SBGR;SBFL;369,00;20
2004;1;VSP;SBBR;SBGL;620,00;35
2004;1;VSP;SBCF;SBGR;326,00;32
2004;1;VSP;SBCT;SBBR;548,00;35
2004;1;VSP;SBBR;SBPA;519,00;59
2004;1;VSP;SBPA;SBGR;452,00;116
2004;1;VSP;SBBR;SBSP;369,00;127
2004;1;VSP;SBPA;SBGL;279,00;1087
2004;1;VSP;SBGR;SBBR;214,00;617
2004;1;VSP;SBCT;SBBR;997,00;7
2004;1;VSP;SBRF;SBGL;1266,00;76
2004;1;VSP;SBSV;SBBR;542,00;469
2004;1;VSP;SBPA;SBCT;347,00;5
2004;1;VSP;SBKP;SBGL;279,00;271
2004;1;VSP;SBSP;SBBH;186,00;1035
2004;1;VSP;SBRF;SBGL;208,00;1
2004;1;VSP;SBFL;SBBR;452,00;53
2004;1;VSP;SBBR;SBSV;904,00;201
2004;1;VSP;SBCT;SBGR;271,00;4
2004;1;VSP;SBSV;SBRF;184,00;883
2004;1;VSP;SBCT;SBGL;237,00;267
2004;1;VSP;SBBR;SBGO;182,00;248
2004;1;VSP;SBBR;SBGR;486,00;270
2004;1;VSP;SBBR;SBGR;689,00;6
2004;1;VSP;SBBE;SBMQ;294,00;8
2004;1;VSP;SBBE;SBMQ;453,00;12
2004;1;VSP;SBGR;SBBR;527,00;37
2004;1;VSP;SBBR;SBPA;922,00;4
2004;1;VSP;SBSV;SBRF;573,00;5
2004;1;VSP;SBEG;SBGR;1259,00;2
2004;1;VSP;SBBR;SBBH;289,00;70
2004;1;VSP;SBBR;SBCT;847,00;2
2004;1;VSP;SBPA;SBGL;545,00;189
2004;1;VSP;SBGL;SBBR;455,00;452
2004;1;VSP;SBGL;SBRF;208,00;1
2004;1;VSP;SBRF;SBGL;760,00;84
2004;1;VSP;SBBR;SBBE;415,00;88
2004;1;VSP;SBGR;SBFL;308,00;81
2004;1;VSP;SBGL;SBCT;714,00;30
2004;1;VSP;SBBR;SBGO;139,00;1647
2004;1;VSP;SBBR;SBCT;598,00;55
2004;1;VSP;SBSP;SBBH;296,00;7
2004;1;VSP;SBGR;SBCF;355,00;54
2004;1;VSP;SBPA;SBBR;615,00;17
2004;1;VSP;SBRF;SBSV;506,00;19
2004;1;VSP;SBSV;SBRF;219,00;134
2004;1;VSP;SBRF;SBFZ;409,00;211
2004;1;VSP;SBBR;SBFZ;569,00;245
2004;1;VSP;SBGO;SBBR;182,00;164
2004;1;VSP;SBBH;SBBR;327,00;93
2004;1;VSP;SBKP;SBGL;309,00;7
2004;1;VSP;SBBR;SBSV;678,00;24
2004;1;VSP;SBGR;SBCT;493,00;9
2004;1;VSP;SBGO;SBBR;139,00;1527
2004;1;VSP;SBBR;SBSV;497,00;476
2004;1;VSP;SBSV;SBGL;831,00;21
2004;1;VSP;SBBR;SBFL;1073,00;18
2004;1;VSP;SBSP;SBCT;296,00;1
2004;1;VSP;SBGR;SBPA;264,00;2
2004;1;VSP;SBBH;SBBR;490,00;15
2004;1;VSP;SBCF;SBGR;355,00;61
2004;1;VSP;SBBR;SBSV;198,00;2
2004;1;VSP;SBGR;SBBR;369,00;98
2004;1;VSP;SBGR;SBGL;249,00;677
2004;1;VSP;SBFZ;SBBR;601,00;101
2004;1;VSP;SBCF;SBBR;490,00;7
2004;1;VSP;SBBR;SBFL;360,00;219
2004;1;VSP;SBBR;SBFL;404,00;113
2004;1;VSP;SBGR;SBBR;486,00;171
2004;1;VSP;SBSV;SBGL;208,00;2
2004;1;VSP;SBCT;SBPA;199,00;3
2004;1;VSP;SBSP;SBBR;689,00;3
2004;1;VSP;SBRF;SBFZ;252,00;84
2004;1;VSP;SBBR;SBSV;588,00;62
2004;1;VSP;SBSV;SBRF;674,00;62
2004;1;VSP;SBBH;SBBR;289,00;116
2004;1;VSP;SBCT;SBBR;748,00;4
2004;1;VSP;SBFZ;SBBR;661,00;120
2004;1;VSP;SBSV;SBBR;497,00;637
2004;1;VSP;SBKP;SBBR;704,00;3
2004;1;VSP;SBPA;SBGL;595,00;6
2004;1;VSP;SBBR;SBBH;327,00;57
2004;1;VSP;SBSV;SBBR;678,00;35
2004;1;VSP;SBBE;SBMQ;103,00;1887
2004;1;VSP;SBKP;SBBR;455,00;17
2004;1;VSP;SBGR;SBCF;326,00;26
2004;1;VSP;SBSV;SBGR;379,00;731
2004;1;VSP;SBRF;SBGL;823,00;88
2004;1;VSP;SBBR;SBFZ;1201,00;22
2004;1;VSP;SBBR;SBKP;250,00;31
2004;1;VSP;SBBR;SBFZ;721,00;11
2004;1;VSP;SBBH;SBSP;296,00;6
2004;1;VSP;SBCF;SBBR;424,00;4
2004;1;VSP;SBCT;SBGL;464,00;16
2004;1;VSP;SBPA;SBBR;799,00;9
2004;1;VSP;SBCT;SBPA;630,00;8
2004;1;VSP;SBGL;SBSV;978,00;157
2004;1;VSP;SBRF;SBGL;696,00;521
2004;1;VSP;SBSP;SBPA;411,00;42
2004;1;VSP;SBGL;SBCT;536,00;6
2004;1;VSP;SBFL;SBGR;338,00;168
2004;1;VSP;SBPA;SBCT;144,00;80
2004;1;VSP;SBBR;SBFL;537,00;21
2004;1;VSP;SBGR;SBEG;1259,00;5
2004;1;VSP;SBSP;SBBR;319,00;451
2004;1;VSP;SBBR;SBCT;399,00;65
2004;1;VSP;SBFL;SBGR;159,00;576
2004;1;VSP;SBEG;SBGR;500,00;532
2004;1;VSP;SBPA;SBGL;496,00;77
2004;1;VSP;SBGR;SBSV;636,00;534
2004;1;VSP;SBGL;SBGR;249,00;629
2004;1;VSP;SBBR;SBPA;569,00;34
2004;1;VSP;SBGR;SBCT;271,00;8
2004;1;VSP;SBKP;SBBR;828,00;12
2004;1;VSP;SBGL;SBCT;237,00;382
2004;1;VSP;SBGL;SBCT;607,00;4
2004;1;VSP;SBBR;SBFZ;661,00;104
2004;1;VSP;SBGO;SBBR;281,00;6
2004;1;VSP;SBGR;SBEG;839,00;141
2004;1;VSP;SBGL;SBPA;991,00;41
2004;1;VSP;SBBR;SBFL;644,00;45
2004;1;VSP;SBGR;SBSV;1156,00;291
2004;1;VSP;SBBE;SBMQ;249,00;32
2004;1;VSP;SBSP;SBBR;527,00;60
2004;1;VSP;SBCT;SBBR;847,00;3
2004;1;VSP;SBBR;SBBH;392,00;53
2004;1;VSP;SBFZ;SBRF;409,00;185
2004;1;VSP;SBRJ;SBSP;249,00;12618
2004;1;VSP;SBMQ;SBBE;453,00;31
2004;1;VSP;SBCT;SBGL;299,00;167
2004;1;VSP;SBMQ;SBBE;340,00;22
2004;1;VSP;SBMQ;SBBE;272,00;66
2004;1;VSP;SBPA;SBBR;676,00;45
2004;1;VSP;SBBR;SBGO;248,00;23
2004;1;VSP;SBGR;SBFL;523,00;13
2004;1;VSP;SBBR;SBGR;810,00;102
2004;1;VSP;SBCT;SBPA;315,00;5
2004;1;VSP;SBSV;SBBR;379,00;309
2004;1;VSP;SBSP;SBBH;326,00;36
2004;1;VSP;SBRF;SBFZ;443,00;53
2004;1;VSP;SBSV;SBGR;983,00;20
2004;1;VSP;SBSV;SBGL;587,00;437
2004;1;VSP;SBGL;SBCT;464,00;26
2004;1;VSP;SBKP;SBGL;515,00;10
2004;1;VSP;SBGR;SBPA;534,00;15
2004;1;VSP;SBBR;SBKP;704,00;1
2004;1;VSP;SBRF;SBFZ;169,00;1578
2004;1;VSP;SBFL;SBBR;537,00;13
2004;1;VSP;SBBR;SBFZ;601,00;100
2004;1;VSP;SBGR;SBSV;379,00;501
2004;1;VSP;SBPA;SBSP;534,00;36
2004;1;VSP;SBBR;SBGL;538,00;75
2004;1;VSP;SBRF;SBSV;674,00;36
2004;1;VSP;SBGL;SBBR;538,00;63
2004;1;VSP;SBGL;SBKP;515,00;11
2004;1;VSP;SBBH;SBSP;385,00;2
2004;1;VSP;SBBR;SBCT;548,00;66
2004;1;VSP;SBRF;SBFZ;341,00;122
2004;1;VSP;SBGR;SBFL;400,00;38
2004;1;VSP;SBGO;SBBR;215,00;43
2004;1;VSP;SBSV;SBGL;489,00;633
2004;1;VSP;SBGL;SBGR;292,00;41
2004;1;VSP;SBGL;SBRF;950,00;22
2004;1;VSP;SBSP;SBCT;370,00;12
2004;1;VSP;SBRF;SBFZ;579,00;6
2004;1;VSP;SBPA;SBBR;922,00;3
2004;1;VSP;SBEG;SBGR;1007,00;14
2004;1;VSP;SBBR;SBPA;469,00;134
2004;1;VSP;SBSP;SBCT;271,00;15
2004;1;VSP;SBBR;SBCT;449,00;38
2004;1;VSP;SBBR;SBGR;527,00;28
2004;1;VSP;SBBR;SBGO;165,00;269
2004;1;VSP;SBGL;SBPA;545,00;205
2004;1;VSP;SBBR;SBBH;490,00;13
2004;1;VSP;SBCF;SBBR;327,00;18
2004;1;VSP;SBCF;SBGR;385,00;8
2004;1;VSP;SBGL;SBBR;299,00;915
2004;1;VSP;SBMQ;SBBE;131,00;135
2004;1;VSP;SBGL;SBPA;279,00;1064
2004;1;VSP;SBGR;SBSV;694,00;100
2004;1;VSP;SBRF;SBSV;337,00;135
2004;1;VSP;SBBR;SBSP;405,00;99
2004;1;VSP;SBBR;SBCF;359,00;26
2004;1;VSP;SBPA;SBBR;737,00;29
2004;1;VSP;SBGL;SBRF;1266,00;96
2004;1;VSP;SBGL;SBBR;703,00;6
2004;1;VSP;SBSV;SBRF;371,00;284
2004;1;VSP;SBBE;SBBR;415,00;83
2004;1;VSP;SBBR;SBBH;359,00;125
2004;1;VSP;SBPA;SBGL;991,00;36
2004;1;VSP;SBGR;SBCF;444,00;36
2004;1;VSP;SBRF;SBFZ;681,00;50
2004;1;VSP;SBCF;SBBR;289,00;12
2004;1;VSP;SBSV;SBGR;578,00;415
2004;1;VSP;SBGL;SBRF;760,00;46
2004;1;VSP;SBGL;SBRF;696,00;399
2004;1;VSP;SBGL;SBSV;489,00;571
2004;1;VSP;SBPA;SBGR;493,00;88
2004;1;VSP;SBBR;SBGR;446,00;131
2004;1;VSP;SBCT;SBGL;714,00;25
2004;1;VSP;SBBR;SBKP;497,00;4
2004;1;VSP;SBBR;SBCF;289,00;14
2004;1;VSP;SBBE;SBBR;631,00;41
2004;1;VSP;SBFL;SBBR;644,00;43
2004;1;VSP;SBSP;SBBR;608,00;29
2004;1;VSP;SBBR;SBKP;455,00;15
2004;1;VSP;SBGR;SBGL;365,00;25
2004;1;VSP;SBBH;SBSP;592,00;17
2004;1;VSP;SBCT;SBGL;213,00;2
2004;1;VSP;SBBR;SBKP;538,00;9
2004;1;VSP;SBSP;SBPA;299,00;86
2004;1;VSP;SBCT;SBBR;399,00;75
2004;1;VSP;SBBR;SBGL;703,00;8
2004;1;VSP;SBMQ;SBBE;294,00;15
2004;1;VSP;SBGR;SBCF;186,00;401
2004;1;VSP;SBGL;SBSV;587,00;363
2004;1;VSP;SBSV;SBGR;751,00;179
2004;1;VSP;SBGR;SBSV;578,00;363
2004;1;VSP;SBSP;SBPA;534,00;25
2004;1;VSP;SBRF;SBSV;144,00;1191
2004;1;VSP;SBSP;SBBR;214,00;393
2004;1;VSP;SBSV;SBBR;452,00;257
2004;1;VSP;SBRF;SBSV;438,00;29
2004;1;VSP;SBFZ;SBBR;901,00;1
2004;1;VSP;SBKP;SBBR;290,00;36
2004;1;VSP;SBSP;SBBH;237,00;34
2004;1;VSP;SBGR;SBBR;446,00;158
2004;1;VSP;SBSP;SBBR;446,00;179
2004;1;VSP;SBKP;SBBR;538,00;13
2004;1;VSP;SBBR;SBGO;215,00;49
2004;1;VSP;SBGR;SBCF;592,00;32
2004;1;VSP;SBBR;SBPA;1229,00;9
2004;1;VSP;SBSV;SBGL;538,00;1571
2004;1;VSP;SBCT;SBSP;271,00;21
2004;1;VSP;SBBR;SBKP;621,00;12
2004;1;VSP;SBSV;SBRF;144,00;1170
2004;1;VSP;SBBH;SBSP;186,00;1085
2004;1;VSP;SBPA;SBSP;411,00;44
2004;1;VSP;SBGR;SBPA;616,00;35
2004;1;VSP;SBSP;SBPA;266,00;102
2004;1;VSP;SBFZ;SBBR;569,00;327
2004;1;VSP;SBGL;SBSV;538,00;1341
2004;1;VSP;SBGL;SBCT;357,00;146
2004;1;VSP;SBPA;SBGL;329,00;58
2004;1;VSP;SBBR;SBGL;359,00;323
2004;1;VSP;SBSV;SBGR;1156,00;254
2004;1;VSP;SBBR;SBGR;319,00;165
2004;1;VSP;SBBR;SBGL;299,00;783
2004;1;VSP;SBBE;SBBR;330,00;657
2004;1;VSP;SBSP;SBCT;493,00;22
2004;1;VSP;SBFZ;SBRF;511,00;26
2004;1;VSP;SBGR;SBCT;370,00;21
2004;1;VSP;SBBR;SBFL;697,00;7
2004;1;VSP;SBBR;SBPA;737,00;35
2004;1;VSP;SBCT;SBPA;473,00;1
2004;1;VSP;SBEG;SBGR;839,00;96
2004;1;VSP;SBGR;SBEG;1091,00;7
2004;1;VSP;SBBR;SBGO;281,00;4
2004;1;VSP;SBCF;SBGR;444,00;27
2004;1;VSP;SBCT;SBBR;499,00;28
2004;1;VSP;SBCT;SBGL;393,00;112
2004;1;VSP;SBGL;SBBR;620,00;41
2004;1;VSP;SBCT;SBSP;370,00;15
2004;1;VSP;SBFL;SBGR;308,00;75
2004;1;VSP;SBGL;SBBR;414,00;261
2004;1;VSP;SBGL;SBRF;823,00;62
2004;1;VSP;SBMQ;SBBE;249,00;30
2004;1;VSP;SBGR;SBBR;608,00;62
2004;1;VSP;SBCT;SBGL;607,00;2
2004;1;VSP;SBCF;SBGR;237,00;50
2004;1;VSP;SBGR;SBFL;189,00;159
2004;1;VSP;SBGL;SBGR;268,00;122
2004;1;VSP;SBGR;SBCF;385,00;12
2004;1;VSP;SBPA;SBGL;644,00;3
2004;1;VSP;SBRF;SBSV;404,00;60
2004;1;VSP;SBFZ;SBBR;1201,00;19
2004;1;VSP;SBCT;SBGL;428,00;32
2004;1;VSP;SBGL;SBRF;556,00;1258
2004;1;VSP;SBGL;SBCT;213,00;1
2004;1;VSP;SBBR;SBCT;648,00;17
2004;1;VSP;SBCT;SBSP;296,00;2
2004;1;VSP;SBSV;SBGR;694,00;260
2004;1;VSP;SBBR;SBBH;424,00;6
2004;1;VSP;SBBR;SBSP;271,00;3
2004;1;VSP;SBSP;SBPA;616,00;17
2004;1;VSP;SBBR;SBSP;810,00;70
2004;1;VSP;SBBR;SBSP;486,00;293
2004;1;VSP;SBCT;SBGL;536,00;8
2004;1;VSP;SBSP;SBBR;810,00;126
2004;1;VSP;SBCT;SBSP;237,00;269
2004;1;VSP;SBBR;SBKP;290,00;23
2004;1;VSP;SBGL;SBPA;644,00;8
2004;1;VSP;SBBR;SBGL;414,00;211
2004;1;VSP;SBGO;SBBR;330,00;72
2004;1;VSP;SBGL;SBSV;359,00;412
2004;1;VSP;SBGR;SBBR;319,00;148
2004;1;VSP;SBCT;SBGR;493,00;12
2004;1;VSP;SBPA;SBCT;315,00;12
2004;1;VSP;SBBE;SBBR;860,00;8
2004;1;VSP;SBRF;SBFZ;375,00;324
2004;1;VSP;SBFZ;SBRF;681,00;56
2004;1;VSP;SBBR;SBSP;527,00;111
2004;1;VSP;SBBR;SBKP;414,00;12
2004;1;VSP;SBPA;SBGR;821,00;87
2004;1;VSP;SBBE;SBBR;1147,00;32
2004;1;VSP;SBBR;SBSV;379,00;308
2004;1;VSP;SBBR;SBGR;608,00;40
2004;1;VSP;SBGR;SBEG;599,00;149
2004;1;VSP;SBGL;SBRF;1076,00;4
2004;1;VSP;SBEG;SBGR;923,00;46
2004;1;VSP;SBGL;SBSV;308,00;2907
2004;1;VSP;SBGR;SBEG;1678,00;16
2004;1;VSP;SBBR;SBCT;352,00;56
2004;1;VSP;SBSP;SBPA;452,00;12
2004;1;VSP;SBFZ;SBRF;199,00;133
2004;1;VSP;SBPA;SBCT;199,00;9
2004;1;VSP;SBGL;SBKP;279,00;304
2004;1;VSP;SBGR;SBEG;1007,00;21
2004;1;VSP;SBMQ;SBBE;227,00;109
2004;1;VSP;SBKP;SBBR;621,00;18
2004;1;VSP;SBGR;SBCT;320,00;9
2004;1;VSP;SBPA;SBGR;359,00;77
2004;1;VSP;SBBR;SBGR;214,00;407
2004;1;VSP;SBBH;SBSP;237,00;55
2004;1;VSP;SBBR;SBBE;860,00;20
2004;1;VSP;SBCT;SBBR;598,00;39
2004;1;VSP;SBGL;SBBR;827,00;159
2004;1;VSP;SBGL;SBBR;359,00;487
2004;1;VSP;SBBH;SBBR;359,00;122
2004;1;VSP;SBGL;SBCT;393,00;132
2004;1;VSP;SBPA;SBGR;411,00;116
2004;1;VSP;SBFZ;SBRF;341,00;99
2004;1;VSP;SBCT;SBGR;237,00;231
2004;1;VSP;SBCT;SBPA;144,00;75
2004;1;VSP;SBFL;SBBR;805,00;3
2004;1;VSP;SBCT;SBGR;296,00;8
2004;1;VSP;SBSP;SBBH;355,00;8
2004;1;VSP;SBRF;SBGL;1076,00;2
2004;1;VSP;SBPA;SBSP;359,00;106
2004;1;VSP;SBPA;SBBR;569,00;23
2004;1;VSP;SBCT;SBSP;493,00;11
2004;1;VSP;SBSV;SBBR;768,00;63
2004;1;VSP;SBRF;SBSV;371,00;322
2004;1;VSP;SBGR;SBPA;299,00;249
2004;1;VSP;SBSV;SBBR;904,00;115
2004;1;VSP;SBEG;SBGR;599,00;89
2004;1;VSP;SBPA;SBBR;519,00;65
2004;1;VSP;SBCT;SBGR;370,00;13
2004;1;VSP;SBPA;SBSP;299,00;77
2004;1;VSP;SBBH;SBBR;260,00;493
2004;1;VSP;SBBE;SBBR;746,00;7
2004;1;VSP;SBGL;SBRF;633,00;388
2004;1;VSP;SBGR;SBPA;821,00;98
2004;1;VSP;SBGL;SBBR;260,00;910
2004;1;VSP;SBBR;SBPA;615,00;23
2004;1;VSP;SBBR;SBCT;748,00;6
2004;1;VSP;SBFL;SBBR;360,00;265
2004;1;VSP;SBBR;SBBH;260,00;419
2004;1;VSP;SBBE;SBMQ;272,00;51
2004;1;VSP;SBFL;SBBR;697,00;14
2004;1;VSP;SBSP;SBPA;359,00;91
2004;1;VSP;SBCT;SBBR;648,00;9
2004;1;VSP;SBSP;SBBR;486,00;231
2004;1;VSP;SBBR;SBFL;805,00;8
2004;1;VSP;SBPA;SBSP;616,00;21
2004;1;VSP;SBGL;SBPA;743,00;10
2004;1;VSP;SBCT;SBGR;320,00;6
2004;1;VSP;SBGR;SBEG;500,00;509
2004;1;VSP;SBBR;SBCT;997,00;6
2004;1;VSP;SBBR;SBSV;409,00;245
2004;1;VSP;SBPA;SBSP;493,00;17
2004;1;VSP;SBCF;SBGR;592,00;66
2004;1;VSP;SBSV;SBBR;198,00;2
2004;1;VSP;SBBR;SBKP;828,00;7
2004;1;VSP;SBEG;SBGR;1678,00;27
2004;1;VSP;SBBR;SBSV;542,00;148
2004;1;VSP;SBSV;SBGL;978,00;115
2004;1;VSP;SBGR;SBFL;338,00;126
2004;1;VSP;SBGR;SBCT;237,00;227
2004;1;VSP;SBSV;SBGL;359,00;517
2004;1;VSP;SBSV;SBGL;636,00;229
2004;1;VSP;SBRF;SBSV;573,00;3
2004;1;VSP;SBGL;SBSV;208,00;2
2004;1;VSP;SBBR;SBSP;608,00;26
2004;1;VSP;SBPA;SBGR;698,00;12
2004;1;VSP;SBFL;SBGR;189,00;251
2004;1;VSP;SBKP;SBGL;335,00;4
2004;1;VSP;SBSV;SBGR;296,00;3888
2004;1;VSP;SBBR;SBSP;319,00;484
2004;1;VSP;SBBR;SBGL;827,00;90
2004;1;VSP;SBGL;SBBR;271,00;1
2004;1;VSP;SBBR;SBPA;799,00;15
2004;1;VSP;SBBR;SBBE;746,00;17
2004;1;VSP;SBGO;SBBR;165,00;118
2004;1;VSP;SBBR;SBBE;688,00;26
2004;1;VSP;SBBR;SBCF;327,00;22
2004;1;VSP;SBGL;SBKP;335,00;6
2004;1;VSP;SBSP;SBPA;493,00;21
2004;1;VSP;SBGR;SBFL;615,00;143
2004;1;VSP;SBBE;SBMQ;131,00;144
2004;1;VSP;SBSV;SBRF;404,00;35
2004;1;VSP;SBGR;SBPA;411,00;125
2004;1;VSP;SBGR;SBPA;359,00;54
2004;1;VSP;SBBH;SBBR;653,00;60
2004;1;VSP;SBBR;SBCF;260,00;131
2004;1;VSP;SBGR;SBGL;292,00;36
2004;1;VSP;SBGR;SBCT;296,00;6
2004;1;VSP;SBPA;SBSP;452,00;18
2004;1;VSP;SBFL;SBBR;590,00;36
2004;1;VSP;SBSP;SBRJ;249,00;11494
2004;1;VSP;SBKP;SBBR;250,00;54
2004;1;VSP;SBBR;SBGO;198,00;115
2004;1;VSP;SBBR;SBSP;446,00;185
2004;1;VSP;SBFL;SBGR;523,00;11
2004;1;VSP;SBBR;SBGL;271,00;1
2004;1;VSP;SBSV;SBRF;438,00;25
2004;1;VSP;SBGL;SBCT;428,00;69
2004;1;VSP;SBFL;SBGR;615,00;129
2004;1;VSP;SBBR;SBBE;975,00;8
2004;1;VSP;SBRF;SBGL;950,00;37
2004;1;VSP;SBBR;SBBE;631,00;59
2004;1;VSP;SBGR;SBFL;219,00;75
2004;1;VSP;SBCT;SBPA;347,00;5
2004;1;VSP;SBBE;SBBR;688,00;17
2004;1;VSP;SBBR;SBFZ;781,00;4
2004;1;VSP;SBFL;SBBR;1073,00;28
2004;1;VSP;SBSP;SBCT;237,00;321
2004;1;VSP;SBGR;SBCF;237,00;64
2004;1;VSP;SBPA;SBGR;616,00;34
2004;1;VSP;SBGO;SBBR;198,00;73
2004;1;VSP;SBRF;SBSV;219,00;178
2004;1;VSP;SBRF;SBGL;633,00;333
2004;1;VSP;SBPA;SBGR;266,00;942
2004;1;VSP;SBBE;SBMQ;227,00;96
2004;1;VSP;SBFZ;SBRF;375,00;302
2004;1;VSP;SBMQ;SBBE;103,00;1730
2004;1;VSP;SBFL;SBGR;369,00;33
2004;1;VSP;SBBR;SBGO;330,00;48
2004;1;VSP;SBCF;SBBR;392,00;8
2004;1;VSP;SBGR;SBFL;159,00;620
2004;1;VSP;SBGL;SBCT;299,00;123
2004;1;VSP;SBGL;SBPA;496,00;44
2004;1;VSP;SBPA;SBGR;534,00;17
2004;1;VSP;SBGL;SBPA;329,00;48
2004;1;VSP;SBGR;SBPA;266,00;794
2004;1;VSP;SBFZ;SBRF;252,00;45
2004;1;VSP;SBPA;SBCT;378,00;7
2004;1;VSP;SBBR;SBSP;214,00;346
2004;1;VSP;SBGL;SBGR;365,00;19
2004;1;VSP;SBGL;SBKP;438,00;2
2004;1;VSP;SBFZ;SBRF;579,00;4
2004;1;VSP;SBFZ;SBRF;443,00;16
2004;1;VSP;SBGR;SBSV;751,00;156
2004;1;VSP;SBGR;SBSV;983,00;28
2004;1;VSP;SBGO;SBBR;248,00;17
