ANO;MES;EMPRESA;ORIGEM;DESTINO;TARIFA;ASSENTOS
2005;8;GLO;SBRF;SBGL;456,00;66
2005;8;GLO;SBFZ;SBGR;469,05;447
2005;8;GLO;SBSP;SBFL;363,83;257
2005;8;GLO;SBBR;SBRF;214,34;29
2005;8;GLO;SBGL;SBCF;155,45;68
2005;8;GLO;SBRJ;SBSP;228,31;1042
2005;8;GLO;SBCY;SBSP;582,56;29
2005;8;GLO;SBFL;SBSP;399,96;24
2005;8;GLO;SBGL;SBBR;633,25;12
2005;8;GLO;SBSP;SBVT;245,71;118
2005;8;GLO;SBEG;SBGR;422,80;296
2005;8;GLO;SBGR;SBBR;186,00;4
2005;8;GLO;SBSP;SBRJ;272,19;11004
2005;8;GLO;SBBH;SBBR;225,94;199
2005;8;GLO;SBBR;SBBE;595,35;80
2005;8;GLO;SBBR;SBGL;162,31;72
2005;8;GLO;SBPA;SBCT;159,51;2864
2005;8;GLO;SBGR;SBSV;811,00;12
2005;8;GLO;SBCT;SBBR;388,91;56
2005;8;GLO;SBGR;SBPA;145,40;1970
2005;8;GLO;SBFZ;SBBR;854,64;82
2005;8;GLO;SBEG;SBGR;1009,25;12
2005;8;GLO;SBSP;SBUL;369,00;2
2005;8;GLO;SBPA;SBSP;393,71;3489
2005;8;GLO;SBGR;SBCT;321,51;13
2005;8;GLO;SBRF;SBBR;233,00;62
2005;8;GLO;SBBR;SBCT;532,14;81
2005;8;GLO;SBBH;SBBR;152,00;12
2005;8;GLO;SBGL;SBBR;48,89;18
2005;8;GLO;SBGL;SBPA;214,72;871
2005;8;GLO;SBFZ;SBRF;155,23;1656
2005;8;GLO;SBGL;SBBR;299,56;138
2005;8;GLO;SBPA;SBCT;305,13;2170
2005;8;GLO;SBFZ;SBGL;1106,86;65
2005;8;GLO;SBBR;SBPA;426,36;42
2005;8;GLO;SBRJ;SBSP;118,04;288
2005;8;GLO;SBSP;SBGL;268,18;164
2005;8;GLO;SBSP;SBPA;276,55;166
2005;8;GLO;SBSV;SBRF;182,70;863
2005;8;GLO;SBBE;SBEG;306,69;161
2005;8;GLO;SBSV;SBGL;466,49;362
2005;8;GLO;SBVT;SBSP;199,63;734
2005;8;GLO;SBSV;SBGL;229,72;198
2005;8;GLO;SBGR;SBBR;260,23;85
2005;8;GLO;SBPS;SBSP;182,56;151
2005;8;GLO;SBRJ;SBSP;50,00;1
2005;8;GLO;SBUL;SBSP;124,56;18
2005;8;GLO;SBBE;SBBR;516,74;89
2005;8;GLO;SBGL;SBPA;269,33;205
2005;8;GLO;SBSP;SBGL;109,74;6704
2005;8;GLO;SBBR;SBRF;279,99;892
2005;8;GLO;SBCT;SBPA;342,72;191
2005;8;GLO;SBFL;SBPA;212,23;2727
2005;8;GLO;SBCF;SBGL;324,61;137
2005;8;GLO;SBGL;SBCF;257,87;137
2005;8;GLO;SBBH;SBBR;345,40;101
2005;8;GLO;SBCT;SBPA;136,49;412
2005;8;GLO;SBCY;SBBR;225,00;130
2005;8;GLO;SBPA;SBGL;192,68;828
2005;8;GLO;SBFZ;SBGL;361,05;811
2005;8;GLO;SBSP;SBRP;141,11;18
2005;8;GLO;SBBR;SBSV;290,53;529
2005;8;GLO;SBGO;SBBR;348,67;3
2005;8;GLO;SBBR;SBFZ;752,34;90
2005;8;GLO;SBLO;SBSP;470,52;6
2005;8;GLO;SBRF;SBGR;336,73;3669
2005;8;GLO;SBSP;SBCG;454,64;47
2005;8;GLO;SBGL;SBRF;750,73;120
2005;8;GLO;SBPA;SBGR;648,00;2
2005;8;GLO;SBGR;SBCF;118,67;6
2005;8;GLO;SBBR;SBGR;186,00;21
2005;8;GLO;SBCF;SBGL;49,09;241
2005;8;GLO;SBSP;SBPS;166,67;271
2005;8;GLO;SBFZ;SBRF;280,58;1387
2005;8;GLO;SBCT;SBKP;105,07;45
2005;8;GLO;SBGR;SBFZ;365,83;4010
2005;8;GLO;SBGL;SBBR;406,02;323
2005;8;GLO;SBFZ;SBGL;978,03;4
2005;8;GLO;SBSP;SBJV;101,91;14
2005;8;GLO;SBBR;SBGR;198,68;98
2005;8;GLO;SBSP;SBNF;116,96;221
2005;8;GLO;SBCT;SBGR;50,00;17
2005;8;GLO;SBFL;SBGR;179,67;9
2005;8;GLO;SBGL;SBPA;419,41;19
2005;8;GLO;SBBR;SBEG;396,94;746
2005;8;GLO;SBBR;SBSP;160,94;61
2005;8;GLO;SBGR;SBFZ;476,22;413
2005;8;GLO;SBNF;SBSP;256,27;2580
2005;8;GLO;SBSP;SBVT;138,60;108
2005;8;GLO;SBGR;SBFI;210,00;4
2005;8;GLO;SBPS;SBSP;171,28;365
2005;8;GLO;SBPS;SBSP;334,58;203
2005;8;GLO;SBBR;SBEG;584,86;655
2005;8;GLO;SBEG;SBBR;415,81;556
2005;8;GLO;SBPA;SBSP;423,23;766
2005;8;GLO;SBEG;SBBE;595,51;46
2005;8;GLO;SBFL;SBSP;243,63;3476
2005;8;GLO;SBGR;SBCF;78,73;190
2005;8;GLO;SBSP;SBCT;127,53;2037
2005;8;GLO;SBBR;SBEG;1548,21;153
2005;8;GLO;SBPA;SBBR;212,97;34
2005;8;GLO;SBCF;SBGR;171,50;10
2005;8;GLO;SBBR;SBCT;238,74;140
2005;8;GLO;SBCT;SBSP;128,81;1840
2005;8;GLO;SBBR;SBSP;155,43;91
2005;8;GLO;SBSV;SBSP;254,70;90
2005;8;GLO;SBCY;SBBR;191,00;25
2005;8;GLO;SBKP;SBCT;284,42;194
2005;8;GLO;SBBR;SBBH;40,00;4
2005;8;GLO;SBEG;SBGR;632,36;223
2005;8;GLO;SBPA;SBGL;192,50;184
2005;8;GLO;SBSP;SBCT;49,47;104
2005;8;GLO;SBFL;SBSP;141,81;2003
2005;8;GLO;SBGR;SBGL;147,61;215
2005;8;GLO;SBGO;SBSP;153,31;17
2005;8;GLO;SBFL;SBGR;137,09;243
2005;8;GLO;SBSP;SBJV;163,83;23
2005;8;GLO;SBSP;SBCT;245,13;1193
2005;8;GLO;SBBR;SBCT;409,00;98
2005;8;GLO;SBSV;SBGL;862,99;170
2005;8;GLO;SBCG;SBSP;408,76;40
2005;8;GLO;SBJV;SBSP;68,02;113
2005;8;GLO;SBSP;SBPA;459,67;389
2005;8;GLO;SBCT;SBBR;177,42;1879
2005;8;GLO;SBRF;SBFZ;156,00;12
2005;8;GLO;SBCT;SBGL;103,90;338
2005;8;GLO;SBGO;SBBR;155,00;1
2005;8;GLO;SBCT;SBFL;51,50;2
2005;8;GLO;SBRF;SBGL;679,32;79
2005;8;GLO;SBGL;SBCT;307,35;464
2005;8;GLO;SBSP;SBBR;182,22;275
2005;8;GLO;SBCT;SBBR;169,76;74
2005;8;GLO;SBGR;SBFL;49,13;23
2005;8;GLO;SBGR;SBCT;169,21;41
2005;8;GLO;SBGL;SBSP;238,98;1330
2005;8;GLO;SBGR;SBBR;607,85;12
2005;8;GLO;SBBR;SBKP;170,27;198
2005;8;GLO;SBPA;SBSP;501,11;117
2005;8;GLO;SBBR;SBKP;242,15;8
2005;8;GLO;SBBR;SBSP;416,51;4542
2005;8;GLO;SBEG;SBGR;598,00;1
2005;8;GLO;SBBR;SBGR;729,06;20
2005;8;GLO;SBSP;SBPA;394,89;3767
2005;8;GLO;SBSP;SBRJ;437,00;5
2005;8;GLO;SBKP;SBCT;385,00;6
2005;8;GLO;SBBR;SBRF;1026,61;17
2005;8;GLO;SBFL;SBGR;640,00;1
2005;8;GLO;SBLO;SBSP;341,76;561
2005;8;GLO;SBSP;SBFL;330,29;169
2005;8;GLO;SBRF;SBFZ;429,38;36
2005;8;GLO;SBSV;SBRF;161,00;3
2005;8;GLO;SBFL;SBPA;121,33;1114
2005;8;GLO;SBBH;SBBR;417,35;77
2005;8;GLO;SBGL;SBBR;222,51;472
2005;8;GLO;SBFZ;SBBR;541,19;585
2005;8;GLO;SBPA;SBCT;246,44;1351
2005;8;GLO;SBBR;SBCY;334,87;147
2005;8;GLO;SBCT;SBSP;103,71;68
2005;8;GLO;SBGL;SBRF;437,69;64
2005;8;GLO;SBRF;SBFZ;212,59;228
2005;8;GLO;SBBR;SBSV;771,38;40
2005;8;GLO;SBSP;SBLO;182,10;1183
2005;8;GLO;SBCT;SBGL;314,78;78
2005;8;GLO;SBSP;SBRJ;79,40;5
2005;8;GLO;SBGR;SBRF;1016,79;4
2005;8;GLO;SBGR;SBBR;334,25;66
2005;8;GLO;SBFZ;SBBR;431,33;180
2005;8;GLO;SBUL;SBSP;228,87;49
2005;8;GLO;SBSV;SBGR;245,61;2634
2005;8;GLO;SBBR;SBGR;312,57;77
2005;8;GLO;SBSP;SBGO;169,18;23
2005;8;GLO;SBGL;SBSP;402,00;56
2005;8;GLO;SBGL;SBFZ;599,79;95
2005;8;GLO;SBGR;SBSV;509,07;15
2005;8;GLO;SBSV;SBBR;214,39;94
2005;8;GLO;SBFL;SBPA;290,64;126
2005;8;GLO;SBSP;SBFL;484,04;23
2005;8;GLO;SBRF;SBFZ;311,72;441
2005;8;GLO;SBSP;SBRJ;146,29;341
2005;8;GLO;SBRF;SBGR;287,89;940
2005;8;GLO;SBSP;SBCG;664,66;36
2005;8;GLO;SBFI;SBGR;258,00;2
2005;8;GLO;SBGL;SBCF;89,37;42
2005;8;GLO;SBPS;SBSP;367,29;122
2005;8;GLO;SBKP;SBBR;47,78;9
2005;8;GLO;SBFL;SBPA;167,07;319
2005;8;GLO;SBEG;SBBR;810,19;16
2005;8;GLO;SBSP;SBCT;95,72;47
2005;8;GLO;SBBR;SBEG;854,53;17
2005;8;GLO;SBJV;SBSP;228,17;12
2005;8;GLO;SBSP;SBRP;115,82;516
2005;8;GLO;SBBR;SBGO;122,62;47
2005;8;GLO;SBGR;SBCT;294,36;14
2005;8;GLO;SBBR;SBGO;264,00;1
2005;8;GLO;SBSV;SBGR;561,36;22
2005;8;GLO;SBRF;SBSV;180,75;768
2005;8;GLO;SBGR;SBFI;132,75;4
2005;8;GLO;SBGL;SBSP;114,11;378
2005;8;GLO;SBSP;SBGO;180,74;23
2005;8;GLO;SBLO;SBSP;411,00;7
2005;8;GLO;SBBR;SBSP;570,09;485
2005;8;GLO;SBSP;SBNF;137,87;3446
2005;8;GLO;SBLO;SBSP;186,84;1092
2005;8;GLO;SBRF;SBBR;434,79;43
2005;8;GLO;SBCF;SBGL;167,28;93
2005;8;GLO;SBBR;SBGO;179,43;97
2005;8;GLO;SBCF;SBGR;79,62;206
2005;8;GLO;SBSP;SBCT;306,72;350
2005;8;GLO;SBSP;SBCY;323,74;1870
2005;8;GLO;SBSV;SBGR;471,07;594
2005;8;GLO;SBJV;SBSP;49,70;66
2005;8;GLO;SBBE;SBMQ;195,11;871
2005;8;GLO;SBGL;SBRF;375,23;320
2005;8;GLO;SBCT;SBBR;252,92;247
2005;8;GLO;SBGR;SBPA;395,49;30
2005;8;GLO;SBVT;SBSP;311,50;2
2005;8;GLO;SBCY;SBSP;397,00;24
2005;8;GLO;SBGR;SBGL;384,21;23
2005;8;GLO;SBSV;SBGR;468,50;35
2005;8;GLO;SBPA;SBGL;520,06;29
2005;8;GLO;SBSV;SBSP;733,47;99
2005;8;GLO;SBGR;SBFL;235,00;2
2005;8;GLO;SBRF;SBSV;314,85;463
2005;8;GLO;SBCY;SBBR;494,61;35
2005;8;GLO;SBGO;SBSP;208,99;1606
2005;8;GLO;SBBH;SBBR;175,75;1345
2005;8;GLO;SBSV;SBBR;628,63;27
2005;8;GLO;SBPA;SBCT;47,77;240
2005;8;GLO;SBGL;SBPA;224,70;104
2005;8;GLO;SBKP;SBCT;239,02;64
2005;8;GLO;SBSP;SBLO;311,11;28
2005;8;GLO;SBCT;SBSP;100,33;3
2005;8;GLO;SBBR;SBKP;469,00;3
2005;8;GLO;SBGL;SBCF;268,64;150
2005;8;GLO;SBEG;SBBE;503,82;179
2005;8;GLO;SBSP;SBPA;181,42;267
2005;8;GLO;SBSP;SBVT;311,50;2
2005;8;GLO;SBBR;SBPA;181,07;374
2005;8;GLO;SBRJ;SBSP;197,11;9512
2005;8;GLO;SBRF;SBGL;279,35;783
2005;8;GLO;SBGL;SBGR;270,82;499
2005;8;GLO;SBGR;SBFZ;1280,00;1
2005;8;GLO;SBCF;SBGR;185,85;4
2005;8;GLO;SBPA;SBBR;315,85;183
2005;8;GLO;SBGR;SBCF;413,00;2
2005;8;GLO;SBGL;SBSV;274,08;940
2005;8;GLO;SBRF;SBFZ;175,14;711
2005;8;GLO;SBSP;SBJV;223,82;57
2005;8;GLO;SBGR;SBFI;117,79;152
2005;8;GLO;SBSP;SBUL;122,00;7
2005;8;GLO;SBGL;SBPA;355,00;30
2005;8;GLO;SBPS;SBSP;409,71;18
2005;8;GLO;SBSP;SBNF;438,45;20
2005;8;GLO;SBPA;SBSP;284,91;230
2005;8;GLO;SBRJ;SBSP;272,89;12369
2005;8;GLO;SBBE;SBEG;530,93;205
2005;8;GLO;SBCG;SBSP;703,64;35
2005;8;GLO;SBSP;SBUL;49,30;171
2005;8;GLO;SBFL;SBSP;333,90;213
2005;8;GLO;SBGL;SBCT;404,27;95
2005;8;GLO;SBNF;SBSP;346,78;18
2005;8;GLO;SBSP;SBPS;359,41;113
2005;8;GLO;SBCY;SBSP;543,73;65
2005;8;GLO;SBBR;SBFZ;290,61;2141
2005;8;GLO;SBFZ;SBGR;364,75;3309
2005;8;GLO;SBPA;SBGR;345,14;7
2005;8;GLO;SBBR;SBFZ;362,79;249
2005;8;GLO;SBGL;SBCF;403,55;11
2005;8;GLO;SBFZ;SBGR;1013,66;91
2005;8;GLO;SBFL;SBSP;334,82;178
2005;8;GLO;SBGL;SBCT;234,16;340
2005;8;GLO;SBGL;SBPA;212,59;386
2005;8;GLO;SBGL;SBBR;164,37;14908
2005;8;GLO;SBSV;SBRF;429,42;55
2005;8;GLO;SBCT;SBGR;163,99;33
2005;8;GLO;SBPA;SBGR;318,24;17
2005;8;GLO;SBSP;SBSV;618,96;145
2005;8;GLO;SBRJ;SBSP;382,83;184
2005;8;GLO;SBSP;SBRJ;245,05;3888
2005;8;GLO;SBRF;SBSV;518,93;47
2005;8;GLO;SBCT;SBSP;50,00;8
2005;8;GLO;SBSP;SBRJ;168,52;141
2005;8;GLO;SBSP;SBFL;244,66;3460
2005;8;GLO;SBPS;SBSP;236,13;6
2005;8;GLO;SBSP;SBRP;99,31;289
2005;8;GLO;SBCT;SBGL;145,54;232
2005;8;GLO;SBSP;SBPS;205,21;183
2005;8;GLO;SBGL;SBPA;534,33;3
2005;8;GLO;SBFL;SBPA;400,97;90
2005;8;GLO;SBCG;SBSP;50,00;1
2005;8;GLO;SBCG;SBSP;199,02;380
2005;8;GLO;SBRF;SBGL;308,28;3167
2005;8;GLO;SBBR;SBKP;418,44;9
2005;8;GLO;SBCY;SBSP;254,46;28
2005;8;GLO;SBSP;SBSR;129,84;10
2005;8;GLO;SBSV;SBGR;443,40;20
2005;8;GLO;SBGR;SBEG;1199,90;21
2005;8;GLO;SBSP;SBSV;438,82;1379
2005;8;GLO;SBSV;SBBR;521,04;14
2005;8;GLO;SBSP;SBGO;413,86;83
2005;8;GLO;SBSP;SBCG;193,81;135
2005;8;GLO;SBGL;SBGR;335,76;48
2005;8;GLO;SBBR;SBGL;178,38;32
2005;8;GLO;SBFZ;SBGR;1412,97;23
2005;8;GLO;SBPA;SBCT;507,00;5
2005;8;GLO;SBBR;SBRF;549,51;210
2005;8;GLO;SBSV;SBRF;159,77;337
2005;8;GLO;SBSP;SBJV;115,00;7
2005;8;GLO;SBSP;SBRJ;529,00;2
2005;8;GLO;SBCY;SBBR;362,44;107
2005;8;GLO;SBFL;SBSP;132,33;285
2005;8;GLO;SBCT;SBPA;310,14;1839
2005;8;GLO;SBRJ;SBSP;169,00;114
2005;8;GLO;SBGR;SBPA;735,50;4
2005;8;GLO;SBSP;SBPA;122,00;100
2005;8;GLO;SBGR;SBRF;441,66;442
2005;8;GLO;SBPS;SBSP;166,78;413
2005;8;GLO;SBGL;SBSV;755,14;7
2005;8;GLO;SBRJ;SBSP;99,67;3
2005;8;GLO;SBBR;SBGL;677,33;6
2005;8;GLO;SBCY;SBSP;325,66;1963
2005;8;GLO;SBBR;SBCT;48,48;145
2005;8;GLO;SBBR;SBSP;691,50;2
2005;8;GLO;SBSP;SBFL;194,62;559
2005;8;GLO;SBRF;SBGL;1033,87;10
2005;8;GLO;SBSP;SBGL;171,95;482
2005;8;GLO;SBGL;SBSP;116,00;21
2005;8;GLO;SBPA;SBGL;311,13;165
2005;8;GLO;SBSP;SBGO;278,77;351
2005;8;GLO;SBGO;SBBR;60,21;292
2005;8;GLO;SBSP;SBSV;269,30;40
2005;8;GLO;SBGR;SBCF;171,75;16
2005;8;GLO;SBPA;SBGR;225,97;111
2005;8;GLO;SBPA;SBGR;50,00;3
2005;8;GLO;SBGL;SBSP;271,86;78
2005;8;GLO;SBCT;SBSP;155,22;73
2005;8;GLO;SBCY;SBSP;666,03;49
2005;8;GLO;SBFZ;SBGR;743,51;64
2005;8;GLO;SBPA;SBBR;369,57;25
2005;8;GLO;SBFL;SBSP;279,30;813
2005;8;GLO;SBGL;SBSV;905,00;78
2005;8;GLO;SBBR;SBEG;509,75;4
2005;8;GLO;SBKP;SBBR;479,03;15
2005;8;GLO;SBBE;SBMQ;426,33;112
2005;8;GLO;SBRF;SBSV;161,00;5
2005;8;GLO;SBBR;SBCT;232,07;44
2005;8;GLO;SBPA;SBGL;356,22;27
2005;8;GLO;SBBR;SBBH;122,91;22
2005;8;GLO;SBBR;SBPA;219,44;32
2005;8;GLO;SBBR;SBBH;135,50;4
2005;8;GLO;SBFZ;SBBR;390,00;3
2005;8;GLO;SBBR;SBKP;664,38;13
2005;8;GLO;SBPA;SBFL;112,97;29
2005;8;GLO;SBBE;SBMQ;469,40;3
2005;8;GLO;SBSV;SBSP;516,35;782
2005;8;GLO;SBRF;SBGR;1063,66;42
2005;8;GLO;SBBR;SBBH;320,10;966
2005;8;GLO;SBGR;SBEG;625,01;246
2005;8;GLO;SBRF;SBGR;426,64;389
2005;8;GLO;SBFZ;SBGR;652,40;12
2005;8;GLO;SBJV;SBSP;95,00;7
2005;8;GLO;SBSP;SBGO;391,61;1318
2005;8;GLO;SBSP;SBCT;152,81;1234
2005;8;GLO;SBSP;SBCG;352,71;923
2005;8;GLO;SBBR;SBKP;182,00;3
2005;8;GLO;SBFZ;SBGL;697,19;31
2005;8;GLO;SBRF;SBFZ;276,51;1559
2005;8;GLO;SBBR;SBSV;387,39;1187
2005;8;GLO;SBSP;SBBR;480,88;34
2005;8;GLO;SBBR;SBSV;221,06;1472
2005;8;GLO;SBSV;SBRF;379,14;281
2005;8;GLO;SBPA;SBGR;256,13;7
2005;8;GLO;SBBR;SBEG;340,00;41
2005;8;GLO;SBPA;SBCT;139,96;265
2005;8;GLO;SBSV;SBGL;419,59;2112
2005;8;GLO;SBPA;SBFL;238,89;278
2005;8;GLO;SBFZ;SBRF;156,00;7
2005;8;GLO;SBGR;SBBR;358,00;9
2005;8;GLO;SBPA;SBGR;159,74;7374
2005;8;GLO;SBSP;SBPA;170,67;132
2005;8;GLO;SBGR;SBPA;256,00;2
2005;8;GLO;SBSP;SBLO;143,00;1
2005;8;GLO;SBGL;SBSV;516,36;234
2005;8;GLO;SBGL;SBCT;173,82;244
2005;8;GLO;SBSP;SBLO;333,71;590
2005;8;GLO;SBSP;SBCY;474,99;1252
2005;8;GLO;SBFZ;SBRF;328,04;32
2005;8;GLO;SBBR;SBPA;194,95;228
2005;8;GLO;SBRF;SBGR;340,50;88
2005;8;GLO;SBBR;SBKP;311,48;346
2005;8;GLO;SBBE;SBEG;609,06;134
2005;8;GLO;SBSV;SBGR;235,76;2306
2005;8;GLO;SBRP;SBSP;140,43;14
2005;8;GLO;SBSP;SBBR;458,64;332
2005;8;GLO;SBPA;SBBR;195,65;256
2005;8;GLO;SBGR;SBSV;259,78;92
2005;8;GLO;SBPA;SBCT;339,93;154
2005;8;GLO;SBSP;SBSR;182,00;1
2005;8;GLO;SBSP;SBVT;224,06;15
2005;8;GLO;SBCT;SBKP;247,94;556
2005;8;GLO;SBRF;SBGR;49,06;234
2005;8;GLO;SBBE;SBMQ;138,80;527
2005;8;GLO;SBCT;SBSP;235,99;8451
2005;8;GLO;SBSP;SBFL;95,45;53
2005;8;GLO;SBSP;SBJV;360,00;3
2005;8;GLO;SBKP;SBBR;177,96;142
2005;8;GLO;SBSV;SBGR;337,43;201
2005;8;GLO;SBFZ;SBGR;387,55;134
2005;8;GLO;SBGR;SBGL;49,19;124
2005;8;GLO;SBPA;SBFL;206,34;2626
2005;8;GLO;SBSP;SBPA;514,96;133
2005;8;GLO;SBGR;SBSV;242,05;2428
2005;8;GLO;SBSP;SBCY;652,39;9
2005;8;GLO;SBLO;SBSP;182,86;14
2005;8;GLO;SBBR;SBCY;184,43;85
2005;8;GLO;SBGL;SBGR;389,00;20
2005;8;GLO;SBFL;SBSP;503,00;20
2005;8;GLO;SBCT;SBGR;338,00;16
2005;8;GLO;SBPA;SBBR;186,72;367
2005;8;GLO;SBFL;SBGR;158,57;140
2005;8;GLO;SBCT;SBBR;363,16;1014
2005;8;GLO;SBFZ;SBGR;536,62;137
2005;8;GLO;SBGR;SBFL;153,63;59
2005;8;GLO;SBPA;SBFL;398,98;94
2005;8;GLO;SBSP;SBUL;219,94;59
2005;8;GLO;SBPA;SBCT;137,50;133
2005;8;GLO;SBCT;SBPA;387,88;73
2005;8;GLO;SBBE;SBMQ;128,04;1376
2005;8;GLO;SBBR;SBCT;128,56;96
2005;8;GLO;SBGL;SBSP;433,73;48
2005;8;GLO;SBGL;SBGR;149,97;237
2005;8;GLO;SBGL;SBFZ;480,19;172
2005;8;GLO;SBGR;SBPA;158,14;7615
2005;8;GLO;SBFZ;SBRF;302,61;457
2005;8;GLO;SBBR;SBGO;146,33;3
2005;8;GLO;SBPA;SBFL;320,40;40
2005;8;GLO;SBFZ;SBGL;308,13;1338
2005;8;GLO;SBCY;SBSP;940,33;3
2005;8;GLO;SBJV;SBSP;139,53;1116
2005;8;GLO;SBBR;SBBH;175,06;1496
2005;8;GLO;SBSP;SBGO;429,26;14
2005;8;GLO;SBGR;SBCT;199,50;208
2005;8;GLO;SBPA;SBGL;346,33;9
2005;8;GLO;SBGR;SBGL;129,22;1041
2005;8;GLO;SBEG;SBBE;338,00;60
2005;8;GLO;SBSP;SBFL;141,44;1556
2005;8;GLO;SBSP;SBNF;48,92;169
2005;8;GLO;SBCF;SBGL;129,50;3910
2005;8;GLO;SBGL;SBCF;166,34;81
2005;8;GLO;SBGR;SBGL;116,00;12
2005;8;GLO;SBSP;SBVT;92,78;488
2005;8;GLO;SBBR;SBFZ;48,16;217
2005;8;GLO;SBBR;SBGL;268,34;32
2005;8;GLO;SBFZ;SBGL;399,86;152
2005;8;GLO;SBGR;SBFZ;685,15;1272
2005;8;GLO;SBFI;SBGR;87,46;146
2005;8;GLO;SBGL;SBRF;1214,00;5
2005;8;GLO;SBGR;SBCF;107,23;124
2005;8;GLO;SBPA;SBFL;291,80;216
2005;8;GLO;SBBR;SBGR;372,50;10
2005;8;GLO;SBBR;SBKP;159,00;1
2005;8;GLO;SBGR;SBPA;353,10;9
2005;8;GLO;SBKP;SBBR;409,85;349
2005;8;GLO;SBEG;SBBR;820,00;1
2005;8;GLO;SBGL;SBBR;180,66;118
2005;8;GLO;SBSP;SBVT;122,75;1872
2005;8;GLO;SBSP;SBSV;591,82;75
2005;8;GLO;SBPA;SBFL;113,14;1151
2005;8;GLO;SBBR;SBGL;289,00;7
2005;8;GLO;SBFL;SBGR;98,32;1403
2005;8;GLO;SBBR;SBEG;1213,00;1
2005;8;GLO;SBBR;SBBE;1124,42;12
2005;8;GLO;SBUL;SBSP;50,00;2
2005;8;GLO;SBBR;SBBH;358,32;79
2005;8;GLO;SBBR;SBSP;49,40;463
2005;8;GLO;SBEG;SBBR;592,08;555
2005;8;GLO;SBGO;SBBR;181,90;127
2005;8;GLO;SBGR;SBSV;311,94;485
2005;8;GLO;SBRF;SBGL;952,00;5
2005;8;GLO;SBLO;SBSP;210,97;19
2005;8;GLO;SBSP;SBJV;301,58;12
2005;8;GLO;SBSV;SBSP;566,29;292
2005;8;GLO;SBCT;SBGR;203,86;236
2005;8;GLO;SBSP;SBCY;541,32;58
2005;8;GLO;SBCT;SBBR;374,51;70
2005;8;GLO;SBNF;SBSP;174,97;73
2005;8;GLO;SBCY;SBBR;270,78;51
2005;8;GLO;SBSP;SBBR;171,02;62
2005;8;GLO;SBBR;SBCY;337,37;88
2005;8;GLO;SBFI;SBGR;146,63;8
2005;8;GLO;SBSP;SBLO;137,75;12
2005;8;GLO;SBGR;SBCT;113,87;236
2005;8;GLO;SBGL;SBFZ;665,23;595
2005;8;GLO;SBSV;SBGL;672,93;44
2005;8;GLO;SBGO;SBBR;353,00;1
2005;8;GLO;SBGR;SBFL;168,00;1
2005;8;GLO;SBPA;SBGL;352,63;57
2005;8;GLO;SBCT;SBSP;311,40;486
2005;8;GLO;SBGR;SBSV;1036,10;21
2005;8;GLO;SBBR;SBBE;409,75;39
2005;8;GLO;SBPA;SBBR;207,08;3056
2005;8;GLO;SBRF;SBSV;292,25;1744
2005;8;GLO;SBSP;SBNF;111,35;34
2005;8;GLO;SBBR;SBEG;50,00;1
2005;8;GLO;SBCT;SBBR;403,08;25
2005;8;GLO;SBGL;SBSV;420,01;1975
2005;8;GLO;SBGR;SBBR;157,72;7732
2005;8;GLO;SBSV;SBRF;514,25;8
2005;8;GLO;SBEG;SBBR;371,32;53
2005;8;GLO;SBGR;SBCT;448,00;3
2005;8;GLO;SBGL;SBCF;129,51;3996
2005;8;GLO;SBFZ;SBRF;173,52;696
2005;8;GLO;SBCT;SBSP;394,16;53
2005;8;GLO;SBEG;SBBE;203,09;32
2005;8;GLO;SBSV;SBGL;577,62;130
2005;8;GLO;SBSV;SBRF;378,87;57
2005;8;GLO;SBBE;SBEG;224,60;2029
2005;8;GLO;SBCF;SBGL;420,00;4
2005;8;GLO;SBGL;SBSP;275,05;179
2005;8;GLO;SBGR;SBBR;710,00;1
2005;8;GLO;SBNF;SBSP;163,89;294
2005;8;GLO;SBGR;SBCF;215,05;22
2005;8;GLO;SBRP;SBSP;175,70;421
2005;8;GLO;SBGR;SBCT;235,13;83
2005;8;GLO;SBSV;SBSP;505,51;240
2005;8;GLO;SBCF;SBGL;257,67;147
2005;8;GLO;SBGR;SBCF;172,18;114
2005;8;GLO;SBJV;SBSP;470,00;4
2005;8;GLO;SBSP;SBCG;228,02;1225
2005;8;GLO;SBBR;SBCY;479,16;5
2005;8;GLO;SBBE;SBMQ;340,00;1
2005;8;GLO;SBBR;SBBE;271,39;109
2005;8;GLO;SBSP;SBGO;493,76;80
2005;8;GLO;SBCG;SBSP;277,67;322
2005;8;GLO;SBGR;SBGL;272,61;427
2005;8;GLO;SBPA;SBSP;181,34;256
2005;8;GLO;SBCT;SBPA;289,59;183
2005;8;GLO;SBGL;SBSV;582,74;81
2005;8;GLO;SBSV;SBBR;597,64;120
2005;8;GLO;SBKP;SBBR;211,48;1412
2005;8;GLO;SBPA;SBBR;163,92;930
2005;8;GLO;SBGL;SBSV;842,67;50
2005;8;GLO;SBVT;SBSP;238,24;168
2005;8;GLO;SBKP;SBBR;311,00;323
2005;8;GLO;SBCT;SBPA;111,90;255
2005;8;GLO;SBGL;SBFZ;650,75;124
2005;8;GLO;SBGR;SBFZ;1273,38;48
2005;8;GLO;SBSR;SBSP;129,84;10
2005;8;GLO;SBCT;SBGL;182,71;545
2005;8;GLO;SBLO;SBSP;164,00;9
2005;8;GLO;SBKP;SBBR;182,00;3
2005;8;GLO;SBUL;SBSP;191,42;778
2005;8;GLO;SBSV;SBRF;218,93;534
2005;8;GLO;SBCG;SBSP;350,37;733
2005;8;GLO;SBCT;SBGR;497,13;19
2005;8;GLO;SBSP;SBGL;119,41;17
2005;8;GLO;SBSP;SBPS;260,10;597
2005;8;GLO;SBFZ;SBGL;561,02;127
2005;8;GLO;SBPA;SBGL;293,43;425
2005;8;GLO;SBPA;SBSP;482,96;27
2005;8;GLO;SBSP;SBLO;154,00;7
2005;8;GLO;SBSP;SBSV;259,77;213
2005;8;GLO;SBBR;SBGR;157,19;8300
2005;8;GLO;SBGL;SBGR;50,00;3
2005;8;GLO;SBRF;SBBR;386,86;10
2005;8;GLO;SBBR;SBCT;686,19;46
2005;8;GLO;SBCT;SBBR;40,00;2
2005;8;GLO;SBSP;SBSV;568,06;239
2005;8;GLO;SBSP;SBVT;169,89;1052
2005;8;GLO;SBFZ;SBRF;353,31;112
2005;8;GLO;SBRF;SBBR;521,33;40
2005;8;GLO;SBCG;SBSP;484,83;76
2005;8;GLO;SBSP;SBBR;680,33;3
2005;8;GLO;SBSV;SBBR;48,41;384
2005;8;GLO;SBPA;SBSP;270,20;126
2005;8;GLO;SBGL;SBPA;215,99;496
2005;8;GLO;SBBR;SBEG;1068,00;1
2005;8;GLO;SBSP;SBJV;257,71;805
2005;8;GLO;SBVT;SBSP;129,00;1
2005;8;GLO;SBGR;SBFZ;388,14;142
2005;8;GLO;SBBR;SBSV;214,88;97
2005;8;GLO;SBSP;SBPA;213,70;4033
2005;8;GLO;SBCY;SBSP;473,87;1364
2005;8;GLO;SBGL;SBFZ;955,17;46
2005;8;GLO;SBEG;SBGR;900,30;21
2005;8;GLO;SBBE;SBBR;598,42;87
2005;8;GLO;SBFZ;SBGL;486,52;228
2005;8;GLO;SBCT;SBPA;476,11;16
2005;8;GLO;SBSP;SBRJ;196,91;9555
2005;8;GLO;SBKP;SBCT;284,38;266
2005;8;GLO;SBFL;SBPA;73,44;92
2005;8;GLO;SBGR;SBGL;354,17;29
2005;8;GLO;SBSV;SBSP;166,77;13
2005;8;GLO;SBLO;SBSP;154,00;3
2005;8;GLO;SBRF;SBGL;786,82;104
2005;8;GLO;SBBR;SBBE;737,43;30
2005;8;GLO;SBBR;SBRF;507,33;9
2005;8;GLO;SBRP;SBSP;116,23;752
2005;8;GLO;SBGR;SBPA;636,52;5
2005;8;GLO;SBSP;SBUL;187,01;35
2005;8;GLO;SBFI;SBGR;114,05;54
2005;8;GLO;SBBR;SBSV;246,07;1059
2005;8;GLO;SBSP;SBBR;417,50;4523
2005;8;GLO;SBGR;SBRF;336,14;4124
2005;8;GLO;SBCT;SBGL;110,91;118
2005;8;GLO;SBBR;SBSP;270,53;1679
2005;8;GLO;SBJV;SBSP;115,00;5
2005;8;GLO;SBUL;SBSP;168,23;1243
2005;8;GLO;SBBE;SBBR;726,11;19
2005;8;GLO;SBEG;SBBR;1501,44;20
2005;8;GLO;SBGR;SBPA;232,37;100
2005;8;GLO;SBMQ;SBBE;141,41;41
2005;8;GLO;SBPA;SBFL;138,53;1658
2005;8;GLO;SBSP;SBBR;217,99;632
2005;8;GLO;SBBE;SBEG;793,00;1
2005;8;GLO;SBNF;SBSP;290,09;131
2005;8;GLO;SBSR;SBSP;236,00;1
2005;8;GLO;SBPA;SBCT;64,92;88
2005;8;GLO;SBEG;SBBE;444,50;25
2005;8;GLO;SBPA;SBBR;359,38;97
2005;8;GLO;SBSP;SBRJ;246,38;1042
2005;8;GLO;SBPA;SBFL;420,50;16
2005;8;GLO;SBPA;SBSP;49,19;389
2005;8;GLO;SBGR;SBGL;152,16;465
2005;8;GLO;SBSP;SBCG;594,00;2
2005;8;GLO;SBSP;SBCY;250,88;902
2005;8;GLO;SBNF;SBSP;117,26;245
2005;8;GLO;SBEG;SBBE;386,00;1
2005;8;GLO;SBEG;SBBE;216,92;1598
2005;8;GLO;SBCT;SBGR;135,25;75
2005;8;GLO;SBCT;SBGL;272,19;476
2005;8;GLO;SBBR;SBGR;260,17;88
2005;8;GLO;SBCT;SBGR;234,94;84
2005;8;GLO;SBBE;SBEG;507,13;86
2005;8;GLO;SBNF;SBSP;95,00;1
2005;8;GLO;SBBE;SBBR;363,81;133
2005;8;GLO;SBBH;SBBR;195,95;155
2005;8;GLO;SBBH;SBBR;444,02;40
2005;8;GLO;SBCY;SBBR;443,78;57
2005;8;GLO;SBBE;SBBR;878,67;9
2005;8;GLO;SBRF;SBSV;163,63;365
2005;8;GLO;SBGL;SBFZ;305,04;1348
2005;8;GLO;SBBR;SBCY;231,92;96
2005;8;GLO;SBNF;SBSP;435,95;29
2005;8;GLO;SBSP;SBPA;412,99;733
2005;8;GLO;SBMQ;SBBE;99,00;17
2005;8;GLO;SBRF;SBSV;444,32;68
2005;8;GLO;SBSP;SBRJ;328,37;1769
2005;8;GLO;SBGR;SBPA;191,00;12
2005;8;GLO;SBEG;SBGR;370,25;180
2005;8;GLO;SBRF;SBGR;621,60;5
2005;8;GLO;SBFL;SBSP;192,65;671
2005;8;GLO;SBSV;SBBR;393,83;1032
2005;8;GLO;SBSV;SBSP;974,82;94
2005;8;GLO;SBFL;SBPA;145,93;1785
2005;8;GLO;SBVT;SBSP;248,49;94
2005;8;GLO;SBBR;SBBH;189,95;188
2005;8;GLO;SBVT;SBSP;236,45;59
2005;8;GLO;SBBR;SBCY;238,65;53
2005;8;GLO;SBFZ;SBGL;637,58;441
2005;8;GLO;SBGR;SBFL;138,00;6
2005;8;GLO;SBRJ;SBSP;244,61;919
2005;8;GLO;SBGR;SBRF;290,38;2101
2005;8;GLO;SBBR;SBFZ;408,57;254
2005;8;GLO;SBSV;SBGL;49,31;321
2005;8;GLO;SBSP;SBRP;200,26;74
2005;8;GLO;SBBR;SBKP;214,11;1102
2005;8;GLO;SBGR;SBEG;505,11;9
2005;8;GLO;SBSP;SBUL;429,13;58
2005;8;GLO;SBGO;SBBR;234,72;5
2005;8;GLO;SBSR;SBSP;125,88;42
2005;8;GLO;SBSP;SBRJ;231,86;1089
2005;8;GLO;SBGL;SBCT;158,34;1029
2005;8;GLO;SBRF;SBBR;408,44;155
2005;8;GLO;SBJV;SBSP;279,33;6
2005;8;GLO;SBRF;SBGR;498,76;211
2005;8;GLO;SBGR;SBEG;1818,23;18
2005;8;GLO;SBCT;SBKP;278,24;73
2005;8;GLO;SBVT;SBSP;205,14;16
2005;8;GLO;SBSP;SBSV;570,11;248
2005;8;GLO;SBSP;SBFL;395,82;44
2005;8;GLO;SBCT;SBGR;297,38;24
2005;8;GLO;SBFL;SBSP;96,94;486
2005;8;GLO;SBKP;SBCT;166,26;66
2005;8;GLO;SBGL;SBRF;682,81;101
2005;8;GLO;SBBR;SBBH;401,06;85
2005;8;GLO;SBRP;SBSP;98,00;1
2005;8;GLO;SBCT;SBSP;262,78;536
2005;8;GLO;SBGR;SBEG;447,50;8
2005;8;GLO;SBSV;SBSP;323,25;859
2005;8;GLO;SBBR;SBSP;292,65;607
2005;8;GLO;SBRJ;SBSP;354,50;2
2005;8;GLO;SBGR;SBCT;324,47;3
2005;8;GLO;SBBE;SBEG;438,68;117
2005;8;GLO;SBSP;SBGL;236,44;1249
2005;8;GLO;SBGL;SBRF;574,82;853
2005;8;GLO;SBBR;SBBH;457,41;67
2005;8;GLO;SBGL;SBSP;131,86;346
2005;8;GLO;SBPA;SBGR;191,00;28
2005;8;GLO;SBRP;SBSP;143,41;901
2005;8;GLO;SBCY;SBBR;197,84;96
2005;8;GLO;SBNF;SBSP;67,28;2
2005;8;GLO;SBSP;SBUL;434,00;1
2005;8;GLO;SBGL;SBCF;319,78;212
2005;8;GLO;SBSP;SBFL;164,33;2544
2005;8;GLO;SBGR;SBBR;48,88;321
2005;8;GLO;SBSP;SBLO;469,16;15
2005;8;GLO;SBSP;SBNF;289,50;152
2005;8;GLO;SBSP;SBLO;321,41;12
2005;8;GLO;SBGO;SBSP;401,00;157
2005;8;GLO;SBPA;SBBR;384,02;42
2005;8;GLO;SBPA;SBSP;215,35;4054
2005;8;GLO;SBRF;SBSV;217,01;470
2005;8;GLO;SBSP;SBGL;108,60;419
2005;8;GLO;SBSV;SBBR;222,32;1372
2005;8;GLO;SBCY;SBBR;350,55;114
2005;8;GLO;SBGL;SBCF;116,00;6
2005;8;GLO;SBGR;SBBR;483,00;1
2005;8;GLO;SBSV;SBGL;323,42;444
2005;8;GLO;SBBR;SBGL;164,07;12934
2005;8;GLO;SBCG;SBSP;225,68;468
2005;8;GLO;SBCF;SBGL;239,46;3238
2005;8;GLO;SBGR;SBRF;601,16;113
2005;8;GLO;SBKP;SBCT;332,30;71
2005;8;GLO;SBEG;SBBR;48,75;144
2005;8;GLO;SBCF;SBGL;89,46;29
2005;8;GLO;SBRF;SBSV;496,34;41
2005;8;GLO;SBCG;SBSP;559,95;38
2005;8;GLO;SBPA;SBBR;445,50;20
2005;8;GLO;SBCT;SBBR;174,71;34
2005;8;GLO;SBBR;SBBE;894,29;7
2005;8;GLO;SBGL;SBSP;49,40;134
2005;8;GLO;SBSP;SBSV;367,54;492
2005;8;GLO;SBBE;SBEG;48,00;70
2005;8;GLO;SBGL;SBSV;50,00;14
2005;8;GLO;SBFI;SBGR;180,57;14
2005;8;GLO;SBGL;SBFZ;949,89;18
2005;8;GLO;SBSP;SBRP;143,86;746
2005;8;GLO;SBGL;SBRF;306,74;2884
2005;8;GLO;SBSP;SBPA;149,00;21
2005;8;GLO;SBGL;SBPA;271,56;323
2005;8;GLO;SBSV;SBBR;247,54;757
2005;8;GLO;SBFL;SBSP;50,00;7
2005;8;GLO;SBBE;SBMQ;299,89;27
2005;8;GLO;SBSP;SBPS;289,33;233
2005;8;GLO;SBGL;SBRF;278,51;844
2005;8;GLO;SBBR;SBSV;792,31;42
2005;8;GLO;SBKP;SBBR;236,84;23
2005;8;GLO;SBSP;SBBR;291,45;817
2005;8;GLO;SBCG;SBSP;193,44;132
2005;8;GLO;SBPA;SBCT;194,09;463
2005;8;GLO;SBGL;SBFZ;368,00;1064
2005;8;GLO;SBBR;SBGL;562,85;122
2005;8;GLO;SBBR;SBPA;340,74;90
2005;8;GLO;SBBR;SBBE;500,35;113
2005;8;GLO;SBFZ;SBGL;599,77;132
2005;8;GLO;SBBR;SBPA;602,56;9
2005;8;GLO;SBCF;SBGL;269,85;121
2005;8;GLO;SBCT;SBKP;166,91;51
2005;8;GLO;SBPA;SBSP;122,98;164
2005;8;GLO;SBGR;SBGL;122,56;845
2005;8;GLO;SBBR;SBRF;380,32;212
2005;8;GLO;SBGL;SBSP;370,60;154
2005;8;GLO;SBSP;SBCG;191,96;358
2005;8;GLO;SBFZ;SBRF;50,00;1
2005;8;GLO;SBBR;SBPA;437,27;22
2005;8;GLO;SBSP;SBRJ;121,75;184
2005;8;GLO;SBMQ;SBBE;180,96;1031
2005;8;GLO;SBSP;SBPA;258,06;1078
2005;8;GLO;SBEG;SBGR;1012,00;14
2005;8;GLO;SBSP;SBLO;50,00;1
2005;8;GLO;SBGL;SBPA;185,94;676
2005;8;GLO;SBMQ;SBBE;123,70;1258
2005;8;GLO;SBFZ;SBRF;396,24;47
2005;8;GLO;SBSP;SBRJ;297,13;4775
2005;8;GLO;SBFZ;SBBR;915,16;19
2005;8;GLO;SBFZ;SBGL;1025,89;9
2005;8;GLO;SBPS;SBSP;183,28;251
2005;8;GLO;SBSP;SBCG;283,75;94
2005;8;GLO;SBGL;SBPA;345,93;28
2005;8;GLO;SBBE;SBBR;1005,97;6
2005;8;GLO;SBSP;SBNF;322,75;20
2005;8;GLO;SBNF;SBSP;120,04;38
2005;8;GLO;SBFL;SBGR;248,05;147
2005;8;GLO;SBRF;SBBR;347,95;573
2005;8;GLO;SBBR;SBKP;48,81;318
2005;8;GLO;SBGL;SBSP;109,47;6600
2005;8;GLO;SBSP;SBSR;125,74;34
2005;8;GLO;SBCT;SBGL;279,56;81
2005;8;GLO;SBBR;SBGL;48,62;1004
2005;8;GLO;SBGL;SBRF;942,79;28
2005;8;GLO;SBBR;SBGL;214,25;389
2005;8;GLO;SBBR;SBRF;497,72;611
2005;8;GLO;SBRF;SBFZ;156,50;1764
2005;8;GLO;SBRP;SBSP;206,06;69
2005;8;GLO;SBFL;SBGR;242,47;47
2005;8;GLO;SBEG;SBBR;316,88;285
2005;8;GLO;SBBR;SBGL;469,00;14
2005;8;GLO;SBRP;SBSP;99,71;247
2005;8;GLO;SBLO;SBSP;49,26;88
2005;8;GLO;SBSP;SBCT;169,91;165
2005;8;GLO;SBNF;SBSP;250,91;83
2005;8;GLO;SBRP;SBSP;301,98;51
2005;8;GLO;SBGL;SBGR;192,25;939
2005;8;GLO;SBFL;SBPA;254,68;234
2005;8;GLO;SBPA;SBGR;340,20;53
2005;8;GLO;SBSP;SBJV;285,63;27
2005;8;GLO;SBSP;SBVT;293,85;54
2005;8;GLO;SBSP;SBGO;254,06;375
2005;8;GLO;SBFI;SBGR;170,04;108
2005;8;GLO;SBGR;SBEG;640,60;15
2005;8;GLO;SBGR;SBPA;47,65;17
2005;8;GLO;SBGR;SBRF;642,40;5
2005;8;GLO;SBGR;SBGL;379,48;54
2005;8;GLO;SBSP;SBGL;43,33;6
2005;8;GLO;SBJV;SBSP;235,59;44
2005;8;GLO;SBSP;SBPS;195,98;126
2005;8;GLO;SBEG;SBBR;470,03;14
2005;8;GLO;SBSP;SBLO;168,61;35
2005;8;GLO;SBSP;SBGL;221,85;43
2005;8;GLO;SBRF;SBGL;50,00;9
2005;8;GLO;SBCT;SBPA;161,84;3131
2005;8;GLO;SBBE;SBBR;301,44;111
2005;8;GLO;SBGR;SBSV;466,05;709
2005;8;GLO;SBPA;SBFL;68,29;39
2005;8;GLO;SBGR;SBBR;165,53;299
2005;8;GLO;SBCT;SBGR;448,00;5
2005;8;GLO;SBGO;SBSP;436,28;168
2005;8;GLO;SBRF;SBGL;375,87;265
2005;8;GLO;SBBR;SBCT;516,23;63
2005;8;GLO;SBUL;SBSP;137,75;4
2005;8;GLO;SBCT;SBSP;154,74;1140
2005;8;GLO;SBCT;SBSP;196,66;177
2005;8;GLO;SBKP;SBCT;250,19;512
2005;8;GLO;SBSV;SBSP;359,82;609
2005;8;GLO;SBGL;SBSP;166,38;448
2005;8;GLO;SBGR;SBFL;98,08;2015
2005;8;GLO;SBBR;SBEG;307,89;314
2005;8;GLO;SBFZ;SBGL;339,00;1
2005;8;GLO;SBGL;SBCT;322,62;110
2005;8;GLO;SBGR;SBEG;420,01;253
2005;8;GLO;SBSP;SBPS;487,39;40
2005;8;GLO;SBPA;SBGL;244,51;532
2005;8;GLO;SBRJ;SBSP;245,65;3930
2005;8;GLO;SBGR;SBSV;236,19;2413
2005;8;GLO;SBRF;SBBR;280,30;863
2005;8;GLO;SBFZ;SBBR;742,96;117
2005;8;GLO;SBBR;SBSP;464,07;139
2005;8;GLO;SBVT;SBSP;123,78;1916
2005;8;GLO;SBCF;SBGR;297,50;2
2005;8;GLO;SBKP;SBBR;649,33;3
2005;8;GLO;SBFL;SBPA;112,67;33
2005;8;GLO;SBBE;SBEG;942,00;11
2005;8;GLO;SBMQ;SBBE;209,33;42
2005;8;GLO;SBNF;SBSP;138,34;3586
2005;8;GLO;SBCT;SBBR;338,09;66
2005;8;GLO;SBGL;SBCT;459,75;36
2005;8;GLO;SBSP;SBGL;401,83;53
2005;8;GLO;SBBR;SBPA;918,00;21
2005;8;GLO;SBSV;SBBR;297,98;558
2005;8;GLO;SBBR;SBSV;528,85;149
2005;8;GLO;SBCT;SBKP;132,20;291
2005;8;GLO;SBPA;SBGR;518,00;1
2005;8;GLO;SBSP;SBCT;102,43;28
2005;8;GLO;SBFZ;SBGR;693,41;1270
2005;8;GLO;SBGO;SBBR;125,16;69
2005;8;GLO;SBBH;SBBR;319,05;864
2005;8;GLO;SBRF;SBGL;324,75;44
2005;8;GLO;SBFL;SBPA;431,28;29
2005;8;GLO;SBGR;SBCF;238,00;4
2005;8;GLO;SBGL;SBFZ;412,75;142
2005;8;GLO;SBPS;SBSP;356,40;94
2005;8;GLO;SBSP;SBSR;147,91;7
2005;8;GLO;SBGL;SBSP;237,03;32
2005;8;GLO;SBCT;SBPA;245,61;1438
2005;8;GLO;SBGR;SBRF;630,97;767
2005;8;GLO;SBBE;SBMQ;207,40;73
2005;8;GLO;SBSP;SBFL;285,26;787
2005;8;GLO;SBCF;SBGR;131,00;2
2005;8;GLO;SBEG;SBBR;682,08;24
2005;8;GLO;SBGR;SBRF;486,32;199
2005;8;GLO;SBGR;SBRF;563,22;69
2005;8;GLO;SBCT;SBGL;137,67;1198
2005;8;GLO;SBGL;SBBR;178,29;35
2005;8;GLO;SBSP;SBVT;95,78;107
2005;8;GLO;SBGL;SBGR;258,65;49
2005;8;GLO;SBSP;SBCY;254,67;27
2005;8;GLO;SBRJ;SBSP;325,47;1040
2005;8;GLO;SBVT;SBSP;99,36;99
2005;8;GLO;SBPA;SBCT;392,43;37
2005;8;GLO;SBRF;SBGL;1206,33;3
2005;8;GLO;SBEG;SBBR;1213,00;6
2005;8;GLO;SBGL;SBGR;214,95;1141
2005;8;GLO;SBFZ;SBBR;351,05;594
2005;8;GLO;SBBR;SBPA;168,24;837
2005;8;GLO;SBSP;SBGL;437,89;27
2005;8;GLO;SBSP;SBLO;605,00;2
2005;8;GLO;SBRF;SBGR;744,62;93
2005;8;GLO;SBCF;SBGR;166,67;93
2005;8;GLO;SBGO;SBSP;181,14;28
2005;8;GLO;SBCT;SBSP;233,00;1
2005;8;GLO;SBGL;SBFZ;980,88;21
2005;8;GLO;SBBR;SBFZ;298,26;395
2005;8;GLO;SBGL;SBRF;48,62;278
2005;8;GLO;SBGL;SBGR;299,65;58
2005;8;GLO;SBGL;SBCF;238,14;3151
2005;8;GLO;SBUL;SBSP;372,11;21
2005;8;GLO;SBSP;SBRP;48,65;47
2005;8;GLO;SBGR;SBFL;250,87;99
2005;8;GLO;SBSP;SBPS;179,66;425
2005;8;GLO;SBGL;SBSP;282,75;8
2005;8;GLO;SBEG;SBGR;1353,20;25
2005;8;GLO;SBCY;SBSP;252,16;902
2005;8;GLO;SBFZ;SBBR;291,14;2106
2005;8;GLO;SBRF;SBGR;645,96;841
2005;8;GLO;SBGL;SBCT;105,56;116
2005;8;GLO;SBBR;SBEG;715,63;19
2005;8;GLO;SBCF;SBGL;116,00;9
2005;8;GLO;SBCT;SBBR;271,46;48
2005;8;GLO;SBGR;SBSV;354,46;212
2005;8;GLO;SBBR;SBSV;564,43;45
2005;8;GLO;SBPA;SBCT;290,36;173
2005;8;GLO;SBGR;SBGL;189,24;177
2005;8;GLO;SBSP;SBRP;174,24;398
2005;8;GLO;SBRJ;SBSP;147,51;384
2005;8;GLO;SBSP;SBBR;477,55;40
2005;8;GLO;SBBE;SBEG;756,36;48
2005;8;GLO;SBFZ;SBBR;298,41;412
2005;8;GLO;SBGR;SBBR;202,75;106
2005;8;GLO;SBCT;SBKP;423,26;23
2005;8;GLO;SBPA;SBGL;174,04;5457
2005;8;GLO;SBSV;SBGR;305,97;469
2005;8;GLO;SBBR;SBCT;381,34;968
2005;8;GLO;SBBR;SBGR;677,50;2
2005;8;GLO;SBSP;SBRP;98,00;4
2005;8;GLO;SBGL;SBBR;485,34;29
2005;8;GLO;SBBR;SBFZ;646,40;225
2005;8;GLO;SBSP;SBRJ;384,13;183
2005;8;GLO;SBSP;SBRP;314,09;747
2005;8;GLO;SBSP;SBSV;323,25;854
2005;8;GLO;SBSP;SBGL;300,43;14
2005;8;GLO;SBSV;SBGL;493,92;16
2005;8;GLO;SBGO;SBBR;204,24;30
2005;8;GLO;SBSP;SBCT;236,12;7917
2005;8;GLO;SBCT;SBKP;189,52;162
2005;8;GLO;SBMQ;SBBE;102,23;426
2005;8;GLO;SBSP;SBNF;256,15;2470
2005;8;GLO;SBMQ;SBBE;248,36;15
2005;8;GLO;SBGL;SBRF;321,50;48
2005;8;GLO;SBJV;SBSP;258,69;898
2005;8;GLO;SBBR;SBGO;267,00;3
2005;8;GLO;SBBR;SBGR;483,00;3
2005;8;GLO;SBMQ;SBBE;317,63;4
2005;8;GLO;SBSR;SBSP;133,88;5
2005;8;GLO;SBGR;SBEG;363,37;173
2005;8;GLO;SBGR;SBFZ;771,69;73
2005;8;GLO;SBSV;SBGR;485,84;54
2005;8;GLO;SBRF;SBBR;485,35;195
2005;8;GLO;SBGO;SBSP;250,96;432
2005;8;GLO;SBSP;SBUL;168,26;1103
2005;8;GLO;SBSP;SBGL;249,00;5
2005;8;GLO;SBSV;SBRF;293,61;1428
2005;8;GLO;SBLO;SBSP;484,00;2
2005;8;GLO;SBSV;SBRF;310,46;561
2005;8;GLO;SBUL;SBSP;184,58;33
2005;8;GLO;SBFZ;SBGR;49,34;715
2005;8;GLO;SBPS;SBSP;241,03;703
2005;8;GLO;SBCF;SBGR;214,50;10
2005;8;GLO;SBRF;SBBR;483,40;539
2005;8;GLO;SBBR;SBPA;218,60;3303
2005;8;GLO;SBBR;SBCY;382,41;34
2005;8;GLO;SBGR;SBFL;572,00;6
2005;8;GLO;SBCT;SBSP;219,44;1193
2005;8;GLO;SBBR;SBPA;319,79;145
2005;8;GLO;SBRF;SBGL;582,55;658
2005;8;GLO;SBBR;SBSP;181,95;256
2005;8;GLO;SBGR;SBFI;88,19;158
2005;8;GLO;SBGR;SBFZ;1008,91;135
2005;8;GLO;SBRF;SBGR;917,45;86
2005;8;GLO;SBGL;SBGR;112,03;851
2005;8;GLO;SBSP;SBPS;283,38;117
2005;8;GLO;SBFZ;SBBR;625,02;296
2005;8;GLO;SBBR;SBFZ;1292,79;36
2005;8;GLO;SBGL;SBRF;964,30;27
2005;8;GLO;SBGL;SBFZ;861,82;11
2005;8;GLO;SBRF;SBFZ;400,31;226
2005;8;GLO;SBSP;SBPA;621,09;23
2005;8;GLO;SBVT;SBSP;96,70;523
2005;8;GLO;SBSP;SBUL;137,75;4
2005;8;GLO;SBGL;SBGR;189,80;240
2005;8;GLO;SBBR;SBSV;370,29;194
2005;8;GLO;SBBE;SBMQ;260,36;30
2005;8;GLO;SBSP;SBPS;391,83;18
2005;8;GLO;SBSV;SBSP;440,29;1525
2005;8;GLO;SBSP;SBFL;131,83;262
2005;8;GLO;SBFZ;SBGR;711,50;2
2005;8;GLO;SBBR;SBBE;1288,65;8
2005;8;GLO;SBBR;SBSP;545,39;136
2005;8;GLO;SBGR;SBPA;197,68;84
2005;8;GLO;SBBR;SBBE;288,00;4
2005;8;GLO;SBEG;SBBE;793,00;7
2005;8;GLO;SBCT;SBKP;279,57;289
2005;8;GLO;SBSV;SBGL;232,29;3944
2005;8;GLO;SBBR;SBGL;302,72;86
2005;8;GLO;SBCT;SBGL;464,04;20
2005;8;GLO;SBSP;SBCG;384,09;78
2005;8;GLO;SBSP;SBGO;48,35;158
2005;8;GLO;SBSP;SBNF;163,59;221
2005;8;GLO;SBSV;SBBR;416,81;201
2005;8;GLO;SBBR;SBCT;130,63;68
2005;8;GLO;SBBR;SBKP;407,42;326
2005;8;GLO;SBFZ;SBBR;680,95;21
2005;8;GLO;SBPA;SBBR;590,00;2
2005;8;GLO;SBGR;SBCT;139,32;87
2005;8;GLO;SBBR;SBBE;348,62;113
2005;8;GLO;SBCT;SBKP;331,28;91
2005;8;GLO;SBPA;SBGR;146,48;2264
2005;8;GLO;SBSP;SBBR;266,77;2657
2005;8;GLO;SBGL;SBSV;233,87;4553
2005;8;GLO;SBBR;SBRF;349,42;515
2005;8;GLO;SBGR;SBRF;348,66;113
2005;8;GLO;SBSP;SBGO;210,15;1544
2005;8;GLO;SBBR;SBRF;384,75;20
2005;8;GLO;SBBR;SBCY;191,00;25
2005;8;GLO;SBBR;SBCT;233,00;7
2005;8;GLO;SBSV;SBGR;339,56;188
2005;8;GLO;SBBR;SBGR;170,30;378
2005;8;GLO;SBGR;SBPA;310,89;43
2005;8;GLO;SBGL;SBSV;332,80;283
2005;8;GLO;SBRF;SBSV;46,00;5
2005;8;GLO;SBPA;SBFL;49,31;29
2005;8;GLO;SBEG;SBGR;446,14;7
2005;8;GLO;SBPA;SBFL;168,37;216
2005;8;GLO;SBPA;SBSP;146,09;41
2005;8;GLO;SBGL;SBPA;176,41;5296
2005;8;GLO;SBPA;SBSP;249,91;1222
2005;8;GLO;SBBR;SBGO;197,00;18
2005;8;GLO;SBSP;SBCY;864,85;22
2005;8;GLO;SBSP;SBUL;189,00;934
2005;8;GLO;SBSV;SBBR;603,96;47
2005;8;GLO;SBUL;SBSP;315,62;86
2005;8;GLO;SBSP;SBUL;317,89;192
2005;8;GLO;SBGR;SBSV;380,58;149
2005;8;GLO;SBGL;SBCT;367,42;57
2005;8;GLO;SBRF;SBSV;393,63;233
2005;8;GLO;SBGL;SBBR;349,42;19
2005;8;GLO;SBSP;SBJV;139,26;1174
2005;8;GLO;SBCF;SBGL;155,31;44
2005;8;GLO;SBGR;SBGL;244,87;70
2005;8;GLO;SBSP;SBGL;131,58;404
2005;8;GLO;SBBR;SBCT;205,07;1454
2005;8;GLO;SBSV;SBGL;274,23;1086
2005;8;GLO;SBPA;SBGL;48,90;73
2005;8;GLO;SBGL;SBCT;132,31;267
2005;8;GLO;SBBE;SBEG;962,19;13
2005;8;GLO;SBKP;SBCT;161,88;300
2005;8;GLO;SBBR;SBSP;222,70;1566
2005;8;GLO;SBFZ;SBRF;537,67;3
2005;8;GLO;SBSP;SBSV;140,23;14
2005;8;GLO;SBCT;SBGR;117,61;206
2005;8;GLO;SBCG;SBSP;385,87;211
2005;8;GLO;SBCT;SBGL;372,38;53
2005;8;GLO;SBGL;SBGR;275,35;31
2005;8;GLO;SBGO;SBSP;390,62;1351
2005;8;GLO;SBGL;SBSV;230,09;228
2005;8;GLO;SBPA;SBGR;169,33;70
2005;8;GLO;SBEG;SBBE;549,47;3
2005;8;GLO;SBPA;SBGR;415,20;4
2005;8;GLO;SBBH;SBBR;121,33;24
2005;8;GLO;SBBE;SBMQ;99,00;13
2005;8;GLO;SBGO;SBSP;278,74;289
2005;8;GLO;SBSV;SBSP;267,34;29
2005;8;GLO;SBGR;SBSV;714,75;49
2005;8;GLO;SBBR;SBFZ;536,76;767
2005;8;GLO;SBCY;SBBR;398,73;15
2005;8;GLO;SBGL;SBBR;243,73;47
2005;8;GLO;SBCT;SBPA;197,27;207
2005;8;GLO;SBFL;SBPA;336,98;45
2005;8;GLO;SBFL;SBSP;163,22;2339
2005;8;GLO;SBBE;SBBR;1428,00;1
2005;8;GLO;SBBR;SBGO;58,13;298
2005;8;GLO;SBJV;SBSP;269,26;28
2005;8;GLO;SBGR;SBFZ;516,04;141
2005;8;GLO;SBRJ;SBSP;297,48;5009
2005;8;GLO;SBSP;SBCY;375,86;45
2005;8;GLO;SBSP;SBBR;151,32;29
2005;8;GLO;SBGR;SBFI;175,04;200
2005;8;GLO;SBSP;SBNF;321,97;94
2005;8;GLO;SBSV;SBGR;251,50;165
2005;8;GLO;SBCT;SBPA;137,19;129
2005;8;GLO;SBFZ;SBRF;208,07;329
2005;8;GLO;SBGR;SBFL;137,37;313
2005;8;GLO;SBKP;SBBR;386,00;4
2005;8;GLO;SBBE;SBBR;399,58;34
2005;8;GLO;SBJV;SBSP;322,16;7
2005;8;GLO;SBSP;SBNF;193,21;60
2005;8;GLO;SBSP;SBJV;47,50;1
2005;8;GLO;SBSP;SBCT;265,13;792
2005;8;GLO;SBSP;SBSV;496,08;734
2005;8;GLO;SBGO;SBSP;512,32;37
2005;8;GLO;SBSP;SBGL;346,63;161
2005;8;GLO;SBJV;SBSP;162,18;19
2005;8;GLO;SBGR;SBEG;943,50;6
2005;8;GLO;SBGL;SBBR;458,97;90
2005;8;GLO;SBSP;SBCT;388,44;61
2005;8;GLO;SBBR;SBGL;412,37;336
2005;8;GLO;SBKP;SBCT;50,00;1
2005;8;GLO;SBBR;SBCY;425,28;94
2005;8;GLO;SBPA;SBGL;188,77;354
2005;8;GLO;SBBR;SBBH;225,21;158
2005;8;GLO;SBBR;SBFZ;866,62;51
2005;8;GLO;SBSP;SBFL;49,08;131
2005;8;GLO;SBKP;SBCT;252,57;64
2005;8;GLO;SBCF;SBGR;105,68;82
2005;8;ONE;SBRP;SBSP;89,00;2
2005;8;ONE;SBSV;SBRF;444,00;4
2005;8;ONE;SBCT;SBSP;243,00;4
2005;8;ONE;SBCT;SBSP;174,00;28
2005;8;ONE;SBBR;SBSP;460,00;1
2005;8;ONE;SBSP;SBBR;460,00;2
2005;8;ONE;SBSP;SBCT;168,00;44
2005;8;ONE;SBFZ;SBRF;432,00;1
2005;8;ONE;SBSP;SBRP;99,00;109
2005;8;ONE;SBSP;SBCT;208,00;38
2005;8;ONE;SBCT;SBSP;168,00;20
2005;8;ONE;SBFZ;SBRF;514,00;1
2005;8;ONE;SBBR;SBSP;395,00;1
2005;8;ONE;SBFZ;SBRF;450,00;3
2005;8;ONE;SBSP;SBBR;360,00;1
2005;8;ONE;SBCT;SBSP;199,00;87
2005;8;ONE;SBSV;SBRF;430,00;3
2005;8;ONE;SBSV;SBRF;405,00;3
2005;8;ONE;SBCT;SBSP;208,00;50
2005;8;ONE;SBSP;SBCT;199,00;60
2005;8;ONE;SBRF;SBSV;405,00;4
2005;8;ONE;SBSV;SBRF;417,00;1
2005;8;ONE;SBRP;SBSP;99,00;134
2005;8;ONE;SBSP;SBCT;243,00;16
2005;8;ONE;SBSP;SBRP;89,00;1
2005;8;ONE;SBFZ;SBRF;494,00;3
2005;8;ONE;SBSV;SBBR;692,00;1
2005;8;ONE;SBRF;SBSV;376,00;1
2005;8;ONE;SBSP;SBCT;139,00;1
2005;8;ONE;SBRF;SBSV;430,00;1
2005;8;ONE;SBSV;SBRF;323,00;9
2005;8;ONE;SBRF;SBSV;323,00;11
2005;8;ONE;SBSP;SBCT;163,00;54
2005;8;PLY;SBBE;SBMQ;416,64;3
2005;8;PLY;SBMQ;SBBE;292,11;3
2005;8;PTN;SBSP;SBAU;409,00;166
2005;8;PTN;SBML;SBSP;619,00;103
2005;8;PTN;SBSP;SBBU;549,00;187
2005;8;PTN;SBSP;SBBU;649,00;159
2005;8;PTN;SBAU;SBSP;409,00;191
2005;8;PTN;SBSP;SBML;479,00;144
2005;8;PTN;SBBU;SBSP;459,00;209
2005;8;PTN;SBAU;SBSP;739,00;15
2005;8;PTN;SBML;SBSP;479,00;123
2005;8;PTN;SBAU;SBSP;379,00;125
2005;8;PTN;SBSP;SBAU;379,00;132
2005;8;PTN;SBSP;SBAU;789,00;30
2005;8;PTN;SBAU;SBSP;479,00;98
2005;8;PTN;SBML;SBSP;299,00;295
2005;8;PTN;SBSP;SBBU;459,00;209
2005;8;PTN;SBBU;SBSP;389,00;307
2005;8;PTN;SBML;SBSP;379,00;184
2005;8;PTN;SBSP;SBAU;569,00;8
2005;8;PTN;SBSP;SBBU;389,00;308
2005;8;PTN;SBAU;SBSP;139,00;201
2005;8;PTN;SBAU;SBSP;639,00;1
2005;8;PTN;SBAU;SBSP;529,00;17
2005;8;PTN;SBBU;SBSP;519,00;191
2005;8;PTN;SBBU;SBSP;649,00;141
2005;8;PTN;SBAU;SBSP;449,00;410
2005;8;PTN;SBSP;SBAU;739,00;23
2005;8;PTN;SBSP;SBML;379,00;222
2005;8;PTN;SBSP;SBAU;639,00;2
2005;8;PTN;SBBU;SBSP;589,00;188
2005;8;PTN;SBSP;SBML;299,00;326
2005;8;PTN;SBSP;SBML;619,00;118
2005;8;PTN;SBML;SBSP;549,00;121
2005;8;PTN;SBAU;SBSP;569,00;3
2005;8;PTN;SBSP;SBBU;279,00;448
2005;8;PTN;SBBU;SBSP;299,00;413
2005;8;PTN;SBAU;SBSP;789,00;25
2005;8;PTN;SBSP;SBAU;449,00;472
2005;8;PTN;SBSP;SBML;549,00;127
2005;8;PTN;SBML;SBSP;579,00;111
2005;8;PTN;SBAU;SBSP;289,00;208
2005;8;PTN;SBAU;SBSP;239,00;162
2005;8;PTN;SBBU;SBSP;349,00;339
2005;8;PTN;SBSP;SBAU;139,00;204
2005;8;PTN;SBSP;SBAU;289,00;203
2005;8;PTN;SBSP;SBBU;299,00;416
2005;8;PTN;SBML;SBSP;419,00;148
2005;8;PTN;SBSP;SBML;579,00;132
2005;8;PTN;SBML;SBSP;649,00;56
2005;8;PTN;SBSP;SBBU;349,00;321
2005;8;PTN;SBAU;SBSP;709,00;2
2005;8;PTN;SBBU;SBSP;279,00;477
2005;8;PTN;SBBU;SBSP;549,00;181
2005;8;PTN;SBSP;SBML;419,00;153
2005;8;PTN;SBML;SBSP;339,00;252
2005;8;PTN;SBSP;SBAU;239,00;166
2005;8;PTN;SBSP;SBAU;479,00;72
2005;8;PTN;SBSP;SBBU;519,00;191
2005;8;PTN;SBSP;SBML;339,00;256
2005;8;PTN;SBSP;SBAU;529,00;16
2005;8;PTN;SBSP;SBML;649,00;57
2005;8;PTN;SBSP;SBBU;589,00;168
2005;8;PTN;SBSP;SBAU;709,00;2
2005;8;TAM;SBBR;SBEG;1008,00;14
2005;8;TAM;SBEG;SBBR;1163,00;7
2005;8;TAM;SBSP;SBPS;701,00;10
2005;8;TAM;SBGR;SBFZ;1814,00;41
2005;8;TAM;SBSV;SBSP;1249,00;96
2005;8;TAM;SBCG;SBSP;763,00;147
2005;8;TAM;SBGR;SBFZ;1179,00;5
2005;8;TAM;SBCT;SBPA;453,00;73
2005;8;TAM;SBGR;SBSV;900,00;43
2005;8;TAM;SBGL;SBFZ;933,00;23
2005;8;TAM;SBGO;SBSP;812,00;113
2005;8;TAM;SBBE;SBBR;1282,00;15
2005;8;TAM;SBSP;SBFL;476,00;86
2005;8;TAM;SBCT;SBPA;755,00;48
2005;8;TAM;SBBR;SBSP;1108,00;219
2005;8;TAM;SBGR;SBGL;383,00;20
2005;8;TAM;SBPA;SBBR;1373,00;29
2005;8;TAM;SBSP;SBNF;595,00;2
2005;8;TAM;SBLO;SBSP;517,00;150
2005;8;TAM;SBBR;SBGL;885,00;43
2005;8;TAM;SBSP;SBFL;550,00;45
2005;8;TAM;SBSP;SBLO;517,00;106
2005;8;TAM;SBGR;SBBR;836,00;15
2005;8;TAM;SBBR;SBKP;912,00;5
2005;8;TAM;SBSP;SBCY;860,00;183
2005;8;TAM;SBUL;SBSP;505,00;10
2005;8;TAM;SBCT;SBGR;341,00;86
2005;8;TAM;SBSR;SBSP;839,00;1
2005;8;TAM;SBSP;SBSV;900,00;179
2005;8;TAM;SBPA;SBSP;641,00;255
2005;8;TAM;SBGL;SBCT;769,00;2
2005;8;TAM;SBKP;SBBR;624,00;23
2005;8;TAM;SBBR;SBSV;1121,00;114
2005;8;TAM;SBBR;SBRF;829,00;81
2005;8;TAM;SBBR;SBEG;928,00;46
2005;8;TAM;SBSV;SBGR;900,00;59
2005;8;TAM;SBBR;SBEG;1343,00;7
2005;8;TAM;SBMQ;SBBE;328,00;17
2005;8;TAM;SBBR;SBCY;649,00;47
2005;8;TAM;SBCY;SBSP;1492,00;15
2005;8;TAM;SBPS;SBSP;1180,00;9
2005;8;TAM;SBRP;SBSP;430,00;182
2005;8;TAM;SBGL;SBPA;1183,00;4
2005;8;TAM;SBGL;SBGR;530,00;1
2005;8;TAM;SBCT;SBBR;817,00;90
2005;8;TAM;SBFL;SBSP;637,00;43
2005;8;TAM;SBGO;SBSP;547,00;14
2005;8;TAM;SBBR;SBPA;1373,00;6
2005;8;TAM;SBBR;SBRF;1327,00;20
2005;8;TAM;SBNF;SBSP;760,00;10
2005;8;TAM;SBGO;SBBR;295,00;15
2005;8;TAM;SBCT;SBBH;728,00;19
2005;8;TAM;SBGR;SBBR;767,00;6
2005;8;TAM;SBBE;SBMQ;410,00;48
2005;8;TAM;SBUL;SBSP;639,00;54
2005;8;TAM;SBPA;SBFL;918,00;2
2005;8;TAM;SBSP;SBSV;1298,00;12
2005;8;TAM;SBBR;SBGR;906,00;6
2005;8;TAM;SBGR;SBFL;733,00;4
2005;8;TAM;SBKP;SBCT;433,00;15
2005;8;TAM;SBCF;SBGR;549,00;10
2005;8;TAM;SBJV;SBSP;723,00;35
2005;8;TAM;SBCT;SBFL;302,00;7
2005;8;TAM;SBGR;SBFZ;1552,00;4
2005;8;TAM;SBBR;SBBE;1282,00;4
2005;8;TAM;SBVT;SBSP;670,00;276
2005;8;TAM;SBBH;SBVT;376,00;4
2005;8;TAM;SBGL;SBGR;425,00;6
2005;8;TAM;SBGR;SBCT;588,00;39
2005;8;TAM;SBBE;SBBR;897,00;98
2005;8;TAM;SBPS;SBSP;816,00;37
2005;8;TAM;SBSP;SBRP;534,00;23
2005;8;TAM;SBCY;SBBR;649,00;36
2005;8;TAM;SBGL;SBSV;1181,00;24
2005;8;TAM;SBSP;SBBR;767,00;245
2005;8;TAM;SBBR;SBGR;975,00;12
2005;8;TAM;SBSP;SBPS;943,00;3
2005;8;TAM;SBBR;SBKP;780,00;5
2005;8;TAM;SBSP;SBVT;1014,00;39
2005;8;TAM;SBSP;SBLO;420,00;2018
2005;8;TAM;SBPA;SBGR;788,00;4
2005;8;TAM;SBGR;SBGL;425,00;5
2005;8;TAM;SBPA;SBGR;592,00;44
2005;8;TAM;SBSP;SBCT;547,00;63
2005;8;TAM;SBMQ;SBBE;356,00;21
2005;8;TAM;SBGL;SBRF;1169,00;6
2005;8;TAM;SBFZ;SBBR;912,00;28
2005;8;TAM;SBFZ;SBGR;1361,00;4
2005;8;TAM;SBSP;SBML;441,00;10
2005;8;TAM;SBVT;SBBH;376,00;4
2005;8;TAM;SBGR;SBRF;1680,00;65
2005;8;TAM;SBCT;SBKP;433,00;37
2005;8;TAM;SBPA;SBSP;871,00;108
2005;8;TAM;SBRJ;SBSP;462,00;144
2005;8;TAM;SBSV;SBBR;913,00;89
2005;8;TAM;SBBR;SBEG;1163,00;3
2005;8;TAM;SBGR;SBBR;698,00;11
2005;8;TAM;SBSP;SBFL;685,00;7
2005;8;TAM;SBMQ;SBBE;547,00;23
2005;8;TAM;SBSP;SBRP;395,00;83
2005;8;TAM;SBFZ;SBGR;1814,00;31
2005;8;TAM;SBSP;SBPA;711,00;169
2005;8;TAM;SBSP;SBRJ;425,00;8630
2005;8;TAM;SBGL;SBPA;748,00;4
2005;8;TAM;SBSV;SBGR;1039,00;144
2005;8;TAM;SBBR;SBCT;817,00;77
2005;8;TAM;SBBR;SBFZ;1247,00;6
2005;8;TAM;SBCY;SBSP;1340,00;24
2005;8;TAM;SBGL;SBCT;651,00;6
2005;8;TAM;SBKP;SBCT;547,00;3
2005;8;TAM;SBKP;SBBR;1040,00;6
2005;8;TAM;SBPA;SBGL;630,00;22
2005;8;TAM;SBBR;SBCY;1000,00;34
2005;8;TAM;SBGL;SBGR;383,00;3
2005;8;TAM;SBSP;SBUL;744,00;7
2005;8;TAM;SBCT;SBGR;311,00;125
2005;8;TAM;SBCY;SBSP;1076,00;50
2005;8;TAM;SBFI;SBGR;589,00;13
2005;8;TAM;SBBR;SBSV;750,00;59
2005;8;TAM;SBSP;SBRP;499,00;31
2005;8;TAM;SBGL;SBGR;462,00;10
2005;8;TAM;SBPA;SBFL;1059,00;2
2005;8;TAM;SBFL;SBGR;476,00;2
2005;8;TAM;SBSP;SBGL;462,00;3
2005;8;TAM;SBGL;SBSP;552,00;7
2005;8;TAM;SBLO;SBSP;662,00;62
2005;8;TAM;SBSP;SBSV;1445,00;152
2005;8;TAM;SBFZ;SBGR;1179,00;14
2005;8;TAM;SBCG;SBSP;611,00;343
2005;8;TAM;SBRF;SBGL;1023,00;8
2005;8;TAM;SBSP;SBNF;760,00;16
2005;8;TAM;SBBR;SBKP;624,00;19
2005;8;TAM;SBSP;SBCG;611,00;172
2005;8;TAM;SBCT;SBFL;397,00;1
2005;8;TAM;SBPA;SBFL;1105,00;6
2005;8;TAM;SBPS;SBSP;701,00;9
2005;8;TAM;SBGO;SBBR;363,00;9
2005;8;TAM;SBGL;SBCT;575,00;12
2005;8;TAM;SBBH;SBVT;548,00;2
2005;8;TAM;SBKP;SBBR;912,00;1
2005;8;TAM;SBRP;SBSP;534,00;94
2005;8;TAM;SBGR;SBCT;341,00;96
2005;8;TAM;SBSP;SBBH;440,00;483
2005;8;TAM;SBSV;SBGL;780,00;57
2005;8;TAM;SBSP;SBVT;728,00;46
2005;8;TAM;SBCY;SBSP;860,00;132
2005;8;TAM;SBGL;SBFZ;1025,00;12
2005;8;TAM;SBBR;SBFZ;839,00;51
2005;8;TAM;SBML;SBSP;441,00;14
2005;8;TAM;SBBE;SBBR;827,00;173
2005;8;TAM;SBRJ;SBSP;345,00;12
2005;8;TAM;SBPA;SBGL;748,00;10
2005;8;TAM;SBSP;SBJV;538,00;11
2005;8;TAM;SBGL;SBBR;818,00;145
2005;8;TAM;SBFL;SBCT;397,00;2
2005;8;TAM;SBGL;SBSP;383,00;36
2005;8;TAM;SBGL;SBSV;612,00;91
2005;8;TAM;SBBR;SBSV;913,00;56
2005;8;TAM;SBSP;SBCT;458,00;145
2005;8;TAM;SBGL;SBSV;780,00;29
2005;8;TAM;SBGR;SBSV;1039,00;67
2005;8;TAM;SBVT;SBSP;844,00;65
2005;8;TAM;SBBR;SBSP;836,00;60
2005;8;TAM;SBSV;SBSP;1445,00;219
2005;8;TAM;SBGL;SBPA;916,00;5
2005;8;TAM;SBBR;SBBE;1374,00;46
2005;8;TAM;SBCT;SBKP;547,00;7
2005;8;TAM;SBGO;SBSP;697,00;1
2005;8;TAM;SBSP;SBCG;884,00;7
2005;8;TAM;SBEG;SBBR;1008,00;9
2005;8;TAM;SBRF;SBGR;1049,00;112
2005;8;TAM;SBBR;SBGO;333,00;25
2005;8;TAM;SBSP;SBGO;677,00;25
2005;8;TAM;SBSP;SBRP;430,00;65
2005;8;TAM;SBBR;SBSV;662,00;101
2005;8;TAM;SBSP;SBVT;613,00;238
2005;8;TAM;SBEG;SBGR;1207,00;34
2005;8;TAM;SBRF;SBGR;1346,00;40
2005;8;TAM;SBRP;SBSP;159,00;19
2005;8;TAM;SBFL;SBCT;450,00;2
2005;8;TAM;SBBR;SBGL;752,00;116
2005;8;TAM;SBBH;SBVT;627,00;6
2005;8;TAM;SBCY;SBBR;1000,00;20
2005;8;TAM;SBBR;SBCY;871,00;4
2005;8;TAM;SBPA;SBSP;788,00;207
2005;8;TAM;SBUL;SBSP;691,00;10
2005;8;TAM;SBCT;SBGR;588,00;25
2005;8;TAM;SBRF;SBGR;1568,00;14
2005;8;TAM;SBBR;SBCT;1048,00;14
2005;8;TAM;SBCT;SBKP;395,00;173
2005;8;TAM;SBBR;SBEG;1551,00;17
2005;8;TAM;SBFI;SBGR;726,00;2
2005;8;TAM;SBPA;SBCT;566,00;7
2005;8;TAM;SBGR;SBGL;552,00;34
2005;8;TAM;SBSV;SBSP;900,00;232
2005;8;TAM;SBRF;SBBR;929,00;66
2005;8;TAM;SBBE;SBMQ;356,00;84
2005;8;TAM;SBSP;SBJV;471,00;15
2005;8;TAM;SBBE;SBEG;852,00;8
2005;8;TAM;SBRF;SBGR;1680,00;130
2005;8;TAM;SBSV;SBBR;750,00;34
2005;8;TAM;SBRF;SBGR;1137,00;103
2005;8;TAM;SBGL;SBRF;1023,00;28
2005;8;TAM;SBEG;SBGR;2012,00;14
2005;8;TAM;SBFZ;SBBR;839,00;100
2005;8;TAM;SBGR;SBFI;589,00;22
2005;8;TAM;SBML;SBSP;576,00;9
2005;8;TAM;SBSP;SBGL;425,00;5
2005;8;TAM;SBEG;SBGR;1510,00;4
2005;8;TAM;SBCT;SBSP;620,00;131
2005;8;TAM;SBGR;SBGL;462,00;10
2005;8;TAM;SBFL;SBPA;1412,00;6
2005;8;TAM;SBPA;SBGR;986,00;5
2005;8;TAM;SBSP;SBRJ;289,00;1738
2005;8;TAM;SBSP;SBGO;547,00;14
2005;8;TAM;SBCF;SBGL;558,00;14
2005;8;TAM;SBBR;SBFZ;1347,00;2
2005;8;TAM;SBRF;SBGL;737,00;84
2005;8;TAM;SBBR;SBSV;1054,00;24
2005;8;TAM;SBFL;SBGR;550,00;2
2005;8;TAM;SBGL;SBSV;1055,00;1
2005;8;TAM;SBGR;SBFZ;1088,00;13
2005;8;TAM;SBGR;SBRF;1137,00;30
2005;8;TAM;SBPA;SBSP;592,00;491
2005;8;TAM;SBSV;SBGR;1249,00;32
2005;8;TAM;SBGO;SBBR;256,00;49
2005;8;TAM;SBCY;SBBR;936,00;8
2005;8;TAM;SBBR;SBSP;655,00;1050
2005;8;TAM;SBSP;SBBR;698,00;447
2005;8;TAM;SBPA;SBSP;1036,00;190
2005;8;TAM;SBGR;SBFI;726,00;8
2005;8;TAM;SBCT;SBBR;1048,00;12
2005;8;TAM;SBSP;SBJV;334,00;194
2005;8;TAM;SBSV;SBGL;612,00;117
2005;8;TAM;SBML;SBSP;668,00;1
2005;8;TAM;SBCT;SBGR;547,00;6
2005;8;TAM;SBMQ;SBBE;475,00;7
2005;8;TAM;SBGR;SBSV;1249,00;23
2005;8;TAM;SBCG;SBSP;1111,00;67
2005;8;TAM;SBCT;SBPA;491,00;34
2005;8;TAM;SBCY;SBSP;932,00;112
2005;8;TAM;SBGL;SBFZ;1150,00;22
2005;8;TAM;SBUL;SBSP;586,00;62
2005;8;TAM;SBSP;SBFL;440,00;178
2005;8;TAM;SBRJ;SBSP;425,00;10030
2005;8;TAM;SBSP;SBBR;836,00;97
2005;8;TAM;SBGL;SBSV;667,00;36
2005;8;TAM;SBCT;SBPA;658,00;12
2005;8;TAM;SBGO;SBSP;677,00;33
2005;8;TAM;SBBH;SBSP;649,00;424
2005;8;TAM;SBGL;SBBR;1017,00;108
2005;8;TAM;SBLO;SBSP;566,00;172
2005;8;TAM;SBPA;SBGR;711,00;13
2005;8;TAM;SBCT;SBKP;509,00;19
2005;8;TAM;SBBH;SBSP;476,00;439
2005;8;TAM;SBGL;SBRF;737,00;50
2005;8;TAM;SBKP;SBBR;676,00;10
2005;8;TAM;SBBR;SBGL;818,00;149
2005;8;TAM;SBGR;SBEG;1510,00;8
2005;8;TAM;SBRJ;SBSP;289,00;1459
2005;8;TAM;SBBE;SBEG;772,00;10
2005;8;TAM;SBBR;SBCY;750,00;33
2005;8;TAM;SBSP;SBBR;655,00;1275
2005;8;TAM;SBFI;SBGR;854,00;3
2005;8;TAM;SBSP;SBRJ;462,00;130
2005;8;TAM;SBSP;SBRJ;345,00;33
2005;8;TAM;SBBE;SBEG;1249,00;22
2005;8;TAM;SBGR;SBBR;906,00;6
2005;8;TAM;SBSP;SBUL;566,00;2
2005;8;TAM;SBBR;SBGL;951,00;5
2005;8;TAM;SBGL;SBFZ;1819,00;12
2005;8;TAM;SBBE;SBMQ;328,00;126
2005;8;TAM;SBEG;SBBR;1343,00;6
2005;8;TAM;SBSP;SBVT;844,00;16
2005;8;TAM;SBPA;SBBR;1065,00;39
2005;8;TAM;SBLO;SBSP;420,00;1508
2005;8;TAM;SBSP;SBGO;570,00;185
2005;8;TAM;SBCT;SBBH;848,00;14
2005;8;TAM;SBUL;SBSP;566,00;5
2005;8;TAM;SBCT;SBSP;547,00;71
2005;8;TAM;SBGR;SBFI;982,00;17
2005;8;TAM;SBGR;SBSV;1388,00;33
2005;8;TAM;SBBH;SBCT;631,00;24
2005;8;TAM;SBBR;SBFZ;912,00;27
2005;8;TAM;SBBR;SBGL;1017,00;119
2005;8;TAM;SBBR;SBRF;1228,00;48
2005;8;TAM;SBSP;SBRJ;530,00;38
2005;8;TAM;SBFL;SBPA;918,00;2
2005;8;TAM;SBGL;SBCF;558,00;22
2005;8;TAM;SBSR;SBSP;411,00;2
2005;8;TAM;SBEG;SBBE;1249,00;32
2005;8;TAM;SBSP;SBPA;871,00;17
2005;8;TAM;SBSP;SBBR;906,00;29
2005;8;TAM;SBGL;SBBR;885,00;84
2005;8;TAM;SBBR;SBGO;256,00;53
2005;8;TAM;SBCF;SBGR;476,00;66
2005;8;TAM;SBSP;SBRP;625,00;64
2005;8;TAM;SBSP;SBPS;601,00;22
2005;8;TAM;SBGR;SBBR;655,00;25
2005;8;TAM;SBCF;SBGL;318,00;517
2005;8;TAM;SBBH;SBCT;848,00;16
2005;8;TAM;SBVT;SBSP;1014,00;116
2005;8;TAM;SBEG;SBBR;928,00;39
2005;8;TAM;SBCT;SBFL;328,00;7
2005;8;TAM;SBGL;SBGR;552,00;23
2005;8;TAM;SBSP;SBPA;641,00;182
2005;8;TAM;SBLO;SBSP;781,00;116
2005;8;TAM;SBGR;SBGL;403,00;4
2005;8;TAM;SBBR;SBCY;600,00;192
2005;8;TAM;SBBR;SBBE;1033,00;76
2005;8;TAM;SBBE;SBBR;1186,00;79
2005;8;TAM;SBKP;SBCT;395,00;137
2005;8;TAM;SBGR;SBPA;641,00;15
2005;8;TAM;SBML;SBSP;486,00;3
2005;8;TAM;SBBR;SBGO;391,00;307
2005;8;TAM;SBSP;SBCG;1111,00;19
2005;8;TAM;SBSR;SBSP;450,00;1
2005;8;TAM;SBCT;SBGL;575,00;7
2005;8;TAM;SBSP;SBCT;341,00;332
2005;8;TAM;SBGR;SBCF;732,00;32
2005;8;TAM;SBCF;SBGL;378,00;64
2005;8;TAM;SBSP;SBCY;1076,00;36
2005;8;TAM;SBCT;SBGL;531,00;42
2005;8;TAM;SBCY;SBBR;750,00;12
2005;8;TAM;SBPA;SBBR;1476,00;61
2005;8;TAM;SBNF;SBSP;406,00;53
2005;8;TAM;SBBH;SBCT;971,00;16
2005;8;TAM;SBSP;SBGO;617,00;90
2005;8;TAM;SBVT;SBSP;613,00;222
2005;8;TAM;SBSV;SBSP;827,00;423
2005;8;TAM;SBSP;SBVT;670,00;75
2005;8;TAM;SBCF;SBGR;649,00;15
2005;8;TAM;SBBR;SBFZ;768,00;101
2005;8;TAM;SBSP;SBSV;1039,00;414
2005;8;TAM;SBBR;SBCT;1125,00;9
2005;8;TAM;SBGR;SBFL;476,00;4
2005;8;TAM;SBBR;SBBE;827,00;279
2005;8;TAM;SBSP;SBGO;697,00;1
2005;8;TAM;SBSP;SBPA;592,00;405
2005;8;TAM;SBSP;SBCT;311,00;795
2005;8;TAM;SBRJ;SBSP;344,00;6370
2005;8;TAM;SBSP;SBRJ;552,00;1464
2005;8;TAM;SBPA;SBGR;641,00;14
2005;8;TAM;SBGL;SBCF;468,00;84
2005;8;TAM;SBBR;SBGO;295,00;31
2005;8;TAM;SBJV;SBSP;471,00;50
2005;8;TAM;SBRJ;SBSP;403,00;214
2005;8;TAM;SBSV;SBGL;915,00;17
2005;8;TAM;SBSP;SBRJ;403,00;488
2005;8;TAM;SBBH;SBVT;470,00;4
2005;8;TAM;SBSP;SBCT;370,00;221
2005;8;TAM;SBFZ;SBGR;1088,00;77
2005;8;TAM;SBGL;SBFZ;1408,00;6
2005;8;TAM;SBRF;SBGL;882,00;14
2005;8;TAM;SBFL;SBSP;476,00;102
2005;8;TAM;SBFZ;SBGL;933,00;114
2005;8;TAM;SBPA;SBGL;1057,00;1
2005;8;TAM;SBSP;SBUL;875,00;67
2005;8;TAM;SBUL;SBSP;444,00;164
2005;8;TAM;SBGL;SBPA;669,00;8
2005;8;TAM;SBVT;SBSP;728,00;127
2005;8;TAM;SBSP;SBCY;1492,00;20
2005;8;TAM;SBSP;SBNF;406,00;82
2005;8;TAM;SBKP;SBBR;780,00;2
2005;8;TAM;SBRF;SBGL;1533,00;19
2005;8;TAM;SBBE;SBEG;1011,00;10
2005;8;TAM;SBFZ;SBBR;768,00;95
2005;8;TAM;SBSP;SBML;486,00;2
2005;8;TAM;SBSP;SBUL;586,00;38
2005;8;TAM;SBSP;SBCG;763,00;52
2005;8;TAM;SBGL;SBSV;915,00;15
2005;8;TAM;SBGR;SBFI;638,00;5
2005;8;TAM;SBBR;SBEG;1447,00;3
2005;8;TAM;SBCT;SBKP;471,00;11
2005;8;TAM;SBSP;SBRP;361,00;148
2005;8;TAM;SBGO;SBSP;617,00;103
2005;8;TAM;SBGR;SBRF;1458,00;12
2005;8;TAM;SBSP;SBJV;723,00;19
2005;8;TAM;SBBR;SBRF;1424,00;97
2005;8;TAM;SBSP;SBPS;1180,00;1
2005;8;TAM;SBPA;SBCT;706,00;3
2005;8;TAM;SBGL;SBCT;531,00;51
2005;8;TAM;SBSV;SBGR;827,00;149
2005;8;TAM;SBML;SBSP;396,00;494
2005;8;TAM;SBSP;SBPA;1036,00;95
2005;8;TAM;SBFL;SBPA;847,00;5
2005;8;TAM;SBFZ;SBBR;1247,00;16
2005;8;TAM;SBSP;SBPA;788,00;79
2005;8;TAM;SBSP;SBGO;812,00;9
2005;8;TAM;SBCF;SBGL;348,00;126
2005;8;TAM;SBKP;SBBR;976,00;1
2005;8;TAM;SBBH;SBSP;440,00;614
2005;8;TAM;SBGL;SBCT;886,00;34
2005;8;TAM;SBRP;SBSP;239,00;2
2005;8;TAM;SBFZ;SBGL;1150,00;16
2005;8;TAM;SBCF;SBGL;600,00;87
2005;8;TAM;SBCT;SBBR;895,00;41
2005;8;TAM;SBGR;SBCT;311,00;160
2005;8;TAM;SBRP;SBSP;395,00;203
2005;8;TAM;SBPA;SBBR;962,00;77
2005;8;TAM;SBSP;SBGL;403,00;24
2005;8;TAM;SBGO;SBSP;1045,00;50
2005;8;TAM;SBMQ;SBBE;510,00;2
2005;8;TAM;SBGL;SBRF;882,00;14
2005;8;TAM;SBCF;SBGR;732,00;36
2005;8;TAM;SBRF;SBBR;1228,00;19
2005;8;TAM;SBCF;SBGR;440,00;83
2005;8;TAM;SBUL;SBSP;705,00;9
2005;8;TAM;SBGO;SBSP;881,00;2
2005;8;TAM;SBSP;SBML;668,00;1
2005;8;TAM;SBSP;SBGO;881,00;6
2005;8;TAM;SBSP;SBSV;827,00;302
2005;8;TAM;SBSP;SBGL;552,00;12
2005;8;TAM;SBSP;SBML;576,00;1
2005;8;TAM;SBGR;SBPA;871,00;5
2005;8;TAM;SBSP;SBGL;383,00;93
2005;8;TAM;SBBR;SBGL;685,00;243
2005;8;TAM;SBFL;SBCT;328,00;2
2005;8;TAM;SBGR;SBBR;975,00;27
2005;8;TAM;SBSP;SBFL;807,00;30
2005;8;TAM;SBNF;SBSP;595,00;1
2005;8;TAM;SBFZ;SBGL;1025,00;19
2005;8;TAM;SBSP;SBJV;582,00;9
2005;8;TAM;SBBR;SBSP;698,00;265
2005;8;TAM;SBGR;SBPA;986,00;12
2005;8;TAM;SBGR;SBCT;370,00;49
2005;8;TAM;SBSV;SBGR;1298,00;9
2005;8;TAM;SBBR;SBSP;767,00;133
2005;8;TAM;SBNF;SBSP;448,00;8
2005;8;TAM;SBSV;SBSP;1298,00;50
2005;8;TAM;SBSP;SBGO;1045,00;42
2005;8;TAM;SBGR;SBCF;649,00;7
2005;8;TAM;SBCF;SBGL;468,00;93
2005;8;TAM;SBUL;SBSP;535,00;76
2005;8;TAM;SBBR;SBPA;1065,00;37
2005;8;TAM;SBGL;SBBR;685,00;134
2005;8;TAM;SBRF;SBBR;1327,00;18
2005;8;TAM;SBCY;SBSP;1245,00;45
2005;8;TAM;SBGR;SBRF;1568,00;5
2005;8;TAM;SBGL;SBCF;318,00;707
2005;8;TAM;SBMQ;SBBE;410,00;2
2005;8;TAM;SBGR;SBPA;711,00;10
2005;8;TAM;SBCT;SBBR;1125,00;22
2005;8;TAM;SBBR;SBCT;1203,00;23
2005;8;TAM;SBLO;SBSP;613,00;102
2005;8;TAM;SBGR;SBEG;1207,00;30
2005;8;TAM;SBSV;SBSP;1039,00;594
2005;8;TAM;SBSP;SBML;396,00;502
2005;8;TAM;SBSP;SBCT;620,00;120
2005;8;TAM;SBGR;SBSV;1298,00;6
2005;8;TAM;SBBR;SBKP;676,00;7
2005;8;TAM;SBCT;SBGL;886,00;25
2005;8;TAM;SBEG;SBGR;1753,00;10
2005;8;TAM;SBBH;SBSP;823,00;329
2005;8;TAM;SBGR;SBCF;476,00;42
2005;8;TAM;SBBR;SBKP;1040,00;9
2005;8;TAM;SBCT;SBPA;706,00;8
2005;8;TAM;SBRF;SBBR;1071,00;16
2005;8;TAM;SBFL;SBSP;550,00;72
2005;8;TAM;SBUL;SBSP;627,00;1
2005;8;TAM;SBSV;SBBR;1054,00;16
2005;8;TAM;SBSP;SBCY;932,00;52
2005;8;TAM;SBEG;SBGR;1883,00;6
2005;8;TAM;SBFL;SBSP;440,00;156
2005;8;TAM;SBCT;SBBH;583,00;16
2005;8;TAM;SBEG;SBBE;1170,00;10
2005;8;TAM;SBCT;SBSP;370,00;195
2005;8;TAM;SBSP;SBNF;448,00;54
2005;8;TAM;SBGR;SBCT;458,00;26
2005;8;TAM;SBSV;SBGL;667,00;87
2005;8;TAM;SBSP;SBBH;549,00;222
2005;8;TAM;SBKP;SBCT;471,00;5
2005;8;TAM;SBBH;SBVT;408,00;4
2005;8;TAM;SBRP;SBSP;332,00;2
2005;8;TAM;SBBH;SBCT;583,00;38
2005;8;TAM;SBGL;SBFZ;1625,00;1
2005;8;TAM;SBGL;SBCF;378,00;146
2005;8;TAM;SBGR;SBEG;1753,00;4
2005;8;TAM;SBBE;SBEG;1170,00;2
2005;8;TAM;SBSP;SBUL;627,00;2
2005;8;TAM;SBBR;SBPA;962,00;77
2005;8;TAM;SBSP;SBNF;518,00;1
2005;8;TAM;SBRP;SBSP;625,00;93
2005;8;TAM;SBBE;SBMQ;547,00;52
2005;8;TAM;SBCT;SBBR;971,00;29
2005;8;TAM;SBSP;SBCY;1340,00;10
2005;8;TAM;SBPS;SBSP;1060,00;1
2005;8;TAM;SBGL;SBCF;348,00;200
2005;8;TAM;SBGR;SBPA;592,00;41
2005;8;TAM;SBFL;SBGR;440,00;15
2005;8;TAM;SBPA;SBSP;711,00;184
2005;8;TAM;SBPA;SBGL;669,00;7
2005;8;TAM;SBPA;SBFL;847,00;2
2005;8;TAM;SBUL;SBSP;871,00;1
2005;8;TAM;SBCT;SBBR;1203,00;17
2005;8;TAM;SBEG;SBBE;772,00;15
2005;8;TAM;SBBR;SBCT;895,00;38
2005;8;TAM;SBFL;SBSP;685,00;10
2005;8;TAM;SBBR;SBGR;655,00;70
2005;8;TAM;SBBR;SBPA;1167,00;15
2005;8;TAM;SBGL;SBPA;630,00;52
2005;8;TAM;SBRF;SBBR;829,00;118
2005;8;TAM;SBPA;SBCT;453,00;41
2005;8;TAM;SBBH;SBSP;549,00;552
2005;8;TAM;SBSV;SBBR;1121,00;113
2005;8;TAM;SBGR;SBPA;788,00;2
2005;8;TAM;SBCG;SBSP;977,00;18
2005;8;TAM;SBSP;SBUL;444,00;197
2005;8;TAM;SBBR;SBRF;929,00;61
2005;8;TAM;SBGO;SBBR;391,00;57
2005;8;TAM;SBSP;SBSV;1249,00;78
2005;8;TAM;SBSP;SBUL;691,00;14
2005;8;TAM;SBBH;SBSP;711,00;441
2005;8;TAM;SBFZ;SBGL;1408,00;2
2005;8;TAM;SBBR;SBGR;767,00;27
2005;8;TAM;SBCT;SBSP;458,00;134
2005;8;TAM;SBGL;SBSP;403,00;26
2005;8;TAM;SBRJ;SBSP;552,00;1428
2005;8;TAM;SBGR;SBCF;440,00;51
2005;8;TAM;SBUL;SBSP;875,00;77
2005;8;TAM;SBFL;SBSP;807,00;28
2005;8;TAM;SBBR;SBBE;1186,00;47
2005;8;TAM;SBFL;SBCT;302,00;9
2005;8;TAM;SBRF;SBBR;1424,00;94
2005;8;TAM;SBCT;SBSP;341,00;306
2005;8;TAM;SBGR;SBRF;1049,00;103
2005;8;TAM;SBGL;SBGR;403,00;1
2005;8;TAM;SBSP;SBCG;977,00;2
2005;8;TAM;SBSP;SBPS;816,00;10
2005;8;TAM;SBCT;SBBH;631,00;36
2005;8;TAM;SBPA;SBCT;755,00;12
2005;8;TAM;SBSP;SBUL;535,00;137
2005;8;TAM;SBGR;SBEG;1883,00;11
2005;8;TAM;SBSP;SBUL;639,00;15
2005;8;TAM;SBSP;SBJV;408,00;33
2005;8;TAM;SBSP;SBRP;239,00;4
2005;8;TAM;SBFL;SBCT;504,00;7
2005;8;TAM;SBSP;SBCG;661,00;102
2005;8;TAM;SBSP;SBBH;823,00;76
2005;8;TAM;SBSV;SBGR;1388,00;70
2005;8;TAM;SBSP;SBLO;662,00;1
2005;8;TAM;SBSV;SBBR;662,00;91
2005;8;TAM;SBSP;SBBH;711,00;47
2005;8;TAM;SBBR;SBSV;605,00;152
2005;8;TAM;SBCT;SBGR;458,00;12
2005;8;TAM;SBGO;SBBR;333,00;11
2005;8;TAM;SBGO;SBSP;570,00;253
2005;8;TAM;SBSP;SBCY;1245,00;21
2005;8;TAM;SBBR;SBGR;698,00;56
2005;8;TAM;SBBR;SBGR;836,00;16
2005;8;TAM;SBJV;SBSP;582,00;22
2005;8;TAM;SBPA;SBCT;658,00;6
2005;8;TAM;SBUL;SBSP;744,00;12
2005;8;TAM;SBPS;SBSP;601,00;26
2005;8;TAM;SBGR;SBCF;549,00;3
2005;8;TAM;SBGR;SBFL;637,00;2
2005;8;TAM;SBBE;SBMQ;475,00;33
2005;8;TAM;SBSP;SBUL;505,00;5
2005;8;TAM;SBCG;SBSP;661,00;200
2005;8;TAM;SBJV;SBSP;334,00;212
2005;8;TAM;SBGR;SBCT;547,00;4
2005;8;TAM;SBBR;SBBE;897,00;124
2005;8;TAM;SBBR;SBGO;363,00;30
2005;8;TAM;SBSP;SBLO;781,00;74
2005;8;TAM;SBBR;SBFZ;1448,00;28
2005;8;TAM;SBRP;SBSP;499,00;97
2005;8;TAM;SBBR;SBPA;1270,00;7
2005;8;TAM;SBEG;SBGR;1308,00;10
2005;8;TAM;SBCY;SBBR;871,00;10
2005;8;TAM;SBBH;SBCT;910,00;6
2005;8;TAM;SBEG;SBBE;852,00;5
2005;8;TAM;SBRJ;SBSP;530,00;10
2005;8;TAM;SBSP;SBBR;1108,00;252
2005;8;TAM;SBJV;SBSP;408,00;68
2005;8;TAM;SBFI;SBGR;982,00;16
2005;8;TAM;SBPA;SBGL;1183,00;15
2005;8;TAM;SBSP;SBBH;476,00;465
2005;8;TAM;SBPA;SBBR;1167,00;29
2005;8;TAM;SBCG;SBSP;884,00;92
2005;8;TAM;SBBE;SBEG;693,00;39
2005;8;TAM;SBCT;SBFL;504,00;3
2005;8;TAM;SBFI;SBGR;638,00;8
2005;8;TAM;SBBR;SBPA;1476,00;64
2005;8;TAM;SBSV;SBBR;605,00;203
2005;8;TAM;SBGL;SBBR;951,00;40
2005;8;TAM;SBGR;SBFI;854,00;9
2005;8;TAM;SBSP;SBLO;613,00;6
2005;8;TAM;SBRP;SBSP;361,00;225
2005;8;TAM;SBBH;SBCT;728,00;32
2005;8;TAM;SBBR;SBKP;976,00;2
2005;8;TAM;SBGL;SBBR;752,00;60
2005;8;TAM;SBEG;SBBE;1011,00;7
2005;8;TAM;SBSP;SBBH;649,00;161
2005;8;TAM;SBFZ;SBGR;1552,00;6
2005;8;TAM;SBFZ;SBBR;1347,00;19
2005;8;TAM;SBRF;SBGL;1169,00;11
2005;8;TAM;SBPA;SBBR;1270,00;49
2005;8;TAM;SBPS;SBSP;943,00;19
2005;8;TAM;SBEG;SBBR;1551,00;18
2005;8;TAM;SBGR;SBFL;440,00;22
2005;8;TAM;SBBE;SBBR;1033,00;79
2005;8;TAM;SBCT;SBKP;585,00;26
2005;8;TAM;SBFZ;SBGL;1819,00;22
2005;8;TAM;SBCT;SBGR;370,00;47
2005;8;TAM;SBSP;SBLO;566,00;18
2005;8;TAM;SBKP;SBCT;509,00;8
2005;8;TAM;SBGR;SBSV;827,00;53
2005;8;TAM;SBGR;SBEG;2012,00;9
2005;8;TAM;SBGL;SBCF;600,00;100
2005;8;TAM;SBBR;SBRF;1071,00;63
2005;8;TAM;SBGR;SBEG;1308,00;6
2005;8;TAM;SBCT;SBBH;971,00;8
2005;8;TAM;SBGL;SBRF;1533,00;17
2005;8;TAM;SBEG;SBBR;1447,00;8
2005;8;TAM;SBGR;SBRF;1346,00;35
2005;8;TAM;SBSV;SBGL;1181,00;40
2005;8;TAM;SBSP;SBRJ;344,00;6110
2005;8;TAM;SBGL;SBSP;425,00;18
2005;8;TAM;SBBR;SBSP;906,00;21
2005;8;TAM;SBML;SBSP;816,00;1
2005;8;TAM;SBFZ;SBBR;1448,00;47
2005;8;TAM;SBSP;SBVT;786,00;26
2005;8;TAM;SBSP;SBRP;159,00;47
2005;8;TAM;SBPA;SBCT;491,00;7
2005;8;TAM;SBVT;SBSP;786,00;89
2005;8;TAM;SBEG;SBBE;693,00;127
2005;8;TAM;SBPA;SBFL;1412,00;4
2005;8;TAM;SBKP;SBCT;585,00;9
2005;8;TAM;SBBR;SBCT;971,00;31
2005;8;TAM;SBBE;SBBR;1374,00;70
2005;8;TAM;SBSP;SBML;621,00;1
2005;8;TAM;SBCT;SBSP;311,00;954
2005;8;TAM;SBCT;SBPA;566,00;15
2005;8;TAM;SBSP;SBFL;637,00;36
2005;8;TAM;SBRF;SBGR;1458,00;43
2005;8;TAM;SBCY;SBBR;600,00;76
2005;8;TAM;SBJV;SBSP;538,00;21
2005;8;TAM;SBBE;SBMQ;510,00;14
2005;8;TAM;SBBR;SBCY;936,00;11
2005;8;TIB;SBCT;SBKP;199,00;15
2005;8;TIB;SBCT;SBKP;109,00;216
2005;8;TIB;SBKP;SBCT;199,00;13
2005;8;TIB;SBCT;SBKP;170,00;27
2005;8;TIB;SBKP;SBCT;170,00;28
2005;8;TIB;SBKP;SBCT;109,00;256
2005;8;VRG;SBPS;SBSP;422,00;11
2005;8;VRG;SBBR;SBGR;509,00;702
2005;8;VRG;SBEG;SBGR;1912,00;245
2005;8;VRG;SBRF;SBGL;900,00;204
2005;8;VRG;SBBR;SBFZ;853,00;76
2005;8;VRG;SBGR;SBFL;167,00;584
2005;8;VRG;SBSP;SBRJ;289,00;8534
2005;8;VRG;SBGR;SBBR;552,00;229
2005;8;VRG;SBGR;SBGL;132,00;265
2005;8;VRG;SBCT;SBGR;472,00;620
2005;8;VRG;SBBR;SBFZ;1445,00;12
2005;8;VRG;SBFL;SBGR;304,00;1161
2005;8;VRG;SBFZ;SBBR;663,00;90
2005;8;VRG;SBGR;SBCF;880,00;232
2005;8;VRG;SBGR;SBEG;971,00;1388
2005;8;VRG;SBGR;SBSV;1114,00;640
2005;8;VRG;SBCF;SBGL;661,00;14
2005;8;VRG;SBKP;SBCT;363,00;1
2005;8;VRG;SBPA;SBBR;755,00;45
2005;8;VRG;SBSV;SBBR;657,00;183
2005;8;VRG;SBBR;SBGO;216,00;33
2005;8;VRG;SBBR;SBGL;833,00;143
2005;8;VRG;SBFL;SBSP;186,00;135
2005;8;VRG;SBCT;SBGL;1063,00;157
2005;8;VRG;SBBR;SBBE;1377,00;117
2005;8;VRG;SBGL;SBSV;497,00;3604
2005;8;VRG;SBFL;SBPA;210,00;29
2005;8;VRG;SBGR;SBPA;1183,00;786
2005;8;VRG;SBFZ;SBRF;381,00;243
2005;8;VRG;SBSP;SBRJ;375,00;17
2005;8;VRG;SBNF;SBSP;425,00;13
2005;8;VRG;SBGR;SBEG;478,00;859
2005;8;VRG;SBEG;SBGR;1645,00;315
2005;8;VRG;SBBR;SBSP;341,00;205
2005;8;VRG;SBPA;SBCT;269,00;32
2005;8;VRG;SBCT;SBGR;649,00;40
2005;8;VRG;SBBR;SBCT;435,00;3
2005;8;VRG;SBGL;SBPA;1383,00;280
2005;8;VRG;SBGR;SBPA;1085,00;47
2005;8;VRG;SBSP;SBNF;758,00;1
2005;8;VRG;SBGL;SBCT;887,00;21
2005;8;VRG;SBGL;SBRF;1674,00;3
2005;8;VRG;SBCT;SBGL;306,00;75
2005;8;VRG;SBCT;SBGR;363,00;117
2005;8;VRG;SBSP;SBFL;733,00;325
2005;8;VRG;SBGL;SBCT;483,00;145
2005;8;VRG;SBGR;SBGL;263,00;939
2005;8;VRG;SBFZ;SBBR;541,00;19
2005;8;VRG;SBCT;SBGL;310,00;116
2005;8;VRG;SBGR;SBFL;257,00;201
2005;8;VRG;SBEG;SBGR;1913,00;153
2005;8;VRG;SBVT;SBSP;454,00;71
2005;8;VRG;SBGR;SBBR;975,00;517
2005;8;VRG;SBGO;SBBR;132,00;10
2005;8;VRG;SBGR;SBCT;328,00;321
2005;8;VRG;SBFL;SBPA;273,00;7
2005;8;VRG;SBSV;SBGL;508,00;770
2005;8;VRG;SBPA;SBGL;640,00;533
2005;8;VRG;SBGL;SBCT;696,00;60
2005;8;VRG;SBBR;SBGR;539,00;525
2005;8;VRG;SBBR;SBPA;651,00;76
2005;8;VRG;SBSP;SBVT;307,00;9
2005;8;VRG;SBSV;SBGR;1311,00;64
2005;8;VRG;SBVT;SBSP;240,00;231
2005;8;VRG;SBFZ;SBBR;639,00;351
2005;8;VRG;SBSV;SBRF;692,00;29
2005;8;VRG;SBKP;SBCT;208,00;23
2005;8;VRG;SBPA;SBBR;943,00;16
2005;8;VRG;SBSP;SBBR;1071,00;2
2005;8;VRG;SBKP;SBCT;300,00;215
2005;8;VRG;SBSV;SBGR;857,00;120
2005;8;VRG;SBSV;SBRF;219,00;225
2005;8;VRG;SBGR;SBCF;410,00;266
2005;8;VRG;SBKP;SBCT;158,00;61
2005;8;VRG;SBBR;SBGR;976,00;38
2005;8;VRG;SBSV;SBGR;351,00;902
2005;8;VRG;SBGL;SBBR;1019,00;1268
2005;8;VRG;SBMQ;SBBE;223,00;228
2005;8;VRG;SBNF;SBSP;241,00;15
2005;8;VRG;SBSP;SBCT;591,00;3
2005;8;VRG;SBSP;SBNF;319,00;56
2005;8;VRG;SBBR;SBPA;849,00;28
2005;8;VRG;SBBR;SBSP;798,00;156
2005;8;VRG;SBSP;SBBH;200,00;67
2005;8;VRG;SBNF;SBSP;242,00;79
2005;8;VRG;SBGL;SBSV;1169,00;921
2005;8;VRG;SBBR;SBGO;218,00;11
2005;8;VRG;SBMQ;SBBE;542,00;10
2005;8;VRG;SBSP;SBPA;263,00;1016
2005;8;VRG;SBGO;SBBR;216,00;29
2005;8;VRG;SBGL;SBSV;992,00;179
2005;8;VRG;SBGO;SBBR;59,00;624
2005;8;VRG;SBCT;SBKP;207,00;26
2005;8;VRG;SBPA;SBCT;759,00;58
2005;8;VRG;SBSV;SBRF;304,00;67
2005;8;VRG;SBGR;SBEG;2294,00;666
2005;8;VRG;SBFZ;SBRF;1014,00;30
2005;8;VRG;SBSP;SBFL;186,00;152
2005;8;VRG;SBKP;SBCT;330,00;65
2005;8;VRG;SBGR;SBPA;482,00;899
2005;8;VRG;SBGR;SBEG;979,00;634
2005;8;VRG;SBGL;SBBR;168,00;5167
2005;8;VRG;SBNF;SBSP;689,00;204
2005;8;VRG;SBBR;SBBE;1175,00;9
2005;8;VRG;SBFL;SBGR;167,00;598
2005;8;VRG;SBBR;SBGO;59,00;460
2005;8;VRG;SBCT;SBBR;594,00;11
2005;8;VRG;SBRF;SBFZ;931,00;3
2005;8;VRG;SBSP;SBBR;613,00;82
2005;8;VRG;SBFL;SBSP;167,00;379
2005;8;VRG;SBSV;SBRF;373,00;502
2005;8;VRG;SBPA;SBGL;645,00;480
2005;8;VRG;SBRF;SBSV;290,00;112
2005;8;VRG;SBCF;SBGL;293,00;1698
2005;8;VRG;SBSP;SBPS;645,00;66
2005;8;VRG;SBCF;SBGL;295,00;2206
2005;8;VRG;SBPA;SBCT;370,00;8
2005;8;VRG;SBCT;SBGL;236,00;650
2005;8;VRG;SBSP;SBVT;738,00;22
2005;8;VRG;SBCT;SBFL;207,00;31
2005;8;VRG;SBPA;SBSP;1085,00;15
2005;8;VRG;SBVT;SBSP;216,00;395
2005;8;VRG;SBBR;SBPA;943,00;10
2005;8;VRG;SBCT;SBKP;340,00;27
2005;8;VRG;SBPA;SBFL;140,00;102
2005;8;VRG;SBBR;SBSV;485,00;498
2005;8;VRG;SBGR;SBCF;180,00;149
2005;8;VRG;SBCT;SBGR;140,00;547
2005;8;VRG;SBKP;SBCT;590,00;27
2005;8;VRG;SBSP;SBRJ;552,00;854
2005;8;VRG;SBCT;SBBR;559,00;58
2005;8;VRG;SBPA;SBCT;471,00;5
2005;8;VRG;SBGL;SBGR;662,00;870
2005;8;VRG;SBCT;SBGR;328,00;307
2005;8;VRG;SBCT;SBGL;460,00;315
2005;8;VRG;SBGR;SBEG;983,00;1047
2005;8;VRG;SBGR;SBEG;1912,00;276
2005;8;VRG;SBPA;SBFL;602,00;1
2005;8;VRG;SBPA;SBGR;480,00;1537
2005;8;VRG;SBBR;SBGO;132,00;15
2005;8;VRG;SBRF;SBSV;359,00;219
2005;8;VRG;SBGL;SBPA;645,00;634
2005;8;VRG;SBCT;SBFL;198,00;554
2005;8;VRG;SBCT;SBFL;385,00;18
2005;8;VRG;SBGR;SBFL;734,00;6
2005;8;VRG;SBGR;SBFL;454,00;54
2005;8;VRG;SBCT;SBSP;155,00;710
2005;8;VRG;SBGR;SBFL;304,00;1294
2005;8;VRG;SBGR;SBBR;1071,00;29
2005;8;VRG;SBFL;SBCT;238,00;38
2005;8;VRG;SBBR;SBFZ;1734,00;72
2005;8;VRG;SBGR;SBBR;613,00;114
2005;8;VRG;SBCT;SBSP;708,00;81
2005;8;VRG;SBKP;SBCT;591,00;1
2005;8;VRG;SBSP;SBBR;975,00;2323
2005;8;VRG;SBSV;SBBR;948,00;18
2005;8;VRG;SBPA;SBGL;1383,00;260
2005;8;VRG;SBGR;SBCF;363,00;946
2005;8;VRG;SBCT;SBSP;305,00;106
2005;8;VRG;SBPA;SBGR;477,00;1050
2005;8;VRG;SBRF;SBFZ;191,00;237
2005;8;VRG;SBSP;SBVT;568,00;10
2005;8;VRG;SBCT;SBKP;363,00;10
2005;8;VRG;SBRJ;SBSP;344,00;36324
2005;8;VRG;SBVT;SBSP;392,00;101
2005;8;VRG;SBSP;SBVT;454,00;98
2005;8;VRG;SBGL;SBSV;310,00;837
2005;8;VRG;SBBR;SBBE;608,00;762
2005;8;VRG;SBSP;SBNF;690,00;1
2005;8;VRG;SBFL;SBGR;186,00;417
2005;8;VRG;SBCT;SBBR;685,00;5
2005;8;VRG;SBSP;SBPS;649,00;14
2005;8;VRG;SBCF;SBGR;734,00;190
2005;8;VRG;SBCT;SBGL;886,00;376
2005;8;VRG;SBGL;SBBR;543,00;705
2005;8;VRG;SBPA;SBSP;345,00;168
2005;8;VRG;SBGL;SBRF;800,00;144
2005;8;VRG;SBGL;SBPA;640,00;857
2005;8;VRG;SBGR;SBCT;207,00;133
2005;8;VRG;SBSP;SBBR;976,00;69
2005;8;VRG;SBFL;SBCT;494,00;34
2005;8;VRG;SBSV;SBGL;497,00;3526
2005;8;VRG;SBFL;SBCT;207,00;5
2005;8;VRG;SBBR;SBGR;202,00;219
2005;8;VRG;SBCT;SBSP;208,00;230
2005;8;VRG;SBGR;SBCF;593,00;1333
2005;8;VRG;SBCT;SBFL;111,00;97
2005;8;VRG;SBGR;SBPA;354,00;144
2005;8;VRG;SBBH;SBSP;357,00;1078
2005;8;VRG;SBBR;SBPA;1227,00;3
2005;8;VRG;SBGR;SBGL;553,00;45
2005;8;VRG;SBCF;SBGR;180,00;197
2005;8;VRG;SBGR;SBSV;857,00;69
2005;8;VRG;SBFL;SBPA;367,00;10
2005;8;VRG;SBGR;SBBR;976,00;18
2005;8;VRG;SBGL;SBCF;153,00;621
2005;8;VRG;SBGR;SBPA;345,00;306
2005;8;VRG;SBPA;SBBR;661,00;57
2005;8;VRG;SBRF;SBGL;1826,00;288
2005;8;VRG;SBBR;SBFZ;541,00;31
2005;8;VRG;SBFZ;SBBR;1232,00;8
2005;8;VRG;SBBR;SBCT;589,00;8
2005;8;VRG;SBGL;SBSV;409,00;198
2005;8;VRG;SBCF;SBGL;476,00;140
2005;8;VRG;SBPA;SBCT;377,00;96
2005;8;VRG;SBPA;SBBR;341,00;200
2005;8;VRG;SBPS;SBSP;397,00;13
2005;8;VRG;SBBR;SBSV;730,00;21
2005;8;VRG;SBGR;SBCT;472,00;598
2005;8;VRG;SBSV;SBGR;1440,00;19
2005;8;VRG;SBPA;SBBR;1770,00;5
2005;8;VRG;SBRF;SBGL;691,00;1814
2005;8;VRG;SBGR;SBCT;305,00;454
2005;8;VRG;SBBR;SBSP;539,00;808
2005;8;VRG;SBCF;SBGL;602,00;20
2005;8;VRG;SBCT;SBBR;435,00;11
2005;8;VRG;SBCT;SBGL;450,00;214
2005;8;VRG;SBGL;SBBR;366,00;302
2005;8;VRG;SBRF;SBFZ;543,00;5
2005;8;VRG;SBFL;SBCT;169,00;14
2005;8;VRG;SBBH;SBSP;260,00;197
2005;8;VRG;SBBR;SBCT;421,00;1
2005;8;VRG;SBBR;SBCT;594,00;38
2005;8;VRG;SBFL;SBGR;734,00;17
2005;8;VRG;SBFL;SBPA;331,00;15
2005;8;VRG;SBPA;SBSP;620,00;47
2005;8;VRG;SBCT;SBBR;1202,00;20
2005;8;VRG;SBBH;SBSP;364,00;72
2005;8;VRG;SBRF;SBSV;479,00;277
2005;8;VRG;SBRF;SBSV;829,00;219
2005;8;VRG;SBGR;SBFL;318,00;344
2005;8;VRG;SBFL;SBGR;318,00;368
2005;8;VRG;SBSP;SBBH;180,00;215
2005;8;VRG;SBGL;SBCF;476,00;99
2005;8;VRG;SBSP;SBCT;249,00;4377
2005;8;VRG;SBGL;SBCT;310,00;174
2005;8;VRG;SBRF;SBGL;1521,00;425
2005;8;VRG;SBCT;SBBR;589,00;2
2005;8;VRG;SBFZ;SBRF;707,00;16
2005;8;VRG;SBBE;SBMQ;308,00;20
2005;8;VRG;SBGO;SBBR;119,00;31
2005;8;VRG;SBGR;SBPA;806,00;607
2005;8;VRG;SBSP;SBVT;324,00;53
2005;8;VRG;SBBR;SBBE;1652,00;130
2005;8;VRG;SBBR;SBPA;1475,00;44
2005;8;VRG;SBCT;SBKP;300,00;379
2005;8;VRG;SBBR;SBGR;552,00;313
2005;8;VRG;SBCF;SBGR;357,00;412
2005;8;VRG;SBFL;SBGR;363,00;274
2005;8;VRG;SBGL;SBCF;602,00;24
2005;8;VRG;SBGR;SBCT;294,00;858
2005;8;VRG;SBBR;SBSP;350,00;433
2005;8;VRG;SBCF;SBGR;410,00;139
2005;8;VRG;SBGL;SBPA;168,00;2361
2005;8;VRG;SBNF;SBSP;552,00;34
2005;8;VRG;SBNF;SBSP;340,00;240
2005;8;VRG;SBBR;SBGL;578,00;424
2005;8;VRG;SBBR;SBGL;1222,00;514
2005;8;VRG;SBRF;SBFZ;847,00;7
2005;8;VRG;SBGL;SBPA;655,00;307
2005;8;VRG;SBRF;SBFZ;846,00;107
2005;8;VRG;SBCT;SBFL;296,00;3
2005;8;VRG;SBSP;SBBR;499,00;3996
2005;8;VRG;SBCT;SBBR;421,00;28
2005;8;VRG;SBKP;SBCT;340,00;7
2005;8;VRG;SBBE;SBMQ;115,00;1101
2005;8;VRG;SBCT;SBKP;591,00;7
2005;8;VRG;SBPA;SBGR;987,00;72
2005;8;VRG;SBGO;SBBR;392,00;61
2005;8;VRG;SBPA;SBSP;354,00;333
2005;8;VRG;SBGO;SBBR;217,00;23
2005;8;VRG;SBCF;SBGL;170,00;397
2005;8;VRG;SBCT;SBPA;835,00;2
2005;8;VRG;SBSP;SBPA;354,00;563
2005;8;VRG;SBNF;SBSP;162,00;565
2005;8;VRG;SBCT;SBPA;424,00;22
2005;8;VRG;SBPA;SBGL;168,00;2178
2005;8;VRG;SBGR;SBSV;1571,00;599
2005;8;VRG;SBBR;SBSV;584,00;124
2005;8;VRG;SBBR;SBBE;1378,00;14
2005;8;VRG;SBSP;SBCT;294,00;234
2005;8;VRG;SBSP;SBVT;240,00;205
2005;8;VRG;SBGR;SBEG;1139,00;240
2005;8;VRG;SBGR;SBPA;620,00;158
2005;8;VRG;SBCT;SBGL;975,00;1
2005;8;VRG;SBBR;SBGL;296,00;479
2005;8;VRG;SBGR;SBBR;539,00;420
2005;8;VRG;SBBE;SBMQ;145,00;36
2005;8;VRG;SBBE;SBBR;608,00;830
2005;8;VRG;SBGR;SBFL;879,00;245
2005;8;VRG;SBRF;SBFZ;490,00;130
2005;8;VRG;SBFZ;SBBR;947,00;15
2005;8;VRG;SBSP;SBPS;738,00;1
2005;8;VRG;SBCT;SBGR;708,00;371
2005;8;VRG;SBCT;SBBR;608,00;5
2005;8;VRG;SBSP;SBBH;357,00;1044
2005;8;VRG;SBSV;SBBR;512,00;566
2005;8;VRG;SBBR;SBGL;168,00;5899
2005;8;VRG;SBMQ;SBBE;240,00;17
2005;8;VRG;SBPA;SBSP;263,00;725
2005;8;VRG;SBPA;SBFL;601,00;90
2005;8;VRG;SBSV;SBGL;763,00;72
2005;8;VRG;SBSP;SBPS;320,00;87
2005;8;VRG;SBGR;SBFL;591,00;250
2005;8;VRG;SBSP;SBNF;382,00;48
2005;8;VRG;SBGL;SBRF;571,00;134
2005;8;VRG;SBBH;SBSP;365,00;164
2005;8;VRG;SBGR;SBSV;482,00;217
2005;8;VRG;SBGL;SBPA;728,00;76
2005;8;VRG;SBFL;SBSP;879,00;52
2005;8;VRG;SBBE;SBBR;1515,00;1
2005;8;VRG;SBSP;SBPS;658,00;39
2005;8;VRG;SBGL;SBGR;552,00;2171
2005;8;VRG;SBBR;SBBE;903,00;10
2005;8;VRG;SBGR;SBEG;1645,00;220
2005;8;VRG;SBSP;SBPS;664,00;10
2005;8;VRG;SBFL;SBSP;591,00;8
2005;8;VRG;SBGR;SBGL;201,00;158
2005;8;VRG;SBSV;SBGL;409,00;254
2005;8;VRG;SBSV;SBBR;417,00;105
2005;8;VRG;SBBR;SBSV;512,00;1035
2005;8;VRG;SBFL;SBSP;409,00;19
2005;8;VRG;SBRF;SBSV;373,00;292
2005;8;VRG;SBRF;SBGL;1522,00;49
2005;8;VRG;SBBE;SBBR;1377,00;132
2005;8;VRG;SBBE;SBMQ;234,00;30
2005;8;VRG;SBGR;SBFL;363,00;363
2005;8;VRG;SBMQ;SBBE;115,00;1033
2005;8;VRG;SBPS;SBSP;658,00;18
2005;8;VRG;SBPA;SBGL;655,00;466
2005;8;VRG;SBPS;SBSP;649,00;19
2005;8;VRG;SBCT;SBGR;249,00;1067
2005;8;VRG;SBBE;SBBR;633,00;163
2005;8;VRG;SBPA;SBSP;986,00;1485
2005;8;VRG;SBBR;SBGR;350,00;67
2005;8;VRG;SBSV;SBBR;1121,00;168
2005;8;VRG;SBSV;SBGL;310,00;846
2005;8;VRG;SBBR;SBGO;230,00;2
2005;8;VRG;SBRF;SBFZ;212,00;274
2005;8;VRG;SBPA;SBGR;986,00;988
2005;8;VRG;SBSP;SBPA;987,00;48
2005;8;VRG;SBGR;SBFL;733,00;405
2005;8;VRG;SBSP;SBBH;734,00;69
2005;8;VRG;SBPA;SBCT;760,00;2
2005;8;VRG;SBSV;SBGR;459,00;217
2005;8;VRG;SBCF;SBGL;721,00;429
2005;8;VRG;SBPA;SBCT;424,00;35
2005;8;VRG;SBRJ;SBSP;552,00;769
2005;8;VRG;SBBR;SBGL;1019,00;1632
2005;8;VRG;SBGO;SBBR;299,00;55
2005;8;VRG;SBRF;SBGL;410,00;569
2005;8;VRG;SBPA;SBGL;1268,00;7
2005;8;VRG;SBGL;SBGR;352,00;215
2005;8;VRG;SBBR;SBSV;300,00;270
2005;8;VRG;SBGR;SBCF;200,00;237
2005;8;VRG;SBBR;SBFZ;663,00;165
2005;8;VRG;SBBR;SBPA;379,00;40
2005;8;VRG;SBPA;SBGR;345,00;153
2005;8;VRG;SBPA;SBBR;379,00;40
2005;8;VRG;SBCT;SBFL;238,00;40
2005;8;VRG;SBCT;SBGL;483,00;104
2005;8;VRG;SBGL;SBCF;661,00;4
2005;8;VRG;SBSP;SBBH;593,00;6
2005;8;VRG;SBBH;SBSP;410,00;87
2005;8;VRG;SBGL;SBCF;210,00;213
2005;8;VRG;SBRF;SBGL;1299,00;79
2005;8;VRG;SBVT;SBSP;307,00;6
2005;8;VRG;SBSP;SBPA;237,00;3022
2005;8;VRG;SBCT;SBGR;305,00;525
2005;8;VRG;SBEG;SBGR;531,00;426
2005;8;VRG;SBFL;SBSP;306,00;44
2005;8;VRG;SBFL;SBPA;140,00;85
2005;8;VRG;SBGR;SBCT;140,00;537
2005;8;VRG;SBPA;SBSP;806,00;66
2005;8;VRG;SBCT;SBGL;696,00;41
2005;8;VRG;SBGR;SBCT;363,00;101
2005;8;VRG;SBPA;SBSP;482,00;303
2005;8;VRG;SBGO;SBBR;230,00;5
2005;8;VRG;SBFZ;SBRF;435,00;123
2005;8;VRG;SBSP;SBNF;425,00;24
2005;8;VRG;SBGL;SBCT;447,00;1405
2005;8;VRG;SBCF;SBGR;260,00;70
2005;8;VRG;SBGL;SBBR;505,00;2840
2005;8;VRG;SBRF;SBSV;913,00;1
2005;8;VRG;SBBR;SBPA;658,00;32
2005;8;VRG;SBBR;SBSV;270,00;398
2005;8;VRG;SBSP;SBRJ;344,00;41382
2005;8;VRG;SBGR;SBPA;477,00;1070
2005;8;VRG;SBCT;SBSP;249,00;3928
2005;8;VRG;SBGL;SBBR;641,00;84
2005;8;VRG;SBGL;SBSV;1170,00;55
2005;8;VRG;SBBR;SBPA;755,00;21
2005;8;VRG;SBGR;SBBR;350,00;73
2005;8;VRG;SBGR;SBBR;341,00;40
2005;8;VRG;SBBE;SBMQ;240,00;17
2005;8;VRG;SBSP;SBFL;318,00;23
2005;8;VRG;SBRF;SBFZ;1014,00;204
2005;8;VRG;SBSP;SBPS;422,00;33
2005;8;VRG;SBBR;SBGR;975,00;470
2005;8;VRG;SBSV;SBGR;316,00;1846
2005;8;VRG;SBSV;SBBR;392,00;110
2005;8;VRG;SBBR;SBGO;392,00;93
2005;8;VRG;SBPA;SBSP;1183,00;729
2005;8;VRG;SBSV;SBRF;996,00;77
2005;8;VRG;SBSP;SBPA;986,00;1481
2005;8;VRG;SBGL;SBPA;416,00;221
2005;8;VRG;SBEG;SBGR;722,00;107
2005;8;VRG;SBKP;SBCT;176,00;54
2005;8;VRG;SBSP;SBVT;392,00;71
2005;8;VRG;SBEG;SBGR;983,00;1474
2005;8;VRG;SBBR;SBGO;137,00;2
2005;8;VRG;SBGR;SBCF;257,00;36
2005;8;VRG;SBCF;SBGR;455,00;39
2005;8;VRG;SBCT;SBPA;471,00;6
2005;8;VRG;SBPA;SBBR;849,00;52
2005;8;VRG;SBBR;SBGL;505,00;2648
2005;8;VRG;SBGR;SBSV;459,00;201
2005;8;VRG;SBFZ;SBBR;1734,00;31
2005;8;VRG;SBPA;SBBR;516,00;3
2005;8;VRG;SBBR;SBSP;509,00;589
2005;8;VRG;SBGL;SBCF;209,00;103
2005;8;VRG;SBSP;SBBH;410,00;90
2005;8;VRG;SBSP;SBFL;591,00;28
2005;8;VRG;SBFL;SBSP;260,00;30
2005;8;VRG;SBFZ;SBBR;853,00;99
2005;8;VRG;SBGR;SBCT;249,00;977
2005;8;VRG;SBNF;SBSP;314,00;125
2005;8;VRG;SBGR;SBBR;509,00;551
2005;8;VRG;SBGR;SBGL;270,00;749
2005;8;VRG;SBGR;SBSV;564,00;3000
2005;8;VRG;SBSP;SBFL;363,00;39
2005;8;VRG;SBBE;SBMQ;542,00;114
2005;8;VRG;SBFL;SBCT;204,00;8
2005;8;VRG;SBBR;SBGL;641,00;60
2005;8;VRG;SBSV;SBGR;1114,00;1144
2005;8;VRG;SBSV;SBRF;197,00;351
2005;8;VRG;SBRF;SBGL;571,00;304
2005;8;VRG;SBCT;SBPA;365,00;30
2005;8;VRG;SBEG;SBGR;2294,00;689
2005;8;VRG;SBGR;SBCT;208,00;100
2005;8;VRG;SBBR;SBGO;299,00;23
2005;8;VRG;SBPA;SBBR;651,00;115
2005;8;VRG;SBBR;SBGL;1120,00;16
2005;8;VRG;SBGR;SBBR;202,00;169
2005;8;VRG;SBSP;SBBH;365,00;379
2005;8;VRG;SBBR;SBBE;482,00;104
2005;8;VRG;SBCF;SBGR;880,00;148
2005;8;VRG;SBSP;SBPS;1134,00;17
2005;8;VRG;SBBH;SBSP;363,00;69
2005;8;VRG;SBRF;SBFZ;296,00;43
2005;8;VRG;SBGL;SBBR;296,00;526
2005;8;VRG;SBCT;SBGR;590,00;904
2005;8;VRG;SBSP;SBBR;539,00;1138
2005;8;VRG;SBGR;SBEG;1265,00;79
2005;8;VRG;SBGR;SBSV;1440,00;21
2005;8;VRG;SBFL;SBGR;879,00;321
2005;8;VRG;SBBE;SBBR;1378,00;26
2005;8;VRG;SBCF;SBGR;365,00;369
2005;8;VRG;SBBE;SBBR;370,00;262
2005;8;VRG;SBGL;SBBR;1222,00;454
2005;8;VRG;SBMQ;SBBE;234,00;120
2005;8;VRG;SBGL;SBPA;1268,00;7
2005;8;VRG;SBBR;SBBE;813,00;101
2005;8;VRG;SBRF;SBSV;996,00;250
2005;8;VRG;SBPA;SBBR;1475,00;64
2005;8;VRG;SBBR;SBGO;217,00;24
2005;8;VRG;SBBR;SBFZ;389,00;57
2005;8;VRG;SBBR;SBSV;1122,00;22
2005;8;VRG;SBSP;SBBR;517,00;625
2005;8;VRG;SBBR;SBSP;976,00;60
2005;8;VRG;SBGR;SBCT;590,00;971
2005;8;VRG;SBSP;SBPA;345,00;151
2005;8;VRG;SBPA;SBGR;354,00;165
2005;8;VRG;SBBR;SBSV;1345,00;158
2005;8;VRG;SBGL;SBCF;330,00;253
2005;8;VRG;SBRF;SBSV;426,00;148
2005;8;VRG;SBPA;SBCT;365,00;27
2005;8;VRG;SBCT;SBGR;312,00;666
2005;8;VRG;SBFL;SBCT;173,00;20
2005;8;VRG;SBCF;SBGR;593,00;123
2005;8;VRG;SBFL;SBPA;601,00;43
2005;8;VRG;SBBR;SBGL;357,00;48
2005;8;VRG;SBGR;SBGL;282,00;727
2005;8;VRG;SBKP;SBCT;320,00;8
2005;8;VRG;SBSP;SBCT;708,00;18
2005;8;VRG;SBBR;SBGL;534,00;542
2005;8;VRG;SBFL;SBPA;294,00;38
2005;8;VRG;SBGR;SBFL;805,00;7
2005;8;VRG;SBSV;SBGR;686,00;1315
2005;8;VRG;SBSP;SBBR;202,00;1029
2005;8;VRG;SBGR;SBEG;722,00;84
2005;8;VRG;SBBR;SBFZ;650,00;130
2005;8;VRG;SBCT;SBSP;294,00;241
2005;8;VRG;SBRF;SBSV;692,00;22
2005;8;VRG;SBSP;SBPA;477,00;3531
2005;8;VRG;SBGL;SBRF;410,00;657
2005;8;VRG;SBBR;SBGR;613,00;138
2005;8;VRG;SBPA;SBCT;266,00;118
2005;8;VRG;SBVT;SBSP;324,00;43
2005;8;VRG;SBFL;SBPA;477,00;51
2005;8;VRG;SBFL;SBSP;304,00;965
2005;8;VRG;SBGR;SBEG;1011,00;443
2005;8;VRG;SBGL;SBGR;457,00;799
2005;8;VRG;SBGR;SBGL;193,00;116
2005;8;VRG;SBGL;SBPA;1153,00;504
2005;8;VRG;SBBR;SBGR;187,00;431
2005;8;VRG;SBBR;SBFZ;505,00;41
2005;8;VRG;SBBR;SBSV;657,00;161
2005;8;VRG;SBSV;SBRF;831,00;10
2005;8;VRG;SBGL;SBCF;601,00;496
2005;8;VRG;SBBR;SBSP;202,00;1093
2005;8;VRG;SBPA;SBGL;946,00;142
2005;8;VRG;SBFL;SBGR;260,00;89
2005;8;VRG;SBRF;SBSV;197,00;305
2005;8;VRG;SBGR;SBGL;352,00;161
2005;8;VRG;SBGL;SBCF;721,00;464
2005;8;VRG;SBGR;SBCT;155,00;409
2005;8;VRG;SBBR;SBGL;366,00;249
2005;8;VRG;SBSP;SBFL;454,00;1
2005;8;VRG;SBSV;SBGL;436,00;602
2005;8;VRG;SBCT;SBSP;590,00;1672
2005;8;VRG;SBGL;SBGR;263,00;1218
2005;8;VRG;SBCT;SBBR;309,00;37
2005;8;VRG;SBGL;SBPA;1154,00;52
2005;8;VRG;SBGL;SBSV;1287,00;14
2005;8;VRG;SBBR;SBPA;341,00;91
2005;8;VRG;SBCF;SBGL;153,00;768
2005;8;VRG;SBBR;SBSV;476,00;817
2005;8;VRG;SBGR;SBCF;365,00;424
2005;8;VRG;SBPA;SBGL;728,00;86
2005;8;VRG;SBSP;SBNF;340,00;315
2005;8;VRG;SBSP;SBBR;552,00;405
2005;8;VRG;SBGR;SBPA;237,00;2939
2005;8;VRG;SBVT;SBSP;512,00;38
2005;8;VRG;SBCT;SBKP;708,00;70
2005;8;VRG;SBGR;SBSV;1310,00;1292
2005;8;VRG;SBSP;SBBH;257,00;4
2005;8;VRG;SBGR;SBCT;312,00;681
2005;8;VRG;SBSP;SBBH;260,00;236
2005;8;VRG;SBGL;SBRF;1000,00;18
2005;8;VRG;SBCT;SBPA;191,00;131
2005;8;VRG;SBPA;SBGR;496,00;850
2005;8;VRG;SBGR;SBCF;734,00;437
2005;8;VRG;SBFZ;SBRF;490,00;169
2005;8;VRG;SBBE;SBMQ;274,00;9
2005;8;VRG;SBFL;SBSP;363,00;67
2005;8;VRG;SBFZ;SBRF;310,00;167
2005;8;VRG;SBGL;SBCF;295,00;2565
2005;8;VRG;SBGL;SBGR;282,00;1063
2005;8;VRG;SBCT;SBFL;169,00;31
2005;8;VRG;SBBR;SBBE;723,00;75
2005;8;VRG;SBBH;SBSP;734,00;63
2005;8;VRG;SBFZ;SBBR;350,00;291
2005;8;VRG;SBEG;SBGR;979,00;632
2005;8;VRG;SBSP;SBBR;1168,00;516
2005;8;VRG;SBSP;SBNF;552,00;28
2005;8;VRG;SBSV;SBGL;279,00;1164
2005;8;VRG;SBFZ;SBRF;543,00;13
2005;8;VRG;SBGL;SBGR;317,00;349
2005;8;VRG;SBCT;SBSP;649,00;1
2005;8;VRG;SBFL;SBPA;721,00;112
2005;8;VRG;SBBR;SBGR;517,00;481
2005;8;VRG;SBBE;SBBR;1652,00;134
2005;8;VRG;SBCT;SBSP;207,00;179
2005;8;VRG;SBSP;SBCT;312,00;1293
2005;8;VRG;SBGR;SBPA;986,00;1161
2005;8;VRG;SBRF;SBSV;532,00;21
2005;8;VRG;SBGR;SBGL;317,00;317
2005;8;VRG;SBSP;SBFL;879,00;3
2005;8;VRG;SBKP;SBCT;310,00;8
2005;8;VRG;SBSV;SBRF;913,00;1
2005;8;VRG;SBGR;SBGL;662,00;898
2005;8;VRG;SBFL;SBPA;251,00;252
2005;8;VRG;SBGL;SBRF;900,00;125
2005;8;VRG;SBPA;SBGL;416,00;240
2005;8;VRG;SBCT;SBPA;269,00;8
2005;8;VRG;SBSP;SBCT;363,00;21
2005;8;VRG;SBSV;SBBR;476,00;1097
2005;8;VRG;SBBE;SBBR;813,00;159
2005;8;VRG;SBCT;SBPA;377,00;65
2005;8;VRG;SBEG;SBGR;1139,00;263
2005;8;VRG;SBPA;SBSP;477,00;3350
2005;8;VRG;SBSV;SBGL;1404,00;355
2005;8;VRG;SBRF;SBFZ;310,00;110
2005;8;VRG;SBSP;SBNF;242,00;66
2005;8;VRG;SBBR;SBSP;1071,00;11
2005;8;VRG;SBBR;SBGL;517,00;550
2005;8;VRG;SBBH;SBSP;455,00;3
2005;8;VRG;SBBR;SBGR;1168,00;296
2005;8;VRG;SBBR;SBSV;392,00;88
2005;8;VRG;SBSV;SBGL;992,00;233
2005;8;VRG;SBBR;SBFZ;1232,00;9
2005;8;VRG;SBGL;SBRF;1521,00;354
2005;8;VRG;SBSV;SBRF;829,00;144
2005;8;VRG;SBBE;SBMQ;128,00;225
2005;8;VRG;SBPA;SBFL;210,00;38
2005;8;VRG;SBRF;SBGL;1674,00;6
2005;8;VRG;SBFL;SBSP;733,00;234
2005;8;VRG;SBFZ;SBRF;191,00;253
2005;8;VRG;SBPA;SBGL;1154,00;30
2005;8;VRG;SBBR;SBCT;559,00;36
2005;8;VRG;SBCF;SBGR;735,00;19
2005;8;VRG;SBBR;SBBE;333,00;454
2005;8;VRG;SBFL;SBSP;734,00;1
2005;8;VRG;SBGL;SBSV;279,00;1193
2005;8;VRG;SBSP;SBPA;558,00;227
2005;8;VRG;SBGR;SBEG;2102,00;28
2005;8;VRG;SBGL;SBCT;1063,00;140
2005;8;VRG;SBGL;SBBR;357,00;198
2005;8;VRG;SBFL;SBCT;385,00;2
2005;8;VRG;SBPA;SBGR;806,00;529
2005;8;VRG;SBRJ;SBSP;375,00;40
2005;8;VRG;SBSP;SBCT;155,00;667
2005;8;VRG;SBRF;SBSV;348,00;710
2005;8;VRG;SBGL;SBCT;975,00;7
2005;8;VRG;SBGR;SBFL;306,00;428
2005;8;VRG;SBSP;SBBH;455,00;3
2005;8;VRG;SBPA;SBGR;558,00;435
2005;8;VRG;SBBH;SBSP;257,00;23
2005;8;VRG;SBCT;SBKP;176,00;47
2005;8;VRG;SBCT;SBPA;911,00;172
2005;8;VRG;SBGL;SBGR;275,00;1482
2005;8;VRG;SBFZ;SBRF;296,00;53
2005;8;VRG;SBBR;SBSP;975,00;2410
2005;8;VRG;SBGR;SBCT;591,00;48
2005;8;VRG;SBSV;SBRF;359,00;254
2005;8;VRG;SBPA;SBSP;496,00;1089
2005;8;VRG;SBCT;SBFL;495,00;1
2005;8;VRG;SBCT;SBKP;472,00;1
2005;8;VRG;SBSP;SBFL;257,00;143
2005;8;VRG;SBFL;SBCT;266,00;7
2005;8;VRG;SBGR;SBEG;531,00;365
2005;8;VRG;SBMQ;SBBE;190,00;66
2005;8;VRG;SBFZ;SBRF;931,00;2
2005;8;VRG;SBFL;SBPA;281,00;22
2005;8;VRG;SBBE;SBBR;622,00;184
2005;8;VRG;SBSV;SBBR;485,00;377
2005;8;VRG;SBSP;SBPA;480,00;481
2005;8;VRG;SBSP;SBCT;305,00;169
2005;8;VRG;SBRJ;SBSP;405,00;2219
2005;8;VRG;SBBR;SBSP;517,00;544
2005;8;VRG;SBSP;SBPS;397,00;20
2005;8;VRG;SBGR;SBEG;1913,00;115
2005;8;VRG;SBBR;SBFZ;1444,00;68
2005;8;VRG;SBSP;SBPS;652,00;38
2005;8;VRG;SBCT;SBGR;591,00;42
2005;8;VRG;SBSP;SBFL;409,00;21
2005;8;VRG;SBBE;SBBR;333,00;523
2005;8;VRG;SBRF;SBFZ;336,00;752
2005;8;VRG;SBSV;SBGL;611,00;445
2005;8;VRG;SBCF;SBGL;601,00;366
2005;8;VRG;SBCT;SBFL;593,00;164
2005;8;VRG;SBCT;SBGL;536,00;26
2005;8;VRG;SBSP;SBNF;162,00;547
2005;8;VRG;SBCF;SBGL;330,00;306
2005;8;VRG;SBSP;SBNF;826,00;15
2005;8;VRG;SBPA;SBFL;477,00;62
2005;8;VRG;SBBR;SBGR;341,00;50
2005;8;VRG;SBGR;SBSV;772,00;613
2005;8;VRG;SBPS;SBSP;355,00;58
2005;8;VRG;SBSV;SBGL;1287,00;5
2005;8;VRG;SBCT;SBGR;155,00;442
2005;8;VRG;SBSV;SBBR;584,00;137
2005;8;VRG;SBFZ;SBBR;1445,00;6
2005;8;VRG;SBBR;SBSP;499,00;3816
2005;8;VRG;SBFL;SBGR;591,00;265
2005;8;VRG;SBBR;SBBE;370,00;189
2005;8;VRG;SBCT;SBFL;266,00;15
2005;8;VRG;SBPA;SBFL;251,00;384
2005;8;VRG;SBBR;SBSP;613,00;49
2005;8;VRG;SBCF;SBGR;200,00;248
2005;8;VRG;SBBR;SBFZ;639,00;295
2005;8;VRG;SBCF;SBGL;296,00;620
2005;8;VRG;SBNF;SBSP;319,00;24
2005;8;VRG;SBCT;SBGL;887,00;15
2005;8;VRG;SBSP;SBVT;216,00;421
2005;8;VRG;SBRF;SBGL;800,00;234
2005;8;VRG;SBCT;SBFL;173,00;23
2005;8;VRG;SBSP;SBVT;512,00;39
2005;8;VRG;SBGR;SBSV;1311,00;74
2005;8;VRG;SBPA;SBSP;987,00;46
2005;8;VRG;SBBR;SBGR;798,00;848
2005;8;VRG;SBGL;SBGR;201,00;165
2005;8;VRG;SBGR;SBCT;649,00;39
2005;8;VRG;SBSP;SBPS;959,00;10
2005;8;VRG;SBSV;SBGR;482,00;167
2005;8;VRG;SBSP;SBCT;590,00;1521
2005;8;VRG;SBPA;SBFL;331,00;28
2005;8;VRG;SBSP;SBPS;355,00;31
2005;8;VRG;SBBR;SBGL;543,00;579
2005;8;VRG;SBFL;SBCT;593,00;138
2005;8;VRG;SBBR;SBSP;1168,00;864
2005;8;VRG;SBPA;SBSP;237,00;2811
2005;8;VRG;SBCF;SBGL;294,00;314
2005;8;VRG;SBCT;SBPA;266,00;36
2005;8;VRG;SBBE;SBMQ;223,00;445
2005;8;VRG;SBRF;SBGL;700,00;427
2005;8;VRG;SBBR;SBCT;608,00;15
2005;8;VRG;SBGR;SBSV;686,00;824
2005;8;VRG;SBGL;SBCF;294,00;235
2005;8;VRG;SBBR;SBGR;499,00;445
2005;8;VRG;SBCT;SBGL;447,00;1385
2005;8;VRG;SBGL;SBGR;132,00;310
2005;8;VRG;SBGL;SBCT;886,00;330
2005;8;VRG;SBGR;SBBR;499,00;357
2005;8;VRG;SBGR;SBPA;987,00;83
2005;8;VRG;SBNF;SBSP;382,00;34
2005;8;VRG;SBCT;SBSP;363,00;20
2005;8;VRG;SBNF;SBSP;690,00;4
2005;8;VRG;SBSV;SBBR;270,00;553
2005;8;VRG;SBGL;SBGR;193,00;114
2005;8;VRG;SBGL;SBCT;460,00;425
2005;8;VRG;SBBR;SBBE;516,00;82
2005;8;VRG;SBBR;SBPA;1476,00;2
2005;8;VRG;SBGR;SBPA;496,00;1038
2005;8;VRG;SBMQ;SBBE;651,00;49
2005;8;VRG;SBCT;SBPA;612,00;42
2005;8;VRG;SBGL;SBRF;532,00;116
2005;8;VRG;SBGR;SBGL;552,00;3921
2005;8;VRG;SBFL;SBCT;123,00;48
2005;8;VRG;SBGR;SBGL;275,00;758
2005;8;VRG;SBRF;SBSV;831,00;12
2005;8;VRG;SBCT;SBSP;140,00;1449
2005;8;VRG;SBPS;SBSP;645,00;22
2005;8;VRG;SBGL;SBRF;700,00;414
2005;8;VRG;SBSV;SBGR;574,00;1511
2005;8;VRG;SBSP;SBBR;350,00;409
2005;8;VRG;SBBR;SBFZ;947,00;4
2005;8;VRG;SBPS;SBSP;738,00;6
2005;8;VRG;SBSV;SBRF;290,00;161
2005;8;VRG;SBFL;SBSP;257,00;38
2005;8;VRG;SBPA;SBGR;1085,00;46
2005;8;VRG;SBGR;SBCT;708,00;392
2005;8;VRG;SBPA;SBCT;612,00;58
2005;8;VRG;SBRJ;SBSP;289,00;7929
2005;8;VRG;SBGR;SBBR;187,00;804
2005;8;VRG;SBGR;SBPA;480,00;1639
2005;8;VRG;SBPA;SBGL;1153,00;570
2005;8;VRG;SBBR;SBBE;622,00;180
2005;8;VRG;SBGR;SBPA;558,00;447
2005;8;VRG;SBSV;SBRF;479,00;259
2005;8;VRG;SBSP;SBPA;806,00;46
2005;8;VRG;SBFL;SBGR;454,00;39
2005;8;VRG;SBGL;SBGR;553,00;65
2005;8;VRG;SBGL;SBCF;296,00;622
2005;8;VRG;SBGL;SBPA;946,00;141
2005;8;VRG;SBBE;SBBR;903,00;13
2005;8;VRG;SBBR;SBGO;213,00;123
2005;8;VRG;SBPA;SBGR;482,00;757
2005;8;VRG;SBCT;SBSP;312,00;1182
2005;8;VRG;SBSV;SBGR;772,00;858
2005;8;VRG;SBBR;SBBE;633,00;131
2005;8;VRG;SBGL;SBBR;578,00;726
2005;8;VRG;SBGO;SBBR;218,00;12
2005;8;VRG;SBCT;SBPA;362,00;285
2005;8;VRG;SBRF;SBFZ;435,00;101
2005;8;VRG;SBNF;SBSP;826,00;32
2005;8;VRG;SBFZ;SBRF;336,00;759
2005;8;VRG;SBCF;SBGL;366,00;50
2005;8;VRG;SBBE;SBMQ;190,00;65
2005;8;VRG;SBBE;SBMQ;342,00;2
2005;8;VRG;SBBE;SBBR;723,00;97
2005;8;VRG;SBGR;SBSV;351,00;1046
2005;8;VRG;SBSP;SBNF;241,00;11
2005;8;VRG;SBBR;SBPA;1770,00;9
2005;8;VRG;SBPS;SBSP;320,00;91
2005;8;VRG;SBBR;SBSP;552,00;303
2005;8;VRG;SBRF;SBFZ;381,00;242
2005;8;VRG;SBPA;SBFL;294,00;40
2005;8;VRG;SBPA;SBFL;721,00;95
2005;8;VRG;SBMQ;SBBE;128,00;108
2005;8;VRG;SBGR;SBCF;806,00;19
2005;8;VRG;SBBH;SBSP;200,00;120
2005;8;VRG;SBFZ;SBBR;505,00;33
2005;8;VRG;SBGL;SBGR;147,00;417
2005;8;VRG;SBPA;SBBR;658,00;46
2005;8;VRG;SBGL;SBSV;763,00;27
2005;8;VRG;SBGL;SBBR;517,00;735
2005;8;VRG;SBSP;SBFL;304,00;830
2005;8;VRG;SBCF;SBGR;257,00;4
2005;8;VRG;SBCT;SBGR;207,00;151
2005;8;VRG;SBGR;SBCF;260,00;102
2005;8;VRG;SBFL;SBPA;155,00;223
2005;8;VRG;SBRF;SBSV;219,00;113
2005;8;VRG;SBRF;SBGL;532,00;173
2005;8;VRG;SBBR;SBGO;119,00;33
2005;8;VRG;SBGL;SBSV;436,00;314
2005;8;VRG;SBVT;SBSP;738,00;50
2005;8;VRG;SBPA;SBCT;911,00;133
2005;8;VRG;SBSV;SBBR;300,00;233
2005;8;VRG;SBCF;SBGR;364,00;262
2005;8;VRG;SBBR;SBPA;538,00;9
2005;8;VRG;SBCT;SBSP;472,00;49
2005;8;VRG;SBSV;SBGL;1170,00;49
2005;8;VRG;SBGL;SBRF;1299,00;118
2005;8;VRG;SBGR;SBCF;735,00;46
2005;8;VRG;SBSV;SBBR;1122,00;10
2005;8;VRG;SBSP;SBBR;341,00;147
2005;8;VRG;SBGL;SBSV;1404,00;406
2005;8;VRG;SBCT;SBFL;123,00;121
2005;8;VRG;SBPA;SBSP;480,00;658
2005;8;VRG;SBSP;SBBR;798,00;165
2005;8;VRG;SBGL;SBCT;262,00;323
2005;8;VRG;SBSP;SBBR;509,00;850
2005;8;VRG;SBRF;SBGL;369,00;866
2005;8;VRG;SBPA;SBFL;273,00;11
2005;8;VRG;SBVT;SBSP;381,00;1089
2005;8;VRG;SBBR;SBSP;187,00;2538
2005;8;VRG;SBFL;SBGR;805,00;6
2005;8;VRG;SBMQ;SBBE;145,00;33
2005;8;VRG;SBGO;SBBR;215,00;20
2005;8;VRG;SBMQ;SBBE;274,00;8
2005;8;VRG;SBSV;SBGR;1310,00;1120
2005;8;VRG;SBSP;SBPA;620,00;37
2005;8;VRG;SBRF;SBFZ;707,00;10
2005;8;VRG;SBGL;SBGR;270,00;975
2005;8;VRG;SBGL;SBRF;1522,00;37
2005;8;VRG;SBBR;SBSV;417,00;72
2005;8;VRG;SBGL;SBRF;693,00;423
2005;8;VRG;SBSP;SBBR;187,00;2301
2005;8;VRG;SBCT;SBPA;370,00;15
2005;8;VRG;SBRF;SBFZ;354,00;122
2005;8;VRG;SBGL;SBBR;534,00;619
2005;8;VRG;SBVT;SBSP;568,00;11
2005;8;VRG;SBPA;SBGL;630,00;1709
2005;8;VRG;SBGL;SBBR;1020,00;88
2005;8;VRG;SBBE;SBMQ;543,00;9
2005;8;VRG;SBPS;SBSP;1134,00;7
2005;8;VRG;SBCT;SBFL;204,00;30
2005;8;VRG;SBEG;SBGR;971,00;1355
2005;8;VRG;SBGR;SBFL;260,00;114
2005;8;VRG;SBGR;SBFL;186,00;313
2005;8;VRG;SBGL;SBCF;293,00;1821
2005;8;VRG;SBSV;SBBR;730,00;11
2005;8;VRG;SBFL;SBGR;306,00;505
2005;8;VRG;SBSP;SBCT;207,00;143
2005;8;VRG;SBGR;SBCF;357,00;588
2005;8;VRG;SBCT;SBSP;328,00;143
2005;8;VRG;SBGR;SBEG;669,00;171
2005;8;VRG;SBPA;SBBR;1227,00;2
2005;8;VRG;SBGL;SBRF;691,00;1748
2005;8;VRG;SBSP;SBPA;482,00;223
2005;8;VRG;SBVT;SBSP;878,00;104
2005;8;VRG;SBPA;SBGL;370,00;459
2005;8;VRG;SBGR;SBPA;263,00;589
2005;8;VRG;SBPS;SBSP;664,00;13
2005;8;VRG;SBSV;SBGL;535,00;1262
2005;8;VRG;SBSP;SBNF;689,00;638
2005;8;VRG;SBGR;SBGL;607,00;38
2005;8;VRG;SBVT;SBSP;398,00;74
2005;8;VRG;SBCT;SBKP;310,00;14
2005;8;VRG;SBKP;SBCT;207,00;59
2005;8;VRG;SBBE;SBBR;1175,00;26
2005;8;VRG;SBFZ;SBRF;212,00;199
2005;8;VRG;SBGL;SBCF;170,00;514
2005;8;VRG;SBPA;SBCT;212,00;151
2005;8;VRG;SBPA;SBCT;191,00;129
2005;8;VRG;SBBR;SBCT;1202,00;11
2005;8;VRG;SBGR;SBFL;409,00;211
2005;8;VRG;SBGL;SBPA;370,00;485
2005;8;VRG;SBPA;SBBR;1476,00;3
2005;8;VRG;SBKP;SBCT;708,00;123
2005;8;VRG;SBGL;SBRF;1826,00;292
2005;8;VRG;SBBR;SBSV;948,00;27
2005;8;VRG;SBEG;SBGR;478,00;676
2005;8;VRG;SBEG;SBGR;669,00;138
2005;8;VRG;SBFZ;SBBR;389,00;105
2005;8;VRG;SBSP;SBBH;364,00;6
2005;8;VRG;SBBR;SBGL;1020,00;84
2005;8;VRG;SBGR;SBSV;574,00;1192
2005;8;VRG;SBSV;SBGR;1571,00;586
2005;8;VRG;SBRF;SBSV;304,00;49
2005;8;VRG;SBBR;SBCT;343,00;7
2005;8;VRG;SBCF;SBGL;210,00;228
2005;8;VRG;SBSP;SBVT;381,00;1185
2005;8;VRG;SBPA;SBSP;558,00;291
2005;8;VRG;SBPA;SBBR;538,00;11
2005;8;VRG;SBRF;SBGL;693,00;685
2005;8;VRG;SBBR;SBCT;309,00;16
2005;8;VRG;SBFL;SBGR;257,00;307
2005;8;VRG;SBGL;SBSV;611,00;657
2005;8;VRG;SBFL;SBSP;318,00;19
2005;8;VRG;SBCT;SBFL;494,00;149
2005;8;VRG;SBFL;SBCT;198,00;359
2005;8;VRG;SBCF;SBGL;209,00;97
2005;8;VRG;SBFL;SBCT;111,00;86
2005;8;VRG;SBBR;SBGR;1071,00;21
2005;8;VRG;SBSV;SBGR;601,00;2508
2005;8;VRG;SBNF;SBSP;180,00;256
2005;8;VRG;SBBR;SBFZ;758,00;40
2005;8;VRG;SBFZ;SBBR;758,00;34
2005;8;VRG;SBGL;SBCT;306,00;140
2005;8;VRG;SBCT;SBKP;158,00;40
2005;8;VRG;SBBR;SBPA;661,00;52
2005;8;VRG;SBPA;SBFL;155,00;183
2005;8;VRG;SBGL;SBSV;688,00;341
2005;8;VRG;SBNF;SBSP;309,00;1467
2005;8;VRG;SBFZ;SBRF;847,00;8
2005;8;VRG;SBPA;SBCT;362,00;286
2005;8;VRG;SBGL;SBGR;607,00;44
2005;8;VRG;SBGL;SBCT;455,00;520
2005;8;VRG;SBSP;SBPA;1183,00;415
2005;8;VRG;SBPA;SBGR;620,00;182
2005;8;VRG;SBGR;SBGL;457,00;391
2005;8;VRG;SBSP;SBPA;496,00;1068
2005;8;VRG;SBSV;SBGL;1169,00;1059
2005;8;VRG;SBFZ;SBBR;1588,00;1
2005;8;VRG;SBCT;SBGR;294,00;793
2005;8;VRG;SBBH;SBSP;593,00;19
2005;8;VRG;SBGR;SBSV;601,00;2220
2005;8;VRG;SBGL;SBRF;369,00;689
2005;8;VRG;SBFL;SBGR;409,00;206
2005;8;VRG;SBSV;SBGL;688,00;277
2005;8;VRG;SBFZ;SBRF;354,00;220
2005;8;VRG;SBGL;SBSV;508,00;720
2005;8;VRG;SBBR;SBFZ;350,00;238
2005;8;VRG;SBEG;SBGR;1011,00;496
2005;8;VRG;SBSP;SBRJ;405,00;2385
2005;8;VRG;SBPS;SBSP;959,00;26
2005;8;VRG;SBGL;SBCT;536,00;72
2005;8;VRG;SBFL;SBGR;733,00;255
2005;8;VRG;SBCT;SBPA;759,00;102
2005;8;VRG;SBCT;SBPA;212,00;116
2005;8;VRG;SBPA;SBFL;367,00;8
2005;8;VRG;SBCT;SBBR;343,00;13
2005;8;VRG;SBBR;SBPA;516,00;40
2005;8;VRG;SBSP;SBFL;260,00;34
2005;8;VRG;SBSP;SBPA;1085,00;9
2005;8;VRG;SBGL;SBPA;630,00;1738
2005;8;VRG;SBSP;SBBH;363,00;34
2005;8;VRG;SBPA;SBFL;281,00;18
2005;8;VRG;SBCT;SBKP;208,00;13
2005;8;VRG;SBSV;SBRF;532,00;24
2005;8;VRG;SBSP;SBCT;472,00;60
2005;8;VRG;SBGL;SBSV;535,00;1457
2005;8;VRG;SBSP;SBNF;180,00;225
2005;8;VRG;SBSP;SBFL;167,00;319
2005;8;VRG;SBSV;SBGR;564,00;2415
2005;8;VRG;SBGR;SBGL;147,00;371
2005;8;VRG;SBSP;SBVT;878,00;119
2005;8;VRG;SBPS;SBSP;652,00;38
2005;8;VRG;SBGL;SBCF;366,00;45
2005;8;VRG;SBFZ;SBBR;650,00;104
2005;8;VRG;SBGL;SBPA;635,00;500
2005;8;VRG;SBCT;SBKP;320,00;14
2005;8;VRG;SBSP;SBCT;328,00;195
2005;8;VRG;SBSV;SBRF;348,00;599
2005;8;VRG;SBBR;SBSV;1121,00;208
2005;8;VRG;SBBE;SBBR;516,00;70
2005;8;VRG;SBCT;SBGL;262,00;316
2005;8;VRG;SBCF;SBGR;806,00;16
2005;8;VRG;SBPA;SBGR;1183,00;669
2005;8;VRG;SBGR;SBBR;798,00;704
2005;8;VRG;SBSV;SBBR;1345,00;57
2005;8;VRG;SBBE;SBMQ;651,00;163
2005;8;VRG;SBPA;SBGL;404,00;242
2005;8;VRG;SBGL;SBPA;404,00;187
2005;8;VRG;SBSP;SBCT;140,00;1574
2005;8;VRG;SBBR;SBGO;215,00;25
2005;8;VRG;SBGL;SBBR;833,00;144
2005;8;VRG;SBPA;SBGL;635,00;486
2005;8;VRG;SBSP;SBCT;208,00;203
2005;8;VRG;SBFZ;SBRF;846,00;134
2005;8;VRG;SBCT;SBGR;208,00;94
2005;8;VRG;SBGO;SBBR;137,00;3
2005;8;VRG;SBGL;SBCT;450,00;345
2005;8;VRG;SBFZ;SBBR;1444,00;75
2005;8;VRG;SBGR;SBCF;364,00;644
2005;8;VRG;SBSP;SBFL;306,00;32
2005;8;VRG;SBGR;SBCF;455,00;88
2005;8;VRG;SBRF;SBGL;1000,00;15
2005;8;VRG;SBEG;SBGR;2102,00;38
2005;8;VRG;SBPA;SBGR;263,00;517
2005;8;VRG;SBCT;SBKP;330,00;106
2005;8;VRG;SBFL;SBSP;454,00;14
2005;8;VRG;SBGR;SBSV;316,00;1741
2005;8;VRG;SBCT;SBKP;590,00;23
2005;8;VRG;SBGO;SBBR;213,00;207
2005;8;VRG;SBCT;SBGL;455,00;169
2005;8;VRG;SBGR;SBBR;517,00;361
2005;8;VRG;SBCF;SBGR;363,00;895
2005;8;VRG;SBEG;SBGR;1265,00;75
2005;8;VRG;SBGL;SBCT;236,00;514
2005;8;VRG;SBCT;SBKP;649,00;1
2005;8;VRG;SBGL;SBBR;1120,00;11
2005;8;VRG;SBGR;SBBR;1168,00;240
2005;8;VRG;SBSP;SBNF;309,00;1532
2005;8;VRG;SBPA;SBGR;237,00;2981
2005;8;VRG;SBBH;SBSP;180,00;334
2005;8;VRG;SBSP;SBNF;314,00;145
2005;8;VRG;SBSP;SBVT;398,00;58
2005;8;VRG;SBSV;SBRF;426,00;139
