﻿Razão Social;ICAO;Representante Legal;País Sede;CNPJ;Endereço Sede;Cidade;UF;CEP;Telefone;E-Mail;Decisão Operacional;Atividades Aéreas;Data Decisão Operacional;Validade Operacional;id_empresa_aerea
21 AIR, LLC;CSB;;ESTADOS UNIDOS DA AMÉRICA; 00.000.000/0000-00;RUA FRANCISCO GLICÉRIO, 2331 - 5o ANDAR - SALA 52 - CENTRO -;CAMPINAS;SP; 13.023-101;(19) 99596-9494;permit.brazil@gmail.com;;ESTRANGEIRA NÃO REGULAR;;01/12/2018;1007093
ABSA - AEROLINHAS BRASILEIRAS S.A.;LTG;;BRASIL; 00.074.635/0001-33;AEROPORTO INTERNACIONAL DE VIRACOPOS - RODOVIA SANTOS DUMONT, KM 66 – S/Nº SISTEMA VIÁRIO PRINCIPAL – LADO ESQUERDO S/Nº - BAIRRO VIRACOPOS;CAMPINAS;SP; 13.051-970;(19) 3725-6300/2138-4494;;DECISÃO Nº 41;TRANSPORTE AÉREO REGULAR;22/04/2015;23/04/2025;1000641
ABX AIR, INC.;ABX;EDUARDO ARTUR RODRIGUES SILVA;ESTADOS UNIDOS DA AMÉRICA; 00.000.000/0000-00;AV. ERASMO BRAGA, 227 - GRUPO 905/908 - CENTRO;RIO DE JANEIRO;RJ; 20.020-902;21-2524-2446;ops@aeromartel.com.br;;ESTRANGEIRA NÃO REGULAR;;01/11/2018;1001462
AEROLINEAS ARGENTINAS S/A;ARG;GONZALO ALEJANDRO ROMERO;ARGENTINA; 33.605.239/0001-44;EST DO AEROPORTO S/N AEROPORTO CIDADE ALTA - SEDE;PORTO SEGURO;BA; 45.810-000;(11) 2175-4200;romero@voeaerolineas.com.br // rodriguez@voearolineas.com.br;;ESTRANGEIRA REGULAR;;;1000992
AEROLINEAS DAMOJH S.A.;DMJ;TAILOR JOSÉ DO NASCIMENTO;MÉXICO; 00.000.000/0000-00;RUA CORTE REAL, 137, CENTRO;NOVO HAMBURGO;RS; 00.000-000;51991365580;taylor@marcturismo.com.br;;ESTRANGEIRA NÃO REGULAR;;20/11/2018;1001309
AERONEXUS CORPORATE;ARN;TATIANA RÊGO E SILVA;ÁFRICA DO SUL; 00.000.000/0000-00;;;; 00.000-000;;;;ESTRANGEIRA NÃO REGULAR;;10/11/2018;1001739
AEROTRANSPORTE MAS DE CARGA S.A. DE C.V.;MAA;DARIO MASTUGUMA;MÉXICO; 07.670.186/0001-35;RODOVIA SANTOS DUMONT, SN, KM 66, SVP L.E.SALA 1A, VIRACOPOS;CAMPINAS ;SP; 13.051-970;(19) 2138-4403;dario.matsuguma@tamcargo.com.br;;ESTRANGEIRA REGULAR;;;1001051
AEROVIAS DAP S/A.;DAP;MARIANO ANDRES EPELE;CHILE; 00.000.000/0000-00;AV. RIO BRANCO 185,SALA 927,CENTRO;BRASÍLIA;DF; 00.000-000;21-25320404;jose.huepe@aeroviasdap.cl // abitibol@airways.com.br;;ESTRANGEIRA NÃO REGULAR;;01/06/2018;1001291
AEROVIAS DEL CONTINENTE AMERICANO S.A. AVIANCA;AVA;FREDERICO MIGUEL PREZA PEDREIRA ELIAS DO COSTA;COLÔMBIA; 33.712.837/0001-12;AV WASHINGTON LUIZ, 7059, CAMPO BELO;SÃO PAULO;SP; 04.627-006;(11) 21761075;contabilidade@brasitest.com.br;;ESTRANGEIRA REGULAR;;;1000358
AEROVÍAS DE MÉXICO S.A DE C.V - AEROMÉXICO;AMX;KLEBER AUGUSTO FRANZI;MÉXICO; 01.369.588/0001-18;AV PAULISTA, 777, 13° ANDAR, CONJ 131, CERQUEIRA CÉSAR;SÃO PAULO;SP; 01.311-100;(11) 3524-4500;paralegal.sp.mazars@mazars.com.br;;ESTRANGEIRA REGULAR;;;1001070
AERO V.I.P. LTDA/DBA AIR CLASS LINEAS AEREAS;QCL;;URUGUAI; 04.135.699/0001-58;AVENIDA ERASMO BRAGA, 227 - GRUPO 905/908 - CENTRO;RIO DE JANEIRO;RJ; 00.000-000;21 2524-2446/98148-6698;ops@aeromartel.com.br;;ESTRANGEIRA NÃO REGULAR;;09/04/2018;1007128
AIR ALGÉRIE;DAH;;ARGÉLIA; 00.000.000/0000-00;SHIS QI 09, Conjunto 13, Casa 01, Lago Sul;BRASÍLIA;DF; 00.000-000;61 3248-1949/3248-4691;sanag277@terra.com.br;;ESTRANGEIRA NÃO REGULAR;;;1006229
AIR ATLANTA ICELANDIC;ABD;TATIANA RÊGO E SILVA;ISLÂNDIA; 00.000.000/0000-00;AV. ERASMO BRAGA, 227 - GRUPO 905/908 - CENTRO;RIO DE JANEIRO;RJ; 20.020-902;21-2524-2446;ops@aeromartel.com.br;;ESTRANGEIRA NÃO REGULAR;;;1001679
AIR BERLIN PLC & CO. LUFTVERKEHRS KG.;BER;PAULO MAURICIO FERREIRA TEIXEIRA;ALEMANHA; 00.000.000/0000-00;AVENIDA TANCREDO NEVES, 805, SALA 601, CAMINHO DAS ÁRVORES;SALVADOR;BA; 41.820-021;(71) 3341--5100/(71) 3021-5204;teixeira@ofb.com.br;;ESTRANGEIRA NÃO REGULAR;;;1000257
AIRBRIDGE CARGO AIRLINES (VOLGA-DNEPR GROUP);ABW;TATIANA RÊGO E SILVA;RÚSSIA; 00.000.000/0000-00;AV. ERASMO BRAGA, 227 - GRUPO 905/908 - CENTRO;RIO DE JANEIRO;RJ; 20.020-902;21-2524-2446;ops@aeromartel.com.br;;ESTRANGEIRA NÃO REGULAR;;30/06/2018;1007171
AIR CANADA;ACA;GIANCARLO TSUYOSHI TAKEGAWA;CANADÁ; 05.385.049/0001-23;AV PAULISTA, 949, CONJUNTOS 131-132, CERQUEIRA CÉSAR;SÃO PAULO;SP; 01.311-100;(11) 3254-6600 / (11) 3041-5135;giancarlo.takegawa@aircanada.ca;;ESTRANGEIRA REGULAR;;;1001217
AIR CARGO GLOBAL;CCC;JOSE GABRIEL LOPES PIRES ASSIS DE ALMEIDA;ESLOVÁQUIA; 00.000.000/0000-00;AV.RIO BRANCO 109,21° ANDAR, CENTRO,RIO DE JANEIRO-RJ;ANGRA DOS REIS;RJ; 20.024-000;21-2242-1077 ;jgaa@aaalaw.com.br;;ESTRANGEIRA NÃO REGULAR;;;1007078
AIR CHINA;CCA;CRISTIANO HOLANDA TRAVASSOS CORRÊA, SHI SHUAI (SHUAI SHI);CHINA; 02.286.477/0001-00;AL SANTOS, 745, CONJ 42, CERQUEIRA CÉSAR;SÃO PAULO;SP; 01.419-001;(11) 3186-8860 / (11) 3186-8870;;;ESTRANGEIRA REGULAR;;;1001091
AIRES - AEROVÍAS DE INTEGRACÍON REGIONAL S.A.;ARE;ERNESTO FRANCISCO JOSE BARTEL TERAN;COLÔMBIA; 15.644.969/0001-72;RUA ÁTICA, Nº 673, SALA 5004  BAIRRO JARDIM BRASIL;SÃO PAULO;SP; 04.634-042;(11) 5171-0656;drilatam@tam.com.br;;ESTRANGEIRA REGULAR;;;1000842
AIR EUROPA LINEAS AEREAS SOCIEDAD ANONIMA;AEA;ENRIQUE MARTÍN AMBROSIO MERINO;ESPANHA; 02.204.537/0001-07;R AUGUSTO FREDERICO SCHIMITH, N° 01, TÉRREO: JARDIM BRASIL, BARRA;SALVADOR;BA; 40.140-390;0800 892 3076 / (71) 3347-8899;atencaoaocliente@air-europa.com;;ESTRANGEIRA REGULAR;;;1000002
AIR TRANSAT A.T. INC;TSC;TAILOR JOSÉ DO NASCIMENTO;CANADÁ; 00.000.000/0000-00;RUA NICOLAU EDMUNDO BLATH,70 SALA 6 ;NOVO HAMBURGO;RS; 93.510-050;(51) 3036-6113 / 9136-5508;taylor@marcturismo.com.br;;ESTRANGEIRA NÃO REGULAR;;01/06/2018;1001712
AIR X CHARTER LTD;AXY;;MALTA; 00.000.000/0000-00;AV. ERASMO BRAGA 227 - GR. 905 A 908, CENTRO;RIO DE JANEIRO;RJ; 20.024-000;(21)2524-2446;ops@aeromartel.com.br;;ESTRANGEIRA NÃO REGULAR;;;1002075
ALIANZA GLANCELOT, C.A. ALBATROS AIRLINES;GAL;TATIANA RÊGO E SILVA;VENEZUELA; 00.000.000/0000-00;AVENIDA ERASMO BRAGA, 227 - GRUPO 905/908 - CENTRO;RIO DE JANEIRO;RJ; 20.020-902;21 2524-2446/98148-6698;ops@aeromartel.com.br;;ESTRANGEIRA NÃO REGULAR;;;1007079
ALITALIA SOCIETA AEREA ITALIANA S.P.A.;AZA;CARLOS ALBERTO MASCARENHAS ANTUNES;ITÁLIA; 10.829.577/0001-64;AVENIDA SÃO LUIS -  NUMERO 50  CONJ 291  - 29 ANDAR PARTE A  CENTRO ;SÃO PAULO;SP; 01.046-000;(11) 3661-0681 / (11) 3661-6591;mkono@uol.com.br	;;ESTRANGEIRA REGULAR;;;1001077
AMASZONAS DEL PARAGUAY S.A - LÍNEAS AÉREAS;AZP;CAMILA RICCI GONÇALVES GARDIN;PARAGUAI; 26.454.308/0001-09;AV: DUQUE DE CAXIAS 4355 VILA ELIANE;CAMPO GRANDE;MS; 20.511-330;67-3368-6095;cricci@amaszonas.com;;ESTRANGEIRA NÃO REGULAR, ESTRANGEIRA REGULAR;;;1007038
AMÉRICA DO SUL TÁXI AÉREO LTDA. - ASTA;AMS;;BRASIL; 02.907.387/0001-90;AEROPORTO MARECHAL RONDON S/Nº, BOX 08, BAIRRO - CENTRO;VÁRZEA GRANDE;MT; 78.110-900;(65) 3614-2599;;DECISÃO Nº 60;TÁXI-AÉREO, LINHAS AÉREA SISTEMÁTICA REGULAR;25/06/2013;26/06/2018;1000220
AMERICAN AIRLINES, INC.;AAL;DILSON LYRA CASTELO BRANCO VERÇOSA JÚNIOR;ESTADOS UNIDOS DA AMÉRICA; 36.212.637/0001-99;RUA DR. FERNANDES COELHO, Nº 64, 7º AO 9º ANDARES - PINHEIROS;SÃO PAULO;SP; 05.423-040;(11) 4502-2150;dilson.vercosa@aa.com;;ESTRANGEIRA REGULAR;;;1000355
ANDES LINEAS AEREAS;ANS;CLÁUDIO CABRAL UCHOA REZENDE;ARGENTINA; 00.000.000/0000-00; RUA HOEPCKE, N 179 - APTO. 306;FLORIANÓPOLIS;SC; 88.010-130;(48)8834-5654 /(48)9982-1000 / (48)3223-4834 ;ccur@globo.com;;ESTRANGEIRA NÃO REGULAR;;;1001410
ANTONOV AIRLINES;ADB;FLAVIO CATOIRA KAUFFMANN;UCRÂNIA; 00.000.000/0000-00;R. VEREADOR ALCEU DE CARVALHO 4.510, RECREIO DOS BANDEIRANTES;RIO DE JANEIRO;RJ; 22.790-879;(21) 3042-0731;kau@flightplan.com.br;;ESTRANGEIRA NÃO REGULAR;;;1001395
APG AIRLINES (A.P.G AIRLINES);RIV;RICARDO ELIAS MALUF;FRANÇA; 00.000.000/0000-00;66 AVENEU CHAMPS ÉLYSÉES 75008, PARIS, FRANCE;BRASÍLIA;DF; 72.000-000;+33153771302;contact@apg-airlines.com;;ESTRANGEIRA REGULAR;;;1007152
APUÍ TÁXI AÉREO LTDA.;CQB;;BRASIL; 01.341.740/0001-54;AV. SANTOS DUMONT, AEROPORTO INTERNACIONAL EDUARDO GOMES, Nº 1350, TPS II, BAIRRO TARUMÃ;MANAUS;AM; 69.049-970;TEL: (92) 3652-1900 / FAX: (92) 3652-1170;;DECISÃO Nº 56;TÁXI-AÉREO, LINHA AÉREA SISTEMÁTICA REGULAR;18/05/2016;20/05/2021;1000625
ASL AIRLINES FRANCE S. A.;FPO;;FRANÇA; 00.000.000/0000-00;Av. Djalma Ribeiro, 25, Apt 1903, Bl 02, Recreio dos Bandeirantes;RIO DE JANEIRO;RJ; 00.000-000;-;operations@phbrazil.com;;ESTRANGEIRA NÃO REGULAR;;;1006318
ATLAS AIR INC;GTI;LUIS FERNANDO ROBERTO DEL VALLE;ESTADOS UNIDOS DA AMÉRICA; 05.056.719/0001-68;R HADDOCK LOBO, 578, 10° ANDAR, CONJUNTO 101, SALA A, CERQUEIRA CÉSAR;SÃO PAULO;SP; 01.414-000;(11) 3284-3900 / (11) 3284-3900;everson.corazza@atlasair.com;;ESTRANGEIRA REGULAR;;;1001218
AUSTRAL LINEAS AÉREAS - CIELOS DEL SUR;AUT;GONZALO ALEJANDRO ROMERO;ARGENTINA; 09.091.549/0001-03;ALAMEDA SANTOS, 2441, 8º ANDAR, CERQUEIRA CESAR;SÃO PAULO;SP; 01.419-101;(11) 2175-4200;virginia@aerolineasargentinas.com.br;;ESTRANGEIRA REGULAR;;;1000557
AVIACON ZITOTRANS;AZS;;RÚSSIA; 00.000.000/0000-00;AV. ERASMO BRAGA 227 - GR. 905 A 908, CENTRO,;RIO DE JANEIRO;RJ; 20.024-000;21 2524-2446/98148-6698;ops@aeromartel.com.br;;ESTRANGEIRA NÃO REGULAR;;30/09/2018;1001619
AVIAN LINEAS AÉREAS S/A;MCJ;CLÁUDIO CABRAL UCHOA REZENDE;ARGENTINA; 00.000.000/0000-00;RUA TENENTE SILVEIRA  Nº 199 SALAS 705/706;FLORIANÓPOLIS;SC; 00.000-000;48 999821000;ccur@globo.com;;ESTRANGEIRA NÃO REGULAR;;14/12/2018;1007155
AVIOR AIRLINES BRASIL C.A.;ROI;TAILOR JOSÉ DO NASCIMENTO;VENEZUELA; 25.039.281/0001-17;RUA JULIO RIBEIRO, Nº 59, SALA 03, BOMFIM;CAMPINAS;SP; 13.070-712;(51) 3036-6113 / 9136-5508;taylor@marcturismo.com.br;;ESTRANGEIRA REGULAR;;;1001403
AZUL LINHAS AÉREAS BRASILEIRAS S.A.;AZU;;BRASIL; 09.296.295/0001-60;AV. MARCOS PENTEADO ULHÔA RODRIGUES,N°939, 9° ANDAR ED. JATOBÁ, COND. CASTELO BRANCO OFFICE PARK - TAMBORÉ;BARUERI;SP; 06.460-040;TEL: (11) 4831-9800 ;juridico@voeazul.com.br;EXTRATO DE CONCESSÃO D.O.U. Nº 232 SEÇÃO 3 PG 44;TRANSPORTE AÉREO REGULAR;26/11/2008;26/11/2018;1000909
BOA BOLIVIANA DE AVIACIÓN;BOV;VICTOR RICARDO PALENQUE DEGIDIO;BOLÍVIA; 12.357.791/0001-90;AVENIDA ANGELICA, 2491, CONJUNTO 102, SANTA CECILIA;SÃO PAULO;SP; 01.227-000;(11) 3129-8751 / (11) 94508-1141;vpalenque@boa.bo;;ESTRANGEIRA REGULAR;;;1001220
BRITISH AIRWAYS PLC;BAW;WILLIANS MEDEIROS ALCANTARA;INGLATERRA; 50.710.730/0001-54;RUA BELA CINTRA, 1149, 5º ANDARM CONJUNTO COMERCIAL 52, CONSOLAÇÃO ;SÃO PAULO ;SP; 01.415-003;(11) 3149-2700;;;ESTRANGEIRA REGULAR;;;1001226
CARGOLOGICAIR LIMITED;CLU;TATIANA RÊGO E SILVA;REINO UNIDO; 00.000.000/0000-00;AVENIDA ERASMO BRAGA, 227 - GRUPO 905/908 - CENTRO;RIO DE JANEIRO;RJ; 00.000-000;21 2524-2446/98148-6698;ops@aeromartel.com.br;;ESTRANGEIRA NÃO REGULAR;;;1002488
CARGOLUX AIRLINES INTENATIONAL S/A;CLX;MATHIEU OLIVIER PIQUES;LUXEMBURGO; 06.069.133/0001-09;AL MAMORE, 535, 11° ANDAR, SALA 1105, ALPHAVILLE;BARUERI;SP; 06.454-040;(11) 4166-5635;jgaa@aaalaw.com.br;;ESTRANGEIRA REGULAR;;;1000365
CARIBBEAN SUN AIRLINES DBA WORLD ATLANTIC AIRLINES;WAL;;ESTADOS UNIDOS DA AMÉRICA; 00.000.000/0000-00;AVENIDA ERASMO BRAGA, 227 - GRUPO 905/908 - CENTRO;RIO DE JANEIRO;RJ; 00.000-000;21 2524-2446/98148-6698;ops@aeromartel.com.br;;ESTRANGEIRA NÃO REGULAR;;;1006137
CAVOK AIR;CVK;TATIANA RÊGO E SILVA;UCRÂNIA; 00.000.000/0000-00;AV. ERASMO BRAGA 227 - GR. 905 A 908, CENTRO, RIO DE JANEIRO;RIO DE JANEIRO;RJ; 20.024-000;21 2524-2446 / 21 98258-7573;ops@aeromartel.com.b;;ESTRANGEIRA NÃO REGULAR;;16/05/2018;1001463
CENTURION AIR CARGO INC.;CWC;ELISABETH APARECIDA FURIAN BENANTE;ESTADOS UNIDOS DA AMÉRICA; 68.632.389/0001-21;RODOVIA SANTOS DUMONT KM 0,28 AV. VIRACOPOS S/N AEROPORTO INTERNACIONAL DE VIRACOPOS ANDAR 02 SALA 205 C- CAIXA POSTAL 3513 ;RIO DE JANEIRO;RJ; 13.055-970;(19) 3518-0000/3518-3147/3265-0468;permit.brazil@gmail.com;;ESTRANGEIRA NÃO REGULAR;;;1000887
COMPAGNIE NATIONALE ROYAL AIR MAROC;RAM;MEHDI EL YAALAOUI;MARROCOS; 42.564.187/0001-04;AV. BRIGADEIRO FARIA LIMA, 3144, 3º ANDAR, SALA 306, JARDIM PAULISTANO;SÃO PAULO;SP; 01.451-000;(11) 3568-2562;meelyaalaoui@royalairmaroc.com;;ESTRANGEIRA REGULAR;;;1000326
COMPAÑIA DE SERVICIOS DE TRANSPORTE AEREO AMASZONAS S.A.;AZN;CAMILA RICCI GONÇALVES GARDIN;BOLÍVIA; 00.000.000/0000-00;Av. Duque de Caxias, 4355, Serradinho;CAMPO GRANDE;MS; 00.000-000;67 3368-6095;cricci@amaszonas.com;;ESTRANGEIRA NÃO REGULAR;;;1000264
COMPAÑIA PANAMEÑA DE AVIACION S.A. (COPA AIRLINES);CMP;LUISA MEDINA;PANAMÁ; 03.834.757/0001-79;Avenida Paulista, 1337, 4º andar, conjuntos 41 e 42, Bela Vista ;SÃO PAULO;SP; 01.311-200;(11) 3549-2672 / 3549-2679;chmoreira@copaair.com;;ESTRANGEIRA REGULAR;;;1000741
CONDOR FLUGDIENST GMBH;CFG;EDUARDO SALOMÃO SONNTAG;ALEMANHA; 18.911.676/0001-00;Rua Rafael de Barros, 210, 4 andar, sala 42, Paraíso;SÃO PAULO;SP; 04.003-040;;;;ESTRANGEIRA REGULAR;;;1001020
CONSORCIO VENEZOLANO DE INDUSTRIAS AERONAUTICAS Y SERVICIOS AÉREOS S.A., CONVIASA;VCV;TAILOR JOSÉ DO NASCIMENTO;VENEZUELA; 00.000.000/0000-00;RUA NICOLAU EDMUNDO BLATH,70 SALA 6 – NOVO HAMBURGO – RS ;NOVO HAMBURGO;RS; 93.510-050;(51) 3036-6113 / 9136-5508;taylor@marcturismo.com.br;;ESTRANGEIRA NÃO REGULAR;;;1000049
CRISTALUX S.A (AMASZONAS URUGUAY);AUZ;RAUL CARLOS MARCELO RODRIGUEZ ALDAY;URUGUAI; 00.000.000/0000-00;RUA QUINTANA 887, 6º ANDAR, CJ.63;SÃO PAULO;SP; 04.569-011;(11) 2548-8900; contato@pascowitchmoreira.com.br;;ESTRANGEIRA NÃO REGULAR, ESTRANGEIRA OFFLINE;;;1007198
CUBANA DE AVIACION S.A.;CUB;MANUEL LÓPEZ BELLO;CUBA; 74.518.861/0001-00;RUA DA CONSOLAÇÃO, 222, CONJUNTOS 2006-2009;SÃO PAULO;SP; 01.302-000;(011) 3214-4571 (011) 3214-2756 ;pedro.ursula@cubanabrasil.com.br;;ESTRANGEIRA REGULAR;;;1000363
DELTA AIR LINES INC.;DAL;LUIZ HENRIQUE MOZ TEIXEIRA;ESTADOS UNIDOS DA AMÉRICA; 00.146.461/0001-77;AV PRESIDENTE ANTONIO CARLOS, 58, 9° ANDAR, CONJ B, CENTRO;RIO DE JANEIRO;RJ; 20.020-010;(11) 3041-5135 / (11) 3041-5135	;lcosta@beslaw.com.br;;ESTRANGEIRA REGULAR;;;1000896
DEUTSCHE LUFTHANSA A.G.;DLH;TOM FRANCOIS ANNETTA MAES;ALEMANHA; 33.461.740/0001-84;RUA GOMES DE CARVALHO, 1356, 12º Andar, Vila Olímpia;SÃO PAULO;SP; 04.547-005;(11) 3048-5808;deivid.fernando@dlh.de;;ESTRANGEIRA REGULAR;;;1001208
DYNAMIC AIRWAYS LLC;DYA;;ESTADOS UNIDOS DA AMÉRICA; 00.000.000/0000-00;Rua Francisco Gliceriono 2331-5° andar sala 52 centro;CAMPINAS;SP; 05.705-270;19-2515-1587/19-7850-3008;permit.brazil@gmail.com;;ESTRANGEIRA NÃO REGULAR;;;1001303
DYRUS S.A. (ALAS URUGUAY OU ALAS U);ALY;TATIANA RÊGO E SILVA;URUGUAI; 00.674.097/0001-18;AV. ERASMO BRAGA 227 - GR. 905 A 908, CENTRO;RIO DE JANEIRO;RJ; 20.024-000;21 2524-2446 / 21 98258-7573;ops@aeromartel.com.br;;ESTRANGEIRA REGULAR;;;1000259
EDELWEISS AIR AG;EDW;IRMGARD MARIA CAMBRELEM;SUÍÇA; 24.494.325/0001-36;Rua Gomes de Carvalho 1356, 12 andar;SÃO PAULO;SP; 04.547-005;;;;ESTRANGEIRA REGULAR;;;1007056
EL AL ISRAEL AIRLINES LTD;ELY;PRISCILA GOLCZEWSKI;ISRAEL; 33.871.534/0001-42;RUA ANDRÉ AMPÉRE, 153, CJ 142, BROOKLIN PAULISTA ;SÃO PAULO;SP; 04.562-080;(11) 4508-0515;priscilag@elal.com.br;;ESTRANGEIRA REGULAR;;;1000926
EMIRATES;UAE;STEPHANE PERARD;EMIRADOS ÁRABES UNIDOS; 08.692.080/0001-03;R JAMES JOULE, 92, ANDAR 7 CJS.71 E 72, CIDADE MONCOES ;SÃO PAULO;SP; 04.576-080;(11) 5503-5021/5503-5000;camila.caparroz@emirates.com;;ESTRANGEIRA REGULAR;;;1000901
EMPRESA DE TRANSPORTES AÉREOS DE CABO VERDE - TACV S.A.;TCV;JOSÉ LUIZ SÁ NOGUEIRA;CABO VERDE; 07.469.035/0001-13;AV SENADOR CARLOS JEREISSATI 3000 - BAIRRO SERRINHA;FORTALEZA;CE; 60.741-900;(85) 33921354;;;ESTRANGEIRA REGULAR;;;1001221
ETHIOPIAN AIRLINES ENTERPRISE;ETH;RICARDO ELIAS MALUF;ETIÓPIA; 18.002.679/0001-13;Avenida Doutor Rafael de Barros, 210 - 4° andar, Paraíso;SÃO PAULO;SP; 04.003-041;(11) 3661-0681 / (11) 3661-6591;rmaluf@maluferodrigues.adv.br;;ESTRANGEIRA REGULAR;;;1000176
ETIHAD AIRWAYS P.J.S.C.;ETD;CARLOS ALBERTO MASCARENHAS ANTUNES, CHRISTOPHE JEAN DANIEL DIDIER, THIAGO PEREIRA CARVALHO;EMIRADOS ÁRABES UNIDOS; 17.120.794/0001-20;AV. PRESIDENTE JUSCELINO KUBITSCHECK, N° 1600, conj. 131, VILA NOVA CONCEIÇÃO;SÃO PAULO;SP; 04.543-000;(11) - 30801629;fobana@etihad.ae;;ESTRANGEIRA REGULAR;;;1000129
EUROATLANTIC AIRWAYS;MMZ;CLÁUDIO CABRAL UCHOA REZENDE;PORTUGAL; 00.000.000/0000-00;Av. Erasmo Braga, 227 - Grupo 905/908 - Centro;RIO DE JANEIRO;RJ; 00.000-000;21 2524-2446/98148-6698;ops@aeromartel.com.br;;ESTRANGEIRA NÃO REGULAR;;09/05/2018;1001335
FEDEX - FEDERAL EXPRESS CORPORATION;FDX;VERA LUCIA BARBOSA LIMA;ESTADOS UNIDOS DA AMÉRICA; 00.676.486/0001-82;AV. DAS NAÇÕES UNIDAS, Nº 17.891, 1º ANDAR - BAIRRO SANTO AMARO;SÃO PAULO;SP; 04.795-100;(11) 5514-7340	;cellene@fedex.com	;;ESTRANGEIRA REGULAR;;;1000362
FLORIDA WEST INTL. AIRWAYS, INC.;FWL;;ESTADOS UNIDOS DA AMÉRICA; 00.000.000/0000-00;Rua Nicolau Edmundo Blath, 70, Sala 06;NOVO HAMBURGO;RS; 00.000-000;-;taylor@marcturismo.com.br;;ESTRANGEIRA NÃO REGULAR;;;1001363
FLY ALLWAYS N.V.;;ADOLFO RICARDO SILVA MARQUES;SURINAME; 00.000.000/0000-00;RUA BARAO DE TATUI, 386, CONJUNTO 32, VILA BUARQUE;SÃO PAULO;SP; 13.564-040;16 99713 4401/ 997035005;ricardo.marques@flyallways.com /// headofIice@flyallways.com;;ESTRANGEIRA NÃO REGULAR;;;1000135
FLYEST LINEAS AÉREAS;OLS;TATIANA RÊGO E SILVA;ARGENTINA; 00.000.000/0000-00;AV. ERASMO BRAGA, 227 – GRUPO 905/908 – CENTRO;RIO DE JANEIRO;RJ; 72.000-000;21-2524-2446 ;ops@aeromartel.com.br;;ESTRANGEIRA NÃO REGULAR;;;1007200
GLOBAL AFRICA AVIATION;GAA;TATIANA RÊGO E SILVA;ZIMBÁBUE; 00.000.000/0000-00;;;; 00.000-000;;;;ESTRANGEIRA NÃO REGULAR;;30/08/2018;1006000
GOL LINHAS AÉREAS S.A. (EX- VRG LINHAS AÉREAS S.A.);GLO;;BRASIL; 07.575.651/0001-59;PRAÇA SENADOR SALGADO FILHO, S/N°, AEROPORTO SANTOS DUMONT, TÉRREO, ÁREA PÚBLICA, ENTRE OS EIXOS 46-48/0-P;RIO DE JANEIRO;RJ; 20.021-340;0800 704 0465;wtodorov@voegol.com.br;EXTRATO DE TERMO ADITIVO D.O.U Nº  238 SEÇÃO 3 PG 16;TRANSPORTE AÉREO REGULAR;14/12/2009;11/12/2019;1000854
HI FLY MALTA;HFM;;PORTUGAL; 00.000.000/0000-00;RUA PROF. DIAS DA ROCHA, 750 - SALA 1201 - MEIRELES ;FORTALEZA;CE; 60.170-310;(85)-9621-2310;gcaraca@hlfly.aero;;ESTRANGEIRA NÃO REGULAR;;04/02/2019;1001476
HI FLY TRANSPORTES AEREOS;HFY;GEAN CARLOS GUANABARA CARACAS ;PORTUGAL; 00.000.000/0000-00;RUA PROF. DIAS DA ROCHA, 750 - SALA 1201 - MEIRELES;FORTALEZA;CE; 60.170-310;(85) 9621-2310/Fax (85) 3224-0704 ;gcaracas@terra.com.br;;ESTRANGEIRA NÃO REGULAR;;;1001736
HILLWOOD AIRWAYS;HWA;TATIANA RÊGO E SILVA;ESTADOS UNIDOS DA AMÉRICA; 00.000.000/0000-00;13537 HERITAGE PARKWAY, FORT WORTH, TEXAS, ;BRASÍLIA;DF; 00.076-177;21-2524-2446 ;ops@aeromartel.com.br ;;ESTRANGEIRA NÃO REGULAR;;;1007163
IBÉRIA LINEAS AEREAS DE ESPAÑA SOCIEDAD ANONIMA OPERADORA;IBE;CARLOS GULIN AMERICO AREAS, MARTA SANCHEZ OQUILLAS;ESPANHA; 13.115.840/0001-41;RUA BELA CINTRA, 1149, 5º ANDAR, CONJ. 52, CONSOLAÇÃO;SÃO PAULO;SP; 01.415-003;(11) 3149-2700;cagulin@iberia.es;;ESTRANGEIRA REGULAR;;;1000972
ICELANDAIR;ICE;EDUARDO ARTUR RODRIGUES SILVA;ISLÂNDIA; 00.000.000/0000-00;;;; 00.000-000;;;;ESTRANGEIRA NÃO REGULAR;;;1001294
INSEL AIR ARUBA N.V.;NLU;TATIANA RÊGO E SILVA;ARUBA; 21.318.412/0001-44;AV. ERASMO BRAGA, 227, GRUPO 905 A 908 - PARTE, CENTRO;RIO DE JANEIRO;RJ; 20.020-902;21 2524-2446;tatiana@aeromartel.com.br;;ESTRANGEIRA NÃO REGULAR;;;1000265
INSEL AIR INTERNATIONAL B.V.;INC;TATIANA RÊGO E SILVA;CURAÇAO; 20.175.597/0001-12;AVENIDA ERASMO BRAGA, 227, SALA 905 A 908 (PARTE), CENTRO;RIO DE JANEIRO;RJ; 20.020-902;(21) 2524-2446 / 9 8148-6698;tatiana@aeromartel.com.br;;ESTRANGEIRA REGULAR;;;1000145
JETMAGIC;JMK;;MALTA; 00.674.097/0001-18;AV. ERASMO BRAGA 227 - GR. 905 A 908, CENTRO;RIO DE JANEIRO;RJ; 20.024-000;(21) 2524-2446 / (21 )98258-7573;ops@aeromartel.com.br;;ESTRANGEIRA NÃO REGULAR;;;1003596
JORDAN AVIATION;JAV;;JORDÂNIA; 00.000.000/0000-00;AV. DJALMA RIBEIRO, N: 25, Complemento: APTO 1903, BLOCO 02 - Bairro: RECREIO DOS BANDEIRANTES  ;RIO DE JANEIRO;RJ; 22.790-790;(21)  9747-5124 / (21)  3521-7171 ;operations@phbrazil.com;;ESTRANGEIRA NÃO REGULAR;;;1006420
KAISER AIR;KAI;BRUNO FERREIRA MAHER;ESTADOS UNIDOS DA AMÉRICA; 00.000.000/0000-00;RUA MARIO AGOSTINELLI, 55, APTO 110,BLOCO 02,BARRA DA TIJUCA ;RIO DE JANEIRO;RJ; 22.775-044;21- 2421-6273;MAHER@MAHER.COM.BR;;ESTRANGEIRA NÃO REGULAR;;;1003641
KAISER AIR;KAI;BRUNO FERREIRA MAHER;ESTADOS UNIDOS DA AMÉRICA; 00.000.000/0000-00;;;; 00.000-000;;;;ESTRANGEIRA NÃO REGULAR;;;1003641
KALITTA AIR LLC;CKS;TAILOR JOSÉ DO NASCIMENTO;ESTADOS UNIDOS DA AMÉRICA; 00.000.000/0000-00;RUA NICOLAU EDMUNDO BLATH, 70 SALA 6;NOVO HMABURGO;RS; 93.510-050;;;;ESTRANGEIRA NÃO REGULAR;;;1001358
KELOWNA FLIGHTCRAFT AIR CHARTER;KFA;;CANADÁ; 00.000.000/0000-00;RUA FRANCISCO GLICÉRIO, 2331 - 5o ANDAR - SALA 52 - CENTRO ;CAMPINAS;SP; 13.023-101;19 2515-1587 / 99596-9494;permiti.brazil@gmail.com;;ESTRANGEIRA NÃO REGULAR;;;1003654
KLM CIA. REAL HOLANDESA DE AVIAÇÃO;KLM;JEAN-MARC POUCHOL;HOLANDA; 33.643.420/0001-45;AV. CHEDID JAFET, 222, BLOCO B, VILA OLÍMPIA;SÃO PAULO;SP; 04.551-065;(11) 5180-5100;societario@premiersolutions.com.br;;ESTRANGEIRA REGULAR;;;1000899
KOREAN AIR LINES CO. LTD.;KAL;JAE HONG HWANG, KWANG YOUNG PARK, YONG TAEK JUN, YOUNG JUN SON;COREIA DO SUL; 48.796.031/0001-27;ALAMEDA CAMPINAS Nº 579 ,13º ANDAR , CONJ. 132- - JARDIM PAULISTA;SÃO PAULO;SP; 01.404-100;(11) 36610681;mkono@uol.com.br;;ESTRANGEIRA REGULAR;;;1001046
LACSA LÍNEAS AÉREAS COSTARRICENSES S/A;LRC;RICARDO ELIAS MALUF;COSTA RICA; 00.505.928/0001-28;AVENIDA WASHINGTON LUIS, Nº7059;CAMPO BELO;SP; 04.627-006;(11) 3893-8228;patricia.marques@aviancataca.com;;ESTRANGEIRA REGULAR;;;1000903
LAN ARGENTINA S.A.;DSM;JOSÉ ROBERTO BERALDO;ARGENTINA; 08.650.490/0001-83;Avenida Dr. Lino de Moraes Leme, nº 812 - Vila Paulista;SÃO PAULO;SP; 04.360-000;(11) 5171-0669 / 5171-0664;gar@tam.com.br;;ESTRANGEIRA REGULAR;;;1000923
LAN CARGO S.A.;LCO;DARIO MASTUGUMA, LUIS AGOSTINHO MARQUES CARO QUINTILIANO;CHILE; 47.861.372/0001-76;ROD. SANTOS DUMONT, S/Nº, KM 66, S.V.P. LADO ESQUERDO, VIRACOPOS;CAMPINAS;SP; 13.051-970;19 2138-4403;dario.matsuguma@tamcargo.com.br;;ESTRANGEIRA REGULAR;;;1001047
LAN PERU S.A.;LPE;JOSÉ ROBERTO BERALDO;PERU; 08.650.540/0001-22;RUA ÁTICA, Nº 673, SALA 5002, BAIRRO JARDIM BRASIL;SÃO PAULO;SP; 04.634-042;(11) 5171-0656;drilatam@tam.com.br;;ESTRANGEIRA REGULAR;;;1000553
LATAM AIRLINES GROUP (EX - LAN AIRLINES S/A);LAN;JOSÉ ROBERTO BERALDO;CHILE; 33.937.681/0001-78;Rua Ática, nº 673, sala 5001, Jardim Brasil ;SÃO PAULO;SP; 04.634-042;(11) 5171-0656;drilatam@tam.com.br;Portaria 126/GM5 de 8 de fevereiro de 1995;ESTRANGEIRA REGULAR;08/02/1995;;1000282
LÍNEA AÉREA CARGUEIRA DE COLOMBIA S.A - LANCO;LAE;DARIO MASTUGUMA, DIOGO ABADIO NUNES ELIAS, LUIS AGOSTINHO MARQUES CARO QUINTILIANO;COLÔMBIA; 11.057.988/0001-41;ROD SANTOS DUMONT - KM 66 S. VIARIO PRINCIPAL - VIRACOPOS;CAMPINAS;SP; 13.051-970;(19) 2138-4403;dario.matsuguma@tamcargo.com.br;DECISÃO Nº 307, DE 18 DE AGOSTO DE 2008.;ESTRANGEIRA REGULAR;18/08/2008;;1000936
LÍNEAS AÉREAS SURAMERICANAS S.A.;LAU;TATIANA RÊGO E SILVA;COLÔMBIA; 00.000.000/0000-00;Av. Erasmo Braga, 227 - Grupo 905/908 - Centro;RIO DE JANEIRO;RJ; 00.000-000;21 2524-2446/98148-6698;ops@aeromartel.com.br;;ESTRANGEIRA NÃO REGULAR;;04/06/2018;1001713
LOT POLISH AIRLINES;LOT;;POLÔNIA; 00.000.000/0000-00;;;;;;;;ESTRANGEIRA NÃO REGULAR;;;1000077
LOT POLISH AIRLINES;LOT;;POLÔNIA; 00.000.000/0000-00;POISKIE LINIE LOTNICZE LOT S.A. 17 STYCZNIA STREET 43 ;BRASÍLIA;DF; 00.000-000; 21 97475 1241;operatjons@phbrazil.com;;ESTRANGEIRA NÃO REGULAR;;;1000077
LUFTHANSA CARGO AG;GEC;GUNNAR LOHR;ALEMANHA; 01.912.192/0001-75;R GOMES DE CARVALHO Nº1356 12º ANDAR-VILA OLIMPIA ;SÃO PAULO;SP; 04.547-005;11 3048-5808;deivid.fernando@dlh.de;;ESTRANGEIRA REGULAR;;;1001011
MALETH-AERO AOC LTD;MLT;;MALTA; 00.000.000/0000-00;AV. ERASMO BRAGA, 227 – GRUPO 905/90;RIO DE JANEIRO;RJ; 72.000-000;21-2524-2446//21-98148-6698 ;ops@aeromartel.com.br  ;;ESTRANGEIRA NÃO REGULAR;;07/08/2018;1007191
MAP TRANSPORTES AÉREOS LTDA.;PAM;;BRASIL; 10.483.635/0001-40;AVENIDA SANTOS DUMONT, Nº 1916, AEROPORTO INTERNACIONAL DE MANAUS EDUARDO GOMES - TPS II - HANGAR II, BAIRRO TARUMÃ;MANAUS;AM; 69.041-000;(92) 2125-5000;;DECISÃO Nº 89;TRANSPORTE AÉREO REGULAR;14/08/2012;17/08/2022;1000927
MARTINAIR HOLLAND N.V.;MPH;RICARDO MACIEL MANFRIN DA SILVA;PAÍSES BAIXOS; 04.630.691/0001-68;AEROPORTO INTERNACIONAL DE VIRACOPOS, S/N , CENTRO EMPRESARIAL DE VIRACOPOS S/Nº - SALAS 376 A 378;CAMPINAS;SP; 13.052-901;+55 19 3725 6179 /  +55 19 98347 0060 ;ricardo.macielmanfrindasilva@klmcargo.com ;DECISÃO Nº 98, DE 08 DE JULHO DE 2010.;ESTRANGEIRA REGULAR;08/07/2010;;1000853
MAXIMUS AIRLINES L.L.C;MXM;;UCRÂNIA; 00.000.000/0000-00;AV. ERASMO BRAGA, 227 – GRUPO 905/908 ;RIO DE JANEIRO;RJ; 20.020-000;21-2524-2446     21-98148-6698;ops@aeromartel.com.br ;;ESTRANGEIRA NÃO REGULAR;;;1007193
MERIDIANA FLY S.P.A.;ISS;TATIANA RÊGO E SILVA;ITÁLIA; 22.096.468/0001-64;AV. ERASMO BRAGA, Nº 227, SALA 905-908, CENTRO;RIO DE JANEIRO;RJ; 20.020-902;;;DECISÃO Nº 67;ESTRANGEIRA REGULAR;23/06/2015;;1000346
MODERN TRANSPORTE AÉREO DE CARGA S.A.;MWM;;BRASIL; 03.887.831/0001-15;AVENIDA PREFEITO LUIZ LATORRE, Nº 9450, CONDOMINIO MASTER BUSINESS PARK, GALPÃO 17, SALA 1, VILA DAS HORTÊNCIAS;JUNDIAÍ;SP; 13.209-430;(21) 2272-9272;;DECISÃO Nº 79;TRANSPORTE AÉREO REGULAR;31/05/2017;02/06/2027;1000004
NATIONAL AIRLINES.;NAN;;ESTADOS UNIDOS DA AMÉRICA; 00.000.000/0000-00;Av. Erasmo Braga, 227 - Grupo 905/908 - Centro;ANGRA DOS REIS;RJ; 00.000-000;21 2524-2446/98148-6698;ops@aeromartel.com.br;;ESTRANGEIRA NÃO REGULAR;;;1004146
NATIONAL AIRLINES..;NCR;TATIANA RÊGO E SILVA;ESTADOS UNIDOS DA AMÉRICA; 00.000.000/0000-00;AV. ERASMO BRAGA, 227 - GRUPO 905/908 - CENTRO;RIO DE JANEIRO;RJ; 20.020-902;21-2524-2446 ;ops@aeromartel.com.br;;ESTRANGEIRA NÃO REGULAR;;;1006984
NATIONAL AIRLINES..;NCR;TATIANA RÊGO E SILVA;ESTADOS UNIDOS DA AMÉRICA; 00.000.000/0000-00;;;; 00.000-000;;;;ESTRANGEIRA NÃO REGULAR;;;1006984
NATIONAL AIRLINES....;KUS;;ÁFRICA DO SUL; 00.000.000/0000-00;;;; 00.000-000;;;;ESTRANGEIRA NÃO REGULAR;;;1006482
NORWEGIAN AIR UK LIMITED;NRS;CRISTIANE LOCATELI TODESCHINI;REINO UNIDO; 00.000.000/0000-00;;;; 00.000-000;;;;ESTRANGEIRA NÃO REGULAR;;;1006435
NORWEGIAN AIR UK LIMITED;NRS;CRISTIANE LOCATELI TODESCHINI;REINO UNIDO; 00.000.000/0000-00;RUA ABÍLIO SOARES, 537, APTO 41;SÃO PAULO;SP; 04.000-500;11-988885409;crislocateli@br.gt.com;;ESTRANGEIRA NÃO REGULAR;;;1006435
OCEANAIR LINHAS AÉREAS S.A. (AVIANCA);ONE;;BRASIL; 02.575.829/0001-48;AV. WASHINGTON LUIZ, 7059  6° ANDAR – CAMPO BELO;SÃO PAULO;SP; 04.627-006;(11) 2176-1000/1012;wladimir.pinchiaro@avianca.com.br;Decisão nº 8;TRANSPORTE AÉREO REGULAR;19/01/2018;22/01/2028;1000420
ONE AIRLINES;ONS;CLÁUDIO CABRAL UCHOA REZENDE;CHILE; 00.000.000/0000-00;RODOVIA VIRGILIO VARZEA, 244 - AP 804 -BL A ;FLORIANÓPOLIS;SC; 88.032-000;(48)3223-4834/(48)8834-5654;ccur@globo.com;Ofício nº 842;ESTRANGEIRA NÃO REGULAR;25/10/2017;30/09/2018;1004337
PASSAREDO TRANSPORTES AÉREOS S.A. - EM RECUPERAÇÃO JUDICIAL;PTB;;BRASIL; 00.512.777/0001-35;SETOR DE HANGARES. ENTRADA PELA AV. THOMAZ ALBERTO WHATELY S/Nº, LOTES 14,16,20 E 22 AEROPORTO LEITE LOPES - JARDIM AEROPORTO;RIBEIRÃO PRETO;SP; 14.078-550;(16) 3514-7100/3626-2609;sac@voepassaredo.com.br;DECISÃO Nº 90;TRANSPORTE AÉREO REGULAR;16/06/2010;18/06/2020;1001101
PLUS ULTRA LÍNEAS AÉREAS S/A;PUE;;ESPANHA; 00.000.000/0000-00;RUA PRESIDENTE JOÃO GOULART, Nº 529;CAMPINAS;SP; 00.000-000;19 99596-9494;morellivanderlei@gmail.com;;ESTRANGEIRA NÃO REGULAR;;30/06/2018;1007127
QATAR AIRWAYS;QTR;RENATO ANTONIO HAGOPIAN;QATAR; 08.734.301/0001-50;RUA SAMUEL MORSE, Nº 134, ANDAR 9 CONJ 91 E 92;SÃO PAULO;SP; 04.576-060;(11) 2575-3010;rhagopian@br.qatarairways.com;;ESTRANGEIRA REGULAR;;;1000902
RIMA - RIO MADEIRA AEROTÁXI LTDA.;RIM;;BRASIL; 04.778.630/0001-42;AV. LAURO SODRÉ, Nº 6490 - AEROPORTO INTERNACIONAL DE PORTO VELHO - LOJA 04;PORTO VELHO;RO; 78.903-711;(69) 3225-8000;;DECISÃO Nº 116;TÁXI-AÉREO, LINHAS AÉREA SISTEMÁTICA REGULAR;26/07/2017;27/07/2022;1000724
RIO LINHAS AÉREAS S.A.;RIO;;BRASIL; 01.976.365/0001-19;AVENIDA ROCHA POMBO, S/Nº, HANGAR RIO ;SÃO JOSÉ DOS PINHAIS;PR; 83.006-512;(41) 3147-8227;juridico@riocargo.com;DECISÃO Nº 109;TRANSPORTE AÉREO REGULAR;10/08/2010;11/08/2020;1000532
RUBYSTAR;RBS;DAISY MARIA MATTOS PONTES;BIELORRÚSSIA; 00.000.000/0000-00;Rua Garibaldi 256, Tijuca;RIO DE JANEIRO;RJ; 20.511-330;21 2570-9725/ 21 98007-5482;d.pontes@dmxflights.com.br;;ESTRANGEIRA NÃO REGULAR;;;1007107
RUBYSTAR MIKHALAP Y.I.;RSB;DAISY MARIA MATTOS PONTES;BIELORRÚSSIA; 00.000.000/0000-00;RUA GARIBALDI, 256, TIJUCA ;RIO DE JANEIRO;RJ; 20.511-330;(21) 2570-9725;d.pontes@dmxflights.com.br ;;ESTRANGEIRA NÃO REGULAR;;;1001625
SATA INTERNACIONAL - SERVIÇOS E TRANSPORTES AÉREOS S.A.;RZO;TATIANA RÊGO E SILVA;PORTUGAL; 16.800.127/0001-25;AV. ERASMO BRAGA, 227 - GRUPO 905/908, CENTRO;RIO DE JANEIRO;RJ; 20.020-902;21 2524-2446;ops@aeromartel.com.br;;ESTRANGEIRA NÃO REGULAR;;;1000100
SAUDIA AIRLINES CARGO;SVA;;ARÁBIA SAUDITA; 00.000.000/0000-00;RUA PADRE ANGELO SIQUEIRA, 160, JARDIM SÃO BENTO;SÃO PAULO;SP; 02.526-040;11 3121-8611 ///11 99120-6487;weinberg@atc-aviation.com;;ESTRANGEIRA NÃO REGULAR;;31/12/2018;1007211
SETE LINHAS AÉREAS LTDA.;SLX;;BRASIL; 04.732.914/0001-06;AV. SANTOS DUMONT, S/Nº, ÁREA INTERNA DO AEROPORTO SANTA GENOVEVA, HANGAR III;GOIÂNIA;GO; 74.672-450;(62) 3096-7000/7017;;EXTRATO DE TERMO ADITIVO D.O.U Nº  238 SEÇÃO 3 PG 16;TRANSPORTE AÉREO REGULAR;10/12/2009;10/12/2019;1000620
SIDERAL LINHAS AÉREAS LTDA.;SID;;BRASIL; 10.919.908/0001-57;RODOVIA CONTORNO LESTE BR-116, Nº 9.119, 3º ANDAR, SALA 01, BAIRRO COSTEIRA. CAIXA POSTAL Nº 1054;SÃO JOSÉ DOS PINHAIS;PR; 83.015-162;(41)31169000/(41)31169040;anderson@siderallinhasaereas.com.br     ;DECISÃO Nº 210, DE 20 DE DEZEMBRO DE 2017;TRANSPORTE AÉREO NÃO REGULAR;22/12/2017;22/12/2022;1000831
SILK WAY WEST AIRLINES;AZG;;AZERBAIJÃO; 00.000.000/0000-00;AV. ERASMO BRAGA, 227 – GRUPO 905/908 – CENTRO ;RIO DE JANEIRO;RJ; 00.000-000;21-2524-2446 //// 21-98148-6698;ops@aeromartel.com.br;;ESTRANGEIRA NÃO REGULAR;;30/06/2018;1007212
SKY AIRLINE S.A.;SKU;CARLOS ALBERTO CORREA VAZ DE PAIVA;CHILE; 20.023.372/0001-40;RUA DO OUVIDOR, 161 - CENTRO;RIO DE JANEIRO;RJ; 20.040-031;11 99907-2651/3527-9520;cpaivalaw@uol.com.br;;ESTRANGEIRA NÃO REGULAR;;;1000304
SKY LEASE I, INC;KYE;;ESTADOS UNIDOS DA AMÉRICA; 00.000.000/0000-00;RUA FRANCISCO GLICÉRIO, 2331 - 5o ANDAR - SALA 52 - CENTRO ;CAMPINAS;SP; 13.023-101;19-2515-1587 / 99596-9494;permit.brazil@gmail.com;;ESTRANGEIRA NÃO REGULAR;;31/12/2018;1000246
SOCIÉTÉ AIR FRANCE;AFR;JEAN-MARC POUCHOL;FRANÇA; 33.013.988/0001-82;AV. CHEDID JAFET, 222, BLOCO B, 2º ANDAR - VILA OLÍMPIA;SÃO PAULO;SP; 04.551-065;(11) 51805100;maazevedo@airfrance.fr;;ESTRANGEIRA REGULAR;;;1000987
SOUTH AFRICAN AIRWAYS STATE OWNED COMPANY (SOC) LIMITED;SAA;ALTAMIRO MEDICI SEVERINO;ÁFRICA DO SUL; 33.896.614/0001-52;RUA MATIAS AIRES, 402, SALAS 31 E 32 - CONSOLAÇÃO;SÃO PAULO;SP; 01.309-020;(11) 3065-5127;altamiromedici@flysaa.com;;ESTRANGEIRA REGULAR;;;1000827
SURINAM AIRWAYS LTDA.;SLM;ANTONIO CARLOS SILVA PANTOJA;SURINAME; 04.489.027/0001-40;Avenida Júlio César, s/n, Setor de Companhias Aéreas, sala 01, Bairro: Val-de-cães;BELÉM;PA; 66.115-970;(91) 3210-6435 / 3210-6436;acspantoja25(5)gmail.com;;ESTRANGEIRA REGULAR;;;1000357
SWIFT AIR, LLC;SWQ;;ESTADOS UNIDOS DA AMÉRICA; 00.000.000/0000-00;AV. ERASMO BRAGA 227 - GR. 905 A 908, CENTRO, RIO DE JANEIRO;RIO DE JANEIRO;RJ; 20.024-000;21-2524-2446 / 21- 98258-7573;ops@aeromartel.com.br;;ESTRANGEIRA NÃO REGULAR;;;1001650
SWISS INTERNATIONAL AIR LINES LTD.;SWR;TOM FRANCOIS ANNETTA MAES;SUÍÇA; 05.508.556/0001-07;RUA GOMES DE CARVALHO, Nº 1356 CJ 121/122 - VILA OLIMPIA;SÃO PAULO;SP; 04.547-005;(11) 3048-5867 / (11) 3048-5822;tom.maes@dlh.de;;ESTRANGEIRA REGULAR;;;1000742
TAAG LINHAS AÉREAS DA ANGOLA (ANGOLA AIRLINES);DTA;LUÍS FERRREIRA DE ALMEIDA;ANGOLA; 29.926.961/0001-03;Av. Presidente Vargas, 542, Grupos 301 a 304 - Centro;RIO DE JANEIRO;RJ; 20.071-000;(21) 2206-3050 / 2206-3051;;;ESTRANGEIRA REGULAR;;;1000948
TAG AVIATION UK;VIP;TATIANA RÊGO E SILVA;REINO UNIDO; 00.000.000/0000-00;AV.ERASMO BRAGA,227-GR.905 A 908,CENTRO;RIO DE JANEIRO;RJ; 20.024-000;(21) 2524-2446/(21)2524-1381;ops@aeromartel.com.br;;ESTRANGEIRA NÃO REGULAR;;;1005806
TAME LINEA AEREA DEL ECUADOR;TAE;CARLOS ALBERTO CORREA VAZ DE PAIVA;EQUADOR; 18.910.722/0001-49;ALAMEDA LORENA, 800 - 10º ANDAR, JARDINS;SÃO PAULO;SP; 01.424-001;(11) 3527-9595;cpaivalaw@uol.com.br;;ESTRANGEIRA REGULAR;;;1000895
TAM LINHAS AÉREAS S.A.;TAM;;BRASIL; 02.012.862/0001-60;RUA VERBO DIVINO 2001, 16 ANDAR, CHÁCARA SANTO ANTONIO;SÃO PAULO;SP; 04.719-002;(11) 5582-8055 / (11) 5582-8050;gar@tam.com.br   ;DECISÃO Nº 118;TRANSPORTE AÉREO REGULAR;08/11/2011;09/11/2021;1001093
TAMPA CARGO S.A.;TPA;FREDERICO MIGUEL PREZA PEDREIRA ELIAS DO COSTA;COLÔMBIA; 08.656.400/0001-61;ROD Santo Dumont KM 66 Aeroporto Internacional de Viracopos – Bairro Jardim Itantinga;SÃO PAULO;SP; 13.052-900;;;;ESTRANGEIRA REGULAR;;;1000740
TAP - TRANSPORTES AÉREOS PORTUGUESES S/A;TAP;MÁRIO AUGUSTO MONTEIRO CERA CARVALHO;PORTUGAL; 33.136.896/0001-90;Avenida Paulista, nº 453, 14º andar, Bela Vista;SÃO PAULO;SP; 01.311-000;(11) 2132-1866;bchimenti@tap.pt;;ESTRANGEIRA REGULAR;;;1000609
TITAN AIRWAYS;AWC;;REINO UNIDO; 00.000.000/0000-00;;;; 00.000-000;;;;ESTRANGEIRA NÃO REGULAR;;;1001642
TOTAL LINHAS AÉREAS S.A.;TTL;;BRASIL; 32.068.363/0001-55;AV. SENADOR SALGADO FILHO, 5397 SALA D - BAIRRO UBERABA;CURITIBA;PR; 80.215-270;TEL: (41) 3371-8200  /  FAX: (41) 3371-8231;geraldoantonio@total.com.br;DECISÃO Nº 28;TRANSPORTE AÉREO REGULAR;22/02/2011;28/02/2021;1000780
TRANS AMERICAN AIRLINES S.A. - TACA PERU;TPU;MARCELO NASTROMAGARIO;PERU; 05.025.040/0001-01;Av. Washington Luiz, 7059;SÃO PAULO;SP; 04.627-006;(11) 3167-1949;rmaluf@maluferodrigues.adv.br;;ESTRANGEIRA REGULAR;;;1000364
TRANSCARGA INTERNATIONAL AIRWAYS C.A.;TIW;TATIANA RÊGO E SILVA;VENEZUELA; 00.000.000/0000-00;AVENIDA ERASMO BRAGA, 227 - GRUPO 905/908 - CENTRO;RIO DE JANEIRO;RJ; 00.000-000;21 2524-2446/98148-6698;ops@aeromartel.com.br;;ESTRANGEIRA NÃO REGULAR;;01/04/2018;1005308
TRANSPORTE AÉREOS DEL MERCOSUR S.A. (TAM MERCOSUR);LAP;EUZÉBIO ANGELOTTI NETO;PARAGUAI; 60.397.767/0001-28;AV. JURANDIR, 856, HANGAR 7, JARDIM CECI/AEROPORTO;SÃO PAULO;SP; 04.072-000;(11) 5582-6113;euzebio.angelotti@tam.com.br;;ESTRANGEIRA REGULAR;;;1001072
TRANSPORTES AEREOS BOLIVIANOS;BOL;TATIANA RÊGO E SILVA;BOLÍVIA; 00.000.000/0000-00;AV. ERASMO BRAGA 227 - GR. 905 A 908, CENTRO, RIO DE JANEIRO CEP-20024-000;RIO DE JANEIRO;RJ; 20.024-000;21 2524-2446 / 21 98258-7573;ops@aeromartel.com.br;;ESTRANGEIRA NÃO REGULAR;;01/10/2018;1001690
TURKISH AIRLINES INC;THY;OMER AYAR, OZGUR BORAN;TURQUIA; 10.576.103/0001-58;Avenida Paulista, 2073, EDIFICIO HORSA II - Bairro Cerqueira Cesar;SÃO PAULO;SP; 01.311-000;(11) 3371-9613 / 3371-9600;smohammed@thy.com;;ESTRANGEIRA REGULAR;;;1001219
TWO TÁXI AÉREO LTDA.;OWT;ANDERSON MARCHI DAVO;BRASIL; 04.263.318/0001-16;AVENIDA EMILIO ANTONON, 901, BAIRRO CHÁCARA AEROPORTO;JUNDIAÍ;SP; 13.212-010;(11) 4582-2355/8690-6755;two@twoaviation.com.br; Decisão nº 131, de 19/10/2016 e Decisão nº 14, de 25/01/2018;AEROLEVANTAMENTO, AEROPUBLICIDADE, LINHA AÉREA SISTEMÁTICA REGULAR, TÁXI-AÉREO, TRANSPORTE AÉREO REGULAR;19/10/2016;19/10/2021;1000687
UKRAINE AIR ALLIANCE AIRLINES ;UKL;EDUARDO ARTUR RODRIGUES SILVA;UCRÂNIA; 00.000.000/0000-00;Av. Erasmo Braga, 227 - Grupo 905/908 - Centro;ANGRA DOS REIS;RJ; 00.000-000;21 2524-2446/98148-6698;ops@aeromartel.com.br;;ESTRANGEIRA NÃO REGULAR;;05/07/2018;1001691
UNITED AIRLINES, INC;UAL;MARCIO SILVA SOUTO;ESTADOS UNIDOS DA AMÉRICA; 01.526.415/0001-66;AVENIDA PAULISTA, Nº 777, CONJ 81, 82, 91 E 92 - BAIRRO: CERQUEIRA CÉSAR;SÃO PAULO;SP; 01.311-100;(11) 3145-6186;legal.brazil@united.com;Decisão nº 121, de 05 de novembro de 2013;ESTRANGEIRA REGULAR;05/11/2013;;1000974
UPS - UNITED PARCEL SERVICE CO.;UPS;NADIR MORENO;ESTADOS UNIDOS DA AMÉRICA; 04.865.628/0001-00;RUA PEDRO TAQUES, Nº 77, 1º ANDAR, SALA 01, CONSOLAÇÃO;SÃO PAULO;SP; 01.415-010;(11) 3123 9488 / 31239434;ana.paula@ups.com;;ESTRANGEIRA REGULAR;;;1000360
UZBEKISTAN AIRWAYS;UZB;TATIANA RÊGO E SILVA;UZBEQUISTÃO; 00.000.000/0000-00;AV.ERASMO BRAGA,227-GR.905 A 908,CENTRO,RIO DE JANEIRO-RJ;RIO DE JANEIRO;RJ; 20.024-000;21-2524-2446/21-2524-1381;ops@aeromartel.com.br;;ESTRANGEIRA NÃO REGULAR;;;1006940
VOLGA DNEPR AIRLINES;VDA;TATIANA RÊGO E SILVA;RÚSSIA; 00.000.000/0000-00;AV. ERASMO BRAGA 227 - GR. 905 A 908, CENTRO, RIO DE JANEIRO ;RIO DE JANEIRO;RJ; 20.024-000;21 2524-2446 / 21 98258-7573;ops@aeromartel.com.br;;ESTRANGEIRA NÃO REGULAR;;30/06/2018;1001249
WESTERN GLOBAL AIRLINES;WGN;VANDERLEI MORELLI;ESTADOS UNIDOS DA AMÉRICA; 00.000.000/0000-00;RUA FRANCISCO GLICÉRIO, 2331 - 5o ANDAR - SALA 52 - CENTRO ;CAMPINAS;SP; 13.023-101;19 2515-1587 / 99596-9494;permit.brazil@gmail.com;;ESTRANGEIRA NÃO REGULAR;;01/11/2018;1005789
WHITE AIRWAYS S.A;WHT;LUCILENE DE FREITAS TONI;PORTUGAL; 08.809.208/0001-68;RUA MÉXICO, 168, SALA 1005 – CENTRO – RIO DE JANEIRO – RJ-CEP: 20.031-143.;RIO DE JANEIRO;RJ; 20.031-143;(21)964869569 ;lucilene.toni@tonimuro.com.br;;ESTRANGEIRA NÃO REGULAR;;30/11/2018;1001468
