ANO;MES;EMPRESA;ORIGEM;DESTINO;TARIFA;ASSENTOS
2002;8;GLO;SBKP;SBBR;237,39;71
2002;8;GLO;SBPA;SBRJ;233,94;32
2002;8;GLO;SBPA;SBFL;162,54;11
2002;8;GLO;SBSP;SBNF;100,00;1
2002;8;GLO;SBMQ;SBBE;120,95;1436
2002;8;GLO;SBSP;SBPA;254,45;4285
2002;8;GLO;SBFL;SBSP;202,98;92
2002;8;GLO;SBCT;SBPA;287,00;1
2002;8;GLO;SBFL;SBSP;100,00;1
2002;8;GLO;SBPA;SBCT;205,00;24
2002;8;GLO;SBFL;SBSP;226,54;53
2002;8;GLO;SBCT;SBBR;426,62;14
2002;8;GLO;SBSP;SBGO;250,77;28
2002;8;GLO;SBBR;SBRJ;247,70;211
2002;8;GLO;SBFL;SBBR;202,00;11
2002;8;GLO;SBSV;SBGL;375,69;15
2002;8;GLO;SBSV;SBGL;278,23;613
2002;8;GLO;SBVT;SBSP;150,00;1
2002;8;GLO;SBKP;SBCT;138,29;39
2002;8;GLO;SBSP;SBFL;192,30;471
2002;8;GLO;SBRF;SBGL;440,29;56
2002;8;GLO;SBBR;SBRJ;238,20;589
2002;8;GLO;SBCT;SBSP;167,13;5
2002;8;GLO;SBRF;SBSV;55,29;99
2002;8;GLO;SBSP;SBPA;289,84;414
2002;8;GLO;SBRJ;SBSP;197,52;651
2002;8;GLO;SBBR;SBBH;243,11;42
2002;8;GLO;SBPA;SBRJ;128,14;280
2002;8;GLO;SBSP;SBVT;438,00;2
2002;8;GLO;SBSP;SBPA;296,59;117
2002;8;GLO;SBSP;SBPA;357,00;2
2002;8;GLO;SBBH;SBSP;303,43;52
2002;8;GLO;SBBR;SBSP;305,61;54
2002;8;GLO;SBKP;SBRJ;113,10;98
2002;8;GLO;SBRJ;SBBR;314,45;48
2002;8;GLO;SBPA;SBRJ;197,50;2
2002;8;GLO;SBRJ;SBBR;289,90;163
2002;8;GLO;SBSP;SBVT;90,09;1233
2002;8;GLO;SBNF;SBSP;202,13;51
2002;8;GLO;SBSP;SBFL;160,52;110
2002;8;GLO;SBSV;SBRF;145,27;964
2002;8;GLO;SBFL;SBSP;182,14;30
2002;8;GLO;SBSP;SBFL;352,96;46
2002;8;GLO;SBGL;SBCT;170,99;561
2002;8;GLO;SBVT;SBRJ;100,65;32
2002;8;GLO;SBPA;SBGL;284,00;10
2002;8;GLO;SBBR;SBRJ;150,00;1
2002;8;GLO;SBBR;SBFZ;415,33;41
2002;8;GLO;SBBR;SBPA;323,27;121
2002;8;GLO;SBBR;SBBH;283,00;1
2002;8;GLO;SBKP;SBPA;140,62;53
2002;8;GLO;SBRJ;SBPA;124,32;255
2002;8;GLO;SBSP;SBRJ;235,67;7
2002;8;GLO;SBRJ;SBCT;194,00;3
2002;8;GLO;SBKP;SBCT;205,00;1
2002;8;GLO;SBKP;SBBR;251,76;238
2002;8;GLO;SBCT;SBPA;187,52;507
2002;8;GLO;SBRJ;SBSP;114,06;9
2002;8;GLO;SBVT;SBRJ;200,00;2
2002;8;GLO;SBVT;SBRJ;99,08;1334
2002;8;GLO;SBCT;SBRJ;169,80;6
2002;8;GLO;SBCT;SBBH;130,35;279
2002;8;GLO;SBFL;SBSP;154,13;2854
2002;8;GLO;SBSP;SBRJ;210,29;194
2002;8;GLO;SBBH;SBSP;210,00;32
2002;8;GLO;SBSP;SBPA;446,47;17
2002;8;GLO;SBRJ;SBFL;140,71;44
2002;8;GLO;SBSP;SBPA;150,00;1
2002;8;GLO;SBGL;SBRF;99,88;83
2002;8;GLO;SBRJ;SBCT;152,83;985
2002;8;GLO;SBRJ;SBFL;127,29;207
2002;8;GLO;SBCT;SBSP;130,18;299
2002;8;GLO;SBSP;SBGO;322,81;13
2002;8;GLO;SBRJ;SBCT;194,46;191
2002;8;GLO;SBBR;SBGL;241,45;13
2002;8;GLO;SBRJ;SBSP;138,00;30
2002;8;GLO;SBFL;SBRJ;174,17;117
2002;8;GLO;SBCT;SBBH;122,52;332
2002;8;GLO;SBNF;SBSP;277,15;3
2002;8;GLO;SBBR;SBCT;237,69;79
2002;8;GLO;SBKP;SBCT;145,78;381
2002;8;GLO;SBKP;SBRJ;148,12;240
2002;8;GLO;SBBH;SBKP;92,50;14
2002;8;GLO;SBBR;SBPA;248,01;160
2002;8;GLO;SBSP;SBPA;200,35;22
2002;8;GLO;SBNF;SBSP;232,22;18
2002;8;GLO;SBSP;SBCT;143,19;77
2002;8;GLO;SBRF;SBFZ;152,83;20
2002;8;GLO;SBRJ;SBKP;168,00;59
2002;8;GLO;SBSP;SBCT;155,88;2449
2002;8;GLO;SBPA;SBGL;213,07;406
2002;8;GLO;SBBR;SBSV;278,07;32
2002;8;GLO;SBBR;SBBE;359,98;46
2002;8;GLO;SBFZ;SBBR;404,66;110
2002;8;GLO;SBBE;SBMQ;508,17;7
2002;8;GLO;SBGL;SBBR;213,15;1
2002;8;GLO;SBCT;SBBH;114,13;611
2002;8;GLO;SBPA;SBFL;100,00;1
2002;8;GLO;SBGL;SBSP;421,83;7
2002;8;GLO;SBBR;SBSP;249,00;2
2002;8;GLO;SBRJ;SBKP;113,08;99
2002;8;GLO;SBNF;SBSP;247,06;18
2002;8;GLO;SBGL;SBPA;142,00;46
2002;8;GLO;SBSP;SBPA;384,13;37
2002;8;GLO;SBFZ;SBBR;477,84;3
2002;8;GLO;SBPA;SBSP;257,11;4500
2002;8;GLO;SBGL;SBSV;250,00;1
2002;8;GLO;SBBH;SBRJ;123,43;1231
2002;8;GLO;SBBR;SBFZ;165,80;11
2002;8;GLO;SBGO;SBSP;193,89;560
2002;8;GLO;SBRJ;SBPA;128,00;25
2002;8;GLO;SBRJ;SBKP;111,00;1311
2002;8;GLO;SBPA;SBSP;283,33;11
2002;8;GLO;SBBH;SBRJ;236,25;14
2002;8;GLO;SBBH;SBBR;225,91;122
2002;8;GLO;SBRJ;SBKP;129,59;479
2002;8;GLO;SBRF;SBGL;312,11;305
2002;8;GLO;SBBR;SBGL;297,90;33
2002;8;GLO;SBBE;SBBR;316,39;175
2002;8;GLO;SBCT;SBRJ;146,81;180
2002;8;GLO;SBSP;SBPA;311,98;239
2002;8;GLO;SBBR;SBBH;195,10;902
2002;8;GLO;SBSP;SBBR;219,55;3316
2002;8;GLO;SBPA;SBGL;340,00;5
2002;8;GLO;SBSP;SBCT;130,78;303
2002;8;GLO;SBRJ;SBSP;186,29;3889
2002;8;GLO;SBBH;SBCT;90,63;227
2002;8;GLO;SBPA;SBCT;185,25;586
2002;8;GLO;SBBR;SBSP;291,69;68
2002;8;GLO;SBBE;SBBR;344,00;39
2002;8;GLO;SBBR;SBRJ;169,35;1272
2002;8;GLO;SBVT;SBRJ;125,41;274
2002;8;GLO;SBPA;SBBR;181,37;250
2002;8;GLO;SBGL;SBBR;268,47;21
2002;8;GLO;SBRF;SBFZ;460,45;47
2002;8;GLO;SBSP;SBBH;190,79;139
2002;8;GLO;SBBR;SBSV;178,50;5
2002;8;GLO;SBSV;SBGL;231,95;889
2002;8;GLO;SBPA;SBFL;115,30;377
2002;8;GLO;SBRJ;SBBR;241,87;629
2002;8;GLO;SBPA;SBSP;396,00;31
2002;8;GLO;SBFL;SBPA;130,43;10
2002;8;GLO;SBPA;SBCT;146,41;32
2002;8;GLO;SBKP;SBCT;186,82;44
2002;8;GLO;SBBR;SBGL;266,89;10
2002;8;GLO;SBCT;SBPA;213,36;36
2002;8;GLO;SBCT;SBRJ;140,08;226
2002;8;GLO;SBCT;SBBH;96,39;261
2002;8;GLO;SBCT;SBBR;302,00;24
2002;8;GLO;SBFL;SBGL;354,00;1
2002;8;GLO;SBBH;SBCT;100,16;661
2002;8;GLO;SBRJ;SBFL;120,97;700
2002;8;GLO;SBRJ;SBCT;153,51;273
2002;8;GLO;SBGL;SBCT;150,00;1
2002;8;GLO;SBRJ;SBSP;258,00;1
2002;8;GLO;SBSP;SBCT;215,56;69
2002;8;GLO;SBGL;SBBR;194,65;114
2002;8;GLO;SBRJ;SBVT;100,00;3
2002;8;GLO;SBSP;SBPA;270,50;31
2002;8;GLO;SBFL;SBPA;161,32;323
2002;8;GLO;SBBR;SBGL;261,67;7
2002;8;GLO;SBGL;SBBR;209,03;272
2002;8;GLO;SBFL;SBGL;191,37;144
2002;8;GLO;SBSP;SBCT;179,66;111
2002;8;GLO;SBBR;SBFL;125,00;2
2002;8;GLO;SBSP;SBRJ;222,29;8
2002;8;GLO;SBRJ;SBPA;214,14;5
2002;8;GLO;SBSP;SBBH;183,14;3905
2002;8;GLO;SBPA;SBSP;240,75;202
2002;8;GLO;SBPA;SBCT;126,72;114
2002;8;GLO;SBGL;SBCT;190,15;94
2002;8;GLO;SBFL;SBRJ;123,98;431
2002;8;GLO;SBVT;SBRJ;139,30;121
2002;8;GLO;SBKP;SBBH;124,00;7
2002;8;GLO;SBBR;SBRJ;249,95;184
2002;8;GLO;SBGL;SBFL;233,37;86
2002;8;GLO;SBRJ;SBPA;125,00;2
2002;8;GLO;SBSP;SBGL;218,00;15
2002;8;GLO;SBCT;SBRJ;148,77;981
2002;8;GLO;SBBH;SBSP;217,91;989
2002;8;GLO;SBVT;SBRJ;168,00;1
2002;8;GLO;SBBR;SBKP;256,27;5
2002;8;GLO;SBSP;SBRJ;196,45;264
2002;8;GLO;SBBE;SBBR;293,83;31
2002;8;GLO;SBRJ;SBBH;154,36;25
2002;8;GLO;SBBR;SBBE;344,00;52
2002;8;GLO;SBSP;SBGL;138,00;2
2002;8;GLO;SBCT;SBSP;151,79;310
2002;8;GLO;SBPA;SBFL;142,48;611
2002;8;GLO;SBRJ;SBFL;148,50;14
2002;8;GLO;SBRJ;SBSP;171,53;7161
2002;8;GLO;SBFL;SBSP;161,08;24
2002;8;GLO;SBBH;SBRJ;158,71;175
2002;8;GLO;SBRJ;SBSP;218,00;1
2002;8;GLO;SBFL;SBPA;681,00;1
2002;8;GLO;SBFZ;SBRF;105,75;21
2002;8;GLO;SBGL;SBBR;248,12;71
2002;8;GLO;SBBR;SBSV;234,95;263
2002;8;GLO;SBBH;SBKP;115,50;37
2002;8;GLO;SBKP;SBCT;173,00;1
2002;8;GLO;SBFZ;SBBR;399,45;24
2002;8;GLO;SBPA;SBCT;143,35;1045
2002;8;GLO;SBFL;SBGL;205,38;2
2002;8;GLO;SBNF;SBSP;230,89;10
2002;8;GLO;SBRJ;SBVT;178,50;5
2002;8;GLO;SBSV;SBGL;395,38;15
2002;8;GLO;SBSP;SBFL;245,00;9
2002;8;GLO;SBSP;SBGO;192,32;496
2002;8;GLO;SBSV;SBGL;287,00;17
2002;8;GLO;SBPA;SBKP;176,93;53
2002;8;GLO;SBBR;SBGL;231,35;76
2002;8;GLO;SBRF;SBGL;404,74;137
2002;8;GLO;SBFL;SBGL;241,00;22
2002;8;GLO;SBSP;SBCT;151,54;299
2002;8;GLO;SBRJ;SBFL;107,72;468
2002;8;GLO;SBKP;SBPA;174,00;46
2002;8;GLO;SBFZ;SBBR;346,55;578
2002;8;GLO;SBSP;SBBH;150,00;1
2002;8;GLO;SBSP;SBBH;212,21;1177
2002;8;GLO;SBCT;SBKP;341,06;40
2002;8;GLO;SBVT;SBSP;406,71;8
2002;8;GLO;SBBR;SBFZ;392,96;845
2002;8;GLO;SBSP;SBFL;235,92;14
2002;8;GLO;SBSP;SBVT;75,00;2
2002;8;GLO;SBRF;SBFZ;250,00;2
2002;8;GLO;SBFL;SBBR;165,50;41
2002;8;GLO;SBCT;SBKP;132,82;75
2002;8;GLO;SBRF;SBSV;181,00;1
2002;8;GLO;SBBR;SBRJ;243,27;30
2002;8;GLO;SBRJ;SBFL;138,32;16
2002;8;GLO;SBRJ;SBKP;93,00;473
2002;8;GLO;SBKP;SBBH;109,23;51
2002;8;GLO;SBNF;SBSP;152,82;104
2002;8;GLO;SBGL;SBPA;222,27;807
2002;8;GLO;SBRJ;SBBR;156,47;543
2002;8;GLO;SBFZ;SBRF;125,93;1032
2002;8;GLO;SBGO;SBSP;183,22;418
2002;8;GLO;SBRJ;SBBH;100,00;5
2002;8;GLO;SBSP;SBPA;330,62;114
2002;8;GLO;SBGL;SBSP;198,00;18
2002;8;GLO;SBCT;SBRJ;261,00;15
2002;8;GLO;SBSV;SBBR;261,62;140
2002;8;GLO;SBBH;SBKP;105,96;220
2002;8;GLO;SBRJ;SBBR;265,94;217
2002;8;GLO;SBRJ;SBVT;112,23;2193
2002;8;GLO;SBRJ;SBBH;289,07;16
2002;8;GLO;SBPA;SBGL;254,26;91
2002;8;GLO;SBSP;SBCT;169,26;969
2002;8;GLO;SBSP;SBRJ;149,01;46
2002;8;GLO;SBFL;SBSP;138,45;543
2002;8;GLO;SBRJ;SBKP;99,68;289
2002;8;GLO;SBGL;SBSP;123,52;815
2002;8;GLO;SBRJ;SBPA;150,77;106
2002;8;GLO;SBSP;SBRJ;185,54;3526
2002;8;GLO;SBCT;SBBR;188,05;646
2002;8;GLO;SBFL;SBBR;161,66;485
2002;8;GLO;SBFL;SBGL;221,40;36
2002;8;GLO;SBRJ;SBSP;142,51;351
2002;8;GLO;SBBH;SBBR;297,00;8
2002;8;GLO;SBKP;SBRJ;188,00;2
2002;8;GLO;SBBR;SBRJ;331,00;1
2002;8;GLO;SBBR;SBGL;212,04;238
2002;8;GLO;SBGL;SBSP;158,69;754
2002;8;GLO;SBRF;SBFZ;181,71;901
2002;8;GLO;SBGL;SBCT;153,66;77
2002;8;GLO;SBBE;SBMQ;644,25;5
2002;8;GLO;SBGO;SBSP;229,13;338
2002;8;GLO;SBCT;SBRJ;138,50;14
2002;8;GLO;SBSP;SBGL;197,79;14
2002;8;GLO;SBBH;SBCT;126,22;223
2002;8;GLO;SBSP;SBBH;258,96;62
2002;8;GLO;SBGO;SBSP;361,08;8
2002;8;GLO;SBSP;SBBR;307,01;45
2002;8;GLO;SBSP;SBVT;120,20;71
2002;8;GLO;SBRF;SBSV;155,72;1299
2002;8;GLO;SBRJ;SBSP;229,00;5
2002;8;GLO;SBPA;SBSP;184,89;110
2002;8;GLO;SBCT;SBBH;139,50;21
2002;8;GLO;SBGL;SBRF;418,26;197
2002;8;GLO;SBFL;SBRJ;139,51;656
2002;8;GLO;SBRJ;SBSP;158,77;3275
2002;8;GLO;SBCT;SBBR;176,22;373
2002;8;GLO;SBRF;SBGL;487,50;10
2002;8;GLO;SBFL;SBPA;144,80;499
2002;8;GLO;SBKP;SBBH;95,15;39
2002;8;GLO;SBBH;SBRJ;133,38;124
2002;8;GLO;SBVT;SBRJ;316,00;18
2002;8;GLO;SBSP;SBCT;191,50;22
2002;8;GLO;SBCT;SBSP;100,00;3
2002;8;GLO;SBRF;SBFZ;523,94;20
2002;8;GLO;SBBR;SBSP;234,08;1703
2002;8;GLO;SBKP;SBBR;265,78;41
2002;8;GLO;SBPA;SBSP;316,02;124
2002;8;GLO;SBSP;SBFL;144,21;396
2002;8;GLO;SBCT;SBPA;248,00;1
2002;8;GLO;SBBR;SBFL;207,55;435
2002;8;GLO;SBGL;SBBR;150,00;1
2002;8;GLO;SBGL;SBSV;275,04;10
2002;8;GLO;SBNF;SBSP;252,45;23
2002;8;GLO;SBSV;SBBR;263,48;72
2002;8;GLO;SBBR;SBPA;285,94;511
2002;8;GLO;SBFL;SBSP;172,20;1341
2002;8;GLO;SBFL;SBRJ;204,49;116
2002;8;GLO;SBSP;SBBR;331,00;5
2002;8;GLO;SBBR;SBRJ;161,03;482
2002;8;GLO;SBRJ;SBSP;158,00;18
2002;8;GLO;SBPA;SBRJ;177,06;382
2002;8;GLO;SBBR;SBSP;331,00;5
2002;8;GLO;SBCT;SBBR;166,00;11
2002;8;GLO;SBCT;SBSP;201,56;18
2002;8;GLO;SBBR;SBBH;213,96;30
2002;8;GLO;SBSV;SBRF;552,00;5
2002;8;GLO;SBRJ;SBFL;167,50;7
2002;8;GLO;SBSP;SBBR;311,11;25
2002;8;GLO;SBSP;SBGL;191,81;73
2002;8;GLO;SBSV;SBBR;365,62;7
2002;8;GLO;SBPA;SBCT;166,38;1622
2002;8;GLO;SBRJ;SBBH;136,23;2293
2002;8;GLO;SBVT;SBSP;158,27;13
2002;8;GLO;SBSP;SBRJ;141,73;34
2002;8;GLO;SBSP;SBBH;196,47;1644
2002;8;GLO;SBSP;SBPA;240,86;178
2002;8;GLO;SBCT;SBGL;75,00;2
2002;8;GLO;SBPA;SBGL;195,02;373
2002;8;GLO;SBPA;SBSP;163,30;114
2002;8;GLO;SBCT;SBGL;172,83;185
2002;8;GLO;SBSP;SBGO;232,78;334
2002;8;GLO;SBVT;SBSP;116,14;145
2002;8;GLO;SBBH;SBSP;170,81;1305
2002;8;GLO;SBPA;SBSP;260,00;10
2002;8;GLO;SBPA;SBSP;275,27;1409
2002;8;GLO;SBCT;SBRJ;183,52;3
2002;8;GLO;SBGL;SBSP;246,37;13
2002;8;GLO;SBBR;SBKP;264,93;49
2002;8;GLO;SBBR;SBBE;287,67;37
2002;8;GLO;SBPA;SBRJ;187,32;25
2002;8;GLO;SBFL;SBPA;100,00;1
2002;8;GLO;SBGL;SBSP;183,88;370
2002;8;GLO;SBRJ;SBVT;131,62;240
2002;8;GLO;SBBH;SBSP;190,40;6
2002;8;GLO;SBRJ;SBBR;213,91;53
2002;8;GLO;SBSP;SBVT;106,02;2144
2002;8;GLO;SBKP;SBBH;92,29;16
2002;8;GLO;SBPA;SBKP;162,80;69
2002;8;GLO;SBSV;SBBR;253,11;764
2002;8;GLO;SBCT;SBKP;171,00;59
2002;8;GLO;SBBR;SBKP;237,69;79
2002;8;GLO;SBCT;SBKP;147,71;394
2002;8;GLO;SBCT;SBGL;167,67;3
2002;8;GLO;SBSV;SBGL;253,57;39
2002;8;GLO;SBBR;SBFZ;445,65;93
2002;8;GLO;SBCT;SBPA;172,79;1455
2002;8;GLO;SBSV;SBBR;235,83;242
2002;8;GLO;SBVT;SBSP;138,10;11
2002;8;GLO;SBSP;SBNF;216,05;22
2002;8;GLO;SBBR;SBRJ;201,52;57
2002;8;GLO;SBSV;SBGL;313,64;352
2002;8;GLO;SBCT;SBSP;148,74;60
2002;8;GLO;SBFL;SBSP;189,79;270
2002;8;GLO;SBBR;SBCT;237,19;219
2002;8;GLO;SBSP;SBGL;193,60;10
2002;8;GLO;SBRJ;SBBH;229,00;1
2002;8;GLO;SBSV;SBGL;308,47;20
2002;8;GLO;SBKP;SBPA;211,00;5
2002;8;GLO;SBCT;SBBR;168,46;184
2002;8;GLO;SBSP;SBCT;100,00;5
2002;8;GLO;SBBH;SBSP;214,04;52
2002;8;GLO;SBBR;SBSP;308,55;115
2002;8;GLO;SBBR;SBGL;361,05;3
2002;8;GLO;SBVT;SBSP;180,78;518
2002;8;GLO;SBRJ;SBKP;245,75;5
2002;8;GLO;SBNF;SBSP;169,11;369
2002;8;GLO;SBBR;SBCT;256,27;5
2002;8;GLO;SBPA;SBCT;299,50;2
2002;8;GLO;SBGL;SBRF;250,00;2
2002;8;GLO;SBBH;SBRJ;136,18;2668
2002;8;GLO;SBSP;SBCT;150,07;20
2002;8;GLO;SBSV;SBRF;62,13;123
2002;8;GLO;SBCT;SBSP;180,73;278
2002;8;GLO;SBPA;SBKP;174,00;46
2002;8;GLO;SBPA;SBBR;209,98;138
2002;8;GLO;SBSP;SBBH;224,00;23
2002;8;GLO;SBBE;SBMQ;126,54;168
2002;8;GLO;SBGL;SBRF;445,66;64
2002;8;GLO;SBSV;SBGL;418,00;3
2002;8;GLO;SBVT;SBSP;119,94;2039
2002;8;GLO;SBSP;SBGL;100,00;46
2002;8;GLO;SBCT;SBSP;151,61;73
2002;8;GLO;SBRJ;SBFL;158,00;5
2002;8;GLO;SBBR;SBRJ;218,82;2850
2002;8;GLO;SBGL;SBSV;285,78;69
2002;8;GLO;SBRJ;SBBR;160,12;924
2002;8;GLO;SBRJ;SBCT;122,84;3
2002;8;GLO;SBGL;SBSP;218,00;21
2002;8;GLO;SBRF;SBFZ;383,82;18
2002;8;GLO;SBSP;SBNF;203,71;16
2002;8;GLO;SBRJ;SBSP;212,36;188
2002;8;GLO;SBGL;SBRF;479,00;5
2002;8;GLO;SBFL;SBBR;214,50;11
2002;8;GLO;SBBR;SBBH;253,13;9
2002;8;GLO;SBCT;SBPA;200,00;2
2002;8;GLO;SBRF;SBSV;134,21;893
2002;8;GLO;SBPA;SBSP;278,57;132
2002;8;GLO;SBSP;SBGL;139,29;3265
2002;8;GLO;SBBH;SBRJ;189,00;1
2002;8;GLO;SBBH;SBRJ;171,60;92
2002;8;GLO;SBBR;SBPA;462,52;5
2002;8;GLO;SBGL;SBSP;167,40;442
2002;8;GLO;SBVT;SBRJ;110,03;2199
2002;8;GLO;SBCT;SBRJ;198,00;34
2002;8;GLO;SBSV;SBBR;316,29;8
2002;8;GLO;SBRJ;SBCT;199,25;5
2002;8;GLO;SBCT;SBSP;156,15;3355
2002;8;GLO;SBGL;SBPA;210,66;408
2002;8;GLO;SBPA;SBBR;276,77;5
2002;8;GLO;SBFL;SBBR;191,56;37
2002;8;GLO;SBCT;SBKP;190,00;5
2002;8;GLO;SBCT;SBRJ;133,40;258
2002;8;GLO;SBFL;SBGL;237,37;86
2002;8;GLO;SBFL;SBBR;183,09;90
2002;8;GLO;SBCT;SBSP;223,00;1
2002;8;GLO;SBRJ;SBBH;124,56;1092
2002;8;GLO;SBPA;SBSP;349,21;22
2002;8;GLO;SBBH;SBCT;111,78;347
2002;8;GLO;SBGL;SBSP;138,00;21
2002;8;GLO;SBBR;SBSV;310,00;9
2002;8;GLO;SBPA;SBBR;209,50;2
2002;8;GLO;SBRJ;SBCT;139,53;155
2002;8;GLO;SBBH;SBBR;213,81;15
2002;8;GLO;SBGL;SBFL;241,00;16
2002;8;GLO;SBGL;SBBR;263,00;6
2002;8;GLO;SBRJ;SBBH;133,58;64
2002;8;GLO;SBGL;SBSV;235,33;1036
2002;8;GLO;SBSP;SBBH;164,81;1003
2002;8;GLO;SBSP;SBVT;190,96;395
2002;8;GLO;SBCT;SBRJ;167,50;2
2002;8;GLO;SBBH;SBSP;192,66;87
2002;8;GLO;SBRJ;SBPA;143,82;393
2002;8;GLO;SBSV;SBRF;166,29;1390
2002;8;GLO;SBCT;SBBR;201,79;130
2002;8;GLO;SBPA;SBSP;369,00;3
2002;8;GLO;SBBH;SBRJ;148,53;636
2002;8;GLO;SBRJ;SBBR;243,48;147
2002;8;GLO;SBPA;SBFL;185,00;6
2002;8;GLO;SBRJ;SBBH;155,70;241
2002;8;GLO;SBPA;SBGL;206,08;85
2002;8;GLO;SBBE;SBMQ;126,00;15
2002;8;GLO;SBRJ;SBVT;316,00;2
2002;8;GLO;SBBR;SBFL;233,24;21
2002;8;GLO;SBSP;SBFL;249,35;15
2002;8;GLO;SBSP;SBBH;238,00;1
2002;8;GLO;SBBR;SBSP;219,38;3173
2002;8;GLO;SBPA;SBFL;128,99;938
2002;8;GLO;SBRJ;SBKP;185,03;34
2002;8;GLO;SBSV;SBGL;258,04;1734
2002;8;GLO;SBSV;SBRF;358,21;45
2002;8;GLO;SBSP;SBRJ;171,23;8254
2002;8;GLO;SBSP;SBNF;233,00;1
2002;8;GLO;SBRF;SBGL;395,39;61
2002;8;GLO;SBPA;SBKP;141,33;57
2002;8;GLO;SBBR;SBGL;194,43;111
2002;8;GLO;SBBE;SBBR;691,00;1
2002;8;GLO;SBCT;SBGL;152,50;2
2002;8;GLO;SBFL;SBBR;150,90;271
2002;8;GLO;SBGL;SBPA;188,06;400
2002;8;GLO;SBKP;SBRJ;94,17;374
2002;8;GLO;SBGL;SBPA;230,79;103
2002;8;GLO;SBBH;SBRJ;153,00;6
2002;8;GLO;SBPA;SBBR;228,60;11
2002;8;GLO;SBGL;SBBR;314,00;10
2002;8;GLO;SBFZ;SBBR;417,47;40
2002;8;GLO;SBSV;SBBR;317,33;10
2002;8;GLO;SBRF;SBGL;96,75;78
2002;8;GLO;SBCT;SBPA;250,99;84
2002;8;GLO;SBGL;SBSV;286,61;629
2002;8;GLO;SBSP;SBNF;141,45;1
2002;8;GLO;SBGL;SBSV;412,27;9
2002;8;GLO;SBPA;SBFL;227,00;3
2002;8;GLO;SBFZ;SBRF;150,78;18
2002;8;GLO;SBCT;SBGL;444,00;3
2002;8;GLO;SBBR;SBSV;180,04;30
2002;8;GLO;SBBR;SBSP;372,00;1
2002;8;GLO;SBGO;SBSP;242,66;36
2002;8;GLO;SBGL;SBFL;144,39;181
2002;8;GLO;SBBH;SBCT;139,50;14
2002;8;GLO;SBGL;SBSV;322,63;22
2002;8;GLO;SBBH;SBBR;194,64;742
2002;8;GLO;SBCT;SBRJ;166,29;358
2002;8;GLO;SBBR;SBKP;226,66;77
2002;8;GLO;SBFL;SBSP;362,54;48
2002;8;GLO;SBPA;SBSP;379,93;17
2002;8;GLO;SBSV;SBBR;256,20;22
2002;8;GLO;SBPA;SBFL;157,32;355
2002;8;GLO;SBGO;SBSP;214,12;1572
2002;8;GLO;SBRJ;SBPA;115,27;354
2002;8;GLO;SBGL;SBSP;244,14;24
2002;8;GLO;SBKP;SBCT;158,97;193
2002;8;GLO;SBFL;SBRJ;197,13;18
2002;8;GLO;SBSP;SBPA;214,58;63
2002;8;GLO;SBGL;SBRF;396,20;99
2002;8;GLO;SBBR;SBFZ;399,00;3
2002;8;GLO;SBGL;SBCT;169,49;217
2002;8;GLO;SBGL;SBBR;227,16;557
2002;8;GLO;SBFZ;SBBR;379,63;829
2002;8;GLO;SBRJ;SBVT;97,15;21
2002;8;GLO;SBFL;SBRJ;159,50;9
2002;8;GLO;SBSV;SBBR;371,60;6
2002;8;GLO;SBBR;SBSP;253,96;989
2002;8;GLO;SBSP;SBVT;331,50;2
2002;8;GLO;SBSP;SBGL;125,00;737
2002;8;GLO;SBBR;SBSP;229,16;45
2002;8;GLO;SBVT;SBSP;148,52;933
2002;8;GLO;SBRJ;SBKP;145,14;323
2002;8;GLO;SBSP;SBFL;172,62;706
2002;8;GLO;SBRJ;SBFL;177,00;2
2002;8;GLO;SBBH;SBBR;248,97;18
2002;8;GLO;SBKP;SBPA;166,00;129
2002;8;GLO;SBBR;SBSV;254,74;1039
2002;8;GLO;SBRJ;SBBR;229,00;24
2002;8;GLO;SBBR;SBRJ;286,02;121
2002;8;GLO;SBPA;SBRJ;212,32;134
2002;8;GLO;SBSP;SBBR;195,24;913
2002;8;GLO;SBBH;SBBR;228,36;45
2002;8;GLO;SBPA;SBBR;256,75;5
2002;8;GLO;SBSP;SBRJ;158,76;2668
2002;8;GLO;SBBR;SBFL;198,90;163
2002;8;GLO;SBGL;SBPA;173,13;64
2002;8;GLO;SBSV;SBGL;576,13;31
2002;8;GLO;SBFL;SBBR;238,50;2
2002;8;GLO;SBBE;SBBR;353,96;64
2002;8;GLO;SBCT;SBPA;211,44;147
2002;8;GLO;SBRJ;SBCT;177,64;297
2002;8;GLO;SBKP;SBPA;173,96;60
2002;8;GLO;SBFL;SBRJ;150,38;18
2002;8;GLO;SBGL;SBCT;313,02;2
2002;8;GLO;SBBR;SBBH;310,00;2
2002;8;GLO;SBPA;SBKP;156,63;158
2002;8;GLO;SBRJ;SBCT;198,00;29
2002;8;GLO;SBSP;SBGO;182,83;363
2002;8;GLO;SBRF;SBGL;250,00;2
2002;8;GLO;SBFZ;SBRF;147,26;702
2002;8;GLO;SBRJ;SBBH;147,11;485
2002;8;GLO;SBSP;SBPA;256,97;940
2002;8;GLO;SBKP;SBRJ;128,09;428
2002;8;GLO;SBRF;SBSV;164,15;2
2002;8;GLO;SBBR;SBSV;264,04;42
2002;8;GLO;SBPA;SBGL;236,13;707
2002;8;GLO;SBFL;SBPA;131,86;372
2002;8;GLO;SBSP;SBPA;254,00;11
2002;8;GLO;SBSP;SBGL;156,94;598
2002;8;GLO;SBCT;SBGL;125,46;86
2002;8;GLO;SBGL;SBRF;387,13;566
2002;8;GLO;SBGL;SBSV;337,50;3
2002;8;GLO;SBSV;SBRF;175,42;2
2002;8;GLO;SBKP;SBBH;108,71;204
2002;8;GLO;SBSP;SBVT;126,20;23
2002;8;GLO;SBBR;SBCT;226,66;77
2002;8;GLO;SBGL;SBFL;228,69;131
2002;8;GLO;SBSP;SBFL;270,06;40
2002;8;GLO;SBBR;SBCT;264,93;49
2002;8;GLO;SBFL;SBSP;277,00;1
2002;8;GLO;SBPA;SBBR;222,47;612
2002;8;GLO;SBBH;SBSP;150,00;1
2002;8;GLO;SBRJ;SBVT;101,20;1385
2002;8;GLO;SBVT;SBSP;99,77;1165
2002;8;GLO;SBBR;SBFL;234,03;99
2002;8;GLO;SBKP;SBRJ;152,73;13
2002;8;GLO;SBCT;SBSP;156,00;18
2002;8;GLO;SBSP;SBVT;130,33;697
2002;8;GLO;SBCT;SBRJ;150,00;1
2002;8;GLO;SBGL;SBSP;100,00;42
2002;8;GLO;SBBH;SBSP;189,86;4014
2002;8;GLO;SBSP;SBBR;264,56;803
2002;8;GLO;SBSP;SBBR;302,62;119
2002;8;GLO;SBGL;SBRF;344,22;241
2002;8;GLO;SBBH;SBKP;122,25;37
2002;8;GLO;SBKP;SBBR;208,56;60
2002;8;GLO;SBBR;SBPA;408,56;9
2002;8;GLO;SBFL;SBBR;208,83;16
2002;8;GLO;SBBR;SBKP;237,19;219
2002;8;GLO;SBSP;SBCT;193,02;32
2002;8;GLO;SBKP;SBRJ;330,00;1
2002;8;GLO;SBBE;SBMQ;259,35;11
2002;8;GLO;SBGL;SBSV;259,40;1828
2002;8;GLO;SBBE;SBBR;523,00;2
2002;8;GLO;SBBR;SBSP;192,45;848
2002;8;GLO;SBFL;SBGL;222,67;292
2002;8;GLO;SBRJ;SBBR;292,38;16
2002;8;GLO;SBBR;SBPA;505,33;3
2002;8;GLO;SBSP;SBFL;154,34;3184
2002;8;GLO;SBKP;SBRJ;98,71;288
2002;8;GLO;SBBR;SBGL;226,72;440
2002;8;GLO;SBBR;SBBE;313,27;203
2002;8;GLO;SBGL;SBBR;280,00;5
2002;8;GLO;SBPA;SBRJ;155,17;208
2002;8;GLO;SBSP;SBBR;279,05;113
2002;8;GLO;SBRJ;SBBR;210,36;21
2002;8;GLO;SBSP;SBNF;183,56;63
2002;8;GLO;SBPA;SBGL;273,83;24
2002;8;GLO;SBRF;SBGL;377,83;512
2002;8;GLO;SBSP;SBGL;184,61;210
2002;8;GLO;SBBE;SBMQ;122,39;1485
2002;8;GLO;SBSP;SBRJ;142,96;330
2002;8;GLO;SBSP;SBGO;214,69;1404
2002;8;GLO;SBBR;SBRJ;313,23;46
2002;8;GLO;SBBH;SBSP;238,00;1
2002;8;GLO;SBKP;SBRJ;111,23;1385
2002;8;GLO;SBSP;SBGL;111,06;139
2002;8;GLO;SBKP;SBPA;157,55;186
2002;8;GLO;SBBR;SBFL;202,00;2
2002;8;GLO;SBSP;SBGL;174,69;15
2002;8;GLO;SBBR;SBFZ;250,00;1
2002;8;GLO;SBSP;SBFL;212,73;13
2002;8;GLO;SBFL;SBRJ;169,75;5
2002;8;GLO;SBRJ;SBVT;146,39;80
2002;8;GLO;SBSP;SBCT;187,30;54
2002;8;GLO;SBSP;SBNF;166,27;454
2002;8;GLO;SBSP;SBBR;229,95;22
2002;8;GLO;SBRJ;SBPA;184,00;2
2002;8;GLO;SBSP;SBRJ;158,00;3
2002;8;GLO;SBBR;SBFZ;396,56;9
2002;8;GLO;SBKP;SBBR;523,00;1
2002;8;GLO;SBRJ;SBBR;327,27;42
2002;8;GLO;SBBH;SBRJ;100,00;6
2002;8;GLO;SBPA;SBBR;209,75;304
2002;8;GLO;SBKP;SBPA;185,00;2
2002;8;GLO;SBVT;SBSP;103,50;2
2002;8;GLO;SBBR;SBBH;216,15;1110
2002;8;GLO;SBCT;SBPA;168,68;36
2002;8;GLO;SBBR;SBFZ;348,45;671
2002;8;GLO;SBBH;SBKP;96,98;60
2002;8;GLO;SBBR;SBRJ;163,24;28
2002;8;GLO;SBBR;SBBH;297,00;8
2002;8;GLO;SBBR;SBSP;279,18;77
2002;8;GLO;SBSP;SBGL;166,12;378
2002;8;GLO;SBNF;SBSP;177,70;101
2002;8;GLO;SBFL;SBPA;142,49;985
2002;8;GLO;SBBR;SBFL;218,72;141
2002;8;GLO;SBSP;SBGO;360,00;1
2002;8;GLO;SBGO;SBSP;213,00;17
2002;8;GLO;SBGL;SBFL;177,18;420
2002;8;GLO;SBBH;SBBR;225,00;3
2002;8;GLO;SBRJ;SBFL;120,50;11
2002;8;GLO;SBBR;SBBH;231,49;45
2002;8;GLO;SBVT;SBRJ;147,60;11
2002;8;GLO;SBSP;SBPA;375,16;22
2002;8;GLO;SBBH;SBSP;209,33;2095
2002;8;GLO;SBBR;SBSV;326,00;5
2002;8;GLO;SBGL;SBSP;139,12;2893
2002;8;GLO;SBSP;SBNF;152,74;144
2002;8;GLO;SBVT;SBRJ;100,00;1
2002;8;GLO;SBCT;SBPA;167,74;984
2002;8;GLO;SBMQ;SBBE;110,78;170
2002;8;GLO;SBNF;SBSP;189,05;48
2002;8;GLO;SBRF;SBFZ;131,07;917
2002;8;GLO;SBSP;SBBR;241,76;1998
2002;8;GLO;SBFL;SBRJ;177,00;2
2002;8;GLO;SBGL;SBPA;191,46;104
2002;8;GLO;SBBH;SBBR;216,57;1071
2002;8;GLO;SBGL;SBSP;108,00;158
2002;8;GLO;SBSP;SBBH;280,33;7
2002;8;GLO;SBRF;SBFZ;547,00;1
2002;8;GLO;SBGL;SBSV;296,16;200
2002;8;GLO;SBRJ;SBBR;220,60;2597
2002;8;GLO;SBBR;SBBH;207,00;56
2002;8;GLO;SBCT;SBSP;171,21;687
2002;8;GLO;SBPA;SBSP;281,62;273
2002;8;GLO;SBCT;SBGL;165,61;512
2002;8;GLO;SBCT;SBGL;143,21;86
2002;8;GLO;SBBR;SBPA;300,01;301
2002;8;GLO;SBPA;SBCT;144,00;57
2002;8;NES;SBSV;SBRF;503,00;27
2002;8;NES;SBMQ;SBBE;241,00;5
2002;8;NES;SBRF;SBFZ;257,00;26
2002;8;NES;SBSP;SBBR;390,00;8
2002;8;NES;SBKP;SBSP;148,00;6
2002;8;NES;SBFZ;SBRF;395,00;5
2002;8;NES;SBBR;SBBH;430,00;5
2002;8;NES;SBSP;SBKP;79,00;13
2002;8;NES;SBSV;SBRF;387,00;35
2002;8;NES;SBBR;SBSP;336,00;229
2002;8;NES;SBBE;SBMQ;241,00;12
2002;8;NES;SBSP;SBBH;232,00;3
2002;8;NES;SBBE;SBMQ;274,00;1
2002;8;NES;SBFZ;SBRF;188,00;85
2002;8;NES;SBBR;SBSP;585,00;4
2002;8;NES;SBRF;SBSV;308,00;7
2002;8;NES;SBBE;SBMQ;309,00;3
2002;8;NES;SBRF;SBFZ;311,00;4
2002;8;NES;SBPS;SBSP;585,00;4
2002;8;NES;SBPS;SBSP;657,00;1
2002;8;NES;SBBR;SBSP;358,00;36
2002;8;NES;SBFZ;SBRF;283,00;16
2002;8;NES;SBSP;SBBR;336,00;179
2002;8;NES;SBPS;SBSP;454,00;11
2002;8;NES;SBSP;SBPS;455,00;294
2002;8;NES;SBMQ;SBBE;188,00;6
2002;8;NES;SBBH;SBBR;377,00;33
2002;8;NES;SBRF;SBSV;316,00;9
2002;8;NES;SBFZ;SBRF;320,00;9
2002;8;NES;SBPS;SBSP;731,00;96
2002;8;NES;SBRF;SBSV;332,00;11
2002;8;NES;SBRF;SBSV;182,00;854
2002;8;NES;SBBR;SBBH;274,00;17
2002;8;NES;SBRF;SBSV;280,00;20
2002;8;NES;SBRF;SBFZ;320,00;1
2002;8;NES;SBBR;SBSP;394,00;1
2002;8;NES;SBBR;SBBH;241,00;168
2002;8;NES;SBBH;SBBR;276,00;25
2002;8;NES;SBSP;SBBH;276,00;1
2002;8;NES;SBSP;SBBR;394,00;4
2002;8;NES;SBSP;SBPS;451,00;82
2002;8;NES;SBSP;SBBR;650,00;164
2002;8;NES;SBSV;SBRF;182,00;782
2002;8;NES;SBSP;SBBR;358,00;53
2002;8;NES;SBRF;SBFZ;171,00;196
2002;8;NES;SBSV;SBRF;355,00;81
2002;8;NES;SBBR;SBBH;213,00;3
2002;8;NES;SBFZ;SBRF;513,00;24
2002;8;NES;SBBR;SBBH;309,00;4
2002;8;NES;SBBR;SBSP;519,00;1
2002;8;NES;SBRF;SBFZ;283,00;14
2002;8;NES;SBSP;SBPS;585,00;8
2002;8;NES;SBSP;SBBR;305,00;494
2002;8;NES;SBRF;SBSV;387,00;51
2002;8;NES;SBSP;SBPS;688,00;48
2002;8;NES;SBBH;SBBR;314,00;2
2002;8;NES;SBFZ;SBRF;171,00;262
2002;8;NES;SBBE;SBMQ;343,00;12
2002;8;NES;SBBH;SBBR;286,00;2
2002;8;NES;SBPS;SBSP;688,00;9
2002;8;NES;SBBR;SBSP;591,00;76
2002;8;NES;SBSV;SBRF;280,00;22
2002;8;NES;SBSV;SBRF;332,00;4
2002;8;NES;SBPS;SBSP;428,00;90
2002;8;NES;SBBR;SBSP;455,00;56
2002;8;NES;SBBH;SBBR;430,00;2
2002;8;NES;SBKP;SBSP;96,00;2
2002;8;NES;SBRF;SBSV;254,00;114
2002;8;NES;SBPS;SBSP;410,00;276
2002;8;NES;SBRF;SBFZ;395,00;3
2002;8;NES;SBMQ;SBBE;343,00;21
2002;8;NES;SBSP;SBBR;404,00;2
2002;8;NES;SBBR;SBBH;489,00;44
2002;8;NES;SBSP;SBPS;410,00;236
2002;8;NES;SBKP;SBSP;79,00;30
2002;8;NES;SBRF;SBSV;200,00;152
2002;8;NES;SBSP;SBPS;731,00;70
2002;8;NES;SBRF;SBSV;443,00;4
2002;8;NES;SBMQ;SBBE;172,00;12
2002;8;NES;SBBR;SBBH;148,00;212
2002;8;NES;SBFZ;SBRF;257,00;47
2002;8;NES;SBRF;SBFZ;513,00;10
2002;8;NES;SBSV;SBRF;457,00;4
2002;8;NES;SBSP;SBPS;657,00;3
2002;8;NES;SBRF;SBSV;355,00;134
2002;8;NES;SBSV;SBRF;407,00;26
2002;8;NES;SBBR;SBSP;325,00;42
2002;8;NES;SBSV;SBRF;508,00;148
2002;8;NES;SBBH;SBBR;343,00;14
2002;8;NES;SBSP;SBPS;530,00;16
2002;8;NES;SBMQ;SBBE;148,00;134
2002;8;NES;SBPS;SBSP;455,00;402
2002;8;NES;SBRF;SBFZ;515,00;49
2002;8;NES;SBFZ;SBRF;515,00;45
2002;8;NES;SBFZ;SBRF;311,00;1
2002;8;NES;SBBR;SBBH;377,00;59
2002;8;NES;SBSV;SBRF;279,00;90
2002;8;NES;SBBR;SBBH;188,00;3
2002;8;NES;SBBR;SBBH;172,00;14
2002;8;NES;SBPS;SBSP;451,00;94
2002;8;NES;SBSP;SBKP;142,00;1
2002;8;NES;SBSP;SBBR;520,00;1
2002;8;NES;SBRF;SBSV;407,00;14
2002;8;NES;SBRF;SBFZ;188,00;66
2002;8;NES;SBSV;SBRF;443,00;4
2002;8;NES;SBBR;SBBH;343,00;109
2002;8;NES;SBBR;SBBH;462,00;1
2002;8;NES;SBSV;SBRF;316,00;13
2002;8;NES;SBRF;SBSV;508,00;159
2002;8;NES;SBRF;SBSV;503,00;73
2002;8;NES;SBSP;SBKP;126,00;1
2002;8;NES;SBFZ;SBRF;451,00;1
2002;8;NES;SBBR;SBSP;650,00;265
2002;8;NES;SBRF;SBFZ;360,00;10
2002;8;NES;SBBH;SBBR;274,00;1
2002;8;NES;SBKP;SBSP;87,00;21
2002;8;NES;SBKP;SBSP;130,00;1
2002;8;NES;SBSP;SBBR;325,00;129
2002;8;NES;SBSV;SBRF;308,00;5
2002;8;NES;SBBE;SBMQ;148,00;85
2002;8;NES;SBBR;SBBH;314,00;5
2002;8;NES;SBFZ;SBRF;339,00;5
2002;8;NES;SBBH;SBBR;241,00;101
2002;8;NES;SBSP;SBPS;512,00;78
2002;8;NES;SBBE;SBMQ;188,00;6
2002;8;NES;SBBE;SBMQ;172,00;9
2002;8;NES;SBSV;SBRF;254,00;132
2002;8;NES;SBSV;SBRF;475,00;1
2002;8;NES;SBFZ;SBRF;360,00;27
2002;8;NES;SBMQ;SBBE;274,00;1
2002;8;NES;SBSV;SBRF;313,00;5
2002;8;NES;SBPS;SBSP;530,00;34
2002;8;NES;SBSP;SBBR;591,00;49
2002;8;NES;SBBH;SBBR;309,00;3
2002;8;NES;SBKP;SBSP;110,00;5
2002;8;NES;SBRF;SBSV;279,00;130
2002;8;NES;SBBH;SBBR;213,00;7
2002;8;NES;SBSP;SBKP;87,00;12
2002;8;NES;SBSP;SBKP;157,00;2
2002;8;NES;SBSP;SBPS;454,00;5
2002;8;NES;SBBR;SBBH;276,00;53
2002;8;NES;SBRF;SBSV;313,00;2
2002;8;NES;SBKP;SBSP;157,00;66
2002;8;NES;SBBH;SBBR;489,00;11
2002;8;NES;SBFZ;SBRF;412,00;1
2002;8;NES;SBSP;SBBR;519,00;13
2002;8;NES;SBBR;SBBH;286,00;5
2002;8;NES;SBSP;SBBH;377,00;1
2002;8;NES;SBSP;SBBR;455,00;203
2002;8;NES;SBSP;SBPS;428,00;143
2002;8;NES;SBPS;SBSP;512,00;85
2002;8;NES;SBSV;SBRF;200,00;135
2002;8;NES;SBBH;SBSP;478,00;1
2002;8;NES;SBBR;SBSP;305,00;678
2002;8;TAM;SBGL;SBBR;570,61;8
2002;8;TAM;SBGR;SBCF;273,54;41
2002;8;TAM;SBKP;SBGR;140,00;1
2002;8;TAM;SBPS;SBSP;475,03;69
2002;8;TAM;SBSP;SBVT;237,01;27
2002;8;TAM;SBBH;SBSP;618,00;18
2002;8;TAM;SBCT;SBBR;454,98;417
2002;8;TAM;SBCT;SBFL;390,01;1
2002;8;TAM;SBRF;SBFZ;421,97;8
2002;8;TAM;SBGR;SBBR;602,01;584
2002;8;TAM;SBBR;SBBH;417,00;142
2002;8;TAM;SBBR;SBGL;498,59;14
2002;8;TAM;SBSP;SBBH;366,00;514
2002;8;TAM;SBSP;SBKP;121,00;93
2002;8;TAM;SBSP;SBRP;447,99;18
2002;8;TAM;SBGR;SBPA;565,97;861
2002;8;TAM;SBBR;SBFZ;535,08;45
2002;8;TAM;SBGR;SBPA;374,03;130
2002;8;TAM;SBSP;SBPA;526,98;394
2002;8;TAM;SBRF;SBFZ;254,00;69
2002;8;TAM;SBSP;SBRP;284,01;148
2002;8;TAM;SBRF;SBSV;419,00;5
2002;8;TAM;SBSV;SBRF;201,01;1077
2002;8;TAM;SBSP;SBBR;530,00;427
2002;8;TAM;SBGL;SBSV;628,95;41
2002;8;TAM;SBGL;SBRF;615,00;38
2002;8;TAM;SBRF;SBGL;879,02;59
2002;8;TAM;SBFZ;SBRF;451,00;25
2002;8;TAM;SBRJ;SBBH;453,00;2
2002;8;TAM;SBBR;SBKP;331,01;485
2002;8;TAM;SBRF;SBSV;250,97;146
2002;8;TAM;SBGO;SBSP;635,00;549
2002;8;TAM;SBFL;SBBR;611,60;92
2002;8;TAM;SBFL;SBGR;198,02;347
2002;8;TAM;SBFZ;SBBR;505,01;610
2002;8;TAM;SBBR;SBGL;356,37;12
2002;8;TAM;SBRJ;SBBH;174,01;5555
2002;8;TAM;SBGR;SBCF;326,67;33
2002;8;TAM;SBPA;SBKP;518,98;8
2002;8;TAM;SBSP;SBPA;495,00;586
2002;8;TAM;SBCT;SBKP;303,00;32
2002;8;TAM;SBKP;SBCT;206,02;878
2002;8;TAM;SBCT;SBSP;321,00;128
2002;8;TAM;SBSP;SBBH;418,98;135
2002;8;TAM;SBGR;SBFL;294,01;103
2002;8;TAM;SBBE;SBMQ;255,99;54
2002;8;TAM;SBKP;SBSP;174,00;8
2002;8;TAM;SBSP;SBBR;631,96;2613
2002;8;TAM;SBFL;SBSP;270,01;109
2002;8;TAM;SBBR;SBSV;512,04;56
2002;8;TAM;SBGR;SBPA;777,98;7
2002;8;TAM;SBGL;SBRF;716,07;37
2002;8;TAM;SBFZ;SBRF;309,99;48
2002;8;TAM;SBGR;SBBR;464,01;42
2002;8;TAM;SBGL;SBSV;395,04;67
2002;8;TAM;SBSP;SBCT;251,00;1210
2002;8;TAM;SBFL;SBSP;197,98;1580
2002;8;TAM;SBGL;SBBR;428,48;9
2002;8;TAM;SBPA;SBCT;335,99;408
2002;8;TAM;SBFZ;SBBR;679,99;39
2002;8;TAM;SBRJ;SBBR;391,99;146
2002;8;TAM;SBBR;SBRJ;292,97;4477
2002;8;TAM;SBRJ;SBBH;330,01;164
2002;8;TAM;SBRF;SBFZ;666,00;2
2002;8;TAM;SBRF;SBFZ;451,00;53
2002;8;TAM;SBSV;SBRF;250,97;85
2002;8;TAM;SBRJ;SBVT;411,98;280
2002;8;TAM;SBKP;SBGR;131,00;1
2002;8;TAM;SBGR;SBCT;472,98;13
2002;8;TAM;SBGR;SBSV;481,01;2030
2002;8;TAM;SBPA;SBSP;403,02;1711
2002;8;TAM;SBPA;SBKP;416,02;2019
2002;8;TAM;SBBR;SBSV;366,05;50
2002;8;TAM;SBGO;SBSP;476,02;96
2002;8;TAM;SBGR;SBBR;530,01;17
2002;8;TAM;SBBH;SBRJ;287,99;132
2002;8;TAM;SBBR;SBRJ;611,00;52
2002;8;TAM;SBFL;SBSP;244,98;238
2002;8;TAM;SBBR;SBGL;647,75;159
2002;8;TAM;SBRJ;SBVT;317,01;25
2002;8;TAM;SBGR;SBSV;699,96;285
2002;8;TAM;SBSP;SBPA;777,99;32
2002;8;TAM;SBFL;SBGR;392,02;23
2002;8;TAM;SBKP;SBSP;140,00;9
2002;8;TAM;SBSP;SBVT;281,99;4230
2002;8;TAM;SBPA;SBFL;162,99;1203
2002;8;TAM;SBKP;SBBR;402,99;103
2002;8;TAM;SBCT;SBBR;546,95;392
2002;8;TAM;SBBR;SBCT;637,95;103
2002;8;TAM;SBBH;SBRJ;229,99;104
2002;8;TAM;SBGR;SBKP;121,00;35
2002;8;TAM;SBGR;SBFL;244,99;32
2002;8;TAM;SBKP;SBCT;303,00;14
2002;8;TAM;SBSP;SBCT;218,99;3047
2002;8;TAM;SBGL;SBBR;841,89;7
2002;8;TAM;SBCT;SBBH;348,00;167
2002;8;TAM;SBFZ;SBBR;835,04;8
2002;8;TAM;SBBE;SBMQ;273,99;9
2002;8;TAM;SBGL;SBCT;540,02;56
2002;8;TAM;SBKP;SBBR;367,00;145
2002;8;TAM;SBRJ;SBBR;569,98;63
2002;8;TAM;SBSP;SBUL;266,01;14
2002;8;TAM;SBSP;SBPA;629,01;4015
2002;8;TAM;SBCT;SBGL;298,03;17
2002;8;TAM;SBRF;SBSV;201,01;1265
2002;8;TAM;SBSV;SBGL;473,05;80
2002;8;TAM;SBBR;SBGR;569,00;665
2002;8;TAM;SBCT;SBBR;783,04;24
2002;8;TAM;SBGL;SBSP;296,00;7
2002;8;TAM;SBRF;SBGL;819,94;54
2002;8;TAM;SBRJ;SBBR;534,99;61
2002;8;TAM;SBKP;SBPA;484,98;389
2002;8;TAM;SBKP;SBSP;121,00;50
2002;8;TAM;SBUL;SBSP;398,99;186
2002;8;TAM;SBSP;SBBR;349,03;2408
2002;8;TAM;SBBE;SBBR;1104,94;1
2002;8;TAM;SBPA;SBGL;474,97;15
2002;8;TAM;SBBE;SBBR;654,95;65
2002;8;TAM;SBCT;SBPA;447,01;25
2002;8;TAM;SBRP;SBSP;378,99;405
2002;8;TAM;SBCT;SBBR;729,05;39
2002;8;TAM;SBSV;SBRF;391,00;50
2002;8;TAM;SBCT;SBSP;299,99;428
2002;8;TAM;SBGR;SBGL;295,99;39
2002;8;TAM;SBCT;SBBR;829,03;711
2002;8;TAM;SBSP;SBBR;569,02;1606
2002;8;TAM;SBBR;SBFL;750,38;68
2002;8;TAM;SBGL;SBSV;715,96;333
2002;8;TAM;SBSP;SBBR;464,00;452
2002;8;TAM;SBVT;SBRJ;411,98;172
2002;8;TAM;SBBH;SBBR;442,98;52
2002;8;TAM;SBBH;SBSP;449,01;159
2002;8;TAM;SBGR;SBGL;222,02;24
2002;8;TAM;SBSP;SBVT;313,97;291
2002;8;TAM;SBRJ;SBVT;250,01;2
2002;8;TAM;SBBR;SBSP;406,03;851
2002;8;TAM;SBSP;SBFL;270,01;43
2002;8;TAM;SBRF;SBSV;391,00;48
2002;8;TAM;SBCT;SBKP;393,00;222
2002;8;TAM;SBPA;SBSP;629,01;2634
2002;8;TAM;SBVT;SBSP;738,99;10
2002;8;TAM;SBGL;SBGR;295,99;70
2002;8;TAM;SBRF;SBGL;716,07;71
2002;8;TAM;SBFL;SBGR;342,99;76
2002;8;TAM;SBBR;SBGO;218,01;36
2002;8;TAM;SBBR;SBKP;867,03;8
2002;8;TAM;SBRF;SBGL;1209,93;3
2002;8;TAM;SBKP;SBPA;595,02;1
2002;8;TAM;SBBR;SBBH;315,00;92
2002;8;TAM;SBCT;SBBR;409,97;745
2002;8;TAM;SBSP;SBUL;458,99;59
2002;8;TAM;SBKP;SBSP;131,00;5
2002;8;TAM;SBGL;SBCT;416,98;22
2002;8;TAM;SBCT;SBBH;520,02;51
2002;8;TAM;SBSV;SBGR;481,01;2222
2002;8;TAM;SBGL;SBCT;327,00;8
2002;8;TAM;SBPA;SBFL;319,00;3
2002;8;TAM;SBCT;SBGR;321,02;34
2002;8;TAM;SBFL;SBPA;341,98;6
2002;8;TAM;SBBR;SBGO;182,01;1220
2002;8;TAM;SBSP;SBRJ;239,00;11886
2002;8;TAM;SBBH;SBCT;486,03;88
2002;8;TAM;SBPA;SBGL;594,02;71
2002;8;TAM;SBBR;SBKP;367,00;123
2002;8;TAM;SBRP;SBSP;447,99;17
2002;8;TAM;SBGO;SBSP;284,99;759
2002;8;TAM;SBRJ;SBBH;193,00;213
2002;8;TAM;SBCT;SBSP;218,99;2086
2002;8;TAM;SBGL;SBPA;435,96;7
2002;8;TAM;SBGR;SBGL;277,99;13
2002;8;TAM;SBKP;SBGR;150,00;4
2002;8;TAM;SBBR;SBSV;548,97;20
2002;8;TAM;SBSP;SBRP;264,99;3658
2002;8;TAM;SBBR;SBSV;439,05;50
2002;8;TAM;SBGL;SBPA;594,02;215
2002;8;TAM;SBBR;SBFL;524,54;350
2002;8;TAM;SBSP;SBFL;421,00;13
2002;8;TAM;SBSV;SBGR;699,96;318
2002;8;TAM;SBCT;SBPA;418,98;131
2002;8;TAM;SBCT;SBFL;244,01;16
2002;8;TAM;SBGR;SBGL;438,00;1
2002;8;TAM;SBVT;SBRJ;341,00;1
2002;8;TAM;SBBR;SBFZ;835,04;10
2002;8;TAM;SBCF;SBGR;255,54;652
2002;8;TAM;SBPA;SBKP;817,98;5
2002;8;TAM;SBSV;SBRF;419,00;9
2002;8;TAM;SBFL;SBCT;227,99;375
2002;8;TAM;SBGO;SBBR;182,01;1503
2002;8;TAM;SBGR;SBFL;445,01;334
2002;8;TAM;SBBR;SBFZ;583,04;35
2002;8;TAM;SBRF;SBSV;479,97;16
2002;8;TAM;SBKP;SBBR;867,03;7
2002;8;TAM;SBPA;SBGL;323,97;639
2002;8;TAM;SBRJ;SBBR;841,05;13
2002;8;TAM;SBSP;SBBH;300,99;947
2002;8;TAM;SBSP;SBVT;343,98;147
2002;8;TAM;SBRJ;SBBH;211,01;52
2002;8;TAM;SBRJ;SBVT;389,99;8
2002;8;TAM;SBGL;SBRF;931,04;338
2002;8;TAM;SBVT;SBRJ;317,01;18
2002;8;TAM;SBVT;SBRJ;227,02;194
2002;8;TAM;SBKP;SBPA;518,98;21
2002;8;TAM;SBRJ;SBVT;227,02;181
2002;8;TAM;SBBR;SBGL;392,47;3
2002;8;TAM;SBBR;SBSV;628,03;35
2002;8;TAM;SBPS;SBSP;527,02;34
2002;8;TAM;SBBR;SBGO;247,00;293
2002;8;TAM;SBBE;SBBR;700,99;49
2002;8;TAM;SBFZ;SBBR;883,01;135
2002;8;TAM;SBSP;SBBH;444,02;1862
2002;8;TAM;SBPA;SBGL;937,04;2
2002;8;TAM;SBGR;SBCF;255,54;1006
2002;8;TAM;SBBH;SBRJ;174,01;4610
2002;8;TAM;SBPA;SBCT;507,99;536
2002;8;TAM;SBSV;SBRF;307,99;144
2002;8;TAM;SBBR;SBCT;309,02;128
2002;8;TAM;SBGR;SBKP;206,00;1
2002;8;TAM;SBCT;SBGL;356,03;16
2002;8;TAM;SBGL;SBSV;332,00;2209
2002;8;TAM;SBCT;SBSP;280,99;484
2002;8;TAM;SBCF;SBGR;273,54;68
2002;8;TAM;SBGL;SBGR;258,98;155
2002;8;TAM;SBGR;SBCT;280,99;64
2002;8;TAM;SBVT;SBSP;501,00;73
2002;8;TAM;SBRJ;SBBR;427,99;267
2002;8;TAM;SBBR;SBCT;682,96;108
2002;8;TAM;SBGL;SBPA;635,05;3
2002;8;TAM;SBGR;SBGL;317,99;390
2002;8;TAM;SBGR;SBPA;403,00;235
2002;8;TAM;SBGR;SBGL;258,98;65
2002;8;TAM;SBCF;SBGR;326,67;86
2002;8;TAM;SBSP;SBGO;507,01;7
2002;8;TAM;SBRJ;SBBR;292,97;4336
2002;8;TAM;SBPA;SBSP;373,97;2005
2002;8;TAM;SBFL;SBSP;421,00;13
2002;8;TAM;SBGR;SBFL;270,01;33
2002;8;TAM;SBPA;SBSP;495,00;900
2002;8;TAM;SBFL;SBSP;392,01;2
2002;8;TAM;SBGR;SBCF;444,91;501
2002;8;TAM;SBSP;SBVT;568,97;431
2002;8;TAM;SBBE;SBMQ;200,99;124
2002;8;TAM;SBPA;SBKP;552,98;2
2002;8;TAM;SBSP;SBFL;197,98;2196
2002;8;TAM;SBSV;SBGL;433,01;45
2002;8;TAM;SBFL;SBPA;219,00;1
2002;8;TAM;SBBH;SBRJ;349,00;847
2002;8;TAM;SBRF;SBFZ;338,02;10
2002;8;TAM;SBPA;SBCT;390,99;419
2002;8;TAM;SBCT;SBPA;390,99;323
2002;8;TAM;SBBR;SBGR;497,01;35
2002;8;TAM;SBUL;SBSP;373,98;3075
2002;8;TAM;SBSP;SBGO;443,96;128
2002;8;TAM;SBBR;SBKP;513,99;114
2002;8;TAM;SBCT;SBSP;231,00;1616
2002;8;TAM;SBRF;SBSV;446,99;116
2002;8;TAM;SBFZ;SBRF;395,01;78
2002;8;TAM;SBPA;SBGL;720,02;126
2002;8;TAM;SBSP;SBGL;222,01;27
2002;8;TAM;SBBR;SBSP;378,01;703
2002;8;TAM;SBRF;SBGL;615,00;71
2002;8;TAM;SBBH;SBSP;273,02;2048
2002;8;TAM;SBPA;SBCT;418,98;157
2002;8;TAM;SBKP;SBBR;513,99;150
2002;8;TAM;SBPA;SBGL;554,00;9
2002;8;TAM;SBPA;SBFL;199,00;22
2002;8;TAM;SBRF;SBGL;562,97;75
2002;8;TAM;SBKP;SBBR;666,97;142
2002;8;TAM;SBRJ;SBBH;349,00;1133
2002;8;TAM;SBBR;SBGR;602,01;580
2002;8;TAM;SBBR;SBBE;747,04;10
2002;8;TAM;SBCT;SBKP;238,00;42
2002;8;TAM;SBFZ;SBRF;483,98;128
2002;8;TAM;SBGL;SBSV;931,01;3
2002;8;TAM;SBCT;SBPA;279,02;2865
2002;8;TAM;SBRP;SBSP;303,00;33
2002;8;TAM;SBSV;SBRF;335,99;26
2002;8;TAM;SBFL;SBPA;199,00;23
2002;8;TAM;SBBR;SBGL;611,65;209
2002;8;TAM;SBSP;SBBH;325,99;616
2002;8;TAM;SBBR;SBSV;402,01;11
2002;8;TAM;SBPA;SBFL;361,98;62
2002;8;TAM;SBRF;SBFZ;395,01;61
2002;8;TAM;SBFL;SBSP;219,99;917
2002;8;TAM;SBBR;SBCT;546,95;535
2002;8;TAM;SBFL;SBSP;366,98;15
2002;8;TAM;SBGR;SBCT;218,99;607
2002;8;TAM;SBBH;SBCT;312,03;1639
2002;8;TAM;SBBR;SBCT;783,04;114
2002;8;TAM;SBVT;SBSP;281,99;3333
2002;8;TAM;SBPA;SBGL;435,96;3
2002;8;TAM;SBMQ;SBBE;184,01;243
2002;8;TAM;SBBR;SBRJ;355,98;260
2002;8;TAM;SBGL;SBPA;396,95;26
2002;8;TAM;SBSV;SBGR;559,94;55
2002;8;TAM;SBBR;SBFL;480,69;115
2002;8;TAM;SBBR;SBKP;402,99;136
2002;8;TAM;SBSP;SBGL;318,00;29
2002;8;TAM;SBGR;SBCT;342,99;972
2002;8;TAM;SBGL;SBSV;590,98;16
2002;8;TAM;SBGL;SBBR;320,36;102
2002;8;TAM;SBGL;SBPA;554,00;6
2002;8;TAM;SBSP;SBFL;219,99;762
2002;8;TAM;SBSP;SBCT;280,99;632
2002;8;TAM;SBFL;SBBR;480,69;58
2002;8;TAM;SBBR;SBRJ;427,99;244
2002;8;TAM;SBRJ;SBBR;647,00;745
2002;8;TAM;SBSP;SBVT;439,01;59
2002;8;TAM;SBVT;SBRJ;389,99;12
2002;8;TAM;SBBR;SBBH;655,99;2
2002;8;TAM;SBSP;SBKP;174,00;19
2002;8;TAM;SBBR;SBBH;297,99;212
2002;8;TAM;SBRJ;SBVT;139,99;2082
2002;8;TAM;SBBR;SBBE;397,03;643
2002;8;TAM;SBFL;SBBR;524,54;263
2002;8;TAM;SBGL;SBBR;392,47;7
2002;8;TAM;SBPA;SBGR;565,97;398
2002;8;TAM;SBGR;SBFL;220,01;255
2002;8;TAM;SBPA;SBKP;595,02;3
2002;8;TAM;SBGR;SBCT;207,00;1270
2002;8;TAM;SBRP;SBSP;264,99;3461
2002;8;TAM;SBBR;SBFL;437,62;103
2002;8;TAM;SBGL;SBSV;551,06;44
2002;8;TAM;SBBH;SBSP;325,99;537
2002;8;TAM;SBSP;SBUL;398,99;186
2002;8;TAM;SBBR;SBGR;783,01;8
2002;8;TAM;SBSP;SBGO;749,01;10
2002;8;TAM;SBBH;SBRJ;306,00;102
2002;8;TAM;SBFL;SBGR;244,99;42
2002;8;TAM;SBGR;SBFL;579,01;11
2002;8;TAM;SBKP;SBCT;393,00;94
2002;8;TAM;SBRF;SBSV;659,99;6
2002;8;TAM;SBCT;SBFL;260,00;4
2002;8;TAM;SBCT;SBSP;251,00;1115
2002;8;TAM;SBCT;SBGL;327,00;9
2002;8;TAM;SBSP;SBKP;131,00;3
2002;8;TAM;SBBE;SBBR;560,92;94
2002;8;TAM;SBCT;SBBH;486,03;97
2002;8;TAM;SBGR;SBCF;366,74;10
2002;8;TAM;SBBH;SBRJ;268,00;114
2002;8;TAM;SBPA;SBSP;777,99;32
2002;8;TAM;SBBR;SBFL;655,45;250
2002;8;TAM;SBBR;SBGO;205,00;82
2002;8;TAM;SBPS;SBSP;889,98;2
2002;8;TAM;SBCF;SBGR;444,91;298
2002;8;TAM;SBSP;SBPA;373,97;1603
2002;8;TAM;SBBR;SBSP;631,96;2740
2002;8;TAM;SBGL;SBGR;277,99;25
2002;8;TAM;SBSP;SBFL;392,01;8
2002;8;TAM;SBMQ;SBBE;255,99;48
2002;8;TAM;SBRJ;SBBH;268,00;193
2002;8;TAM;SBRJ;SBSP;335,98;17628
2002;8;TAM;SBSP;SBGL;175,01;3091
2002;8;TAM;SBSV;SBBR;334,00;923
2002;8;TAM;SBSP;SBCT;207,01;10080
2002;8;TAM;SBFL;SBBR;793,45;258
2002;8;TAM;SBBE;SBBR;515,04;95
2002;8;TAM;SBGL;SBGR;317,99;194
2002;8;TAM;SBBR;SBBE;468,03;152
2002;8;TAM;SBGL;SBRF;1209,93;3
2002;8;TAM;SBPA;SBFL;239,00;18
2002;8;TAM;SBBR;SBCT;729,05;143
2002;8;TAM;SBSP;SBBH;392,01;320
2002;8;TAM;SBBH;SBCT;555,99;25
2002;8;TAM;SBCT;SBBR;682,96;71
2002;8;TAM;SBFL;SBSP;343,02;42
2002;8;TAM;SBGR;SBSV;559,94;58
2002;8;TAM;SBSP;SBRP;303,00;24
2002;8;TAM;SBFL;SBGR;220,01;153
2002;8;TAM;SBCT;SBBH;416,97;118
2002;8;TAM;SBSP;SBPS;475,03;21
2002;8;TAM;SBVT;SBSP;237,01;47
2002;8;TAM;SBBR;SBKP;666,97;207
2002;8;TAM;SBBH;SBBR;315,00;145
2002;8;TAM;SBVT;SBRJ;139,99;1809
2002;8;TAM;SBGO;SBSP;749,01;7
2002;8;TAM;SBBR;SBSP;782,99;66
2002;8;TAM;SBRJ;SBBR;611,00;49
2002;8;TAM;SBCT;SBBH;312,03;1663
2002;8;TAM;SBCF;SBGR;301,62;14
2002;8;TAM;SBPS;SBSP;564,98;9
2002;8;TAM;SBBR;SBSV;864,02;3
2002;8;TAM;SBRJ;SBSP;239,00;9326
2002;8;TAM;SBSP;SBGO;381,00;66
2002;8;TAM;SBBE;SBBR;747,04;52
2002;8;TAM;SBCT;SBBH;631,00;695
2002;8;TAM;SBFZ;SBBR;776,94;16
2002;8;TAM;SBPA;SBGR;344,96;963
2002;8;TAM;SBRF;SBFZ;282,02;27
2002;8;TAM;SBGO;SBSP;349,02;253
2002;8;TAM;SBSP;SBUL;427,03;75
2002;8;TAM;SBBR;SBSP;336,02;8110
2002;8;TAM;SBPA;SBGL;635,05;5
2002;8;TAM;SBGL;SBGR;335,99;343
2002;8;TAM;SBGL;SBSP;335,99;289
2002;8;TAM;SBSP;SBVT;376,03;104
2002;8;TAM;SBGR;SBCF;419,86;53
2002;8;TAM;SBGL;SBGR;203,99;50
2002;8;TAM;SBSP;SBFL;366,98;9
2002;8;TAM;SBUL;SBSP;483,99;340
2002;8;TAM;SBCT;SBKP;259,99;95
2002;8;TAM;SBFL;SBSP;579,01;3
2002;8;TAM;SBSV;SBGR;1101,02;8
2002;8;TAM;SBGR;SBSV;846,95;494
2002;8;TAM;SBVT;SBSP;439,01;264
2002;8;TAM;SBGL;SBPA;720,02;136
2002;8;TAM;SBCT;SBSP;343,02;94
2002;8;TAM;SBRF;SBSV;307,99;12
2002;8;TAM;SBBR;SBGL;570,61;21
2002;8;TAM;SBMQ;SBBE;200,99;83
2002;8;TAM;SBRJ;SBBH;287,99;73
2002;8;TAM;SBGR;SBCF;449,92;667
2002;8;TAM;SBKP;SBGR;158,00;7
2002;8;TAM;SBUL;SBSP;266,01;49
2002;8;TAM;SBGR;SBSV;1101,02;4
2002;8;TAM;SBCT;SBPA;480,01;43
2002;8;TAM;SBVT;SBSP;313,97;428
2002;8;TAM;SBKP;SBCT;325,00;1
2002;8;TAM;SBBR;SBRJ;647,00;633
2002;8;TAM;SBFL;SBPA;361,98;47
2002;8;TAM;SBKP;SBCT;217,01;50
2002;8;TAM;SBBH;SBRJ;193,00;400
2002;8;TAM;SBRF;SBGL;538,08;925
2002;8;TAM;SBSV;SBGL;677,02;122
2002;8;TAM;SBMQ;SBBE;159,99;2137
2002;8;TAM;SBBH;SBCT;348,00;347
2002;8;TAM;SBGL;SBSP;258,98;13
2002;8;TAM;SBBH;SBCT;416,97;189
2002;8;TAM;SBSP;SBCT;231,00;1908
2002;8;TAM;SBGL;SBRF;767,91;29
2002;8;TAM;SBCT;SBBH;555,99;28
2002;8;TAM;SBBH;SBCT;381,99;334
2002;8;TAM;SBBR;SBFZ;728,97;24
2002;8;TAM;SBSP;SBBH;255,02;7638
2002;8;TAM;SBSV;SBGL;332,00;1994
2002;8;TAM;SBSP;SBBR;378,01;651
2002;8;TAM;SBGL;SBBR;498,59;14
2002;8;TAM;SBBH;SBBR;297,99;276
2002;8;TAM;SBSP;SBGO;349,02;175
2002;8;TAM;SBPS;SBSP;602,04;20
2002;8;TAM;SBSV;SBGR;513,94;35
2002;8;TAM;SBRF;SBFZ;512,01;224
2002;8;TAM;SBSV;SBBR;548,97;26
2002;8;TAM;SBGL;SBGR;222,02;46
2002;8;TAM;SBBH;SBBR;388,02;190
2002;8;TAM;SBGL;SBBR;535,60;3
2002;8;TAM;SBGL;SBCT;356,03;30
2002;8;TAM;SBBH;SBSP;255,02;7996
2002;8;TAM;SBFL;SBGR;366,99;71
2002;8;TAM;SBCT;SBKP;217,01;65
2002;8;TAM;SBCT;SBFL;296,01;81
2002;8;TAM;SBMQ;SBBE;273,99;29
2002;8;TAM;SBVT;SBSP;343,98;100
2002;8;TAM;SBPA;SBGR;374,03;26
2002;8;TAM;SBKP;SBBR;331,01;652
2002;8;TAM;SBSP;SBKP;140,00;3
2002;8;TAM;SBBR;SBBH;442,98;43
2002;8;TAM;SBBR;SBFL;418,72;773
2002;8;TAM;SBCT;SBBR;637,95;108
2002;8;TAM;SBKP;SBCT;259,99;10
2002;8;TAM;SBBH;SBBR;477,02;129
2002;8;TAM;SBSP;SBBH;618,00;21
2002;8;TAM;SBGR;SBCT;300,02;50
2002;8;TAM;SBBR;SBSP;464,00;621
2002;8;TAM;SBBR;SBGL;841,89;8
2002;8;TAM;SBBH;SBRJ;211,01;674
2002;8;TAM;SBRJ;SBVT;271,99;16
2002;8;TAM;SBSP;SBGL;278,01;2
2002;8;TAM;SBSV;SBGL;628,95;256
2002;8;TAM;SBGL;SBCT;446,01;4
2002;8;TAM;SBFL;SBCT;296,01;27
2002;8;TAM;SBPA;SBKP;484,98;241
2002;8;TAM;SBSP;SBBH;449,01;202
2002;8;TAM;SBSV;SBRF;446,99;98
2002;8;TAM;SBCT;SBBR;500,97;213
2002;8;TAM;SBGL;SBBR;293,30;210
2002;8;TAM;SBBR;SBFZ;776,94;9
2002;8;TAM;SBGR;SBFL;421,01;434
2002;8;TAM;SBBR;SBGO;234,00;72
2002;8;TAM;SBSV;SBBR;439,05;62
2002;8;TAM;SBCT;SBBH;253,97;116
2002;8;TAM;SBSP;SBGO;316,96;252
2002;8;TAM;SBFL;SBBR;698,52;30
2002;8;TAM;SBSP;SBPA;403,02;1618
2002;8;TAM;SBSV;SBGL;931,01;1
2002;8;TAM;SBBH;SBRJ;453,00;4
2002;8;TAM;SBCT;SBBH;381,99;47
2002;8;TAM;SBGL;SBCT;510,99;6
2002;8;TAM;SBPA;SBSP;526,98;586
2002;8;TAM;SBSV;SBBR;628,03;16
2002;8;TAM;SBSP;SBPS;645,95;2
2002;8;TAM;SBFZ;SBRF;421,97;5
2002;8;TAM;SBBR;SBBH;477,02;43
2002;8;TAM;SBFZ;SBBR;535,08;23
2002;8;TAM;SBGL;SBRF;538,08;1045
2002;8;TAM;SBBH;SBCT;596,02;5
2002;8;TAM;SBBR;SBGR;464,01;57
2002;8;TAM;SBSP;SBCT;299,99;408
2002;8;TAM;SBBH;SBCT;520,02;94
2002;8;TAM;SBCT;SBGL;474,97;6
2002;8;TAM;SBCT;SBGL;266,99;175
2002;8;TAM;SBFL;SBCT;244,01;8
2002;8;TAM;SBGL;SBCT;254,02;427
2002;8;TAM;SBSP;SBPS;602,04;3
2002;8;TAM;SBBR;SBGL;293,30;378
2002;8;TAM;SBPS;SBSP;645,95;14
2002;8;TAM;SBGR;SBBR;569,00;596
2002;8;TAM;SBBR;SBGR;336,02;597
2002;8;TAM;SBSP;SBGO;635,00;338
2002;8;TAM;SBSP;SBVT;501,00;94
2002;8;TAM;SBSP;SBGL;258,98;40
2002;8;TAM;SBPA;SBGL;680,00;23
2002;8;TAM;SBSP;SBVT;537,97;27
2002;8;TAM;SBCT;SBFL;278,99;4
2002;8;TAM;SBSV;SBGL;715,96;209
2002;8;TAM;SBCT;SBGL;416,98;35
2002;8;TAM;SBGR;SBGL;335,99;762
2002;8;TAM;SBSP;SBFL;579,01;4
2002;8;TAM;SBBH;SBSP;300,99;880
2002;8;TAM;SBVT;SBRJ;362,99;3
2002;8;TAM;SBRF;SBFZ;309,99;26
2002;8;TAM;SBSP;SBGO;284,99;968
2002;8;TAM;SBGO;SBBR;247,00;150
2002;8;TAM;SBGR;SBBR;378,00;18
2002;8;TAM;SBUL;SBSP;458,99;160
2002;8;TAM;SBRJ;SBBH;306,00;151
2002;8;TAM;SBGR;SBGL;175,00;602
2002;8;TAM;SBPA;SBFL;341,98;8
2002;8;TAM;SBBE;SBMQ;159,99;1672
2002;8;TAM;SBFL;SBGR;294,01;138
2002;8;TAM;SBBR;SBFZ;883,01;112
2002;8;TAM;SBGL;SBSV;473,05;71
2002;8;TAM;SBBR;SBBH;388,02;181
2002;8;TAM;SBFL;SBBR;437,62;152
2002;8;TAM;SBSV;SBRF;479,97;36
2002;8;TAM;SBBE;SBMQ;293,01;8
2002;8;TAM;SBGL;SBPA;323,97;953
2002;8;TAM;SBFL;SBPA;319,00;1
2002;8;TAM;SBKP;SBGR;121,00;35
2002;8;TAM;SBBR;SBFZ;505,01;691
2002;8;TAM;SBBR;SBKP;585,97;98
2002;8;TAM;SBSV;SBGL;395,04;105
2002;8;TAM;SBKP;SBBR;440,02;267
2002;8;TAM;SBSP;SBGO;544,99;38
2002;8;TAM;SBGR;SBPA;344,96;1249
2002;8;TAM;SBGR;SBBR;406,04;37
2002;8;TAM;SBRF;SBSV;279,03;21
2002;8;TAM;SBGL;SBSP;278,01;4
2002;8;TAM;SBFL;SBGR;445,01;288
2002;8;TAM;SBBR;SBCT;500,97;244
2002;8;TAM;SBBR;SBFL;611,60;85
2002;8;TAM;SBSP;SBFL;490,00;513
2002;8;TAM;SBFZ;SBRF;338,02;49
2002;8;TAM;SBPA;SBKP;629,02;107
2002;8;TAM;SBSP;SBGL;335,99;375
2002;8;TAM;SBBH;SBBR;277,00;2204
2002;8;TAM;SBSP;SBFL;294,02;40
2002;8;TAM;SBSP;SBCT;343,02;86
2002;8;TAM;SBSV;SBGR;745,96;90
2002;8;TAM;SBGO;SBSP;381,00;279
2002;8;TAM;SBGL;SBBR;356,37;4
2002;8;TAM;SBGR;SBPA;462,00;74
2002;8;TAM;SBMQ;SBBE;314,98;12
2002;8;TAM;SBBR;SBRJ;841,05;8
2002;8;TAM;SBSP;SBGO;476,02;32
2002;8;TAM;SBGO;SBSP;544,99;179
2002;8;TAM;SBSP;SBRP;378,99;316
2002;8;TAM;SBGR;SBCF;301,62;13
2002;8;TAM;SBSP;SBCT;321,00;109
2002;8;TAM;SBBR;SBKP;549,98;125
2002;8;TAM;SBGL;SBRF;819,94;21
2002;8;TAM;SBBR;SBBH;333,00;131
2002;8;TAM;SBCT;SBPA;335,99;593
2002;8;TAM;SBGR;SBSV;513,94;38
2002;8;TAM;SBGR;SBCT;321,02;33
2002;8;TAM;SBRJ;SBVT;204,99;719
2002;8;TAM;SBSV;SBRF;279,03;15
2002;8;TAM;SBGL;SBGR;175,00;686
2002;8;TAM;SBMQ;SBBE;333,01;178
2002;8;TAM;SBCT;SBGR;231,02;188
2002;8;TAM;SBBR;SBCT;829,03;314
2002;8;TAM;SBKP;SBCT;238,00;11
2002;8;TAM;SBBH;SBBR;417,00;86
2002;8;TAM;SBGR;SBGL;203,99;16
2002;8;TAM;SBSP;SBPA;345,01;9836
2002;8;TAM;SBSV;SBRF;659,99;33
2002;8;TAM;SBRJ;SBBH;229,99;556
2002;8;TAM;SBBR;SBBE;850,08;65
2002;8;TAM;SBBR;SBGR;530,01;47
2002;8;TAM;SBVT;SBSP;376,03;229
2002;8;TAM;SBFL;SBBR;750,38;21
2002;8;TAM;SBMQ;SBBE;219,02;111
2002;8;TAM;SBGL;SBSP;222,01;15
2002;8;TAM;SBFL;SBGR;421,01;645
2002;8;TAM;SBGR;SBKP;131,00;1
2002;8;TAM;SBGL;SBSV;677,02;60
2002;8;TAM;SBPA;SBGL;396,95;25
2002;8;TAM;SBVT;SBSP;470,01;136
2002;8;TAM;SBUL;SBSP;630,00;8
2002;8;TAM;SBBH;SBSP;392,01;342
2002;8;TAM;SBSP;SBUL;373,98;3042
2002;8;TAM;SBSV;SBGL;551,06;45
2002;8;TAM;SBGR;SBSV;652,95;40
2002;8;TAM;SBBR;SBRJ;534,99;167
2002;8;TAM;SBSP;SBPS;451,00;302
2002;8;TAM;SBRJ;SBBR;355,98;355
2002;8;TAM;SBGO;SBSP;316,96;136
2002;8;TAM;SBCT;SBKP;325,00;28
2002;8;TAM;SBRF;SBGL;931,04;243
2002;8;TAM;SBBH;SBBR;655,99;2
2002;8;TAM;SBGR;SBPA;495,04;85
2002;8;TAM;SBGO;SBBR;234,00;24
2002;8;TAM;SBSP;SBBR;782,99;92
2002;8;TAM;SBBR;SBRJ;391,99;177
2002;8;TAM;SBBH;SBRJ;330,01;239
2002;8;TAM;SBRF;SBFZ;187,97;1409
2002;8;TAM;SBCF;SBGR;619,26;8
2002;8;TAM;SBSP;SBVT;470,01;68
2002;8;TAM;SBFZ;SBBR;1148,01;5
2002;8;TAM;SBSV;SBGL;590,98;12
2002;8;TAM;SBSP;SBRP;326,01;76
2002;8;TAM;SBBR;SBRJ;319,97;842
2002;8;TAM;SBPA;SBGR;403,00;65
2002;8;TAM;SBBR;SBGL;320,36;91
2002;8;TAM;SBPS;SBSP;751,96;998
2002;8;TAM;SBKP;SBPA;416,02;1526
2002;8;TAM;SBSV;SBBR;512,04;66
2002;8;TAM;SBPA;SBCT;447,01;75
2002;8;TAM;SBRJ;SBVT;341,00;5
2002;8;TAM;SBRP;SBSP;284,01;129
2002;8;TAM;SBRF;SBFZ;483,98;7
2002;8;TAM;SBBE;SBBR;803,07;9
2002;8;TAM;SBCT;SBKP;206,02;978
2002;8;TAM;SBRF;SBGL;767,91;42
2002;8;TAM;SBVT;SBRJ;204,99;548
2002;8;TAM;SBBR;SBBE;560,92;70
2002;8;TAM;SBSP;SBPS;564,98;4
2002;8;TAM;SBGR;SBFL;392,02;22
2002;8;TAM;SBPA;SBCT;279,02;2573
2002;8;TAM;SBGL;SBPA;680,00;11
2002;8;TAM;SBBH;SBSP;366,00;498
2002;8;TAM;SBGL;SBRF;562,97;85
2002;8;TAM;SBGR;SBCT;231,02;84
2002;8;TAM;SBGR;SBKP;150,00;5
2002;8;TAM;SBCT;SBGR;342,99;1284
2002;8;TAM;SBPA;SBFL;299,00;9
2002;8;TAM;SBBH;SBBR;333,00;315
2002;8;TAM;SBBR;SBBE;700,99;12
2002;8;TAM;SBGL;SBPA;474,97;21
2002;8;TAM;SBSV;SBBR;402,01;7
2002;8;TAM;SBGL;SBBR;611,65;52
2002;8;TAM;SBBE;SBMQ;333,01;167
2002;8;TAM;SBGL;SBSP;203,98;100
2002;8;TAM;SBFL;SBSP;294,02;37
2002;8;TAM;SBBE;SBMQ;184,01;679
2002;8;TAM;SBSV;SBBR;664,96;160
2002;8;TAM;SBPA;SBSP;345,01;9321
2002;8;TAM;SBCT;SBGR;472,98;7
2002;8;TAM;SBPA;SBGR;599,01;407
2002;8;TAM;SBSP;SBPS;527,02;28
2002;8;TAM;SBKP;SBBR;585,97;145
2002;8;TAM;SBBR;SBGR;378,00;54
2002;8;TAM;SBRF;SBSV;335,99;27
2002;8;TAM;SBCT;SBPA;308,01;391
2002;8;TAM;SBBR;SBCT;409,97;572
2002;8;TAM;SBCT;SBBH;596,02;2
2002;8;TAM;SBCT;SBKP;345,01;6
2002;8;TAM;SBBR;SBBH;503,98;201
2002;8;TAM;SBBE;SBMQ;219,02;115
2002;8;TAM;SBMQ;SBBE;293,01;6
2002;8;TAM;SBKP;SBGR;206,00;2
2002;8;TAM;SBPS;SBSP;451,00;307
2002;8;TAM;SBVT;SBRJ;271,99;6
2002;8;TAM;SBCT;SBPA;507,99;1028
2002;8;TAM;SBSP;SBPA;565,98;330
2002;8;TAM;SBGR;SBKP;158,00;14
2002;8;TAM;SBFZ;SBRF;282,02;83
2002;8;TAM;SBGL;SBSV;433,01;19
2002;8;TAM;SBSV;SBGR;846,95;572
2002;8;TAM;SBBR;SBKP;440,02;394
2002;8;TAM;SBBR;SBSP;497,00;414
2002;8;TAM;SBCT;SBSP;473,00;21
2002;8;TAM;SBSP;SBBR;336,02;6044
2002;8;TAM;SBBE;SBBR;397,03;388
2002;8;TAM;SBBH;SBSP;444,02;1371
2002;8;TAM;SBGR;SBFL;366,99;10
2002;8;TAM;SBKP;SBBR;630,02;54
2002;8;TAM;SBGO;SBBR;205,00;78
2002;8;TAM;SBSV;SBRF;508,03;266
2002;8;TAM;SBPA;SBCT;308,01;757
2002;8;TAM;SBGO;SBSP;507,01;72
2002;8;TAM;SBSP;SBBR;497,00;1359
2002;8;TAM;SBFL;SBCT;278,99;4
2002;8;TAM;SBBR;SBGR;349,01;142
2002;8;TAM;SBGR;SBBR;336,02;572
2002;8;TAM;SBSP;SBVT;738,99;12
2002;8;TAM;SBBH;SBSP;418,98;115
2002;8;TAM;SBGL;SBCT;266,99;322
2002;8;TAM;SBPA;SBGR;462,00;37
2002;8;TAM;SBCT;SBBR;309,02;58
2002;8;TAM;SBCT;SBGR;280,99;193
2002;8;TAM;SBBR;SBBE;803,07;15
2002;8;TAM;SBBR;SBSV;585,04;51
2002;8;TAM;SBGR;SBKP;140,00;1
2002;8;TAM;SBPA;SBCT;480,01;51
2002;8;TAM;SBFL;SBBR;418,72;1219
2002;8;TAM;SBVT;SBSP;568,97;457
2002;8;TAM;SBGR;SBPA;526,96;18
2002;8;TAM;SBFZ;SBRF;254,00;75
2002;8;TAM;SBFL;SBBR;655,45;44
2002;8;TAM;SBSV;SBBR;585,04;40
2002;8;TAM;SBGO;SBSP;269,04;1923
2002;8;TAM;SBSP;SBFL;244,98;154
2002;8;TAM;SBCT;SBGR;218,99;622
2002;8;TAM;SBSP;SBCT;473,00;28
2002;8;TAM;SBSP;SBPS;751,96;466
2002;8;TAM;SBSP;SBUL;630,00;5
2002;8;TAM;SBCF;SBGR;366,74;23
2002;8;TAM;SBPA;SBFL;219,00;3
2002;8;TAM;SBBE;SBMQ;314,98;18
2002;8;TAM;SBGL;SBCT;298,03;95
2002;8;TAM;SBRJ;SBBR;319,97;1293
2002;8;TAM;SBFZ;SBBR;728,97;29
2002;8;TAM;SBBH;SBCT;631,00;480
2002;8;TAM;SBBR;SBSP;569,02;241
2002;8;TAM;SBBR;SBBE;1104,94;2
2002;8;TAM;SBSP;SBGL;203,98;312
2002;8;TAM;SBSV;SBGR;652,95;67
2002;8;TAM;SBBR;SBKP;630,02;78
2002;8;TAM;SBSP;SBUL;483,99;364
2002;8;TAM;SBGR;SBPA;599,01;418
2002;8;TAM;SBGR;SBCF;392,78;65
2002;8;TAM;SBGL;SBBR;647,75;30
2002;8;TAM;SBRF;SBSV;508,03;132
2002;8;TAM;SBSP;SBGO;269,04;2272
2002;8;TAM;SBBR;SBRJ;497,96;153
2002;8;TAM;SBRP;SBSP;326,01;84
2002;8;TAM;SBCF;SBGR;419,86;9
2002;8;TAM;SBGO;SBBR;218,01;22
2002;8;TAM;SBCT;SBGR;251,01;281
2002;8;TAM;SBFZ;SBRF;187,97;1579
2002;8;TAM;SBCT;SBSP;383,99;5683
2002;8;TAM;SBCT;SBGL;254,02;275
2002;8;TAM;SBCT;SBGR;300,02;115
2002;8;TAM;SBGR;SBFL;198,02;391
2002;8;TAM;SBPA;SBGR;495,04;32
2002;8;TAM;SBCF;SBGR;392,78;85
2002;8;TAM;SBSP;SBCT;383,99;4392
2002;8;TAM;SBBR;SBSP;530,00;594
2002;8;TAM;SBSP;SBBH;273,02;2297
2002;8;TAM;SBGL;SBSP;318,00;15
2002;8;TAM;SBCT;SBPA;660,02;4
2002;8;TAM;SBFL;SBPA;277,99;16
2002;8;TAM;SBSV;SBGR;800,95;181
2002;8;TAM;SBVT;SBRJ;250,01;24
2002;8;TAM;SBBE;SBBR;850,08;68
2002;8;TAM;SBGR;SBBR;497,01;42
2002;8;TAM;SBVT;SBSP;537,97;145
2002;8;TAM;SBCT;SBSP;207,01;9553
2002;8;TAM;SBCT;SBGL;510,99;11
2002;8;TAM;SBFL;SBSP;490,00;377
2002;8;TAM;SBBR;SBSP;349,03;2245
2002;8;TAM;SBSP;SBBR;406,03;988
2002;8;TAM;SBGL;SBSP;175,01;3027
2002;8;TAM;SBFL;SBGR;270,01;52
2002;8;TAM;SBBR;SBGL;535,60;1
2002;8;TAM;SBUL;SBSP;427,03;56
2002;8;TAM;SBFL;SBPA;179,00;44
2002;8;TAM;SBCF;SBGR;449,92;1396
2002;8;TAM;SBCT;SBGL;540,02;206
2002;8;TAM;SBGL;SBRF;879,02;33
2002;8;TAM;SBBR;SBBE;515,04;64
2002;8;TAM;SBBR;SBRJ;569,98;53
2002;8;TAM;SBBR;SBSV;334,00;797
2002;8;TAM;SBSP;SBRJ;335,98;16118
2002;8;TAM;SBSP;SBFL;343,02;28
2002;8;TAM;SBBR;SBFL;698,52;74
2002;8;TAM;SBGR;SBBR;349,01;178
2002;8;TAM;SBGR;SBFL;342,99;23
2002;8;TAM;SBBH;SBBR;503,98;315
2002;8;TAM;SBFZ;SBBR;583,04;52
2002;8;TAM;SBBR;SBBH;277,00;2452
2002;8;TAM;SBBR;SBBE;654,95;34
2002;8;TAM;SBPA;SBGR;526,96;12
2002;8;TAM;SBBR;SBFL;793,45;234
2002;8;TAM;SBFL;SBPA;162,99;1429
2002;8;TAM;SBFZ;SBRF;512,01;264
2002;8;TAM;SBGO;SBBR;322,00;2
2002;8;TAM;SBFL;SBPA;239,00;19
2002;8;TAM;SBBR;SBGL;428,48;29
2002;8;TAM;SBKP;SBPA;817,98;3
2002;8;TAM;SBSP;SBPA;462,02;712
2002;8;TAM;SBGR;SBCT;251,01;243
2002;8;TAM;SBGR;SBSV;745,96;72
2002;8;TAM;SBGR;SBCF;619,26;5
2002;8;TAM;SBPA;SBFL;179,00;48
2002;8;TAM;SBSV;SBBR;366,05;40
2002;8;TAM;SBBR;SBFZ;1148,01;7
2002;8;TAM;SBBE;SBBR;468,03;207
2002;8;TAM;SBBR;SBGR;406,04;66
2002;8;TAM;SBSP;SBGL;296,00;10
2002;8;TAM;SBBR;SBFZ;679,99;38
2002;8;TAM;SBCT;SBGR;207,00;617
2002;8;TAM;SBGR;SBBR;783,01;15
2002;8;TAM;SBPA;SBSP;565,98;242
2002;8;TAM;SBKP;SBPA;629,02;322
2002;8;TAM;SBCT;SBGR;363,99;1045
2002;8;TAM;SBCT;SBFL;227,99;464
2002;8;TAM;SBBR;SBSV;664,96;108
2002;8;TAM;SBGO;SBSP;443,96;177
2002;8;TAM;SBRJ;SBBR;497,96;222
2002;8;TAM;SBKP;SBBR;549,98;150
2002;8;TAM;SBGR;SBSV;800,95;182
2002;8;TAM;SBPA;SBSP;462,02;866
2002;8;TAM;SBGR;SBCT;363,99;736
2002;8;TAM;SBPA;SBFL;277,99;30
2002;8;TAM;SBBH;SBCT;253,97;112
2002;8;TAM;SBBR;SBGO;322,00;28
2002;8;TAM;SBFL;SBPA;299,00;5
2002;8;TAM;SBBR;SBCT;454,98;392
2002;8;VRG;SBSV;SBBR;475,00;201
2002;8;VRG;SBBR;SBPA;403,00;46
2002;8;VRG;SBEG;SBGR;1220,00;563
2002;8;VRG;SBCT;SBFL;222,00;25
2002;8;VRG;SBCF;SBGR;333,00;23
2002;8;VRG;SBBR;SBSV;304,00;185
2002;8;VRG;SBRF;SBGL;738,00;591
2002;8;VRG;SBFZ;SBBR;656,00;103
2002;8;VRG;SBBR;SBGL;463,00;24
2002;8;VRG;SBGL;SBCT;637,00;191
2002;8;VRG;SBBE;SBBR;626,00;11
2002;8;VRG;SBBE;SBBR;375,00;8
2002;8;VRG;SBGL;SBSV;533,00;348
2002;8;VRG;SBMQ;SBBE;329,00;158
2002;8;VRG;SBRF;SBSV;501,00;329
2002;8;VRG;SBGR;SBEG;855,00;298
2002;8;VRG;SBFL;SBCT;266,00;20
2002;8;VRG;SBGR;SBCF;529,00;204
2002;8;VRG;SBGL;SBBR;370,00;207
2002;8;VRG;SBBR;SBSV;475,00;238
2002;8;VRG;SBGR;SBFL;199,00;40
2002;8;VRG;SBGL;SBBR;792,00;29
2002;8;VRG;SBGR;SBSV;674,00;857
2002;8;VRG;SBFL;SBPA;290,00;141
2002;8;VRG;SBBR;SBGR;278,00;20
2002;8;VRG;SBSV;SBBR;509,00;15
2002;8;VRG;SBGL;SBCT;429,00;430
2002;8;VRG;SBGL;SBGR;159,00;238
2002;8;VRG;SBCT;SBGR;251,00;96
2002;8;VRG;SBFL;SBPA;327,00;29
2002;8;VRG;SBSV;SBBR;304,00;301
2002;8;VRG;SBCT;SBFL;266,00;20
2002;8;VRG;SBCT;SBBR;546,00;17
2002;8;VRG;SBGL;SBSV;497,00;429
2002;8;VRG;SBRJ;SBSP;219,00;63399
2002;8;VRG;SBSV;SBRF;501,00;613
2002;8;VRG;SBRF;SBFZ;358,00;118
2002;8;VRG;SBFL;SBGL;590,00;157
2002;8;VRG;SBGL;SBSV;710,00;973
2002;8;VRG;SBBE;SBMQ;391,00;11
2002;8;VRG;SBSV;SBGR;758,00;115
2002;8;VRG;SBGL;SBBR;736,00;475
2002;8;VRG;SBPA;SBFL;148,00;953
2002;8;VRG;SBPA;SBBR;537,00;7
2002;8;VRG;SBGR;SBSV;632,00;408
2002;8;VRG;SBGL;SBBR;556,00;379
2002;8;VRG;SBFZ;SBRF;383,00;90
2002;8;VRG;SBGR;SBCT;427,00;262
2002;8;VRG;SBSV;SBRF;451,00;29
2002;8;VRG;SBBR;SBCT;728,00;65
2002;8;VRG;SBFL;SBBR;634,00;29
2002;8;VRG;SBRF;SBSV;182,00;643
2002;8;VRG;SBBE;SBMQ;197,00;281
2002;8;VRG;SBPA;SBGL;434,00;149
2002;8;VRG;SBRF;SBGL;692,00;207
2002;8;VRG;SBCT;SBBR;655,00;10
2002;8;VRG;SBPA;SBBR;1071,00;106
2002;8;VRG;SBRF;SBFZ;510,00;335
2002;8;VRG;SBBR;SBCT;582,00;72
2002;8;VRG;SBFZ;SBRF;171,00;377
2002;8;VRG;SBBR;SBCT;546,00;9
2002;8;VRG;SBGR;SBCT;278,00;62
2002;8;VRG;SBGL;SBCT;241,00;28
2002;8;VRG;SBSV;SBBR;811,00;172
2002;8;VRG;SBGL;SBCT;402,00;159
2002;8;VRG;SBEG;SBGR;579,00;759
2002;8;VRG;SBFL;SBCT;296,00;415
2002;8;VRG;SBBE;SBBR;997,00;128
2002;8;VRG;SBGL;SBPA;325,00;191
2002;8;VRG;SBSV;SBGR;842,00;1463
2002;8;VRG;SBBR;SBFZ;699,00;137
2002;8;VRG;SBPA;SBCT;206,00;25
2002;8;VRG;SBBR;SBGR;354,00;112
2002;8;VRG;SBCT;SBPA;275,00;32
2002;8;VRG;SBCF;SBGR;529,00;166
2002;8;VRG;SBPA;SBGR;447,00;425
2002;8;VRG;SBBR;SBGL;277,00;14
2002;8;VRG;SBGR;SBGL;151,00;787
2002;8;VRG;SBFZ;SBBR;699,00;278
2002;8;VRG;SBGR;SBBR;305,00;240
2002;8;VRG;SBCT;SBGR;188,00;86
2002;8;VRG;SBGR;SBCF;232,00;130
2002;8;VRG;SBFL;SBGL;471,00;62
2002;8;VRG;SBSV;SBGR;506,00;473
2002;8;VRG;SBPA;SBBR;626,00;224
2002;8;VRG;SBGR;SBFL;442,00;176
2002;8;VRG;SBPA;SBFL;254,00;37
2002;8;VRG;SBGL;SBPA;722,00;755
2002;8;VRG;SBCT;SBGR;288,00;165
2002;8;VRG;SBFZ;SBRF;510,00;348
2002;8;VRG;SBPA;SBCT;368,00;134
2002;8;VRG;SBRF;SBGL;829,00;83
2002;8;VRG;SBRF;SBFZ;171,00;500
2002;8;VRG;SBFL;SBCT;351,00;17
2002;8;VRG;SBGR;SBPA;268,00;305
2002;8;VRG;SBBR;SBCT;437,00;53
2002;8;VRG;SBPA;SBBR;403,00;33
2002;8;VRG;SBBR;SBFZ;874,00;246
2002;8;VRG;SBBR;SBPA;493,00;121
2002;8;VRG;SBGR;SBCT;166,00;21
2002;8;VRG;SBFL;SBCT;207,00;10
2002;8;VRG;SBGR;SBCF;354,00;180
2002;8;VRG;SBBR;SBBE;584,00;141
2002;8;VRG;SBGL;SBSV;426,00;476
2002;8;VRG;SBBR;SBGL;617,00;654
2002;8;VRG;SBSV;SBGR;632,00;279
2002;8;VRG;SBGL;SBFL;702,00;42
2002;8;VRG;SBRF;SBSV;225,00;18
2002;8;VRG;SBRF;SBSV;376,00;71
2002;8;VRG;SBMQ;SBBE;263,00;191
2002;8;VRG;SBFZ;SBBR;874,00;236
2002;8;VRG;SBSV;SBBR;611,00;88
2002;8;VRG;SBRF;SBGL;645,00;158
2002;8;VRG;SBPA;SBGR;769,00;9
2002;8;VRG;SBBR;SBBE;834,00;140
2002;8;VRG;SBCT;SBBR;728,00;106
2002;8;VRG;SBPA;SBFL;272,00;6
2002;8;VRG;SBCT;SBFL;237,00;812
2002;8;VRG;SBFL;SBGL;530,00;16
2002;8;VRG;SBCT;SBPA;166,00;254
2002;8;VRG;SBPA;SBCT;344,00;15
2002;8;VRG;SBFL;SBPA;431,00;22
2002;8;VRG;SBGR;SBSV;1006,00;638
2002;8;VRG;SBGR;SBCT;288,00;286
2002;8;VRG;SBPA;SBFL;327,00;11
2002;8;VRG;SBCT;SBGR;215,00;171
2002;8;VRG;SBBR;SBCT;509,00;132
2002;8;VRG;SBPA;SBCT;546,00;11
2002;8;VRG;SBBR;SBSV;509,00;55
2002;8;VRG;SBGL;SBBR;494,00;68
2002;8;VRG;SBPA;SBGR;358,00;468
2002;8;VRG;SBSV;SBGR;379,00;237
2002;8;VRG;SBBR;SBFL;596,00;2
2002;8;VRG;SBGR;SBEG;1099,00;123
2002;8;VRG;SBFL;SBBR;947,00;16
2002;8;VRG;SBGR;SBPA;537,00;130
2002;8;VRG;SBBR;SBFL;634,00;32
2002;8;VRG;SBGR;SBFL;398,00;16
2002;8;VRG;SBCF;SBGR;200,00;19
2002;8;VRG;SBFZ;SBRF;459,00;49
2002;8;VRG;SBPA;SBBR;715,00;222
2002;8;VRG;SBGR;SBEG;1582,00;51
2002;8;VRG;SBPA;SBCT;166,00;501
2002;8;VRG;SBPA;SBBR;364,00;745
2002;8;VRG;SBSV;SBGL;568,00;586
2002;8;VRG;SBFL;SBPA;362,00;130
2002;8;VRG;SBCT;SBBR;437,00;36
2002;8;VRG;SBSV;SBBR;679,00;272
2002;8;VRG;SBGL;SBPA;342,00;703
2002;8;VRG;SBBR;SBFL;555,00;59
2002;8;VRG;SBCT;SBGL;536,00;715
2002;8;VRG;SBGO;SBBR;189,00;124
2002;8;VRG;SBBR;SBBE;997,00;92
2002;8;VRG;SBCT;SBBR;582,00;31
2002;8;VRG;SBPA;SBBR;895,00;186
2002;8;VRG;SBFL;SBGL;353,00;49
2002;8;VRG;SBCT;SBGR;323,00;49
2002;8;VRG;SBGR;SBSV;842,00;1368
2002;8;VRG;SBGR;SBEG;1462,00;518
2002;8;VRG;SBCF;SBGR;354,00;130
2002;8;VRG;SBFZ;SBRF;306,00;123
2002;8;VRG;SBFL;SBGR;398,00;10
2002;8;VRG;SBGL;SBRF;1100,00;410
2002;8;VRG;SBFZ;SBBR;462,00;230
2002;8;VRG;SBSV;SBGL;319,00;108
2002;8;VRG;SBFZ;SBBR;787,00;30
2002;8;VRG;SBGL;SBFL;265,00;7
2002;8;VRG;SBFZ;SBBR;612,00;223
2002;8;VRG;SBCT;SBBR;868,00;31
2002;8;VRG;SBSV;SBRF;301,00;48
2002;8;VRG;SBGO;SBBR;236,00;20
2002;8;VRG;SBPA;SBCT;321,00;27
2002;8;VRG;SBBR;SBSV;374,00;161
2002;8;VRG;SBGL;SBFL;281,00;149
2002;8;VRG;SBBR;SBGO;165,00;2
2002;8;VRG;SBGL;SBSV;568,00;437
2002;8;VRG;SBRF;SBSV;351,00;74
2002;8;VRG;SBCT;SBGR;166,00;4
2002;8;VRG;SBFL;SBGL;265,00;8
2002;8;VRG;SBGL;SBGR;468,00;25
2002;8;VRG;SBFZ;SBBR;1043,00;146
2002;8;VRG;SBSV;SBRF;182,00;435
2002;8;VRG;SBBR;SBGO;189,00;82
2002;8;VRG;SBRF;SBFZ;459,00;44
2002;8;VRG;SBFL;SBGR;527,00;30
2002;8;VRG;SBRF;SBSV;451,00;15
2002;8;VRG;SBGR;SBBR;532,00;77
2002;8;VRG;SBBR;SBPA;1071,00;99
2002;8;VRG;SBPA;SBGR;537,00;93
2002;8;VRG;SBSV;SBGR;590,00;358
2002;8;VRG;SBGR;SBBR;591,00;522
2002;8;VRG;SBGR;SBCF;444,00;346
2002;8;VRG;SBSV;SBBR;543,00;498
2002;8;VRG;SBFL;SBBR;555,00;29
2002;8;VRG;SBGL;SBSV;848,00;468
2002;8;VRG;SBBE;SBMQ;231,00;53
2002;8;VRG;SBGL;SBRF;829,00;67
2002;8;VRG;SBFL;SBGR;354,00;57
2002;8;VRG;SBGR;SBFL;222,00;98
2002;8;VRG;SBFL;SBBR;596,00;12
2002;8;VRG;SBCT;SBGL;232,00;489
2002;8;VRG;SBFL;SBGR;310,00;44
2002;8;VRG;SBBE;SBBR;834,00;143
2002;8;VRG;SBBR;SBFZ;787,00;13
2002;8;VRG;SBBR;SBPA;895,00;131
2002;8;VRG;SBGL;SBSV;302,00;687
2002;8;VRG;SBFL;SBPA;163,00;1
2002;8;VRG;SBGR;SBCT;215,00;311
2002;8;VRG;SBRF;SBSV;401,00;235
2002;8;VRG;SBFL;SBPA;254,00;135
2002;8;VRG;SBPA;SBGR;596,00;1056
2002;8;VRG;SBGR;SBBR;354,00;110
2002;8;VRG;SBGR;SBBR;278,00;5
2002;8;VRG;SBSV;SBGL;497,00;600
2002;8;VRG;SBGR;SBCF;333,00;47
2002;8;VRG;SBGR;SBPA;769,00;7
2002;8;VRG;SBGL;SBRF;415,00;21
2002;8;VRG;SBBR;SBFL;381,00;275
2002;8;VRG;SBCT;SBGL;637,00;288
2002;8;VRG;SBFL;SBGL;702,00;39
2002;8;VRG;SBCT;SBGR;427,00;198
2002;8;VRG;SBFL;SBGR;265,00;53
2002;8;VRG;SBGR;SBBR;413,00;153
2002;8;VRG;SBSV;SBBR;374,00;147
2002;8;VRG;SBGL;SBRF;489,00;605
2002;8;VRG;SBGL;SBPA;434,00;122
2002;8;VRG;SBGR;SBPA;711,00;691
2002;8;VRG;SBGR;SBEG;1220,00;623
2002;8;VRG;SBCT;SBPA;459,00;48
2002;8;VRG;SBPA;SBGL;722,00;830
2002;8;VRG;SBBR;SBFL;713,00;18
2002;8;VRG;SBPA;SBFL;362,00;126
2002;8;VRG;SBEG;SBGR;976,00;467
2002;8;VRG;SBRF;SBGL;922,00;455
2002;8;VRG;SBGR;SBSV;758,00;90
2002;8;VRG;SBGL;SBGR;235,00;286
2002;8;VRG;SBPA;SBGR;305,00;459
2002;8;VRG;SBGR;SBSV;590,00;368
2002;8;VRG;SBBR;SBGO;280,00;3
2002;8;VRG;SBBR;SBPA;537,00;28
2002;8;VRG;SBCT;SBGL;241,00;23
2002;8;VRG;SBBR;SBGL;736,00;509
2002;8;VRG;SBGL;SBGR;432,00;1478
2002;8;VRG;SBGL;SBRF;645,00;180
2002;8;VRG;SBBR;SBCT;281,00;115
2002;8;VRG;SBBE;SBMQ;148,00;61
2002;8;VRG;SBEG;SBGR;855,00;399
2002;8;VRG;SBGL;SBGR;337,00;4287
2002;8;VRG;SBFL;SBGL;325,00;28
2002;8;VRG;SBBE;SBMQ;263,00;144
2002;8;VRG;SBBR;SBFZ;462,00;227
2002;8;VRG;SBGR;SBPA;418,00;485
2002;8;VRG;SBBR;SBGL;792,00;30
2002;8;VRG;SBBR;SBGO;236,00;7
2002;8;VRG;SBEG;SBGR;732,00;322
2002;8;VRG;SBRF;SBGL;489,00;661
2002;8;VRG;SBCF;SBGR;232,00;83
2002;8;VRG;SBBR;SBGL;494,00;464
2002;8;VRG;SBCT;SBPA;321,00;21
2002;8;VRG;SBBE;SBMQ;329,00;148
2002;8;VRG;SBBR;SBGR;591,00;415
2002;8;VRG;SBRF;SBGL;672,00;150
2002;8;VRG;SBRF;SBGL;1100,00;390
2002;8;VRG;SBEG;SBGR;1462,00;683
2002;8;VRG;SBFL;SBBR;476,00;44
2002;8;VRG;SBCT;SBGL;483,00;76
2002;8;VRG;SBBR;SBPA;715,00;136
2002;8;VRG;SBGL;SBCT;232,00;436
2002;8;VRG;SBSV;SBBR;305,00;27
2002;8;VRG;SBPA;SBGL;506,00;133
2002;8;VRG;SBBR;SBGO;213,00;1
2002;8;VRG;SBPA;SBGL;342,00;589
2002;8;VRG;SBGR;SBBR;473,00;316
2002;8;VRG;SBSV;SBRF;401,00;118
2002;8;VRG;SBGR;SBEG;915,00;180
2002;8;VRG;SBEG;SBGR;915,00;180
2002;8;VRG;SBBR;SBPA;671,00;72
2002;8;VRG;SBGL;SBCT;483,00;33
2002;8;VRG;SBBR;SBBE;375,00;4
2002;8;VRG;SBGR;SBEG;579,00;666
2002;8;VRG;SBCT;SBGR;278,00;45
2002;8;VRG;SBBR;SBSV;811,00;146
2002;8;VRG;SBCF;SBGR;266,00;77
2002;8;VRG;SBRF;SBFZ;610,00;96
2002;8;VRG;SBSV;SBGL;710,00;1124
2002;8;VRG;SBBR;SBGL;432,00;264
2002;8;VRG;SBGL;SBBR;617,00;507
2002;8;VRG;SBGR;SBEG;732,00;237
2002;8;VRG;SBGL;SBFL;590,00;93
2002;8;VRG;SBGL;SBPA;650,00;48
2002;8;VRG;SBCT;SBBR;281,00;90
2002;8;VRG;SBBE;SBBR;364,00;122
2002;8;VRG;SBGL;SBPA;542,00;244
2002;8;VRG;SBGR;SBBR;703,00;302
2002;8;VRG;SBBR;SBSV;305,00;42
2002;8;VRG;SBBR;SBGL;370,00;156
2002;8;VRG;SBPA;SBBR;493,00;181
2002;8;VRG;SBBE;SBMQ;296,00;17
2002;8;VRG;SBBR;SBSV;543,00;486
2002;8;VRG;SBBE;SBBR;500,00;280
2002;8;VRG;SBCT;SBGL;402,00;216
2002;8;VRG;SBGL;SBPA;506,00;145
2002;8;VRG;SBRF;SBSV;301,00;104
2002;8;VRG;SBGR;SBSV;379,00;268
2002;8;VRG;SBGL;SBRF;672,00;193
2002;8;VRG;SBGR;SBGL;468,00;41
2002;8;VRG;SBGR;SBCF;311,00;171
2002;8;VRG;SBGR;SBFL;265,00;45
2002;8;VRG;SBGL;SBCT;536,00;406
2002;8;VRG;SBGR;SBPA;477,00;400
2002;8;VRG;SBBR;SBBE;364,00;69
2002;8;VRG;SBGL;SBGR;303,00;67
2002;8;VRG;SBGL;SBCT;322,00;137
2002;8;VRG;SBFL;SBCT;222,00;27
2002;8;VRG;SBCT;SBFL;207,00;14
2002;8;VRG;SBCT;SBFL;296,00;149
2002;8;VRG;SBSV;SBGR;437,00;767
2002;8;VRG;SBBR;SBPA;626,00;165
2002;8;VRG;SBSV;SBGL;639,00;103
2002;8;VRG;SBFL;SBGL;281,00;128
2002;8;VRG;SBGR;SBGL;235,00;266
2002;8;VRG;SBGL;SBPA;860,00;432
2002;8;VRG;SBGL;SBFL;353,00;48
2002;8;VRG;SBRF;SBFZ;383,00;63
2002;8;VRG;SBPA;SBGR;711,00;538
2002;8;VRG;SBGR;SBCT;251,00;131
2002;8;VRG;SBGR;SBCT;359,00;602
2002;8;VRG;SBGL;SBBR;432,00;265
2002;8;VRG;SBGR;SBGL;253,00;86
2002;8;VRG;SBFL;SBPA;217,00;129
2002;8;VRG;SBBR;SBGR;413,00;183
2002;8;VRG;SBGL;SBRF;738,00;647
2002;8;VRG;SBBR;SBPA;806,00;82
2002;8;VRG;SBMQ;SBBE;296,00;16
2002;8;VRG;SBBR;SBFL;947,00;24
2002;8;VRG;SBCT;SBBR;509,00;38
2002;8;VRG;SBCT;SBGL;322,00;173
2002;8;VRG;SBGO;SBBR;165,00;21
2002;8;VRG;SBGR;SBPA;305,00;488
2002;8;VRG;SBFL;SBGR;199,00;20
2002;8;VRG;SBPA;SBFL;431,00;18
2002;8;VRG;SBGL;SBGR;270,00;315
2002;8;VRG;SBGR;SBEG;976,00;403
2002;8;VRG;SBPA;SBCT;459,00;70
2002;8;VRG;SBFL;SBGR;442,00;110
2002;8;VRG;SBFL;SBCT;237,00;877
2002;8;VRG;SBGR;SBFL;527,00;49
2002;8;VRG;SBPA;SBGR;418,00;480
2002;8;VRG;SBFZ;SBRF;408,00;558
2002;8;VRG;SBMQ;SBBE;391,00;17
2002;8;VRG;SBSV;SBGL;302,00;779
2002;8;VRG;SBGL;SBRF;922,00;376
2002;8;VRG;SBPA;SBGR;268,00;291
2002;8;VRG;SBRF;SBFZ;306,00;185
2002;8;VRG;SBGR;SBPA;596,00;1609
2002;8;VRG;SBRF;SBFZ;408,00;587
2002;8;VRG;SBBE;SBBR;750,00;23
2002;8;VRG;SBCF;SBGR;399,00;66
2002;8;VRG;SBGR;SBFL;332,00;90
2002;8;VRG;SBBR;SBSV;611,00;81
2002;8;VRG;SBSV;SBGR;1006,00;811
2002;8;VRG;SBGR;SBCF;399,00;82
2002;8;VRG;SBBR;SBBE;500,00;183
2002;8;VRG;SBCT;SBPA;546,00;13
2002;8;VRG;SBGR;SBGL;270,00;368
2002;8;VRG;SBRF;SBGL;415,00;59
2002;8;VRG;SBGR;SBBR;464,00;22
2002;8;VRG;SBCF;SBGR;311,00;212
2002;8;VRG;SBCT;SBPA;206,00;15
2002;8;VRG;SBEG;SBGR;1582,00;62
2002;8;VRG;SBSV;SBRF;351,00;55
2002;8;VRG;SBSV;SBGR;674,00;688
2002;8;VRG;SBGR;SBCT;323,00;94
2002;8;VRG;SBMQ;SBBE;197,00;91
2002;8;VRG;SBMQ;SBBE;148,00;14
2002;8;VRG;SBPA;SBGR;477,00;465
2002;8;VRG;SBFZ;SBRF;610,00;67
2002;8;VRG;SBGR;SBGL;303,00;86
2002;8;VRG;SBBR;SBGL;266,00;353
2002;8;VRG;SBFL;SBPA;148,00;698
2002;8;VRG;SBGL;SBBR;266,00;354
2002;8;VRG;SBGL;SBBR;277,00;7
2002;8;VRG;SBSV;SBGL;426,00;512
2002;8;VRG;SBSV;SBRF;596,00;113
2002;8;VRG;SBBR;SBFL;792,00;39
2002;8;VRG;SBBR;SBGR;703,00;253
2002;8;VRG;SBGL;SBFL;530,00;5
2002;8;VRG;SBFL;SBBR;713,00;9
2002;8;VRG;SBGR;SBGL;432,00;1207
2002;8;VRG;SBGR;SBPA;358,00;526
2002;8;VRG;SBBR;SBGR;473,00;205
2002;8;VRG;SBGL;SBSV;319,00;89
2002;8;VRG;SBFL;SBBR;381,00;230
2002;8;VRG;SBPA;SBCT;413,00;25
2002;8;VRG;SBFL;SBGR;332,00;142
2002;8;VRG;SBFL;SBGR;222,00;86
2002;8;VRG;SBGR;SBSV;437,00;771
2002;8;VRG;SBGL;SBRF;692,00;169
2002;8;VRG;SBCT;SBGR;359,00;611
2002;8;VRG;SBGL;SBFL;443,00;14
2002;8;VRG;SBGL;SBGR;253,00;104
2002;8;VRG;SBGL;SBBR;463,00;47
2002;8;VRG;SBGL;SBFL;325,00;34
2002;8;VRG;SBBR;SBGL;556,00;51
2002;8;VRG;SBSV;SBRF;225,00;15
2002;8;VRG;SBGR;SBGL;337,00;6234
2002;8;VRG;SBGO;SBBR;106,00;2
2002;8;VRG;SBGL;SBGR;151,00;721
2002;8;VRG;SBBR;SBCT;868,00;47
2002;8;VRG;SBPA;SBBR;806,00;85
2002;8;VRG;SBBR;SBPA;364,00;799
2002;8;VRG;SBCF;SBGR;444,00;202
2002;8;VRG;SBGL;SBPA;577,00;149
2002;8;VRG;SBBE;SBBR;584,00;344
2002;8;VRG;SBBR;SBFZ;524,00;175
2002;8;VRG;SBFL;SBPA;272,00;8
2002;8;VRG;SBGR;SBFL;354,00;92
2002;8;VRG;SBFL;SBGL;443,00;83
2002;8;VRG;SBPA;SBGL;860,00;459
2002;8;VRG;SBPA;SBFL;217,00;101
2002;8;VRG;SBGR;SBCF;200,00;36
2002;8;VRG;SBSV;SBGL;848,00;586
2002;8;VRG;SBSP;SBRJ;219,00;60887
2002;8;VRG;SBBR;SBCT;655,00;27
2002;8;VRG;SBCT;SBPA;413,00;14
2002;8;VRG;SBGR;SBCT;188,00;103
2002;8;VRG;SBCT;SBGL;376,00;249
2002;8;VRG;SBBR;SBFZ;612,00;82
2002;8;VRG;SBPA;SBGL;325,00;114
2002;8;VRG;SBMQ;SBBE;231,00;19
2002;8;VRG;SBBR;SBBE;750,00;19
2002;8;VRG;SBSV;SBRF;376,00;19
2002;8;VRG;SBPA;SBGL;650,00;80
2002;8;VRG;SBBR;SBFZ;656,00;88
2002;8;VRG;SBGR;SBFL;310,00;48
2002;8;VRG;SBRF;SBSV;596,00;64
2002;8;VRG;SBBR;SBBE;626,00;32
2002;8;VRG;SBGL;SBSV;639,00;63
2002;8;VRG;SBFL;SBBR;792,00;39
2002;8;VRG;SBBR;SBGR;532,00;46
2002;8;VRG;SBGL;SBCT;376,00;142
2002;8;VRG;SBCT;SBPA;344,00;18
2002;8;VRG;SBBR;SBSV;679,00;367
2002;8;VRG;SBPA;SBGL;542,00;280
2002;8;VRG;SBCT;SBFL;351,00;8
2002;8;VRG;SBGR;SBPA;447,00;303
2002;8;VRG;SBPA;SBFL;290,00;79
2002;8;VRG;SBCT;SBGL;429,00;493
2002;8;VRG;SBPA;SBGL;577,00;218
2002;8;VRG;SBFZ;SBBR;524,00;226
2002;8;VRG;SBGR;SBCF;266,00;152
2002;8;VRG;SBGR;SBSV;506,00;472
2002;8;VRG;SBCT;SBPA;368,00;56
2002;8;VRG;SBBR;SBFL;476,00;54
2002;8;VRG;SBPA;SBBR;671,00;74
2002;8;VRG;SBBR;SBFZ;1043,00;83
2002;8;VRG;SBGL;SBFL;471,00;42
2002;8;VRG;SBEG;SBGR;1099,00;93
2002;8;VRG;SBFZ;SBRF;358,00;142
2002;8;VRG;SBBR;SBGR;305,00;134
2002;8;VRG;SBBR;SBGR;464,00;25
2002;8;VRG;SBGO;SBBR;280,00;5
2002;8;VRG;SBSV;SBGL;533,00;306
2002;8;VRG;SBPA;SBCT;275,00;40
2002;8;VRG;SBBR;SBGO;106,00;3
2002;8;VRG;SBGR;SBGL;159,00;239
2002;8;VSP;SBCT;SBBR;311,00;14
2002;8;VSP;SBFL;SBGR;291,00;9
2002;8;VSP;SBGR;SBCF;259,00;46
2002;8;VSP;SBRF;SBGL;426,00;153
2002;8;VSP;SBBR;SBGR;414,00;31
2002;8;VSP;SBSV;SBGR;548,00;4
2002;8;VSP;SBRF;SBFZ;183,00;14
2002;8;VSP;SBGR;SBCT;145,00;1466
2002;8;VSP;SBGR;SBPA;359,00;226
2002;8;VSP;SBSV;SBGL;498,00;39
2002;8;VSP;SBGR;SBCT;180,00;84
2002;8;VSP;SBBR;SBCT;513,00;1
2002;8;VSP;SBBE;SBMQ;248,00;7
2002;8;VSP;SBBE;SBBR;668,00;2
2002;8;VSP;SBGR;SBCT;161,00;80
2002;8;VSP;SBGR;SBSV;547,00;29
2002;8;VSP;SBPA;SBGR;449,00;1
2002;8;VSP;SBRF;SBSV;211,00;106
2002;8;VSP;SBGL;SBPA;361,00;34
2002;8;VSP;SBBE;SBMQ;215,00;40
2002;8;VSP;SBGL;SBSV;498,00;27
2002;8;VSP;SBBR;SBBE;418,00;134
2002;8;VSP;SBRF;SBGL;600,00;2
2002;8;VSP;SBEG;SBGR;568,00;56
2002;8;VSP;SBBE;SBMQ;127,00;1142
2002;8;VSP;SBSV;SBBR;461,00;90
2002;8;VSP;SBFL;SBGR;314,00;11
2002;8;VSP;SBBR;SBFZ;425,00;268
2002;8;VSP;SBGR;SBEG;795,00;8
2002;8;VSP;SBBR;SBSP;590,00;234
2002;8;VSP;SBCF;SBBR;476,00;48
2002;8;VSP;SBGR;SBBR;384,00;16
2002;8;VSP;SBFZ;SBRF;183,00;187
2002;8;VSP;SBGL;SBPA;288,00;261
2002;8;VSP;SBGL;SBBR;361,00;587
2002;8;VSP;SBGL;SBSV;306,00;146
2002;8;VSP;SBGR;SBFL;448,00;66
2002;8;VSP;SBBR;SBFZ;400,00;989
2002;8;VSP;SBRF;SBSV;158,00;2065
2002;8;VSP;SBBE;SBBR;543,00;10
2002;8;VSP;SBSV;SBRF;211,00;108
2002;8;VSP;SBSP;SBBH;116,00;3201
2002;8;VSP;SBGO;SBBR;156,00;5
2002;8;VSP;SBBR;SBGL;301,00;127
2002;8;VSP;SBGL;SBSV;569,00;18
2002;8;VSP;SBRF;SBSV;319,00;9
2002;8;VSP;SBCF;SBBR;286,00;323
2002;8;VSP;SBRF;SBSV;320,00;9
2002;8;VSP;SBBR;SBSV;396,00;1126
2002;8;VSP;SBBR;SBPA;627,00;4
2002;8;VSP;SBSV;SBGR;421,00;684
2002;8;VSP;SBPA;SBGR;389,00;8
2002;8;VSP;SBCT;SBBR;242,00;207
2002;8;VSP;SBBR;SBSP;443,00;3
2002;8;VSP;SBGR;SBSV;379,00;2531
2002;8;VSP;SBMQ;SBBE;149,00;24
2002;8;VSP;SBBR;SBPA;672,00;1
2002;8;VSP;SBSP;SBBR;384,00;43
2002;8;VSP;SBBR;SBCT;436,00;176
2002;8;VSP;SBGL;SBRF;553,00;215
2002;8;VSP;SBGL;SBGR;169,00;369
2002;8;VSP;SBBR;SBSP;174,00;781
2002;8;VSP;SBBR;SBSV;297,00;174
2002;8;VSP;SBFZ;SBBR;425,00;198
2002;8;VSP;SBBR;SBFZ;700,00;1
2002;8;VSP;SBCT;SBGR;251,00;4
2002;8;VSP;SBSV;SBGL;427,00;1270
2002;8;VSP;SBFL;SBGR;156,00;321
2002;8;VSP;SBBR;SBGL;421,00;19
2002;8;VSP;SBBR;SBSV;659,00;144
2002;8;VSP;SBKP;SBGL;188,00;17
2002;8;VSP;SBGR;SBFL;156,00;302
2002;8;VSP;SBGR;SBSV;589,00;23
2002;8;VSP;SBGR;SBBR;355,00;214
2002;8;VSP;SBGL;SBPA;722,00;83
2002;8;VSP;SBCF;SBGR;216,00;25
2002;8;VSP;SBGR;SBGL;212,00;341
2002;8;VSP;SBGR;SBCF;431,00;27
2002;8;VSP;SBSV;SBBR;495,00;4
2002;8;VSP;SBSV;SBGL;262,00;3130
2002;8;VSP;SBBR;SBPA;385,00;22
2002;8;VSP;SBRF;SBFZ;347,00;22
2002;8;VSP;SBCT;SBBR;471,00;8
2002;8;VSP;SBCT;SBGL;246,00;62
2002;8;VSP;SBMQ;SBBE;215,00;39
2002;8;VSP;SBBR;SBBE;342,00;551
2002;8;VSP;SBSV;SBGL;356,00;109
2002;8;VSP;SBGL;SBBR;391,00;47
2002;8;VSP;SBGL;SBGR;355,00;315
2002;8;VSP;SBGL;SBCT;339,00;4
2002;8;VSP;SBSP;SBBR;302,00;77
2002;8;VSP;SBGR;SBSV;842,00;425
2002;8;VSP;SBGL;SBGR;284,00;18
2002;8;VSP;SBGR;SBCF;280,00;5
2002;8;VSP;SBCT;SBGR;145,00;1146
2002;8;VSP;SBMQ;SBBE;231,00;42
2002;8;VSP;SBMQ;SBBE;166,00;70
2002;8;VSP;SBGR;SBBR;414,00;4
2002;8;VSP;SBBR;SBGL;231,00;1873
2002;8;VSP;SBKP;SBGL;375,00;23
2002;8;VSP;SBBR;SBSP;258,00;151
2002;8;VSP;SBGR;SBEG;647,00;85
2002;8;VSP;SBSV;SBGR;379,00;2922
2002;8;VSP;SBCT;SBGR;180,00;91
2002;8;VSP;SBCF;SBGR;431,00;30
2002;8;VSP;SBPA;SBGL;469,00;3
2002;8;VSP;SBBR;SBSV;495,00;8
2002;8;VSP;SBGR;SBFL;292,00;1
2002;8;VSP;SBPA;SBBR;582,00;1
2002;8;VSP;SBBE;SBBR;315,00;1280
2002;8;VSP;SBBR;SBGL;603,00;222
2002;8;VSP;SBGL;SBRF;400,00;1933
2002;8;VSP;SBMQ;SBBE;265,00;5
2002;8;VSP;SBBR;SBSP;280,00;17
2002;8;VSP;SBRF;SBFZ;322,00;54
2002;8;VSP;SBEG;SBGR;795,00;35
2002;8;VSP;SBGR;SBPA;389,00;3
2002;8;VSP;SBGL;SBRF;461,00;92
2002;8;VSP;SBBR;SBGR;473,00;2
2002;8;VSP;SBGL;SBCT;520,00;58
2002;8;VSP;SBBR;SBCT;268,00;96
2002;8;VSP;SBBH;SBSP;116,00;3275
2002;8;VSP;SBBR;SBGO;180,00;4
2002;8;VSP;SBCT;SBBR;508,00;9
2002;8;VSP;SBCT;SBBR;545,00;1
2002;8;VSP;SBBR;SBGO;168,00;5
2002;8;VSP;SBBR;SBCF;286,00;213
2002;8;VSP;SBGR;SBFL;201,00;151
2002;8;VSP;SBBR;SBSV;461,00;41
2002;8;VSP;SBSV;SBGR;589,00;15
2002;8;VSP;SBGR;SBGL;355,00;241
2002;8;VSP;SBGL;SBPA;505,00;3
2002;8;VSP;SBGL;SBKP;375,00;22
2002;8;VSP;SBSV;SBGR;632,00;2
2002;8;VSP;SBGR;SBCT;216,00;345
2002;8;VSP;SBBR;SBSV;527,00;6
2002;8;VSP;SBFL;SBGR;201,00;106
2002;8;VSP;SBGL;SBRF;922,00;151
2002;8;VSP;SBGR;SBCT;233,00;14
2002;8;VSP;SBSV;SBRF;344,00;7
2002;8;VSP;SBFL;SBGR;225,00;106
2002;8;VSP;SBBR;SBGR;302,00;73
2002;8;VSP;SBBR;SBGL;392,00;4
2002;8;VSP;SBEG;SBGR;501,00;590
2002;8;VSP;SBGR;SBPA;478,00;5
2002;8;VSP;SBBR;SBBE;315,00;1353
2002;8;VSP;SBGL;SBCT;365,00;6
2002;8;VSP;SBFZ;SBRF;347,00;35
2002;8;VSP;SBBR;SBCT;311,00;32
2002;8;VSP;SBGL;SBCT;260,00;16
2002;8;VSP;SBRF;SBFZ;298,00;379
2002;8;VSP;SBPA;SBGR;269,00;126
2002;8;VSP;SBBR;SBCF;357,00;2
2002;8;VSP;SBEG;SBGR;733,00;185
2002;8;VSP;SBCT;SBGL;260,00;44
2002;8;VSP;SBKP;SBGL;244,00;12
2002;8;VSP;SBFZ;SBRF;372,00;2
2002;8;VSP;SBBE;SBMQ;166,00;52
2002;8;VSP;SBGL;SBKP;169,00;8
2002;8;VSP;SBSV;SBGL;712,00;205
2002;8;VSP;SBCF;SBBR;334,00;3
2002;8;VSP;SBPA;SBGL;325,00;3
2002;8;VSP;SBGR;SBEG;1222,00;75
2002;8;VSP;SBGR;SBEG;855,00;4
2002;8;VSP;SBBR;SBPA;895,00;13
2002;8;VSP;SBGL;SBRF;692,00;2
2002;8;VSP;SBSV;SBRF;369,00;1
2002;8;VSP;SBGL;SBBR;603,00;237
2002;8;VSP;SBGL;SBBR;453,00;9
2002;8;VSP;SBBR;SBSV;429,00;8
2002;8;VSP;SBBE;SBMQ;149,00;41
2002;8;VSP;SBCF;SBBR;246,00;172
2002;8;VSP;SBGL;SBPA;325,00;6
2002;8;VSP;SBBR;SBPA;448,00;11
2002;8;VSP;SBGL;SBBR;231,00;1955
2002;8;VSP;SBEG;SBGR;855,00;18
2002;8;VSP;SBGR;SBBR;280,00;32
2002;8;VSP;SBGR;SBCF;195,00;584
2002;8;VSP;SBRF;SBGL;692,00;3
2002;8;VSP;SBGL;SBGR;248,00;1
2002;8;VSP;SBRF;SBGL;461,00;134
2002;8;VSP;SBBR;SBFZ;438,00;96
2002;8;VSP;SBBR;SBCF;334,00;5
2002;8;VSP;SBGR;SBPA;242,00;2050
2002;8;VSP;SBKP;SBGL;150,00;20
2002;8;VSP;SBGR;SBFL;336,00;4
2002;8;VSP;SBGL;SBSV;534,00;4
2002;8;VSP;SBFZ;SBRF;212,00;47
2002;8;VSP;SBCT;SBGR;359,00;105
2002;8;VSP;SBRF;SBGL;553,00;328
2002;8;VSP;SBBR;SBSP;473,00;1
2002;8;VSP;SBSV;SBBR;429,00;11
2002;8;VSP;SBCT;SBGL;365,00;5
2002;8;VSP;SBGR;SBGL;142,00;230
2002;8;VSP;SBBE;SBBR;835,00;98
2002;8;VSP;SBPA;SBBR;385,00;21
2002;8;VSP;SBFZ;SBBR;700,00;80
2002;8;VSP;SBGL;SBKP;188,00;15
2002;8;VSP;SBRF;SBFZ;496,00;143
2002;8;VSP;SBRJ;SBSP;169,00;19743
2002;8;VSP;SBBR;SBSV;428,00;72
2002;8;VSP;SBGL;SBSV;427,00;1117
2002;8;VSP;SBGR;SBFL;269,00;185
2002;8;VSP;SBBR;SBCT;508,00;6
2002;8;VSP;SBSV;SBBR;659,00;127
2002;8;VSP;SBGL;SBKP;262,00;1
2002;8;VSP;SBPA;SBGR;598,00;161
2002;8;VSP;SBBR;SBCF;309,00;9
2002;8;VSP;SBGR;SBGL;230,00;17
2002;8;VSP;SBSV;SBBR;428,00;70
2002;8;VSP;SBFZ;SBBR;613,00;12
2002;8;VSP;SBGR;SBGL;166,00;83
2002;8;VSP;SBSV;SBBR;527,00;1
2002;8;VSP;SBGR;SBBR;590,00;151
2002;8;VSP;SBSV;SBRF;394,00;1
2002;8;VSP;SBBE;SBBR;342,00;581
2002;8;VSP;SBSP;SBBR;174,00;948
2002;8;VSP;SBGL;SBGR;230,00;15
2002;8;VSP;SBRF;SBSV;181,00;295
2002;8;VSP;SBFZ;SBRF;148,00;2044
2002;8;VSP;SBGR;SBBR;302,00;52
2002;8;VSP;SBSP;SBBR;258,00;313
2002;8;VSP;SBBR;SBGR;258,00;1575
2002;8;VSP;SBPA;SBGR;299,00;127
2002;8;VSP;SBRF;SBGL;599,00;16
2002;8;VSP;SBMQ;SBBE;127,00;1030
2002;8;VSP;SBCT;SBGL;312,00;92
2002;8;VSP;SBGL;SBGR;266,00;13
2002;8;VSP;SBCF;SBGR;280,00;18
2002;8;VSP;SBCT;SBGL;520,00;76
2002;8;VSP;SBBR;SBFZ;656,00;2
2002;8;VSP;SBEG;SBGR;1222,00;81
2002;8;VSP;SBBR;SBGL;259,00;366
2002;8;VSP;SBSP;SBBR;355,00;698
2002;8;VSP;SBSV;SBBR;297,00;163
2002;8;VSP;SBGR;SBGL;106,00;1197
2002;8;VSP;SBSV;SBRF;320,00;2
2002;8;VSP;SBGL;SBKP;112,00;248
2002;8;VSP;SBGL;SBCT;246,00;5
2002;8;VSP;SBBR;SBPA;339,00;48
2002;8;VSP;SBBR;SBBE;501,00;441
2002;8;VSP;SBBE;SBMQ;198,00;189
2002;8;VSP;SBGR;SBGL;284,00;5
2002;8;VSP;SBBR;SBCT;364,00;42
2002;8;VSP;SBGL;SBBR;421,00;27
2002;8;VSP;SBBE;SBMQ;231,00;32
2002;8;VSP;SBRF;SBFZ;212,00;1
2002;8;VSP;SBSV;SBBR;264,00;1194
2002;8;VSP;SBBR;SBGR;280,00;119
2002;8;VSP;SBPA;SBBR;448,00;16
2002;8;VSP;SBBR;SBBE;543,00;19
2002;8;VSP;SBSP;SBBR;443,00;12
2002;8;VSP;SBGL;SBKP;150,00;26
2002;8;VSP;SBBR;SBGR;384,00;23
2002;8;VSP;SBMQ;SBBE;198,00;201
2002;8;VSP;SBGL;SBGR;231,00;2
2002;8;VSP;SBBR;SBGR;443,00;4
2002;8;VSP;SBFZ;SBBR;875,00;32
2002;8;VSP;SBPA;SBBR;627,00;2
2002;8;VSP;SBBE;SBBR;501,00;349
2002;8;VSP;SBGL;SBBR;259,00;325
2002;8;VSP;SBGR;SBBR;258,00;1196
2002;8;VSP;SBBR;SBSP;355,00;719
2002;8;VSP;SBCF;SBGR;195,00;623
2002;8;VSP;SBCT;SBGL;338,00;3
2002;8;VSP;SBBR;SBFZ;569,00;6
2002;8;VSP;SBGR;SBCF;302,00;3
2002;8;VSP;SBGL;SBSV;356,00;139
2002;8;VSP;SBBE;SBBR;585,00;14
2002;8;VSP;SBSV;SBGL;569,00;7
2002;8;VSP;SBPA;SBGL;433,00;81
2002;8;VSP;SBBE;SBBR;590,00;1
2002;8;VSP;SBBR;SBGO;156,00;15
2002;8;VSP;SBBR;SBCF;246,00;121
2002;8;VSP;SBRF;SBGL;645,00;8
2002;8;VSP;SBSV;SBRF;319,00;13
2002;8;VSP;SBRF;SBFZ;372,00;1
2002;8;VSP;SBPA;SBGR;359,00;540
2002;8;VSP;SBGR;SBEG;733,00;188
2002;8;VSP;SBRF;SBSV;344,00;3
2002;8;VSP;SBGR;SBCT;251,00;9
2002;8;VSP;SBBR;SBBE;626,00;3
2002;8;VSP;SBSV;SBGR;842,00;501
2002;8;VSP;SBSV;SBRF;295,00;267
2002;8;VSP;SBRF;SBFZ;248,00;54
2002;8;VSP;SBBR;SBCF;476,00;35
2002;8;VSP;SBGL;SBGR;106,00;1477
2002;8;VSP;SBGR;SBSV;674,00;6
2002;8;VSP;SBFL;SBGR;336,00;1
2002;8;VSP;SBMQ;SBBE;248,00;9
2002;8;VSP;SBSV;SBGR;547,00;28
2002;8;VSP;SBGR;SBGL;248,00;17
2002;8;VSP;SBSV;SBGL;463,00;50
2002;8;VSP;SBBE;SBBR;418,00;145
2002;8;VSP;SBSV;SBRF;181,00;226
2002;8;VSP;SBKP;SBGL;112,00;279
2002;8;VSP;SBPA;SBGL;361,00;45
2002;8;VSP;SBRF;SBSV;246,00;89
2002;8;VSP;SBGL;SBCT;218,00;85
2002;8;VSP;SBGL;SBSV;463,00;40
2002;8;VSP;SBCT;SBBR;436,00;154
2002;8;VSP;SBGL;SBCT;199,00;542
2002;8;VSP;SBCT;SBGL;218,00;91
2002;8;VSP;SBSP;SBBR;414,00;75
2002;8;VSP;SBGR;SBGL;169,00;379
2002;8;VSP;SBGL;SBCT;338,00;6
2002;8;VSP;SBBR;SBCT;726,00;26
2002;8;VSP;SBCF;SBGR;259,00;30
2002;8;VSP;SBGR;SBCT;269,00;4
2002;8;VSP;SBGR;SBFL;179,00;312
2002;8;VSP;SBCT;SBBR;268,00;101
2002;8;VSP;SBGL;SBPA;433,00;14
2002;8;VSP;SBPA;SBGR;242,00;2299
2002;8;VSP;SBMQ;SBBE;330,00;53
2002;8;VSP;SBBR;SBCT;471,00;14
2002;8;VSP;SBRF;SBFZ;350,00;4
2002;8;VSP;SBKP;SBGL;225,00;29
2002;8;VSP;SBBR;SBPA;537,00;22
2002;8;VSP;SBPA;SBGL;722,00;43
2002;8;VSP;SBMQ;SBBE;233,00;8
2002;8;VSP;SBFZ;SBRF;298,00;610
2002;8;VSP;SBBR;SBSP;384,00;39
2002;8;VSP;SBBE;SBMQ;233,00;1
2002;8;VSP;SBPA;SBBR;315,00;250
2002;8;VSP;SBGL;SBRF;426,00;105
2002;8;VSP;SBBR;SBSV;330,00;356
2002;8;VSP;SBBR;SBCF;218,00;569
2002;8;VSP;SBBR;SBGL;391,00;41
2002;8;VSP;SBGL;SBGR;142,00;204
2002;8;VSP;SBBR;SBFZ;613,00;9
2002;8;VSP;SBGL;SBRF;599,00;11
2002;8;VSP;SBGR;SBBR;443,00;1
2002;8;VSP;SBCT;SBBR;726,00;25
2002;8;VSP;SBPA;SBBR;537,00;78
2002;8;VSP;SBEG;SBGR;794,00;3
2002;8;VSP;SBGR;SBSV;421,00;451
2002;8;VSP;SBCT;SBGL;339,00;10
2002;8;VSP;SBFZ;SBRF;248,00;88
2002;8;VSP;SBBE;SBMQ;330,00;29
2002;8;VSP;SBGO;SBBR;240,00;44
2002;8;VSP;SBKP;SBGL;169,00;3
2002;8;VSP;SBGR;SBSV;548,00;2
2002;8;VSP;SBSV;SBBR;330,00;307
2002;8;VSP;SBGR;SBGL;266,00;1
2002;8;VSP;SBSV;SBRF;158,00;2351
2002;8;VSP;SBSV;SBGR;505,00;1359
2002;8;VSP;SBGL;SBBR;392,00;3
2002;8;VSP;SBGR;SBCF;216,00;36
2002;8;VSP;SBBE;SBBR;376,00;151
2002;8;VSP;SBGL;SBBR;426,00;1
2002;8;VSP;SBRF;SBGL;922,00;132
2002;8;VSP;SBBR;SBBE;376,00;134
2002;8;VSP;SBBR;SBPA;315,00;139
2002;8;VSP;SBSV;SBRF;491,00;184
2002;8;VSP;SBCT;SBGR;233,00;7
2002;8;VSP;SBGL;SBPA;257,00;2184
2002;8;VSP;SBFZ;SBBR;569,00;15
2002;8;VSP;SBGL;SBKP;225,00;27
2002;8;VSP;SBGL;SBBR;301,00;176
2002;8;VSP;SBFZ;SBBR;400,00;684
2002;8;VSP;SBRF;SBSV;295,00;333
2002;8;VSP;SBFL;SBGR;269,00;154
2002;8;VSP;SBCT;SBGR;216,00;328
2002;8;VSP;SBFZ;SBBR;656,00;1
2002;8;VSP;SBBR;SBGL;453,00;10
2002;8;VSP;SBSP;SBBR;590,00;353
2002;8;VSP;SBBR;SBSP;414,00;86
2002;8;VSP;SBBR;SBFZ;875,00;107
2002;8;VSP;SBSV;SBBR;396,00;956
2002;8;VSP;SBSV;SBGL;534,00;1
2002;8;VSP;SBRF;SBGL;737,00;2
2002;8;VSP;SBFL;SBGR;292,00;2
2002;8;VSP;SBBR;SBBE;585,00;11
2002;8;VSP;SBPA;SBGR;419,00;10
2002;8;VSP;SBPA;SBGL;288,00;153
2002;8;VSP;SBGR;SBPA;598,00;185
2002;8;VSP;SBGL;SBGR;212,00;219
2002;8;VSP;SBSP;SBRJ;169,00;21888
2002;8;VSP;SBGL;SBGR;166,00;17
2002;8;VSP;SBGR;SBFL;225,00;86
2002;8;VSP;SBEG;SBGR;916,00;1
2002;8;VSP;SBFL;SBGR;179,00;219
2002;8;VSP;SBPA;SBGL;257,00;1754
2002;8;VSP;SBPA;SBBR;895,00;10
2002;8;VSP;SBCT;SBBR;364,00;40
2002;8;VSP;SBCT;SBGL;199,00;620
2002;8;VSP;SBBR;SBGO;145,00;1333
2002;8;VSP;SBCF;SBBR;309,00;34
2002;8;VSP;SBGR;SBSV;632,00;2
2002;8;VSP;SBBR;SBGO;240,00;76
2002;8;VSP;SBRF;SBGL;400,00;1765
2002;8;VSP;SBBR;SBSV;264,00;1251
2002;8;VSP;SBBE;SBBR;626,00;3
2002;8;VSP;SBGL;SBSV;712,00;258
2002;8;VSP;SBGR;SBFL;314,00;14
2002;8;VSP;SBGR;SBEG;501,00;577
2002;8;VSP;SBBR;SBGL;361,00;436
2002;8;VSP;SBGR;SBPA;299,00;195
2002;8;VSP;SBSV;SBRF;246,00;90
2002;8;VSP;SBPA;SBBR;339,00;65
2002;8;VSP;SBCF;SBBR;218,00;778
2002;8;VSP;SBGR;SBPA;269,00;202
2002;8;VSP;SBCT;SBGR;161,00;76
2002;8;VSP;SBFZ;SBRF;322,00;60
2002;8;VSP;SBGR;SBEG;568,00;32
2002;8;VSP;SBRF;SBGL;652,00;2
2002;8;VSP;SBFZ;SBRF;496,00;183
2002;8;VSP;SBSV;SBGL;306,00;71
2002;8;VSP;SBGR;SBEG;916,00;1
2002;8;VSP;SBBR;SBBE;835,00;110
2002;8;VSP;SBSP;SBBR;280,00;47
2002;8;VSP;SBGL;SBRF;645,00;1
2002;8;VSP;SBGR;SBPA;419,00;35
2002;8;VSP;SBCT;SBGL;390,00;2
2002;8;VSP;SBGR;SBCT;359,00;131
2002;8;VSP;SBGR;SBPA;449,00;5
2002;8;VSP;SBBR;SBCT;242,00;217
2002;8;VSP;SBBR;SBGR;355,00;169
2002;8;VSP;SBRF;SBSV;491,00;138
2002;8;VSP;SBEG;SBGR;647,00;71
2002;8;VSP;SBGL;SBSV;262,00;3354
2002;8;VSP;SBBR;SBSP;302,00;55
2002;8;VSP;SBBR;SBGR;590,00;202
2002;8;VSP;SBFL;SBGR;448,00;61
2002;8;VSP;SBGO;SBBR;145,00;783
2002;8;VSP;SBGL;SBCT;312,00;140
2002;8;VSP;SBGR;SBSV;505,00;1288
2002;8;VSP;SBRF;SBFZ;148,00;1569
