ANO;MES;EMPRESA;ORIGEM;DESTINO;TARIFA;ASSENTOS
2002;11;GLO;SBBR;SBKP;259,00;21
2002;11;GLO;SBKP;SBBH;340,00;1
2002;11;GLO;SBPA;SBFL;100,00;3
2002;11;GLO;SBRF;SBGL;510,00;83
2002;11;GLO;SBFZ;SBBR;370,73;73
2002;11;GLO;SBRJ;SBFL;328,88;149
2002;11;GLO;SBCT;SBSP;125,67;181
2002;11;GLO;SBMQ;SBBE;136,85;45
2002;11;GLO;SBFL;SBBR;578,00;10
2002;11;GLO;SBBR;SBFL;376,23;157
2002;11;GLO;SBBH;SBRJ;225,00;8
2002;11;GLO;SBRF;SBGL;487,37;337
2002;11;GLO;SBBH;SBSP;275,78;20
2002;11;GLO;SBPA;SBBR;490,00;59
2002;11;GLO;SBSP;SBFL;141,34;372
2002;11;GLO;SBPA;SBGL;231,69;193
2002;11;GLO;SBRJ;SBFL;264,26;534
2002;11;GLO;SBGL;SBRF;486,40;620
2002;11;GLO;SBSP;SBVT;229,08;846
2002;11;GLO;SBSP;SBBH;264,51;1717
2002;11;GLO;SBSP;SBRJ;215,00;5933
2002;11;GLO;SBKP;SBCT;231,58;65
2002;11;GLO;SBSP;SBCT;219,74;136
2002;11;GLO;SBRF;SBFZ;164,15;1692
2002;11;GLO;SBCT;SBRJ;299,77;30
2002;11;GLO;SBBR;SBRJ;304,85;419
2002;11;GLO;SBFL;SBPA;218,06;11
2002;11;GLO;SBRF;SBFZ;148,67;219
2002;11;GLO;SBSP;SBBR;244,03;187
2002;11;GLO;SBCT;SBBH;313,93;205
2002;11;GLO;SBVT;SBSP;230,34;1144
2002;11;GLO;SBGL;SBRF;250,00;4
2002;11;GLO;SBGL;SBSV;250,00;3
2002;11;GLO;SBGL;SBSV;283,42;1963
2002;11;GLO;SBPA;SBGL;320,31;1641
2002;11;GLO;SBBH;SBBR;191,81;246
2002;11;GLO;SBGL;SBFL;320,39;129
2002;11;GLO;SBBR;SBBH;278,00;32
2002;11;GLO;SBSP;SBBR;378,50;3
2002;11;GLO;SBPA;SBCT;172,50;53
2002;11;GLO;SBBH;SBKP;200,00;1
2002;11;GLO;SBRJ;SBKP;148,68;105
2002;11;GLO;SBGL;SBCT;314,66;55
2002;11;GLO;SBFL;SBRJ;429,00;3
2002;11;GLO;SBGL;SBRF;612,00;3
2002;11;GLO;SBBR;SBCT;218,04;30
2002;11;GLO;SBGL;SBRF;714,00;1
2002;11;GLO;SBSP;SBGL;185,29;30
2002;11;GLO;SBSV;SBRF;200,57;27
2002;11;GLO;SBSP;SBNF;286,00;1
2002;11;GLO;SBBR;SBSV;260,14;65
2002;11;GLO;SBBH;SBSP;178,56;219
2002;11;GLO;SBSP;SBBH;286,00;24
2002;11;GLO;SBSP;SBBH;328,09;15
2002;11;GLO;SBRF;SBGL;441,65;475
2002;11;GLO;SBBR;SBRJ;236,72;2257
2002;11;GLO;SBRJ;SBSP;215,49;5345
2002;11;GLO;SBSP;SBBH;249,42;153
2002;11;GLO;SBBE;SBBR;516,41;24
2002;11;GLO;SBPA;SBCT;142,49;171
2002;11;GLO;SBBH;SBKP;243,28;187
2002;11;GLO;SBRJ;SBBR;381,90;30
2002;11;GLO;SBPA;SBGL;281,03;700
2002;11;GLO;SBBR;SBBE;803,00;1
2002;11;GLO;SBRJ;SBBH;170,33;2716
2002;11;GLO;SBCT;SBRJ;354,00;10
2002;11;GLO;SBSP;SBVT;255,76;149
2002;11;GLO;SBRJ;SBVT;294,00;3
2002;11;GLO;SBBH;SBSP;163,11;447
2002;11;GLO;SBRJ;SBBH;110,85;84
2002;11;GLO;SBGL;SBSP;279,00;1
2002;11;GLO;SBVT;SBSP;369,00;13
2002;11;GLO;SBKP;SBRJ;209,28;1112
2002;11;GLO;SBSP;SBBR;370,87;17
2002;11;GLO;SBSP;SBGL;177,00;119
2002;11;GLO;SBFL;SBRJ;348,18;108
2002;11;GLO;SBRJ;SBFL;240,46;42
2002;11;GLO;SBSP;SBNF;213,06;476
2002;11;GLO;SBPA;SBCT;238,27;374
2002;11;GLO;SBSV;SBRF;246,47;30
2002;11;GLO;SBSP;SBRJ;187,00;22
2002;11;GLO;SBCT;SBBR;218,41;44
2002;11;GLO;SBBR;SBFL;516,00;13
2002;11;GLO;SBGL;SBSP;136,95;93
2002;11;GLO;SBSP;SBVT;169,68;91
2002;11;GLO;SBBR;SBRJ;270,91;183
2002;11;GLO;SBPA;SBCT;185,01;489
2002;11;GLO;SBGL;SBRF;538,81;237
2002;11;GLO;SBKP;SBPA;360,05;176
2002;11;GLO;SBFL;SBBR;548,00;1
2002;11;GLO;SBSP;SBVT;287,26;86
2002;11;GLO;SBBR;SBPA;535,00;10
2002;11;GLO;SBGL;SBFL;150,00;4
2002;11;GLO;SBKP;SBCT;236,53;69
2002;11;GLO;SBBR;SBBH;311,00;3
2002;11;GLO;SBCT;SBRJ;216,90;296
2002;11;GLO;SBSP;SBPA;384,18;69
2002;11;GLO;SBRJ;SBBH;203,40;333
2002;11;GLO;SBPA;SBCT;276,00;1
2002;11;GLO;SBBE;SBBR;442,39;221
2002;11;GLO;SBCT;SBBH;249,41;493
2002;11;GLO;SBBR;SBRJ;332,88;152
2002;11;GLO;SBRF;SBSV;286,00;3
2002;11;GLO;SBRF;SBGL;393,88;55
2002;11;GLO;SBGO;SBSP;240,82;1187
2002;11;GLO;SBBR;SBSV;426,00;1
2002;11;GLO;SBBR;SBFL;462,45;65
2002;11;GLO;SBCT;SBSP;215,00;1
2002;11;GLO;SBSP;SBBH;180,18;211
2002;11;GLO;SBSP;SBPA;352,42;275
2002;11;GLO;SBGL;SBSP;205,35;483
2002;11;GLO;SBCT;SBSP;192,22;51
2002;11;GLO;SBSP;SBNF;191,18;374
2002;11;GLO;SBRF;SBGL;393,42;10
2002;11;GLO;SBSP;SBRJ;209,00;10
2002;11;GLO;SBFZ;SBBR;319,53;357
2002;11;GLO;SBKP;SBPA;427,44;53
2002;11;GLO;SBNF;SBSP;218,00;1
2002;11;GLO;SBBH;SBBR;150,00;1
2002;11;GLO;SBBR;SBSV;325,02;750
2002;11;GLO;SBSP;SBNF;235,00;1
2002;11;GLO;SBPA;SBFL;124,55;41
2002;11;GLO;SBRJ;SBKP;208,82;818
2002;11;GLO;SBFL;SBSP;308,67;108
2002;11;GLO;SBCT;SBBH;150,00;3
2002;11;GLO;SBFL;SBRJ;234,48;52
2002;11;GLO;SBSP;SBGO;239,41;1221
2002;11;GLO;SBBR;SBBH;375,00;1
2002;11;GLO;SBRJ;SBKP;142,00;7
2002;11;GLO;SBGL;SBSV;226,26;204
2002;11;GLO;SBKP;SBBR;259,00;24
2002;11;GLO;SBBR;SBBE;585,00;1
2002;11;GLO;SBPA;SBRJ;313,33;4
2002;11;GLO;SBFL;SBSP;173,00;24
2002;11;GLO;SBGO;SBSP;207,39;80
2002;11;GLO;SBSP;SBGL;204,05;459
2002;11;GLO;SBSV;SBBR;250,00;1
2002;11;GLO;SBBR;SBGL;366,50;14
2002;11;GLO;SBRJ;SBFL;374,88;4
2002;11;GLO;SBGL;SBPA;424,54;59
2002;11;GLO;SBBH;SBCT;283,74;21
2002;11;GLO;SBBH;SBSP;341,00;1
2002;11;GLO;SBSP;SBCT;259,00;25
2002;11;GLO;SBSV;SBBR;252,72;90
2002;11;GLO;SBBH;SBSP;150,00;7
2002;11;GLO;SBPA;SBFL;290,00;1
2002;11;GLO;SBBR;SBSP;312,98;2677
2002;11;GLO;SBRF;SBSV;160,02;200
2002;11;GLO;SBCT;SBRJ;302,27;82
2002;11;GLO;SBPA;SBSP;298,69;190
2002;11;GLO;SBVT;SBSP;170,15;142
2002;11;GLO;SBBH;SBKP;288,65;41
2002;11;GLO;SBRJ;SBBH;135,41;243
2002;11;GLO;SBRF;SBGL;574,11;141
2002;11;GLO;SBSP;SBVT;181,56;70
2002;11;GLO;SBPA;SBGL;308,28;138
2002;11;GLO;SBCT;SBSP;159,28;337
2002;11;GLO;SBSP;SBBH;249,04;2306
2002;11;GLO;SBSP;SBFL;297,96;20
2002;11;GLO;SBRJ;SBBR;423,00;6
2002;11;GLO;SBSP;SBNF;336,00;24
2002;11;GLO;SBGL;SBCT;236,00;1
2002;11;GLO;SBGL;SBBR;213,00;11
2002;11;GLO;SBBR;SBPA;388,57;1031
2002;11;GLO;SBSP;SBFL;294,00;7
2002;11;GLO;SBSV;SBRF;149,84;37
2002;11;GLO;SBSP;SBPA;351,50;4155
2002;11;GLO;SBRJ;SBKP;239,00;3
2002;11;GLO;SBGO;SBSP;272,00;8
2002;11;GLO;SBBE;SBMQ;105,70;28
2002;11;GLO;SBBR;SBBH;265,92;56
2002;11;GLO;SBSP;SBFL;322,72;28
2002;11;GLO;SBPA;SBBR;669,00;3
2002;11;GLO;SBSP;SBRJ;100,00;4
2002;11;GLO;SBRJ;SBVT;97,82;306
2002;11;GLO;SBSP;SBGL;183,38;2109
2002;11;GLO;SBSP;SBRJ;199,00;14
2002;11;GLO;SBFL;SBGL;322,92;100
2002;11;GLO;SBBR;SBGL;286,97;93
2002;11;GLO;SBFL;SBBR;301,08;55
2002;11;GLO;SBPA;SBSP;367,01;700
2002;11;GLO;SBKP;SBBH;212,06;6
2002;11;GLO;SBGL;SBSV;276,50;329
2002;11;GLO;SBBH;SBBR;210,49;141
2002;11;GLO;SBBH;SBBR;271,81;32
2002;11;GLO;SBPA;SBSP;307,33;13
2002;11;GLO;SBBH;SBCT;379,00;1
2002;11;GLO;SBBR;SBPA;286,25;173
2002;11;GLO;SBRJ;SBCT;313,04;21
2002;11;GLO;SBVT;SBRJ;238,00;3
2002;11;GLO;SBRJ;SBCT;272,17;201
2002;11;GLO;SBRJ;SBCT;222,39;526
2002;11;GLO;SBRJ;SBPA;319,47;762
2002;11;GLO;SBKP;SBCT;182,69;277
2002;11;GLO;SBCT;SBRJ;429,00;1
2002;11;GLO;SBRJ;SBBR;293,00;80
2002;11;GLO;SBRJ;SBBR;261,75;2938
2002;11;GLO;SBSV;SBGL;358,58;752
2002;11;GLO;SBSP;SBBH;162,99;462
2002;11;GLO;SBBR;SBCT;267,49;659
2002;11;GLO;SBSP;SBBR;307,27;405
2002;11;GLO;SBFZ;SBBR;304,39;128
2002;11;GLO;SBPA;SBSP;342,04;2792
2002;11;GLO;SBFZ;SBRF;132,32;294
2002;11;GLO;SBSV;SBRF;286,00;4
2002;11;GLO;SBSP;SBFL;301,25;115
2002;11;GLO;SBBH;SBCT;409,00;1
2002;11;GLO;SBRJ;SBKP;279,00;1
2002;11;GLO;SBBR;SBSP;213,89;465
2002;11;GLO;SBCT;SBBR;424,00;8
2002;11;GLO;SBPA;SBFL;254,00;1
2002;11;GLO;SBRJ;SBPA;379,81;10
2002;11;GLO;SBCT;SBBH;286,23;243
2002;11;GLO;SBPA;SBSP;517,00;1
2002;11;GLO;SBSV;SBGL;321,48;21
2002;11;GLO;SBCT;SBPA;173,82;52
2002;11;GLO;SBPA;SBSP;353,59;4076
2002;11;GLO;SBSP;SBGL;245,00;6
2002;11;GLO;SBPA;SBSP;261,71;178
2002;11;GLO;SBBR;SBFZ;378,00;90
2002;11;GLO;SBCT;SBSP;259,00;7
2002;11;GLO;SBRJ;SBVT;193,98;10
2002;11;GLO;SBCT;SBRJ;319,32;48
2002;11;GLO;SBRJ;SBBH;290,00;4
2002;11;GLO;SBRJ;SBCT;180,14;69
2002;11;GLO;SBFL;SBRJ;220,62;114
2002;11;GLO;SBKP;SBBH;268,88;200
2002;11;GLO;SBSP;SBBR;512,00;4
2002;11;GLO;SBBH;SBRJ;185,26;441
2002;11;GLO;SBSP;SBFL;316,30;18
2002;11;GLO;SBBR;SBPA;401,00;32
2002;11;GLO;SBSP;SBPA;228,22;13
2002;11;GLO;SBSP;SBBR;311,01;2879
2002;11;GLO;SBNF;SBSP;191,51;533
2002;11;GLO;SBRJ;SBPA;398,00;1
2002;11;GLO;SBGL;SBCT;171,29;24
2002;11;GLO;SBVT;SBRJ;124,15;2496
2002;11;GLO;SBSP;SBCT;326,00;1
2002;11;GLO;SBCT;SBSP;168,79;124
2002;11;GLO;SBSV;SBBR;139,00;41
2002;11;GLO;SBPA;SBCT;150,00;1
2002;11;GLO;SBRJ;SBSP;130,66;17
2002;11;GLO;SBSP;SBCT;161,43;489
2002;11;GLO;SBKP;SBPA;348,00;28
2002;11;GLO;SBGL;SBPA;391,13;41
2002;11;GLO;SBCT;SBBR;241,00;15
2002;11;GLO;SBGL;SBSV;362,37;704
2002;11;GLO;SBBR;SBSP;302,09;391
2002;11;GLO;SBPA;SBRJ;281,13;157
2002;11;GLO;SBBR;SBCT;424,00;17
2002;11;GLO;SBRJ;SBVT;90,64;149
2002;11;GLO;SBCT;SBBR;268,91;472
2002;11;GLO;SBSP;SBBR;347,57;1038
2002;11;GLO;SBSV;SBBR;376,68;58
2002;11;GLO;SBSV;SBRF;136,64;458
2002;11;GLO;SBFL;SBSP;100,00;6
2002;11;GLO;SBFL;SBSP;192,13;4328
2002;11;GLO;SBSP;SBGL;159,92;1377
2002;11;GLO;SBBR;SBBE;493,54;245
2002;11;GLO;SBFL;SBPA;160,26;1305
2002;11;GLO;SBFL;SBRJ;381,09;15
2002;11;GLO;SBBH;SBRJ;154,73;2536
2002;11;GLO;SBBH;SBCT;316,13;143
2002;11;GLO;SBGL;SBBR;336,00;18
2002;11;GLO;SBVT;SBRJ;209,00;22
2002;11;GLO;SBFL;SBGL;150,00;1
2002;11;GLO;SBFZ;SBBR;488,32;608
2002;11;GLO;SBSV;SBRF;259,00;3
2002;11;GLO;SBFL;SBPA;100,00;3
2002;11;GLO;SBFL;SBBR;411,48;374
2002;11;GLO;SBSP;SBGO;210,05;947
2002;11;GLO;SBKP;SBRJ;154,96;41
2002;11;GLO;SBSP;SBBH;209,88;70
2002;11;GLO;SBRJ;SBKP;293,00;10
2002;11;GLO;SBKP;SBPA;422,00;100
2002;11;GLO;SBBR;SBSV;547,00;3
2002;11;GLO;SBGL;SBBR;286,62;60
2002;11;GLO;SBRJ;SBKP;169,47;1083
2002;11;GLO;SBPA;SBKP;308,00;1
2002;11;GLO;SBBR;SBRJ;188,14;1089
2002;11;GLO;SBFL;SBSP;323,37;11
2002;11;GLO;SBCT;SBKP;225,00;56
2002;11;GLO;SBSP;SBCT;276,00;1
2002;11;GLO;SBBR;SBKP;347,92;83
2002;11;GLO;SBRJ;SBCT;318,88;55
2002;11;GLO;SBRJ;SBCT;379,00;1
2002;11;GLO;SBRJ;SBVT;108,05;159
2002;11;GLO;SBFL;SBBR;332,00;8
2002;11;GLO;SBVT;SBRJ;110,47;149
2002;11;GLO;SBGL;SBPA;320,04;1357
2002;11;GLO;SBBR;SBSP;386,61;188
2002;11;GLO;SBPA;SBKP;456,00;21
2002;11;GLO;SBGL;SBFL;221,52;4
2002;11;GLO;SBRJ;SBKP;222,59;233
2002;11;GLO;SBPA;SBRJ;328,00;15
2002;11;GLO;SBGO;SBSP;380,00;1
2002;11;GLO;SBKP;SBPA;308,00;1
2002;11;GLO;SBBR;SBCT;561,00;3
2002;11;GLO;SBRJ;SBKP;156,14;39
2002;11;GLO;SBBR;SBSP;512,00;1
2002;11;GLO;SBBR;SBCT;343,37;93
2002;11;GLO;SBSV;SBRF;174,86;1790
2002;11;GLO;SBCT;SBKP;202,47;585
2002;11;GLO;SBRJ;SBFL;214,83;87
2002;11;GLO;SBGL;SBRF;358,75;125
2002;11;GLO;SBKP;SBCT;223,14;170
2002;11;GLO;SBFL;SBPA;211,94;25
2002;11;GLO;SBBR;SBSP;364,58;157
2002;11;GLO;SBVT;SBSP;183,52;83
2002;11;GLO;SBRJ;SBBR;346,85;112
2002;11;GLO;SBNF;SBSP;100,00;3
2002;11;GLO;SBFL;SBBR;482,51;38
2002;11;GLO;SBBR;SBCT;173,50;77
2002;11;GLO;SBSP;SBGL;100,00;38
2002;11;GLO;SBBR;SBFZ;270,28;22
2002;11;GLO;SBRJ;SBBH;118,84;334
2002;11;GLO;SBSP;SBGO;209,95;98
2002;11;GLO;SBRJ;SBVT;301,00;7
2002;11;GLO;SBRF;SBSV;196,75;1346
2002;11;GLO;SBBR;SBCT;300,27;1371
2002;11;GLO;SBBE;SBMQ;174,05;840
2002;11;GLO;SBBR;SBSV;614,06;11
2002;11;GLO;SBRF;SBFZ;311,00;1
2002;11;GLO;SBSV;SBBR;441,50;3
2002;11;GLO;SBGL;SBRF;570,55;143
2002;11;GLO;SBGL;SBRF;474,76;89
2002;11;GLO;SBBR;SBCT;386,00;32
2002;11;GLO;SBSP;SBBH;150,00;7
2002;11;GLO;SBCT;SBRJ;180,21;72
2002;11;GLO;SBRJ;SBPA;434,00;20
2002;11;GLO;SBSP;SBFL;256,01;201
2002;11;GLO;SBFL;SBPA;176,84;374
2002;11;GLO;SBPA;SBKP;422,00;83
2002;11;GLO;SBGL;SBSP;174,00;1984
2002;11;GLO;SBCT;SBBH;340,00;8
2002;11;GLO;SBGL;SBPA;309,92;39
2002;11;GLO;SBPA;SBCT;260,00;4
2002;11;GLO;SBFZ;SBBR;444,71;691
2002;11;GLO;SBSP;SBCT;256,88;13
2002;11;GLO;SBBH;SBKP;206,86;21
2002;11;GLO;SBRJ;SBVT;100,00;4
2002;11;GLO;SBSP;SBGO;353,00;7
2002;11;GLO;SBGL;SBCT;253,00;27
2002;11;GLO;SBGL;SBSV;318,69;2050
2002;11;GLO;SBSV;SBGL;281,62;1931
2002;11;GLO;SBCT;SBGL;150,00;1
2002;11;GLO;SBKP;SBCT;162,00;20
2002;11;GLO;SBGL;SBCT;272,87;256
2002;11;GLO;SBFZ;SBBR;557,22;41
2002;11;GLO;SBFL;SBSP;173,58;1044
2002;11;GLO;SBPA;SBFL;174,58;24
2002;11;GLO;SBBR;SBRJ;211,70;230
2002;11;GLO;SBKP;SBRJ;220,61;30
2002;11;GLO;SBRJ;SBBR;150,00;6
2002;11;GLO;SBSP;SBCT;177,47;291
2002;11;GLO;SBRJ;SBSP;233,52;11317
2002;11;GLO;SBRJ;SBKP;113,21;239
2002;11;GLO;SBCT;SBGL;218,80;323
2002;11;GLO;SBBR;SBBE;452,37;233
2002;11;GLO;SBSP;SBPA;256,93;22
2002;11;GLO;SBGL;SBPA;349,37;121
2002;11;GLO;SBRJ;SBFL;241,00;30
2002;11;GLO;SBBR;SBFL;548,00;1
2002;11;GLO;SBCT;SBBR;298,54;1182
2002;11;GLO;SBGO;SBSP;190,66;461
2002;11;GLO;SBSP;SBCT;187,30;18
2002;11;GLO;SBRJ;SBSP;169,99;31
2002;11;GLO;SBSP;SBGL;187,00;15
2002;11;GLO;SBCT;SBBH;297,91;20
2002;11;GLO;SBSP;SBFL;214,89;1310
2002;11;GLO;SBPA;SBGL;250,00;1
2002;11;GLO;SBPA;SBSP;369,06;242
2002;11;GLO;SBSP;SBBH;204,34;1882
2002;11;GLO;SBNF;SBSP;146,03;46
2002;11;GLO;SBCT;SBKP;244,00;25
2002;11;GLO;SBRJ;SBSP;279,00;15
2002;11;GLO;SBSP;SBNF;167,90;30
2002;11;GLO;SBSP;SBCT;100,00;7
2002;11;GLO;SBPA;SBKP;348,00;28
2002;11;GLO;SBSP;SBRJ;244,23;1439
2002;11;GLO;SBPA;SBGL;248,32;70
2002;11;GLO;SBRJ;SBBR;245,00;28
2002;11;GLO;SBSP;SBFL;170,67;873
2002;11;GLO;SBBE;SBBR;309,75;58
2002;11;GLO;SBSP;SBCT;212,11;1058
2002;11;GLO;SBRJ;SBVT;232,00;1
2002;11;GLO;SBBR;SBKP;370,06;22
2002;11;GLO;SBVT;SBSP;150,00;3
2002;11;GLO;SBFZ;SBRF;328,97;7
2002;11;GLO;SBBR;SBGL;313,16;67
2002;11;GLO;SBVT;SBSP;208,46;1671
2002;11;GLO;SBCT;SBGL;247,12;729
2002;11;GLO;SBBE;SBMQ;317,00;3
2002;11;GLO;SBKP;SBCT;205,02;625
2002;11;GLO;SBSP;SBBR;244,60;159
2002;11;GLO;SBFZ;SBRF;234,62;69
2002;11;GLO;SBSP;SBGO;266,85;1363
2002;11;GLO;SBKP;SBBH;307,00;6
2002;11;GLO;SBCT;SBRJ;379,00;1
2002;11;GLO;SBRJ;SBKP;100,00;4
2002;11;GLO;SBGL;SBSP;187,00;15
2002;11;GLO;SBSP;SBGL;174,70;1401
2002;11;GLO;SBBH;SBKP;268,52;226
2002;11;GLO;SBGL;SBRF;422,09;281
2002;11;GLO;SBBR;SBPA;314,00;48
2002;11;GLO;SBRJ;SBBH;330,00;1
2002;11;GLO;SBBR;SBGL;336,00;22
2002;11;GLO;SBPA;SBBR;308,76;42
2002;11;GLO;SBSV;SBRF;343,00;1
2002;11;GLO;SBSV;SBGL;258,89;87
2002;11;GLO;SBKP;SBRJ;191,43;1446
2002;11;GLO;SBGL;SBSV;390,87;555
2002;11;GLO;SBPA;SBGL;398,00;4
2002;11;GLO;SBBH;SBRJ;175,94;48
2002;11;GLO;SBBR;SBSP;246,94;156
2002;11;GLO;SBCT;SBSP;100,00;8
2002;11;GLO;SBNF;SBSP;199,83;8
2002;11;GLO;SBPA;SBFL;218,00;1
2002;11;GLO;SBKP;SBPA;456,00;4
2002;11;GLO;SBBR;SBBH;294,00;24
2002;11;GLO;SBSV;SBBR;233,26;264
2002;11;GLO;SBBH;SBSP;253,33;8
2002;11;GLO;SBCT;SBGL;198,00;1
2002;11;GLO;SBPA;SBFL;237,00;1
2002;11;GLO;SBGL;SBCT;303,00;31
2002;11;GLO;SBSP;SBRJ;157,82;58
2002;11;GLO;SBPA;SBRJ;355,56;90
2002;11;GLO;SBBH;SBRJ;118,75;298
2002;11;GLO;SBBH;SBCT;348,00;10
2002;11;GLO;SBBH;SBBR;292,84;278
2002;11;GLO;SBCT;SBPA;235,93;225
2002;11;GLO;SBSP;SBPA;417,00;8
2002;11;GLO;SBCT;SBPA;260,00;3
2002;11;GLO;SBCT;SBSP;213,93;1578
2002;11;GLO;SBCT;SBPA;150,00;1
2002;11;GLO;SBRJ;SBPA;350,52;173
2002;11;GLO;SBSP;SBFL;237,08;347
2002;11;GLO;SBRJ;SBSP;196,57;5889
2002;11;GLO;SBGL;SBPA;282,48;535
2002;11;GLO;SBBH;SBRJ;134,16;204
2002;11;GLO;SBSP;SBBH;251,00;14
2002;11;GLO;SBSP;SBBR;150,00;3
2002;11;GLO;SBCT;SBSP;179,14;375
2002;11;GLO;SBBH;SBRJ;100,00;8
2002;11;GLO;SBGL;SBSP;198,27;31
2002;11;GLO;SBMQ;SBBE;174,11;1283
2002;11;GLO;SBPA;SBKP;238,76;72
2002;11;GLO;SBCT;SBPA;292,00;7
2002;11;GLO;SBRJ;SBFL;341,80;98
2002;11;GLO;SBBR;SBRJ;262,07;2754
2002;11;GLO;SBSP;SBFL;157,00;24
2002;11;GLO;SBBR;SBFZ;546,00;38
2002;11;GLO;SBBR;SBKP;303,50;45
2002;11;GLO;SBBR;SBFL;442,11;25
2002;11;GLO;SBPA;SBFL;179,63;541
2002;11;GLO;SBCT;SBRJ;194,33;38
2002;11;GLO;SBBR;SBKP;229,50;39
2002;11;GLO;SBVT;SBRJ;155,88;51
2002;11;GLO;SBSP;SBVT;182,42;37
2002;11;GLO;SBBE;SBMQ;190,00;1
2002;11;GLO;SBBR;SBSP;244,64;190
2002;11;GLO;SBKP;SBBH;243,80;122
2002;11;GLO;SBCT;SBPA;236,25;118
2002;11;GLO;SBGL;SBPA;327,12;15
2002;11;GLO;SBCT;SBRJ;274,87;287
2002;11;GLO;SBBR;SBSP;400,89;91
2002;11;GLO;SBSP;SBBR;403,45;51
2002;11;GLO;SBBR;SBPA;580,00;1
2002;11;GLO;SBGL;SBSP;183,64;1585
2002;11;GLO;SBPA;SBCT;153,60;77
2002;11;GLO;SBSV;SBBR;286,02;839
2002;11;GLO;SBBR;SBSV;228,78;363
2002;11;GLO;SBCT;SBRJ;253,00;25
2002;11;GLO;SBSP;SBFL;100,00;13
2002;11;GLO;SBPA;SBBR;388,00;781
2002;11;GLO;SBRJ;SBFL;298,00;651
2002;11;GLO;SBGL;SBRF;748,00;1
2002;11;GLO;SBBE;SBBR;506,84;271
2002;11;GLO;SBRJ;SBFL;150,00;7
2002;11;GLO;SBBH;SBCT;150,00;1
2002;11;GLO;SBKP;SBBR;354,48;100
2002;11;GLO;SBBR;SBRJ;380,00;10
2002;11;GLO;SBGL;SBFL;429,00;1
2002;11;GLO;SBVT;SBSP;344,00;1
2002;11;GLO;SBBR;SBSV;524,00;1
2002;11;GLO;SBBR;SBRJ;150,00;1
2002;11;GLO;SBBR;SBFL;410,66;430
2002;11;GLO;SBBR;SBBE;533,41;17
2002;11;GLO;SBBR;SBRJ;272,00;11
2002;11;GLO;SBBR;SBBE;571,00;3
2002;11;GLO;SBPA;SBCT;222,29;3337
2002;11;GLO;SBGL;SBRF;503,73;15
2002;11;GLO;SBRJ;SBBR;212,75;52
2002;11;GLO;SBFL;SBSP;138,16;562
2002;11;GLO;SBFL;SBSP;142,86;336
2002;11;GLO;SBKP;SBPA;277,00;42
2002;11;GLO;SBGL;SBPA;343,00;14
2002;11;GLO;SBBH;SBSP;130,00;15
2002;11;GLO;SBFL;SBBR;363,86;153
2002;11;GLO;SBBR;SBPA;345,56;288
2002;11;GLO;SBFL;SBSP;213,49;1651
2002;11;GLO;SBGL;SBBR;242,02;131
2002;11;GLO;SBPA;SBBR;342,02;298
2002;11;GLO;SBSP;SBCT;200,00;49
2002;11;GLO;SBKP;SBRJ;113,25;259
2002;11;GLO;SBBR;SBFZ;442,30;734
2002;11;GLO;SBBR;SBBH;244,80;1719
2002;11;GLO;SBRJ;SBSP;190,09;315
2002;11;GLO;SBPA;SBKP;353,58;183
2002;11;GLO;SBVT;SBRJ;175,67;86
2002;11;GLO;SBSP;SBPA;271,79;167
2002;11;GLO;SBFL;SBPA;142,96;728
2002;11;GLO;SBPA;SBSP;445,00;10
2002;11;GLO;SBBR;SBSP;412,50;6
2002;11;GLO;SBBR;SBBH;215,99;152
2002;11;GLO;SBNF;SBSP;317,72;69
2002;11;GLO;SBRJ;SBBR;238,47;1364
2002;11;GLO;SBRJ;SBKP;202,94;44
2002;11;GLO;SBKP;SBRJ;100,00;8
2002;11;GLO;SBFZ;SBRF;134,17;284
2002;11;GLO;SBSP;SBPA;150,00;4
2002;11;GLO;SBSP;SBPA;242,46;139
2002;11;GLO;SBFZ;SBBR;523,52;11
2002;11;GLO;SBKP;SBPA;236,35;72
2002;11;GLO;SBRJ;SBSP;144,85;10
2002;11;GLO;SBGL;SBSP;177,00;6
2002;11;GLO;SBGL;SBFL;253,52;169
2002;11;GLO;SBFZ;SBRF;205,50;11
2002;11;GLO;SBVT;SBRJ;244,66;13
2002;11;GLO;SBCT;SBGL;276,64;333
2002;11;GLO;SBSP;SBFL;191,31;5147
2002;11;GLO;SBFZ;SBBR;593,33;8
2002;11;GLO;SBCT;SBBH;470,00;1
2002;11;GLO;SBRJ;SBSP;210,77;877
2002;11;GLO;SBSP;SBFL;403,00;14
2002;11;GLO;SBFZ;SBRF;165,13;1643
2002;11;GLO;SBRJ;SBBH;100,00;11
2002;11;GLO;SBFL;SBSP;153,35;166
2002;11;GLO;SBBR;SBGL;213,00;31
2002;11;GLO;SBCT;SBGL;173,33;59
2002;11;GLO;SBPA;SBRJ;398,00;3
2002;11;GLO;SBCT;SBBR;342,41;211
2002;11;GLO;SBCT;SBKP;138,50;51
2002;11;GLO;SBBR;SBFL;305,00;65
2002;11;GLO;SBCT;SBBH;224,15;266
2002;11;GLO;SBGO;SBSP;460,00;1
2002;11;GLO;SBKP;SBCT;143,93;32
2002;11;GLO;SBFL;SBSP;164,07;30
2002;11;GLO;SBSP;SBBR;361,19;89
2002;11;GLO;SBGL;SBCT;262,30;8
2002;11;GLO;SBBR;SBFZ;511,14;13
2002;11;GLO;SBGL;SBFL;241,00;10
2002;11;GLO;SBPA;SBBR;359,65;117
2002;11;GLO;SBPA;SBRJ;396,08;15
2002;11;GLO;SBCT;SBKP;181,89;434
2002;11;GLO;SBKP;SBCT;100,00;1
2002;11;GLO;SBVT;SBSP;254,09;66
2002;11;GLO;SBBR;SBKP;326,91;311
2002;11;GLO;SBBH;SBKP;297,97;24
2002;11;GLO;SBMQ;SBBE;127,89;2080
2002;11;GLO;SBBR;SBBH;195,75;20
2002;11;GLO;SBFL;SBRJ;150,00;1
2002;11;GLO;SBFL;SBRJ;330,32;52
2002;11;GLO;SBNF;SBSP;201,00;4
2002;11;GLO;SBBR;SBFZ;313,32;374
2002;11;GLO;SBSP;SBNF;224,05;11
2002;11;GLO;SBSV;SBRF;397,00;3
2002;11;GLO;SBPA;SBSP;230,00;17
2002;11;GLO;SBSP;SBGL;165,83;4
2002;11;GLO;SBRJ;SBVT;188,00;48
2002;11;GLO;SBSP;SBCT;197,59;2838
2002;11;GLO;SBFL;SBRJ;249,92;4
2002;11;GLO;SBCT;SBSP;228,36;254
2002;11;GLO;SBPA;SBBR;283,22;141
2002;11;GLO;SBBR;SBSV;250,00;3
2002;11;GLO;SBCT;SBSP;140,95;100
2002;11;GLO;SBSP;SBRJ;196,15;5224
2002;11;GLO;SBSV;SBBR;662,75;6
2002;11;GLO;SBSP;SBNF;253,00;15
2002;11;GLO;SBSP;SBGO;150,00;4
2002;11;GLO;SBRF;SBSV;182,85;30
2002;11;GLO;SBBR;SBSP;329,89;2920
2002;11;GLO;SBSP;SBCT;275,00;114
2002;11;GLO;SBKP;SBBR;314,12;39
2002;11;GLO;SBFZ;SBBR;525,46;44
2002;11;GLO;SBBH;SBBR;296,19;30
2002;11;GLO;SBBR;SBBH;272,91;1394
2002;11;GLO;SBKP;SBBR;232,59;31
2002;11;GLO;SBGO;SBSP;326,00;4
2002;11;GLO;SBCT;SBPA;183,38;370
2002;11;GLO;SBFZ;SBRF;179,66;634
2002;11;GLO;SBPA;SBGL;288,00;1
2002;11;GLO;SBGL;SBCT;220,36;313
2002;11;GLO;SBBH;SBCT;250,56;485
2002;11;GLO;SBSP;SBBR;331,91;3500
2002;11;GLO;SBFL;SBRJ;302,88;468
2002;11;GLO;SBFL;SBRJ;364,16;17
2002;11;GLO;SBKP;SBRJ;171,89;961
2002;11;GLO;SBBH;SBSP;262,69;1549
2002;11;GLO;SBKP;SBBH;323,00;1
2002;11;GLO;SBPA;SBSP;357,00;1
2002;11;GLO;SBVT;SBRJ;100,00;4
2002;11;GLO;SBBH;SBRJ;170,37;2857
2002;11;GLO;SBBH;SBRJ;232,50;6
2002;11;GLO;SBGL;SBSV;332,59;22
2002;11;GLO;SBPA;SBCT;307,00;1
2002;11;GLO;SBVT;SBRJ;91,34;163
2002;11;GLO;SBMQ;SBBE;237,75;3
2002;11;GLO;SBKP;SBBH;207,70;24
2002;11;GLO;SBFL;SBSP;270,67;149
2002;11;GLO;SBFL;SBRJ;265,00;21
2002;11;GLO;SBRF;SBSV;219,96;60
2002;11;GLO;SBSP;SBFL;152,21;145
2002;11;GLO;SBFL;SBPA;163,22;15
2002;11;GLO;SBFL;SBSP;235,19;697
2002;11;GLO;SBSP;SBBR;214,78;396
2002;11;GLO;SBKP;SBBH;290,00;32
2002;11;GLO;SBBR;SBSP;348,21;1119
2002;11;GLO;SBCT;SBBR;173,50;77
2002;11;GLO;SBRJ;SBSP;243,61;2105
2002;11;GLO;SBSP;SBPA;378,61;215
2002;11;GLO;SBCT;SBBR;411,72;15
2002;11;GLO;SBBR;SBGL;263,15;971
2002;11;GLO;SBRJ;SBBR;188,74;1000
2002;11;GLO;SBSP;SBBH;228,93;4081
2002;11;GLO;SBBR;SBGL;220,62;17
2002;11;GLO;SBBE;SBMQ;154,78;55
2002;11;GLO;SBMQ;SBBE;190,00;1
2002;11;GLO;SBPA;SBSP;255,57;20
2002;11;GLO;SBPA;SBSP;150,00;1
2002;11;GLO;SBBH;SBKP;230,50;4
2002;11;GLO;SBKP;SBBR;328,55;257
2002;11;GLO;SBGO;SBSP;426,33;30
2002;11;GLO;SBGO;SBSP;266,66;1319
2002;11;GLO;SBKP;SBRJ;100,66;8
2002;11;GLO;SBFL;SBSP;255,92;320
2002;11;GLO;SBPA;SBKP;277,00;48
2002;11;GLO;SBPA;SBCT;219,23;105
2002;11;GLO;SBBR;SBSP;150,00;1
2002;11;GLO;SBVT;SBSP;283,40;93
2002;11;GLO;SBBH;SBRJ;112,62;132
2002;11;GLO;SBBR;SBFL;319,23;18
2002;11;GLO;SBRJ;SBFL;332,00;4
2002;11;GLO;SBRJ;SBPA;285,35;204
2002;11;GLO;SBSP;SBGO;191,06;367
2002;11;GLO;SBSV;SBRF;196,11;1371
2002;11;GLO;SBBE;SBBR;542,02;3
2002;11;GLO;SBGL;SBBR;286,01;46
2002;11;GLO;SBRJ;SBKP;190,01;1609
2002;11;GLO;SBSP;SBGL;195,26;833
2002;11;GLO;SBRJ;SBBR;328,90;193
2002;11;GLO;SBMQ;SBBE;199,00;1
2002;11;GLO;SBKP;SBBH;191,52;25
2002;11;GLO;SBSP;SBRJ;185,56;91
2002;11;GLO;SBCT;SBPA;276,00;3
2002;11;GLO;SBGO;SBSP;298,00;6
2002;11;GLO;SBRJ;SBCT;253,00;22
2002;11;GLO;SBCT;SBSP;276,00;4
2002;11;GLO;SBRJ;SBBH;186,63;361
2002;11;GLO;SBBR;SBFZ;496,72;627
2002;11;GLO;SBRF;SBSV;137,85;320
2002;11;GLO;SBRJ;SBPA;470,00;3
2002;11;GLO;SBFZ;SBRF;79,83;146
2002;11;GLO;SBGL;SBSP;199,00;7
2002;11;GLO;SBPA;SBBR;438,78;122
2002;11;GLO;SBRF;SBSV;176,83;1748
2002;11;GLO;SBRJ;SBBR;253,46;198
2002;11;GLO;SBGO;SBSP;150,00;1
2002;11;GLO;SBSP;SBGO;446,18;31
2002;11;GLO;SBCT;SBBH;178,83;162
2002;11;GLO;SBSP;SBCT;141,08;104
2002;11;GLO;SBPA;SBSP;403,00;3
2002;11;GLO;SBBE;SBBR;397,90;14
2002;11;GLO;SBBH;SBBR;271,73;1277
2002;11;GLO;SBBH;SBBR;246,55;1407
2002;11;GLO;SBBH;SBSP;211,04;103
2002;11;GLO;SBSP;SBRJ;127,00;8
2002;11;GLO;SBBR;SBBE;406,50;11
2002;11;GLO;SBBH;SBCT;282,82;270
2002;11;GLO;SBGO;SBSP;210,34;1175
2002;11;GLO;SBPA;SBGL;355,00;153
2002;11;GLO;SBVT;SBSP;186,00;56
2002;11;GLO;SBPA;SBFL;112,69;125
2002;11;GLO;SBPA;SBGL;373,23;11
2002;11;GLO;SBRJ;SBFL;389,00;1
2002;11;GLO;SBBR;SBPA;433,16;108
2002;11;GLO;SBRJ;SBPA;328,00;13
2002;11;GLO;SBFL;SBGL;241,00;20
2002;11;GLO;SBSP;SBRJ;233,12;12434
2002;11;GLO;SBSV;SBBR;348,67;136
2002;11;GLO;SBSP;SBGO;380,00;1
2002;11;GLO;SBRJ;SBVT;137,89;2156
2002;11;GLO;SBRF;SBGL;533,30;173
2002;11;GLO;SBSP;SBBR;404,00;7
2002;11;GLO;SBGL;SBFL;214,60;21
2002;11;GLO;SBVT;SBRJ;97,60;361
2002;11;GLO;SBSV;SBRF;159,66;312
2002;11;GLO;SBSP;SBRJ;253,00;3
2002;11;GLO;SBPA;SBBR;714,00;1
2002;11;GLO;SBPA;SBFL;141,61;919
2002;11;GLO;SBGL;SBFL;217,37;73
2002;11;GLO;SBGL;SBSP;231,97;247
2002;11;GLO;SBRF;SBGL;360,84;252
2002;11;GLO;SBGL;SBCT;248,12;687
2002;11;GLO;SBGL;SBSV;228,37;11
2002;11;GLO;SBBH;SBSP;322,00;1
2002;11;GLO;SBKP;SBPA;395,02;337
2002;11;GLO;SBSP;SBGL;230,97;330
2002;11;GLO;SBFL;SBBR;431,64;10
2002;11;GLO;SBGL;SBSP;121,51;246
2002;11;GLO;SBPA;SBRJ;236,00;89
2002;11;GLO;SBSV;SBBR;426,00;41
2002;11;GLO;SBGL;SBRF;399,00;14
2002;11;GLO;SBBR;SBGL;192,16;118
2002;11;GLO;SBRJ;SBPA;250,18;31
2002;11;GLO;SBBR;SBFZ;500,72;25
2002;11;GLO;SBGL;SBSP;195,38;769
2002;11;GLO;SBFL;SBPA;198,04;239
2002;11;GLO;SBBH;SBSP;404,00;1
2002;11;GLO;SBCT;SBKP;100,00;1
2002;11;GLO;SBCT;SBGL;303,00;11
2002;11;GLO;SBRJ;SBBR;287,54;2047
2002;11;GLO;SBSP;SBBR;276,76;1006
2002;11;GLO;SBRF;SBFZ;127,65;379
2002;11;GLO;SBGL;SBSV;451,12;11
2002;11;GLO;SBGL;SBSV;399,37;22
2002;11;GLO;SBGL;SBPA;248,47;48
2002;11;GLO;SBSP;SBCT;236,90;31
2002;11;GLO;SBSP;SBGL;133,29;124
2002;11;GLO;SBSP;SBVT;359,33;8
2002;11;GLO;SBRJ;SBBR;307,31;1113
2002;11;GLO;SBVT;SBSP;458,10;7
2002;11;GLO;SBRJ;SBCT;303,00;51
2002;11;GLO;SBPA;SBFL;198,16;399
2002;11;GLO;SBFL;SBGL;475,00;3
2002;11;GLO;SBFL;SBPA;105,50;65
2002;11;GLO;SBSP;SBVT;208,32;1180
2002;11;GLO;SBCT;SBBR;392,77;44
2002;11;GLO;SBSP;SBBH;304,00;1
2002;11;GLO;SBSP;SBGO;294,46;267
2002;11;GLO;SBGL;SBBR;262,99;968
2002;11;GLO;SBFL;SBGL;213,65;18
2002;11;GLO;SBFL;SBGL;319,37;11
2002;11;GLO;SBBR;SBSV;291,94;1024
2002;11;GLO;SBRF;SBFZ;181,10;784
2002;11;GLO;SBNF;SBSP;336,00;10
2002;11;GLO;SBRJ;SBBR;349,62;22
2002;11;GLO;SBBR;SBFL;449,97;145
2002;11;GLO;SBBR;SBBH;329,00;1
2002;11;GLO;SBGL;SBBR;192,23;73
2002;11;GLO;SBPA;SBKP;439,00;11
2002;11;GLO;SBPA;SBRJ;249,60;28
2002;11;GLO;SBSP;SBRJ;160,75;6
2002;11;GLO;SBSV;SBGL;501,00;1
2002;11;GLO;SBBH;SBSP;228,33;4086
2002;11;GLO;SBSP;SBPA;407,91;17
2002;11;GLO;SBSP;SBPA;341,24;2525
2002;11;GLO;SBPA;SBFL;160,05;1331
2002;11;GLO;SBSP;SBRJ;279,00;21
2002;11;GLO;SBBR;SBCT;222,00;24
2002;11;GLO;SBBR;SBBE;316,13;77
2002;11;GLO;SBSV;SBGL;227,90;593
2002;11;GLO;SBRJ;SBSP;209,00;10
2002;11;GLO;SBGL;SBFL;537,00;3
2002;11;GLO;SBCT;SBSP;289,00;4
2002;11;GLO;SBGL;SBSP;155,63;1221
2002;11;GLO;SBCT;SBPA;156,02;52
2002;11;GLO;SBBR;SBSP;273,16;800
2002;11;GLO;SBBR;SBPA;478,86;31
2002;11;GLO;SBRJ;SBCT;246,99;1477
2002;11;GLO;SBBR;SBKP;293,45;275
2002;11;GLO;SBCT;SBPA;136,88;157
2002;11;GLO;SBNF;SBSP;150,50;6
2002;11;GLO;SBFL;SBGL;293,11;495
2002;11;GLO;SBSP;SBVT;150,00;1
2002;11;GLO;SBPA;SBSP;350,84;117
2002;11;GLO;SBSP;SBNF;144,83;83
2002;11;GLO;SBRJ;SBCT;194,90;45
2002;11;GLO;SBRF;SBSV;249,61;97
2002;11;GLO;SBFL;SBRJ;431,81;15
2002;11;GLO;SBPA;SBBR;431,50;4
2002;11;GLO;SBGL;SBPA;236,00;176
2002;11;GLO;SBCT;SBSP;180,49;1120
2002;11;GLO;SBRF;SBGL;503,20;4
2002;11;GLO;SBBR;SBGL;352,50;22
2002;11;GLO;SBFL;SBGL;342,62;212
2002;11;GLO;SBSP;SBFL;288,00;10
2002;11;GLO;SBRF;SBFZ;197,75;6
2002;11;GLO;SBGL;SBBR;302,40;115
2002;11;GLO;SBBR;SBRJ;288,17;2328
2002;11;GLO;SBKP;SBRJ;239,00;6
2002;11;GLO;SBRJ;SBCT;150,00;3
2002;11;GLO;SBBH;SBBR;278,00;6
2002;11;GLO;SBGL;SBSV;547,00;1
2002;11;GLO;SBBR;SBCT;346,50;20
2002;11;GLO;SBSP;SBVT;381,75;6
2002;11;GLO;SBBH;SBRJ;201,27;260
2002;11;GLO;SBGL;SBCT;198,00;10
2002;11;GLO;SBFL;SBGL;259,47;240
2002;11;GLO;SBCT;SBRJ;246,13;1405
2002;11;GLO;SBBR;SBBE;557,00;30
2002;11;GLO;SBCT;SBKP;158,47;32
2002;11;GLO;SBFL;SBSP;315,41;32
2002;11;GLO;SBCT;SBBR;561,00;4
2002;11;GLO;SBFL;SBBR;439,24;41
2002;11;GLO;SBGL;SBSP;100,00;42
2002;11;GLO;SBRJ;SBSP;265,00;3
2002;11;GLO;SBSP;SBRJ;196,46;221
2002;11;GLO;SBSV;SBGL;394,82;748
2002;11;GLO;SBCT;SBBH;189,50;1
2002;11;GLO;SBSV;SBGL;259,88;306
2002;11;GLO;SBRF;SBFZ;451,10;11
2002;11;GLO;SBRJ;SBPA;250,00;1
2002;11;GLO;SBBH;SBCT;174,73;97
2002;11;GLO;SBGL;SBSV;569,00;10
2002;11;GLO;SBSP;SBNF;321,00;63
2002;11;GLO;SBRJ;SBVT;124,19;2623
2002;11;GLO;SBRJ;SBFL;404,00;17
2002;11;GLO;SBKP;SBBR;295,95;277
2002;11;GLO;SBRF;SBFZ;82,84;174
2002;11;GLO;SBSP;SBFL;140,63;627
2002;11;GLO;SBGL;SBFL;286,14;405
2002;11;GLO;SBFL;SBGL;222,00;38
2002;11;GLO;SBCT;SBPA;223,19;3431
2002;11;GLO;SBBR;SBRJ;401,00;34
2002;11;GLO;SBBH;SBKP;190,88;30
2002;11;GLO;SBPA;SBKP;400,82;391
2002;11;GLO;SBFL;SBBR;516,00;4
2002;11;GLO;SBFL;SBGL;208,71;62
2002;11;GLO;SBRJ;SBFL;475,00;14
2002;11;GLO;SBRJ;SBVT;162,80;67
2002;11;GLO;SBFL;SBRJ;268,65;534
2002;11;GLO;SBFL;SBPA;111,56;146
2002;11;GLO;SBSV;SBGL;316,79;1589
2002;11;GLO;SBFL;SBSP;336,75;8
2002;11;GLO;SBRJ;SBBR;209,55;318
2002;11;GLO;SBGL;SBFL;353,75;77
2002;11;GLO;SBGL;SBFL;332,00;8
2002;11;GLO;SBGL;SBSV;535,00;14
2002;11;GLO;SBSP;SBPA;348,07;18
2002;11;GLO;SBPA;SBSP;347,00;17
2002;11;GLO;SBCT;SBKP;219,69;60
2002;11;GLO;SBPA;SBFL;107,02;66
2002;11;GLO;SBBR;SBBH;195,10;275
2002;11;GLO;SBSP;SBCT;181,18;1525
2002;11;GLO;SBRJ;SBSP;199,00;3
2002;11;GLO;SBBH;SBCT;439,00;1
2002;11;GLO;SBKP;SBPA;490,00;1
2002;11;GLO;SBSP;SBBR;455,00;1
2002;11;GLO;SBSV;SBGL;416,98;72
2002;11;GLO;SBPA;SBSP;417,00;3
2002;11;GLO;SBFL;SBPA;125,27;73
2002;11;GLO;SBBH;SBCT;218,57;239
2002;11;GLO;SBBH;SBSP;248,29;2226
2002;11;GLO;SBCT;SBSP;197,45;3607
2002;11;GLO;SBCT;SBGL;261,68;10
2002;11;GLO;SBRJ;SBSP;187,00;77
2002;11;GLO;SBBH;SBSP;240,32;159
2002;11;GLO;SBRJ;SBPA;234,40;104
2002;11;GLO;SBSP;SBRJ;210,17;905
2002;11;GLO;SBBH;SBBR;194,54;17
2002;11;GLO;SBBR;SBGL;240,32;126
2002;11;GLO;SBSP;SBGL;120,26;318
2002;11;GLO;SBVT;SBRJ;138,33;2004
2002;11;GLO;SBMQ;SBBE;114,00;22
2002;11;GLO;SBBR;SBRJ;342,08;63
2002;11;GLO;SBBR;SBPA;427,18;3
2002;11;GLO;SBRJ;SBBH;199,00;38
2002;11;GLO;SBBR;SBRJ;404,00;1
2002;11;GLO;SBRJ;SBFL;414,00;6
2002;11;GLO;SBPA;SBRJ;319,54;673
2002;11;GLO;SBSP;SBGO;322,11;59
2002;11;GLO;SBBR;SBSP;455,00;6
2002;11;GLO;SBBR;SBRJ;261,63;157
2002;11;GLO;SBRJ;SBBH;155,29;2040
2002;11;GLO;SBKP;SBRJ;144,04;104
2002;11;GLO;SBRJ;SBSP;111,50;18
2002;11;GLO;SBKP;SBBR;509,00;3
2002;11;GLO;SBSP;SBBR;336,00;15
2002;11;GLO;SBBE;SBMQ;128,00;2050
2002;11;GLO;SBBR;SBRJ;389,75;6
2002;11;GLO;SBBR;SBFL;578,00;10
2002;11;GLO;SBSP;SBPA;403,86;122
2002;11;GLO;SBSP;SBCT;125,32;201
2002;11;GLO;SBSV;SBBR;318,64;579
2002;11;GLO;SBNF;SBSP;209,80;533
2002;11;GLO;SBSP;SBVT;422,00;8
2002;11;GLO;SBGL;SBSV;501,00;15
2002;11;GLO;SBBH;SBSP;205,11;1984
2002;11;GLO;SBKP;SBRJ;211,65;53
2002;11;GLO;SBFL;SBRJ;332,00;20
2002;11;GLO;SBSP;SBCT;171,70;104
2002;11;TAM;SBGO;SBSP;396,04;42
2002;11;TAM;SBFL;SBSP;610,98;94
2002;11;TAM;SBSP;SBCT;397,00;262
2002;11;TAM;SBCT;SBKP;446,00;32
2002;11;TAM;SBGR;SBPA;504,04;33
2002;11;TAM;SBGR;SBCF;406,82;18
2002;11;TAM;SBGL;SBSV;687,00;160
2002;11;TAM;SBGL;SBPA;595,03;27
2002;11;TAM;SBBR;SBSP;961,00;81
2002;11;TAM;SBCT;SBGL;446,01;33
2002;11;TAM;SBBR;SBKP;457,97;151
2002;11;TAM;SBPA;SBSP;709,02;374
2002;11;TAM;SBSP;SBGL;325,00;20
2002;11;TAM;SBVT;SBSP;655,00;26
2002;11;TAM;SBSV;SBGL;687,00;175
2002;11;TAM;SBFL;SBSP;488,98;98
2002;11;TAM;SBFZ;SBRF;352,00;14
2002;11;TAM;SBBR;SBKP;412,97;657
2002;11;TAM;SBBR;SBCT;801,00;73
2002;11;TAM;SBKP;SBPA;586,02;61
2002;11;TAM;SBSP;SBFL;524,99;77
2002;11;TAM;SBRJ;SBVT;287,00;17
2002;11;TAM;SBBR;SBSV;1077,04;2
2002;11;TAM;SBRJ;SBVT;240,02;113
2002;11;TAM;SBBE;SBBR;1040,06;74
2002;11;TAM;SBRJ;SBBR;467,99;237
2002;11;TAM;SBGR;SBCT;293,99;50
2002;11;TAM;SBGO;SBSP;593,98;73
2002;11;TAM;SBFL;SBBR;817,34;112
2002;11;TAM;SBCT;SBPA;348,01;208
2002;11;TAM;SBBR;SBFZ;724,07;68
2002;11;TAM;SBGR;SBFL;457,99;4
2002;11;TAM;SBFL;SBPA;224,01;14
2002;11;TAM;SBSP;SBBH;456,98;228
2002;11;TAM;SBSP;SBGL;348,01;5
2002;11;TAM;SBCT;SBBR;499,99;499
2002;11;TAM;SBRJ;SBBH;240,98;156
2002;11;TAM;SBSP;SBBR;961,00;35
2002;11;TAM;SBKP;SBCT;270,99;11
2002;11;TAM;SBGR;SBGL;371,00;9
2002;11;TAM;SBCT;SBGL;334,99;261
2002;11;TAM;SBPA;SBCT;545,00;13
2002;11;TAM;SBSP;SBCT;582,99;46
2002;11;TAM;SBGL;SBCT;334,99;309
2002;11;TAM;SBPA;SBGL;546,04;4
2002;11;TAM;SBFZ;SBBR;900,07;27
2002;11;TAM;SBFL;SBGR;304,98;30
2002;11;TAM;SBSP;SBVT;662,03;29
2002;11;TAM;SBGR;SBBR;467,00;14
2002;11;TAM;SBBH;SBBR;414,98;211
2002;11;TAM;SBUL;SBSP;1019,99;107
2002;11;TAM;SBBR;SBSV;808,03;32
2002;11;TAM;SBUL;SBSP;874,98;36
2002;11;TAM;SBGL;SBSV;590,00;79
2002;11;TAM;SBBH;SBSP;523,00;59
2002;11;TAM;SBSV;SBRF;1305,98;38
2002;11;TAM;SBCT;SBKP;391,99;10
2002;11;TAM;SBBH;SBBR;391,99;100
2002;11;TAM;SBSP;SBGO;680,04;20
2002;11;TAM;SBBE;SBMQ;250,99;32
2002;11;TAM;SBSP;SBGO;792,00;30
2002;11;TAM;SBBE;SBMQ;342,00;5
2002;11;TAM;SBKP;SBCT;325,00;44
2002;11;TAM;SBFZ;SBBR;1041,94;12
2002;11;TAM;SBGO;SBBR;271,99;9
2002;11;TAM;SBSP;SBFL;457,99;72
2002;11;TAM;SBGR;SBCT;311,00;30
2002;11;TAM;SBBR;SBCT;755,02;92
2002;11;TAM;SBFL;SBPA;372,98;5
2002;11;TAM;SBBR;SBSP;615,03;568
2002;11;TAM;SBSP;SBRJ;309,01;12531
2002;11;TAM;SBSP;SBBR;651,00;428
2002;11;TAM;SBPS;SBSP;704,01;29
2002;11;TAM;SBBR;SBGO;271,99;68
2002;11;TAM;SBSV;SBGR;994,95;10
2002;11;TAM;SBBR;SBSP;697,96;315
2002;11;TAM;SBGR;SBBR;442,98;48
2002;11;TAM;SBGL;SBRF;766,98;35
2002;11;TAM;SBBR;SBSV;654,02;86
2002;11;TAM;SBRF;SBSV;932,99;12
2002;11;TAM;SBBH;SBRJ;382,02;26
2002;11;TAM;SBSV;SBRF;932,99;20
2002;11;TAM;SBGL;SBPA;694,01;12
2002;11;TAM;SBPA;SBKP;631,99;14
2002;11;TAM;SBSP;SBCT;270,99;3185
2002;11;TAM;SBGR;SBPA;579,03;28
2002;11;TAM;SBVT;SBRJ;368,01;27
2002;11;TAM;SBGL;SBGR;418,99;189
2002;11;TAM;SBGR;SBBR;738,04;94
2002;11;TAM;SBCT;SBGR;311,00;80
2002;11;TAM;SBFZ;SBBR;724,07;77
2002;11;TAM;SBSP;SBBH;353,00;585
2002;11;TAM;SBSV;SBGR;694,01;74
2002;11;TAM;SBRF;SBGL;670,92;585
2002;11;TAM;SBRF;SBFZ;421,97;30
2002;11;TAM;SBBH;SBBR;818,01;1
2002;11;TAM;SBCT;SBBR;550,95;230
2002;11;TAM;SBSP;SBPS;568,01;153
2002;11;TAM;SBRJ;SBBR;680,04;13
2002;11;TAM;SBBH;SBRJ;217,01;2654
2002;11;TAM;SBFL;SBGR;524,99;26
2002;11;TAM;SBGL;SBBR;366,42;16
2002;11;TAM;SBSV;SBBR;415,98;1014
2002;11;TAM;SBPA;SBFL;224,01;76
2002;11;TAM;SBVT;SBSP;662,03;30
2002;11;TAM;SBGL;SBSV;492,03;111
2002;11;TAM;SBGO;SBBR;308,99;73
2002;11;TAM;SBUL;SBSP;715,01;2146
2002;11;TAM;SBSV;SBRF;1120,00;37
2002;11;TAM;SBGR;SBGL;280,01;8
2002;11;TAM;SBSP;SBFL;305,00;133
2002;11;TAM;SBBR;SBCT;700,05;144
2002;11;TAM;SBBR;SBSV;697,02;41
2002;11;TAM;SBCT;SBSP;311,01;1383
2002;11;TAM;SBBR;SBFZ;900,07;31
2002;11;TAM;SBGR;SBKP;151,00;52
2002;11;TAM;SBGL;SBCT;640,01;4
2002;11;TAM;SBMQ;SBBE;273,00;38
2002;11;TAM;SBCT;SBFL;244,01;356
2002;11;TAM;SBKP;SBGR;163,00;1
2002;11;TAM;SBGR;SBFL;366,99;12
2002;11;TAM;SBRF;SBGL;957,98;27
2002;11;TAM;SBGL;SBSP;217,98;1053
2002;11;TAM;SBMQ;SBBE;342,00;3
2002;11;TAM;SBBR;SBGO;402,00;3
2002;11;TAM;SBSP;SBCT;354,00;728
2002;11;TAM;SBBR;SBBH;625,01;72
2002;11;TAM;SBUL;SBSP;817,02;76
2002;11;TAM;SBGL;SBGR;325,00;217
2002;11;TAM;SBSP;SBFL;610,98;68
2002;11;TAM;SBBR;SBBH;788,97;146
2002;11;TAM;SBBR;SBGL;468,52;6
2002;11;TAM;SBPA;SBGR;709,04;27
2002;11;TAM;SBPA;SBCT;316,98;1978
2002;11;TAM;SBRF;SBSV;1027,02;5
2002;11;TAM;SBPA;SBSP;468,97;1795
2002;11;TAM;SBSP;SBGO;435,00;12
2002;11;TAM;SBSP;SBPA;618,96;575
2002;11;TAM;SBKP;SBBR;831,99;124
2002;11;TAM;SBRP;SBSP;399,99;85
2002;11;TAM;SBGL;SBSV;1161,02;4
2002;11;TAM;SBBR;SBSP;651,00;350
2002;11;TAM;SBSP;SBFL;488,98;43
2002;11;TAM;SBSP;SBFL;366,98;251
2002;11;TAM;SBPA;SBGL;850,95;4
2002;11;TAM;SBBR;SBKP;547,99;142
2002;11;TAM;SBBR;SBGR;615,00;11
2002;11;TAM;SBVT;SBSP;609,03;25
2002;11;TAM;SBKP;SBCT;257,00;763
2002;11;TAM;SBSV;SBGL;784,97;87
2002;11;TAM;SBBR;SBBH;391,99;86
2002;11;TAM;SBRF;SBFZ;526,99;6
2002;11;TAM;SBRF;SBFZ;386,98;15
2002;11;TAM;SBBR;SBRJ;422,98;108
2002;11;TAM;SBRJ;SBBR;509,01;149
2002;11;TAM;SBFL;SBCT;762,99;17
2002;11;TAM;SBGL;SBBR;423,46;2
2002;11;TAM;SBSP;SBPA;468,97;1280
2002;11;TAM;SBPA;SBKP;670,01;3
2002;11;TAM;SBCT;SBSP;270,99;3316
2002;11;TAM;SBCT;SBGL;640,01;11
2002;11;TAM;SBBR;SBGR;419,04;727
2002;11;TAM;SBMQ;SBBE;250,99;43
2002;11;TAM;SBSP;SBPS;592,05;44
2002;11;TAM;SBBR;SBKP;685,96;31
2002;11;TAM;SBGR;SBGL;257,00;2
2002;11;TAM;SBPS;SBSP;592,05;26
2002;11;TAM;SBBR;SBBH;414,98;129
2002;11;TAM;SBBR;SBFL;817,34;61
2002;11;TAM;SBRJ;SBBH;359,02;47
2002;11;TAM;SBKP;SBBR;547,99;108
2002;11;TAM;SBVT;SBRJ;263,01;36
2002;11;TAM;SBCT;SBKP;325,00;14
2002;11;TAM;SBFL;SBGR;337,02;58
2002;11;TAM;SBGR;SBBR;961,02;1
2002;11;TAM;SBBE;SBBR;686,02;126
2002;11;TAM;SBGL;SBBR;468,52;4
2002;11;TAM;SBGR;SBSV;925,01;44
2002;11;TAM;SBBR;SBKP;786,03;29
2002;11;TAM;SBRF;SBGL;1096,96;10
2002;11;TAM;SBBR;SBGR;651,00;14
2002;11;TAM;SBPA;SBCT;441,99;108
2002;11;TAM;SBPA;SBKP;760,99;69
2002;11;TAM;SBFL;SBSP;274,01;206
2002;11;TAM;SBCT;SBBR;385,95;616
2002;11;TAM;SBKP;SBSP;163,00;1
2002;11;TAM;SBBH;SBCT;443,02;176
2002;11;TAM;SBKP;SBGR;197,00;8
2002;11;TAM;SBBE;SBBR;852,98;47
2002;11;TAM;SBGL;SBCT;316,98;90
2002;11;TAM;SBSP;SBGO;339,98;1869
2002;11;TAM;SBUL;SBSP;331,97;55
2002;11;TAM;SBPA;SBSP;579,04;630
2002;11;TAM;SBBR;SBSV;747,05;24
2002;11;TAM;SBCT;SBGL;373,97;50
2002;11;TAM;SBGR;SBSV;994,95;61
2002;11;TAM;SBCF;SBGR;406,82;9
2002;11;TAM;SBGR;SBCT;271,01;278
2002;11;TAM;SBBR;SBGL;770,87;8
2002;11;TAM;SBFZ;SBBR;630,00;513
2002;11;TAM;SBGR;SBCT;396,98;16
2002;11;TAM;SBGL;SBSV;737,99;21
2002;11;TAM;SBFL;SBPA;273,01;2
2002;11;TAM;SBSV;SBGL;590,00;129
2002;11;TAM;SBBH;SBBR;625,01;109
2002;11;TAM;SBFZ;SBBR;964,93;5
2002;11;TAM;SBFL;SBBR;545,55;330
2002;11;TAM;SBPA;SBFL;297,99;37
2002;11;TAM;SBRP;SBSP;393,00;32
2002;11;TAM;SBCT;SBKP;371,00;4
2002;11;TAM;SBBR;SBSP;839,04;429
2002;11;TAM;SBBE;SBBR;988,06;10
2002;11;TAM;SBGL;SBBR;770,87;4
2002;11;TAM;SBSV;SBGR;808,93;109
2002;11;TAM;SBSV;SBRF;1603,02;3
2002;11;TAM;SBPA;SBCT;470,99;24
2002;11;TAM;SBVT;SBSP;460,03;263
2002;11;TAM;SBGR;SBFL;524,99;26
2002;11;TAM;SBUL;SBSP;766,01;264
2002;11;TAM;SBBE;SBMQ;415,00;66
2002;11;TAM;SBGR;SBGL;548,00;3
2002;11;TAM;SBBR;SBFZ;1097,01;161
2002;11;TAM;SBBR;SBSV;560,02;137
2002;11;TAM;SBSP;SBBH;622,99;78
2002;11;TAM;SBBR;SBGO;256,00;66
2002;11;TAM;SBBR;SBBE;686,02;91
2002;11;TAM;SBRF;SBSV;1603,02;1
2002;11;TAM;SBSP;SBGL;418,99;8
2002;11;TAM;SBBR;SBFZ;1041,94;45
2002;11;TAM;SBPA;SBGR;658,96;8
2002;11;TAM;SBSV;SBGR;1050,96;373
2002;11;TAM;SBSP;SBUL;331,97;43
2002;11;TAM;SBVT;SBRJ;315,00;42
2002;11;TAM;SBFL;SBCT;672,00;22
2002;11;TAM;SBGL;SBSV;539,98;7
2002;11;TAM;SBRJ;SBBR;422,98;103
2002;11;TAM;SBRJ;SBVT;263,01;19
2002;11;TAM;SBPA;SBFL;427,00;4
2002;11;TAM;SBGL;SBPA;795,01;4
2002;11;TAM;SBBE;SBBR;914,96;9
2002;11;TAM;SBSP;SBPA;785,02;218
2002;11;TAM;SBBR;SBRJ;594,01;62
2002;11;TAM;SBSP;SBGO;632,04;6
2002;11;TAM;SBKP;SBSP;257,00;1
2002;11;TAM;SBFZ;SBBR;1097,01;126
2002;11;TAM;SBPA;SBKP;719,04;5
2002;11;TAM;SBRF;SBFZ;638,98;42
2002;11;TAM;SBCT;SBGR;375,01;79
2002;11;TAM;SBRJ;SBVT;476,98;64
2002;11;TAM;SBFL;SBGR;457,99;42
2002;11;TAM;SBMQ;SBBE;223,00;1681
2002;11;TAM;SBMQ;SBBE;319,00;27
2002;11;TAM;SBFL;SBGR;555,02;65
2002;11;TAM;SBGL;SBPA;497,95;13
2002;11;TAM;SBBR;SBFZ;964,93;27
2002;11;TAM;SBRF;SBSV;1400,00;1
2002;11;TAM;SBBH;SBBR;520,03;70
2002;11;TAM;SBGO;SBSP;435,00;42
2002;11;TAM;SBCT;SBFL;672,00;5
2002;11;TAM;SBBH;SBCT;649,03;41
2002;11;TAM;SBBH;SBRJ;240,98;92
2002;11;TAM;SBGR;SBGL;418,99;104
2002;11;TAM;SBRF;SBGL;894,07;45
2002;11;TAM;SBSP;SBUL;715,01;1881
2002;11;TAM;SBGL;SBCT;594,99;12
2002;11;TAM;SBSV;SBBR;808,03;21
2002;11;TAM;SBBR;SBRJ;1049,01;4
2002;11;TAM;SBBH;SBRJ;286,98;120
2002;11;TAM;SBGL;SBCT;523,02;22
2002;11;TAM;SBSV;SBRF;1696,98;59
2002;11;TAM;SBPA;SBGR;504,04;55
2002;11;TAM;SBPA;SBGR;469,00;63
2002;11;TAM;SBFL;SBBR;936,30;68
2002;11;TAM;SBFZ;SBRF;386,98;6
2002;11;TAM;SBBR;SBRJ;680,04;64
2002;11;TAM;SBGR;SBSV;635,97;11
2002;11;TAM;SBGL;SBRF;1023,01;14
2002;11;TAM;SBRF;SBFZ;602,99;3
2002;11;TAM;SBSP;SBVT;387,00;120
2002;11;TAM;SBCT;SBSP;468,99;307
2002;11;TAM;SBGL;SBSP;418,99;8
2002;11;TAM;SBCT;SBBH;443,02;218
2002;11;TAM;SBSV;SBBR;1077,04;2
2002;11;TAM;SBFZ;SBRF;421,97;41
2002;11;TAM;SBBH;SBCT;404,98;594
2002;11;TAM;SBSP;SBFL;337,01;172
2002;11;TAM;SBSP;SBPA;709,02;214
2002;11;TAM;SBCT;SBSP;429,01;394
2002;11;TAM;SBFL;SBSP;723,02;26
2002;11;TAM;SBFL;SBBR;871,31;60
2002;11;TAM;SBBR;SBBH;483,97;49
2002;11;TAM;SBUL;SBSP;1206,01;12
2002;11;TAM;SBBR;SBKP;1082,01;3
2002;11;TAM;SBGL;SBSV;894,01;282
2002;11;TAM;SBKP;SBBR;786,03;13
2002;11;TAM;SBGR;SBCF;329,64;15
2002;11;TAM;SBBR;SBSV;514,97;16
2002;11;TAM;SBGR;SBSV;599,99;997
2002;11;TAM;SBGR;SBCF;353,70;7
2002;11;TAM;SBBH;SBRJ;565,00;3
2002;11;TAM;SBCT;SBBR;700,05;119
2002;11;TAM;SBBR;SBGR;698,02;21
2002;11;TAM;SBCT;SBPA;470,99;33
2002;11;TAM;SBSP;SBRP;393,00;26
2002;11;TAM;SBPA;SBSP;618,96;720
2002;11;TAM;SBGR;SBGL;218,01;393
2002;11;TAM;SBBH;SBSP;353,00;677
2002;11;TAM;SBPA;SBGL;898,03;81
2002;11;TAM;SBMQ;SBBE;366,01;1
2002;11;TAM;SBSP;SBBH;318,02;3406
2002;11;TAM;SBGR;SBCT;429,01;45
2002;11;TAM;SBGL;SBSP;325,00;17
2002;11;TAM;SBBR;SBGR;738,04;47
2002;11;TAM;SBCT;SBSP;397,00;374
2002;11;TAM;SBCT;SBBH;487,02;107
2002;11;TAM;SBPA;SBGL;469,03;200
2002;11;TAM;SBVT;SBRJ;453,99;2
2002;11;TAM;SBPA;SBGL;497,95;14
2002;11;TAM;SBBR;SBFL;936,30;99
2002;11;TAM;SBCT;SBGL;673,01;99
2002;11;TAM;SBSP;SBCT;258,01;2668
2002;11;TAM;SBSV;SBBR;697,02;34
2002;11;TAM;SBSP;SBBR;569,98;453
2002;11;TAM;SBRJ;SBSP;309,01;18394
2002;11;TAM;SBBR;SBSP;488,97;1255
2002;11;TAM;SBCT;SBKP;257,00;915
2002;11;TAM;SBGL;SBGR;218,01;461
2002;11;TAM;SBCT;SBGR;258,01;944
2002;11;TAM;SBFL;SBBR;522,57;1304
2002;11;TAM;SBFZ;SBBR;845,01;32
2002;11;TAM;SBSP;SBCT;374,99;718
2002;11;TAM;SBSV;SBGR;599,99;852
2002;11;TAM;SBCT;SBGR;271,01;180
2002;11;TAM;SBPS;SBSP;568,01;157
2002;11;TAM;SBSV;SBGR;925,01;33
2002;11;TAM;SBGO;SBSP;339,98;2805
2002;11;TAM;SBGR;SBGL;325,00;192
2002;11;TAM;SBSV;SBBR;654,02;46
2002;11;TAM;SBBR;SBBE;1040,06;82
2002;11;TAM;SBBR;SBSP;419,04;3488
2002;11;TAM;SBBR;SBGR;570,03;90
2002;11;TAM;SBBR;SBGR;488,97;29
2002;11;TAM;SBRJ;SBBR;366,00;3977
2002;11;TAM;SBGL;SBRF;957,98;18
2002;11;TAM;SBBR;SBSP;442,96;3071
2002;11;TAM;SBRJ;SBVT;315,00;48
2002;11;TAM;SBGR;SBGL;347,99;7
2002;11;TAM;SBCT;SBBH;605,03;94
2002;11;TAM;SBSP;SBFL;723,02;21
2002;11;TAM;SBBR;SBGR;961,02;3
2002;11;TAM;SBCT;SBGR;445,99;205
2002;11;TAM;SBGL;SBGR;371,00;26
2002;11;TAM;SBBH;SBCT;487,02;205
2002;11;TAM;SBCT;SBBR;479,00;665
2002;11;TAM;SBRJ;SBBH;286,98;215
2002;11;TAM;SBSV;SBBR;560,02;119
2002;11;TAM;SBBR;SBGO;226,99;850
2002;11;TAM;SBBR;SBKP;502,02;65
2002;11;TAM;SBBH;SBSP;329,01;3866
2002;11;TAM;SBSP;SBPA;579,04;585
2002;11;TAM;SBCT;SBBR;599,97;174
2002;11;TAM;SBCT;SBGR;429,01;16
2002;11;TAM;SBGL;SBGR;399,01;5
2002;11;TAM;SBBE;SBMQ;223,00;1455
2002;11;TAM;SBPA;SBKP;548,00;1290
2002;11;TAM;SBBR;SBCT;499,99;613
2002;11;TAM;SBRJ;SBBR;1049,01;7
2002;11;TAM;SBCT;SBSP;582,99;41
2002;11;TAM;SBCT;SBSP;354,00;817
2002;11;TAM;SBBR;SBRJ;727,00;37
2002;11;TAM;SBFZ;SBRF;638,98;54
2002;11;TAM;SBBR;SBSV;848,96;210
2002;11;TAM;SBCT;SBGL;558,03;4
2002;11;TAM;SBGR;SBFL;273,98;39
2002;11;TAM;SBSP;SBUL;1019,99;14
2002;11;TAM;SBCF;SBGR;555,12;11
2002;11;TAM;SBGL;SBPA;898,03;75
2002;11;TAM;SBRJ;SBVT;391,00;13
2002;11;TAM;SBRP;SBSP;318,99;3105
2002;11;TAM;SBSP;SBCT;468,99;293
2002;11;TAM;SBBH;SBCT;316,99;252
2002;11;TAM;SBSV;SBRF;1027,02;6
2002;11;TAM;SBBR;SBGO;291,00;141
2002;11;TAM;SBVT;SBSP;568,97;38
2002;11;TAM;SBKP;SBSP;151,00;26
2002;11;TAM;SBPS;SBSP;661,00;25
2002;11;TAM;SBBH;SBSP;456,98;256
2002;11;TAM;SBPS;SBSP;938,04;29
2002;11;TAM;SBGL;SBRF;1096,96;15
2002;11;TAM;SBGR;SBGL;399,01;22
2002;11;TAM;SBVT;SBRJ;287,00;28
2002;11;TAM;SBBR;SBBE;1248,07;4
2002;11;TAM;SBBR;SBRJ;467,99;170
2002;11;TAM;SBSP;SBGO;593,98;23
2002;11;TAM;SBSP;SBUL;1206,01;7
2002;11;TAM;SBGL;SBSP;398,99;5
2002;11;TAM;SBBR;SBFL;599,52;197
2002;11;TAM;SBPA;SBGR;438,99;412
2002;11;TAM;SBBR;SBBE;914,96;4
2002;11;TAM;SBSV;SBGL;894,01;410
2002;11;TAM;SBSP;SBUL;817,02;63
2002;11;TAM;SBGR;SBCT;375,01;18
2002;11;TAM;SBCT;SBFL;589,00;33
2002;11;TAM;SBRJ;SBVT;453,99;8
2002;11;TAM;SBCT;SBFL;722,99;7
2002;11;TAM;SBGR;SBFL;337,02;8
2002;11;TAM;SBVT;SBRJ;476,98;55
2002;11;TAM;SBRF;SBSV;1120,00;32
2002;11;TAM;SBKP;SBCT;344,00;3
2002;11;TAM;SBGO;SBSP;554,03;186
2002;11;TAM;SBCT;SBFL;762,99;13
2002;11;TAM;SBSP;SBGL;279,98;17
2002;11;TAM;SBKP;SBBR;1082,01;3
2002;11;TAM;SBSP;SBPA;504,04;1431
2002;11;TAM;SBCT;SBBH;649,03;22
2002;11;TAM;SBPA;SBSP;972,01;30
2002;11;TAM;SBGL;SBRF;797,08;12
2002;11;TAM;SBPA;SBFL;346,01;26
2002;11;TAM;SBSP;SBBH;488,98;75
2002;11;TAM;SBSP;SBRP;399,99;33
2002;11;TAM;SBSP;SBPA;658,97;230
2002;11;TAM;SBBR;SBBE;852,98;15
2002;11;TAM;SBPA;SBSP;439,01;8773
2002;11;TAM;SBFZ;SBBR;676,95;26
2002;11;TAM;SBFZ;SBRF;492,01;37
2002;11;TAM;SBSP;SBBR;488,97;784
2002;11;TAM;SBSP;SBKP;151,00;39
2002;11;TAM;SBBH;SBSP;406,02;449
2002;11;TAM;SBBH;SBSP;318,02;4911
2002;11;TAM;SBGR;SBCF;555,12;55
2002;11;TAM;SBSP;SBVT;562,99;84
2002;11;TAM;SBRF;SBSV;839,03;91
2002;11;TAM;SBBR;SBSP;466,97;1050
2002;11;TAM;SBBR;SBFZ;845,01;24
2002;11;TAM;SBMQ;SBBE;392,00;20
2002;11;TAM;SBBR;SBBH;520,03;106
2002;11;TAM;SBGR;SBFL;304,98;19
2002;11;TAM;SBRJ;SBSP;342,99;4
2002;11;TAM;SBPA;SBKP;586,02;53
2002;11;TAM;SBBR;SBBE;653,02;575
2002;11;TAM;SBBR;SBBH;371,98;243
2002;11;TAM;SBCT;SBBR;909,96;261
2002;11;TAM;SBCT;SBBH;369,01;473
2002;11;TAM;SBGR;SBPA;709,04;46
2002;11;TAM;SBFL;SBPA;297,99;49
2002;11;TAM;SBCT;SBGR;293,99;115
2002;11;TAM;SBCT;SBBH;316,99;680
2002;11;TAM;SBGL;SBGR;280,01;19
2002;11;TAM;SBKP;SBCT;446,00;36
2002;11;TAM;SBBE;SBMQ;366,01;1
2002;11;TAM;SBSP;SBCT;429,01;255
2002;11;TAM;SBPA;SBGL;595,03;57
2002;11;TAM;SBBR;SBGL;399,42;8
2002;11;TAM;SBGL;SBRF;701,95;5
2002;11;TAM;SBRJ;SBSP;418,98;1143
2002;11;TAM;SBBH;SBRJ;454,01;262
2002;11;TAM;SBPA;SBSP;785,02;118
2002;11;TAM;SBFL;SBGR;428,02;34
2002;11;TAM;SBCT;SBSP;258,01;3361
2002;11;TAM;SBBE;SBMQ;273,00;35
2002;11;TAM;SBRF;SBSV;249,03;706
2002;11;TAM;SBSV;SBBR;747,05;11
2002;11;TAM;SBBR;SBCT;479,00;668
2002;11;TAM;SBFL;SBGR;366,99;68
2002;11;TAM;SBGL;SBBR;399,42;4
2002;11;TAM;SBSP;SBVT;460,03;255
2002;11;TAM;SBGO;SBBR;291,00;26
2002;11;TAM;SBFL;SBSP;457,99;108
2002;11;TAM;SBRF;SBFZ;352,00;17
2002;11;TAM;SBBH;SBRJ;411,99;5
2002;11;TAM;SBCT;SBGR;354,01;101
2002;11;TAM;SBCT;SBBH;567,98;86
2002;11;TAM;SBSP;SBPS;810,02;11
2002;11;TAM;SBBE;SBMQ;319,00;35
2002;11;TAM;SBSP;SBRP;318,99;2643
2002;11;TAM;SBBH;SBSP;771,02;11
2002;11;TAM;SBBH;SBCT;989,01;2
2002;11;TAM;SBBR;SBFL;989,21;167
2002;11;TAM;SBSP;SBBH;523,00;29
2002;11;TAM;SBSP;SBBR;615,03;409
2002;11;TAM;SBCT;SBGR;396,98;21
2002;11;TAM;SBBH;SBBR;345,02;1239
2002;11;TAM;SBGL;SBPA;546,04;11
2002;11;TAM;SBVT;SBRJ;174,01;1238
2002;11;TAM;SBGR;SBFL;246,99;179
2002;11;TAM;SBSP;SBGO;934,04;5
2002;11;TAM;SBGR;SBBR;419,04;814
2002;11;TAM;SBRJ;SBBR;727,00;31
2002;11;TAM;SBRJ;SBBR;399,04;218
2002;11;TAM;SBRF;SBFZ;492,01;27
2002;11;TAM;SBBH;SBBR;714,01;86
2002;11;TAM;SBGR;SBPA;469,00;17
2002;11;TAM;SBRF;SBGL;1161,06;187
2002;11;TAM;SBGL;SBSP;257,01;18
2002;11;TAM;SBCT;SBGL;409,99;27
2002;11;TAM;SBBR;SBGO;308,99;135
2002;11;TAM;SBSP;SBCT;311,01;1403
2002;11;TAM;SBSV;SBRF;839,03;195
2002;11;TAM;SBSV;SBGL;539,98;17
2002;11;TAM;SBMQ;SBBE;415,00;25
2002;11;TAM;SBVT;SBSP;562,99;142
2002;11;TAM;SBRP;SBSP;569,01;14
2002;11;TAM;SBSP;SBBR;419,04;2186
2002;11;TAM;SBCF;SBGR;539,10;6
2002;11;TAM;SBRJ;SBBR;769,96;375
2002;11;TAM;SBFZ;SBRF;234,00;1298
2002;11;TAM;SBGR;SBSV;872,05;238
2002;11;TAM;SBGO;SBBR;226,99;1400
2002;11;TAM;SBRP;SBSP;363,00;41
2002;11;TAM;SBSV;SBBR;467,96;76
2002;11;TAM;SBPA;SBGL;795,01;3
2002;11;TAM;SBBR;SBGR;467,00;3
2002;11;TAM;SBFL;SBBR;654,53;139
2002;11;TAM;SBGL;SBCT;446,01;19
2002;11;TAM;SBBR;SBCT;909,96;167
2002;11;TAM;SBPA;SBCT;574,00;184
2002;11;TAM;SBGR;SBBR;698,02;19
2002;11;TAM;SBGO;SBSP;475,03;180
2002;11;TAM;SBBR;SBBH;714,01;48
2002;11;TAM;SBRF;SBFZ;561,98;4
2002;11;TAM;SBCT;SBKP;344,00;7
2002;11;TAM;SBFL;SBPA;452,01;35
2002;11;TAM;SBCT;SBGL;594,99;8
2002;11;TAM;SBCT;SBKP;296,98;22
2002;11;TAM;SBGR;SBPA;658,96;21
2002;11;TAM;SBSP;SBPS;938,04;28
2002;11;TAM;SBSP;SBVT;418,98;35
2002;11;TAM;SBFL;SBGR;273,98;106
2002;11;TAM;SBSP;SBFL;427,98;128
2002;11;TAM;SBVT;SBSP;874,01;9
2002;11;TAM;SBSV;SBRF;1494,03;21
2002;11;TAM;SBRJ;SBBH;217,01;2112
2002;11;TAM;SBFL;SBPA;248,00;28
2002;11;TAM;SBKP;SBGR;187,00;1
2002;11;TAM;SBCT;SBBR;755,02;126
2002;11;TAM;SBKP;SBGR;151,00;84
2002;11;TAM;SBBR;SBSV;467,96;68
2002;11;TAM;SBBE;SBBR;800,98;89
2002;11;TAM;SBSP;SBUL;766,01;260
2002;11;TAM;SBVT;SBSP;308,98;3057
2002;11;TAM;SBGR;SBCF;539,10;8
2002;11;TAM;SBBR;SBGR;442,98;22
2002;11;TAM;SBGR;SBPA;618,99;8
2002;11;TAM;SBKP;SBBR;502,02;84
2002;11;TAM;SBSV;SBGL;429,97;1702
2002;11;TAM;SBBR;SBFZ;676,95;97
2002;11;TAM;SBSP;SBGL;257,01;18
2002;11;TAM;SBRF;SBGL;1023,01;11
2002;11;TAM;SBGR;SBFL;428,02;40
2002;11;TAM;SBFL;SBPA;346,01;14
2002;11;TAM;SBBR;SBKP;831,99;114
2002;11;TAM;SBPA;SBFL;248,00;48
2002;11;TAM;SBPA;SBGR;618,99;12
2002;11;TAM;SBCT;SBBR;859,00;72
2002;11;TAM;SBGR;SBPA;747,01;89
2002;11;TAM;SBSV;SBRF;2203,98;2
2002;11;TAM;SBGR;SBBR;570,03;30
2002;11;TAM;SBVT;SBSP;418,98;94
2002;11;TAM;SBGL;SBPA;743,00;7
2002;11;TAM;SBBH;SBRJ;333,99;212
2002;11;TAM;SBGL;SBSV;429,97;1849
2002;11;TAM;SBPA;SBFL;452,01;58
2002;11;TAM;SBKP;SBPA;548,00;883
2002;11;TAM;SBRF;SBGL;766,98;30
2002;11;TAM;SBSP;SBRJ;418,98;559
2002;11;TAM;SBFL;SBGR;246,99;38
2002;11;TAM;SBSP;SBGL;217,98;1165
2002;11;TAM;SBBH;SBCT;738,01;170
2002;11;TAM;SBBH;SBCT;605,03;76
2002;11;TAM;SBBR;SBFL;522,57;1192
2002;11;TAM;SBBR;SBRJ;509,01;117
2002;11;TAM;SBCT;SBBH;700,97;47
2002;11;TAM;SBGL;SBPA;469,03;280
2002;11;TAM;SBKP;SBBR;730,97;24
2002;11;TAM;SBBR;SBBE;988,06;6
2002;11;TAM;SBRJ;SBVT;368,01;40
2002;11;TAM;SBGR;SBBR;651,00;2
2002;11;TAM;SBSP;SBVT;308,98;3247
2002;11;TAM;SBBH;SBRJ;359,02;8
2002;11;TAM;SBFL;SBCT;630,99;12
2002;11;TAM;SBFL;SBSP;524,99;88
2002;11;TAM;SBSP;SBVT;874,01;3
2002;11;TAM;SBSV;SBGL;492,03;111
2002;11;TAM;SBBR;SBBH;818,01;2
2002;11;TAM;SBGL;SBSP;279,98;30
2002;11;TAM;SBCT;SBPA;545,00;18
2002;11;TAM;SBBR;SBGL;366,42;11
2002;11;TAM;SBBR;SBRJ;399,04;235
2002;11;TAM;SBFL;SBGR;488,99;70
2002;11;TAM;SBGO;SBSP;792,00;9
2002;11;TAM;SBCT;SBSP;293,99;1847
2002;11;TAM;SBPA;SBFL;273,01;2
2002;11;TAM;SBBR;SBCT;859,00;86
2002;11;TAM;SBSP;SBBH;406,02;511
2002;11;TAM;SBSP;SBRJ;342,99;7
2002;11;TAM;SBCF;SBGR;318,63;245
2002;11;TAM;SBBH;SBBR;371,98;190
2002;11;TAM;SBPA;SBCT;505,00;12
2002;11;TAM;SBCT;SBGL;316,98;32
2002;11;TAM;SBGL;SBGR;347,99;7
2002;11;TAM;SBPA;SBGR;747,01;121
2002;11;TAM;SBBR;SBRJ;366,00;3664
2002;11;TAM;SBBH;SBCT;369,01;853
2002;11;TAM;SBBH;SBSP;488,98;108
2002;11;TAM;SBFL;SBSP;427,98;96
2002;11;TAM;SBRJ;SBBH;333,99;89
2002;11;TAM;SBPA;SBGL;743,00;16
2002;11;TAM;SBSP;SBPA;972,01;38
2002;11;TAM;SBSP;SBFL;274,01;203
2002;11;TAM;SBGL;SBBR;509,56;2
2002;11;TAM;SBSP;SBFL;246,98;1848
2002;11;TAM;SBFL;SBSP;305,00;94
2002;11;TAM;SBRF;SBSV;1305,98;43
2002;11;TAM;SBBR;SBCT;550,95;218
2002;11;TAM;SBFL;SBPA;427,00;1
2002;11;TAM;SBSP;SBBR;442,96;2807
2002;11;TAM;SBGO;SBSP;934,04;1
2002;11;TAM;SBGR;SBBR;615,00;4
2002;11;TAM;SBGR;SBFL;555,02;45
2002;11;TAM;SBBE;SBMQ;392,00;14
2002;11;TAM;SBBH;SBBR;788,97;270
2002;11;TAM;SBSP;SBGO;396,04;19
2002;11;TAM;SBSV;SBGR;635,97;38
2002;11;TAM;SBBH;SBCT;567,98;94
2002;11;TAM;SBCF;SBGR;457,91;12
2002;11;TAM;SBFL;SBPA;202,99;507
2002;11;TAM;SBCT;SBGL;523,02;26
2002;11;TAM;SBCT;SBPA;316,98;1862
2002;11;TAM;SBRJ;SBVT;174,01;1573
2002;11;TAM;SBRJ;SBBH;382,02;26
2002;11;TAM;SBGR;SBCF;490,00;6
2002;11;TAM;SBFL;SBBR;989,21;141
2002;11;TAM;SBGL;SBSP;370,99;6
2002;11;TAM;SBSP;SBKP;163,00;1
2002;11;TAM;SBGL;SBPA;850,95;1
2002;11;TAM;SBKP;SBCT;371,00;2
2002;11;TAM;SBSV;SBGL;737,99;23
2002;11;TAM;SBGO;SBBR;256,00;48
2002;11;TAM;SBGL;SBRF;1161,06;170
2002;11;TAM;SBGR;SBFL;488,99;5
2002;11;TAM;SBCT;SBPA;268,98;607
2002;11;TAM;SBGO;SBSP;680,04;15
2002;11;TAM;SBSP;SBRP;569,01;10
2002;11;TAM;SBGR;SBSV;808,93;56
2002;11;TAM;SBCF;SBGR;329,64;6
2002;11;TAM;SBCT;SBKP;270,99;57
2002;11;TAM;SBSV;SBGL;1161,02;11
2002;11;TAM;SBCT;SBSP;374,99;736
2002;11;TAM;SBBE;SBBR;653,02;770
2002;11;TAM;SBSP;SBPS;704,01;16
2002;11;TAM;SBGL;SBCT;373,97;56
2002;11;TAM;SBPA;SBCT;381,01;176
2002;11;TAM;SBPA;SBFL;372,98;9
2002;11;TAM;SBCT;SBBH;404,98;328
2002;11;TAM;SBSP;SBGO;554,03;68
2002;11;TAM;SBKP;SBBR;412,97;532
2002;11;TAM;SBCT;SBBR;801,00;66
2002;11;TAM;SBBR;SBCT;599,97;266
2002;11;TAM;SBSP;SBBH;538,02;39
2002;11;TAM;SBBR;SBCT;385,95;509
2002;11;TAM;SBSP;SBUL;874,98;38
2002;11;TAM;SBCT;SBPA;381,01;185
2002;11;TAM;SBGL;SBCT;673,01;73
2002;11;TAM;SBSV;SBBR;514,97;10
2002;11;TAM;SBKP;SBPA;631,99;9
2002;11;TAM;SBKP;SBPA;760,99;57
2002;11;TAM;SBGL;SBSV;784,97;61
2002;11;TAM;SBSV;SBRF;249,03;741
2002;11;TAM;SBCT;SBPA;441,99;72
2002;11;TAM;SBGR;SBBR;488,97;17
2002;11;TAM;SBBR;SBCT;1182,95;1
2002;11;TAM;SBFL;SBBR;762,46;81
2002;11;TAM;SBGR;SBCT;445,99;110
2002;11;TAM;SBRJ;SBBH;263,01;51
2002;11;TAM;SBFL;SBBR;599,52;58
2002;11;TAM;SBCT;SBKP;421,98;2
2002;11;TAM;SBCF;SBGR;353,70;3
2002;11;TAM;SBSP;SBPS;754,99;13
2002;11;TAM;SBPA;SBFL;397,99;1
2002;11;TAM;SBBR;SBFL;871,31;70
2002;11;TAM;SBRJ;SBVT;420,01;15
2002;11;TAM;SBVT;SBRJ;391,00;4
2002;11;TAM;SBBR;SBFZ;630,00;466
2002;11;TAM;SBCT;SBPA;574,00;140
2002;11;TAM;SBGL;SBRF;894,07;30
2002;11;TAM;SBFL;SBSP;246,98;1979
2002;11;TAM;SBBR;SBRJ;769,96;385
2002;11;TAM;SBBR;SBFL;1286,08;4
2002;11;TAM;SBRF;SBGL;797,08;4
2002;11;TAM;SBSP;SBGL;370,99;5
2002;11;TAM;SBPA;SBSP;504,04;1466
2002;11;TAM;SBGR;SBCT;258,01;864
2002;11;TAM;SBPA;SBCT;268,98;746
2002;11;TAM;SBSP;SBPS;661,00;42
2002;11;TAM;SBPA;SBCT;348,01;152
2002;11;TAM;SBPS;SBSP;810,02;6
2002;11;TAM;SBSP;SBKP;217,00;2
2002;11;TAM;SBGR;SBCF;318,63;243
2002;11;TAM;SBKP;SBBR;457,97;366
2002;11;TAM;SBSP;SBBH;329,01;2992
2002;11;TAM;SBFL;SBCT;722,99;20
2002;11;TAM;SBRP;SBSP;386,01;2
2002;11;TAM;SBSP;SBPA;439,01;7340
2002;11;TAM;SBGR;SBSV;1050,96;393
2002;11;TAM;SBBH;SBBR;483,97;245
2002;11;TAM;SBVT;SBRJ;240,02;49
2002;11;TAM;SBFL;SBBR;1286,08;6
2002;11;TAM;SBGR;SBSV;694,01;70
2002;11;TAM;SBBR;SBFL;545,55;417
2002;11;TAM;SBBH;SBSP;622,99;70
2002;11;TAM;SBPA;SBSP;658,97;216
2002;11;TAM;SBPA;SBFL;202,99;573
2002;11;TAM;SBKP;SBCT;391,99;3
2002;11;TAM;SBBR;SBSV;415,98;792
2002;11;TAM;SBSV;SBRF;1400,00;5
2002;11;TAM;SBBR;SBKP;641,03;45
2002;11;TAM;SBCT;SBBH;738,01;163
2002;11;TAM;SBSV;SBGL;843,99;55
2002;11;TAM;SBSP;SBVT;655,00;10
2002;11;TAM;SBGR;SBCF;457,91;30
2002;11;TAM;SBGL;SBSV;843,99;86
2002;11;TAM;SBRF;SBSV;1696,98;39
2002;11;TAM;SBGR;SBKP;187,00;3
2002;11;TAM;SBGL;SBCT;409,99;17
2002;11;TAM;SBSP;SBRP;363,00;35
2002;11;TAM;SBGR;SBPA;438,99;407
2002;11;TAM;SBSP;SBCT;293,99;1663
2002;11;TAM;SBBH;SBSP;538,02;38
2002;11;TAM;SBSP;SBVT;568,97;17
2002;11;TAM;SBGR;SBCT;354,01;102
2002;11;TAM;SBSV;SBGR;872,05;246
2002;11;TAM;SBBH;SBRJ;263,01;24
2002;11;TAM;SBRF;SBGL;701,95;16
2002;11;TAM;SBPS;SBSP;754,99;14
2002;11;TAM;SBRF;SBSV;1494,03;59
2002;11;TAM;SBFZ;SBRF;602,99;4
2002;11;TAM;SBFL;SBCT;589,00;48
2002;11;TAM;SBRF;SBFZ;234,00;736
2002;11;TAM;SBGO;SBSP;632,04;23
2002;11;TAM;SBKP;SBCT;296,98;3
2002;11;TAM;SBBR;SBBH;345,02;1527
2002;11;TAM;SBKP;SBBR;685,96;42
2002;11;TAM;SBVT;SBSP;387,00;217
2002;11;TAM;SBFL;SBSP;366,98;219
2002;11;TAM;SBSP;SBVT;609,03;6
2002;11;TAM;SBSV;SBBR;848,96;211
2002;11;TAM;SBBR;SBFL;762,46;104
2002;11;TAM;SBFZ;SBRF;526,99;10
2002;11;TAM;SBFZ;SBRF;561,98;24
2002;11;TAM;SBCF;SBGR;490,00;1
2002;11;TAM;SBSP;SBBR;697,96;697
2002;11;TAM;SBSP;SBGO;475,03;266
2002;11;TAM;SBKP;SBBR;641,03;46
2002;11;TAM;SBSP;SBBR;839,04;532
2002;11;TAM;SBBR;SBKP;730,97;19
2002;11;TAM;SBPA;SBGL;694,01;6
2002;11;TAM;SBFL;SBSP;337,01;97
2002;11;TAM;SBRJ;SBBR;594,01;93
2002;11;TAM;SBGR;SBKP;197,00;2
2002;11;TAM;SBBR;SBSP;569,98;996
2002;11;TAM;SBSP;SBGL;398,99;6
2002;11;TAM;SBBH;SBCT;700,97;16
2002;11;TAM;SBSP;SBRP;386,01;10
2002;11;TAM;SBBR;SBBE;800,98;48
2002;11;TAM;SBSP;SBBH;771,02;7
2002;11;TAM;SBGL;SBCT;558,03;6
2002;11;TAM;SBCT;SBFL;630,99;7
2002;11;TAM;SBCT;SBPA;505,00;9
2002;11;TAM;SBSP;SBBR;466,97;756
2002;11;TAM;SBRJ;SBBH;411,99;20
2002;11;TAM;SBRJ;SBBH;454,01;206
2002;11;TAM;SBFL;SBCT;244,01;577
2002;11;TAM;SBGL;SBRF;670,92;538
2002;11;TAM;SBBR;SBFL;654,53;238
2002;11;TAM;SBPA;SBGR;579,03;49
2002;11;TAM;SBGL;SBSP;348,01;9
2002;11;TAM;SBVT;SBRJ;420,01;2
2002;11;TAM;SBGL;SBBR;680,75;4
2002;11;VRG;SBFL;SBRJ;451,00;28
2002;11;VRG;SBBE;SBMQ;252,00;529
2002;11;VRG;SBBR;SBGL;551,00;163
2002;11;VRG;SBBR;SBGO;330,00;2
2002;11;VRG;SBBE;SBBR;630,00;298
2002;11;VRG;SBCF;SBGR;556,00;256
2002;11;VRG;SBPA;SBCT;470,00;297
2002;11;VRG;SBBR;SBPA;799,00;53
2002;11;VRG;SBBR;SBRJ;393,00;1602
2002;11;VRG;SBEG;SBGR;1338,00;54
2002;11;VRG;SBGL;SBSV;634,00;278
2002;11;VRG;SBBR;SBBE;716,00;18
2002;11;VRG;SBBR;SBKP;485,00;33
2002;11;VRG;SBCT;SBKP;365,00;86
2002;11;VRG;SBPA;SBRJ;377,00;19
2002;11;VRG;SBBR;SBRJ;551,00;357
2002;11;VRG;SBKP;SBBR;694,00;1
2002;11;VRG;SBBR;SBBE;472,00;309
2002;11;VRG;SBFL;SBGL;451,00;11
2002;11;VRG;SBBR;SBFZ;961,00;20
2002;11;VRG;SBGL;SBBR;393,00;440
2002;11;VRG;SBBR;SBSV;608,00;105
2002;11;VRG;SBPA;SBGL;838,00;856
2002;11;VRG;SBGR;SBFL;340,00;173
2002;11;VRG;SBRJ;SBKP;538,00;48
2002;11;VRG;SBFL;SBSP;231,00;115
2002;11;VRG;SBGL;SBFL;309,00;193
2002;11;VRG;SBPA;SBGL;737,00;338
2002;11;VRG;SBRF;SBSV;584,00;272
2002;11;VRG;SBBR;SBKP;646,00;91
2002;11;VRG;SBSP;SBCT;415,00;1787
2002;11;VRG;SBBE;SBMQ;382,00;96
2002;11;VRG;SBRF;SBFZ;268,00;33
2002;11;VRG;SBFL;SBSP;487,00;8
2002;11;VRG;SBGL;SBPA;645,00;158
2002;11;VRG;SBRF;SBGL;942,00;371
2002;11;VRG;SBSP;SBCT;392,00;76
2002;11;VRG;SBBR;SBSP;647,00;90
2002;11;VRG;SBRJ;SBBR;393,00;1471
2002;11;VRG;SBRJ;SBBH;507,00;10
2002;11;VRG;SBCT;SBSP;274,00;370
2002;11;VRG;SBPA;SBRJ;436,00;20
2002;11;VRG;SBFL;SBSP;232,00;60
2002;11;VRG;SBGO;SBBR;260,00;10
2002;11;VRG;SBCT;SBRJ;549,00;110
2002;11;VRG;SBCT;SBKP;320,00;57
2002;11;VRG;SBPA;SBRJ;553,00;45
2002;11;VRG;SBGL;SBFL;451,00;61
2002;11;VRG;SBGR;SBGL;469,00;1542
2002;11;VRG;SBGR;SBFL;250,00;501
2002;11;VRG;SBGR;SBSV;977,00;1086
2002;11;VRG;SBPA;SBBR;1038,00;284
2002;11;VRG;SBGR;SBPA;900,00;12
2002;11;VRG;SBBR;SBBH;536,00;39
2002;11;VRG;SBGL;SBCT;411,00;94
2002;11;VRG;SBBE;SBMQ;210,00;29
2002;11;VRG;SBBR;SBSP;309,00;135
2002;11;VRG;SBBH;SBSP;398,00;676
2002;11;VRG;SBRJ;SBFL;685,00;62
2002;11;VRG;SBCT;SBSP;187,00;117
2002;11;VRG;SBGR;SBEG;1090,00;373
2002;11;VRG;SBGL;SBFL;359,00;207
2002;11;VRG;SBSP;SBFL;397,00;129
2002;11;VRG;SBSP;SBPA;534,00;552
2002;11;VRG;SBGL;SBRF;482,00;313
2002;11;VRG;SBRJ;SBBR;859,00;359
2002;11;VRG;SBSV;SBGL;634,00;435
2002;11;VRG;SBSV;SBBR;746,00;87
2002;11;VRG;SBGL;SBGR;369,00;46
2002;11;VRG;SBPA;SBCT;294,00;1173
2002;11;VRG;SBGR;SBPA;457,00;459
2002;11;VRG;SBBR;SBPA;464,00;280
2002;11;VRG;SBGL;SBGR;345,00;255
2002;11;VRG;SBBH;SBSP;455,00;560
2002;11;VRG;SBBR;SBBE;340,00;275
2002;11;VRG;SBBR;SBPA;626,00;55
2002;11;VRG;SBBR;SBGR;309,00;51
2002;11;VRG;SBSP;SBBH;233,00;310
2002;11;VRG;SBCT;SBGL;296,00;270
2002;11;VRG;SBGL;SBPA;838,00;954
2002;11;VRG;SBBR;SBRJ;859,00;347
2002;11;VRG;SBSV;SBGL;371,00;302
2002;11;VRG;SBBR;SBGR;528,00;181
2002;11;VRG;SBPA;SBSP;693,00;1046
2002;11;VRG;SBGR;SBFL;454,00;222
2002;11;VRG;SBSP;SBBR;390,00;5002
2002;11;VRG;SBGR;SBGL;176,00;911
2002;11;VRG;SBBR;SBRJ;630,00;333
2002;11;VRG;SBBR;SBFZ;783,00;205
2002;11;VRG;SBGO;SBBR;275,00;41
2002;11;VRG;SBBH;SBSP;233,00;297
2002;11;VRG;SBGR;SBBR;528,00;131
2002;11;VRG;SBGR;SBFL;515,00;244
2002;11;VRG;SBGL;SBCT;747,00;42
2002;11;VRG;SBBR;SBSV;789,00;353
2002;11;VRG;SBKP;SBBR;646,00;8
2002;11;VRG;SBFL;SBSP;340,00;48
2002;11;VRG;SBSP;SBPA;312,00;306
2002;11;VRG;SBSP;SBCT;499,00;18
2002;11;VRG;SBGR;SBPA;609,00;420
2002;11;VRG;SBSV;SBGL;823,00;615
2002;11;VRG;SBSP;SBRJ;287,00;60887
2002;11;VRG;SBGR;SBGL;369,00;52
2002;11;VRG;SBRF;SBGL;825,00;309
2002;11;VRG;SBSP;SBBH;455,00;580
2002;11;VRG;SBGR;SBCF;367,00;156
2002;11;VRG;SBGL;SBSV;543,00;274
2002;11;VRG;SBBE;SBMQ;458,00;3
2002;11;VRG;SBPA;SBRJ;838,00;25
2002;11;VRG;SBCT;SBKP;415,00;220
2002;11;VRG;SBBR;SBRJ;472,00;370
2002;11;VRG;SBRJ;SBPA;737,00;14
2002;11;VRG;SBCF;SBGR;336,00;661
2002;11;VRG;SBPA;SBGL;377,00;566
2002;11;VRG;SBFL;SBGL;647,00;3
2002;11;VRG;SBPA;SBBR;626,00;100
2002;11;VRG;SBRF;SBFZ;393,00;38
2002;11;VRG;SBSP;SBFL;515,00;409
2002;11;VRG;SBGL;SBCT;549,00;187
2002;11;VRG;SBBR;SBBH;323,00;2910
2002;11;VRG;SBPA;SBCT;534,00;242
2002;11;VRG;SBBR;SBBH;681,00;29
2002;11;VRG;SBPA;SBGR;399,00;4916
2002;11;VRG;SBSP;SBPA;693,00;1074
2002;11;VRG;SBGO;SBBR;243,00;253
2002;11;VRG;SBRJ;SBKP;396,00;134
2002;11;VRG;SBGR;SBEG;1699,00;414
2002;11;VRG;SBBR;SBGO;243,00;198
2002;11;VRG;SBKP;SBRJ;346,00;53
2002;11;VRG;SBSP;SBBH;517,00;4034
2002;11;VRG;SBPA;SBBR;799,00;200
2002;11;VRG;SBRJ;SBBH;371,00;380
2002;11;VRG;SBBR;SBGL;630,00;377
2002;11;VRG;SBSP;SBPA;419,00;2422
2002;11;VRG;SBRJ;SBBH;190,00;67
2002;11;VRG;SBRF;SBSV;263,00;77
2002;11;VRG;SBFZ;SBRF;595,00;303
2002;11;VRG;SBSP;SBBH;488,00;43
2002;11;VRG;SBSP;SBCT;240,00;5371
2002;11;VRG;SBFL;SBSP;515,00;183
2002;11;VRG;SBSV;SBBR;789,00;248
2002;11;VRG;SBSP;SBFL;340,00;213
2002;11;VRG;SBRJ;SBBH;422,00;3042
2002;11;VRG;SBSP;SBPA;654,00;70
2002;11;VRG;SBCT;SBRJ;377,00;377
2002;11;VRG;SBEG;SBGR;637,00;238
2002;11;VRG;SBGL;SBRF;1071,00;301
2002;11;VRG;SBRJ;SBCT;588,00;23
2002;11;VRG;SBBH;SBSP;296,00;6215
2002;11;VRG;SBGL;SBCT;479,00;111
2002;11;VRG;SBRF;SBGL;624,00;1426
2002;11;VRG;SBBR;SBKP;381,00;136
2002;11;VRG;SBFL;SBGR;340,00;220
2002;11;VRG;SBBH;SBSP;488,00;70
2002;11;VRG;SBRJ;SBFL;527,00;9
2002;11;VRG;SBPA;SBRJ;737,00;14
2002;11;VRG;SBKP;SBBR;485,00;11
2002;11;VRG;SBRJ;SBKP;346,00;101
2002;11;VRG;SBBR;SBFZ;586,00;1049
2002;11;VRG;SBSV;SBBR;947,00;149
2002;11;VRG;SBPA;SBGL;553,00;266
2002;11;VRG;SBGL;SBGR;301,00;327
2002;11;VRG;SBPA;SBBR;686,00;55
2002;11;VRG;SBSP;SBBR;603,00;1404
2002;11;VRG;SBBR;SBFL;871,00;6
2002;11;VRG;SBBR;SBKP;331,00;46
2002;11;VRG;SBKP;SBRJ;229,00;564
2002;11;VRG;SBGR;SBFL;231,00;372
2002;11;VRG;SBEG;SBGR;1090,00;307
2002;11;VRG;SBGL;SBRF;624,00;1510
2002;11;VRG;SBRJ;SBPA;436,00;17
2002;11;VRG;SBBH;SBBR;499,00;600
2002;11;VRG;SBGL;SBPA;507,00;697
2002;11;VRG;SBRJ;SBKP;449,00;486
2002;11;VRG;SBGR;SBGL;215,00;211
2002;11;VRG;SBFZ;SBBR;895,00;293
2002;11;VRG;SBBR;SBPA;914,00;99
2002;11;VRG;SBPA;SBSP;312,00;212
2002;11;VRG;SBFZ;SBRF;218,00;232
2002;11;VRG;SBCT;SBFL;229,00;11
2002;11;VRG;SBPA;SBBR;985,00;32
2002;11;VRG;SBPA;SBRJ;645,00;9
2002;11;VRG;SBBR;SBSV;477,00;330
2002;11;VRG;SBRJ;SBCT;623,00;243
2002;11;VRG;SBKP;SBBR;381,00;28
2002;11;VRG;SBKP;SBRJ;296,00;112
2002;11;VRG;SBSV;SBGL;987,00;184
2002;11;VRG;SBSP;SBFL;454,00;99
2002;11;VRG;SBBH;SBRJ;422,00;2671
2002;11;VRG;SBBR;SBRJ;322,00;51
2002;11;VRG;SBBR;SBFZ;1219,00;86
2002;11;VRG;SBGR;SBCF;233,00;156
2002;11;VRG;SBGL;SBBR;716,00;470
2002;11;VRG;SBSP;SBCT;365,00;750
2002;11;VRG;SBGL;SBCT;296,00;264
2002;11;VRG;SBBR;SBPA;1038,00;123
2002;11;VRG;SBGR;SBFL;397,00;232
2002;11;VRG;SBBH;SBSP;517,00;3742
2002;11;VRG;SBCF;SBGR;428,00;272
2002;11;VRG;SBFL;SBGL;359,00;71
2002;11;VRG;SBBH;SBBR;437,00;505
2002;11;VRG;SBPA;SBRJ;791,00;5
2002;11;VRG;SBGL;SBBR;630,00;60
2002;11;VRG;SBBH;SBBR;323,00;2841
2002;11;VRG;SBFZ;SBRF;458,00;164
2002;11;VRG;SBRF;SBGL;1286,00;318
2002;11;VRG;SBBR;SBPA;686,00;8
2002;11;VRG;SBEG;SBGR;934,00;375
2002;11;VRG;SBSP;SBBR;823,00;189
2002;11;VRG;SBMQ;SBBE;294,00;21
2002;11;VRG;SBBR;SBBE;859,00;181
2002;11;VRG;SBGL;SBPA;377,00;595
2002;11;VRG;SBGL;SBCT;623,00;171
2002;11;VRG;SBPA;SBGL;507,00;708
2002;11;VRG;SBRJ;SBBR;676,00;92
2002;11;VRG;SBBR;SBBH;567,00;690
2002;11;VRG;SBEG;SBGR;1246,00;450
2002;11;VRG;SBBR;SBSV;947,00;183
2002;11;VRG;SBGL;SBFL;527,00;88
2002;11;VRG;SBSV;SBRF;514,00;199
2002;11;VRG;SBGR;SBPA;312,00;455
2002;11;VRG;SBRF;SBGL;482,00;272
2002;11;VRG;SBGR;SBSV;558,00;2694
2002;11;VRG;SBBR;SBFL;922,00;102
2002;11;VRG;SBGL;SBFL;602,00;52
2002;11;VRG;SBSV;SBBR;694,00;423
2002;11;VRG;SBSV;SBRF;232,00;296
2002;11;VRG;SBGO;SBBR;124,00;45
2002;11;VRG;SBPA;SBGR;534,00;524
2002;11;VRG;SBRJ;SBBR;472,00;794
2002;11;VRG;SBBR;SBBE;551,00;106
2002;11;VRG;SBCT;SBKP;239,00;1107
2002;11;VRG;SBFZ;SBRF;523,00;361
2002;11;VRG;SBRJ;SBBR;716,00;2268
2002;11;VRG;SBGL;SBSV;724,00;442
2002;11;VRG;SBFL;SBGR;515,00;243
2002;11;VRG;SBGR;SBCF;525,00;50
2002;11;VRG;SBRJ;SBFL;602,00;10
2002;11;VRG;SBSP;SBBH;296,00;6992
2002;11;VRG;SBBR;SBPA;467,00;31
2002;11;VRG;SBMQ;SBBE;458,00;3
2002;11;VRG;SBBE;SBBR;859,00;238
2002;11;VRG;SBSV;SBRF;584,00;163
2002;11;VRG;SBBR;SBFL;1107,00;12
2002;11;VRG;SBGR;SBPA;831,00;528
2002;11;VRG;SBGR;SBGL;391,00;6556
2002;11;VRG;SBFZ;SBBR;961,00;45
2002;11;VRG;SBGL;SBFL;685,00;125
2002;11;VRG;SBRJ;SBFL;359,00;54
2002;11;VRG;SBRJ;SBKP;425,00;13
2002;11;VRG;SBCT;SBGL;623,00;267
2002;11;VRG;SBSV;SBRF;263,00;43
2002;11;VRG;SBPA;SBGR;654,00;125
2002;11;VRG;SBPA;SBFL;189,00;530
2002;11;VRG;SBBR;SBSP;823,00;45
2002;11;VRG;SBEG;SBGR;1416,00;421
2002;11;VRG;SBGR;SBBR;686,00;394
2002;11;VRG;SBKP;SBRJ;202,00;36
2002;11;VRG;SBFL;SBRJ;602,00;8
2002;11;VRG;SBGR;SBPA;654,00;126
2002;11;VRG;SBBR;SBBE;931,00;100
2002;11;VRG;SBRF;SBGL;1012,00;84
2002;11;VRG;SBGR;SBEG;1416,00;432
2002;11;VRG;SBMQ;SBBE;382,00;121
2002;11;VRG;SBGL;SBRF;1012,00;48
2002;11;VRG;SBFL;SBBR;710,00;41
2002;11;VRG;SBBR;SBPA;1246,00;32
2002;11;VRG;SBGR;SBCF;668,00;222
2002;11;VRG;SBFZ;SBBR;457,00;129
2002;11;VRG;SBBH;SBSP;341,00;823
2002;11;VRG;SBGL;SBSV;987,00;131
2002;11;VRG;SBBR;SBSP;453,00;1234
2002;11;VRG;SBRJ;SBCT;747,00;17
2002;11;VRG;SBRF;SBFZ;218,00;318
2002;11;VRG;SBFL;SBGL;309,00;73
2002;11;VRG;SBFL;SBBR;812,00;40
2002;11;VRG;SBPA;SBSP;534,00;281
2002;11;VRG;SBEG;SBGR;1840,00;58
2002;11;VRG;SBSV;SBGR;752,00;506
2002;11;VRG;SBSP;SBFL;231,00;253
2002;11;VRG;SBCT;SBGL;549,00;438
2002;11;VRG;SBBR;SBGR;647,00;41
2002;11;VRG;SBGO;SBBR;330,00;8
2002;11;VRG;SBCF;SBGR;489,00;186
2002;11;VRG;SBGR;SBCF;428,00;251
2002;11;VRG;SBBE;SBBR;340,00;405
2002;11;VRG;SBCT;SBGL;588,00;4
2002;11;VRG;SBGR;SBBR;453,00;117
2002;11;VRG;SBGR;SBGL;508,00;70
2002;11;VRG;SBRF;SBSV;449,00;65
2002;11;VRG;SBMQ;SBBE;361,00;5
2002;11;VRG;SBBR;SBSP;390,00;4442
2002;11;VRG;SBGR;SBBR;390,00;501
2002;11;VRG;SBCF;SBGR;525,00;33
2002;11;VRG;SBGR;SBPA;399,00;2774
2002;11;VRG;SBBR;SBPA;985,00;25
2002;11;VRG;SBCT;SBKP;187,00;2
2002;11;VRG;SBBR;SBBH;375,00;71
2002;11;VRG;SBFL;SBSP;397,00;39
2002;11;VRG;SBBR;SBSP;528,00;303
2002;11;VRG;SBPA;SBFL;278,00;75
2002;11;VRG;SBCT;SBSP;415,00;524
2002;11;VRG;SBGR;SBGL;301,00;374
2002;11;VRG;SBFL;SBBR;415,00;31
2002;11;VRG;SBCT;SBGL;411,00;121
2002;11;VRG;SBBR;SBGR;823,00;325
2002;11;VRG;SBSP;SBPA;609,00;396
2002;11;VRG;SBGR;SBEG;1840,00;35
2002;11;VRG;SBFL;SBGR;397,00;335
2002;11;VRG;SBCT;SBFL;328,00;1
2002;11;VRG;SBGR;SBBR;823,00;260
2002;11;VRG;SBBR;SBFL;609,00;51
2002;11;VRG;SBSV;SBGR;558,00;2776
2002;11;VRG;SBPA;SBCT;640,00;14
2002;11;VRG;SBFL;SBGR;250,00;599
2002;11;VRG;SBBR;SBFZ;457,00;150
2002;11;VRG;SBPA;SBBR;914,00;221
2002;11;VRG;SBFL;SBCT;347,00;16
2002;11;VRG;SBBE;SBBR;472,00;352
2002;11;VRG;SBGL;SBBR;859,00;281
2002;11;VRG;SBGR;SBFL;487,00;65
2002;11;VRG;SBGL;SBBR;472,00;93
2002;11;VRG;SBFL;SBGR;231,00;356
2002;11;VRG;SBFL;SBGR;454,00;211
2002;11;VRG;SBBH;SBBR;255,00;97
2002;11;VRG;SBFZ;SBBR;1219,00;101
2002;11;VRG;SBRJ;SBPA;838,00;44
2002;11;VRG;SBSP;SBFL;618,00;35
2002;11;VRG;SBBR;SBRJ;676,00;44
2002;11;VRG;SBPA;SBFL;422,00;224
2002;11;VRG;SBBR;SBKP;734,00;94
2002;11;VRG;SBBR;SBGO;275,00;49
2002;11;VRG;SBRJ;SBBH;278,00;187
2002;11;VRG;SBSV;SBGL;385,00;483
2002;11;VRG;SBRJ;SBFL;309,00;28
2002;11;VRG;SBFL;SBCT;305,00;154
2002;11;VRG;SBGL;SBSV;385,00;631
2002;11;VRG;SBRJ;SBBR;630,00;483
2002;11;VRG;SBFL;SBSP;618,00;30
2002;11;VRG;SBFL;SBBR;486,00;89
2002;11;VRG;SBFL;SBBR;1107,00;2
2002;11;VRG;SBRJ;SBBR;551,00;555
2002;11;VRG;SBFZ;SBBR;586,00;1141
2002;11;VRG;SBCF;SBGR;668,00;232
2002;11;VRG;SBGR;SBEG;1246,00;524
2002;11;VRG;SBPA;SBGL;1005,00;404
2002;11;VRG;SBCT;SBFL;156,00;38
2002;11;VRG;SBCT;SBRJ;747,00;48
2002;11;VRG;SBCF;SBGR;233,00;125
2002;11;VRG;SBPA;SBFL;190,00;102
2002;11;VRG;SBFZ;SBBR;783,00;188
2002;11;VRG;SBSV;SBGR;924,00;211
2002;11;VRG;SBPA;SBGL;791,00;71
2002;11;VRG;SBBH;SBRJ;190,00;40
2002;11;VRG;SBSP;SBBR;647,00;255
2002;11;VRG;SBFL;SBGR;618,00;124
2002;11;VRG;SBSP;SBBH;341,00;857
2002;11;VRG;SBCT;SBRJ;411,00;97
2002;11;VRG;SBPA;SBSP;419,00;2248
2002;11;VRG;SBGL;SBGR;215,00;131
2002;11;VRG;SBBR;SBFL;415,00;8
2002;11;VRG;SBRJ;SBFL;451,00;31
2002;11;VRG;SBSV;SBGR;440,00;894
2002;11;VRG;SBSV;SBRF;701,00;53
2002;11;VRG;SBGR;SBFL;618,00;128
2002;11;VRG;SBGL;SBRF;707,00;229
2002;11;VRG;SBBR;SBBH;255,00;42
2002;11;VRG;SBSV;SBGR;860,00;1117
2002;11;VRG;SBRJ;SBBH;325,00;139
2002;11;VRG;SBSV;SBGL;543,00;217
2002;11;VRG;SBBR;SBBH;437,00;376
2002;11;VRG;SBGL;SBGR;176,00;712
2002;11;VRG;SBBH;SBBR;567,00;845
2002;11;VRG;SBSP;SBCT;320,00;896
2002;11;VRG;SBRF;SBGL;1071,00;386
2002;11;VRG;SBRF;SBFZ;595,00;363
2002;11;VRG;SBRJ;SBCT;411,00;32
2002;11;VRG;SBBR;SBFL;812,00;47
2002;11;VRG;SBFL;SBBR;871,00;3
2002;11;VRG;SBBE;SBBR;551,00;162
2002;11;VRG;SBBR;SBGL;676,00;93
2002;11;VRG;SBCT;SBSP;240,00;2483
2002;11;VRG;SBPA;SBFL;507,00;14
2002;11;VRG;SBSV;SBRF;551,00;27
2002;11;VRG;SBRJ;SBCT;479,00;148
2002;11;VRG;SBSV;SBBR;355,00;65
2002;11;VRG;SBBR;SBGR;603,00;203
2002;11;VRG;SBGR;SBEG;739,00;619
2002;11;VRG;SBEG;SBGR;739,00;805
2002;11;VRG;SBGR;SBSV;924,00;205
2002;11;VRG;SBRJ;SBCT;377,00;367
2002;11;VRG;SBGL;SBGR;508,00;43
2002;11;VRG;SBPA;SBBR;464,00;1002
2002;11;VRG;SBEG;SBGR;1699,00;546
2002;11;VRG;SBCT;SBFL;347,00;26
2002;11;VRG;SBGL;SBGR;391,00;4437
2002;11;VRG;SBPA;SBGR;831,00;636
2002;11;VRG;SBSP;SBBR;309,00;196
2002;11;VRG;SBPA;SBCT;353,00;77
2002;11;VRG;SBCT;SBKP;274,00;27
2002;11;VRG;SBGR;SBCF;336,00;815
2002;11;VRG;SBRF;SBSV;701,00;82
2002;11;VRG;SBGL;SBBR;322,00;92
2002;11;VRG;SBBR;SBFZ;1016,00;194
2002;11;VRG;SBBR;SBBE;630,00;233
2002;11;VRG;SBBR;SBGL;716,00;798
2002;11;VRG;SBMQ;SBBE;252,00;325
2002;11;VRG;SBFL;SBRJ;309,00;75
2002;11;VRG;SBCT;SBKP;392,00;6
2002;11;VRG;SBKP;SBRJ;396,00;83
2002;11;VRG;SBBH;SBBR;536,00;93
2002;11;VRG;SBGL;SBPA;1005,00;349
2002;11;VRG;SBGL;SBSV;823,00;420
2002;11;VRG;SBBH;SBSP;621,00;3
2002;11;VRG;SBRF;SBFZ;523,00;350
2002;11;VRG;SBSP;SBFL;487,00;19
2002;11;VRG;SBRJ;SBBH;202,00;1343
2002;11;VRG;SBGL;SBBR;676,00;487
2002;11;VRG;SBBH;SBBR;375,00;150
2002;11;VRG;SBCT;SBRJ;281,00;21
2002;11;VRG;SBFL;SBGR;487,00;49
2002;11;VRG;SBGR;SBSV;752,00;715
2002;11;VRG;SBFL;SBRJ;685,00;69
2002;11;VRG;SBSP;SBCT;274,00;754
2002;11;VRG;SBSV;SBGL;777,00;81
2002;11;VRG;SBGL;SBBR;931,00;16
2002;11;VRG;SBPA;SBGR;693,00;1328
2002;11;VRG;SBBR;SBGL;931,00;12
2002;11;VRG;SBFL;SBBR;609,00;27
2002;11;VRG;SBPA;SBFL;325,00;146
2002;11;VRG;SBRF;SBFZ;715,00;21
2002;11;VRG;SBFZ;SBRF;393,00;67
2002;11;VRG;SBCT;SBSP;320,00;373
2002;11;VRG;SBKP;SBRJ;538,00;4
2002;11;VRG;SBPA;SBBR;467,00;49
2002;11;VRG;SBRF;SBFZ;458,00;150
2002;11;VRG;SBCT;SBKP;499,00;10
2002;11;VRG;SBRF;SBSV;385,00;91
2002;11;VRG;SBPA;SBGR;457,00;737
2002;11;VRG;SBBH;SBRJ;399,00;17
2002;11;VRG;SBCT;SBRJ;479,00;124
2002;11;VRG;SBCT;SBFL;267,00;356
2002;11;VRG;SBGL;SBRF;942,00;400
2002;11;VRG;SBFL;SBGL;602,00;58
2002;11;VRG;SBBR;SBFZ;671,00;49
2002;11;VRG;SBRF;SBSV;514,00;427
2002;11;VRG;SBRJ;SBFL;647,00;4
2002;11;VRG;SBPA;SBSP;831,00;15
2002;11;VRG;SBCT;SBRJ;623,00;268
2002;11;VRG;SBCT;SBGL;479,00;132
2002;11;VRG;SBPA;SBGR;900,00;22
2002;11;VRG;SBGR;SBBR;603,00;204
2002;11;VRG;SBGL;SBBR;551,00;146
2002;11;VRG;SBGR;SBCF;489,00;190
2002;11;VRG;SBBR;SBGR;390,00;366
2002;11;VRG;SBGR;SBPA;693,00;1304
2002;11;VRG;SBBR;SBRJ;716,00;2110
2002;11;VRG;SBMQ;SBBE;336,00;178
2002;11;VRG;SBPA;SBCT;241,00;99
2002;11;VRG;SBPA;SBFL;399,00;23
2002;11;VRG;SBSV;SBRF;449,00;88
2002;11;VRG;SBRJ;SBPA;377,00;28
2002;11;VRG;SBFL;SBCT;267,00;48
2002;11;VRG;SBRJ;SBPA;645,00;13
2002;11;VRG;SBGL;SBSV;777,00;144
2002;11;VRG;SBCT;SBGL;747,00;133
2002;11;VRG;SBGR;SBSV;1172,00;747
2002;11;VRG;SBGL;SBPA;553,00;219
2002;11;VRG;SBBE;SBBR;716,00;31
2002;11;VRG;SBCF;SBGR;367,00;147
2002;11;VRG;SBSV;SBBR;521,00;86
2002;11;VRG;SBFZ;SBBR;671,00;58
2002;11;VRG;SBBR;SBSV;694,00;375
2002;11;VRG;SBFL;SBRJ;647,00;15
2002;11;VRG;SBPA;SBGR;609,00;445
2002;11;VRG;SBBR;SBFL;486,00;70
2002;11;VRG;SBBR;SBSV;355,00;91
2002;11;VRG;SBPA;SBSP;609,00;415
2002;11;VRG;SBSV;SBGR;645,00;521
2002;11;VRG;SBBR;SBGO;260,00;3
2002;11;VRG;SBBE;SBMQ;336,00;178
2002;11;VRG;SBBH;SBRJ;507,00;9
2002;11;VRG;SBSP;SBBR;686,00;3117
2002;11;VRG;SBSV;SBBR;477,00;372
2002;11;VRG;SBBR;SBSV;521,00;76
2002;11;VRG;SBFZ;SBBR;1016,00;261
2002;11;VRG;SBGR;SBBR;647,00;39
2002;11;VRG;SBPA;SBSP;654,00;99
2002;11;VRG;SBSP;SBCT;187,00;268
2002;11;VRG;SBFL;SBGL;527,00;14
2002;11;VRG;SBGL;SBGR;469,00;1691
2002;11;VRG;SBGR;SBEG;934,00;225
2002;11;VRG;SBGL;SBRF;1286,00;308
2002;11;VRG;SBBR;SBGO;124,00;32
2002;11;VRG;SBGL;SBCT;588,00;11
2002;11;VRG;SBPA;SBGR;312,00;636
2002;11;VRG;SBKP;SBBR;565,00;5
2002;11;VRG;SBGR;SBPA;534,00;483
2002;11;VRG;SBGR;SBBR;309,00;19
2002;11;VRG;SBCT;SBGL;281,00;86
2002;11;VRG;SBBR;SBBE;436,00;22
2002;11;VRG;SBGR;SBSV;440,00;998
2002;11;VRG;SBPA;SBCT;505,00;32
2002;11;VRG;SBSV;SBGL;724,00;477
2002;11;VRG;SBGR;SBEG;637,00;207
2002;11;VRG;SBGL;SBSV;371,00;251
2002;11;VRG;SBRJ;SBCT;281,00;51
2002;11;VRG;SBRJ;SBPA;553,00;4
2002;11;VRG;SBBR;SBKP;565,00;60
2002;11;VRG;SBPA;SBCT;411,00;204
2002;11;VRG;SBRJ;SBBR;322,00;32
2002;11;VRG;SBBR;SBSV;746,00;64
2002;11;VRG;SBFZ;SBRF;563,00;47
2002;11;VRG;SBCT;SBSP;365,00;361
2002;11;VRG;SBGR;SBCF;556,00;414
2002;11;VRG;SBBE;SBBR;436,00;18
2002;11;VRG;SBBH;SBRJ;325,00;122
2002;11;VRG;SBBR;SBGL;859,00;370
2002;11;VRG;SBRJ;SBBH;399,00;53
2002;11;VRG;SBBE;SBMQ;361,00;5
2002;11;VRG;SBKP;SBBR;734,00;20
2002;11;VRG;SBKP;SBRJ;449,00;250
2002;11;VRG;SBRJ;SBPA;791,00;3
2002;11;VRG;SBPA;SBBR;1246,00;167
2002;11;VRG;SBBR;SBGL;322,00;42
2002;11;VRG;SBGL;SBFL;821,00;45
2002;11;VRG;SBRJ;SBSP;287,00;63399
2002;11;VRG;SBBH;SBRJ;278,00;121
2002;11;VRG;SBSV;SBBR;608,00;80
2002;11;VRG;SBBR;SBGR;686,00;461
2002;11;VRG;SBSV;SBGR;1172,00;799
2002;11;VRG;SBBR;SBSP;686,00;2168
2002;11;VRG;SBFL;SBCT;156,00;39
2002;11;VRG;SBRF;SBSV;232,00;384
2002;11;VRG;SBPA;SBFL;371,00;81
2002;11;VRG;SBBR;SBFL;710,00;52
2002;11;VRG;SBBR;SBGL;393,00;388
2002;11;VRG;SBBR;SBGR;453,00;126
2002;11;VRG;SBGL;SBPA;737,00;335
2002;11;VRG;SBGR;SBEG;1338,00;87
2002;11;VRG;SBGR;SBSV;645,00;573
2002;11;VRG;SBGL;SBCT;281,00;68
2002;11;VRG;SBFZ;SBRF;268,00;48
2002;11;VRG;SBBH;SBRJ;202,00;1225
2002;11;VRG;SBFZ;SBRF;715,00;14
2002;11;VRG;SBKP;SBBR;331,00;54
2002;11;VRG;SBRJ;SBCT;549,00;148
2002;11;VRG;SBFL;SBRJ;359,00;60
2002;11;VRG;SBSP;SBBH;398,00;509
2002;11;VRG;SBSP;SBBR;528,00;827
2002;11;VRG;SBCT;SBRJ;588,00;20
2002;11;VRG;SBFL;SBGL;685,00;43
2002;11;VRG;SBBR;SBKP;694,00;18
2002;11;VRG;SBSV;SBGR;977,00;1287
2002;11;VRG;SBPA;SBSP;457,00;1026
2002;11;VRG;SBBR;SBBH;499,00;483
2002;11;VRG;SBGL;SBRF;825,00;314
2002;11;VRG;SBCT;SBFL;305,00;100
2002;11;VRG;SBFL;SBRJ;527,00;27
2002;11;VRG;SBGR;SBSV;860,00;907
2002;11;VRG;SBRF;SBSV;551,00;42
2002;11;VRG;SBBR;SBSP;603,00;910
2002;11;VRG;SBBE;SBBR;931,00;131
2002;11;VRG;SBFL;SBCT;229,00;1
2002;11;VRG;SBPA;SBGL;645,00;213
2002;11;VRG;SBBE;SBMQ;294,00;21
2002;11;VRG;SBCT;SBSP;499,00;100
2002;11;VRG;SBRF;SBFZ;563,00;26
2002;11;VRG;SBGR;SBGL;345,00;302
2002;11;VRG;SBMQ;SBBE;210,00;12
2002;11;VRG;SBBR;SBKP;882,00;4
2002;11;VRG;SBSP;SBBR;453,00;950
2002;11;VRG;SBRJ;SBKP;229,00;1005
2002;11;VRG;SBBR;SBFZ;895,00;184
2002;11;VRG;SBBR;SBGL;472,00;94
2002;11;VRG;SBSV;SBRF;385,00;44
2002;11;VRG;SBSP;SBFL;232,00;208
2002;11;VRG;SBRJ;SBKP;296,00;85
2002;11;VRG;SBGL;SBPA;791,00;41
2002;11;VRG;SBCT;SBSP;392,00;36
2002;11;VRG;SBKP;SBRJ;425,00;12
2002;11;VRG;SBBH;SBRJ;371,00;352
2002;11;VRG;SBRF;SBGL;707,00;292
2002;11;VRG;SBSP;SBPA;457,00;883
2002;11;VRG;SBFL;SBSP;454,00;82
2002;11;VRG;SBFL;SBBR;922,00;41
2002;11;VRG;SBRJ;SBKP;202,00;3
2002;11;VSP;SBGL;SBBR;413,00;341
2002;11;VSP;SBGR;SBCF;269,00;63
2002;11;VSP;SBGL;SBCT;649,00;40
2002;11;VSP;SBBR;SBBE;566,00;1348
2002;11;VSP;SBKP;SBGL;360,00;1
2002;11;VSP;SBCT;SBSP;247,00;44
2002;11;VSP;SBGR;SBGL;292,00;139
2002;11;VSP;SBGL;SBBR;662,00;1
2002;11;VSP;SBSP;SBBR;530,00;47
2002;11;VSP;SBBR;SBPA;860,00;1
2002;11;VSP;SBKP;SBGL;468,00;31
2002;11;VSP;SBMQ;SBBE;412,00;48
2002;11;VSP;SBGL;SBSV;782,00;6
2002;11;VSP;SBBR;SBGO;216,00;15
2002;11;VSP;SBPA;SBGL;354,00;1114
2002;11;VSP;SBEG;SBGR;688,00;354
2002;11;VSP;SBGL;SBPA;649,00;1
2002;11;VSP;SBCT;SBSP;448,00;37
2002;11;VSP;SBPA;SBSP;411,00;31
2002;11;VSP;SBSP;SBCT;372,00;2
2002;11;VSP;SBGR;SBGL;319,00;1
2002;11;VSP;SBGR;SBPA;746,00;193
2002;11;VSP;SBCT;SBPA;315,00;9
2002;11;VSP;SBGL;SBBR;579,00;15
2002;11;VSP;SBBR;SBSV;682,00;55
2002;11;VSP;SBGR;SBCT;323,00;17
2002;11;VSP;SBBR;SBKP;497,00;1
2002;11;VSP;SBSV;SBGR;809,00;60
2002;11;VSP;SBGR;SBBR;567,00;13
2002;11;VSP;SBMQ;SBBE;317,00;6
2002;11;VSP;SBSV;SBRF;217,00;1299
2002;11;VSP;SBBR;SBCT;332,00;213
2002;11;VSP;SBGL;SBRF;829,00;3
2002;11;VSP;SBBR;SBGR;611,00;1
2002;11;VSP;SBKP;SBGL;213,00;156
2002;11;VSP;SBGR;SBEG;1098,00;3
2002;11;VSP;SBGL;SBGR;259,00;392
2002;11;VSP;SBRF;SBSV;289,00;72
2002;11;VSP;SBBR;SBCF;392,00;156
2002;11;VSP;SBSV;SBBR;543,00;802
2002;11;VSP;SBSV;SBRF;472,00;7
2002;11;VSP;SBGO;SBBR;264,00;1
2002;11;VSP;SBGR;SBFL;492,00;1
2002;11;VSP;SBRF;SBSV;217,00;1051
2002;11;VSP;SBGR;SBBR;385,00;261
2002;11;VSP;SBGL;SBKP;309,00;63
2002;11;VSP;SBGL;SBPA;447,00;34
2002;11;VSP;SBBR;SBSP;342,00;1325
2002;11;VSP;SBRF;SBGL;1013,00;5
2002;11;VSP;SBSV;SBGR;1051,00;439
2002;11;VSP;SBSP;SBPA;492,00;20
2002;11;VSP;SBBR;SBGO;231,00;18
2002;11;VSP;SBPA;SBBR;433,00;285
2002;11;VSP;SBGL;SBSV;420,00;214
2002;11;VSP;SBFZ;SBRF;446,00;19
2002;11;VSP;SBSP;SBBR;486,00;861
2002;11;VSP;SBRF;SBGL;760,00;137
2002;11;VSP;SBSP;SBGO;330,00;64
2002;11;VSP;SBGR;SBFL;310,00;45
2002;11;VSP;SBPA;SBGR;370,00;1053
2002;11;VSP;SBGR;SBBR;736,00;189
2002;11;VSP;SBKP;SBBR;497,00;2
2002;11;VSP;SBRF;SBGL;886,00;19
2002;11;VSP;SBSV;SBBR;682,00;51
2002;11;VSP;SBSV;SBGR;498,00;1636
2002;11;VSP;SBGL;SBPA;901,00;84
2002;11;VSP;SBBR;SBSV;454,00;462
2002;11;VSP;SBBR;SBGL;356,00;311
2002;11;VSP;SBPA;SBGR;574,00;4
2002;11;VSP;SBPA;SBGR;619,00;2
2002;11;VSP;SBBE;SBMQ;412,00;40
2002;11;VSP;SBBH;SBBR;594,00;69
2002;11;VSP;SBGO;SBSP;516,00;2
2002;11;VSP;SBPA;SBCT;378,00;25
2002;11;VSP;SBBR;SBBE;688,00;242
2002;11;VSP;SBSV;SBGL;889,00;161
2002;11;VSP;SBGL;SBCT;300,00;63
2002;11;VSP;SBGL;SBPA;495,00;210
2002;11;VSP;SBSP;SBGO;516,00;1
2002;11;VSP;SBGO;SBBR;300,00;113
2002;11;VSP;SBFL;SBGR;246,00;138
2002;11;VSP;SBSV;SBGR;578,00;1036
2002;11;VSP;SBSV;SBGL;489,00;994
2002;11;VSP;SBPA;SBCT;573,00;1
2002;11;VSP;SBGL;SBRF;549,00;1242
2002;11;VSP;SBGL;SBSV;489,00;1068
2002;11;VSP;SBEG;SBGR;1098,00;1
2002;11;VSP;SBPA;SBBR;737,00;61
2002;11;VSP;SBBR;SBSV;633,00;113
2002;11;VSP;SBRF;SBSV;509,00;6
2002;11;VSP;SBBR;SBSV;408,00;265
2002;11;VSP;SBBR;SBCT;427,00;26
2002;11;VSP;SBFZ;SBBR;786,00;20
2002;11;VSP;SBBR;SBCF;428,00;7
2002;11;VSP;SBGO;SBSP;296,00;504
2002;11;VSP;SBCT;SBPA;228,00;13
2002;11;VSP;SBGL;SBCT;357,00;61
2002;11;VSP;SBFL;SBGR;310,00;133
2002;11;VSP;SBSP;SBGO;355,00;13
2002;11;VSP;SBGO;SBBR;231,00;6
2002;11;VSP;SBPA;SBBR;1117,00;74
2002;11;VSP;SBKP;SBBR;753,00;5
2002;11;VSP;SBCT;SBGL;339,00;44
2002;11;VSP;SBGR;SBBR;486,00;397
2002;11;VSP;SBBR;SBSV;723,00;49
2002;11;VSP;SBGR;SBFL;246,00;100
2002;11;VSP;SBSV;SBRF;509,00;3
2002;11;VSP;SBSP;SBPA;370,00;448
2002;11;VSP;SBGR;SBCT;221,00;37
2002;11;VSP;SBPA;SBGL;649,00;4
2002;11;VSP;SBGL;SBSV;359,00;2156
2002;11;VSP;SBCT;SBGL;649,00;44
2002;11;VSP;SBGR;SBEG;889,00;36
2002;11;VSP;SBBR;SBKP;753,00;7
2002;11;VSP;SBBR;SBKP;358,00;50
2002;11;VSP;SBMQ;SBBE;342,00;4
2002;11;VSP;SBBR;SBCF;339,00;52
2002;11;VSP;SBRF;SBGL;586,00;140
2002;11;VSP;SBCF;SBGR;387,00;42
2002;11;VSP;SBSP;SBPA;746,00;37
2002;11;VSP;SBGR;SBPA;537,00;8
2002;11;VSP;SBBR;SBFZ;906,00;13
2002;11;VSP;SBCT;SBGR;394,00;2
2002;11;VSP;SBCT;SBGR;200,00;652
2002;11;VSP;SBGR;SBPA;492,00;84
2002;11;VSP;SBGO;SBBR;249,00;4
2002;11;VSP;SBGL;SBBR;291,00;1095
2002;11;VSP;SBRF;SBFZ;619,00;94
2002;11;VSP;SBBR;SBGR;567,00;16
2002;11;VSP;SBBR;SBSP;736,00;446
2002;11;VSP;SBPA;SBSP;492,00;13
2002;11;VSP;SBFZ;SBRF;409,00;361
2002;11;VSP;SBGL;SBRF;1151,00;114
2002;11;VSP;SBCT;SBSP;200,00;193
2002;11;VSP;SBBR;SBCT;752,00;2
2002;11;VSP;SBCT;SBSP;345,00;1
2002;11;VSP;SBBR;SBGL;496,00;341
2002;11;VSP;SBCT;SBBR;500,00;25
2002;11;VSP;SBSV;SBGL;738,00;15
2002;11;VSP;SBBR;SBBE;803,00;17
2002;11;VSP;SBGR;SBSV;694,00;626
2002;11;VSP;SBBH;SBBR;493,00;10
2002;11;VSP;SBFZ;SBBR;1092,00;84
2002;11;VSP;SBGL;SBSV;738,00;9
2002;11;VSP;SBCT;SBGR;448,00;106
2002;11;VSP;SBGR;SBCF;297,00;74
2002;11;VSP;SBGL;SBKP;258,00;53
2002;11;VSP;SBPA;SBBR;465,00;79
2002;11;VSP;SBPA;SBGL;396,00;91
2002;11;VSP;SBMQ;SBBE;297,00;2
2002;11;VSP;SBCT;SBBR;698,00;1
2002;11;VSP;SBGL;SBRF;633,00;374
2002;11;VSP;SBGR;SBCT;372,00;1
2002;11;VSP;SBSP;SBCT;345,00;10
2002;11;VSP;SBCF;SBBR;392,00;33
2002;11;VSP;SBSV;SBRF;289,00;57
2002;11;VSP;SBSP;SBGO;473,00;42
2002;11;VSP;SBBR;SBGR;415,00;57
2002;11;VSP;SBSV;SBBR;454,00;514
2002;11;VSP;SBGR;SBCF;538,00;102
2002;11;VSP;SBBE;SBBR;751,00;8
2002;11;VSP;SBFZ;SBRF;341,00;235
2002;11;VSP;SBGL;SBBR;317,00;273
2002;11;VSP;SBCT;SBGR;372,00;5
2002;11;VSP;SBCT;SBGL;300,00;47
2002;11;VSP;SBFZ;SBRF;477,00;15
2002;11;VSP;SBPA;SBBR;804,00;1
2002;11;VSP;SBBR;SBSP;385,00;290
2002;11;VSP;SBCT;SBGR;345,00;8
2002;11;VSP;SBCF;SBGR;250,00;355
2002;11;VSP;SBRF;SBFZ;250,00;50
2002;11;VSP;SBCF;SBGR;297,00;51
2002;11;VSP;SBBR;SBCF;457,00;6
2002;11;VSP;SBRF;SBGL;549,00;1224
2002;11;VSP;SBGO;SBSP;394,00;49
2002;11;VSP;SBCT;SBPA;378,00;4
2002;11;VSP;SBGL;SBCT;273,00;432
2002;11;VSP;SBSV;SBGR;925,00;30
2002;11;VSP;SBGR;SBSV;498,00;1543
2002;11;VSP;SBCT;SBGL;273,00;424
2002;11;VSP;SBCF;SBBR;300,00;118
2002;11;VSP;SBSP;SBCT;247,00;48
2002;11;VSP;SBBR;SBSP;611,00;4
2002;11;VSP;SBBR;SBKP;580,00;1
2002;11;VSP;SBRF;SBFZ;341,00;203
2002;11;VSP;SBBR;SBPA;616,00;43
2002;11;VSP;SBGL;SBPA;396,00;57
2002;11;VSP;SBBE;SBBR;566,00;1367
2002;11;VSP;SBBR;SBGL;413,00;273
2002;11;VSP;SBGR;SBPA;411,00;162
2002;11;VSP;SBBR;SBFZ;549,00;587
2002;11;VSP;SBBR;SBGO;300,00;124
2002;11;VSP;SBRF;SBFZ;409,00;376
2002;11;VSP;SBFZ;SBRF;619,00;78
2002;11;VSP;SBGR;SBEG;1174,00;1
2002;11;VSP;SBGL;SBPA;748,00;2
2002;11;VSP;SBGR;SBCT;345,00;4
2002;11;VSP;SBBR;SBBE;751,00;10
2002;11;VSP;SBGL;SBBR;496,00;295
2002;11;VSP;SBPA;SBCT;413,00;7
2002;11;VSP;SBCT;SBBR;427,00;5
2002;11;VSP;SBBH;SBBR;457,00;23
2002;11;VSP;SBBR;SBGL;579,00;38
2002;11;VSP;SBEG;SBGR;1174,00;1
2002;11;VSP;SBGL;SBRF;1013,00;1
2002;11;VSP;SBSV;SBRF;613,00;123
2002;11;VSP;SBBR;SBBE;1043,00;122
2002;11;VSP;SBBR;SBSV;592,00;164
2002;11;VSP;SBGO;SBSP;717,00;40
2002;11;VSP;SBSV;SBRF;539,00;2
2002;11;VSP;SBGL;SBKP;213,00;204
2002;11;VSP;SBSP;SBBR;611,00;3
2002;11;VSP;SBBE;SBMQ;272,00;90
2002;11;VSP;SBPA;SBGL;901,00;86
2002;11;VSP;SBBR;SBFZ;602,00;496
2002;11;VSP;SBSP;SBBR;415,00;197
2002;11;VSP;SBBR;SBGL;291,00;1252
2002;11;VSP;SBGL;SBRF;886,00;2
2002;11;VSP;SBGR;SBSV;809,00;28
2002;11;VSP;SBBR;SBSP;648,00;8
2002;11;VSP;SBGR;SBCT;200,00;640
2002;11;VSP;SBFL;SBGR;215,00;352
2002;11;VSP;SBBH;SBBR;523,00;5
2002;11;VSP;SBGR;SBCF;387,00;1
2002;11;VSP;SBFL;SBGR;402,00;23
2002;11;VSP;SBPA;SBCT;228,00;3
2002;11;VSP;SBSP;SBCT;323,00;7
2002;11;VSP;SBBR;SBPA;1117,00;38
2002;11;VSP;SBGL;SBBR;541,00;22
2002;11;VSP;SBGL;SBRF;586,00;115
2002;11;VSP;SBBR;SBBH;493,00;5
2002;11;VSP;SBBR;SBBH;392,00;249
2002;11;VSP;SBBR;SBGR;385,00;126
2002;11;VSP;SBSP;SBPA;411,00;25
2002;11;VSP;SBBR;SBFZ;786,00;27
2002;11;VSP;SBBR;SBFZ;841,00;2
2002;11;VSP;SBGR;SBCF;414,00;1
2002;11;VSP;SBRF;SBFZ;203,00;739
2002;11;VSP;SBGR;SBSV;578,00;1301
2002;11;VSP;SBBR;SBGL;317,00;200
2002;11;VSP;SBBR;SBCT;652,00;12
2002;11;VSP;SBFL;SBGR;492,00;2
2002;11;VSP;SBGR;SBBR;648,00;2
2002;11;VSP;SBSV;SBBR;592,00;179
2002;11;VSP;SBSP;SBCT;448,00;38
2002;11;VSP;SBFZ;SBBR;549,00;586
2002;11;VSP;SBCF;SBBR;594,00;13
2002;11;VSP;SBBH;SBSP;250,00;2555
2002;11;VSP;SBSP;SBCT;296,00;74
2002;11;VSP;SBGR;SBCT;296,00;133
2002;11;VSP;SBRF;SBFZ;291,00;13
2002;11;VSP;SBBR;SBPA;529,00;16
2002;11;VSP;SBSV;SBGL;685,00;80
2002;11;VSP;SBFZ;SBRF;545,00;2
2002;11;VSP;SBGR;SBSV;1051,00;504
2002;11;VSP;SBCT;SBSP;296,00;15
2002;11;VSP;SBBR;SBSV;822,00;220
2002;11;VSP;SBSV;SBGL;420,00;258
2002;11;VSP;SBGL;SBCT;500,00;4
2002;11;VSP;SBBE;SBMQ;342,00;3
2002;11;VSP;SBBR;SBSP;567,00;42
2002;11;VSP;SBGR;SBFL;369,00;112
2002;11;VSP;SBGL;SBSV;685,00;52
2002;11;VSP;SBGR;SBFL;215,00;377
2002;11;VSP;SBBR;SBCT;500,00;36
2002;11;VSP;SBGL;SBBR;624,00;3
2002;11;VSP;SBCT;SBPA;573,00;3
2002;11;VSP;SBBR;SBGL;752,00;255
2002;11;VSP;SBSP;SBPA;574,00;1
2002;11;VSP;SBBR;SBPA;737,00;72
2002;11;VSP;SBGR;SBFL;276,00;16
2002;11;VSP;SBBE;SBBR;803,00;9
2002;11;VSP;SBFZ;SBRF;250,00;67
2002;11;VSP;SBBR;SBGO;198,00;1829
2002;11;VSP;SBRF;SBFZ;545,00;2
2002;11;VSP;SBSP;SBBR;567,00;50
2002;11;VSP;SBBR;SBPA;465,00;68
2002;11;VSP;SBGR;SBBR;530,00;23
2002;11;VSP;SBGO;SBBR;216,00;14
2002;11;VSP;SBBR;SBBH;428,00;35
2002;11;VSP;SBFZ;SBRF;203,00;653
2002;11;VSP;SBCT;SBGR;323,00;32
2002;11;VSP;SBGR;SBPA;574,00;1
2002;11;VSP;SBPA;SBBR;860,00;2
2002;11;VSP;SBBR;SBCF;594,00;15
2002;11;VSP;SBCT;SBBR;652,00;4
2002;11;VSP;SBCT;SBBR;332,00;122
2002;11;VSP;SBFL;SBGR;559,00;97
2002;11;VSP;SBBR;SBKP;415,00;4
2002;11;VSP;SBEG;SBGR;889,00;51
2002;11;VSP;SBPA;SBBR;529,00;20
2002;11;VSP;SBGR;SBFL;464,00;2
2002;11;VSP;SBBR;SBGR;648,00;1
2002;11;VSP;SBGR;SBPA;656,00;1
2002;11;VSP;SBBR;SBGR;736,00;159
2002;11;VSP;SBCT;SBBR;906,00;27
2002;11;VSP;SBMQ;SBBE;272,00;86
2002;11;VSP;SBGO;SBSP;355,00;18
2002;11;VSP;SBBE;SBMQ;229,00;7
2002;11;VSP;SBBR;SBKP;663,00;1
2002;11;VSP;SBPA;SBGR;746,00;177
2002;11;VSP;SBBR;SBFZ;1092,00;102
2002;11;VSP;SBBR;SBBH;457,00;11
2002;11;VSP;SBBR;SBSP;486,00;1028
2002;11;VSP;SBBE;SBBR;688,00;259
2002;11;VSP;SBFZ;SBBR;602,00;302
2002;11;VSP;SBBR;SBBE;866,00;3
2002;11;VSP;SBGR;SBSV;872,00;8
2002;11;VSP;SBPA;SBGL;694,00;1
2002;11;VSP;SBSP;SBGO;296,00;642
2002;11;VSP;SBPA;SBGR;411,00;111
2002;11;VSP;SBRF;SBFZ;446,00;24
2002;11;VSP;SBSP;SBGO;717,00;53
2002;11;VSP;SBSV;SBGL;587,00;901
2002;11;VSP;SBBR;SBKP;389,00;3
2002;11;VSP;SBBH;SBBR;293,00;728
2002;11;VSP;SBCF;SBBR;339,00;18
2002;11;VSP;SBGO;SBBR;198,00;1655
2002;11;VSP;SBGR;SBCF;250,00;301
2002;11;VSP;SBSV;SBRF;441,00;14
2002;11;VSP;SBBR;SBBH;594,00;89
2002;11;VSP;SBSP;SBCT;221,00;23
2002;11;VSP;SBSP;SBGO;394,00;46
2002;11;VSP;SBGR;SBCT;448,00;101
2002;11;VSP;SBSV;SBBR;408,00;224
2002;11;VSP;SBGL;SBPA;595,00;24
2002;11;VSP;SBBR;SBGL;662,00;2
2002;11;VSP;SBPA;SBCT;249,00;8
2002;11;VSP;SBFZ;SBBR;961,00;3
2002;11;VSP;SBSV;SBGL;359,00;1904
2002;11;VSP;SBSV;SBBR;723,00;98
2002;11;VSP;SBBR;SBGL;624,00;1
2002;11;VSP;SBGR;SBBR;342,00;662
2002;11;VSP;SBGR;SBBR;611,00;1
2002;11;VSP;SBGL;SBKP;337,00;8
2002;11;VSP;SBBR;SBSP;530,00;69
2002;11;VSP;SBCT;SBBR;369,00;55
2002;11;VSP;SBGR;SBEG;780,00;37
2002;11;VSP;SBCT;SBGL;539,00;2
2002;11;VSP;SBCT;SBPA;249,00;10
2002;11;VSP;SBGR;SBGL;259,00;518
2002;11;VSP;SBBE;SBMQ;297,00;3
2002;11;VSP;SBGR;SBPA;370,00;1145
2002;11;VSP;SBSP;SBCT;200,00;287
2002;11;VSP;SBBR;SBGR;530,00;15
2002;11;VSP;SBRF;SBGL;955,00;13
2002;11;VSP;SBSV;SBGR;694,00;731
2002;11;VSP;SBKP;SBGL;309,00;68
2002;11;VSP;SBGR;SBEG;1525,00;61
2002;11;VSP;SBCF;SBBR;457,00;6
2002;11;VSP;SBSV;SBRF;248,00;214
2002;11;VSP;SBGL;SBCT;467,00;2
2002;11;VSP;SBCT;SBGR;221,00;86
2002;11;VSP;SBSV;SBBR;362,00;394
2002;11;VSP;SBGO;SBSP;473,00;36
2002;11;VSP;SBFL;SBGR;430,00;10
2002;11;VSP;SBGL;SBCT;428,00;99
2002;11;VSP;SBSP;SBBR;385,00;365
2002;11;VSP;SBGR;SBGL;341,00;3
2002;11;VSP;SBFL;SBGR;276,00;36
2002;11;VSP;SBRF;SBGL;829,00;10
2002;11;VSP;SBBR;SBCT;698,00;4
2002;11;VSP;SBFZ;SBBR;841,00;24
2002;11;VSP;SBFZ;SBBR;721,00;127
2002;11;VSP;SBMQ;SBBE;229,00;7
2002;11;VSP;SBBR;SBFZ;721,00;90
2002;11;VSP;SBCT;SBGR;247,00;136
2002;11;VSP;SBSV;SBGR;757,00;49
2002;11;VSP;SBBE;SBMQ;317,00;2
2002;11;VSP;SBCT;SBBR;598,00;55
2002;11;VSP;SBGL;SBGR;319,00;3
2002;11;VSP;SBRF;SBGL;633,00;498
2002;11;VSP;SBBH;SBBR;428,00;40
2002;11;VSP;SBPA;SBGL;495,00;170
2002;11;VSP;SBGL;SBSV;587,00;653
2002;11;VSP;SBCT;SBGL;428,00;52
2002;11;VSP;SBCT;SBGL;357,00;74
2002;11;VSP;SBGR;SBSV;757,00;35
2002;11;VSP;SBEG;SBGR;1007,00;59
2002;11;VSP;SBGR;SBFL;402,00;2
2002;11;VSP;SBSV;SBBR;822,00;350
2002;11;VSP;SBBH;SBBR;339,00;174
2002;11;VSP;SBBE;SBBR;918,00;1
2002;11;VSP;SBPA;SBSP;574,00;2
2002;11;VSP;SBKP;SBGL;258,00;69
2002;11;VSP;SBGR;SBCT;247,00;123
2002;11;VSP;SBPA;SBGR;537,00;9
2002;11;VSP;SBRF;SBGL;1151,00;69
2002;11;VSP;SBGL;SBSV;889,00;237
2002;11;VSP;SBPA;SBSP;370,00;446
2002;11;VSP;SBEG;SBGR;780,00;31
2002;11;VSP;SBGL;SBBR;356,00;319
2002;11;VSP;SBGR;SBSV;925,00;1
2002;11;VSP;SBGR;SBFL;559,00;96
2002;11;VSP;SBSP;SBRJ;259,00;14847
2002;11;VSP;SBSP;SBBR;648,00;6
2002;11;VSP;SBSV;SBGL;640,00;58
2002;11;VSP;SBBR;SBPA;804,00;5
2002;11;VSP;SBPA;SBGL;447,00;14
2002;11;VSP;SBSP;SBBR;342,00;1027
2002;11;VSP;SBGL;SBCT;339,00;18
2002;11;VSP;SBRF;SBFZ;514,00;3
2002;11;VSP;SBCT;SBGR;296,00;116
2002;11;VSP;SBFZ;SBRF;291,00;10
2002;11;VSP;SBSP;SBBR;736,00;381
2002;11;VSP;SBPA;SBGR;492,00;121
2002;11;VSP;SBEG;SBGR;1525,00;45
2002;11;VSP;SBSV;SBBR;633,00;167
2002;11;VSP;SBGL;SBSV;640,00;65
2002;11;VSP;SBSP;SBBH;250,00;2410
2002;11;VSP;SBBR;SBCF;300,00;287
2002;11;VSP;SBBR;SBSV;362,00;55
2002;11;VSP;SBGR;SBEG;688,00;391
2002;11;VSP;SBGL;SBGR;443,00;181
2002;11;VSP;SBCT;SBSP;221,00;4
2002;11;VSP;SBGL;SBBR;752,00;244
2002;11;VSP;SBBR;SBGL;541,00;12
2002;11;VSP;SBKP;SBBR;358,00;33
2002;11;VSP;SBRF;SBSV;472,00;14
2002;11;VSP;SBBR;SBGR;486,00;385
2002;11;VSP;SBGO;SBSP;330,00;71
2002;11;VSP;SBGL;SBGR;292,00;73
2002;11;VSP;SBGL;SBPA;354,00;1294
2002;11;VSP;SBRF;SBSV;248,00;265
2002;11;VSP;SBBR;SBPA;433,00;181
2002;11;VSP;SBBR;SBCT;369,00;74
2002;11;VSP;SBRF;SBSV;613,00;87
2002;11;VSP;SBRF;SBFZ;477,00;15
2002;11;VSP;SBBR;SBBH;293,00;681
2002;11;VSP;SBKP;SBBR;415,00;1
2002;11;VSP;SBSV;SBGL;782,00;30
2002;11;VSP;SBGR;SBBR;415,00;117
2002;11;VSP;SBRF;SBSV;539,00;3
2002;11;VSP;SBCT;SBGL;467,00;4
2002;11;VSP;SBGL;SBKP;360,00;5
2002;11;VSP;SBGR;SBEG;1007,00;52
2002;11;VSP;SBSV;SBRF;405,00;156
2002;11;VSP;SBBR;SBCT;797,00;1
2002;11;VSP;SBPA;SBBR;616,00;47
2002;11;VSP;SBBR;SBBH;339,00;259
2002;11;VSP;SBBR;SBGR;342,00;619
2002;11;VSP;SBBE;SBBR;620,00;128
2002;11;VSP;SBFL;SBGR;464,00;4
2002;11;VSP;SBPA;SBCT;315,00;37
2002;11;VSP;SBGR;SBGL;443,00;242
2002;11;VSP;SBBR;SBSV;543,00;943
2002;11;VSP;SBGL;SBKP;468,00;44
2002;11;VSP;SBBR;SBGO;264,00;1
2002;11;VSP;SBBR;SBBE;918,00;2
2002;11;VSP;SBBR;SBSP;415,00;168
2002;11;VSP;SBCF;SBGR;269,00;160
2002;11;VSP;SBBE;SBBR;1043,00;109
2002;11;VSP;SBRJ;SBSP;259,00;17308
2002;11;VSP;SBBR;SBBE;620,00;161
2002;11;VSP;SBKP;SBGL;337,00;7
2002;11;VSP;SBBE;SBMQ;193,00;440
2002;11;VSP;SBCF;SBGR;538,00;118
2002;11;VSP;SBRF;SBSV;405,00;136
2002;11;VSP;SBCT;SBGL;500,00;11
2002;11;VSP;SBCF;SBGR;355,00;107
2002;11;VSP;SBMQ;SBBE;193,00;424
2002;11;VSP;SBBR;SBCT;598,00;120
2002;11;VSP;SBRF;SBSV;339,00;175
2002;11;VSP;SBBH;SBBR;392,00;327
2002;11;VSP;SBBR;SBCF;523,00;3
2002;11;VSP;SBSV;SBGR;872,00;19
2002;11;VSP;SBBR;SBFZ;961,00;5
2002;11;VSP;SBGL;SBRF;760,00;83
2002;11;VSP;SBPA;SBGL;595,00;34
2002;11;VSP;SBBR;SBCT;906,00;33
2002;11;VSP;SBRF;SBSV;441,00;18
2002;11;VSP;SBFZ;SBBR;906,00;3
2002;11;VSP;SBGR;SBCF;355,00;65
2002;11;VSP;SBCT;SBSP;323,00;2
2002;11;VSP;SBGR;SBFL;430,00;11
2002;11;VSP;SBFL;SBGR;369,00;84
2002;11;VSP;SBSV;SBRF;339,00;200
2002;11;VSP;SBPA;SBSP;746,00;33
