ANO;MES;EMPRESA;ORIGEM;DESTINO;TARIFA;ASSENTOS
2002;9;GLO;SBSP;SBPA;324,86;104
2002;9;GLO;SBBR;SBRJ;235,18;2699
2002;9;GLO;SBPA;SBBR;256,52;11
2002;9;GLO;SBSP;SBRJ;181,50;3
2002;9;GLO;SBKP;SBPA;189,88;54
2002;9;GLO;SBRF;SBFZ;178,64;21
2002;9;GLO;SBBH;SBSP;229,53;51
2002;9;GLO;SBRJ;SBFL;184,50;9
2002;9;GLO;SBFL;SBSP;220,86;106
2002;9;GLO;SBBR;SBSV;206,23;30
2002;9;GLO;SBRJ;SBBH;135,20;930
2002;9;GLO;SBGL;SBBR;288,43;17
2002;9;GLO;SBSV;SBGL;293,61;1533
2002;9;GLO;SBBR;SBSP;244,42;47
2002;9;GLO;SBPA;SBRJ;193,72;423
2002;9;GLO;SBRJ;SBBR;318,25;15
2002;9;GLO;SBSP;SBBR;256,62;2131
2002;9;GLO;SBGL;SBRF;539,68;51
2002;9;GLO;SBRJ;SBCT;214,10;23
2002;9;GLO;SBSP;SBFL;289,91;46
2002;9;GLO;SBSV;SBBR;427,05;6
2002;9;GLO;SBGL;SBSP;468,52;5
2002;9;GLO;SBFL;SBRJ;178,79;6
2002;9;GLO;SBRJ;SBKP;105,37;268
2002;9;GLO;SBRJ;SBSP;235,83;190
2002;9;GLO;SBBR;SBSP;233,99;3303
2002;9;GLO;SBCT;SBBR;172,82;13
2002;9;GLO;SBBH;SBSP;233,68;973
2002;9;GLO;SBRJ;SBVT;155,00;77
2002;9;GLO;SBCT;SBBR;175,38;205
2002;9;GLO;SBVT;SBSP;108,09;2
2002;9;GLO;SBBR;SBBE;414,04;54
2002;9;GLO;SBSP;SBPA;489,02;15
2002;9;GLO;SBBH;SBCT;149,17;12
2002;9;GLO;SBBR;SBGL;231,20;198
2002;9;GLO;SBGL;SBFL;193,01;448
2002;9;GLO;SBRJ;SBBR;265,03;138
2002;9;GLO;SBFL;SBBR;257,63;3
2002;9;GLO;SBCT;SBSP;175,46;5
2002;9;GLO;SBSP;SBBR;321,22;127
2002;9;GLO;SBRJ;SBSP;242,09;1
2002;9;GLO;SBSP;SBRJ;182,37;2593
2002;9;GLO;SBSP;SBPA;278,70;3797
2002;9;GLO;SBRJ;SBVT;139,37;228
2002;9;GLO;SBRJ;SBBH;167,54;22
2002;9;GLO;SBFL;SBPA;171,87;299
2002;9;GLO;SBSP;SBNF;162,71;113
2002;9;GLO;SBKP;SBBR;535,52;1
2002;9;GLO;SBRJ;SBCT;209,78;3
2002;9;GLO;SBKP;SBBH;135,09;11
2002;9;GLO;SBSP;SBVT;347,96;2
2002;9;GLO;SBGL;SBPA;257,92;82
2002;9;GLO;SBRJ;SBSP;190,48;7209
2002;9;GLO;SBBR;SBBH;209,20;975
2002;9;GLO;SBBH;SBBR;244,54;4
2002;9;GLO;SBBH;SBBR;235,37;1184
2002;9;GLO;SBBR;SBFZ;502,32;90
2002;9;GLO;SBVT;SBSP;104,20;1021
2002;9;GLO;SBKP;SBPA;189,83;70
2002;9;GLO;SBFL;SBRJ;207,63;22
2002;9;GLO;SBRJ;SBBR;315,55;153
2002;9;GLO;SBFL;SBRJ;146,94;792
2002;9;GLO;SBSP;SBBH;201,77;133
2002;9;GLO;SBFL;SBRJ;158,39;22
2002;9;GLO;SBRJ;SBVT;107,16;1318
2002;9;GLO;SBVT;SBRJ;130,88;247
2002;9;GLO;SBRJ;SBFL;154,99;54
2002;9;GLO;SBSV;SBGL;475,62;3
2002;9;GLO;SBBR;SBPA;330,03;297
2002;9;GLO;SBBR;SBRJ;307,40;114
2002;9;GLO;SBCT;SBKP;164,32;451
2002;9;GLO;SBBH;SBKP;125,05;48
2002;9;GLO;SBCT;SBPA;205,64;2
2002;9;GLO;SBFL;SBPA;185,54;1
2002;9;GLO;SBGL;SBPA;213,96;83
2002;9;GLO;SBBR;SBFZ;392,76;650
2002;9;GLO;SBRJ;SBBH;159,67;412
2002;9;GLO;SBSP;SBFL;165,68;3644
2002;9;GLO;SBKP;SBRJ;198,94;2
2002;9;GLO;SBSP;SBBR;233,04;3537
2002;9;GLO;SBSP;SBPA;278,21;10
2002;9;GLO;SBFL;SBBR;225,58;22
2002;9;GLO;SBSP;SBPA;281,46;833
2002;9;GLO;SBKP;SBBH;119,00;79
2002;9;GLO;SBGL;SBBR;282,55;5
2002;9;GLO;SBKP;SBRJ;104,45;286
2002;9;GLO;SBBH;SBRJ;187,67;83
2002;9;GLO;SBRF;SBFZ;212,40;960
2002;9;GLO;SBSP;SBCT;162,20;2425
2002;9;GLO;SBSP;SBBR;244,08;23
2002;9;GLO;SBFL;SBPA;106,54;1
2002;9;GLO;SBRF;SBGL;492,70;96
2002;9;GLO;SBVT;SBRJ;105,04;29
2002;9;GLO;SBKP;SBPA;201,88;3
2002;9;GLO;SBPA;SBBR;288,10;4
2002;9;GLO;SBBR;SBSP;297,78;80
2002;9;GLO;SBSP;SBCT;194,89;53
2002;9;GLO;SBPA;SBSP;310,30;113
2002;9;GLO;SBCT;SBSP;163,93;3431
2002;9;GLO;SBRF;SBFZ;612,42;21
2002;9;GLO;SBBR;SBFL;213,19;3
2002;9;GLO;SBFL;SBGL;238,00;315
2002;9;GLO;SBBR;SBSP;265,58;2
2002;9;GLO;SBBR;SBFL;131,92;3
2002;9;GLO;SBRJ;SBVT;105,88;3
2002;9;GLO;SBRF;SBSV;186,25;1311
2002;9;GLO;SBGL;SBBR;337,34;9
2002;9;GLO;SBGL;SBPA;193,48;51
2002;9;GLO;SBBH;SBKP;100,15;18
2002;9;GLO;SBPA;SBFL;243,57;3
2002;9;GLO;SBRJ;SBBR;170,32;508
2002;9;GLO;SBSP;SBCT;224,30;68
2002;9;GLO;SBGL;SBRF;468,80;452
2002;9;GLO;SBFZ;SBRF;179,98;17
2002;9;GLO;SBBH;SBSP;206,60;86
2002;9;GLO;SBBR;SBGL;291,00;9
2002;9;GLO;SBKP;SBPA;230,25;5
2002;9;GLO;SBBE;SBBR;794,76;1
2002;9;GLO;SBFL;SBSP;246,50;61
2002;9;GLO;SBGL;SBSV;468,50;8
2002;9;GLO;SBBR;SBPA;555,90;3
2002;9;GLO;SBBR;SBRJ;261,46;28
2002;9;GLO;SBCT;SBRJ;165,79;1
2002;9;GLO;SBKP;SBRJ;161,62;13
2002;9;GLO;SBFL;SBSP;198,19;34
2002;9;GLO;SBGL;SBSP;271,16;19
2002;9;GLO;SBVT;SBRJ;154,03;10
2002;9;GLO;SBCT;SBGL;80,47;2
2002;9;GLO;SBPA;SBGL;372,56;4
2002;9;GLO;SBRJ;SBBR;174,29;865
2002;9;GLO;SBFL;SBBR;163,00;375
2002;9;GLO;SBRJ;SBBH;169,00;205
2002;9;GLO;SBRJ;SBSP;206,88;3915
2002;9;GLO;SBRF;SBSV;216,49;1
2002;9;GLO;SBPA;SBCT;311,34;2
2002;9;GLO;SBSV;SBRF;430,89;41
2002;9;GLO;SBBR;SBBE;360,31;238
2002;9;GLO;SBBR;SBPA;508,81;5
2002;9;GLO;SBBH;SBSP;255,22;1
2002;9;GLO;SBPA;SBSP;289,61;9
2002;9;GLO;SBCT;SBSP;159,35;317
2002;9;GLO;SBBR;SBPA;355,62;119
2002;9;GLO;SBGL;SBCT;179,19;683
2002;9;GLO;SBSP;SBFL;206,44;539
2002;9;GLO;SBCT;SBSP;156,15;61
2002;9;GLO;SBSP;SBGL;197,17;11
2002;9;GLO;SBGL;SBSP;176,26;584
2002;9;GLO;SBBR;SBKP;240,69;263
2002;9;GLO;SBSV;SBBR;370,65;9
2002;9;GLO;SBSV;SBBR;369,43;7
2002;9;GLO;SBCT;SBGL;163,63;2
2002;9;GLO;SBRF;SBGL;304,33;2
2002;9;GLO;SBSP;SBGO;253,58;332
2002;9;GLO;SBRJ;SBBH;108,54;4
2002;9;GLO;SBCT;SBRJ;153,08;13
2002;9;GLO;SBSP;SBGO;351,66;13
2002;9;GLO;SBSP;SBGL;157,22;2405
2002;9;GLO;SBRF;SBGL;481,32;43
2002;9;GLO;SBSP;SBGL;112,87;34
2002;9;GLO;SBGL;SBSV;267,43;952
2002;9;GLO;SBBR;SBBH;248,22;48
2002;9;GLO;SBBR;SBSP;353,05;5
2002;9;GLO;SBSV;SBBR;434,04;5
2002;9;GLO;SBBR;SBRJ;266,22;200
2002;9;GLO;SBPA;SBBR;310,57;4
2002;9;GLO;SBPA;SBRJ;255,95;36
2002;9;GLO;SBRF;SBGL;459,94;359
2002;9;GLO;SBSP;SBFL;172,32;126
2002;9;GLO;SBRJ;SBFL;163,57;17
2002;9;GLO;SBSP;SBNF;106,52;1
2002;9;GLO;SBBR;SBSV;355,09;9
2002;9;GLO;SBBR;SBPA;449,45;9
2002;9;GLO;SBGL;SBRF;580,05;4
2002;9;GLO;SBFZ;SBRF;126,23;19
2002;9;GLO;SBSV;SBBR;299,25;19
2002;9;GLO;SBVT;SBRJ;329,78;17
2002;9;GLO;SBBE;SBBR;363,90;204
2002;9;GLO;SBBR;SBRJ;268,63;174
2002;9;GLO;SBSV;SBBR;275,45;217
2002;9;GLO;SBPA;SBBR;235,36;288
2002;9;GLO;SBSP;SBGO;209,51;493
2002;9;GLO;SBGL;SBCT;157,19;1
2002;9;GLO;SBPA;SBKP;191,03;55
2002;9;GLO;SBBR;SBKP;260,06;6
2002;9;GLO;SBBR;SBFL;230,84;196
2002;9;GLO;SBRF;SBSV;196,33;2
2002;9;GLO;SBPA;SBSP;306,62;1207
2002;9;GLO;SBFL;SBSP;167,71;3295
2002;9;GLO;SBFZ;SBBR;464,33;31
2002;9;GLO;SBCT;SBSP;234,11;1
2002;9;GLO;SBSP;SBFL;253,26;16
2002;9;GLO;SBRF;SBGL;379,94;214
2002;9;GLO;SBGL;SBSP;137,19;631
2002;9;GLO;SBRJ;SBBH;248,56;1
2002;9;GLO;SBBH;SBKP;132,36;48
2002;9;GLO;SBCT;SBBR;444,15;15
2002;9;GLO;SBGL;SBSP;219,92;14
2002;9;GLO;SBBH;SBBR;270,59;20
2002;9;GLO;SBRJ;SBKP;98,31;438
2002;9;GLO;SBSP;SBPA;219,45;19
2002;9;GLO;SBSP;SBPA;410,92;19
2002;9;GLO;SBFZ;SBRF;150,31;962
2002;9;GLO;SBFZ;SBBR;450,08;86
2002;9;GLO;SBPA;SBBR;235,62;130
2002;9;GLO;SBPA;SBCT;172,96;1438
2002;9;GLO;SBVT;SBSP;424,76;7
2002;9;GLO;SBRJ;SBPA;196,51;3
2002;9;GLO;SBGL;SBRF;506,50;158
2002;9;GLO;SBSP;SBPA;391,03;2
2002;9;GLO;SBSP;SBGL;216,50;54
2002;9;GLO;SBKP;SBPA;181,15;150
2002;9;GLO;SBVT;SBRJ;208,72;2
2002;9;GLO;SBFL;SBPA;138,96;10
2002;9;GLO;SBSP;SBPA;341,71;212
2002;9;GLO;SBSP;SBRJ;270,72;7
2002;9;GLO;SBRJ;SBBR;232,84;49
2002;9;GLO;SBRJ;SBFL;132,73;14
2002;9;GLO;SBCT;SBRJ;183,80;333
2002;9;GLO;SBBR;SBGL;285,31;6
2002;9;GLO;SBBH;SBSP;224,48;2062
2002;9;GLO;SBKP;SBCT;164,63;44
2002;9;GLO;SBBR;SBBH;318,47;9
2002;9;GLO;SBBH;SBBR;245,52;135
2002;9;GLO;SBBH;SBBR;322,79;9
2002;9;GLO;SBGL;SBFL;254,22;92
2002;9;GLO;SBBR;SBBH;332,41;2
2002;9;GLO;SBPA;SBSP;388,98;19
2002;9;GLO;SBSP;SBGL;223,25;10
2002;9;GLO;SBPA;SBFL;107,30;1
2002;9;GLO;SBKP;SBBR;257,78;267
2002;9;GLO;SBBR;SBPA;314,55;505
2002;9;GLO;SBRJ;SBBR;240,12;2431
2002;9;GLO;SBSP;SBRJ;196,70;8020
2002;9;GLO;SBRJ;SBBR;342,28;45
2002;9;GLO;SBBR;SBFZ;442,93;820
2002;9;GLO;SBBR;SBKP;241,20;95
2002;9;GLO;SBBH;SBRJ;173,57;159
2002;9;GLO;SBSV;SBRF;200,03;1268
2002;9;GLO;SBRJ;SBCT;192,09;243
2002;9;GLO;SBRJ;SBBR;249,26;23
2002;9;GLO;SBRJ;SBKP;136,99;443
2002;9;GLO;SBCT;SBSP;136,67;305
2002;9;GLO;SBSV;SBBR;295,64;682
2002;9;GLO;SBRJ;SBVT;118,83;2087
2002;9;GLO;SBGL;SBSP;153,27;16
2002;9;GLO;SBSP;SBNF;248,20;1
2002;9;GLO;SBPA;SBRJ;204,94;28
2002;9;GLO;SBSV;SBGL;427,48;13
2002;9;GLO;SBCT;SBKP;190,23;67
2002;9;GLO;SBBE;SBMQ;143,24;8
2002;9;GLO;SBGL;SBCT;177,62;264
2002;9;GLO;SBBE;SBMQ;139,14;789
2002;9;GLO;SBRJ;SBSP;286,51;1
2002;9;GLO;SBKP;SBRJ;99,65;372
2002;9;GLO;SBPA;SBCT;131,73;101
2002;9;GLO;SBGL;SBCT;199,27;115
2002;9;GLO;SBSV;SBBR;307,75;65
2002;9;GLO;SBGL;SBBR;209,12;96
2002;9;GLO;SBSP;SBGL;218,52;8
2002;9;GLO;SBBR;SBKP;230,01;92
2002;9;GLO;SBBH;SBCT;119,53;311
2002;9;GLO;SBSP;SBBH;236,89;22
2002;9;GLO;SBSP;SBCT;149,00;76
2002;9;GLO;SBSP;SBCT;199,26;22
2002;9;GLO;SBRF;SBGL;535,98;39
2002;9;GLO;SBPA;SBRJ;140,20;310
2002;9;GLO;SBGL;SBSP;111,07;33
2002;9;GLO;SBPA;SBCT;149,02;926
2002;9;GLO;SBSP;SBRJ;164,22;320
2002;9;GLO;SBRJ;SBPA;132,77;317
2002;9;GLO;SBSP;SBVT;459,75;2
2002;9;GLO;SBSP;SBNF;230,15;17
2002;9;GLO;SBVT;SBSP;165,29;11
2002;9;GLO;SBSP;SBGL;177,14;441
2002;9;GLO;SBPA;SBSP;205,95;94
2002;9;GLO;SBGL;SBSV;324,76;63
2002;9;GLO;SBSV;SBGL;449,89;13
2002;9;GLO;SBRJ;SBBH;147,86;1952
2002;9;GLO;SBRJ;SBFL;118,65;580
2002;9;GLO;SBBR;SBBH;260,68;46
2002;9;GLO;SBGL;SBSP;185,93;342
2002;9;GLO;SBSP;SBCT;186,94;110
2002;9;GLO;SBSP;SBCT;104,05;5
2002;9;GLO;SBBR;SBRJ;161,21;1
2002;9;GLO;SBKP;SBRJ;117,70;1376
2002;9;GLO;SBFL;SBSP;175,27;28
2002;9;GLO;SBGL;SBBR;266,56;60
2002;9;GLO;SBGL;SBCT;161,03;94
2002;9;GLO;SBCT;SBPA;173,43;32
2002;9;GLO;SBBR;SBSP;270,88;1029
2002;9;GLO;SBSV;SBGL;288,53;35
2002;9;GLO;SBGL;SBSV;366,63;20
2002;9;GLO;SBBR;SBFL;246,16;29
2002;9;GLO;SBFL;SBRJ;167,99;11
2002;9;GLO;SBMQ;SBBE;121,95;102
2002;9;GLO;SBFL;SBBR;218,20;16
2002;9;GLO;SBBR;SBSV;204,46;5
2002;9;GLO;SBRJ;SBVT;102,87;20
2002;9;GLO;SBSP;SBBH;193,68;3726
2002;9;GLO;SBBH;SBKP;114,72;291
2002;9;GLO;SBPA;SBRJ;232,30;149
2002;9;GLO;SBBH;SBSP;204,18;6
2002;9;GLO;SBFL;SBGL;378,37;1
2002;9;GLO;SBFL;SBBR;178,77;57
2002;9;GLO;SBFL;SBBR;197,77;124
2002;9;GLO;SBBH;SBSP;160,85;1
2002;9;GLO;SBSV;SBGL;263,93;786
2002;9;GLO;SBGL;SBBR;161,15;1
2002;9;GLO;SBRF;SBGL;593,45;7
2002;9;GLO;SBSP;SBPA;164,30;1
2002;9;GLO;SBPA;SBCT;149,69;51
2002;9;GLO;SBBR;SBGL;247,21;366
2002;9;GLO;SBPA;SBSP;286,39;3857
2002;9;GLO;SBGO;SBSP;389,19;8
2002;9;GLO;SBCT;SBPA;254,99;1
2002;9;GLO;SBPA;SBBR;249,64;579
2002;9;GLO;SBBR;SBRJ;355,74;1
2002;9;GLO;SBRJ;SBPA;123,10;440
2002;9;GLO;SBPA;SBKP;178,73;82
2002;9;GLO;SBBR;SBRJ;216,58;54
2002;9;GLO;SBRJ;SBCT;150,88;127
2002;9;GLO;SBRJ;SBSP;126,66;9
2002;9;GLO;SBVT;SBSP;156,66;1
2002;9;GLO;SBRJ;SBBR;263,27;589
2002;9;GLO;SBNF;SBSP;185,90;82
2002;9;GLO;SBRJ;SBCT;132,83;3
2002;9;GLO;SBSP;SBFL;267,68;17
2002;9;GLO;SBRJ;SBKP;195,59;32
2002;9;GLO;SBCT;SBRJ;154,83;210
2002;9;GLO;SBGL;SBSP;154,52;2240
2002;9;GLO;SBBR;SBRJ;173,07;457
2002;9;GLO;SBPA;SBBR;235,08;2
2002;9;GLO;SBBR;SBRJ;336,65;43
2002;9;GLO;SBPA;SBSP;181,90;97
2002;9;GLO;SBFL;SBRJ;130,58;520
2002;9;GLO;SBCT;SBSP;179,74;702
2002;9;GLO;SBBH;SBBR;248,19;50
2002;9;GLO;SBRJ;SBSP;158,26;354
2002;9;GLO;SBSP;SBNF;217,00;13
2002;9;GLO;SBFL;SBRJ;186,42;3
2002;9;GLO;SBRJ;SBKP;259,78;4
2002;9;GLO;SBGL;SBCT;328,03;3
2002;9;GLO;SBCT;SBRJ;162,27;168
2002;9;GLO;SBBR;SBBH;303,46;1
2002;9;GLO;SBBR;SBCT;252,62;77
2002;9;GLO;SBPA;SBKP;155,16;69
2002;9;GLO;SBBR;SBRJ;175,44;26
2002;9;GLO;SBRJ;SBBH;144,99;55
2002;9;GLO;SBGL;SBBR;244,05;469
2002;9;GLO;SBCT;SBKP;147,75;86
2002;9;GLO;SBKP;SBBR;213,55;67
2002;9;GLO;SBSP;SBNF;177,12;356
2002;9;GLO;SBSP;SBFL;185,31;808
2002;9;GLO;SBFL;SBPA;151,81;914
2002;9;GLO;SBBR;SBBH;231,77;1200
2002;9;GLO;SBPA;SBRJ;216,08;3
2002;9;GLO;SBSP;SBVT;78,72;2
2002;9;GLO;SBSP;SBPA;263,82;158
2002;9;GLO;SBSP;SBFL;154,81;453
2002;9;GLO;SBRJ;SBPA;133,50;3
2002;9;GLO;SBRJ;SBPA;136,70;31
2002;9;GLO;SBRF;SBGL;117,78;55
2002;9;GLO;SBFZ;SBRF;175,77;654
2002;9;GLO;SBPA;SBKP;194,24;63
2002;9;GLO;SBCT;SBBR;195,78;720
2002;9;GLO;SBGO;SBSP;246,97;337
2002;9;GLO;SBPA;SBGL;278,61;79
2002;9;GLO;SBRF;SBFZ;538,21;50
2002;9;GLO;SBGL;SBFL;249,12;140
2002;9;GLO;SBCT;SBBH;140,07;280
2002;9;GLO;SBBR;SBFZ;186,88;11
2002;9;GLO;SBBR;SBCT;281,57;48
2002;9;GLO;SBNF;SBSP;159,87;85
2002;9;GLO;SBBH;SBCT;134,97;200
2002;9;GLO;SBRJ;SBSP;175,46;18
2002;9;GLO;SBGL;SBSV;336,55;184
2002;9;GLO;SBBR;SBFZ;449,74;3
2002;9;GLO;SBCT;SBPA;177,66;1288
2002;9;GLO;SBPA;SBSP;411,03;3
2002;9;GLO;SBRJ;SBCT;165,26;804
2002;9;GLO;SBRJ;SBKP;119,54;91
2002;9;GLO;SBRJ;SBCT;165,99;223
2002;9;GLO;SBBH;SBRJ;134,99;1118
2002;9;GLO;SBPA;SBGL;258,74;613
2002;9;GLO;SBSV;SBGL;326,56;15
2002;9;GLO;SBPA;SBFL;198,50;6
2002;9;GLO;SBCT;SBGL;179,90;4
2002;9;GLO;SBPA;SBBR;203,52;237
2002;9;GLO;SBCT;SBRJ;185,14;2
2002;9;GLO;SBKP;SBBH;103,66;61
2002;9;GLO;SBSP;SBBH;174,29;957
2002;9;GLO;SBNF;SBSP;242,94;15
2002;9;GLO;SBGL;SBSP;204,23;286
2002;9;GLO;SBRJ;SBCT;210,27;156
2002;9;GLO;SBBR;SBSV;269,12;263
2002;9;GLO;SBRJ;SBFL;133,25;866
2002;9;GLO;SBSP;SBCT;136,08;300
2002;9;GLO;SBSP;SBRJ;255,35;8
2002;9;GLO;SBGL;SBSV;325,70;579
2002;9;GLO;SBRJ;SBSP;176,31;3296
2002;9;GLO;SBNF;SBSP;176,91;299
2002;9;GLO;SBRJ;SBVT;189,00;4
2002;9;GLO;SBSP;SBRJ;162,81;33
2002;9;GLO;SBFL;SBSP;301,41;1
2002;9;GLO;SBBE;SBMQ;177,71;4
2002;9;GLO;SBFL;SBSP;108,81;1
2002;9;GLO;SBCT;SBGL;134,61;90
2002;9;GLO;SBRF;SBSV;66,13;100
2002;9;GLO;SBKP;SBPA;171,93;217
2002;9;GLO;SBSV;SBGL;350,99;17
2002;9;GLO;SBSP;SBVT;126,17;59
2002;9;GLO;SBSP;SBVT;136,80;576
2002;9;GLO;SBVT;SBSP;155,11;818
2002;9;GLO;SBPA;SBSP;352,01;106
2002;9;GLO;SBFL;SBGL;257,59;24
2002;9;GLO;SBBR;SBFL;209,92;226
2002;9;GLO;SBSP;SBGO;199,17;361
2002;9;GLO;SBVT;SBRJ;145,37;109
2002;9;GLO;SBBR;SBSP;329,10;119
2002;9;GLO;SBFZ;SBBR;531,47;3
2002;9;GLO;SBSP;SBBR;325,88;48
2002;9;GLO;SBFL;SBBR;174,63;670
2002;9;GLO;SBPA;SBSP;441,10;27
2002;9;GLO;SBRF;SBFZ;639,37;1
2002;9;GLO;SBRJ;SBVT;334,60;2
2002;9;GLO;SBFL;SBSP;150,65;627
2002;9;GLO;SBCT;SBKP;379,41;46
2002;9;GLO;SBGL;SBSV;284,10;1
2002;9;GLO;SBSP;SBPA;362,13;101
2002;9;GLO;SBFL;SBBR;206,92;51
2002;9;GLO;SBRJ;SBFL;152,36;20
2002;9;GLO;SBCT;SBSP;104,98;4
2002;9;GLO;SBRJ;SBKP;153,43;299
2002;9;GLO;SBCT;SBPA;219,37;32
2002;9;GLO;SBBH;SBSP;225,20;32
2002;9;GLO;SBPA;SBSP;423,20;15
2002;9;GLO;SBBH;SBCT;96,91;204
2002;9;GLO;SBBR;SBSP;205,27;883
2002;9;GLO;SBSP;SBPA;420,74;33
2002;9;GLO;SBSP;SBBH;273,86;59
2002;9;GLO;SBBR;SBBE;395,66;60
2002;9;GLO;SBPA;SBCT;213,10;21
2002;9;GLO;SBSP;SBFL;378,90;53
2002;9;GLO;SBSP;SBBR;207,24;974
2002;9;GLO;SBSP;SBBH;251,69;1
2002;9;GLO;SBPA;SBRJ;169,77;230
2002;9;GLO;SBSP;SBGO;233,88;1395
2002;9;GLO;SBSV;SBRF;663,99;4
2002;9;GLO;SBKP;SBCT;222,41;49
2002;9;GLO;SBBR;SBFL;219,05;604
2002;9;GLO;SBRJ;SBBR;289,47;203
2002;9;GLO;SBBR;SBFZ;281,79;1
2002;9;GLO;SBKP;SBCT;189,25;218
2002;9;GLO;SBGO;SBSP;208,98;559
2002;9;GLO;SBFL;SBGL;236,64;38
2002;9;GLO;SBSP;SBBR;280,82;856
2002;9;GLO;SBBR;SBBH;271,43;10
2002;9;GLO;SBSP;SBBR;330,23;27
2002;9;GLO;SBKP;SBBR;272,14;46
2002;9;GLO;SBGL;SBSV;294,78;1681
2002;9;GLO;SBBR;SBRJ;182,01;1205
2002;9;GLO;SBPA;SBGL;300,05;21
2002;9;GLO;SBPA;SBFL;123,72;372
2002;9;GLO;SBSP;SBBH;296,46;7
2002;9;GLO;SBMQ;SBBE;133,15;864
2002;9;GLO;SBKP;SBCT;205,95;1
2002;9;GLO;SBSP;SBGL;187,50;278
2002;9;GLO;SBGL;SBRF;302,74;2
2002;9;GLO;SBGL;SBPA;158,69;36
2002;9;GLO;SBRJ;SBSP;219,35;655
2002;9;GLO;SBPA;SBGL;213,70;323
2002;9;GLO;SBRJ;SBKP;117,34;1214
2002;9;GLO;SBBH;SBRJ;145,87;113
2002;9;GLO;SBGL;SBRF;479,78;79
2002;9;GLO;SBRJ;SBSP;254,30;5
2002;9;GLO;SBRF;SBFZ;448,64;20
2002;9;GLO;SBSP;SBFL;263,01;11
2002;9;GLO;SBKP;SBRJ;156,74;238
2002;9;GLO;SBGL;SBRF;120,95;66
2002;9;GLO;SBBH;SBSP;325,39;51
2002;9;GLO;SBCT;SBGL;153,66;90
2002;9;GLO;SBBR;SBGL;252,25;63
2002;9;GLO;SBFL;SBPA;154,27;463
2002;9;GLO;SBVT;SBSP;188,80;454
2002;9;GLO;SBCT;SBSP;159,16;75
2002;9;GLO;SBCT;SBBH;149,90;21
2002;9;GLO;SBBE;SBMQ;143,86;89
2002;9;GLO;SBGL;SBPA;210,17;317
2002;9;GLO;SBRJ;SBPA;228,70;6
2002;9;GLO;SBCT;SBBR;314,41;27
2002;9;GLO;SBBR;SBSV;291,79;1039
2002;9;GLO;SBPA;SBSP;315,60;10
2002;9;GLO;SBBR;SBBH;221,96;61
2002;9;GLO;SBCT;SBSP;211,60;19
2002;9;GLO;SBSV;SBRF;174,74;879
2002;9;GLO;SBBH;SBRJ;258,37;13
2002;9;GLO;SBSP;SBFL;228,37;14
2002;9;GLO;SBRJ;SBSP;153,25;30
2002;9;GLO;SBCT;SBGL;476,40;4
2002;9;GLO;SBVT;SBSP;121,29;127
2002;9;GLO;SBCT;SBRJ;202,84;3
2002;9;GLO;SBCT;SBBH;131,66;333
2002;9;GLO;SBRJ;SBBR;356,23;40
2002;9;GLO;SBFZ;SBBR;385,45;451
2002;9;GLO;SBNF;SBSP;197,77;39
2002;9;GLO;SBVT;SBSP;125,26;1787
2002;9;GLO;SBVT;SBSP;144,23;10
2002;9;GLO;SBFL;SBRJ;215,38;140
2002;9;GLO;SBGL;SBSP;119,95;123
2002;9;GLO;SBBR;SBFL;246,99;137
2002;9;GLO;SBRJ;SBFL;174,03;6
2002;9;GLO;SBFL;SBGL;219,52;2
2002;9;GLO;SBKP;SBCT;173,55;430
2002;9;GLO;SBCT;SBSP;163,77;19
2002;9;GLO;SBGL;SBRF;416,84;193
2002;9;GLO;SBSP;SBRJ;225,67;257
2002;9;GLO;SBPA;SBGL;225,81;74
2002;9;GLO;SBGO;SBSP;230,79;1569
2002;9;GLO;SBRJ;SBBH;313,76;14
2002;9;GLO;SBBR;SBBE;330,87;43
2002;9;GLO;SBCT;SBRJ;147,45;240
2002;9;GLO;SBBE;SBBR;337,95;36
2002;9;GLO;SBSP;SBPA;235,03;56
2002;9;GLO;SBBR;SBSP;325,97;56
2002;9;GLO;SBCT;SBPA;172,47;871
2002;9;GLO;SBVT;SBRJ;114,83;1981
2002;9;GLO;SBSP;SBVT;132,47;19
2002;9;GLO;SBBR;SBSP;249,67;1772
2002;9;GLO;SBSV;SBGL;316,59;542
2002;9;GLO;SBRJ;SBFL;194,96;3
2002;9;GLO;SBBH;SBSP;183,17;1285
2002;9;GLO;SBRJ;SBCT;215,45;4
2002;9;GLO;SBGL;SBBR;300,81;4
2002;9;GLO;SBSP;SBCT;200,85;32
2002;9;GLO;SBCT;SBBH;103,58;262
2002;9;GLO;SBSP;SBGO;273,18;27
2002;9;GLO;SBSP;SBPA;296,28;27
2002;9;GLO;SBKP;SBBH;118,44;319
2002;9;GLO;SBNF;SBSP;289,94;3
2002;9;GLO;SBPA;SBFL;168,80;350
2002;9;GLO;SBCT;SBGL;177,69;537
2002;9;GLO;SBSP;SBGL;141,09;543
2002;9;GLO;SBBH;SBRJ;148,93;2424
2002;9;GLO;SBGL;SBSP;273,64;10
2002;9;GLO;SBGL;SBBR;228,99;1
2002;9;GLO;SBSV;SBGL;655,55;27
2002;9;GLO;SBSP;SBBH;207,77;1569
2002;9;GLO;SBCT;SBBR;183,46;416
2002;9;GLO;SBBR;SBSP;396,78;1
2002;9;GLO;SBGO;SBSP;229,58;17
2002;9;GLO;SBSP;SBRJ;171,17;45
2002;9;GLO;SBGL;SBFL;157,29;194
2002;9;GLO;SBNF;SBSP;264,10;19
2002;9;GLO;SBGL;SBFL;262,53;17
2002;9;GLO;SBCT;SBRJ;164,44;912
2002;9;GLO;SBFL;SBSP;394,48;56
2002;9;GLO;SBSV;SBBR;305,58;125
2002;9;GLO;SBPA;SBSP;313,69;234
2002;9;GLO;SBFZ;SBBR;444,29;19
2002;9;GLO;SBPA;SBFL;174,41;11
2002;9;GLO;SBGL;SBPA;248,40;640
2002;9;GLO;SBBR;SBSP;311,12;71
2002;9;GLO;SBBR;SBFZ;468,15;40
2002;9;GLO;SBSV;SBRF;211,01;2
2002;9;GLO;SBBR;SBSV;373,42;5
2002;9;GLO;SBBE;SBMQ;190,42;2
2002;9;GLO;SBRJ;SBBR;228,98;19
2002;9;GLO;SBBR;SBSV;302,44;42
2002;9;GLO;SBBH;SBBR;232,37;17
2002;9;GLO;SBSP;SBCT;157,68;296
2002;9;GLO;SBRJ;SBKP;177,59;54
2002;9;GLO;SBBE;SBBR;395,66;46
2002;9;GLO;SBSP;SBVT;200,44;326
2002;9;GLO;SBKP;SBPA;153,45;62
2002;9;GLO;SBRJ;SBPA;153,60;488
2002;9;GLO;SBFZ;SBBR;422,24;647
2002;9;GLO;SBBR;SBPA;272,83;158
2002;9;GLO;SBCT;SBRJ;288,48;14
2002;9;GLO;SBBH;SBRJ;167,32;5
2002;9;GLO;SBGO;SBSP;197,48;417
2002;9;GLO;SBFL;SBGL;204,54;155
2002;9;GLO;SBSP;SBCT;176,12;960
2002;9;GLO;SBNF;SBSP;211,46;41
2002;9;GLO;SBBR;SBBH;229,43;32
2002;9;GLO;SBSV;SBGL;356,88;312
2002;9;GLO;SBVT;SBRJ;175,32;1
2002;9;GLO;SBBR;SBGL;263,27;11
2002;9;GLO;SBGL;SBSV;383,53;3
2002;9;GLO;SBRF;SBFZ;153,20;977
2002;9;GLO;SBBH;SBKP;105,00;79
2002;9;GLO;SBBR;SBFZ;446,99;9
2002;9;GLO;SBSP;SBBR;351,34;5
2002;9;GLO;SBBE;SBBR;407,11;75
2002;9;GLO;SBKP;SBBR;243,07;80
2002;9;GLO;SBBR;SBGL;212,00;93
2002;9;GLO;SBRJ;SBPA;161,02;131
2002;9;GLO;SBVT;SBRJ;104,36;1
2002;9;GLO;SBPA;SBFL;138,41;927
2002;9;GLO;SBSP;SBNF;195,54;50
2002;9;GLO;SBBR;SBCT;240,90;74
2002;9;GLO;SBCT;SBRJ;187,68;5
2002;9;GLO;SBBE;SBMQ;294,84;6
2002;9;GLO;SBKP;SBBH;100,55;25
2002;9;GLO;SBBH;SBRJ;109,36;5
2002;9;GLO;SBRJ;SBFL;140,21;256
2002;9;GLO;SBRF;SBFZ;292,22;2
2002;9;GLO;SBCT;SBPA;295,09;1
2002;9;GLO;SBBH;SBBR;211,54;820
2002;9;GLO;SBFL;SBSP;206,51;311
2002;9;GLO;SBSP;SBRJ;241,56;189
2002;9;GLO;SBCT;SBPA;217,40;130
2002;9;GLO;SBVT;SBRJ;103,40;1202
2002;9;GLO;SBBR;SBSV;318,51;32
2002;9;GLO;SBSP;SBGO;392,17;1
2002;9;GLO;SBCT;SBBH;122,64;613
2002;9;GLO;SBSP;SBBH;224,42;1123
2002;9;GLO;SBBH;SBRJ;162,44;578
2002;9;GLO;SBPA;SBSP;268,17;173
2002;9;GLO;SBPA;SBGL;233,47;352
2002;9;GLO;SBBH;SBSP;203,60;3950
2002;9;GLO;SBSP;SBRJ;213,13;3426
2002;9;GLO;SBSP;SBNF;150,68;1
2002;9;GLO;SBPA;SBFL;152,88;603
2002;9;GLO;SBBR;SBKP;268,84;59
2002;9;GLO;SBPA;SBCT;192,57;519
2002;9;GLO;SBSP;SBVT;94,56;1018
2002;9;GLO;SBBR;SBGL;324,82;28
2002;9;GLO;SBSP;SBGL;246,06;11
2002;9;GLO;SBSP;SBVT;111,29;1770
2002;9;GLO;SBGL;SBSV;312,55;10
2002;9;GLO;SBSP;SBPA;317,46;367
2002;9;GLO;SBCT;SBBR;210,08;145
2002;9;GLO;SBPA;SBCT;152,20;28
2002;9;GLO;SBGL;SBPA;235,42;323
2002;9;GLO;SBSP;SBGL;155,76;2
2002;9;GLO;SBBR;SBGL;393,67;3
2002;9;GLO;SBNF;SBSP;258,46;15
2002;9;GLO;SBCT;SBPA;192,80;449
2002;9;GLO;SBRF;SBSV;160,52;902
2002;9;GLO;SBCT;SBPA;258,06;74
2002;9;GLO;SBFL;SBBR;231,70;16
2002;9;GLO;SBSP;SBBR;296,20;120
2002;9;GLO;SBCT;SBRJ;218,85;32
2002;9;GLO;SBGL;SBSP;242,13;16
2002;9;GLO;SBFL;SBSP;187,37;1548
2002;9;GLO;SBBR;SBRJ;256,01;558
2002;9;GLO;SBCT;SBGL;185,44;194
2002;9;GLO;SBBE;SBBR;601,54;3
2002;9;GLO;SBGL;SBBR;224,57;229
2002;9;GLO;SBKP;SBCT;244,05;1
2002;9;GLO;SBSP;SBGL;125,35;102
2002;9;GLO;SBBR;SBCT;252,09;212
2002;9;GLO;SBSP;SBCT;156,15;19
2002;9;GLO;SBGO;SBSP;261,55;36
2002;9;GLO;SBFL;SBRJ;183,44;141
2002;9;GLO;SBKP;SBRJ;135,54;425
2002;9;GLO;SBNF;SBSP;241,54;8
2002;9;GLO;SBPA;SBKP;171,96;189
2002;9;GLO;SBPA;SBGL;311,20;9
2002;9;GLO;SBBH;SBCT;107,11;592
2002;9;GLO;SBFL;SBPA;140,48;345
2002;9;GLO;SBCT;SBKP;211,36;5
2002;9;GLO;SBSV;SBRF;74,74;112
2002;9;GLO;SBBR;SBCT;272,37;4
2002;9;GLO;SBKP;SBRJ;119,68;97
2002;9;GLO;SBSP;SBBH;158,63;1
2002;9;GLO;SBKP;SBRJ;349,20;1
2002;9;GLO;SBSP;SBGL;208,37;155
2002;9;GLO;SBCT;SBSP;189,74;284
2002;9;GLO;SBFL;SBGL;253,71;93
2002;9;GLO;SBBH;SBRJ;206,69;1
2002;9;NES;SBMQ;SBBE;239,00;168
2002;9;NES;SBRF;SBFZ;294,00;79
2002;9;NES;SBBR;SBBH;419,00;22
2002;9;NES;SBPS;SBSP;667,97;3
2002;9;NES;SBSP;SBBR;264,00;11
2002;9;NES;SBSP;SBPS;317,00;96
2002;9;NES;SBBE;SBMQ;239,00;117
2002;9;NES;SBBE;SBMQ;191,00;85
2002;9;NES;SBPS;SBSP;323,00;260
2002;9;NES;SBKP;SBSP;100,00;6
2002;9;NES;SBSP;SBKP;100,00;3
2002;9;NES;SBSP;SBPS;422,00;126
2002;9;NES;SBSP;SBPS;667,97;1
2002;9;NES;SBBH;SBBR;244,00;82
2002;9;NES;SBMQ;SBBE;215,00;6
2002;9;NES;SBBR;SBSP;259,00;45
2002;9;NES;SBSP;SBKP;80,00;4
2002;9;NES;SBMQ;SBBE;167,00;42
2002;9;NES;SBRF;SBFZ;367,00;81
2002;9;NES;SBBH;SBBR;279,00;214
2002;9;NES;SBBR;SBBH;244,00;29
2002;9;NES;SBSV;SBRF;253,00;64
2002;9;NES;SBBH;SBBR;349,00;172
2002;9;NES;SBMQ;SBBE;287,00;407
2002;9;NES;SBBH;SBBR;314,00;32
2002;9;NES;SBPS;SBSP;422,00;130
2002;9;NES;SBSV;SBRF;221,00;29
2002;9;NES;SBBR;SBBH;349,00;162
2002;9;NES;SBRF;SBSV;434,00;335
2002;9;NES;SBBR;SBSP;518,00;35
2002;9;NES;SBMQ;SBBE;191,00;93
2002;9;NES;SBBR;SBSP;389,00;88
2002;9;NES;SBBR;SBSP;432,00;264
2002;9;NES;SBRF;SBSV;326,00;32
2002;9;NES;SBBR;SBSP;302,00;18
2002;9;NES;SBSP;SBBR;302,00;48
2002;9;NES;SBSP;SBKP;60,00;2
2002;9;NES;SBSV;SBRF;290,00;225
2002;9;NES;SBBE;SBMQ;287,00;217
2002;9;NES;SBFZ;SBRF;367,00;94
2002;9;NES;SBRF;SBFZ;330,00;22
2002;9;NES;SBFZ;SBRF;294,00;91
2002;9;NES;SBPS;SBSP;317,00;85
2002;9;NES;SBSP;SBBR;432,00;299
2002;9;NES;SBRF;SBFZ;440,00;44
2002;9;NES;SBRF;SBSV;290,00;278
2002;9;NES;SBPS;SBSP;475,00;59
2002;9;NES;SBBH;SBBR;419,00;20
2002;9;NES;SBRF;SBSV;59,00;163
2002;9;NES;SBBR;SBBH;314,00;49
2002;9;NES;SBBH;SBSP;320,00;9
2002;9;NES;SBRF;SBFZ;220,00;24
2002;9;NES;SBRF;SBSV;362,00;267
2002;9;NES;SBSP;SBBR;389,00;405
2002;9;NES;SBFZ;SBRF;223,00;27
2002;9;NES;SBSP;SBPS;475,00;34
2002;9;NES;SBSP;SBBR;518,00;55
2002;9;NES;SBPS;SBSP;528,00;227
2002;9;NES;SBBR;SBSP;264,00;1
2002;9;NES;SBFZ;SBRF;440,00;52
2002;9;NES;SBSP;SBPS;528,00;105
2002;9;NES;SBBE;SBMQ;215,00;7
2002;9;NES;SBSP;SBPS;370,00;63
2002;9;NES;SBMQ;SBBE;301,07;1
2002;9;NES;SBSV;SBRF;326,00;23
2002;9;NES;SBBE;SBMQ;167,00;40
2002;9;NES;SBSV;SBRF;362,00;156
2002;9;NES;SBSP;SBBR;259,00;83
2002;9;NES;SBSP;SBBR;346,00;129
2002;9;NES;SBRF;SBSV;221,00;34
2002;9;NES;SBRF;SBFZ;257,00;48
2002;9;NES;SBKP;SBSP;120,00;3
2002;9;NES;SBBR;SBSP;544,94;2
2002;9;NES;SBRF;SBSV;253,00;80
2002;9;NES;SBSP;SBPS;634,00;81
2002;9;NES;SBPS;SBSP;634,00;120
2002;9;NES;SBPS;SBSP;370,00;43
2002;9;NES;SBFZ;SBRF;257,00;80
2002;9;NES;SBBE;SBMQ;99,00;260
2002;9;NES;SBFZ;SBRF;461,00;2
2002;9;NES;SBFZ;SBRF;330,00;31
2002;9;NES;SBBH;SBBR;209,00;13
2002;9;NES;SBMQ;SBBE;99,00;234
2002;9;NES;SBFZ;SBRF;220,00;8
2002;9;NES;SBBR;SBBH;279,00;105
2002;9;NES;SBBH;SBBR;440,94;2
2002;9;NES;SBBE;SBMQ;301,07;1
2002;9;NES;SBSV;SBRF;434,00;239
2002;9;NES;SBRF;SBFZ;223,00;3
2002;9;NES;SBSP;SBPS;323,00;464
2002;9;NES;SBKP;SBSP;60,00;3
2002;9;NES;SBSP;SBBH;320,00;9
2002;9;NES;SBBR;SBSP;346,00;54
2002;9;NES;SBBR;SBBH;209,00;7
2002;9;NES;SBSP;SBBR;544,94;10
2002;9;RSL;SBSV;SBGL;332,00;759
2002;9;RSL;SBRJ;SBVT;337,00;7
2002;9;RSL;SBRJ;SBPA;376,00;264
2002;9;RSL;SBSP;SBBR;591,00;2898
2002;9;RSL;SBRJ;SBKP;298,00;79
2002;9;RSL;SBSV;SBBR;643,00;1
2002;9;RSL;SBKP;SBRJ;387,00;768
2002;9;RSL;SBBE;SBBR;550,00;24
2002;9;RSL;SBFL;SBGL;309,00;130
2002;9;RSL;SBBR;SBBH;296,00;288
2002;9;RSL;SBPA;SBSP;525,00;185
2002;9;RSL;SBFL;SBPA;344,00;7
2002;9;RSL;SBRJ;SBBH;320,00;42
2002;9;RSL;SBBR;SBBH;430,00;94
2002;9;RSL;SBGL;SBSV;390,00;204
2002;9;RSL;SBBH;SBBR;323,00;276
2002;9;RSL;SBBR;SBSV;374,00;120
2002;9;RSL;SBBH;SBRJ;364,00;2814
2002;9;RSL;SBFL;SBSP;391,00;151
2002;9;RSL;SBRJ;SBKP;387,00;651
2002;9;RSL;SBSP;SBPA;460,00;509
2002;9;RSL;SBVT;SBSP;350,00;56
2002;9;RSL;SBCT;SBPA;253,00;1825
2002;9;RSL;SBFL;SBRJ;309,00;211
2002;9;RSL;SBSP;SBVT;636,00;6
2002;9;RSL;SBFL;SBPA;364,00;116
2002;9;RSL;SBBH;SBSP;255,00;5398
2002;9;RSL;SBCT;SBSP;315,00;81
2002;9;RSL;SBKP;SBRJ;234,00;93
2002;9;RSL;SBFL;SBRJ;454,00;31
2002;9;RSL;SBKP;SBRJ;366,00;6
2002;9;RSL;SBSP;SBGO;379,00;141
2002;9;RSL;SBPS;SBSP;454,00;312
2002;9;RSL;SBPS;SBSP;530,00;155
2002;9;RSL;SBPA;SBFL;364,00;222
2002;9;RSL;SBRJ;SBBR;543,00;168
2002;9;RSL;SBBR;SBCT;561,00;38
2002;9;RSL;SBCT;SBRJ;537,00;385
2002;9;RSL;SBCT;SBPA;552,00;6
2002;9;RSL;SBGL;SBFL;309,00;223
2002;9;RSL;SBGL;SBCT;295,00;162
2002;9;RSL;SBCT;SBBR;729,00;71
2002;9;RSL;SBCT;SBGR;236,00;109
2002;9;RSL;SBSP;SBFL;444,00;184
2002;9;RSL;SBSP;SBBR;558,00;82
2002;9;RSL;SBSV;SBBR;449,00;27
2002;9;RSL;SBSV;SBBR;374,00;81
2002;9;RSL;SBRJ;SBBR;740,00;195
2002;9;RSL;SBCT;SBSP;338,00;10
2002;9;RSL;SBFL;SBRJ;357,00;31
2002;9;RSL;SBBR;SBBH;377,00;498
2002;9;RSL;SBVT;SBRJ;232,00;138
2002;9;RSL;SBCT;SBRJ;354,00;56
2002;9;RSL;SBSP;SBNF;322,00;188
2002;9;RSL;SBRJ;SBVT;383,00;1033
2002;9;RSL;SBBR;SBBE;1001,00;44
2002;9;RSL;SBBR;SBSP;709,00;119
2002;9;RSL;SBBE;SBBR;505,00;13
2002;9;RSL;SBBH;SBBR;296,00;231
2002;9;RSL;SBPA;SBCT;278,00;84
2002;9;RSL;SBCT;SBGR;338,00;30
2002;9;RSL;SBBR;SBBE;459,00;140
2002;9;RSL;SBVT;SBRJ;211,00;426
2002;9;RSL;SBBR;SBRJ;740,00;129
2002;9;RSL;SBGO;SBSP;689,00;43
2002;9;RSL;SBRJ;SBBR;407,00;490
2002;9;RSL;SBSP;SBFL;269,00;63
2002;9;RSL;SBFL;SBRJ;590,00;83
2002;9;RSL;SBBE;SBBR;642,00;61
2002;9;RSL;SBFL;SBGL;357,00;5
2002;9;RSL;SBPA;SBFL;163,00;1148
2002;9;RSL;SBBR;SBRJ;339,00;552
2002;9;RSL;SBBR;SBSP;591,00;2999
2002;9;RSL;SBBR;SBBH;587,00;26
2002;9;RSL;SBRJ;SBPA;556,00;8
2002;9;RSL;SBSP;SBFL;199,00;933
2002;9;RSL;SBPA;SBFL;280,00;102
2002;9;RSL;SBSP;SBPA;564,00;18
2002;9;RSL;SBCT;SBRJ;413,00;80
2002;9;RSL;SBSP;SBGO;316,00;783
2002;9;RSL;SBBR;SBBE;834,00;89
2002;9;RSL;SBVT;SBSP;408,00;102
2002;9;RSL;SBCT;SBRJ;644,00;36
2002;9;RSL;SBSP;SBNF;217,00;2065
2002;9;RSL;SBVT;SBSP;466,00;47
2002;9;RSL;SBRJ;SBVT;295,00;66
2002;9;RSL;SBRJ;SBFL;454,00;10
2002;9;RSL;SBSP;SBGO;505,00;13
2002;9;RSL;SBPA;SBFL;320,00;32
2002;9;RSL;SBSP;SBPA;525,00;182
2002;9;RSL;SBSV;SBGL;670,00;4
2002;9;RSL;SBBE;SBBR;834,00;53
2002;9;RSL;SBSP;SBBH;392,00;79
2002;9;RSL;SBCT;SBSP;217,00;295
2002;9;RSL;SBCT;SBGL;295,00;103
2002;9;RSL;SBGL;SBCT;255,00;534
2002;9;RSL;SBRJ;SBKP;144,00;1252
2002;9;RSL;SBGL;SBSV;709,00;152
2002;9;RSL;SBPA;SBRJ;477,00;17
2002;9;RSL;SBGO;SBSP;379,00;200
2002;9;RSL;SBBR;SBRJ;293,00;3304
2002;9;RSL;SBCT;SBGR;358,00;165
2002;9;RSL;SBNF;SBSP;322,00;286
2002;9;RSL;SBBH;SBRJ;220,00;243
2002;9;RSL;SBVT;SBRJ;362,00;3
2002;9;RSL;SBFL;SBSP;244,00;434
2002;9;RSL;SBFL;SBSP;444,00;386
2002;9;RSL;SBKP;SBRJ;213,00;412
2002;9;RSL;SBCT;SBFL;230,00;141
2002;9;RSL;SBBR;SBBE;550,00;39
2002;9;RSL;SBBR;SBCT;309,00;435
2002;9;RSL;SBCT;SBGR;207,00;207
2002;9;RSL;SBCT;SBPA;405,00;44
2002;9;RSL;SBPA;SBFL;344,00;11
2002;9;RSL;SBKP;SBCT;276,00;52
2002;9;RSL;SBBR;SBRJ;373,00;171
2002;9;RSL;SBKP;SBRJ;144,00;1455
2002;9;RSL;SBCT;SBBR;481,00;54
2002;9;RSL;SBSV;SBGL;390,00;260
2002;9;RSL;SBSP;SBBH;255,00;6100
2002;9;RSL;SBRJ;SBFL;324,00;31
2002;9;RSL;SBPA;SBRJ;437,00;5
2002;9;RSL;SBGR;SBCT;276,00;106
2002;9;RSL;SBRJ;SBCT;537,00;278
2002;9;RSL;SBSV;SBBR;680,00;61
2002;9;RSL;SBFL;SBPA;320,00;11
2002;9;RSL;SBGO;SBSP;542,00;1
2002;9;RSL;SBRJ;SBVT;232,00;84
2002;9;RSL;SBBR;SBSV;643,00;1
2002;9;RSL;SBSP;SBCT;206,00;1946
2002;9;RSL;SBPA;SBSP;361,00;592
2002;9;RSL;SBNF;SBSP;276,00;152
2002;9;RSL;SBSP;SBGO;442,00;126
2002;9;RSL;SBSP;SBBH;270,00;561
2002;9;RSL;SBSP;SBCT;430,00;24
2002;9;RSL;SBRJ;SBBH;220,00;269
2002;9;RSL;SBRJ;SBBR;475,00;533
2002;9;RSL;SBCT;SBGR;430,00;53
2002;9;RSL;SBBR;SBCT;401,00;86
2002;9;RSL;SBSP;SBNF;253,00;204
2002;9;RSL;SBSP;SBFL;342,00;21
2002;9;RSL;SBPA;SBCT;460,00;369
2002;9;RSL;SBGR;SBCT;430,00;35
2002;9;RSL;SBFL;SBSP;269,00;144
2002;9;RSL;SBFL;SBRJ;389,00;28
2002;9;RSL;SBNF;SBSP;418,00;539
2002;9;RSL;SBPS;SBSP;378,00;67
2002;9;RSL;SBBR;SBBH;278,00;2040
2002;9;RSL;SBSP;SBFL;420,00;9
2002;9;RSL;SBSP;SBFL;293,00;60
2002;9;RSL;SBGO;SBSP;316,00;778
2002;9;RSL;SBGO;SBSP;347,00;109
2002;9;RSL;SBVT;SBSP;530,00;388
2002;9;RSL;SBVT;SBSP;247,00;1968
2002;9;RSL;SBRJ;SBBH;200,00;828
2002;9;RSL;SBGL;SBSV;624,00;21
2002;9;RSL;SBSV;SBBR;334,00;353
2002;9;RSL;SBSV;SBBR;816,00;24
2002;9;RSL;SBGL;SBFL;519,00;7
2002;9;RSL;SBSP;SBPA;597,00;1673
2002;9;RSL;SBSP;SBBH;294,00;273
2002;9;RSL;SBBR;SBSV;524,00;170
2002;9;RSL;SBNF;SBSP;217,00;2131
2002;9;RSL;SBCT;SBGL;325,00;26
2002;9;RSL;SBFL;SBGL;389,00;9
2002;9;RSL;SBBH;SBBR;377,00;627
2002;9;RSL;SBKP;SBCT;217,00;4
2002;9;RSL;SBRJ;SBCT;413,00;85
2002;9;RSL;SBRJ;SBCT;295,00;174
2002;9;RSL;SBSP;SBVT;247,00;2465
2002;9;RSL;SBRJ;SBPA;722,00;44
2002;9;RSL;SBPA;SBRJ;635,00;5
2002;9;RSL;SBBH;SBSP;343,00;781
2002;9;RSL;SBCT;SBRJ;295,00;207
2002;9;RSL;SBRJ;SBCT;325,00;45
2002;9;RSL;SBRJ;SBCT;644,00;10
2002;9;RSL;SBGL;SBCT;325,00;43
2002;9;RSL;SBCT;SBGR;276,00;144
2002;9;RSL;SBGL;SBSV;429,00;96
2002;9;RSL;SBBH;SBSP;392,00;100
2002;9;RSL;SBBH;SBBR;278,00;2020
2002;9;RSL;SBNF;SBSP;253,00;299
2002;9;RSL;SBRJ;SBBR;583,00;25
2002;9;RSL;SBFL;SBGL;454,00;36
2002;9;RSL;SBBH;SBRJ;320,00;39
2002;9;RSL;SBRJ;SBPA;477,00;11
2002;9;RSL;SBSV;SBGL;709,00;292
2002;9;RSL;SBSP;SBFL;244,00;107
2002;9;RSL;SBBH;SBRJ;240,00;133
2002;9;RSL;SBPS;SBSP;688,00;122
2002;9;RSL;SBFL;SBPA;220,00;52
2002;9;RSL;SBKP;SBCT;358,00;481
2002;9;RSL;SBSP;SBPA;344,00;4926
2002;9;RSL;SBSP;SBBH;421,00;15
2002;9;RSL;SBSP;SBCT;358,00;2238
2002;9;RSL;SBBH;SBSP;270,00;569
2002;9;RSL;SBSP;SBNF;368,00;27
2002;9;RSL;SBBR;SBSP;358,00;514
2002;9;RSL;SBPA;SBFL;240,00;50
2002;9;RSL;SBBE;SBBR;734,00;7
2002;9;RSL;SBSP;SBBR;390,00;483
2002;9;RSL;SBCT;SBBR;309,00;435
2002;9;RSL;SBCT;SBSP;276,00;793
2002;9;RSL;SBRJ;SBBH;174,00;7501
2002;9;RSL;SBVT;SBRJ;383,00;1160
2002;9;RSL;SBGL;SBSV;546,00;153
2002;9;RSL;SBSP;SBGO;689,00;49
2002;9;RSL;SBFL;SBRJ;558,00;12
2002;9;RSL;SBRJ;SBBH;344,00;4
2002;9;RSL;SBSP;SBPA;361,00;504
2002;9;RSL;SBBR;SBSV;598,00;16
2002;9;RSL;SBVT;SBRJ;337,00;21
2002;9;RSL;SBKP;SBRJ;341,00;19
2002;9;RSL;SBGL;SBSV;468,00;116
2002;9;RSL;SBPA;SBCT;435,00;9
2002;9;RSL;SBVT;SBSP;321,00;70
2002;9;RSL;SBKP;SBCT;236,00;65
2002;9;RSL;SBNF;SBSP;395,00;18
2002;9;RSL;SBCT;SBSP;206,00;1729
2002;9;RSL;SBCT;SBSP;236,00;365
2002;9;RSL;SBRJ;SBFL;389,00;23
2002;9;RSL;SBGL;SBCT;354,00;57
2002;9;RSL;SBSP;SBVT;321,00;114
2002;9;RSL;SBBH;SBSP;294,00;260
2002;9;RSL;SBSV;SBBR;524,00;61
2002;9;RSL;SBSP;SBVT;291,00;746
2002;9;RSL;SBGR;SBCT;217,00;35
2002;9;RSL;SBGR;SBCT;206,00;151
2002;9;RSL;SBBR;SBCT;481,00;54
2002;9;RSL;SBRJ;SBCT;473,00;22
2002;9;RSL;SBCT;SBPA;460,00;521
2002;9;RSL;SBVT;SBRJ;253,00;85
2002;9;RSL;SBGR;SBCT;358,00;148
2002;9;RSL;SBBE;SBBR;1001,00;15
2002;9;RSL;SBBH;SBBR;462,00;10
2002;9;RSL;SBBH;SBRJ;280,00;243
2002;9;RSL;SBCT;SBKP;338,00;1
2002;9;RSL;SBSP;SBNF;418,00;701
2002;9;RSL;SBBH;SBRJ;174,00;7505
2002;9;RSL;SBCT;SBKP;217,00;24
2002;9;RSL;SBCT;SBKP;276,00;82
2002;9;RSL;SBRJ;SBKP;341,00;14
2002;9;RSL;SBCT;SBPA;278,00;92
2002;9;RSL;SBRJ;SBFL;357,00;4
2002;9;RSL;SBSP;SBGO;574,00;409
2002;9;RSL;SBBH;SBSP;421,00;15
2002;9;RSL;SBKP;SBRJ;255,00;44
2002;9;RSL;SBCT;SBKP;358,00;293
2002;9;RSL;SBRJ;SBPA;437,00;10
2002;9;RSL;SBVT;SBRJ;144,00;4968
2002;9;RSL;SBFL;SBGL;324,00;16
2002;9;RSL;SBCT;SBBR;401,00;86
2002;9;RSL;SBKP;SBCT;315,00;2
2002;9;RSL;SBSP;SBVT;466,00;20
2002;9;RSL;SBFL;SBSP;293,00;102
2002;9;RSL;SBVT;SBRJ;295,00;157
2002;9;RSL;SBVT;SBSP;501,00;2
2002;9;RSL;SBPA;SBCT;250,00;335
2002;9;RSL;SBBR;SBSV;411,00;61
2002;9;RSL;SBSP;SBCT;338,00;12
2002;9;RSL;SBGO;SBSP;272,00;2794
2002;9;RSL;SBRJ;SBKP;366,00;1
2002;9;RSL;SBGR;SBCT;315,00;52
2002;9;RSL;SBSP;SBBR;336,00;4424
2002;9;RSL;SBRJ;SBPA;682,00;5
2002;9;RSL;SBSP;SBPS;416,00;18
2002;9;RSL;SBRJ;SBFL;309,00;196
2002;9;RSL;SBBR;SBSP;334,00;2432
2002;9;RSL;SBRJ;SBBR;293,00;4136
2002;9;RSL;SBBR;SBBH;323,00;223
2002;9;RSL;SBKP;SBCT;206,00;658
2002;9;RSL;SBRJ;SBBR;339,00;851
2002;9;RSL;SBPA;SBRJ;722,00;99
2002;9;RSL;SBSP;SBBR;455,00;795
2002;9;RSL;SBRJ;SBBH;240,00;149
2002;9;RSL;SBBR;SBRJ;617,00;1180
2002;9;RSL;SBSV;SBGL;546,00;177
2002;9;RSL;SBSV;SBGL;429,00;125
2002;9;RSL;SBGL;SBFL;454,00;26
2002;9;RSL;SBSV;SBBR;598,00;22
2002;9;RSL;SBNF;SBSP;230,00;1311
2002;9;RSL;SBCT;SBPA;435,00;8
2002;9;RSL;SBFL;SBPA;163,00;1023
2002;9;RSL;SBCT;SBKP;206,00;885
2002;9;RSL;SBPA;SBSP;564,00;40
2002;9;RSL;SBCT;SBPA;250,00;338
2002;9;RSL;SBCT;SBGL;354,00;27
2002;9;RSL;SBPA;SBFL;200,00;556
2002;9;RSL;SBCT;SBBR;642,00;11
2002;9;RSL;SBBE;SBBR;788,00;3
2002;9;RSL;SBPA;SBSP;597,00;1591
2002;9;RSL;SBSP;SBBH;446,00;4729
2002;9;RSL;SBRJ;SBKP;234,00;72
2002;9;RSL;SBGL;SBFL;590,00;41
2002;9;RSL;SBSV;SBGL;468,00;161
2002;9;RSL;SBSV;SBGL;624,00;66
2002;9;RSL;SBBR;SBSP;520,00;254
2002;9;RSL;SBGL;SBCT;473,00;15
2002;9;RSL;SBBR;SBSP;558,00;36
2002;9;RSL;SBCT;SBKP;430,00;5
2002;9;RSL;SBBH;SBSP;535,00;1
2002;9;RSL;SBSP;SBCT;217,00;561
2002;9;RSL;SBGL;SBFL;389,00;19
2002;9;RSL;SBCT;SBRJ;255,00;645
2002;9;RSL;SBSP;SBPA;394,00;228
2002;9;RSL;SBBR;SBRJ;407,00;125
2002;9;RSL;SBRJ;SBVT;211,00;217
2002;9;RSL;SBPA;SBSP;460,00;533
2002;9;RSL;SBKP;SBCT;430,00;8
2002;9;RSL;SBGR;SBCT;236,00;67
2002;9;RSL;SBGO;SBSP;442,00;107
2002;9;RSL;SBGL;SBCT;537,00;113
2002;9;RSL;SBRJ;SBBR;373,00;424
2002;9;RSL;SBBH;SBBR;276,00;798
2002;9;RSL;SBRJ;SBKP;255,00;36
2002;9;RSL;SBCT;SBBR;561,00;38
2002;9;RSL;SBNF;SBSP;368,00;47
2002;9;RSL;SBBR;SBCT;729,00;71
2002;9;RSL;SBFL;SBRJ;324,00;88
2002;9;RSL;SBVT;SBSP;291,00;559
2002;9;RSL;SBPA;SBCT;405,00;15
2002;9;RSL;SBSP;SBVT;350,00;45
2002;9;RSL;SBRJ;SBPA;397,00;24
2002;9;RSL;SBBR;SBBE;400,00;670
2002;9;RSL;SBBR;SBRJ;583,00;10
2002;9;RSL;SBFL;SBSP;199,00;1391
2002;9;RSL;SBSP;SBBH;343,00;713
2002;9;RSL;SBRJ;SBBH;364,00;2540
2002;9;RSL;SBGL;SBCT;413,00;127
2002;9;RSL;SBFL;SBPA;240,00;26
2002;9;RSL;SBSP;SBGO;272,00;2652
2002;9;RSL;SBKP;SBRJ;298,00;61
2002;9;RSL;SBPA;SBSP;394,00;256
2002;9;RSL;SBFL;SBCT;263,00;2
2002;9;RSL;SBBR;SBSP;390,00;540
2002;9;RSL;SBSP;SBVT;530,00;366
2002;9;RSL;SBPA;SBCT;304,00;151
2002;9;RSL;SBPA;SBSP;344,00;5048
2002;9;RSL;SBSP;SBBR;520,00;142
2002;9;RSL;SBSP;SBCT;315,00;99
2002;9;RSL;SBFL;SBGL;590,00;29
2002;9;RSL;SBSP;SBVT;408,00;101
2002;9;RSL;SBGO;SBSP;574,00;616
2002;9;RSL;SBCT;SBGL;537,00;80
2002;9;RSL;SBCT;SBBR;441,00;12
2002;9;RSL;SBSP;SBGO;347,00;145
2002;9;RSL;SBRJ;SBVT;253,00;27
2002;9;RSL;SBGR;SBCT;338,00;33
2002;9;RSL;SBCT;SBPA;304,00;266
2002;9;RSL;SBCT;SBKP;236,00;87
2002;9;RSL;SBRJ;SBBR;617,00;1784
2002;9;RSL;SBBR;SBBE;734,00;17
2002;9;RSL;SBBR;SBBH;489,00;742
2002;9;RSL;SBCT;SBSP;358,00;2015
2002;9;RSL;SBBR;SBSV;334,00;312
2002;9;RSL;SBCT;SBGR;206,00;152
2002;9;RSL;SBFL;SBSP;342,00;206
2002;9;RSL;SBSP;SBBR;358,00;386
2002;9;RSL;SBSP;SBGO;542,00;1
2002;9;RSL;SBGR;SBCT;207,00;226
2002;9;RSL;SBFL;SBSP;420,00;62
2002;9;RSL;SBSP;SBPS;688,00;139
2002;9;RSL;SBRJ;SBCT;507,00;3
2002;9;RSL;SBRJ;SBCT;354,00;96
2002;9;RSL;SBPS;SBSP;416,00;21
2002;9;RSL;SBBR;SBRJ;475,00;270
2002;9;RSL;SBBR;SBRJ;543,00;48
2002;9;RSL;SBBR;SBCT;642,00;11
2002;9;RSL;SBSV;SBBR;411,00;41
2002;9;RSL;SBSP;SBPS;378,00;15
2002;9;RSL;SBPA;SBCT;354,00;132
2002;9;RSL;SBSP;SBNF;395,00;14
2002;9;RSL;SBBE;SBBR;400,00;369
2002;9;RSL;SBBR;SBSV;449,00;60
2002;9;RSL;SBSP;SBBR;334,00;1899
2002;9;RSL;SBVT;SBRJ;460,00;2
2002;9;RSL;SBGL;SBFL;324,00;76
2002;9;RSL;SBGO;SBSP;505,00;13
2002;9;RSL;SBCT;SBFL;299,00;21
2002;9;RSL;SBCT;SBSP;430,00;33
2002;9;RSL;SBSP;SBBR;709,00;69
2002;9;RSL;SBSP;SBCT;236,00;511
2002;9;RSL;SBFL;SBCT;299,00;23
2002;9;RSL;SBBR;SBSP;336,00;5152
2002;9;RSL;SBBR;SBBE;642,00;84
2002;9;RSL;SBPA;SBRJ;556,00;8
2002;9;RSL;SBPA;SBRJ;397,00;18
2002;9;RSL;SBCT;SBPA;354,00;264
2002;9;RSL;SBRJ;SBFL;558,00;3
2002;9;RSL;SBSP;SBNF;230,00;1227
2002;9;RSL;SBCT;SBGR;315,00;51
2002;9;RSL;SBRJ;SBVT;144,00;3213
2002;9;RSL;SBRJ;SBCT;255,00;629
2002;9;RSL;SBBR;SBSV;680,00;129
2002;9;RSL;SBFL;SBPA;200,00;487
2002;9;RSL;SBBH;SBBR;430,00;90
2002;9;RSL;SBBH;SBBR;489,00;623
2002;9;RSL;SBSP;SBPS;530,00;221
2002;9;RSL;SBBH;SBRJ;344,00;5
2002;9;RSL;SBRJ;SBPA;635,00;7
2002;9;RSL;SBPS;SBSP;605,00;3
2002;9;RSL;SBSP;SBPS;605,00;2
2002;9;RSL;SBFL;SBRJ;519,00;40
2002;9;RSL;SBBR;SBCT;441,00;12
2002;9;RSL;SBCT;SBGR;217,00;49
2002;9;RSL;SBRJ;SBKP;213,00;320
2002;9;RSL;SBRJ;SBFL;590,00;41
2002;9;RSL;SBSP;SBPS;454,00;185
2002;9;RSL;SBCT;SBRJ;325,00;27
2002;9;RSL;SBPS;SBSP;650,00;3
2002;9;RSL;SBSP;SBCT;276,00;1034
2002;9;RSL;SBRJ;SBFL;519,00;21
2002;9;RSL;SBSP;SBFL;391,00;44
2002;9;RSL;SBFL;SBCT;197,00;3
2002;9;RSL;SBSP;SBNF;276,00;118
2002;9;RSL;SBSP;SBCT;207,00;4320
2002;9;RSL;SBBR;SBBH;276,00;753
2002;9;RSL;SBCT;SBRJ;473,00;13
2002;9;RSL;SBCT;SBGL;473,00;4
2002;9;RSL;SBBH;SBSP;254,00;2761
2002;9;RSL;SBFL;SBCT;230,00;215
2002;9;RSL;SBSP;SBBH;254,00;3001
2002;9;RSL;SBCT;SBKP;315,00;4
2002;9;RSL;SBBE;SBBR;459,00;88
2002;9;RSL;SBBH;SBRJ;200,00;795
2002;9;RSL;SBPA;SBCT;253,00;1190
2002;9;RSL;SBCT;SBGL;255,00;405
2002;9;RSL;SBGL;SBSV;332,00;764
2002;9;RSL;SBBR;SBBH;462,00;6
2002;9;RSL;SBGL;SBFL;357,00;31
2002;9;RSL;SBBR;SBBE;505,00;35
2002;9;RSL;SBBR;SBSV;816,00;31
2002;9;RSL;SBRJ;SBBH;280,00;281
2002;9;RSL;SBBH;SBSP;446,00;4610
2002;9;RSL;SBCT;SBFL;197,00;5
2002;9;RSL;SBPA;SBRJ;376,00;280
2002;9;RSL;SBBR;SBSP;455,00;1028
2002;9;RSL;SBCT;SBSP;207,00;3313
2002;9;RSL;SBFL;SBPA;280,00;71
2002;9;RSL;SBCT;SBGL;413,00;119
2002;9;RSL;SBPA;SBFL;220,00;94
2002;9;TAM;SBGR;SBFL;220,01;127
2002;9;TAM;SBRJ;SBBH;211,01;40
2002;9;TAM;SBSP;SBGL;175,01;1890
2002;9;TAM;SBRJ;SBBH;364,01;34
2002;9;TAM;SBBH;SBCT;348,00;409
2002;9;TAM;SBGR;SBCF;449,92;557
2002;9;TAM;SBCT;SBBR;729,05;34
2002;9;TAM;SBBR;SBBH;315,00;97
2002;9;TAM;SBGL;SBSV;433,01;24
2002;9;TAM;SBFZ;SBRF;309,99;12
2002;9;TAM;SBFL;SBBR;793,45;37
2002;9;TAM;SBBR;SBFZ;635,06;5
2002;9;TAM;SBCT;SBPA;335,99;864
2002;9;TAM;SBPA;SBGR;374,03;44
2002;9;TAM;SBGL;SBBR;320,36;4
2002;9;TAM;SBRF;SBGL;1209,93;2
2002;9;TAM;SBGR;SBSV;513,94;75
2002;9;TAM;SBSP;SBKP;174,00;28
2002;9;TAM;SBSP;SBRP;321,00;114
2002;9;TAM;SBSV;SBGL;677,02;102
2002;9;TAM;SBCT;SBSP;299,99;67
2002;9;TAM;SBKP;SBBR;331,01;617
2002;9;TAM;SBBR;SBKP;513,99;92
2002;9;TAM;SBVT;SBSP;466,00;103
2002;9;TAM;SBRF;SBFZ;309,99;9
2002;9;TAM;SBSP;SBGL;222,01;579
2002;9;TAM;SBFL;SBBR;524,54;251
2002;9;TAM;SBFL;SBGR;366,99;34
2002;9;TAM;SBBR;SBBH;388,02;160
2002;9;TAM;SBGR;SBGL;277,99;25
2002;9;TAM;SBKP;SBBR;585,97;59
2002;9;TAM;SBVT;SBRJ;139,99;1383
2002;9;TAM;SBGR;SBKP;158,00;12
2002;9;TAM;SBGL;SBRF;562,97;46
2002;9;TAM;SBSP;SBRJ;335,98;293
2002;9;TAM;SBBR;SBGR;497,01;18
2002;9;TAM;SBPA;SBGL;474,97;64
2002;9;TAM;SBGO;SBBR;247,00;33
2002;9;TAM;SBCT;SBKP;357,99;6
2002;9;TAM;SBFL;SBSP;579,01;15
2002;9;TAM;SBSV;SBRF;250,00;35
2002;9;TAM;SBGL;SBCT;327,00;11
2002;9;TAM;SBRF;SBGL;819,94;28
2002;9;TAM;SBBR;SBFL;437,62;115
2002;9;TAM;SBKP;SBCT;296,98;2
2002;9;TAM;SBSP;SBVT;466,00;6
2002;9;TAM;SBKP;SBCT;357,99;2
2002;9;TAM;SBPA;SBFL;179,00;39
2002;9;TAM;SBPA;SBCT;480,01;5
2002;9;TAM;SBKP;SBGR;121,00;51
2002;9;TAM;SBSV;SBBR;402,01;23
2002;9;TAM;SBBR;SBGO;205,00;87
2002;9;TAM;SBSP;SBFL;484,00;10
2002;9;TAM;SBFZ;SBRF;338,02;162
2002;9;TAM;SBSP;SBUL;463,02;69
2002;9;TAM;SBSP;SBUL;379,00;116
2002;9;TAM;SBPA;SBCT;390,99;191
2002;9;TAM;SBGR;SBCF;366,74;9
2002;9;TAM;SBCT;SBGL;540,02;6
2002;9;TAM;SBBE;SBBR;397,03;519
2002;9;TAM;SBGL;SBGR;335,99;130
2002;9;TAM;SBPA;SBCT;507,99;17
2002;9;TAM;SBGL;SBSV;628,95;53
2002;9;TAM;SBCT;SBGR;231,02;137
2002;9;TAM;SBCT;SBGR;300,02;93
2002;9;TAM;SBGL;SBPA;435,96;7
2002;9;TAM;SBRF;SBGL;562,97;18
2002;9;TAM;SBBR;SBRJ;582,97;20
2002;9;TAM;SBPA;SBGL;435,96;6
2002;9;TAM;SBRJ;SBBR;408,04;134
2002;9;TAM;SBBH;SBCT;596,02;8
2002;9;TAM;SBSP;SBBR;349,03;1869
2002;9;TAM;SBBE;SBBR;642,07;33
2002;9;TAM;SBGL;SBSV;332,00;2031
2002;9;TAM;SBFL;SBSP;666,02;15
2002;9;TAM;SBBH;SBRJ;229,99;361
2002;9;TAM;SBGR;SBGL;317,99;182
2002;9;TAM;SBSP;SBGL;203,98;123
2002;9;TAM;SBPA;SBGR;462,00;17
2002;9;TAM;SBBE;SBBR;459,01;120
2002;9;TAM;SBVT;SBRJ;341,00;3
2002;9;TAM;SBUL;SBSP;379,00;222
2002;9;TAM;SBFL;SBPA;361,98;1
2002;9;TAM;SBCT;SBGL;702,98;2
2002;9;TAM;SBPA;SBSP;629,01;97
2002;9;TAM;SBBR;SBFL;480,69;102
2002;9;TAM;SBBR;SBBH;417,00;130
2002;9;TAM;SBBE;SBMQ;255,99;28
2002;9;TAM;SBGO;SBSP;544,99;69
2002;9;TAM;SBRF;SBSV;388,02;39
2002;9;TAM;SBUL;SBSP;439,01;185
2002;9;TAM;SBSP;SBPS;751,96;13
2002;9;TAM;SBCT;SBGR;207,00;639
2002;9;TAM;SBGL;SBCT;510,99;1
2002;9;TAM;SBCT;SBGR;280,99;82
2002;9;TAM;SBGL;SBPA;937,04;2
2002;9;TAM;SBSV;SBBR;366,05;69
2002;9;TAM;SBBR;SBRJ;319,97;142
2002;9;TAM;SBCT;SBFL;244,01;11
2002;9;TAM;SBSP;SBPA;629,01;82
2002;9;TAM;SBBE;SBBR;1000,94;7
2002;9;TAM;SBPA;SBKP;629,02;17
2002;9;TAM;SBCT;SBKP;259,99;204
2002;9;TAM;SBBR;SBRJ;408,04;85
2002;9;TAM;SBPA;SBSP;373,97;1870
2002;9;TAM;SBUL;SBSP;601,02;10
2002;9;TAM;SBSP;SBPA;345,01;10337
2002;9;TAM;SBFZ;SBBR;883,01;33
2002;9;TAM;SBSP;SBBH;392,01;183
2002;9;TAM;SBBH;SBRJ;364,01;77
2002;9;TAM;SBGO;SBSP;284,99;740
2002;9;TAM;SBKP;SBPA;450,02;1414
2002;9;TAM;SBSV;SBGL;551,06;76
2002;9;TAM;SBSV;SBBR;439,05;117
2002;9;TAM;SBVT;SBSP;317,97;41
2002;9;TAM;SBBE;SBMQ;219,02;133
2002;9;TAM;SBBR;SBFL;793,45;61
2002;9;TAM;SBGL;SBRF;638,97;17
2002;9;TAM;SBCT;SBFL;296,01;1
2002;9;TAM;SBFZ;SBRF;421,97;8
2002;9;TAM;SBGL;SBRF;931,04;18
2002;9;TAM;SBGR;SBFL;270,01;22
2002;9;TAM;SBPS;SBSP;602,04;23
2002;9;TAM;SBCT;SBBH;312,03;1341
2002;9;TAM;SBVT;SBSP;531,01;29
2002;9;TAM;SBCF;SBGR;444,91;115
2002;9;TAM;SBRJ;SBBR;475,97;46
2002;9;TAM;SBKP;SBCT;465,00;3
2002;9;TAM;SBSP;SBVT;435,00;62
2002;9;TAM;SBGR;SBSV;745,96;21
2002;9;TAM;SBGL;SBGR;438,00;2
2002;9;TAM;SBCT;SBGL;416,98;18
2002;9;TAM;SBPA;SBGL;680,00;30
2002;9;TAM;SBCF;SBGR;326,67;352
2002;9;TAM;SBBH;SBCT;486,03;74
2002;9;TAM;SBBH;SBBR;442,98;54
2002;9;TAM;SBGL;SBSP;175,01;1879
2002;9;TAM;SBGL;SBCT;416,98;14
2002;9;TAM;SBFL;SBSP;270,01;44
2002;9;TAM;SBGR;SBCT;472,98;9
2002;9;TAM;SBBR;SBCT;693,02;56
2002;9;TAM;SBSV;SBRF;388,02;57
2002;9;TAM;SBCT;SBBH;381,99;95
2002;9;TAM;SBBR;SBBH;442,98;30
2002;9;TAM;SBSP;SBRP;308,01;40
2002;9;TAM;SBBR;SBGO;218,01;37
2002;9;TAM;SBSP;SBGL;278,01;5
2002;9;TAM;SBVT;SBSP;234,96;2508
2002;9;TAM;SBRF;SBSV;305,01;13
2002;9;TAM;SBRF;SBSV;476,02;2
2002;9;TAM;SBGL;SBCT;298,03;25
2002;9;TAM;SBSV;SBRF;418,02;8
2002;9;TAM;SBBR;SBFZ;728,97;30
2002;9;TAM;SBBH;SBCT;312,03;1171
2002;9;TAM;SBBR;SBBE;791,96;7
2002;9;TAM;SBGR;SBSV;699,96;201
2002;9;TAM;SBBH;SBBR;333,00;368
2002;9;TAM;SBRJ;SBVT;383,01;23
2002;9;TAM;SBGL;SBRF;767,91;23
2002;9;TAM;SBGR;SBCF;326,67;295
2002;9;TAM;SBSP;SBUL;266,01;3
2002;9;TAM;SBCT;SBBH;253,97;124
2002;9;TAM;SBSP;SBGO;749,01;3
2002;9;TAM;SBCT;SBBR;309,02;161
2002;9;TAM;SBSP;SBGO;269,04;2305
2002;9;TAM;SBPA;SBKP;518,98;7
2002;9;TAM;SBBH;SBSP;366,00;439
2002;9;TAM;SBBR;SBGL;617,68;40
2002;9;TAM;SBSP;SBUL;439,01;44
2002;9;TAM;SBBR;SBBE;833,98;24
2002;9;TAM;SBMQ;SBBE;219,02;195
2002;9;TAM;SBBH;SBSP;418,98;25
2002;9;TAM;SBBR;SBBE;1000,94;3
2002;9;TAM;SBGL;SBCT;356,03;166
2002;9;TAM;SBBR;SBSV;664,96;48
2002;9;TAM;SBSV;SBBR;548,97;38
2002;9;TAM;SBSV;SBGL;395,04;75
2002;9;TAM;SBBH;SBSP;300,99;432
2002;9;TAM;SBBR;SBRJ;375,00;537
2002;9;TAM;SBPA;SBCT;418,98;50
2002;9;TAM;SBVT;SBSP;435,00;148
2002;9;TAM;SBGL;SBGR;295,99;24
2002;9;TAM;SBGL;SBBR;293,30;17
2002;9;TAM;SBSP;SBKP;121,00;62
2002;9;TAM;SBSP;SBFL;270,01;24
2002;9;TAM;SBSP;SBBR;378,01;466
2002;9;TAM;SBSP;SBPS;451,00;142
2002;9;TAM;SBKP;SBGR;131,00;5
2002;9;TAM;SBSV;SBGR;800,95;54
2002;9;TAM;SBGL;SBBR;545,57;4
2002;9;TAM;SBVT;SBSP;504,03;66
2002;9;TAM;SBFL;SBSP;343,02;68
2002;9;TAM;SBMQ;SBBE;255,99;15
2002;9;TAM;SBBR;SBFL;1031,23;2
2002;9;TAM;SBBR;SBSP;497,00;277
2002;9;TAM;SBCT;SBBR;480,95;546
2002;9;TAM;SBPA;SBFL;199,00;25
2002;9;TAM;SBBH;SBCT;555,99;6
2002;9;TAM;SBSP;SBPA;526,98;203
2002;9;TAM;SBBH;SBSP;255,02;6405
2002;9;TAM;SBBE;SBMQ;200,99;26
2002;9;TAM;SBKP;SBBR;367,00;230
2002;9;TAM;SBBH;SBRJ;268,00;87
2002;9;TAM;SBCF;SBGR;392,78;45
2002;9;TAM;SBBR;SBGL;583,68;160
2002;9;TAM;SBKP;SBCT;315,01;2
2002;9;TAM;SBSP;SBBR;336,02;5816
2002;9;TAM;SBGR;SBCT;300,02;41
2002;9;TAM;SBKP;SBSP;140,00;6
2002;9;TAM;SBGR;SBFL;421,01;261
2002;9;TAM;SBGO;SBSP;316,96;82
2002;9;TAM;SBBR;SBRJ;545,01;19
2002;9;TAM;SBFL;SBPA;179,00;22
2002;9;TAM;SBSP;SBVT;531,01;40
2002;9;TAM;SBGR;SBKP;131,00;4
2002;9;TAM;SBCT;SBBR;437,02;149
2002;9;TAM;SBSV;SBGR;1101,02;2
2002;9;TAM;SBFL;SBGR;392,02;25
2002;9;TAM;SBGL;SBPA;396,95;16
2002;9;TAM;SBPS;SBSP;751,96;156
2002;9;TAM;SBBH;SBSP;273,02;2149
2002;9;TAM;SBVT;SBSP;291,97;302
2002;9;TAM;SBVT;SBSP;689,02;5
2002;9;TAM;SBBH;SBRJ;211,01;77
2002;9;TAM;SBGR;SBBR;406,04;243
2002;9;TAM;SBCT;SBGR;218,99;728
2002;9;TAM;SBPA;SBCT;308,01;193
2002;9;TAM;SBBR;SBGR;569,00;424
2002;9;TAM;SBRF;SBGL;931,04;39
2002;9;TAM;SBGL;SBSP;258,98;12
2002;9;TAM;SBBR;SBFL;698,52;46
2002;9;TAM;SBCT;SBBH;348,00;272
2002;9;TAM;SBPA;SBSP;565,98;94
2002;9;TAM;SBGL;SBRF;1209,93;1
2002;9;TAM;SBRJ;SBBR;319,97;183
2002;9;TAM;SBCT;SBGR;342,99;919
2002;9;TAM;SBGR;SBCF;444,91;181
2002;9;TAM;SBGR;SBFL;392,02;18
2002;9;TAM;SBBR;SBBH;277,00;1840
2002;9;TAM;SBSV;SBGL;473,05;304
2002;9;TAM;SBBR;SBGR;406,04;329
2002;9;TAM;SBGR;SBPA;565,97;382
2002;9;TAM;SBCF;SBGR;366,74;28
2002;9;TAM;SBVT;SBRJ;317,01;12
2002;9;TAM;SBGL;SBCT;266,99;197
2002;9;TAM;SBGR;SBCF;273,54;20
2002;9;TAM;SBPS;SBSP;415,96;25
2002;9;TAM;SBGO;SBSP;269,04;1861
2002;9;TAM;SBFL;SBBR;698,52;36
2002;9;TAM;SBUL;SBSP;406,99;36
2002;9;TAM;SBGO;SBBR;182,01;1231
2002;9;TAM;SBRP;SBSP;284,01;37
2002;9;TAM;SBGR;SBSV;800,95;99
2002;9;TAM;SBGR;SBSV;846,95;88
2002;9;TAM;SBSV;SBBR;664,96;58
2002;9;TAM;SBCT;SBPA;308,01;141
2002;9;TAM;SBPA;SBKP;595,02;10
2002;9;TAM;SBPA;SBGR;526,96;15
2002;9;TAM;SBSP;SBFL;343,02;38
2002;9;TAM;SBBR;SBSP;530,00;264
2002;9;TAM;SBGR;SBSV;1101,02;2
2002;9;TAM;SBGR;SBFL;484,00;261
2002;9;TAM;SBRJ;SBVT;362,99;1
2002;9;TAM;SBBR;SBCT;641,95;61
2002;9;TAM;SBSV;SBRF;504,01;12
2002;9;TAM;SBRF;SBGL;538,08;647
2002;9;TAM;SBSP;SBFL;392,01;6
2002;9;TAM;SBBR;SBRJ;339,00;72
2002;9;TAM;SBSP;SBPA;565,98;108
2002;9;TAM;SBBR;SBFL;750,38;43
2002;9;TAM;SBBR;SBGL;375,38;169
2002;9;TAM;SBSP;SBCT;218,99;3048
2002;9;TAM;SBSP;SBFL;421,00;10
2002;9;TAM;SBRJ;SBBH;330,01;11
2002;9;TAM;SBGL;SBPA;554,00;9
2002;9;TAM;SBFL;SBGR;484,00;431
2002;9;TAM;SBRJ;SBBR;617,03;154
2002;9;TAM;SBPA;SBGR;599,01;49
2002;9;TAM;SBPA;SBFL;277,99;12
2002;9;TAM;SBSP;SBBH;618,00;6
2002;9;TAM;SBPA;SBSP;777,99;8
2002;9;TAM;SBGL;SBGR;258,98;116
2002;9;TAM;SBFL;SBPA;239,00;53
2002;9;TAM;SBBR;SBSV;402,01;24
2002;9;TAM;SBSV;SBRF;305,01;32
2002;9;TAM;SBSP;SBBH;499,01;143
2002;9;TAM;SBFL;SBCT;244,01;1
2002;9;TAM;SBKP;SBCT;259,99;91
2002;9;TAM;SBKP;SBBR;666,97;78
2002;9;TAM;SBBH;SBSP;618,00;7
2002;9;TAM;SBPA;SBGR;565,97;325
2002;9;TAM;SBFL;SBBR;655,45;102
2002;9;TAM;SBBR;SBKP;331,01;680
2002;9;TAM;SBFL;SBSP;421,00;40
2002;9;TAM;SBGR;SBPA;526,96;36
2002;9;TAM;SBSP;SBUL;601,02;6
2002;9;TAM;SBGR;SBFL;666,00;1
2002;9;TAM;SBSP;SBGL;258,98;10
2002;9;TAM;SBSP;SBCT;343,02;83
2002;9;TAM;SBFL;SBGR;198,02;331
2002;9;TAM;SBPA;SBFL;341,98;2
2002;9;TAM;SBBR;SBBE;549,98;185
2002;9;TAM;SBFL;SBSP;294,02;337
2002;9;TAM;SBKP;SBCT;217,01;40
2002;9;TAM;SBBR;SBBH;477,02;21
2002;9;TAM;SBBR;SBRJ;841,05;6
2002;9;TAM;SBBR;SBKP;549,98;107
2002;9;TAM;SBBR;SBKP;630,02;40
2002;9;TAM;SBGR;SBBR;497,01;10
2002;9;TAM;SBSP;SBPA;373,97;1826
2002;9;TAM;SBBR;SBSV;334,00;698
2002;9;TAM;SBBR;SBGL;320,36;12
2002;9;TAM;SBRJ;SBBH;287,99;22
2002;9;TAM;SBSP;SBRP;303,00;23
2002;9;TAM;SBGR;SBCF;255,54;497
2002;9;TAM;SBSV;SBRF;275,98;10
2002;9;TAM;SBRF;SBGL;716,07;53
2002;9;TAM;SBRF;SBFZ;512,01;5
2002;9;TAM;SBFL;SBGR;220,01;231
2002;9;TAM;SBGO;SBSP;443,96;107
2002;9;TAM;SBBR;SBKP;867,03;7
2002;9;TAM;SBFZ;SBRF;395,01;65
2002;9;TAM;SBSP;SBPS;415,96;52
2002;9;TAM;SBKP;SBBR;513,99;79
2002;9;TAM;SBPA;SBGL;594,02;2
2002;9;TAM;SBSP;SBBH;449,01;74
2002;9;TAM;SBMQ;SBBE;184,01;73
2002;9;TAM;SBBR;SBKP;666,97;102
2002;9;TAM;SBRF;SBFZ;254,00;33
2002;9;TAM;SBCF;SBGR;301,62;26
2002;9;TAM;SBKP;SBBR;549,98;132
2002;9;TAM;SBSP;SBVT;234,96;3075
2002;9;TAM;SBGR;SBGL;222,02;615
2002;9;TAM;SBSV;SBGL;433,01;22
2002;9;TAM;SBSP;SBPA;403,02;2439
2002;9;TAM;SBRP;SBSP;303,00;5
2002;9;TAM;SBSP;SBRP;246,99;2905
2002;9;TAM;SBBH;SBBR;297,99;250
2002;9;TAM;SBPA;SBGR;495,04;16
2002;9;TAM;SBBR;SBSP;464,00;563
2002;9;TAM;SBBH;SBBR;417,00;79
2002;9;TAM;SBRP;SBSP;321,00;80
2002;9;TAM;SBSP;SBBH;300,99;509
2002;9;TAM;SBBE;SBBR;500,07;44
2002;9;TAM;SBCT;SBSP;321,00;35
2002;9;TAM;SBPS;SBSP;527,02;33
2002;9;TAM;SBCT;SBBR;400,99;311
2002;9;TAM;SBFZ;SBBR;635,06;10
2002;9;TAM;SBPA;SBFL;299,00;1
2002;9;TAM;SBRF;SBSV;250,00;70
2002;9;TAM;SBSP;SBVT;350,03;681
2002;9;TAM;SBBE;SBMQ;314,98;13
2002;9;TAM;SBBR;SBGL;293,30;33
2002;9;TAM;SBBR;SBFL;524,54;441
2002;9;TAM;SBGL;SBPA;720,02;6
2002;9;TAM;SBFL;SBGR;563,98;99
2002;9;TAM;SBBR;SBGR;530,01;9
2002;9;TAM;SBSV;SBGR;559,94;504
2002;9;TAM;SBVT;SBRJ;271,99;247
2002;9;TAM;SBBR;SBGR;378,00;18
2002;9;TAM;SBGR;SBGL;175,00;527
2002;9;TAM;SBBR;SBSV;628,03;24
2002;9;TAM;SBSV;SBGL;715,96;74
2002;9;TAM;SBBR;SBSV;439,05;115
2002;9;TAM;SBGR;SBKP;140,00;3
2002;9;TAM;SBRF;SBFZ;451,00;8
2002;9;TAM;SBGR;SBPA;374,03;46
2002;9;TAM;SBCT;SBGL;298,03;37
2002;9;TAM;SBSV;SBGR;846,95;98
2002;9;TAM;SBCT;SBGL;474,97;3
2002;9;TAM;SBRF;SBFZ;483,98;7
2002;9;TAM;SBGR;SBBR;349,01;68
2002;9;TAM;SBBR;SBFZ;679,99;41
2002;9;TAM;SBKP;SBPA;518,98;7
2002;9;TAM;SBFL;SBBR;750,38;14
2002;9;TAM;SBKP;SBSP;131,00;2
2002;9;TAM;SBBH;SBBR;277,00;1585
2002;9;TAM;SBFL;SBPA;162,99;726
2002;9;TAM;SBGL;SBRF;615,00;188
2002;9;TAM;SBKP;SBBR;440,02;173
2002;9;TAM;SBPA;SBFL;361,98;4
2002;9;TAM;SBSP;SBGL;296,00;9
2002;9;TAM;SBPA;SBKP;817,98;3
2002;9;TAM;SBPA;SBGR;344,96;539
2002;9;TAM;SBCT;SBBR;561,02;120
2002;9;TAM;SBGL;SBRF;879,02;17
2002;9;TAM;SBBE;SBMQ;333,01;68
2002;9;TAM;SBKP;SBSP;121,00;54
2002;9;TAM;SBFZ;SBBR;505,01;467
2002;9;TAM;SBFL;SBCT;296,01;3
2002;9;TAM;SBKP;SBBR;630,02;29
2002;9;TAM;SBFL;SBSP;366,98;25
2002;9;TAM;SBCT;SBPA;279,02;1053
2002;9;TAM;SBGR;SBCF;392,78;32
2002;9;TAM;SBFL;SBGR;421,01;431
2002;9;TAM;SBGO;SBSP;635,00;30
2002;9;TAM;SBSP;SBRP;284,01;45
2002;9;TAM;SBSP;SBCT;280,99;323
2002;9;TAM;SBSV;SBGR;513,94;21
2002;9;TAM;SBBH;SBBR;477,02;103
2002;9;TAM;SBFZ;SBBR;583,04;199
2002;9;TAM;SBKP;SBGR;150,00;4
2002;9;TAM;SBSP;SBRJ;239,00;10076
2002;9;TAM;SBBH;SBCT;253,97;368
2002;9;TAM;SBFZ;SBRF;512,01;24
2002;9;TAM;SBFZ;SBBR;728,97;29
2002;9;TAM;SBFL;SBCT;390,01;2
2002;9;TAM;SBBH;SBSP;449,01;135
2002;9;TAM;SBGL;SBGR;222,02;347
2002;9;TAM;SBGL;SBBR;617,68;19
2002;9;TAM;SBCT;SBKP;217,01;87
2002;9;TAM;SBGL;SBSP;203,98;28
2002;9;TAM;SBKP;SBBR;867,03;10
2002;9;TAM;SBBR;SBBE;642,07;31
2002;9;TAM;SBFZ;SBRF;282,02;32
2002;9;TAM;SBSP;SBCT;473,00;17
2002;9;TAM;SBCT;SBKP;238,00;30
2002;9;TAM;SBGL;SBSV;590,98;4
2002;9;TAM;SBCT;SBKP;276,00;48
2002;9;TAM;SBSP;SBFL;366,98;7
2002;9;TAM;SBBH;SBCT;381,99;198
2002;9;TAM;SBBR;SBSP;631,96;503
2002;9;TAM;SBBR;SBSP;378,01;523
2002;9;TAM;SBFL;SBBR;611,60;116
2002;9;TAM;SBGO;SBSP;381,00;528
2002;9;TAM;SBGL;SBCT;474,97;2
2002;9;TAM;SBSP;SBBH;366,00;320
2002;9;TAM;SBGL;SBBR;841,89;1
2002;9;TAM;SBGR;SBSV;652,95;81
2002;9;TAM;SBBR;SBGR;336,02;573
2002;9;TAM;SBGR;SBCT;342,99;779
2002;9;TAM;SBGL;SBPA;323,97;489
2002;9;TAM;SBFL;SBPA;299,00;6
2002;9;TAM;SBBR;SBGO;182,01;1038
2002;9;TAM;SBGR;SBBR;336,02;774
2002;9;TAM;SBSP;SBUL;355,98;2690
2002;9;TAM;SBBR;SBBE;459,01;92
2002;9;TAM;SBFZ;SBBR;679,99;71
2002;9;TAM;SBSV;SBBR;585,04;11
2002;9;TAM;SBPA;SBCT;660,02;2
2002;9;TAM;SBFZ;SBRF;483,98;89
2002;9;TAM;SBRJ;SBBR;292,97;827
2002;9;TAM;SBCT;SBSP;473,00;12
2002;9;TAM;SBSP;SBBR;406,03;1977
2002;9;TAM;SBSV;SBRF;199,97;933
2002;9;TAM;SBGR;SBPA;344,96;797
2002;9;TAM;SBBR;SBFZ;776,94;8
2002;9;TAM;SBBH;SBSP;392,01;250
2002;9;TAM;SBPA;SBGL;720,02;3
2002;9;TAM;SBBR;SBCT;729,05;45
2002;9;TAM;SBBR;SBKP;367,00;116
2002;9;TAM;SBSP;SBGO;284,99;548
2002;9;TAM;SBCT;SBBR;693,02;15
2002;9;TAM;SBGR;SBKP;121,00;46
2002;9;TAM;SBGR;SBBR;530,01;21
2002;9;TAM;SBGR;SBCT;218,99;440
2002;9;TAM;SBGL;SBSP;296,00;11
2002;9;TAM;SBGL;SBCT;254,02;381
2002;9;TAM;SBSV;SBGR;745,96;22
2002;9;TAM;SBMQ;SBBE;314,98;9
2002;9;TAM;SBFL;SBSP;484,00;40
2002;9;TAM;SBBR;SBSV;512,04;71
2002;9;TAM;SBGR;SBCT;363,99;260
2002;9;TAM;SBUL;SBSP;355,98;2594
2002;9;TAM;SBBR;SBFZ;583,04;211
2002;9;TAM;SBBR;SBCT;309,02;112
2002;9;TAM;SBRF;SBSV;504,01;10
2002;9;TAM;SBGR;SBCF;301,62;11
2002;9;TAM;SBGL;SBGR;175,00;551
2002;9;TAM;SBKP;SBPA;484,98;188
2002;9;TAM;SBSP;SBGO;507,01;3
2002;9;TAM;SBBH;SBRJ;453,00;2
2002;9;TAM;SBGR;SBFL;563,98;78
2002;9;TAM;SBUL;SBSP;463,02;113
2002;9;TAM;SBKP;SBCT;206,02;617
2002;9;TAM;SBPA;SBSP;345,01;8979
2002;9;TAM;SBGR;SBSV;481,01;1943
2002;9;TAM;SBBR;SBRJ;292,97;545
2002;9;TAM;SBCF;SBGR;273,54;35
2002;9;TAM;SBUL;SBSP;266,01;2
2002;9;TAM;SBBH;SBBR;655,99;1
2002;9;TAM;SBBR;SBSV;548,97;42
2002;9;TAM;SBPS;SBSP;451,00;143
2002;9;TAM;SBKP;SBPA;629,02;7
2002;9;TAM;SBBR;SBGL;339,37;1
2002;9;TAM;SBSP;SBKP;150,00;1
2002;9;TAM;SBPA;SBCT;279,02;1065
2002;9;TAM;SBSP;SBBH;255,02;6015
2002;9;TAM;SBSP;SBBH;418,98;20
2002;9;TAM;SBCT;SBSP;280,99;297
2002;9;TAM;SBSP;SBGO;635,00;28
2002;9;TAM;SBFL;SBGR;270,01;16
2002;9;TAM;SBGO;SBSP;749,01;2
2002;9;TAM;SBBE;SBBR;549,98;121
2002;9;TAM;SBBH;SBRJ;287,99;110
2002;9;TAM;SBSV;SBBR;512,04;51
2002;9;TAM;SBCT;SBPA;480,01;9
2002;9;TAM;SBCF;SBGR;255,54;454
2002;9;TAM;SBSV;SBRF;444,01;45
2002;9;TAM;SBSP;SBBR;530,00;195
2002;9;TAM;SBPA;SBSP;495,00;440
2002;9;TAM;SBRF;SBGL;638,97;10
2002;9;TAM;SBSV;SBBR;334,00;801
2002;9;TAM;SBCT;SBSP;251,00;4158
2002;9;TAM;SBBR;SBSP;782,99;40
2002;9;TAM;SBRJ;SBVT;271,99;469
2002;9;TAM;SBGR;SBBR;783,01;1
2002;9;TAM;SBBR;SBFZ;505,01;500
2002;9;TAM;SBRJ;SBBR;841,05;9
2002;9;TAM;SBKP;SBPA;552,98;7
2002;9;TAM;SBSP;SBGO;381,00;308
2002;9;TAM;SBSP;SBFL;563,98;99
2002;9;TAM;SBGR;SBFL;198,02;479
2002;9;TAM;SBFL;SBPA;277,99;10
2002;9;TAM;SBGR;SBCF;419,86;17
2002;9;TAM;SBFL;SBPA;199,00;16
2002;9;TAM;SBBR;SBBH;297,99;196
2002;9;TAM;SBSP;SBPS;602,04;1
2002;9;TAM;SBCT;SBBH;631,00;10
2002;9;TAM;SBBH;SBCT;520,02;14
2002;9;TAM;SBRF;SBSV;199,97;923
2002;9;TAM;SBCF;SBGR;619,26;6
2002;9;TAM;SBGR;SBCT;251,01;503
2002;9;TAM;SBKP;SBCT;238,00;29
2002;9;TAM;SBRJ;SBVT;204,99;292
2002;9;TAM;SBSP;SBPA;777,99;14
2002;9;TAM;SBGL;SBBR;375,38;135
2002;9;TAM;SBKP;SBGR;158,00;12
2002;9;TAM;SBCT;SBPA;507,99;13
2002;9;TAM;SBRP;SBSP;447,99;16
2002;9;TAM;SBGR;SBFL;366,99;10
2002;9;TAM;SBGL;SBSP;222,01;356
2002;9;TAM;SBBH;SBSP;499,01;125
2002;9;TAM;SBBR;SBGL;545,57;7
2002;9;TAM;SBSP;SBRP;447,99;7
2002;9;TAM;SBGL;SBSV;677,02;64
2002;9;TAM;SBCT;SBGL;446,01;4
2002;9;TAM;SBGR;SBSV;559,94;378
2002;9;TAM;SBBH;SBRJ;193,00;233
2002;9;TAM;SBFL;SBCT;227,99;214
2002;9;TAM;SBBR;SBFL;611,60;134
2002;9;TAM;SBPA;SBGL;635,05;2
2002;9;TAM;SBBR;SBGL;408,47;5
2002;9;TAM;SBPA;SBCT;335,99;379
2002;9;TAM;SBGO;SBSP;476,02;61
2002;9;TAM;SBSP;SBPS;475,03;137
2002;9;TAM;SBRJ;SBBH;306,00;21
2002;9;TAM;SBRJ;SBVT;341,00;1
2002;9;TAM;SBSV;SBRF;476,02;8
2002;9;TAM;SBCT;SBKP;206,02;897
2002;9;TAM;SBPA;SBFL;239,00;68
2002;9;TAM;SBSP;SBFL;244,98;143
2002;9;TAM;SBFL;SBPA;219,00;15
2002;9;TAM;SBVT;SBRJ;362,99;1
2002;9;TAM;SBVT;SBRJ;227,02;34
2002;9;TAM;SBGL;SBGR;277,99;19
2002;9;TAM;SBBR;SBGO;247,00;127
2002;9;TAM;SBCT;SBSP;207,01;8550
2002;9;TAM;SBBR;SBSV;366,05;80
2002;9;TAM;SBCT;SBPA;447,01;1
2002;9;TAM;SBGR;SBFL;342,99;16
2002;9;TAM;SBGL;SBGR;317,99;177
2002;9;TAM;SBBE;SBBR;734,00;4
2002;9;TAM;SBSP;SBCT;231,00;919
2002;9;TAM;SBRJ;SBBR;582,97;30
2002;9;TAM;SBSP;SBVT;408,01;117
2002;9;TAM;SBBR;SBKP;402,99;69
2002;9;TAM;SBGO;SBBR;205,00;105
2002;9;TAM;SBBR;SBKP;440,02;239
2002;9;TAM;SBFL;SBBR;418,72;887
2002;9;TAM;SBBH;SBSP;325,99;1615
2002;9;TAM;SBPA;SBFL;219,00;13
2002;9;TAM;SBBR;SBCT;400,99;294
2002;9;TAM;SBCF;SBGR;449,92;757
2002;9;TAM;SBSP;SBGL;318,00;25
2002;9;TAM;SBGR;SBKP;150,00;3
2002;9;TAM;SBBR;SBCT;561,02;120
2002;9;TAM;SBCT;SBGL;510,99;13
2002;9;TAM;SBCT;SBFL;195,99;244
2002;9;TAM;SBSP;SBFL;490,00;99
2002;9;TAM;SBPA;SBFL;162,99;896
2002;9;TAM;SBSP;SBBR;569,02;1408
2002;9;TAM;SBBR;SBRJ;475,97;43
2002;9;TAM;SBGR;SBCT;231,02;55
2002;9;TAM;SBPA;SBKP;450,02;1583
2002;9;TAM;SBGL;SBBR;583,68;34
2002;9;TAM;SBGR;SBBR;602,01;205
2002;9;TAM;SBGL;SBRF;716,07;21
2002;9;TAM;SBGR;SBPA;599,01;117
2002;9;TAM;SBRJ;SBSP;239,00;7434
2002;9;TAM;SBCT;SBPA;390,99;133
2002;9;TAM;SBRF;SBSV;418,02;2
2002;9;TAM;SBRF;SBSV;444,01;26
2002;9;TAM;SBRJ;SBBH;453,00;2
2002;9;TAM;SBSP;SBCT;299,99;68
2002;9;TAM;SBBH;SBBR;315,00;65
2002;9;TAM;SBSP;SBBR;631,96;715
2002;9;TAM;SBBR;SBSP;406,03;2227
2002;9;TAM;SBBH;SBRJ;174,01;2521
2002;9;TAM;SBSP;SBBR;497,00;763
2002;9;TAM;SBCT;SBPA;250,98;1530
2002;9;TAM;SBFL;SBBR;480,69;106
2002;9;TAM;SBFL;SBGR;445,01;99
2002;9;TAM;SBGL;SBSV;715,96;59
2002;9;TAM;SBVT;SBRJ;383,01;15
2002;9;TAM;SBCT;SBSP;218,99;2521
2002;9;TAM;SBRF;SBSV;333,01;218
2002;9;TAM;SBBR;SBBE;683,93;12
2002;9;TAM;SBSP;SBFL;197,98;2110
2002;9;TAM;SBBH;SBCT;631,00;23
2002;9;TAM;SBSV;SBGR;652,95;86
2002;9;TAM;SBSP;SBGL;335,99;43
2002;9;TAM;SBBR;SBBE;734,00;2
2002;9;TAM;SBBR;SBFL;418,72;800
2002;9;TAM;SBSV;SBBR;628,03;16
2002;9;TAM;SBBR;SBGR;602,01;104
2002;9;TAM;SBPS;SBSP;475,03;368
2002;9;TAM;SBGR;SBGL;258,98;131
2002;9;TAM;SBBR;SBFL;655,45;103
2002;9;TAM;SBSP;SBBH;325,99;1737
2002;9;TAM;SBBR;SBGO;322,00;28
2002;9;TAM;SBFL;SBSP;490,00;42
2002;9;TAM;SBGO;SBSP;349,02;170
2002;9;TAM;SBCT;SBGR;363,99;269
2002;9;TAM;SBFL;SBGR;244,99;36
2002;9;TAM;SBGR;SBCT;280,99;55
2002;9;TAM;SBPA;SBGR;403,00;352
2002;9;TAM;SBCT;SBSP;383,99;159
2002;9;TAM;SBGR;SBCF;619,26;6
2002;9;TAM;SBFL;SBSP;219,99;593
2002;9;TAM;SBGR;SBGL;438,00;3
2002;9;TAM;SBSV;SBGL;590,98;20
2002;9;TAM;SBBR;SBFZ;835,04;7
2002;9;TAM;SBSP;SBPS;645,95;12
2002;9;TAM;SBSV;SBRF;333,01;70
2002;9;TAM;SBFZ;SBBR;776,94;10
2002;9;TAM;SBCT;SBPA;418,98;9
2002;9;TAM;SBGL;SBRF;819,94;6
2002;9;TAM;SBFL;SBGR;342,99;46
2002;9;TAM;SBSP;SBPS;564,98;9
2002;9;TAM;SBCT;SBBH;486,03;78
2002;9;TAM;SBPS;SBSP;564,98;10
2002;9;TAM;SBRF;SBGL;615,00;255
2002;9;TAM;SBRF;SBGL;879,02;35
2002;9;TAM;SBPA;SBGL;323,97;410
2002;9;TAM;SBGL;SBSP;318,00;26
2002;9;TAM;SBRF;SBFZ;421,97;9
2002;9;TAM;SBBE;SBMQ;159,99;1274
2002;9;TAM;SBSP;SBFL;219,99;427
2002;9;TAM;SBCT;SBGR;251,01;568
2002;9;TAM;SBMQ;SBBE;159,99;1705
2002;9;TAM;SBGR;SBBR;378,00;4
2002;9;TAM;SBFZ;SBBR;535,08;16
2002;9;TAM;SBFL;SBBR;437,62;101
2002;9;TAM;SBVT;SBRJ;389,99;17
2002;9;TAM;SBGL;SBPA;594,02;6
2002;9;TAM;SBCF;SBGR;419,86;25
2002;9;TAM;SBRJ;SBBR;545,01;13
2002;9;TAM;SBRF;SBSV;275,98;24
2002;9;TAM;SBRP;SBSP;308,01;40
2002;9;TAM;SBGR;SBGL;203,99;7
2002;9;TAM;SBGO;SBSP;507,01;40
2002;9;TAM;SBCT;SBKP;296,98;29
2002;9;TAM;SBSV;SBGL;332,00;1706
2002;9;TAM;SBCT;SBFL;278,99;1
2002;9;TAM;SBRJ;SBBH;229,99;718
2002;9;TAM;SBBR;SBCT;363,98;784
2002;9;TAM;SBBE;SBMQ;273,99;1
2002;9;TAM;SBFL;SBCT;195,99;168
2002;9;TAM;SBFZ;SBRF;451,00;5
2002;9;TAM;SBPA;SBGL;396,95;22
2002;9;TAM;SBBR;SBGR;464,01;33
2002;9;TAM;SBGR;SBFL;579,01;1
2002;9;TAM;SBCT;SBBR;1077,02;2
2002;9;TAM;SBSP;SBBR;464,00;457
2002;9;TAM;SBGL;SBSP;335,99;45
2002;9;TAM;SBGR;SBFL;244,99;68
2002;9;TAM;SBVT;SBSP;350,03;394
2002;9;TAM;SBFL;SBSP;392,01;19
2002;9;TAM;SBCT;SBBR;598,02;66
2002;9;TAM;SBFL;SBCT;260,00;2
2002;9;TAM;SBRF;SBFZ;282,02;13
2002;9;TAM;SBBE;SBBR;791,96;13
2002;9;TAM;SBRF;SBSV;655,00;3
2002;9;TAM;SBRJ;SBBH;268,00;59
2002;9;TAM;SBVT;SBRJ;204,99;268
2002;9;TAM;SBCT;SBBR;641,95;36
2002;9;TAM;SBGL;SBBR;408,47;10
2002;9;TAM;SBCT;SBBR;363,98;721
2002;9;TAM;SBGR;SBFL;294,01;366
2002;9;TAM;SBFL;SBSP;244,98;117
2002;9;TAM;SBBR;SBGO;234,00;60
2002;9;TAM;SBFZ;SBRF;187,97;1528
2002;9;TAM;SBRJ;SBVT;317,01;8
2002;9;TAM;SBBH;SBCT;416,97;416
2002;9;TAM;SBGO;SBBR;218,01;12
2002;9;TAM;SBRF;SBGL;767,91;43
2002;9;TAM;SBGR;SBCT;207,00;1065
2002;9;TAM;SBSP;SBFL;294,02;394
2002;9;TAM;SBGR;SBGL;335,99;200
2002;9;TAM;SBCT;SBBH;520,02;2
2002;9;TAM;SBBR;SBGL;841,89;1
2002;9;TAM;SBCT;SBBH;416,97;566
2002;9;TAM;SBBH;SBRJ;306,00;56
2002;9;TAM;SBPA;SBKP;484,98;105
2002;9;TAM;SBRJ;SBVT;250,01;16
2002;9;TAM;SBBR;SBCT;480,95;551
2002;9;TAM;SBMQ;SBBE;333,01;9
2002;9;TAM;SBBR;SBBE;500,07;8
2002;9;TAM;SBPA;SBGL;554,00;5
2002;9;TAM;SBGR;SBFL;445,01;78
2002;9;TAM;SBCT;SBGL;266,99;187
2002;9;TAM;SBSP;SBGO;349,02;17
2002;9;TAM;SBGL;SBGR;203,99;9
2002;9;TAM;SBKP;SBCT;276,00;4
2002;9;TAM;SBSP;SBBR;782,99;59
2002;9;TAM;SBBR;SBSV;585,04;34
2002;9;TAM;SBPA;SBSP;462,02;641
2002;9;TAM;SBBR;SBGR;349,01;89
2002;9;TAM;SBSP;SBPA;462,02;198
2002;9;TAM;SBGL;SBCT;540,02;5
2002;9;TAM;SBBR;SBCT;1077,02;1
2002;9;TAM;SBPA;SBSP;526,98;116
2002;9;TAM;SBCT;SBSP;343,02;91
2002;9;TAM;SBSP;SBBH;273,02;1942
2002;9;TAM;SBSP;SBUL;406,99;42
2002;9;TAM;SBBE;SBBR;833,98;30
2002;9;TAM;SBGL;SBRF;538,08;682
2002;9;TAM;SBSP;SBGO;443,96;73
2002;9;TAM;SBGO;SBBR;234,00;13
2002;9;TAM;SBKP;SBSP;174,00;1
2002;9;TAM;SBPA;SBCT;447,01;13
2002;9;TAM;SBGO;SBBR;322,00;1
2002;9;TAM;SBBH;SBBR;388,02;217
2002;9;TAM;SBFL;SBSP;563,98;42
2002;9;TAM;SBCT;SBGL;254,02;364
2002;9;TAM;SBBR;SBFZ;883,01;28
2002;9;TAM;SBRJ;SBBR;339,00;94
2002;9;TAM;SBPS;SBSP;645,95;9
2002;9;TAM;SBSP;SBCT;251,00;3010
2002;9;TAM;SBBR;SBCT;598,02;119
2002;9;TAM;SBBR;SBBH;333,00;350
2002;9;TAM;SBRJ;SBBH;193,00;194
2002;9;TAM;SBGR;SBBR;569,00;319
2002;9;TAM;SBSP;SBPA;495,00;244
2002;9;TAM;SBBR;SBCT;437,02;165
2002;9;TAM;SBFZ;SBBR;835,04;14
2002;9;TAM;SBSP;SBVT;504,03;32
2002;9;TAM;SBSV;SBGL;628,95;98
2002;9;TAM;SBGR;SBPA;495,04;34
2002;9;TAM;SBRP;SBSP;246,99;3055
2002;9;TAM;SBRJ;SBSP;335,98;258
2002;9;TAM;SBRF;SBFZ;395,01;50
2002;9;TAM;SBGR;SBPA;462,00;16
2002;9;TAM;SBRJ;SBVT;139,99;1681
2002;9;TAM;SBGL;SBSV;551,06;48
2002;9;TAM;SBSP;SBGO;476,02;7
2002;9;TAM;SBFL;SBGR;294,01;275
2002;9;TAM;SBBH;SBBR;488,98;115
2002;9;TAM;SBGL;SBSV;473,05;200
2002;9;TAM;SBSP;SBCT;207,01;8916
2002;9;TAM;SBBR;SBSP;336,02;7083
2002;9;TAM;SBGL;SBPA;474,97;110
2002;9;TAM;SBSV;SBGR;481,01;1599
2002;9;TAM;SBCT;SBGR;472,98;5
2002;9;TAM;SBPA;SBKP;552,98;7
2002;9;TAM;SBSP;SBFL;579,01;11
2002;9;TAM;SBSP;SBCT;383,99;217
2002;9;TAM;SBBR;SBBH;488,98;78
2002;9;TAM;SBCT;SBFL;227,99;257
2002;9;TAM;SBSP;SBVT;291,97;321
2002;9;TAM;SBBR;SBFZ;535,08;13
2002;9;TAM;SBRF;SBFZ;187,97;1310
2002;9;TAM;SBGR;SBPA;403,00;358
2002;9;TAM;SBCT;SBFL;260,00;1
2002;9;TAM;SBSP;SBGO;544,99;25
2002;9;TAM;SBSP;SBGO;316,96;54
2002;9;TAM;SBBE;SBMQ;184,01;272
2002;9;TAM;SBCT;SBGR;321,02;68
2002;9;TAM;SBRJ;SBBR;375,00;759
2002;9;TAM;SBVT;SBSP;408,01;75
2002;9;TAM;SBRJ;SBVT;389,99;23
2002;9;TAM;SBSP;SBPS;527,02;27
2002;9;TAM;SBSP;SBVT;317,97;41
2002;9;TAM;SBFZ;SBRF;254,00;71
2002;9;TAM;SBBR;SBRJ;617,03;120
2002;9;TAM;SBFL;SBCT;278,99;2
2002;9;TAM;SBGR;SBCT;321,02;40
2002;9;TAM;SBKP;SBSP;150,00;1
2002;9;TAM;SBBE;SBBR;683,93;44
2002;9;TAM;SBSV;SBGR;699,96;177
2002;9;TAM;SBRF;SBFZ;338,02;149
2002;9;TAM;SBBR;SBKP;585,97;31
2002;9;TAM;SBBH;SBRJ;330,01;111
2002;9;TAM;SBRJ;SBBH;174,01;2874
2002;9;TAM;SBBR;SBSP;349,03;2009
2002;9;TAM;SBGR;SBBR;464,01;32
2002;9;TAM;SBKP;SBBR;402,99;123
2002;9;TAM;SBPA;SBCT;250,98;1308
2002;9;TAM;SBGL;SBSV;395,04;188
2002;9;TAM;SBBR;SBBE;397,03;600
2002;9;TAM;SBCT;SBGL;327,00;3
2002;9;TAM;SBSP;SBFL;666,02;11
2002;9;TAM;SBPA;SBSP;403,02;2771
2002;9;TAM;SBGR;SBGL;295,99;46
2002;9;TAM;SBSP;SBVT;689,02;2
2002;9;TAM;SBCT;SBSP;231,00;817
2002;9;TAM;SBRJ;SBVT;227,02;37
2002;9;TAM;SBCT;SBGL;356,03;183
2002;9;TAM;SBBR;SBSP;569,02;164
2002;9;TAM;SBSP;SBCT;321,00;11
2002;9;TAM;SBFL;SBSP;197,98;1633
2002;9;VRG;SBGR;SBCT;430,00;50
2002;9;VRG;SBFL;SBCT;299,00;79
2002;9;VRG;SBGR;SBSV;1010,00;752
2002;9;VRG;SBPA;SBGR;269,00;558
2002;9;VRG;SBGR;SBCT;276,00;25
2002;9;VRG;SBGR;SBFL;533,00;44
2002;9;VRG;SBGR;SBEG;1586,00;30
2002;9;VRG;SBBR;SBBE;642,00;227
2002;9;VRG;SBBR;SBGL;740,00;366
2002;9;VRG;SBEG;SBGR;1153,00;56
2002;9;VRG;SBCT;SBGL;537,00;309
2002;9;VRG;SBCT;SBGR;430,00;59
2002;9;VRG;SBGL;SBGR;152,00;665
2002;9;VRG;SBGR;SBGL;259,00;236
2002;9;VRG;SBGR;SBCT;207,00;19
2002;9;VRG;SBGL;SBBR;293,00;339
2002;9;VRG;SBBE;SBMQ;329,00;162
2002;9;VRG;SBRF;SBSV;200,00;281
2002;9;VRG;SBPA;SBGL;376,00;443
2002;9;VRG;SBBR;SBPA;1074,00;7
2002;9;VRG;SBBR;SBSV;334,00;122
2002;9;VRG;SBPA;SBCT;405,00;2
2002;9;VRG;SBBR;SBSV;524,00;210
2002;9;VRG;SBBR;SBFZ;876,00;209
2002;9;VRG;SBSV;SBRF;227,00;56
2002;9;VRG;SBBR;SBFL;954,00;9
2002;9;VRG;SBSV;SBGR;1010,00;853
2002;9;VRG;SBFL;SBGL;388,00;51
2002;9;VRG;SBGR;SBSV;481,00;1999
2002;9;VRG;SBFL;SBGR;391,00;61
2002;9;VRG;SBBR;SBGL;543,00;234
2002;9;VRG;SBGL;SBFL;558,00;26
2002;9;VRG;SBBR;SBGL;802,00;22
2002;9;VRG;SBRF;SBGL;1108,00;397
2002;9;VRG;SBSV;SBGL;670,00;78
2002;9;VRG;SBBR;SBGL;293,00;226
2002;9;VRG;SBRF;SBSV;475,00;53
2002;9;VRG;SBBR;SBGR;591,00;414
2002;9;VRG;SBCT;SBGR;276,00;22
2002;9;VRG;SBMQ;SBBE;163,00;6
2002;9;VRG;SBGR;SBSV;379,00;760
2002;9;VRG;SBGL;SBRF;923,00;228
2002;9;VRG;SBGR;SBPA;344,00;2063
2002;9;VRG;SBSV;SBGL;546,00;234
2002;9;VRG;SBRF;SBSV;443,00;406
2002;9;VRG;SBGL;SBCT;507,00;35
2002;9;VRG;SBGL;SBBR;543,00;36
2002;9;VRG;SBGR;SBGL;318,00;85
2002;9;VRG;SBFL;SBGR;533,00;26
2002;9;VRG;SBRF;SBGL;609,00;134
2002;9;VRG;SBGL;SBRF;872,00;53
2002;9;VRG;SBGL;SBGR;318,00;106
2002;9;VRG;SBCF;SBGR;201,00;3
2002;9;VRG;SBGL;SBSV;709,00;522
2002;9;VRG;SBSV;SBRF;503,00;233
2002;9;VRG;SBSV;SBGR;796,00;203
2002;9;VRG;SBBE;SBBR;550,00;148
2002;9;VRG;SBGR;SBEG;637,00;454
2002;9;VRG;SBSP;SBRJ;239,00;60887
2002;9;VRG;SBBE;SBMQ;395,00;4
2002;9;VRG;SBGL;SBPA;325,00;527
2002;9;VRG;SBBR;SBSV;816,00;178
2002;9;VRG;SBGR;SBGL;152,00;894
2002;9;VRG;SBSV;SBGR;556,00;518
2002;9;VRG;SBPA;SBCT;250,00;18
2002;9;VRG;SBPA;SBGR;394,00;427
2002;9;VRG;SBGR;SBEG;1464,00;553
2002;9;VRG;SBGL;SBFL;708,00;18
2002;9;VRG;SBGL;SBCT;644,00;109
2002;9;VRG;SBFL;SBBR;612,00;48
2002;9;VRG;SBRF;SBSV;332,00;126
2002;9;VRG;SBGL;SBRF;812,00;512
2002;9;VRG;SBGR;SBEG;549,00;199
2002;9;VRG;SBSV;SBBR;306,00;71
2002;9;VRG;SBGR;SBCT;315,00;77
2002;9;VRG;SBGR;SBGL;297,00;382
2002;9;VRG;SBBR;SBBE;400,00;103
2002;9;VRG;SBBR;SBBE;1001,00;84
2002;9;VRG;SBBR;SBSV;306,00;54
2002;9;VRG;SBPA;SBGR;344,00;2255
2002;9;VRG;SBCT;SBGR;358,00;64
2002;9;VRG;SBBR;SBPA;788,00;6
2002;9;VRG;SBSV;SBRF;475,00;86
2002;9;VRG;SBCT;SBGL;255,00;268
2002;9;VRG;SBRF;SBFZ;339,00;78
2002;9;VRG;SBFL;SBPA;364,00;10
2002;9;VRG;SBFL;SBCT;359,00;1
2002;9;VRG;SBPA;SBGR;460,00;339
2002;9;VRG;SBFZ;SBBR;823,00;59
2002;9;VRG;SBCF;SBGR;294,00;1
2002;9;VRG;SBBR;SBBE;834,00;178
2002;9;VRG;SBSV;SBGR;842,00;1324
2002;9;VRG;SBBR;SBGR;520,00;220
2002;9;VRG;SBRJ;SBSP;239,00;63399
2002;9;VRG;SBGL;SBSV;319,00;188
2002;9;VRG;SBGR;SBPA;525,00;495
2002;9;VRG;SBPA;SBGL;556,00;123
2002;9;VRG;SBGL;SBCT;242,00;148
2002;9;VRG;SBRF;SBSV;227,00;120
2002;9;VRG;SBGL;SBRF;711,00;180
2002;9;VRG;SBBR;SBGO;209,00;134
2002;9;VRG;SBRF;SBFZ;616,00;41
2002;9;VRG;SBBR;SBGO;224,00;16
2002;9;VRG;SBGL;SBGR;175,00;238
2002;9;VRG;SBBE;SBBR;400,00;147
2002;9;VRG;SBGL;SBCT;473,00;222
2002;9;VRG;SBGR;SBEG;1074,00;506
2002;9;VRG;SBCF;SBGR;343,00;1
2002;9;VRG;SBFL;SBGR;342,00;110
2002;9;VRG;SBBR;SBFZ;1051,00;136
2002;9;VRG;SBPA;SBGL;635,00;224
2002;9;VRG;SBRF;SBGL;812,00;540
2002;9;VRG;SBBR;SBSV;643,00;89
2002;9;VRG;SBGR;SBPA;597,00;1651
2002;9;VRG;SBBR;SBFL;612,00;64
2002;9;VRG;SBEG;SBGR;939,00;255
2002;9;VRG;SBGR;SBBR;305,00;200
2002;9;VRG;SBFZ;SBBR;394,00;249
2002;9;VRG;SBGR;SBBR;591,00;432
2002;9;VRG;SBFL;SBPA;320,00;1
2002;9;VRG;SBGL;SBBR;407,00;214
2002;9;VRG;SBGR;SBGL;175,00;181
2002;9;VRG;SBPA;SBFL;364,00;1
2002;9;VRG;SBSV;SBGL;851,00;267
2002;9;VRG;SBBR;SBFL;358,00;61
2002;9;VRG;SBBE;SBBR;1001,00;108
2002;9;VRG;SBSV;SBRF;604,00;46
2002;9;VRG;SBFL;SBGL;266,00;22
2002;9;VRG;SBCF;SBGR;421,00;4
2002;9;VRG;SBPA;SBGL;325,00;499
2002;9;VRG;SBFL;SBGL;309,00;81
2002;9;VRG;SBGO;SBBR;224,00;6
2002;9;VRG;SBFL;SBCT;283,00;9
2002;9;VRG;SBRF;SBFZ;451,00;548
2002;9;VRG;SBGL;SBBR;278,00;68
2002;9;VRG;SBGL;SBPA;682,00;74
2002;9;VRG;SBSV;SBRF;443,00;199
2002;9;VRG;SBBE;SBMQ;311,00;12
2002;9;VRG;SBRF;SBSV;604,00;55
2002;9;VRG;SBGL;SBGR;259,00;259
2002;9;VRG;SBBR;SBFZ;823,00;33
2002;9;VRG;SBFL;SBBR;751,00;9
2002;9;VRG;SBFL;SBPA;280,00;1
2002;9;VRG;SBMQ;SBBE;311,00;13
2002;9;VRG;SBGR;SBFL;293,00;57
2002;9;VRG;SBBR;SBBE;550,00;185
2002;9;VRG;SBGR;SBPA;460,00;374
2002;9;VRG;SBMQ;SBBE;329,00;175
2002;9;VRG;SBCT;SBFL;135,00;27
2002;9;VRG;SBSV;SBGR;741,00;680
2002;9;VRG;SBGL;SBFL;519,00;28
2002;9;VRG;SBRF;SBGL;923,00;444
2002;9;VRG;SBGR;SBBR;455,00;173
2002;9;VRG;SBSV;SBBR;643,00;76
2002;9;VRG;SBPA;SBBR;403,00;14
2002;9;VRG;SBGR;SBBR;558,00;62
2002;9;VRG;SBGR;SBEG;1153,00;70
2002;9;VRG;SBFL;SBBR;700,00;22
2002;9;VRG;SBCT;SBPA;303,00;1
2002;9;VRG;SBPA;SBBR;788,00;105
2002;9;VRG;SBFZ;SBBR;771,00;295
2002;9;VRG;SBGL;SBFL;266,00;74
2002;9;VRG;SBBR;SBPA;400,00;52
2002;9;VRG;SBPA;SBBR;689,00;139
2002;9;VRG;SBGR;SBFL;420,00;20
2002;9;VRG;SBBR;SBBE;375,00;61
2002;9;VRG;SBBR;SBBE;734,00;125
2002;9;VRG;SBSV;SBBR;680,00;202
2002;9;VRG;SBCT;SBFL;299,00;65
2002;9;VRG;SBBR;SBFL;751,00;14
2002;9;VRG;SBCT;SBFL;359,00;11
2002;9;VRG;SBPA;SBBR;541,00;67
2002;9;VRG;SBCT;SBGL;473,00;381
2002;9;VRG;SBSV;SBBR;598,00;497
2002;9;VRG;SBFL;SBBR;795,00;37
2002;9;VRG;SBGO;SBBR;165,00;4
2002;9;VRG;SBBR;SBFL;525,00;44
2002;9;VRG;SBBR;SBGO;237,00;34
2002;9;VRG;SBFL;SBBR;419,00;25
2002;9;VRG;SBPA;SBBR;846,00;26
2002;9;VRG;SBFZ;SBRF;339,00;142
2002;9;VRG;SBGL;SBFL;388,00;30
2002;9;VRG;SBGR;SBFL;391,00;99
2002;9;VRG;SBCT;SBFL;283,00;34
2002;9;VRG;SBMQ;SBBE;395,00;3
2002;9;VRG;SBGR;SBBR;266,00;28
2002;9;VRG;SBFL;SBPA;163,00;14
2002;9;VRG;SBCT;SBGL;507,00;57
2002;9;VRG;SBEG;SBGR;1220,00;394
2002;9;VRG;SBBR;SBFZ;675,00;216
2002;9;VRG;SBCT;SBFL;230,00;366
2002;9;VRG;SBBR;SBGL;475,00;263
2002;9;VRG;SBGL;SBCT;537,00;217
2002;9;VRG;SBEG;SBGR;1464,00;533
2002;9;VRG;SBFZ;SBBR;1051,00;153
2002;9;VRG;SBCT;SBGL;242,00;118
2002;9;VRG;SBPA;SBBR;400,00;189
2002;9;VRG;SBSV;SBBR;816,00;143
2002;9;VRG;SBCF;SBGR;535,00;6
2002;9;VRG;SBPA;SBCT;354,00;2
2002;9;VRG;SBFL;SBGR;199,00;100
2002;9;VRG;SBBR;SBPA;895,00;59
2002;9;VRG;SBPA;SBGL;477,00;133
2002;9;VRG;SBRF;SBSV;387,00;146
2002;9;VRG;SBPA;SBGL;682,00;43
2002;9;VRG;SBCF;SBGR;446,00;9
2002;9;VRG;SBBR;SBGL;617,00;782
2002;9;VRG;SBGL;SBCT;354,00;170
2002;9;VRG;SBGL;SBGR;438,00;67
2002;9;VRG;SBBR;SBFL;419,00;38
2002;9;VRG;SBGL;SBPA;866,00;315
2002;9;VRG;SBGL;SBGR;404,00;1892
2002;9;VRG;SBBR;SBGO;107,00;9
2002;9;VRG;SBBR;SBSV;411,00;172
2002;9;VRG;SBFZ;SBBR;675,00;218
2002;9;VRG;SBGO;SBBR;107,00;18
2002;9;VRG;SBGL;SBFL;309,00;81
2002;9;VRG;SBBE;SBBR;788,00;62
2002;9;VRG;SBGO;SBBR;177,00;12
2002;9;VRG;SBFL;SBGR;200,00;245
2002;9;VRG;SBFL;SBBR;358,00;62
2002;9;VRG;SBPA;SBGR;525,00;327
2002;9;VRG;SBBR;SBSV;680,00;308
2002;9;VRG;SBGR;SBGL;438,00;46
2002;9;VRG;SBFL;SBGR;293,00;56
2002;9;VRG;SBGL;SBBR;475,00;176
2002;9;VRG;SBGR;SBCT;161,00;6
2002;9;VRG;SBBR;SBGL;407,00;145
2002;9;VRG;SBGL;SBPA;477,00;170
2002;9;VRG;SBCT;SBGR;315,00;43
2002;9;VRG;SBFZ;SBBR;876,00;237
2002;9;VRG;SBBE;SBBR;734,00;185
2002;9;VRG;SBPA;SBBR;591,00;4
2002;9;VRG;SBSV;SBBR;524,00;224
2002;9;VRG;SBBE;SBBR;375,00;33
2002;9;VRG;SBGL;SBSV;624,00;256
2002;9;VRG;SBCT;SBGR;338,00;11
2002;9;VRG;SBBR;SBGR;455,00;213
2002;9;VRG;SBBR;SBBE;788,00;35
2002;9;VRG;SBPA;SBGL;866,00;287
2002;9;VRG;SBGL;SBSV;546,00;203
2002;9;VRG;SBFZ;SBRF;513,00;423
2002;9;VRG;SBBR;SBFL;700,00;30
2002;9;VRG;SBGR;SBEG;805,00;259
2002;9;VRG;SBEG;SBGR;1586,00;50
2002;9;VRG;SBFL;SBGL;590,00;65
2002;9;VRG;SBGL;SBBR;740,00;367
2002;9;VRG;SBCT;SBGR;236,00;43
2002;9;VRG;SBGR;SBSV;842,00;1410
2002;9;VRG;SBSV;SBRF;332,00;251
2002;9;VRG;SBGR;SBFL;342,00;120
2002;9;VRG;SBRF;SBFZ;231,00;72
2002;9;VRG;SBPA;SBBR;895,00;82
2002;9;VRG;SBFZ;SBRF;616,00;15
2002;9;VRG;SBPA;SBGL;722,00;580
2002;9;VRG;SBGR;SBGL;404,00;1365
2002;9;VRG;SBGR;SBCT;338,00;27
2002;9;VRG;SBGR;SBBR;520,00;202
2002;9;VRG;SBGO;SBBR;284,00;12
2002;9;VRG;SBGR;SBCT;358,00;119
2002;9;VRG;SBBR;SBGR;305,00;174
2002;9;VRG;SBSV;SBGL;624,00;372
2002;9;VRG;SBBE;SBBR;834,00;143
2002;9;VRG;SBGL;SBCT;413,00;91
2002;9;VRG;SBBR;SBPA;541,00;7
2002;9;VRG;SBBR;SBPA;403,00;5
2002;9;VRG;SBFZ;SBBR;578,00;125
2002;9;VRG;SBBR;SBPA;591,00;1
2002;9;VRG;SBCT;SBGL;644,00;110
2002;9;VRG;SBFL;SBPA;239,00;2
2002;9;VRG;SBBR;SBGL;278,00;40
2002;9;VRG;SBRF;SBSV;503,00;437
2002;9;VRG;SBMQ;SBBE;217,00;53
2002;9;VRG;SBEG;SBGR;637,00;615
2002;9;VRG;SBBR;SBGR;266,00;35
2002;9;VRG;SBPA;SBFL;163,00;18
2002;9;VRG;SBGR;SBFL;200,00;267
2002;9;VRG;SBGL;SBRF;1108,00;370
2002;9;VRG;SBGL;SBCT;255,00;224
2002;9;VRG;SBBE;SBBR;642,00;393
2002;9;VRG;SBEG;SBGR;805,00;333
2002;9;VRG;SBGL;SBPA;376,00;383
2002;9;VRG;SBGL;SBSV;670,00;68
2002;9;VRG;SBCT;SBFL;263,00;312
2002;9;VRG;SBFL;SBGL;558,00;10
2002;9;VRG;SBPA;SBFL;239,00;1
2002;9;VRG;SBRF;SBGL;872,00;107
2002;9;VRG;SBGL;SBGR;337,00;5275
2002;9;VRG;SBGL;SBRF;609,00;145
2002;9;VRG;SBSV;SBBR;411,00;136
2002;9;VRG;SBGR;SBEG;1220,00;435
2002;9;VRG;SBFL;SBGL;519,00;38
2002;9;VRG;SBFL;SBBR;525,00;39
2002;9;VRG;SBGL;SBPA;635,00;254
2002;9;VRG;SBCT;SBPA;250,00;4
2002;9;VRG;SBGR;SBCT;236,00;101
2002;9;VRG;SBPA;SBCT;303,00;3
2002;9;VRG;SBBE;SBMQ;217,00;155
2002;9;VRG;SBCT;SBPA;460,00;2
2002;9;VRG;SBFZ;SBRF;451,00;503
2002;9;VRG;SBBR;SBPA;689,00;6
2002;9;VRG;SBGL;SBBR;617,00;472
2002;9;VRG;SBBR;SBGO;165,00;4
2002;9;VRG;SBMQ;SBBE;253,00;14
2002;9;VRG;SBCF;SBGR;392,00;10
2002;9;VRG;SBGO;SBBR;209,00;216
2002;9;VRG;SBRF;SBGL;416,00;365
2002;9;VRG;SBPA;SBGR;716,00;557
2002;9;VRG;SBBE;SBMQ;290,00;131
2002;9;VRG;SBSV;SBGL;332,00;462
2002;9;VRG;SBFZ;SBRF;395,00;188
2002;9;VRG;SBPA;SBGR;776,00;17
2002;9;VRG;SBGL;SBRF;416,00;334
2002;9;VRG;SBSV;SBRF;200,00;238
2002;9;VRG;SBBE;SBMQ;163,00;4
2002;9;VRG;SBFL;SBBR;954,00;6
2002;9;VRG;SBSV;SBBR;334,00;183
2002;9;VRG;SBBR;SBFZ;578,00;127
2002;9;VRG;SBFL;SBGR;444,00;79
2002;9;VRG;SBRF;SBFZ;395,00;181
2002;9;VRG;SBFL;SBPA;164,00;1
2002;9;VRG;SBFL;SBGL;454,00;48
2002;9;VRG;SBSV;SBGR;481,00;2440
2002;9;VRG;SBFZ;SBRF;231,00;138
2002;9;VRG;SBFL;SBCT;230,00;294
2002;9;VRG;SBGR;SBSV;796,00;227
2002;9;VRG;SBGR;SBPA;394,00;463
2002;9;VRG;SBPA;SBGR;564,00;98
2002;9;VRG;SBFZ;SBRF;188,00;234
2002;9;VRG;SBFZ;SBRF;485,00;94
2002;9;VRG;SBGR;SBFL;444,00;113
2002;9;VRG;SBRF;SBFZ;513,00;448
2002;9;VRG;SBCT;SBPA;405,00;1
2002;9;VRG;SBFL;SBCT;135,00;11
2002;9;VRG;SBCT;SBGL;413,00;164
2002;9;VRG;SBBR;SBGL;583,00;62
2002;9;VRG;SBFL;SBCT;263,00;265
2002;9;VRG;SBCT;SBGR;161,00;14
2002;9;VRG;SBGL;SBSV;332,00;402
2002;9;VRG;SBBR;SBGR;709,00;272
2002;9;VRG;SBBE;SBMQ;253,00;23
2002;9;VRG;SBPA;SBBR;1074,00;33
2002;9;VRG;SBGL;SBGR;297,00;526
2002;9;VRG;SBGR;SBSV;741,00;801
2002;9;VRG;SBGL;SBPA;722,00;883
2002;9;VRG;SBGR;SBPA;776,00;18
2002;9;VRG;SBGR;SBBR;390,00;114
2002;9;VRG;SBSV;SBGL;468,00;257
2002;9;VRG;SBGR;SBFL;199,00;118
2002;9;VRG;SBRF;SBGL;711,00;196
2002;9;VRG;SBFL;SBGR;420,00;20
2002;9;VRG;SBBR;SBFZ;771,00;259
2002;9;VRG;SBBR;SBGO;284,00;1
2002;9;VRG;SBGR;SBBR;709,00;271
2002;9;VRG;SBGR;SBEG;939,00;212
2002;9;VRG;SBGL;SBBR;802,00;23
2002;9;VRG;SBPA;SBGR;597,00;1353
2002;9;VRG;SBGR;SBGL;337,00;5696
2002;9;VRG;SBEG;SBGR;1074,00;438
2002;9;VRG;SBGR;SBPA;269,00;581
2002;9;VRG;SBGR;SBSV;648,00;573
2002;9;VRG;SBSV;SBGR;379,00;960
2002;9;VRG;SBGL;SBFL;454,00;52
2002;9;VRG;SBCT;SBPA;207,00;1
2002;9;VRG;SBEG;SBGR;549,00;226
2002;9;VRG;SBGL;SBPA;556,00;115
2002;9;VRG;SBGL;SBSV;468,00;232
2002;9;VRG;SBMQ;SBBE;290,00;100
2002;9;VRG;SBBR;SBGR;390,00;119
2002;9;VRG;SBBR;SBFL;795,00;66
2002;9;VRG;SBBR;SBGR;558,00;90
2002;9;VRG;SBSV;SBRF;387,00;239
2002;9;VRG;SBBR;SBFZ;394,00;158
2002;9;VRG;SBCT;SBGL;354,00;182
2002;9;VRG;SBCT;SBGR;207,00;28
2002;9;VRG;SBGL;SBSV;851,00;259
2002;9;VRG;SBSV;SBGL;709,00;514
2002;9;VRG;SBGR;SBPA;716,00;555
2002;9;VRG;SBGL;SBFL;590,00;57
2002;9;VRG;SBGL;SBBR;583,00;383
2002;9;VRG;SBBR;SBSV;598,00;374
2002;9;VRG;SBGR;SBSV;556,00;455
2002;9;VRG;SBSV;SBGR;648,00;403
2002;9;VRG;SBRF;SBFZ;485,00;82
2002;9;VRG;SBSV;SBGL;319,00;285
2002;9;VRG;SBGO;SBBR;237,00;23
2002;9;VRG;SBGR;SBPA;564,00;130
2002;9;VRG;SBRF;SBFZ;188,00;300
2002;9;VSP;SBBE;SBMQ;149,00;2
2002;9;VSP;SBCT;SBBR;364,00;36
2002;9;VSP;SBBE;SBMQ;215,00;19
2002;9;VSP;SBSP;SBBR;473,00;1
2002;9;VSP;SBRF;SBSV;295,00;365
2002;9;VSP;SBBR;SBFZ;400,00;918
2002;9;VSP;SBBR;SBGO;180,00;2
2002;9;VSP;SBCT;SBBR;471,00;10
2002;9;VSP;SBBE;SBMQ;265,00;2
2002;9;VSP;SBGL;SBSV;262,00;2334
2002;9;VSP;SBBR;SBSV;495,00;14
2002;9;VSP;SBFZ;SBRF;372,00;1
2002;9;VSP;SBBR;SBCT;545,00;2
2002;9;VSP;SBBR;SBCT;436,00;136
2002;9;VSP;SBGL;SBRF;599,00;24
2002;9;VSP;SBBR;SBPA;448,00;18
2002;9;VSP;SBBR;SBSV;330,00;768
2002;9;VSP;SBCT;SBBR;242,00;269
2002;9;VSP;SBSV;SBGR;632,00;3
2002;9;VSP;SBCT;SBGL;338,00;3
2002;9;VSP;SBRF;SBGL;599,00;31
2002;9;VSP;SBGL;SBRF;553,00;256
2002;9;VSP;SBPA;SBGL;361,00;142
2002;9;VSP;SBGL;SBCT;260,00;47
2002;9;VSP;SBBR;SBCT;472,00;1
2002;9;VSP;SBBR;SBFZ;438,00;282
2002;9;VSP;SBGL;SBSV;534,00;2
2002;9;VSP;SBBR;SBBE;501,00;313
2002;9;VSP;SBBR;SBGO;168,00;49
2002;9;VSP;SBGR;SBPA;299,00;277
2002;9;VSP;SBGR;SBCF;259,00;20
2002;9;VSP;SBGR;SBPA;419,00;9
2002;9;VSP;SBCF;SBGR;195,00;534
2002;9;VSP;SBGR;SBCT;251,00;8
2002;9;VSP;SBBR;SBGL;603,00;234
2002;9;VSP;SBBR;SBBE;543,00;11
2002;9;VSP;SBGL;SBBR;392,00;2
2002;9;VSP;SBPA;SBGR;269,00;155
2002;9;VSP;SBMQ;SBBE;231,00;18
2002;9;VSP;SBBR;SBSV;527,00;5
2002;9;VSP;SBBR;SBCT;508,00;8
2002;9;VSP;SBGL;SBSV;502,00;1
2002;9;VSP;SBGL;SBGR;169,00;412
2002;9;VSP;SBGR;SBGL;248,00;1
2002;9;VSP;SBRF;SBSV;181,00;217
2002;9;VSP;SBCT;SBGR;233,00;7
2002;9;VSP;SBGR;SBSV;842,00;539
2002;9;VSP;SBFL;SBGR;291,00;5
2002;9;VSP;SBCT;SBGL;246,00;42
2002;9;VSP;SBCF;SBGR;302,00;1
2002;9;VSP;SBGR;SBFL;156,00;315
2002;9;VSP;SBEG;SBGR;647,00;106
2002;9;VSP;SBGL;SBPA;257,00;1785
2002;9;VSP;SBGR;SBEG;568,00;53
2002;9;VSP;SBGL;SBCT;520,00;31
2002;9;VSP;SBBR;SBGR;355,00;578
2002;9;VSP;SBPA;SBBR;315,00;213
2002;9;VSP;SBBR;SBGR;414,00;16
2002;9;VSP;SBBR;SBPA;537,00;24
2002;9;VSP;SBFZ;SBRF;347,00;18
2002;9;VSP;SBGR;SBSV;379,00;1995
2002;9;VSP;SBSV;SBRF;344,00;4
2002;9;VSP;SBPA;SBBR;537,00;80
2002;9;VSP;SBRF;SBFZ;148,00;1166
2002;9;VSP;SBSV;SBGR;379,00;2053
2002;9;VSP;SBFZ;SBBR;875,00;76
2002;9;VSP;SBFZ;SBRF;148,00;1491
2002;9;VSP;SBGR;SBGL;284,00;1
2002;9;VSP;SBBE;SBMQ;198,00;164
2002;9;VSP;SBFL;SBGR;314,00;41
2002;9;VSP;SBGL;SBBR;231,00;2348
2002;9;VSP;SBGL;SBGR;355,00;294
2002;9;VSP;SBEG;SBGR;855,00;4
2002;9;VSP;SBBR;SBGR;280,00;16
2002;9;VSP;SBGR;SBCF;431,00;31
2002;9;VSP;SBBE;SBBR;315,00;1572
2002;9;VSP;SBGL;SBPA;325,00;19
2002;9;VSP;SBPA;SBGL;288,00;118
2002;9;VSP;SBGR;SBGL;169,00;391
2002;9;VSP;SBBR;SBSV;461,00;79
2002;9;VSP;SBCT;SBGR;145,00;918
2002;9;VSP;SBCF;SBBR;476,00;62
2002;9;VSP;SBBR;SBSV;428,00;82
2002;9;VSP;SBBE;SBBR;342,00;394
2002;9;VSP;SBBR;SBFZ;569,00;5
2002;9;VSP;SBGR;SBCT;145,00;1240
2002;9;VSP;SBBR;SBFZ;875,00;138
2002;9;VSP;SBGL;SBPA;433,00;36
2002;9;VSP;SBGL;SBGR;166,00;54
2002;9;VSP;SBSP;SBBR;174,00;586
2002;9;VSP;SBSP;SBBR;302,00;193
2002;9;VSP;SBCT;SBGR;359,00;119
2002;9;VSP;SBBE;SBBR;626,00;1
2002;9;VSP;SBSV;SBRF;211,00;123
2002;9;VSP;SBBR;SBGO;145,00;1244
2002;9;VSP;SBBR;SBPA;315,00;140
2002;9;VSP;SBKP;SBGL;375,00;37
2002;9;VSP;SBGR;SBBR;384,00;21
2002;9;VSP;SBSV;SBRF;319,00;13
2002;9;VSP;SBGL;SBBR;483,00;1
2002;9;VSP;SBGR;SBFL;291,00;1
2002;9;VSP;SBMQ;SBBE;330,00;56
2002;9;VSP;SBSV;SBRF;491,00;115
2002;9;VSP;SBGR;SBEG;647,00;119
2002;9;VSP;SBCF;SBGR;259,00;10
2002;9;VSP;SBGR;SBPA;389,00;1
2002;9;VSP;SBGL;SBGR;212,00;217
2002;9;VSP;SBBR;SBCT;268,00;60
2002;9;VSP;SBBR;SBGL;259,00;386
2002;9;VSP;SBCF;SBBR;246,00;273
2002;9;VSP;SBEG;SBGR;1222,00;103
2002;9;VSP;SBBE;SBBR;585,00;8
2002;9;VSP;SBBR;SBBE;835,00;108
2002;9;VSP;SBGR;SBFL;448,00;54
2002;9;VSP;SBSV;SBGL;498,00;49
2002;9;VSP;SBGR;SBPA;359,00;249
2002;9;VSP;SBGR;SBCF;216,00;39
2002;9;VSP;SBGR;SBEG;1222,00;94
2002;9;VSP;SBCT;SBGR;161,00;119
2002;9;VSP;SBSV;SBGL;306,00;100
2002;9;VSP;SBCT;SBGR;269,00;1
2002;9;VSP;SBRF;SBFZ;298,00;485
2002;9;VSP;SBBR;SBSP;174,00;588
2002;9;VSP;SBRF;SBFZ;347,00;23
2002;9;VSP;SBBR;SBGR;384,00;9
2002;9;VSP;SBRF;SBFZ;248,00;188
2002;9;VSP;SBGL;SBRF;461,00;348
2002;9;VSP;SBBR;SBGR;443,00;3
2002;9;VSP;SBSV;SBRF;394,00;2
2002;9;VSP;SBGR;SBSV;632,00;5
2002;9;VSP;SBFL;SBGR;269,00;181
2002;9;VSP;SBRF;SBGL;922,00;150
2002;9;VSP;SBPA;SBBR;385,00;20
2002;9;VSP;SBGR;SBCT;161,00;50
2002;9;VSP;SBGL;SBRF;645,00;1
2002;9;VSP;SBGR;SBFL;179,00;284
2002;9;VSP;SBFZ;SBRF;248,00;435
2002;9;VSP;SBBE;SBBR;835,00;77
2002;9;VSP;SBGL;SBBR;391,00;11
2002;9;VSP;SBGL;SBSV;712,00;267
2002;9;VSP;SBCF;SBBR;309,00;27
2002;9;VSP;SBGR;SBSV;547,00;46
2002;9;VSP;SBRF;SBFZ;322,00;34
2002;9;VSP;SBSV;SBBR;461,00;63
2002;9;VSP;SBGL;SBCT;218,00;31
2002;9;VSP;SBGR;SBGL;166,00;55
2002;9;VSP;SBGR;SBCT;216,00;268
2002;9;VSP;SBSV;SBGR;547,00;51
2002;9;VSP;SBCT;SBGR;180,00;204
2002;9;VSP;SBSV;SBBR;495,00;12
2002;9;VSP;SBGR;SBCT;359,00;154
2002;9;VSP;SBFZ;SBRF;496,00;100
2002;9;VSP;SBGR;SBCF;195,00;458
2002;9;VSP;SBCF;SBBR;334,00;31
2002;9;VSP;SBSV;SBBR;297,00;314
2002;9;VSP;SBBR;SBSP;443,00;3
2002;9;VSP;SBSP;SBBR;443,00;1
2002;9;VSP;SBCT;SBGL;520,00;47
2002;9;VSP;SBGR;SBEG;795,00;5
2002;9;VSP;SBGR;SBGL;355,00;251
2002;9;VSP;SBGR;SBSV;421,00;1569
2002;9;VSP;SBGR;SBPA;242,00;1973
2002;9;VSP;SBRF;SBFZ;372,00;2
2002;9;VSP;SBGL;SBPA;505,00;1
2002;9;VSP;SBGR;SBBR;280,00;21
2002;9;VSP;SBBE;SBMQ;248,00;1
2002;9;VSP;SBRF;SBSV;319,00;3
2002;9;VSP;SBBE;SBBR;543,00;20
2002;9;VSP;SBBR;SBCT;580,00;2
2002;9;VSP;SBSV;SBGR;842,00;554
2002;9;VSP;SBPA;SBGR;419,00;2
2002;9;VSP;SBBR;SBGL;231,00;2132
2002;9;VSP;SBGL;SBCT;312,00;68
2002;9;VSP;SBBR;SBGR;385,00;2
2002;9;VSP;SBSP;SBBR;590,00;342
2002;9;VSP;SBRF;SBGL;426,00;124
2002;9;VSP;SBGL;SBGR;248,00;1
2002;9;VSP;SBGR;SBBR;414,00;5
2002;9;VSP;SBBE;SBMQ;166,00;20
2002;9;VSP;SBBR;SBSV;297,00;186
2002;9;VSP;SBPA;SBGR;598,00;181
2002;9;VSP;SBGR;SBCT;180,00;220
2002;9;VSP;SBCT;SBBR;311,00;21
2002;9;VSP;SBRF;SBFZ;212,00;5
2002;9;VSP;SBBR;SBGO;240,00;69
2002;9;VSP;SBGL;SBBR;421,00;8
2002;9;VSP;SBSV;SBGL;712,00;213
2002;9;VSP;SBGL;SBBR;259,00;365
2002;9;VSP;SBBR;SBGR;302,00;114
2002;9;VSP;SBGR;SBFL;336,00;6
2002;9;VSP;SBSV;SBGR;505,00;1299
2002;9;VSP;SBBR;SBSP;384,00;12
2002;9;VSP;SBBR;SBSV;659,00;142
2002;9;VSP;SBRF;SBGL;692,00;1
2002;9;VSP;SBFZ;SBRF;322,00;25
2002;9;VSP;SBEG;SBGR;794,00;9
2002;9;VSP;SBGL;SBPA;469,00;5
2002;9;VSP;SBBR;SBSP;355,00;576
2002;9;VSP;SBBR;SBCF;286,00;185
2002;9;VSP;SBBR;SBSP;414,00;46
2002;9;VSP;SBSP;SBBH;116,00;2606
2002;9;VSP;SBGL;SBGR;230,00;5
2002;9;VSP;SBGR;SBFL;314,00;28
2002;9;VSP;SBBE;SBBR;668,00;1
2002;9;VSP;SBCT;SBGR;216,00;203
2002;9;VSP;SBFL;SBGR;448,00;42
2002;9;VSP;SBBR;SBGL;301,00;248
2002;9;VSP;SBBR;SBBE;590,00;1
2002;9;VSP;SBGO;SBBR;145,00;860
2002;9;VSP;SBGR;SBBR;258,00;1103
2002;9;VSP;SBPA;SBGL;257,00;1401
2002;9;VSP;SBSV;SBBR;429,00;1
2002;9;VSP;SBKP;SBGL;244,00;1
2002;9;VSP;SBCF;SBBR;357,00;1
2002;9;VSP;SBBR;SBCF;218,00;536
2002;9;VSP;SBSV;SBGR;548,00;2
2002;9;VSP;SBRF;SBSV;491,00;112
2002;9;VSP;SBSV;SBBR;264,00;842
2002;9;VSP;SBPA;SBGR;299,00;205
2002;9;VSP;SBGO;SBBR;168,00;26
2002;9;VSP;SBSV;SBGL;262,00;2220
2002;9;VSP;SBBR;SBBE;342,00;368
2002;9;VSP;SBBE;SBBR;418,00;121
2002;9;VSP;SBFZ;SBBR;613,00;5
2002;9;VSP;SBSP;SBRJ;169,00;21727
2002;9;VSP;SBFZ;SBRF;212,00;69
2002;9;VSP;SBSV;SBRF;158,00;1788
2002;9;VSP;SBPA;SBGL;722,00;36
2002;9;VSP;SBEG;SBGR;733,00;51
2002;9;VSP;SBSV;SBBR;396,00;915
2002;9;VSP;SBBR;SBBE;418,00;160
2002;9;VSP;SBGR;SBSV;674,00;5
2002;9;VSP;SBRF;SBSV;344,00;5
2002;9;VSP;SBFZ;SBBR;438,00;164
2002;9;VSP;SBSV;SBBR;659,00;172
2002;9;VSP;SBBR;SBSP;258,00;98
2002;9;VSP;SBSV;SBGR;589,00;13
2002;9;VSP;SBSP;SBBR;385,00;1
2002;9;VSP;SBGR;SBGL;142,00;241
2002;9;VSP;SBGR;SBSV;505,00;1166
2002;9;VSP;SBSP;SBBR;418,00;1
2002;9;VSP;SBGO;SBBR;240,00;48
2002;9;VSP;SBBE;SBBR;501,00;397
2002;9;VSP;SBBR;SBSV;264,00;816
2002;9;VSP;SBGL;SBBR;361,00;559
2002;9;VSP;SBSV;SBGL;427,00;1136
2002;9;VSP;SBGR;SBEG;855,00;6
2002;9;VSP;SBGR;SBGL;106,00;786
2002;9;VSP;SBGL;SBKP;244,00;1
2002;9;VSP;SBEG;SBGR;916,00;2
2002;9;VSP;SBKP;SBGL;169,00;4
2002;9;VSP;SBGL;SBPA;288,00;183
2002;9;VSP;SBCT;SBBR;436,00;126
2002;9;VSP;SBBR;SBSV;429,00;2
2002;9;VSP;SBRF;SBSV;369,00;1
2002;9;VSP;SBGL;SBGR;231,00;2
2002;9;VSP;SBPA;SBGL;433,00;125
2002;9;VSP;SBEG;SBGR;795,00;2
2002;9;VSP;SBSP;SBBR;280,00;21
2002;9;VSP;SBCF;SBGR;216,00;32
2002;9;VSP;SBGR;SBCT;233,00;17
2002;9;VSP;SBBR;SBGO;156,00;13
2002;9;VSP;SBSV;SBGL;463,00;56
2002;9;VSP;SBGL;SBRF;692,00;2
2002;9;VSP;SBSV;SBGR;421,00;1628
2002;9;VSP;SBRF;SBFZ;496,00;71
2002;9;VSP;SBGR;SBEG;733,00;101
2002;9;VSP;SBBR;SBCT;242,00;273
2002;9;VSP;SBGR;SBBR;473,00;3
2002;9;VSP;SBCF;SBBR;286,00;518
2002;9;VSP;SBCF;SBBR;218,00;527
2002;9;VSP;SBMQ;SBBE;215,00;15
2002;9;VSP;SBBR;SBCF;309,00;4
2002;9;VSP;SBBE;SBBR;376,00;66
2002;9;VSP;SBBE;SBMQ;127,00;824
2002;9;VSP;SBCT;SBGL;218,00;128
2002;9;VSP;SBBR;SBGL;391,00;6
2002;9;VSP;SBGR;SBEG;794,00;4
2002;9;VSP;SBCT;SBBR;726,00;71
2002;9;VSP;SBSP;SBBR;355,00;678
2002;9;VSP;SBBR;SBSP;590,00;301
2002;9;VSP;SBMQ;SBBE;149,00;3
2002;9;VSP;SBGL;SBCT;338,00;4
2002;9;VSP;SBGR;SBBR;302,00;71
2002;9;VSP;SBGR;SBSV;589,00;16
2002;9;VSP;SBKP;SBGL;150,00;19
2002;9;VSP;SBPA;SBBR;895,00;36
2002;9;VSP;SBFL;SBGR;225,00;79
2002;9;VSP;SBGR;SBPA;598,00;195
2002;9;VSP;SBMQ;SBBE;166,00;25
2002;9;VSP;SBBR;SBCF;476,00;96
2002;9;VSP;SBPA;SBGR;389,00;6
2002;9;VSP;SBMQ;SBBE;198,00;143
2002;9;VSP;SBBR;SBSP;280,00;11
2002;9;VSP;SBGL;SBKP;188,00;23
2002;9;VSP;SBBR;SBPA;385,00;9
2002;9;VSP;SBGL;SBSV;498,00;10
2002;9;VSP;SBGL;SBGR;106,00;874
2002;9;VSP;SBFL;SBGR;179,00;206
2002;9;VSP;SBKP;SBGL;188,00;21
2002;9;VSP;SBGL;SBCT;199,00;426
2002;9;VSP;SBEG;SBGR;568,00;28
2002;9;VSP;SBPA;SBGR;242,00;2232
2002;9;VSP;SBBR;SBFZ;613,00;4
2002;9;VSP;SBSV;SBBR;330,00;601
2002;9;VSP;SBBR;SBPA;582,00;3
2002;9;VSP;SBRF;SBGL;461,00;541
2002;9;VSP;SBFZ;SBBR;656,00;2
2002;9;VSP;SBCT;SBGL;260,00;58
2002;9;VSP;SBGL;SBCT;246,00;4
2002;9;VSP;SBSV;SBGL;356,00;904
2002;9;VSP;SBFZ;SBRF;298,00;547
2002;9;VSP;SBFZ;SBRF;183,00;112
2002;9;VSP;SBPA;SBGL;325,00;14
2002;9;VSP;SBBR;SBGR;258,00;1331
2002;9;VSP;SBGR;SBGL;212,00;227
2002;9;VSP;SBSP;SBBR;258,00;298
2002;9;VSP;SBRF;SBGL;553,00;220
2002;9;VSP;SBCT;SBGL;312,00;60
2002;9;VSP;SBCT;SBGL;199,00;506
2002;9;VSP;SBKP;SBGL;112,00;261
2002;9;VSP;SBRF;SBSV;211,00;190
2002;9;VSP;SBFZ;SBBR;569,00;3
2002;9;VSP;SBBR;SBGL;421,00;14
2002;9;VSP;SBGR;SBPA;269,00;185
2002;9;VSP;SBBR;SBCT;471,00;7
2002;9;VSP;SBGL;SBSV;356,00;976
2002;9;VSP;SBGL;SBGR;142,00;302
2002;9;VSP;SBBR;SBCT;726,00;60
2002;9;VSP;SBKP;SBGL;225,00;27
2002;9;VSP;SBBR;SBSP;473,00;5
2002;9;VSP;SBBE;SBMQ;231,00;10
2002;9;VSP;SBGL;SBSV;427,00;1039
2002;9;VSP;SBBR;SBBE;315,00;1358
2002;9;VSP;SBCF;SBGR;280,00;2
2002;9;VSP;SBGR;SBBR;355,00;237
2002;9;VSP;SBEG;SBGR;501,00;578
2002;9;VSP;SBGL;SBPA;722,00;79
2002;9;VSP;SBBR;SBCF;334,00;6
2002;9;VSP;SBMQ;SBBE;248,00;1
2002;9;VSP;SBPA;SBGR;449,00;2
2002;9;VSP;SBCT;SBBR;545,00;1
2002;9;VSP;SBBR;SBGR;590,00;164
2002;9;VSP;SBRF;SBFZ;183,00;72
2002;9;VSP;SBMQ;SBBE;127,00;758
2002;9;VSP;SBCF;SBGR;431,00;38
2002;9;VSP;SBGR;SBFL;269,00;155
2002;9;VSP;SBGL;SBRF;426,00;117
2002;9;VSP;SBGR;SBFL;201,00;79
2002;9;VSP;SBCT;SBBR;268,00;76
2002;9;VSP;SBSV;SBRF;295,00;361
2002;9;VSP;SBSV;SBRF;181,00;163
2002;9;VSP;SBBR;SBCF;246,00;205
2002;9;VSP;SBGL;SBBR;603,00;238
2002;9;VSP;SBBE;SBMQ;330,00;31
2002;9;VSP;SBFL;SBGR;201,00;85
2002;9;VSP;SBRF;SBGL;400,00;1482
2002;9;VSP;SBBR;SBCT;311,00;18
2002;9;VSP;SBGL;SBKP;225,00;48
2002;9;VSP;SBBR;SBBE;585,00;5
2002;9;VSP;SBCT;SBBR;508,00;6
2002;9;VSP;SBGL;SBGR;266,00;1
2002;9;VSP;SBRF;SBSV;158,00;1751
2002;9;VSP;SBBR;SBSP;302,00;134
2002;9;VSP;SBSP;SBBR;414,00;52
2002;9;VSP;SBBR;SBSV;396,00;997
2002;9;VSP;SBSP;SBBR;384,00;27
2002;9;VSP;SBFZ;SBBR;400,00;550
2002;9;VSP;SBGL;SBBR;301,00;300
2002;9;VSP;SBBR;SBPA;339,00;33
2002;9;VSP;SBGL;SBPA;541,00;1
2002;9;VSP;SBSV;SBGL;569,00;1
2002;9;VSP;SBPA;SBBR;448,00;67
2002;9;VSP;SBSV;SBRF;246,00;291
2002;9;VSP;SBBR;SBCT;364,00;30
2002;9;VSP;SBFL;SBGR;156,00;354
2002;9;VSP;SBBR;SBBE;376,00;140
2002;9;VSP;SBGL;SBSV;306,00;189
2002;9;VSP;SBBR;SBFZ;425,00;194
2002;9;VSP;SBRF;SBGL;645,00;13
2002;9;VSP;SBBR;SBGL;361,00;443
2002;9;VSP;SBBH;SBSP;116,00;2934
2002;9;VSP;SBPA;SBBR;582,00;1
2002;9;VSP;SBGR;SBGL;230,00;2
2002;9;VSP;SBSV;SBBR;428,00;58
2002;9;VSP;SBBR;SBPA;895,00;31
2002;9;VSP;SBFZ;SBBR;425,00;96
2002;9;VSP;SBRF;SBSV;246,00;270
2002;9;VSP;SBGL;SBRF;400,00;1430
2002;9;VSP;SBGL;SBRF;922,00;121
2002;9;VSP;SBPA;SBBR;339,00;78
2002;9;VSP;SBCT;SBGR;251,00;3
2002;9;VSP;SBGL;SBKP;375,00;20
2002;9;VSP;SBGL;SBSV;463,00;73
2002;9;VSP;SBPA;SBBR;672,00;1
2002;9;VSP;SBRF;SBSV;348,00;1
2002;9;VSP;SBGL;SBPA;361,00;137
2002;9;VSP;SBPA;SBGR;359,00;476
2002;9;VSP;SBGL;SBKP;150,00;17
2002;9;VSP;SBBR;SBGL;453,00;10
2002;9;VSP;SBRJ;SBSP;169,00;19164
2002;9;VSP;SBGR;SBEG;501,00;572
2002;9;VSP;SBGL;SBKP;112,00;213
2002;9;VSP;SBGR;SBFL;225,00;64
2002;9;VSP;SBGR;SBBR;590,00;187
2002;9;VSP;SBCT;SBGR;234,00;1
2002;9;VSP;SBGR;SBCF;280,00;3
