ANO;MES;EMPRESA;ORIGEM;DESTINO;TARIFA;ASSENTOS
2002;1;GLO;SBPA;SBBR;397,00;51
2002;1;GLO;SBSV;SBRF;272,00;5
2002;1;GLO;SBFL;SBGL;223,00;196
2002;1;GLO;SBGL;SBSP;96,00;615
2002;1;GLO;SBGL;SBRF;340,00;297
2002;1;GLO;SBSP;SBFL;145,00;189
2002;1;GLO;SBBH;SBBR;166,00;37
2002;1;GLO;SBPA;SBSP;269,00;184
2002;1;GLO;SBSP;SBBR;166,00;4621
2002;1;GLO;SBGL;SBCT;217,00;6
2002;1;GLO;SBGL;SBPA;228,00;297
2002;1;GLO;SBPA;SBBR;295,00;69
2002;1;GLO;SBBR;SBCT;299,00;22
2002;1;GLO;SBRF;SBSV;154,00;15
2002;1;GLO;SBGL;SBPA;309,00;138
2002;1;GLO;SBRF;SBGL;302,00;232
2002;1;GLO;SBFL;SBGL;310,00;20
2002;1;GLO;SBRF;SBSV;197,00;6
2002;1;GLO;SBKP;SBGL;204,00;12
2002;1;GLO;SBBR;SBGL;238,00;136
2002;1;GLO;SBBR;SBCT;233,00;27
2002;1;GLO;SBCT;SBSP;113,00;54
2002;1;GLO;SBCT;SBBR;366,00;18
2002;1;GLO;SBFL;SBGL;365,84;20
2002;1;GLO;SBPA;SBGL;274,00;165
2002;1;GLO;SBBR;SBBH;136,00;2390
2002;1;GLO;SBPA;SBSP;323,00;4
2002;1;GLO;SBBH;SBCT;265,00;18
2002;1;GLO;SBBR;SBCT;216,00;1282
2002;1;GLO;SBGL;SBSV;268,00;601
2002;1;GLO;SBFL;SBSP;172,00;316
2002;1;GLO;SBSV;SBGL;245,00;743
2002;1;GLO;SBBR;SBGL;190,00;383
2002;1;GLO;SBGL;SBSP;128,00;82
2002;1;GLO;SBPA;SBGL;309,00;99
2002;1;GLO;SBPA;SBGL;216,00;423
2002;1;GLO;SBGL;SBFL;293,00;432
2002;1;GLO;SBBR;SBPA;353,00;24
2002;1;GLO;SBPA;SBSP;212,00;318
2002;1;GLO;SBSV;SBBR;267,00;211
2002;1;GLO;SBGL;SBFL;253,00;334
2002;1;GLO;SBCT;SBBH;265,00;20
2002;1;GLO;SBBR;SBSV;278,00;181
2002;1;GLO;SBGL;SBKP;180,00;113
2002;1;GLO;SBSP;SBBH;193,00;88
2002;1;GLO;SBGL;SBSV;387,00;6
2002;1;GLO;SBPA;SBGL;369,00;153
2002;1;GLO;SBFL;SBSP;136,00;381
2002;1;GLO;SBSV;SBGL;234,00;731
2002;1;GLO;SBBR;SBCT;316,00;8
2002;1;GLO;SBBR;SBSP;146,00;274
2002;1;GLO;SBRF;SBSV;248,00;28
2002;1;GLO;SBGL;SBRF;302,00;265
2002;1;GLO;SBCT;SBSP;82,00;303
2002;1;GLO;SBFL;SBSP;208,00;248
2002;1;GLO;SBBH;SBCT;279,00;6
2002;1;GLO;SBFL;SBBR;269,00;108
2002;1;GLO;SBFL;SBSP;199,00;235
2002;1;GLO;SBBR;SBFL;394,00;30
2002;1;GLO;SBBR;SBBE;525,18;2
2002;1;GLO;SBGL;SBPA;216,00;590
2002;1;GLO;SBBH;SBBR;199,00;1
2002;1;GLO;SBCT;SBBR;333,00;16
2002;1;GLO;SBSV;SBGL;387,00;20
2002;1;GLO;SBSP;SBPA;240,00;250
2002;1;GLO;SBSP;SBCT;163,00;6
2002;1;GLO;SBCT;SBBH;199,00;18
2002;1;GLO;SBGL;SBRF;391,00;333
2002;1;GLO;SBCT;SBGL;136,00;6801
2002;1;GLO;SBGL;SBKP;168,00;74
2002;1;GLO;SBPA;SBFL;135,00;14
2002;1;GLO;SBGL;SBSP;191,00;175
2002;1;GLO;SBPA;SBBR;382,00;54
2002;1;GLO;SBCT;SBSP;182,00;35
2002;1;GLO;SBSV;SBRF;154,00;8
2002;1;GLO;SBSP;SBGL;138,00;33
2002;1;GLO;SBSP;SBPA;392,66;62
2002;1;GLO;SBCT;SBSP;171,00;23
2002;1;GLO;SBBR;SBBH;259,00;1
2002;1;GLO;SBSV;SBBR;243,00;198
2002;1;GLO;SBGL;SBCT;205,00;18
2002;1;GLO;SBPA;SBSP;259,00;88
2002;1;GLO;SBBE;SBBR;386,00;15
2002;1;GLO;SBFL;SBSP;290,88;20
2002;1;GLO;SBGL;SBFL;273,00;196
2002;1;GLO;SBSV;SBRF;139,00;20
2002;1;GLO;SBGL;SBBR;250,00;89
2002;1;GLO;SBFL;SBGL;243,00;242
2002;1;GLO;SBBR;SBPA;281,00;14
2002;1;GLO;SBSV;SBRF;248,00;4
2002;1;GLO;SBGL;SBSP;138,00;132
2002;1;GLO;SBBR;SBFL;404,00;41
2002;1;GLO;SBFL;SBPA;96,00;3357
2002;1;GLO;SBGL;SBSP;149,00;87
2002;1;GLO;SBBR;SBBE;386,00;14
2002;1;GLO;SBRF;SBSV;226,00;17
2002;1;GLO;SBGL;SBKP;256,74;4
2002;1;GLO;SBBR;SBBE;292,00;16
2002;1;GLO;SBPA;SBGL;263,00;207
2002;1;GLO;SBGL;SBFL;263,00;246
2002;1;GLO;SBCT;SBSP;121,00;61
2002;1;GLO;SBBR;SBPA;382,00;13
2002;1;GLO;SBRF;SBGL;340,00;268
2002;1;GLO;SBPA;SBSP;250,00;114
2002;1;GLO;SBSP;SBCT;138,00;49
2002;1;GLO;SBSP;SBBH;212,00;15
2002;1;GLO;SBBR;SBFL;347,00;74
2002;1;GLO;SBSP;SBFL;260,00;26
2002;1;GLO;SBCT;SBBR;316,00;12
2002;1;GLO;SBGL;SBPA;369,00;135
2002;1;GLO;SBPA;SBGL;298,00;141
2002;1;GLO;SBSV;SBGL;342,00;433
2002;1;GLO;SBGL;SBBR;166,00;3575
2002;1;GLO;SBFL;SBGL;253,00;206
2002;1;GLO;SBFL;SBBR;243,00;147
2002;1;GLO;SBBR;SBGL;166,00;3111
2002;1;GLO;SBGL;SBSV;256,00;764
2002;1;GLO;SBGL;SBKP;132,00;101
2002;1;GLO;SBBR;SBSV;290,00;112
2002;1;GLO;SBRF;SBSV;125,00;94
2002;1;GLO;SBSP;SBCT;96,00;1903
2002;1;GLO;SBBR;SBSP;223,00;6
2002;1;GLO;SBPA;SBFL;241,60;7
2002;1;GLO;SBCT;SBGL;205,00;4
2002;1;GLO;SBFL;SBBR;308,00;73
2002;1;GLO;SBGL;SBBR;214,00;208
2002;1;GLO;SBPA;SBSP;202,00;356
2002;1;GLO;SBSP;SBPA;323,00;2
2002;1;GLO;SBSP;SBGL;107,00;282
2002;1;GLO;SBSP;SBGL;191,00;5
2002;1;GLO;SBGL;SBCT;275,00;19
2002;1;GLO;SBSV;SBGL;268,00;848
2002;1;GLO;SBFL;SBGL;203,00;192
2002;1;GLO;SBBR;SBBE;348,00;20
2002;1;GLO;SBSP;SBFL;181,00;202
2002;1;GLO;SBBR;SBCT;249,00;19
2002;1;GLO;SBSP;SBFL;290,88;18
2002;1;GLO;SBGL;SBRF;314,00;335
2002;1;GLO;SBPA;SBSP;193,00;276
2002;1;GLO;SBGL;SBSV;483,56;5
2002;1;GLO;SBKP;SBGL;180,00;65
2002;1;GLO;SBFL;SBSP;217,00;198
2002;1;GLO;SBGL;SBPA;239,00;332
2002;1;GLO;SBPA;SBBR;435,00;12
2002;1;GLO;SBSP;SBPA;202,00;284
2002;1;GLO;SBBE;SBBR;292,00;41
2002;1;GLO;SBBR;SBGL;300,00;8
2002;1;GLO;SBRF;SBSV;272,00;5
2002;1;GLO;SBGL;SBSV;212,00;1147
2002;1;GLO;SBSV;SBGL;223,00;600
2002;1;GLO;SBSP;SBCT;182,00;3
2002;1;GLO;SBPA;SBCT;304,68;6
2002;1;GLO;SBSP;SBPA;221,00;72
2002;1;GLO;SBBR;SBBE;235,00;39
2002;1;GLO;SBBH;SBSP;165,00;1
2002;1;GLO;SBGL;SBBR;226,00;163
2002;1;GLO;SBCT;SBSP;138,00;111
2002;1;GLO;SBRF;SBGL;314,00;182
2002;1;GLO;SBGL;SBFL;243,00;270
2002;1;GLO;SBSV;SBRF;111,00;51
2002;1;GLO;SBCT;SBBR;401,00;38
2002;1;GLO;SBGL;SBCT;180,00;10
2002;1;GLO;SBBR;SBSP;166,00;4692
2002;1;GLO;SBSV;SBBR;302,00;136
2002;1;GLO;SBSP;SBBH;155,00;145
2002;1;GLO;SBSP;SBPA;314,00;318
2002;1;GLO;SBBR;SBGL;329,00;2
2002;1;GLO;SBGL;SBPA;251,00;294
2002;1;GLO;SBCT;SBGL;266,00;14
2002;1;GLO;SBPA;SBSP;183,00;4234
2002;1;GLO;SBSV;SBBR;196,00;215
2002;1;GLO;SBGL;SBBR;190,00;339
2002;1;GLO;SBFL;SBBR;360,00;56
2002;1;GLO;SBGL;SBCT;254,00;4
2002;1;GLO;SBBR;SBFL;269,00;121
2002;1;GLO;SBGL;SBSP;107,00;148
2002;1;GLO;SBGL;SBBR;238,00;142
2002;1;GLO;SBGL;SBBR;300,00;4
2002;1;GLO;SBGL;SBKP;108,00;213
2002;1;GLO;SBGL;SBSP;229,00;11
2002;1;GLO;SBGL;SBCT;168,00;34
2002;1;GLO;SBRF;SBSV;96,00;690
2002;1;GLO;SBBH;SBCT;388,17;4
2002;1;GLO;SBSV;SBBR;331,00;237
2002;1;GLO;SBSP;SBCT;154,00;10
2002;1;GLO;SBBR;SBSP;189,00;4
2002;1;GLO;SBBH;SBBR;323,15;6
2002;1;GLO;SBBR;SBGL;327,00;17
2002;1;GLO;SBPA;SBBR;266,00;2195
2002;1;GLO;SBBR;SBGL;178,00;454
2002;1;GLO;SBSP;SBFL;190,00;223
2002;1;GLO;SBCT;SBBH;388,17;2
2002;1;GLO;SBBR;SBBE;367,00;25
2002;1;GLO;SBGL;SBFL;213,00;350
2002;1;GLO;SBCT;SBBR;283,00;8
2002;1;GLO;SBBR;SBSP;246,00;52
2002;1;GLO;SBBR;SBPA;266,00;1962
2002;1;GLO;SBSP;SBGL;149,00;27
2002;1;GLO;SBSP;SBBH;203,00;18
2002;1;GLO;SBGL;SBSV;312,00;466
2002;1;GLO;SBCT;SBSP;129,00;85
2002;1;GLO;SBSV;SBRF;96,00;467
2002;1;GLO;SBFL;SBSP;260,00;33
2002;1;GLO;SBPA;SBBR;324,00;42
2002;1;GLO;SBGL;SBFL;283,00;144
2002;1;GLO;SBBR;SBFL;256,00;105
2002;1;GLO;SBBR;SBSV;370,00;55
2002;1;GLO;SBBR;SBFL;334,00;92
2002;1;GLO;SBFL;SBBR;394,00;38
2002;1;GLO;SBPA;SBGL;286,00;111
2002;1;GLO;SBBE;SBBR;329,00;12
2002;1;GLO;SBRF;SBSV;183,00;10
2002;1;GLO;SBSP;SBBH;288,51;53
2002;1;GLO;SBGL;SBSV;234,00;779
2002;1;GLO;SBGL;SBSP;159,00;90
2002;1;GLO;SBGL;SBRF;289,00;397
2002;1;GLO;SBBH;SBCT;252,00;20
2002;1;GLO;SBBH;SBCT;239,00;36
2002;1;GLO;SBGL;SBCT;343,95;6
2002;1;GLO;SBSP;SBFL;233,00;133
2002;1;GLO;SBSP;SBBR;399,69;15
2002;1;GLO;SBRF;SBGL;391,00;394
2002;1;GLO;SBFL;SBSP;238,00;37
2002;1;GLO;SBBH;SBSP;146,00;6
2002;1;GLO;SBSP;SBPA;259,00;166
2002;1;GLO;SBSP;SBCT;171,00;9
2002;1;GLO;SBFL;SBSP;163,00;315
2002;1;GLO;SBGL;SBRF;276,00;330
2002;1;GLO;SBSP;SBPA;269,00;136
2002;1;GLO;SBGL;SBSP;180,00;84
2002;1;GLO;SBBR;SBSP;200,00;6
2002;1;GLO;SBGL;SBKP;192,00;33
2002;1;GLO;SBSP;SBFL;154,00;200
2002;1;GLO;SBSP;SBBR;200,00;2
2002;1;GLO;SBKP;SBGL;144,00;139
2002;1;GLO;SBRF;SBGL;428,00;322
2002;1;GLO;SBBE;SBBR;310,00;19
2002;1;GLO;SBPA;SBGL;321,00;48
2002;1;GLO;SBCT;SBGL;319,00;2
2002;1;GLO;SBBR;SBSP;399,69;16
2002;1;GLO;SBRF;SBGL;353,00;273
2002;1;GLO;SBBR;SBBH;208,00;1
2002;1;GLO;SBSV;SBBR;208,00;103
2002;1;GLO;SBKP;SBGL;168,00;66
2002;1;GLO;SBSV;SBGL;212,00;1251
2002;1;GLO;SBCT;SBBH;292,00;22
2002;1;GLO;SBSP;SBPA;295,00;62
2002;1;GLO;SBBR;SBCT;333,00;5
2002;1;GLO;SBSV;SBBR;370,00;97
2002;1;GLO;SBSV;SBGL;301,00;628
2002;1;GLO;SBSP;SBGL;229,00;26
2002;1;GLO;SBBE;SBBR;216,00;178
2002;1;GLO;SBBE;SBBR;254,00;38
2002;1;GLO;SBSV;SBRF;197,00;11
2002;1;GLO;SBRF;SBGL;276,00;319
2002;1;GLO;SBGL;SBFL;193,00;344
2002;1;GLO;SBGL;SBBR;178,00;3799
2002;1;GLO;SBGL;SBCT;266,00;16
2002;1;GLO;SBBR;SBGL;274,00;23
2002;1;GLO;SBSV;SBGL;374,00;857
2002;1;GLO;SBGL;SBCT;156,00;42
2002;1;GLO;SBPA;SBGL;352,00;45
2002;1;GLO;SBCT;SBBR;266,00;14
2002;1;GLO;SBSP;SBFL;208,00;188
2002;1;GLO;SBBR;SBFL;243,00;176
2002;1;GLO;SBBE;SBBR;367,00;14
2002;1;GLO;SBSP;SBFL;199,00;164
2002;1;GLO;SBSP;SBFL;238,00;21
2002;1;GLO;SBPA;SBCT;136,00;4
2002;1;GLO;SBRF;SBSV;274,00;5
2002;1;GLO;SBCT;SBBR;462,27;18
2002;1;GLO;SBGL;SBPA;263,00;216
2002;1;GLO;SBPA;SBFL;128,00;25
2002;1;GLO;SBBH;SBCT;225,00;28
2002;1;GLO;SBCT;SBSP;96,00;2532
2002;1;GLO;SBBH;SBCT;212,00;48
2002;1;GLO;SBGL;SBPA;274,00;240
2002;1;GLO;SBFL;SBPA;113,00;2
2002;1;GLO;SBGL;SBPA;461,54;15
2002;1;GLO;SBBH;SBBR;136,00;2499
2002;1;GLO;SBCT;SBSP;146,00;38
2002;1;GLO;SBBR;SBCT;366,00;15
2002;1;GLO;SBCT;SBBH;212,00;13
2002;1;GLO;SBCT;SBBR;299,00;6
2002;1;GLO;SBKP;SBGL;156,00;45
2002;1;GLO;SBFL;SBSP;190,00;257
2002;1;GLO;SBSP;SBCT;227,77;62
2002;1;GLO;SBGL;SBPA;286,00;225
2002;1;GLO;SBBR;SBBE;310,00;15
2002;1;GLO;SBPA;SBBR;339,00;48
2002;1;GLO;SBSP;SBBR;178,00;56
2002;1;GLO;SBBR;SBPA;368,00;33
2002;1;GLO;SBPA;SBSP;231,00;354
2002;1;GLO;SBBR;SBBH;191,00;1
2002;1;GLO;SBGL;SBCT;136,00;7613
2002;1;GLO;SBBR;SBGL;146,00;2588
2002;1;GLO;SBBR;SBBE;273,00;16
2002;1;GLO;SBSP;SBCT;121,00;91
2002;1;GLO;SBGL;SBBR;262,00;70
2002;1;GLO;SBCT;SBBR;349,00;8
2002;1;GLO;SBFL;SBBR;404,00;102
2002;1;GLO;SBBR;SBGL;250,00;96
2002;1;GLO;SBKP;SBGL;96,00;481
2002;1;GLO;SBGL;SBRF;353,00;381
2002;1;GLO;SBSP;SBBH;174,00;112
2002;1;GLO;SBCT;SBGL;156,00;2
2002;1;GLO;SBFL;SBGL;263,00;226
2002;1;GLO;SBBR;SBFL;360,00;48
2002;1;GLO;SBSP;SBBR;323,00;10
2002;1;GLO;SBBR;SBGL;262,00;30
2002;1;GLO;SBPA;SBGL;251,00;180
2002;1;GLO;SBSP;SBCT;129,00;69
2002;1;GLO;SBSP;SBFL;163,00;218
2002;1;GLO;SBPA;SBGL;461,54;3
2002;1;GLO;SBKP;SBGL;245,00;1
2002;1;GLO;SBGL;SBPA;298,00;195
2002;1;GLO;SBFL;SBGL;273,00;202
2002;1;GLO;SBGL;SBKP;96,00;513
2002;1;GLO;SBBR;SBSV;255,00;289
2002;1;GLO;SBSP;SBCT;82,00;195
2002;1;GLO;SBCT;SBBH;311,00;12
2002;1;GLO;SBFL;SBBR;334,00;28
2002;1;GLO;SBGL;SBRF;500,00;210
2002;1;GLO;SBBR;SBSP;320,00;2
2002;1;GLO;SBGL;SBSV;290,00;607
2002;1;GLO;SBBR;SBFL;295,00;137
2002;1;GLO;SBGL;SBBR;274,00;48
2002;1;GLO;SBBH;SBCT;199,00;51
2002;1;GLO;SBPA;SBSP;221,00;248
2002;1;GLO;SBRF;SBSV;111,00;5
2002;1;GLO;SBFL;SBBR;295,00;101
2002;1;GLO;SBPA;SBBR;353,00;110
2002;1;GLO;SBPA;SBBR;454,00;63
2002;1;GLO;SBGL;SBSV;374,00;500
2002;1;GLO;SBBR;SBBE;420,00;12
2002;1;GLO;SBFL;SBSP;181,00;321
2002;1;GLO;SBSV;SBGL;483,56;16
2002;1;GLO;SBSV;SBRF;226,00;526
2002;1;GLO;SBPA;SBSP;314,00;124
2002;1;GLO;SBRF;SBSV;342,22;12
2002;1;GLO;SBBR;SBSV;267,00;238
2002;1;GLO;SBBR;SBPA;339,00;48
2002;1;GLO;SBSV;SBBR;278,00;151
2002;1;GLO;SBBR;SBCT;370,00;13
2002;1;GLO;SBSV;SBRF;342,22;13
2002;1;GLO;SBGL;SBBR;327,00;65
2002;1;GLO;SBGL;SBSP;170,00;96
2002;1;GLO;SBKP;SBGL;108,00;163
2002;1;GLO;SBSP;SBBH;146,00;195
2002;1;GLO;SBCT;SBGL;343,95;2
2002;1;GLO;SBFL;SBGL;233,00;224
2002;1;GLO;SBSV;SBRF;168,00;7
2002;1;GLO;SBPA;SBBR;310,00;78
2002;1;GLO;SBSP;SBPA;193,00;248
2002;1;GLO;SBCT;SBBR;216,00;2079
2002;1;GLO;SBBR;SBSV;196,00;448
2002;1;GLO;SBGL;SBKP;120,00;229
2002;1;GLO;SBRF;SBGL;500,00;354
2002;1;GLO;SBCT;SBPA;106,00;1393
2002;1;GLO;SBGL;SBBR;146,00;1107
2002;1;GLO;SBBR;SBSV;208,00;224
2002;1;GLO;SBRF;SBGL;289,00;204
2002;1;GLO;SBBH;SBCT;186,00;86
2002;1;GLO;SBCT;SBBH;252,00;18
2002;1;GLO;SBBH;SBSP;136,00;3128
2002;1;GLO;SBBR;SBPA;310,00;27
2002;1;GLO;SBGL;SBBR;329,00;6
2002;1;GLO;SBBR;SBFL;321,00;91
2002;1;GLO;SBGL;SBSV;342,00;402
2002;1;GLO;SBCT;SBPA;136,00;25
2002;1;GLO;SBFL;SBPA;241,60;54
2002;1;GLO;SBBH;SBBR;175,00;1
2002;1;GLO;SBBR;SBBE;216,00;137
2002;1;GLO;SBGL;SBFL;203,00;242
2002;1;GLO;SBBR;SBFL;308,00;130
2002;1;GLO;SBPA;SBSP;295,00;118
2002;1;GLO;SBBE;SBBR;348,00;19
2002;1;GLO;SBSP;SBFL;172,00;269
2002;1;GLO;SBCT;SBBH;239,00;16
2002;1;GLO;SBSP;SBGL;180,00;7
2002;1;GLO;SBSV;SBGL;312,00;484
2002;1;GLO;SBGL;SBRF;365,00;339
2002;1;GLO;SBBR;SBSP;178,00;27
2002;1;GLO;SBGL;SBCT;193,00;4
2002;1;GLO;SBBR;SBPA;454,00;12
2002;1;GLO;SBSV;SBGL;279,00;832
2002;1;GLO;SBGL;SBCT;242,00;14
2002;1;GLO;SBBH;SBCT;172,00;217
2002;1;GLO;SBCT;SBGL;254,00;1
2002;1;GLO;SBBR;SBSV;220,00;249
2002;1;GLO;SBCT;SBSP;227,77;140
2002;1;GLO;SBBR;SBGL;202,00;338
2002;1;GLO;SBGL;SBSP;117,00;7847
2002;1;GLO;SBFL;SBGL;340,00;2
2002;1;GLO;SBKP;SBGL;192,00;38
2002;1;GLO;SBGL;SBRF;327,00;347
2002;1;GLO;SBCT;SBBR;439,00;2
2002;1;GLO;SBCT;SBBR;249,00;10
2002;1;GLO;SBCT;SBBH;172,00;614
2002;1;GLO;SBBR;SBPA;295,00;3
2002;1;GLO;SBGL;SBPA;352,00;120
2002;1;GLO;SBGL;SBKP;245,00;1
2002;1;GLO;SBSP;SBCT;105,00;273
2002;1;GLO;SBBR;SBBE;329,00;32
2002;1;GLO;SBBH;SBSP;203,00;4
2002;1;GLO;SBBR;SBSV;243,00;242
2002;1;GLO;SBBE;SBBR;420,00;24
2002;1;GLO;SBSP;SBCT;113,00;133
2002;1;GLO;SBGL;SBSP;239,13;40
2002;1;GLO;SBFL;SBGL;293,00;975
2002;1;GLO;SBFL;SBPA;135,00;11
2002;1;GLO;SBSV;SBBR;290,00;149
2002;1;GLO;SBRF;SBGL;469,00;314
2002;1;GLO;SBPA;SBFL;106,00;380
2002;1;GLO;SBFL;SBSP;233,00;913
2002;1;GLO;SBSP;SBBR;146,00;324
2002;1;GLO;SBSP;SBBH;222,00;1
2002;1;GLO;SBFL;SBGL;213,00;242
2002;1;GLO;SBRF;SBGL;378,00;324
2002;1;GLO;SBBR;SBSP;212,00;17
2002;1;GLO;SBGL;SBRF;469,00;294
2002;1;GLO;SBBH;SBSP;288,51;50
2002;1;GLO;SBCT;SBBH;225,00;16
2002;1;GLO;SBGL;SBFL;365,84;6
2002;1;GLO;SBSP;SBBR;189,00;1
2002;1;GLO;SBCT;SBSP;105,00;137
2002;1;GLO;SBRF;SBSV;212,00;5
2002;1;GLO;SBSP;SBGL;128,00;51
2002;1;GLO;SBGL;SBPA;385,00;6
2002;1;GLO;SBPA;SBGL;239,00;205
2002;1;GLO;SBSP;SBFL;136,00;17
2002;1;GLO;SBSP;SBBH;165,00;123
2002;1;GLO;SBBR;SBCT;266,00;28
2002;1;GLO;SBSP;SBGL;96,00;242
2002;1;GLO;SBBR;SBFL;282,00;57
2002;1;GLO;SBBR;SBPA;397,00;34
2002;1;GLO;SBGL;SBRF;428,00;284
2002;1;GLO;SBPA;SBGL;385,00;3
2002;1;GLO;SBGL;SBSV;279,00;805
2002;1;GLO;SBBR;SBSV;302,00;101
2002;1;GLO;SBBR;SBSV;331,00;167
2002;1;GLO;SBGL;SBPA;321,00;84
2002;1;GLO;SBBR;SBPA;435,00;37
2002;1;GLO;SBFL;SBPA;106,00;180
2002;1;GLO;SBPA;SBCT;106,00;1611
2002;1;GLO;SBSP;SBGL;117,00;8362
2002;1;GLO;SBFL;SBSP;154,00;317
2002;1;GLO;SBSP;SBPA;231,00;348
2002;1;GLO;SBCT;SBPA;304,68;16
2002;1;GLO;SBSV;SBBR;362,00;584
2002;1;GLO;SBSV;SBBR;462,68;1
2002;1;GLO;SBGL;SBSV;223,00;640
2002;1;GLO;SBFL;SBBR;282,00;104
2002;1;GLO;SBPA;SBFL;113,00;86
2002;1;GLO;SBSP;SBBH;136,00;1897
2002;1;GLO;SBSP;SBBH;266,00;3
2002;1;GLO;SBSP;SBPA;212,00;296
2002;1;GLO;SBBR;SBCT;349,00;30
2002;1;GLO;SBBR;SBPA;324,00;21
2002;1;GLO;SBSV;SBRF;212,00;13
2002;1;GLO;SBFL;SBGL;193,00;330
2002;1;GLO;SBRF;SBGL;365,00;269
2002;1;GLO;SBPA;SBBR;281,00;78
2002;1;GLO;SBSV;SBBR;231,00;189
2002;1;GLO;SBPA;SBSP;240,00;212
2002;1;GLO;SBBR;SBBE;254,00;46
2002;1;GLO;SBSP;SBPA;250,00;194
2002;1;GLO;SBGL;SBSV;245,00;831
2002;1;GLO;SBGL;SBRF;378,00;369
2002;1;GLO;SBBR;SBSP;235,00;7
2002;1;GLO;SBGL;SBKP;144,00;88
2002;1;GLO;SBBE;SBBR;273,00;32
2002;1;GLO;SBSV;SBBR;220,00;186
2002;1;GLO;SBSV;SBGL;290,00;691
2002;1;GLO;SBGL;SBKP;204,00;34
2002;1;GLO;SBCT;SBSP;154,00;32
2002;1;GLO;SBSV;SBRF;125,00;96
2002;1;GLO;SBPA;SBFL;96,00;2098
2002;1;GLO;SBSP;SBCT;146,00;32
2002;1;GLO;SBCT;SBGL;242,00;4
2002;1;GLO;SBRF;SBSV;139,00;17
2002;1;GLO;SBBR;SBSV;362,00;170
2002;1;GLO;SBCT;SBBH;279,00;14
2002;1;GLO;SBSP;SBPA;183,00;4628
2002;1;GLO;SBRF;SBSV;168,00;8
2002;1;GLO;SBSP;SBFL;217,00;124
2002;1;GLO;SBSV;SBBR;255,00;158
2002;1;GLO;SBGL;SBKP;156,00;89
2002;1;GLO;SBBH;SBCT;292,00;14
2002;1;GLO;SBPA;SBBR;368,00;75
2002;1;GLO;SBFL;SBBR;321,00;101
2002;1;GLO;SBPA;SBFL;142,00;6
2002;1;GLO;SBGL;SBCT;319,00;2
2002;1;GLO;SBBE;SBBR;463,00;2
2002;1;GLO;SBGL;SBFL;223,00;240
2002;1;GLO;SBCT;SBBH;186,00;21
2002;1;GLO;SBBH;SBSP;174,00;1
2002;1;GLO;SBSP;SBBH;184,00;82
2002;1;GLO;SBPA;SBSP;392,66;64
2002;1;GLO;SBGL;SBFL;233,00;230
2002;1;GLO;SBBR;SBSP;323,00;3
2002;1;GLO;SBBR;SBCT;283,00;8
2002;1;GLO;SBBR;SBSV;231,00;229
2002;1;GLO;SBFL;SBSP;145,00;264
2002;1;GLO;SBBR;SBBH;323,15;3
2002;1;GLO;SBPA;SBGL;228,00;241
2002;1;GLO;SBBR;SBGL;214,00;249
2002;1;GLO;SBCT;SBSP;163,00;28
2002;1;GLO;SBPA;SBFL;149,00;2
2002;1;GLO;SBSV;SBGL;256,00;808
2002;1;GLO;SBRF;SBGL;625,40;8
2002;1;GLO;SBGL;SBFL;340,00;2
2002;1;GLO;SBBR;SBSV;462,68;5
2002;1;GLO;SBSP;SBGL;159,00;2
2002;1;GLO;SBPA;SBFL;120,00;58
2002;1;GLO;SBRF;SBGL;327,00;264
2002;1;GLO;SBGL;SBBR;202,00;224
2002;1;GLO;SBFL;SBBR;347,00;13
2002;1;GLO;SBGL;SBSV;301,00;508
2002;1;GLO;SBBE;SBBR;235,00;39
2002;1;GLO;SBFL;SBBR;256,00;1506
2002;1;GLO;SBFL;SBGL;283,00;176
2002;1;GLO;SBBR;SBGL;226,00;189
2002;1;GLO;SBSP;SBGL;239,13;31
2002;1;MSQ;SBBE;SBMQ;126,17;10
2002;1;MSQ;SBMQ;SBBE;126,17;23
2002;1;MSQ;SBMQ;SBBE;96,20;50
2002;1;MSQ;SBBE;SBMQ;96,20;30
2002;1;NES;SBBE;SBMQ;125,00;21
2002;1;NES;SBMQ;SBBE;224,00;23
2002;1;NES;SBMQ;SBBE;330,00;1
2002;1;NES;SBSV;SBRF;490,00;10
2002;1;NES;SBSP;SBPS;737,00;5
2002;1;NES;SBKP;SBSP;104,00;3
2002;1;NES;SBSP;SBBR;320,00;141
2002;1;NES;SBSP;SBBR;445,00;233
2002;1;NES;SBBH;SBBR;376,00;106
2002;1;NES;SBFZ;SBRF;259,00;2
2002;1;NES;SBMQ;SBBE;249,00;22
2002;1;NES;SBMQ;SBBE;275,00;123
2002;1;NES;SBPS;SBSP;703,00;29
2002;1;NES;SBSP;SBPS;529,00;63
2002;1;NES;SBRF;SBSV;330,00;95
2002;1;NES;SBSP;SBPS;473,00;145
2002;1;NES;SBBR;SBSP;521,00;194
2002;1;NES;SBSP;SBBR;421,00;9
2002;1;NES;SBRF;SBSV;349,00;128
2002;1;NES;SBSP;SBBH;238,00;4
2002;1;NES;SBBE;SBMQ;249,00;21
2002;1;NES;SBPS;SBSP;359,00;244
2002;1;NES;SBPS;SBSP;501,00;134
2002;1;NES;SBSV;SBRF;408,00;258
2002;1;NES;SBMQ;SBBE;237,00;102
2002;1;NES;SBSV;SBRF;369,00;18
2002;1;NES;SBFZ;SBRF;496,00;6
2002;1;NES;SBFZ;SBRF;373,00;6
2002;1;NES;SBRF;SBSV;490,00;5
2002;1;NES;SBBR;SBBH;224,00;55
2002;1;NES;SBBH;SBSP;384,00;2
2002;1;NES;SBRF;SBFZ;413,00;70
2002;1;NES;SBBH;SBSP;135,00;3
2002;1;NES;SBSP;SBPS;586,00;162
2002;1;NES;SBBR;SBBH;218,00;7
2002;1;NES;SBSV;SBRF;88,00;1031
2002;1;NES;SBRF;SBFZ;373,00;2
2002;1;NES;SBSP;SBBR;521,00;146
2002;1;NES;SBBR;SBSP;320,00;44
2002;1;NES;SBBR;SBBH;416,00;142
2002;1;NES;SBSP;SBPS;703,00;19
2002;1;NES;SBSV;SBRF;330,00;135
2002;1;NES;SBPS;SBSP;302,00;2
2002;1;NES;SBRF;SBSV;510,00;1
2002;1;NES;SBBH;SBSP;329,00;1
2002;1;NES;SBSV;SBRF;256,00;7
2002;1;NES;SBFZ;SBRF;255,00;75
2002;1;NES;SBBE;SBMQ;237,00;76
2002;1;NES;SBSP;SBPS;359,00;164
2002;1;NES;SBFZ;SBRF;353,00;49
2002;1;NES;SBBR;SBSP;445,00;43
2002;1;NES;SBBH;SBBR;521,00;1
2002;1;NES;SBFZ;SBRF;185,00;326
2002;1;NES;SBSP;SBKP;82,00;3
2002;1;NES;SBBE;SBMQ;275,00;102
2002;1;NES;SBRF;SBFZ;334,00;25
2002;1;NES;SBSP;SBPS;501,00;98
2002;1;NES;SBBR;SBSP;271,00;1
2002;1;NES;SBSP;SBBR;625,00;9
2002;1;NES;SBRF;SBFZ;185,00;334
2002;1;NES;SBFZ;SBRF;334,00;49
2002;1;NES;SBSV;SBRF;349,00;130
2002;1;NES;SBPS;SBSP;529,00;56
2002;1;NES;SBFZ;SBRF;514,00;5
2002;1;NES;SBMQ;SBBE;113,00;360
2002;1;NES;SBMQ;SBBE;125,00;27
2002;1;NES;SBSP;SBPS;366,00;438
2002;1;NES;SBSV;SBRF;253,00;112
2002;1;NES;SBSP;SBBR;471,00;14
2002;1;NES;SBBR;SBBH;376,00;8
2002;1;NES;SBBH;SBBR;224,00;59
2002;1;NES;SBBH;SBSP;311,00;4
2002;1;NES;SBPS;SBSP;737,00;50
2002;1;NES;SBSV;SBRF;510,00;7
2002;1;NES;SBRF;SBFZ;255,00;101
2002;1;NES;SBSP;SBBR;325,00;1
2002;1;NES;SBBR;SBBH;256,00;78
2002;1;NES;SBBE;SBMQ;330,00;1
2002;1;NES;SBRF;SBFZ;353,00;30
2002;1;NES;SBPS;SBSP;473,00;219
2002;1;NES;SBRF;SBSV;253,00;131
2002;1;NES;SBSP;SBKP;104,00;3
2002;1;NES;SBPS;SBSP;366,00;366
2002;1;NES;SBBE;SBMQ;113,00;288
2002;1;NES;SBBR;SBSP;652,00;1
2002;1;NES;SBRF;SBSV;369,00;20
2002;1;NES;SBKP;SBSP;126,00;7
2002;1;NES;SBFZ;SBRF;413,00;148
2002;1;NES;SBBH;SBBR;416,00;115
2002;1;NES;SBRF;SBSV;256,00;21
2002;1;NES;SBBE;SBMQ;224,00;21
2002;1;NES;SBRF;SBSV;88,00;1187
2002;1;NES;SBPS;SBSP;586,00;444
2002;1;NES;SBSP;SBBH;384,00;8
2002;1;PEP;SBBE;SBMQ;163,90;8
2002;1;PEP;SBMQ;SBBE;164,29;9
2002;1;PEP;SBMQ;SBBE;159,16;1
2002;1;PEP;SBBE;SBMQ;81,80;7
2002;1;PEP;SBBE;SBMQ;134,04;179
2002;1;PEP;SBMQ;SBBE;139,60;126
2002;1;PEP;SBMQ;SBBE;106,00;13
2002;1;PEP;SBBE;SBMQ;111,51;30
2002;1;PEP;SBBE;SBMQ;238,18;1
2002;1;RSL;SBGO;SBSP;654,00;55
2002;1;RSL;SBSP;SBNF;263,00;1023
2002;1;RSL;SBSP;SBUL;273,00;15
2002;1;RSL;SBBR;SBRJ;638,00;7
2002;1;RSL;SBBH;SBCT;311,00;25
2002;1;RSL;SBBH;SBBR;364,00;75
2002;1;RSL;SBBR;SBGO;126,00;38
2002;1;RSL;SBVT;SBSP;432,00;45
2002;1;RSL;SBSP;SBNF;404,00;3
2002;1;RSL;SBSP;SBNF;195,00;302
2002;1;RSL;SBCA;SBSP;487,00;60
2002;1;RSL;SBSP;SBBH;135,00;2927
2002;1;RSL;SBCT;SBKP;189,00;26
2002;1;RSL;SBCT;SBSP;169,00;111
2002;1;RSL;SBVT;SBSP;598,00;2
2002;1;RSL;SBPA;SBRJ;359,00;16
2002;1;RSL;SBRJ;SBCT;313,00;18
2002;1;RSL;SBSP;SBGO;244,00;361
2002;1;RSL;SBRJ;SBPA;420,00;3
2002;1;RSL;SBCT;SBRJ;374,00;143
2002;1;RSL;SBSP;SBVT;294,00;170
2002;1;RSL;SBCT;SBRJ;277,00;33
2002;1;RSL;SBFL;SBSP;404,00;1337
2002;1;RSL;SBRJ;SBBR;437,00;567
2002;1;RSL;SBBH;SBBR;326,00;680
2002;1;RSL;SBCT;SBPA;246,00;60
2002;1;RSL;SBKP;SBPA;503,00;99
2002;1;RSL;SBBH;SBSP;462,00;8
2002;1;RSL;SBSP;SBNF;228,00;94
2002;1;RSL;SBSP;SBBH;159,00;1557
2002;1;RSL;SBCT;SBPA;252,00;20
2002;1;RSL;SBRJ;SBBH;95,00;2595
2002;1;RSL;SBFL;SBSP;504,00;71
2002;1;RSL;SBRJ;SBBR;358,00;79
2002;1;RSL;SBBH;SBRJ;217,00;87
2002;1;RSL;SBBH;SBKP;218,00;3
2002;1;RSL;SBBH;SBBR;346,00;348
2002;1;RSL;SBSP;SBCT;351,00;2
2002;1;RSL;SBSP;SBUL;233,00;1
2002;1;RSL;SBSP;SBVT;185,00;1243
2002;1;RSL;SBCT;SBSP;95,00;1356
2002;1;RSL;SBBR;SBGO;118,00;130
2002;1;RSL;SBCT;SBRJ;177,00;220
2002;1;RSL;SBSP;SBBH;223,00;250
2002;1;RSL;SBKP;SBCT;271,00;267
2002;1;RSL;SBRJ;SBBR;156,00;665
2002;1;RSL;SBRJ;SBPA;217,00;9
2002;1;RSL;SBFL;SBSP;283,00;54
2002;1;RSL;SBSP;SBCA;417,00;25
2002;1;RSL;SBCA;SBSP;394,00;66
2002;1;RSL;SBFL;SBPA;318,00;107
2002;1;RSL;SBCT;SBKP;221,00;4
2002;1;RSL;SBPA;SBRJ;512,00;9
2002;1;RSL;SBBH;SBSP;135,00;3653
2002;1;RSL;SBFL;SBRJ;366,00;1
2002;1;RSL;SBSP;SBPA;297,00;259
2002;1;RSL;SBSP;SBRP;145,00;624
2002;1;RSL;SBRJ;SBVT;140,00;548
2002;1;RSL;SBPA;SBSP;303,00;559
2002;1;RSL;SBBH;SBBR;403,00;715
2002;1;RSL;SBSP;SBNF;159,00;175
2002;1;RSL;SBRJ;SBPA;541,00;22
2002;1;RSL;SBSP;SBNF;202,00;382
2002;1;RSL;SBSP;SBVT;408,00;46
2002;1;RSL;SBVT;SBSP;408,00;143
2002;1;RSL;SBPA;SBSP;618,00;4
2002;1;RSL;SBSP;SBPA;423,00;560
2002;1;RSL;SBCT;SBPA;409,00;244
2002;1;RSL;SBRJ;SBVT;299,00;136
2002;1;RSL;SBBR;SBSP;455,00;139
2002;1;RSL;SBBR;SBRJ;156,00;1304
2002;1;RSL;SBSP;SBKP;120,00;5
2002;1;RSL;SBSP;SBBH;372,00;2219
2002;1;RSL;SBBR;SBRJ;462,00;54
2002;1;RSL;SBRJ;SBPA;599,00;30
2002;1;RSL;SBRP;SBSP;224,00;548
2002;1;RSL;SBVT;SBSP;334,00;50
2002;1;RSL;SBPA;SBCT;252,00;10
2002;1;RSL;SBBH;SBSP;301,00;711
2002;1;RSL;SBKP;SBSP;183,00;7
2002;1;RSL;SBBR;SBSP;303,00;227
2002;1;RSL;SBPA;SBRJ;247,00;21
2002;1;RSL;SBBH;SBCT;433,00;2
2002;1;RSL;SBUL;SBSP;234,00;16
2002;1;RSL;SBBH;SBCT;237,00;76
2002;1;RSL;SBSP;SBGO;377,00;1359
2002;1;RSL;SBGO;SBSP;280,00;231
2002;1;RSL;SBPA;SBSP;447,00;68
2002;1;RSL;SBPA;SBSP;347,00;52
2002;1;RSL;SBKP;SBPA;663,00;1
2002;1;RSL;SBSP;SBGO;289,00;91
2002;1;RSL;SBPA;SBSP;297,00;221
2002;1;RSL;SBFL;SBSP;242,00;151
2002;1;RSL;SBBH;SBSP;319,00;248
2002;1;RSL;SBBH;SBKP;471,00;1
2002;1;RSL;SBFL;SBRJ;653,00;2
2002;1;RSL;SBSP;SBPA;180,00;2440
2002;1;RSL;SBCT;SBSP;106,00;715
2002;1;RSL;SBSP;SBFL;327,00;255
2002;1;RSL;SBKP;SBPA;352,00;5
2002;1;RSL;SBSP;SBCA;299,00;2
2002;1;RSL;SBFL;SBPA;117,00;201
2002;1;RSL;SBSP;SBPA;347,00;34
2002;1;RSL;SBBH;SBBR;282,00;61
2002;1;RSL;SBBH;SBRJ;280,00;102
2002;1;RSL;SBRJ;SBVT;284,00;229
2002;1;RSL;SBKP;SBBR;608,00;1
2002;1;RSL;SBKP;SBPA;406,00;132
2002;1;RSL;SBRJ;SBBR;167,00;1517
2002;1;RSL;SBSP;SBCT;282,00;858
2002;1;RSL;SBBR;SBBH;504,00;2
2002;1;RSL;SBSP;SBBR;197,00;1111
2002;1;RSL;SBSP;SBGO;280,00;140
2002;1;RSL;SBPA;SBFL;318,00;87
2002;1;RSL;SBKP;SBBR;415,00;8
2002;1;RSL;SBRJ;SBKP;421,00;7
2002;1;RSL;SBCT;SBBH;311,00;25
2002;1;RSL;SBGO;SBBR;197,00;35
2002;1;RSL;SBBR;SBSP;630,00;5
2002;1;RSL;SBBH;SBSP;261,00;134
2002;1;RSL;SBBH;SBRJ;185,00;6
2002;1;RSL;SBBR;SBGO;137,00;28
2002;1;RSL;SBBR;SBGO;197,00;158
2002;1;RSL;SBRP;SBSP;166,00;1
2002;1;RSL;SBRJ;SBBH;185,00;12
2002;1;RSL;SBSP;SBUL;389,00;210
2002;1;RSL;SBGO;SBBR;138,00;27
2002;1;RSL;SBPA;SBCT;369,00;76
2002;1;RSL;SBSP;SBCA;682,00;137
2002;1;RSL;SBRP;SBSP;331,00;35
2002;1;RSL;SBRJ;SBPA;359,00;22
2002;1;RSL;SBSP;SBBR;165,00;574
2002;1;RSL;SBBR;SBSP;504,00;1334
2002;1;RSL;SBBH;SBRJ;117,00;1211
2002;1;RSL;SBSP;SBPA;400,00;983
2002;1;RSL;SBKP;SBRJ;278,00;361
2002;1;RSL;SBKP;SBCT;221,00;8
2002;1;RSL;SBKP;SBCT;197,00;54
2002;1;RSL;SBRJ;SBPA;247,00;36
2002;1;RSL;SBBR;SBSP;197,00;1037
2002;1;RSL;SBSP;SBVT;334,00;21
2002;1;RSL;SBUL;SBSP;241,00;17
2002;1;RSL;SBSP;SBCA;584,00;3
2002;1;RSL;SBBH;SBCT;355,00;4
2002;1;RSL;SBPA;SBFL;397,00;4
2002;1;RSL;SBBR;SBGO;100,00;52
2002;1;RSL;SBBR;SBBH;326,00;386
2002;1;RSL;SBSP;SBRP;386,00;25
2002;1;RSL;SBBH;SBCT;170,00;166
2002;1;RSL;SBBR;SBGO;162,00;259
2002;1;RSL;SBKP;SBPA;241,00;16
2002;1;RSL;SBRJ;SBBR;638,00;20
2002;1;RSL;SBBH;SBRJ;95,00;2045
2002;1;RSL;SBBH;SBKP;255,00;9
2002;1;RSL;SBCT;SBSP;194,00;21
2002;1;RSL;SBRJ;SBFL;207,00;96
2002;1;RSL;SBVT;SBRJ;300,00;1471
2002;1;RSL;SBPA;SBRJ;483,00;3
2002;1;RSL;SBCT;SBKP;127,00;544
2002;1;RSL;SBSP;SBCT;255,00;38
2002;1;RSL;SBBR;SBGO;179,00;30
2002;1;RSL;SBUL;SBSP;389,00;114
2002;1;RSL;SBCT;SBKP;255,00;340
2002;1;RSL;SBCT;SBPA;510,00;1
2002;1;RSL;SBKP;SBBH;218,00;1
2002;1;RSL;SBSP;SBNF;278,00;336
2002;1;RSL;SBCT;SBSP;177,00;54
2002;1;RSL;SBPA;SBFL;79,00;433
2002;1;RSL;SBFL;SBPA;191,00;19
2002;1;RSL;SBBH;SBBR;136,00;618
2002;1;RSL;SBRJ;SBBH;193,00;21
2002;1;RSL;SBPA;SBRJ;360,00;7
2002;1;RSL;SBRJ;SBFL;321,00;25
2002;1;RSL;SBSP;SBGO;560,00;239
2002;1;RSL;SBBR;SBRJ;167,00;1779
2002;1;RSL;SBPA;SBKP;406,00;136
2002;1;RSL;SBKP;SBCT;255,00;312
2002;1;RSL;SBKP;SBBH;226,00;24
2002;1;RSL;SBCT;SBBH;433,00;15
2002;1;RSL;SBSP;SBBH;301,00;661
2002;1;RSL;SBKP;SBBR;212,00;5
2002;1;RSL;SBSP;SBBH;230,00;149
2002;1;RSL;SBSP;SBRP;250,00;26
2002;1;RSL;SBCA;SBSP;417,00;31
2002;1;RSL;SBSP;SBKP;79,00;3
2002;1;RSL;SBGO;SBSP;586,00;5
2002;1;RSL;SBVT;SBRJ;376,00;7
2002;1;RSL;SBSP;SBRP;365,00;1
2002;1;RSL;SBCT;SBPA;332,00;227
2002;1;RSL;SBPA;SBCT;246,00;46
2002;1;RSL;SBSP;SBFL;147,00;1430
2002;1;RSL;SBBR;SBKP;340,00;4
2002;1;RSL;SBKP;SBSP;120,00;4
2002;1;RSL;SBVT;SBRJ;272,00;91
2002;1;RSL;SBNF;SBSP;202,00;389
2002;1;RSL;SBKP;SBBR;439,00;1
2002;1;RSL;SBSP;SBFL;243,00;87
2002;1;RSL;SBUL;SBSP;352,00;12
2002;1;RSL;SBFL;SBRJ;523,00;59
2002;1;RSL;SBSP;SBBR;302,00;14
2002;1;RSL;SBSP;SBGO;467,00;396
2002;1;RSL;SBSP;SBBR;303,00;218
2002;1;RSL;SBBH;SBRJ;266,00;215
2002;1;RSL;SBVT;SBSP;185,00;1306
2002;1;RSL;SBGO;SBSP;289,00;93
2002;1;RSL;SBBR;SBKP;291,00;27
2002;1;RSL;SBRJ;SBFL;653,00;2
2002;1;RSL;SBSP;SBBR;431,00;417
2002;1;RSL;SBCT;SBBH;237,00;59
2002;1;RSL;SBPA;SBFL;288,00;8
2002;1;RSL;SBBH;SBCT;304,00;9
2002;1;RSL;SBBH;SBBR;242,00;96
2002;1;RSL;SBBR;SBRJ;413,00;849
2002;1;RSL;SBFL;SBPA;273,00;43
2002;1;RSL;SBKP;SBBR;291,00;12
2002;1;RSL;SBFL;SBPA;259,00;58
2002;1;RSL;SBUL;SBSP;212,00;229
2002;1;RSL;SBFL;SBSP;365,00;164
2002;1;RSL;SBSP;SBGO;586,00;4
2002;1;RSL;SBRJ;SBCT;324,00;16
2002;1;RSL;SBBH;SBBR;504,00;9
2002;1;RSL;SBKP;SBPA;454,00;2
2002;1;RSL;SBSP;SBVT;286,00;125
2002;1;RSL;SBSP;SBRP;224,00;446
2002;1;RSL;SBSP;SBBR;407,00;1269
2002;1;RSL;SBCT;SBBH;304,00;18
2002;1;RSL;SBNF;SBSP;195,00;458
2002;1;RSL;SBKP;SBBH;213,00;313
2002;1;RSL;SBRJ;SBFL;447,00;31
2002;1;RSL;SBBH;SBBR;249,00;18
2002;1;RSL;SBCT;SBKP;285,00;17
2002;1;RSL;SBRP;SBSP;276,00;256
2002;1;RSL;SBUL;SBSP;487,00;3
2002;1;RSL;SBKP;SBBR;485,00;10
2002;1;RSL;SBKP;SBCT;285,00;4
2002;1;RSL;SBCT;SBRJ;313,00;34
2002;1;RSL;SBPA;SBFL;273,00;45
2002;1;RSL;SBFL;SBRJ;421,00;24
2002;1;RSL;SBRJ;SBBH;266,00;175
2002;1;RSL;SBBR;SBKP;392,00;28
2002;1;RSL;SBSP;SBNF;184,00;84
2002;1;RSL;SBKP;SBSP;114,00;32
2002;1;RSL;SBSP;SBCT;95,00;1468
2002;1;RSL;SBBR;SBSP;165,00;805
2002;1;RSL;SBKP;SBRJ;228,00;70
2002;1;RSL;SBFL;SBSP;250,00;262
2002;1;RSL;SBSP;SBGO;654,00;52
2002;1;RSL;SBPA;SBCT;409,00;214
2002;1;RSL;SBCA;SBSP;609,00;4
2002;1;RSL;SBKP;SBBH;364,00;38
2002;1;RSL;SBBR;SBBH;364,00;43
2002;1;RSL;SBSP;SBBR;455,00;159
2002;1;RSL;SBVT;SBRJ;243,00;575
2002;1;RSL;SBBH;SBCT;409,00;28
2002;1;RSL;SBRJ;SBPA;512,00;25
2002;1;RSL;SBRJ;SBBH;280,00;46
2002;1;RSL;SBVT;SBSP;286,00;251
2002;1;RSL;SBKP;SBSP;131,00;46
2002;1;RSL;SBBR;SBSP;353,00;116
2002;1;RSL;SBCT;SBRJ;140,00;420
2002;1;RSL;SBGO;SBBR;244,00;1
2002;1;RSL;SBCA;SBSP;441,00;38
2002;1;RSL;SBRJ;SBKP;294,00;14
2002;1;RSL;SBBR;SBBH;346,00;141
2002;1;RSL;SBSP;SBFL;242,00;133
2002;1;RSL;SBKP;SBBH;342,00;3
2002;1;RSL;SBKP;SBBH;312,00;9
2002;1;RSL;SBSP;SBGO;400,00;114
2002;1;RSL;SBSP;SBCA;394,00;74
2002;1;RSL;SBRJ;SBPA;752,00;2
2002;1;RSL;SBSP;SBBR;504,00;1471
2002;1;RSL;SBCT;SBPA;245,00;3
2002;1;RSL;SBSP;SBVT;432,00;17
2002;1;RSL;SBGO;SBSP;377,00;1353
2002;1;RSL;SBUL;SBSP;233,00;3
2002;1;RSL;SBRJ;SBFL;314,00;35
2002;1;RSL;SBRJ;SBFL;366,00;1
2002;1;RSL;SBBR;SBBH;242,00;118
2002;1;RSL;SBPA;SBRJ;752,00;1
2002;1;RSL;SBKP;SBRJ;195,00;89
2002;1;RSL;SBPA;SBSP;495,00;1432
2002;1;RSL;SBRP;SBSP;250,00;20
2002;1;RSL;SBSP;SBFL;283,00;19
2002;1;RSL;SBRJ;SBKP;325,00;772
2002;1;RSL;SBRP;SBSP;386,00;31
2002;1;RSL;SBSP;SBNF;325,00;610
2002;1;RSL;SBSP;SBKP;109,00;65
2002;1;RSL;SBPA;SBSP;400,00;891
2002;1;RSL;SBCT;SBPA;351,00;100
2002;1;RSL;SBBR;SBBH;403,00;523
2002;1;RSL;SBPA;SBCT;245,00;15
2002;1;RSL;SBBH;SBCT;633,00;2
2002;1;RSL;SBVT;SBRJ;120,00;56
2002;1;RSL;SBSP;SBCA;441,00;14
2002;1;RSL;SBBR;SBRJ;307,00;135
2002;1;RSL;SBRJ;SBBH;217,00;92
2002;1;RSL;SBRJ;SBPA;366,00;7
2002;1;RSL;SBBR;SBRJ;313,00;7
2002;1;RSL;SBCT;SBKP;315,00;264
2002;1;RSL;SBNF;SBSP;294,00;165
2002;1;RSL;SBNF;SBSP;325,00;955
2002;1;RSL;SBRJ;SBCT;374,00;138
2002;1;RSL;SBSP;SBUL;212,00;267
2002;1;RSL;SBFL;SBSP;135,00;559
2002;1;RSL;SBPA;SBSP;180,00;2566
2002;1;RSL;SBPA;SBKP;430,00;43
2002;1;RSL;SBFL;SBSP;147,00;1292
2002;1;RSL;SBGO;SBBR;162,00;54
2002;1;RSL;SBSP;SBPA;495,00;1260
2002;1;RSL;SBVT;SBRJ;374,00;189
2002;1;RSL;SBBR;SBSP;309,00;52
2002;1;RSL;SBBH;SBKP;213,00;382
2002;1;RSL;SBRJ;SBKP;195,00;58
2002;1;RSL;SBSP;SBVT;386,00;205
2002;1;RSL;SBSP;SBKP;157,00;4
2002;1;RSL;SBBH;SBKP;295,00;80
2002;1;RSL;SBRJ;SBVT;120,00;1391
2002;1;RSL;SBKP;SBPA;430,00;92
2002;1;RSL;SBPA;SBKP;503,00;34
2002;1;RSL;SBCT;SBBH;409,00;548
2002;1;RSL;SBSP;SBFL;250,00;211
2002;1;RSL;SBRJ;SBCT;277,00;29
2002;1;RSL;SBBH;SBSP;230,00;222
2002;1;RSL;SBSP;SBBH;319,00;169
2002;1;RSL;SBSP;SBVT;477,00;265
2002;1;RSL;SBCT;SBBH;170,00;161
2002;1;RSL;SBRJ;SBBR;462,00;164
2002;1;RSL;SBBR;SBRJ;358,00;59
2002;1;RSL;SBCT;SBSP;351,00;10
2002;1;RSL;SBBR;SBGO;138,00;50
2002;1;RSL;SBRJ;SBBR;413,00;904
2002;1;RSL;SBSP;SBRP;276,00;293
2002;1;RSL;SBBH;SBKP;364,00;54
2002;1;RSL;SBPA;SBKP;309,00;43
2002;1;RSL;SBSP;SBKP;131,00;36
2002;1;RSL;SBKP;SBPA;302,00;23
2002;1;RSL;SBRJ;SBBR;511,00;2144
2002;1;RSL;SBBR;SBKP;415,00;4
2002;1;RSL;SBRJ;SBBH;186,00;126
2002;1;RSL;SBCT;SBBH;507,00;64
2002;1;RSL;SBRJ;SBPA;483,00;22
2002;1;RSL;SBRJ;SBCT;418,00;9
2002;1;RSL;SBSP;SBCT;194,00;24
2002;1;RSL;SBSP;SBBR;630,00;31
2002;1;RSL;SBCT;SBKP;121,00;244
2002;1;RSL;SBCT;SBPA;287,00;11
2002;1;RSL;SBPA;SBFL;223,00;2
2002;1;RSL;SBBH;SBSP;223,00;185
2002;1;RSL;SBUL;SBSP;273,00;26
2002;1;RSL;SBSP;SBUL;316,00;165
2002;1;RSL;SBSP;SBUL;175,00;30
2002;1;RSL;SBKP;SBBH;295,00;141
2002;1;RSL;SBBR;SBSP;431,00;426
2002;1;RSL;SBFL;SBRJ;321,00;18
2002;1;RSL;SBRJ;SBKP;263,00;801
2002;1;RSL;SBSP;SBUL;234,00;34
2002;1;RSL;SBCT;SBRJ;462,00;351
2002;1;RSL;SBSP;SBNF;182,00;379
2002;1;RSL;SBGO;SBBR;179,00;3
2002;1;RSL;SBKP;SBRJ;294,00;22
2002;1;RSL;SBBH;SBKP;219,00;40
2002;1;RSL;SBCT;SBSP;255,00;55
2002;1;RSL;SBRJ;SBVT;198,00;232
2002;1;RSL;SBSP;SBFL;365,00;42
2002;1;RSL;SBGO;SBBR;170,00;26
2002;1;RSL;SBGO;SBBR;137,00;17
2002;1;RSL;SBRJ;SBKP;278,00;436
2002;1;RSL;SBKP;SBBH;219,00;77
2002;1;RSL;SBSP;SBRP;238,00;68
2002;1;RSL;SBSP;SBKP;114,00;16
2002;1;RSL;SBGO;SBBR;118,00;75
2002;1;RSL;SBCT;SBBH;355,00;9
2002;1;RSL;SBKP;SBBH;255,00;26
2002;1;RSL;SBRP;SBSP;238,00;70
2002;1;RSL;SBRJ;SBVT;267,00;634
2002;1;RSL;SBPA;SBKP;454,00;1
2002;1;RSL;SBRP;SBSP;173,00;29
2002;1;RSL;SBPA;SBCT;287,00;8
2002;1;RSL;SBVT;SBRJ;187,00;1571
2002;1;RSL;SBUL;SBSP;316,00;190
2002;1;RSL;SBSP;SBPA;618,00;4
2002;1;RSL;SBSP;SBFL;404,00;628
2002;1;RSL;SBFL;SBRJ;447,00;68
2002;1;RSL;SBSP;SBBH;462,00;8
2002;1;RSL;SBSP;SBPA;303,00;442
2002;1;RSL;SBSP;SBKP;183,00;5
2002;1;RSL;SBBR;SBGO;244,00;2
2002;1;RSL;SBKP;SBCT;189,00;22
2002;1;RSL;SBNF;SBSP;159,00;250
2002;1;RSL;SBBH;SBSP;336,00;65
2002;1;RSL;SBBR;SBBH;167,00;562
2002;1;RSL;SBRJ;SBCT;462,00;296
2002;1;RSL;SBSP;SBUL;333,00;38
2002;1;RSL;SBRJ;SBVT;231,00;81
2002;1;RSL;SBSP;SBCT;229,00;789
2002;1;RSL;SBGO;SBSP;467,00;464
2002;1;RSL;SBVT;SBSP;224,00;917
2002;1;RSL;SBFL;SBPA;79,00;631
2002;1;RSL;SBBR;SBKP;485,00;27
2002;1;RSL;SBBR;SBRJ;437,00;398
2002;1;RSL;SBBH;SBCT;458,00;3
2002;1;RSL;SBKP;SBRJ;421,00;8
2002;1;RSL;SBRJ;SBBH;251,00;626
2002;1;RSL;SBKP;SBRJ;202,00;73
2002;1;RSL;SBBR;SBBH;249,00;20
2002;1;RSL;SBPA;SBCT;332,00;303
2002;1;RSL;SBCT;SBSP;242,00;316
2002;1;RSL;SBVT;SBSP;477,00;318
2002;1;RSL;SBVT;SBSP;386,00;253
2002;1;RSL;SBRJ;SBBH;117,00;1250
2002;1;RSL;SBGO;SBBR;100,00;36
2002;1;RSL;SBSP;SBGO;422,00;25
2002;1;RSL;SBNF;SBSP;278,00;480
2002;1;RSL;SBCT;SBRJ;418,00;19
2002;1;RSL;SBPA;SBFL;117,00;202
2002;1;RSL;SBBR;SBRJ;511,00;1849
2002;1;RSL;SBFL;SBSP;327,00;354
2002;1;RSL;SBPA;SBSP;423,00;640
2002;1;RSL;SBSP;SBVT;224,00;668
2002;1;RSL;SBBH;SBKP;342,00;2
2002;1;RSL;SBRJ;SBCT;177,00;309
2002;1;RSL;SBGO;SBSP;400,00;41
2002;1;RSL;SBRJ;SBCT;395,00;92
2002;1;RSL;SBBH;SBRJ;186,00;80
2002;1;RSL;SBPA;SBKP;241,00;86
2002;1;RSL;SBBH;SBRJ;251,00;469
2002;1;RSL;SBBH;SBSP;372,00;2663
2002;1;RSL;SBBH;SBKP;312,00;2
2002;1;RSL;SBRJ;SBKP;228,00;77
2002;1;RSL;SBGO;SBSP;560,00;271
2002;1;RSL;SBRJ;SBFL;523,00;12
2002;1;RSL;SBPA;SBCT;106,00;527
2002;1;RSL;SBPA;SBKP;352,00;3
2002;1;RSL;SBPA;SBCT;351,00;139
2002;1;RSL;SBKP;SBCT;392,00;5
2002;1;RSL;SBCA;SBSP;682,00;1
2002;1;RSL;SBNF;SBSP;404,00;15
2002;1;RSL;SBFL;SBSP;243,00;245
2002;1;RSL;SBSP;SBBR;309,00;23
2002;1;RSL;SBCT;SBRJ;395,00;117
2002;1;RSL;SBRJ;SBBR;307,00;213
2002;1;RSL;SBSP;SBRP;331,00;22
2002;1;RSL;SBSP;SBFL;135,00;114
2002;1;RSL;SBUL;SBSP;333,00;80
2002;1;RSL;SBKP;SBSP;109,00;185
2002;1;RSL;SBRJ;SBBH;309,00;2960
2002;1;RSL;SBPA;SBRJ;599,00;8
2002;1;RSL;SBCT;SBSP;229,00;998
2002;1;RSL;SBRP;SBSP;145,00;576
2002;1;RSL;SBBR;SBSP;407,00;1041
2002;1;RSL;SBVT;SBRJ;157,00;29
2002;1;RSL;SBCT;SBPA;369,00;46
2002;1;RSL;SBRJ;SBKP;202,00;83
2002;1;RSL;SBNF;SBSP;228,00;173
2002;1;RSL;SBVT;SBSP;294,00;203
2002;1;RSL;SBPA;SBRJ;217,00;1
2002;1;RSL;SBBH;SBRJ;193,00;68
2002;1;RSL;SBGO;SBSP;244,00;399
2002;1;RSL;SBSP;SBVT;598,00;1
2002;1;RSL;SBFL;SBRJ;207,00;120
2002;1;RSL;SBRJ;SBKP;96,00;1872
2002;1;RSL;SBBH;SBCT;507,00;29
2002;1;RSL;SBKP;SBBR;392,00;31
2002;1;RSL;SBKP;SBBR;340,00;10
2002;1;RSL;SBSP;SBFL;347,00;213
2002;1;RSL;SBSP;SBFL;504,00;7
2002;1;RSL;SBNF;SBSP;263,00;1009
2002;1;RSL;SBRJ;SBVT;206,00;39
2002;1;RSL;SBSP;SBBH;336,00;53
2002;1;RSL;SBBH;SBBR;167,00;486
2002;1;RSL;SBUL;SBSP;175,00;32
2002;1;RSL;SBNF;SBSP;184,00;79
2002;1;RSL;SBSP;SBBR;353,00;137
2002;1;RSL;SBCT;SBRJ;324,00;13
2002;1;RSL;SBPA;SBCT;510,00;3
2002;1;RSL;SBBR;SBBH;136,00;633
2002;1;RSL;SBSP;SBBH;261,00;144
2002;1;RSL;SBFL;SBRJ;190,00;37
2002;1;RSL;SBKP;SBPA;309,00;22
2002;1;RSL;SBCT;SBSP;282,00;1285
2002;1;RSL;SBSP;SBPA;447,00;39
2002;1;RSL;SBKP;SBCT;315,00;311
2002;1;RSL;SBSP;SBCT;169,00;94
2002;1;RSL;SBPA;SBFL;191,00;22
2002;1;RSL;SBRJ;SBFL;421,00;15
2002;1;RSL;SBBH;SBSP;159,00;1777
2002;1;RSL;SBSP;SBRP;173,00;21
2002;1;RSL;SBRJ;SBVT;330,00;1211
2002;1;RSL;SBKP;SBRJ;96,00;1649
2002;1;RSL;SBRJ;SBFL;473,00;2
2002;1;RSL;SBKP;SBSP;79,00;2
2002;1;RSL;SBFL;SBRJ;314,00;47
2002;1;RSL;SBFL;SBSP;347,00;559
2002;1;RSL;SBSP;SBCT;177,00;61
2002;1;RSL;SBGO;SBBR;126,00;33
2002;1;RSL;SBPA;SBFL;259,00;40
2002;1;RSL;SBKP;SBRJ;263,00;971
2002;1;RSL;SBFL;SBPA;288,00;25
2002;1;RSL;SBBH;SBRJ;386,00;3
2002;1;RSL;SBVT;SBRJ;317,00;728
2002;1;RSL;SBBR;SBBH;282,00;54
2002;1;RSL;SBBR;SBKP;212,00;7
2002;1;RSL;SBCT;SBKP;197,00;12
2002;1;RSL;SBNF;SBSP;182,00;327
2002;1;RSL;SBSP;SBCT;106,00;1009
2002;1;RSL;SBFL;SBPA;198,00;2
2002;1;RSL;SBRJ;SBFL;190,00;54
2002;1;RSL;SBPA;SBKP;302,00;51
2002;1;RSL;SBKP;SBRJ;325,00;738
2002;1;RSL;SBFL;SBPA;397,00;2
2002;1;RSL;SBBR;SBGO;170,00;80
2002;1;RSL;SBSP;SBCA;487,00;37
2002;1;RSL;SBKP;SBCT;121,00;205
2002;1;RSL;SBRJ;SBCT;140,00;414
2002;1;RSL;SBBH;SBRJ;309,00;2565
2002;1;RSL;SBSP;SBNF;294,00;75
2002;1;RSL;SBCT;SBKP;271,00;237
2002;1;RSL;SBVT;SBRJ;258,00;256
2002;1;RSL;SBCT;SBPA;106,00;671
2002;1;RSL;SBKP;SBSP;157,00;1
2002;1;RSL;SBRJ;SBPA;360,00;1
2002;1;RSL;SBSP;SBUL;352,00;38
2002;1;RSL;SBKP;SBCT;127,00;482
2002;1;RSL;SBSP;SBCT;242,00;204
2002;1;RSL;SBBR;SBSP;302,00;13
2002;1;RSL;SBGO;SBSP;422,00;10
2002;1;TAM;SBBR;SBGL;176,40;341
2002;1;TAM;SBBR;SBGR;267,62;139
2002;1;TAM;SBNF;SBSP;173,96;228
2002;1;TAM;SBFZ;SBBR;306,55;329
2002;1;TAM;SBVT;SBRJ;169,25;2237
2002;1;TAM;SBPA;SBFL;190,25;21
2002;1;TAM;SBBR;SBKP;337,00;104
2002;1;TAM;SBGR;SBBR;238,80;1012
2002;1;TAM;SBGR;SBCT;105,91;736
2002;1;TAM;SBNF;SBSP;153,35;1110
2002;1;TAM;SBBR;SBFL;409,79;76
2002;1;TAM;SBRJ;SBVT;311,74;2
2002;1;TAM;SBSP;SBCT;156,36;268
2002;1;TAM;SBSP;SBUL;182,16;1191
2002;1;TAM;SBAU;SBSP;179,84;916
2002;1;TAM;SBRJ;SBKP;133,13;25
2002;1;TAM;SBSP;SBRP;158,82;336
2002;1;TAM;SBPA;SBGL;224,98;84
2002;1;TAM;SBSV;SBGL;548,26;4
2002;1;TAM;SBSP;SBFL;148,06;291
2002;1;TAM;SBGR;SBCF;185,31;288
2002;1;TAM;SBGL;SBFL;204,28;7
2002;1;TAM;SBSP;SBBU;157,62;75
2002;1;TAM;SBKP;SBSP;42,78;68
2002;1;TAM;SBKP;SBCT;170,80;62
2002;1;TAM;SBKP;SBGR;60,19;56
2002;1;TAM;SBPA;SBFL;113,07;46
2002;1;TAM;SBRF;SBSV;219,61;393
2002;1;TAM;SBBE;SBMQ;203,42;976
2002;1;TAM;SBFZ;SBRF;181,70;1856
2002;1;TAM;SBPA;SBFL;164,69;44
2002;1;TAM;SBGL;SBSV;565,30;1
2002;1;TAM;SBPA;SBBR;1055,13;50
2002;1;TAM;SBGR;SBSV;438,64;798
2002;1;TAM;SBRJ;SBKP;194,51;21
2002;1;TAM;SBGR;SBSV;274,82;739
2002;1;TAM;SBKP;SBRJ;111,03;784
2002;1;TAM;SBSP;SBBH;137,19;714
2002;1;TAM;SBFL;SBCT;139,04;110
2002;1;TAM;SBRF;SBFZ;213,31;52
2002;1;TAM;SBBU;SBSP;105,02;94
2002;1;TAM;SBRF;SBSV;346,55;7
2002;1;TAM;SBSV;SBGL;220,52;566
2002;1;TAM;SBCT;SBFL;89,18;39
2002;1;TAM;SBRF;SBSV;259,85;87
2002;1;TAM;SBMQ;SBBE;49,94;92
2002;1;TAM;SBBR;SBGL;306,56;52
2002;1;TAM;SBBR;SBSP;480,50;43
2002;1;TAM;SBBR;SBPA;801,86;79
2002;1;TAM;SBBR;SBGR;192,80;878
2002;1;TAM;SBBH;SBSP;210,22;332
2002;1;TAM;SBRJ;SBBR;198,50;2152
2002;1;TAM;SBRJ;SBBR;304,20;1
2002;1;TAM;SBGR;SBCF;135,76;697
2002;1;TAM;SBRJ;SBBR;310,88;291
2002;1;TAM;SBGR;SBSV;407,88;265
2002;1;TAM;SBBH;SBBR;373,81;36
2002;1;TAM;SBRJ;SBVT;181,08;2002
2002;1;TAM;SBBR;SBPA;704,76;390
2002;1;TAM;SBSV;SBBR;250,71;600
2002;1;TAM;SBSP;SBRP;123,66;300
2002;1;TAM;SBGL;SBSV;215,17;1613
2002;1;TAM;SBGL;SBPA;379,35;125
2002;1;TAM;SBRJ;SBKP;186,45;341
2002;1;TAM;SBRJ;SBSP;259,66;1
2002;1;TAM;SBVT;SBSP;186,66;1004
2002;1;TAM;SBMQ;SBBE;140,61;308
2002;1;TAM;SBBE;SBMQ;135,35;106
2002;1;TAM;SBPA;SBCT;346,09;11
2002;1;TAM;SBSV;SBGL;394,19;687
2002;1;TAM;SBBE;SBMQ;175,82;76
2002;1;TAM;SBBE;SBBR;344,54;344
2002;1;TAM;SBPA;SBBR;796,56;123
2002;1;TAM;SBGR;SBPA;322,99;4
2002;1;TAM;SBSV;SBBR;278,76;502
2002;1;TAM;SBKP;SBRJ;202,56;29
2002;1;TAM;SBRF;SBFZ;403,35;5
2002;1;TAM;SBCT;SBSP;125,45;8976
2002;1;TAM;SBSP;SBAU;136,28;48
2002;1;TAM;SBFL;SBGL;279,85;55
2002;1;TAM;SBSP;SBPS;285,02;112
2002;1;TAM;SBGR;SBKP;93,58;244
2002;1;TAM;SBGL;SBSV;203,60;406
2002;1;TAM;SBPA;SBCT;153,79;104
2002;1;TAM;SBSP;SBCT;151,90;386
2002;1;TAM;SBGR;SBCF;341,79;237
2002;1;TAM;SBFL;SBSP;205,11;340
2002;1;TAM;SBUL;SBSP;333,96;9
2002;1;TAM;SBKP;SBBH;158,25;20
2002;1;TAM;SBPS;SBSP;283,11;1
2002;1;TAM;SBFZ;SBRF;368,86;6
2002;1;TAM;SBFL;SBBR;237,39;119
2002;1;TAM;SBCT;SBPA;158,01;3633
2002;1;TAM;SBPA;SBKP;307,12;15
2002;1;TAM;SBSP;SBFL;156,16;815
2002;1;TAM;SBSP;SBBU;118,12;100
2002;1;TAM;SBBR;SBBH;226,86;337
2002;1;TAM;SBPA;SBCT;141,51;795
2002;1;TAM;SBBR;SBSV;218,77;680
2002;1;TAM;SBGL;SBBR;256,10;64
2002;1;TAM;SBFL;SBPA;135,54;20
2002;1;TAM;SBSV;SBGR;267,71;3991
2002;1;TAM;SBKP;SBPA;292,44;185
2002;1;TAM;SBBU;SBSP;125,98;26
2002;1;TAM;SBFZ;SBBR;360,77;1356
2002;1;TAM;SBKP;SBGR;94,00;51
2002;1;TAM;SBGL;SBSP;105,55;100
2002;1;TAM;SBRJ;SBBH;304,89;36
2002;1;TAM;SBGR;SBBR;181,86;99
2002;1;TAM;SBPA;SBFL;210,58;2
2002;1;TAM;SBBR;SBRJ;183,37;3316
2002;1;TAM;SBSP;SBPA;504,46;54
2002;1;TAM;SBGR;SBGL;117,17;93
2002;1;TAM;SBBU;SBSP;111,95;143
2002;1;TAM;SBGL;SBCT;198,17;69
2002;1;TAM;SBSV;SBGR;261,33;909
2002;1;TAM;SBSP;SBVT;236,93;2635
2002;1;TAM;SBGL;SBRF;411,36;914
2002;1;TAM;SBGO;SBBR;91,22;1577
2002;1;TAM;SBCT;SBFL;94,49;140
2002;1;TAM;SBRP;SBSP;135,27;823
2002;1;TAM;SBKP;SBBH;215,78;29
2002;1;TAM;SBPA;SBBR;656,77;381
2002;1;TAM;SBCT;SBBR;376,97;185
2002;1;TAM;SBSP;SBBH;346,20;14
2002;1;TAM;SBRJ;SBBH;130,74;366
2002;1;TAM;SBGL;SBPA;327,56;1
2002;1;TAM;SBSP;SBNF;170,03;63
2002;1;TAM;SBCT;SBFL;141,82;418
2002;1;TAM;SBBH;SBKP;215,06;28
2002;1;TAM;SBGR;SBPA;271,18;141
2002;1;TAM;SBBH;SBCT;316,16;7
2002;1;TAM;SBSP;SBGL;214,04;1
2002;1;TAM;SBBR;SBBE;648,35;16
2002;1;TAM;SBSP;SBML;193,96;50
2002;1;TAM;SBSP;SBUL;181,00;970
2002;1;TAM;SBPS;SBSP;545,10;188
2002;1;TAM;SBSP;SBPA;512,91;7
2002;1;TAM;SBGL;SBSV;227,94;981
2002;1;TAM;SBCT;SBGR;137,39;603
2002;1;TAM;SBBR;SBCT;378,59;69
2002;1;TAM;SBCT;SBPA;153,36;71
2002;1;TAM;SBBR;SBKP;220,33;383
2002;1;TAM;SBGO;SBBR;128,79;297
2002;1;TAM;SBSP;SBAU;228,43;88
2002;1;TAM;SBRP;SBSP;116,49;300
2002;1;TAM;SBGL;SBBR;179,05;82
2002;1;TAM;SBPS;SBSP;295,35;774
2002;1;TAM;SBKP;SBGR;65,64;279
2002;1;TAM;SBRJ;SBBH;178,93;163
2002;1;TAM;SBGL;SBBR;276,94;114
2002;1;TAM;SBGL;SBCT;180,30;140
2002;1;TAM;SBBR;SBRJ;279,88;420
2002;1;TAM;SBSP;SBGO;475,86;11
2002;1;TAM;SBGL;SBRF;882,36;5
2002;1;TAM;SBBR;SBKP;331,97;180
2002;1;TAM;SBSP;SBGO;240,60;175
2002;1;TAM;SBFZ;SBRF;239,26;266
2002;1;TAM;SBFZ;SBRF;213,49;869
2002;1;TAM;SBBR;SBSP;537,07;348
2002;1;TAM;SBCT;SBSP;152,82;278
2002;1;TAM;SBGR;SBPA;183,29;2162
2002;1;TAM;SBBR;SBGR;295,23;1
2002;1;TAM;SBRF;SBFZ;182,33;2190
2002;1;TAM;SBGL;SBGR;127,69;731
2002;1;TAM;SBKP;SBRJ;190,44;22
2002;1;TAM;SBVT;SBRJ;148,39;142
2002;1;TAM;SBPA;SBCT;209,86;21
2002;1;TAM;SBGR;SBKP;86,37;73
2002;1;TAM;SBGL;SBFL;336,10;31
2002;1;TAM;SBGO;SBBR;85,18;376
2002;1;TAM;SBBR;SBBH;161,83;641
2002;1;TAM;SBBH;SBBR;214,11;387
2002;1;TAM;SBKP;SBGR;78,09;24
2002;1;TAM;SBKP;SBBH;238,29;50
2002;1;TAM;SBSP;SBNF;186,35;195
2002;1;TAM;SBPA;SBKP;226,02;1316
2002;1;TAM;SDCO;SBSP;84,48;13
2002;1;TAM;SBCT;SBBR;371,23;102
2002;1;TAM;SBPA;SBGR;235,97;463
2002;1;TAM;SBBH;SBSP;133,81;497
2002;1;TAM;SBRP;SBSP;107,70;163
2002;1;TAM;SBGR;SBGL;172,54;1
2002;1;TAM;SBVT;SBSP;169,27;353
2002;1;TAM;SBKP;SBBH;192,78;157
2002;1;TAM;SBCT;SBPA;351,48;2
2002;1;TAM;SBBR;SBSP;234,31;2522
2002;1;TAM;SBRJ;SBBR;281,00;680
2002;1;TAM;SBSV;SBRF;256,28;77
2002;1;TAM;SBFL;SBPA;170,21;19
2002;1;TAM;SBGL;SBSV;340,03;1604
2002;1;TAM;SBSV;SBRF;161,35;67
2002;1;TAM;SBFL;SBGR;148,42;4
2002;1;TAM;SBPA;SBKP;282,91;112
2002;1;TAM;SBBH;SBCT;286,06;2
2002;1;TAM;SBGR;SBPA;181,39;171
2002;1;TAM;SBSP;SBFL;230,43;200
2002;1;TAM;SBBR;SBGL;180,61;51
2002;1;TAM;SBGL;SBGR;107,17;1422
2002;1;TAM;SBSP;SDCO;70,19;178
2002;1;TAM;SBRJ;SBBR;313,48;591
2002;1;TAM;SBRJ;SBBR;474,49;11
2002;1;TAM;SBBE;SBMQ;362,76;4
2002;1;TAM;SBRF;SBGL;284,27;251
2002;1;TAM;SBRJ;SBSP;135,20;60
2002;1;TAM;SBSP;SBPS;215,95;249
2002;1;TAM;SBMQ;SBBE;114,26;43
2002;1;TAM;SBBE;SBMQ;141,40;65
2002;1;TAM;SBRJ;SBBR;208,99;442
2002;1;TAM;SBVT;SBSP;449,90;9
2002;1;TAM;SBFL;SBCT;93,82;107
2002;1;TAM;SBFL;SBGR;151,56;559
2002;1;TAM;SBGR;SBBR;250,34;125
2002;1;TAM;SBPA;SBFL;105,34;74
2002;1;TAM;SBVT;SBSP;220,83;1409
2002;1;TAM;SBSP;SBBU;154,50;133
2002;1;TAM;SBGR;SBFL;214,60;417
2002;1;TAM;SBSP;SBPA;197,70;6263
2002;1;TAM;SBCT;SBGL;136,35;11
2002;1;TAM;SBSV;SBGR;747,70;382
2002;1;TAM;SBCF;SBGR;322,00;266
2002;1;TAM;SBSP;SBKP;90,41;131
2002;1;TAM;SBBE;SBBR;250,52;1510
2002;1;TAM;SBSP;SBFL;225,60;67
2002;1;TAM;SBBU;SBSP;241,57;7
2002;1;TAM;SBKP;SBBH;225,20;43
2002;1;TAM;SBBR;SBGO;85,25;466
2002;1;TAM;SBRJ;SBSP;287,99;682
2002;1;TAM;SBKP;SBBH;232,08;9
2002;1;TAM;SBKP;SBBR;298,05;217
2002;1;TAM;SBGR;SBPA;197,05;35
2002;1;TAM;SBAU;SBSP;201,92;123
2002;1;TAM;SBCT;SBFL;138,38;28
2002;1;TAM;SBKP;SBCT;137,77;19
2002;1;TAM;SBBH;SBRJ;174,12;116
2002;1;TAM;SBBR;SBBH;229,18;566
2002;1;TAM;SBSP;SBKP;70,25;84
2002;1;TAM;SBSP;SBPS;301,30;230
2002;1;TAM;SBRJ;SBKP;161,13;74
2002;1;TAM;SBNF;SBSP;160,49;197
2002;1;TAM;SBPA;SBCT;165,75;3293
2002;1;TAM;SBSP;SBAU;259,68;118
2002;1;TAM;SBRF;SBGL;442,02;126
2002;1;TAM;SBVT;SBSP;266,04;293
2002;1;TAM;SBPA;SBSP;251,43;1031
2002;1;TAM;SBGL;SBPA;315,23;46
2002;1;TAM;SBRF;SBSV;170,10;70
2002;1;TAM;SBPA;SBFL;102,04;327
2002;1;TAM;SBBR;SBBE;296,40;97
2002;1;TAM;SBSP;SBBH;186,83;247
2002;1;TAM;SBUL;SBSP;215,45;104
2002;1;TAM;SBBE;SBBR;283,20;183
2002;1;TAM;SBFL;SBGR;176,39;306
2002;1;TAM;SBBR;SBBE;353,23;424
2002;1;TAM;SBBH;SBBR;210,94;563
2002;1;TAM;SBBR;SBGO;116,69;111
2002;1;TAM;SBBR;SBGR;277,36;518
2002;1;TAM;SBRP;SBSP;298,50;7
2002;1;TAM;SBSP;SBRP;130,29;166
2002;1;TAM;SBSP;SBVT;426,31;2
2002;1;TAM;SBSP;SBBR;179,84;1570
2002;1;TAM;SBRF;SBSV;131,28;856
2002;1;TAM;SBBH;SBSP;156,49;2732
2002;1;TAM;SBGR;SBKP;69,71;41
2002;1;TAM;SBBR;SBSV;265,34;622
2002;1;TAM;SBGL;SBPA;288,88;112
2002;1;TAM;SBKP;SBSP;54,73;37
2002;1;TAM;SBGR;SBFL;607,19;5
2002;1;TAM;SBMQ;SBBE;169,37;50
2002;1;TAM;SBGR;SBGL;119,97;355
2002;1;TAM;SBFL;SBGR;225,16;285
2002;1;TAM;SBSP;SBPA;267,59;1459
2002;1;TAM;SBBR;SBGO;122,36;1116
2002;1;TAM;SBPS;SBSP;481,54;69
2002;1;TAM;SBBR;SBFZ;267,20;351
2002;1;TAM;SBPA;SBSP;266,08;1359
2002;1;TAM;SBRJ;SBBR;178,83;4377
2002;1;TAM;SBPA;SBGL;255,14;961
2002;1;TAM;SBSP;SBNF;194,98;157
2002;1;TAM;SBRJ;SBBH;150,77;4173
2002;1;TAM;SBSP;SBML;125,58;29
2002;1;TAM;SBPS;SBSP;332,86;298
2002;1;TAM;SBCF;SBGR;163,98;238
2002;1;TAM;SBRJ;SBBR;204,62;3432
2002;1;TAM;SBBH;SBCT;256,37;25
2002;1;TAM;SBKP;SBBR;317,60;157
2002;1;TAM;SBSP;SBGL;135,52;147
2002;1;TAM;SBBR;SBSP;279,01;838
2002;1;TAM;SBRJ;SBVT;192,03;183
2002;1;TAM;SBFZ;SBBR;274,97;1587
2002;1;TAM;SBCF;SBGR;208,27;76
2002;1;TAM;SBPA;SBSP;218,88;1018
2002;1;TAM;SBBR;SBPA;1130,56;40
2002;1;TAM;SBRJ;SBKP;200,45;86
2002;1;TAM;SBBU;SBSP;139,05;97
2002;1;TAM;SBAU;SBSP;224,15;120
2002;1;TAM;SBBE;SBBR;274,83;343
2002;1;TAM;SBBH;SBRJ;122,67;866
2002;1;TAM;SBGL;SBFL;244,99;20
2002;1;TAM;SBFL;SBGR;161,40;370
2002;1;TAM;SBCT;SBGL;278,48;33
2002;1;TAM;SBCT;SBPA;194,00;58
2002;1;TAM;SBUL;SBSP;139,60;245
2002;1;TAM;SBSP;SBVT;263,84;145
2002;1;TAM;SBPA;SBGR;180,27;2885
2002;1;TAM;SBCT;SBKP;212,84;21
2002;1;TAM;SBSP;SBRP;142,56;482
2002;1;TAM;SBPS;SBSP;291,19;575
2002;1;TAM;SBBH;SBKP;197,16;1359
2002;1;TAM;SBSP;SBGL;98,11;86
2002;1;TAM;SBSP;SBPS;287,71;506
2002;1;TAM;SBBR;SBFL;404,01;25
2002;1;TAM;SBBR;SBGR;192,97;787
2002;1;TAM;SBGO;SBSP;253,75;2
2002;1;TAM;SBBR;SBGO;176,12;57
2002;1;TAM;SBSV;SBGR;418,47;1635
2002;1;TAM;SBSP;SBML;310,08;1
2002;1;TAM;SBBR;SBRJ;288,61;138
2002;1;TAM;SBRJ;SBBR;253,99;2512
2002;1;TAM;SBVT;SBRJ;189,73;217
2002;1;TAM;SBBH;SBBR;149,69;367
2002;1;TAM;SBPA;SBKP;320,23;60
2002;1;TAM;SBBR;SBBH;154,27;1327
2002;1;TAM;SBGO;SBSP;265,01;124
2002;1;TAM;SBKP;SBRJ;112,58;48
2002;1;TAM;SBBR;SBCT;246,91;78
2002;1;TAM;SBBR;SBSP;272,11;407
2002;1;TAM;SBPA;SBSP;204,56;2751
2002;1;TAM;SBRJ;SBKP;194,59;143
2002;1;TAM;SBGL;SBGR;118,05;178
2002;1;TAM;SBGR;SBBR;324,99;1
2002;1;TAM;SBSV;SBRF;230,62;397
2002;1;TAM;SBGO;SBBR;205,31;9
2002;1;TAM;SBSP;SBRJ;143,26;5931
2002;1;TAM;SBGO;SBBR;121,21;540
2002;1;TAM;SBBR;SBFZ;319,73;36
2002;1;TAM;SBCT;SBGR;110,61;1018
2002;1;TAM;SBSP;SBRJ;135,85;29
2002;1;TAM;SBGL;SBPA;697,04;3
2002;1;TAM;SBSP;SBAU;149,29;50
2002;1;TAM;SBRF;SBFZ;244,91;112
2002;1;TAM;SBBR;SBRJ;215,20;192
2002;1;TAM;SBBR;SBCT;238,04;730
2002;1;TAM;SBBR;SBSV;534,35;1
2002;1;TAM;SBCT;SBBR;278,29;387
2002;1;TAM;SBCT;SBSP;263,15;17
2002;1;TAM;SBBR;SBKP;299,17;136
2002;1;TAM;SBGL;SBSV;676,29;61
2002;1;TAM;SBGR;SBGL;130,45;1185
2002;1;TAM;SBGR;SBSV;278,59;1081
2002;1;TAM;SBMQ;SBBE;118,31;2023
2002;1;TAM;SBCT;SBBR;408,89;195
2002;1;TAM;SBGR;SBKP;74,80;289
2002;1;TAM;SBBR;SBRJ;196,36;1513
2002;1;TAM;SBPA;SBGR;535,78;1
2002;1;TAM;SBPA;SBCT;316,50;1
2002;1;TAM;SBCT;SBKP;198,99;10
2002;1;TAM;SBRF;SBGL;301,55;1255
2002;1;TAM;SBBR;SBBH;183,73;717
2002;1;TAM;SBBE;SBMQ;151,64;301
2002;1;TAM;SBFL;SBBR;389,70;164
2002;1;TAM;SBGR;SBGL;155,56;569
2002;1;TAM;SBRJ;SBBH;196,10;421
2002;1;TAM;SBFL;SBSP;201,64;274
2002;1;TAM;SBSP;SBGO;279,48;151
2002;1;TAM;SBSP;SBBU;123,20;1479
2002;1;TAM;SBSP;SBFL;368,68;35
2002;1;TAM;SBFL;SBGR;220,78;307
2002;1;TAM;SBBR;SBPA;615,20;338
2002;1;TAM;SBGL;SBGR;194,79;278
2002;1;TAM;SBPA;SBGR;311,83;152
2002;1;TAM;SBCT;SBFL;121,28;10
2002;1;TAM;SBSP;SBRP;242,10;12
2002;1;TAM;SBBR;SBBE;611,48;1
2002;1;TAM;SBSP;SBPS;563,41;254
2002;1;TAM;SBBR;SBGL;235,90;2
2002;1;TAM;SBSP;SBCT;116,98;1496
2002;1;TAM;SBGO;SBBR;121,47;535
2002;1;TAM;SBGR;SBCF;123,85;207
2002;1;TAM;SBRJ;SBBH;103,44;2696
2002;1;TAM;SBBH;SBBR;157,44;1032
2002;1;TAM;SBBR;SBGL;483,87;1
2002;1;TAM;SBGR;SBCF;167,45;74
2002;1;TAM;SBVT;SBRJ;125,94;84
2002;1;TAM;SBPA;SBBR;677,79;50
2002;1;TAM;SBRF;SBGL;316,42;664
2002;1;TAM;SBBR;SBBE;301,07;99
2002;1;TAM;SBGR;SBPA;234,33;307
2002;1;TAM;SBSP;SBBU;157,31;111
2002;1;TAM;SBGR;SBGL;138,47;156
2002;1;TAM;SBFL;SBSP;355,17;95
2002;1;TAM;SBFZ;SBBR;315,34;22
2002;1;TAM;SBGR;SBFL;230,51;211
2002;1;TAM;SBSP;SBGO;239,45;3159
2002;1;TAM;SBSV;SBGR;387,13;2642
2002;1;TAM;SBCT;SBBH;326,00;19
2002;1;TAM;SBRP;SBSP;165,00;259
2002;1;TAM;SBML;SBSP;192,66;96
2002;1;TAM;SBBR;SBRJ;516,43;79
2002;1;TAM;SBRJ;SBVT;191,53;7
2002;1;TAM;SBRP;SBSP;123,51;1911
2002;1;TAM;SBBR;SBGO;97,27;1409
2002;1;TAM;SBBH;SBCT;555,66;1
2002;1;TAM;SBBR;SBSP;185,43;5349
2002;1;TAM;SBKP;SBBR;301,96;133
2002;1;TAM;SBRJ;SBVT;210,92;15
2002;1;TAM;SBPA;SBCT;183,86;249
2002;1;TAM;SBPA;SBGL;369,37;82
2002;1;TAM;SBNF;SBSP;130,71;552
2002;1;TAM;SBGL;SBPA;228,91;40
2002;1;TAM;SBFZ;SBBR;264,50;661
2002;1;TAM;SBPA;SBGR;268,06;697
2002;1;TAM;SBSP;SBPS;529,16;7
2002;1;TAM;SBGO;SBSP;182,48;194
2002;1;TAM;SBGL;SBGR;119,37;319
2002;1;TAM;SBBU;SBSP;127,74;1246
2002;1;TAM;SDCO;SBSP;54,97;297
2002;1;TAM;SBUL;SBSP;178,13;1441
2002;1;TAM;SBGR;SBPA;288,22;792
2002;1;TAM;SBSP;SBCT;126,94;8266
2002;1;TAM;SBBH;SBKP;189,03;199
2002;1;TAM;SBBR;SBFL;377,22;27
2002;1;TAM;SBSP;SBVT;277,07;98
2002;1;TAM;SBRJ;SBBR;572,20;115
2002;1;TAM;SBSP;SBBH;151,50;4939
2002;1;TAM;SBGO;SBBR;120,65;432
2002;1;TAM;SBSP;SBGO;279,32;179
2002;1;TAM;SBSP;SBGL;88,35;2071
2002;1;TAM;SBGL;SBBR;213,14;244
2002;1;TAM;SBBR;SBBH;151,95;312
2002;1;TAM;SBRF;SBSV;162,97;388
2002;1;TAM;SBSP;SBBR;285,99;1703
2002;1;TAM;SBFL;SBSP;217,11;361
2002;1;TAM;SBFL;SBPA;138,41;67
2002;1;TAM;SBSP;SBBH;363,84;43
2002;1;TAM;SBGL;SBCT;244,61;29
2002;1;TAM;SBFL;SBCT;97,17;239
2002;1;TAM;SBRF;SBGL;301,37;294
2002;1;TAM;SBML;SBSP;293,28;1
2002;1;TAM;SBKP;SBSP;75,31;1
2002;1;TAM;SBGO;SBBR;117,52;125
2002;1;TAM;SBSP;SBVT;180,76;296
2002;1;TAM;SBGR;SBCT;125,08;995
2002;1;TAM;SBCT;SBSP;160,97;552
2002;1;TAM;SBSV;SBGR;267,85;1070
2002;1;TAM;SBSV;SBBR;500,35;5
2002;1;TAM;SDCO;SBSP;53,61;19
2002;1;TAM;SBGL;SBSP;105,94;1329
2002;1;TAM;SBCT;SBPA;362,11;15
2002;1;TAM;SBRJ;SBVT;171,21;312
2002;1;TAM;SBPA;SBGL;374,08;5
2002;1;TAM;SBCT;SBSP;246,56;68
2002;1;TAM;SBBE;SBBR;394,77;226
2002;1;TAM;SBBR;SBGL;294,13;224
2002;1;TAM;SBFL;SBSP;130,69;2891
2002;1;TAM;SBGL;SBSV;263,85;1269
2002;1;TAM;SBBH;SBKP;156,04;14
2002;1;TAM;SBCT;SBGR;379,71;2
2002;1;TAM;SBBR;SBBE;252,29;1518
2002;1;TAM;SBFL;SBGL;329,73;14
2002;1;TAM;SBCT;SBFL;147,01;9
2002;1;TAM;SBAU;SBSP;150,05;71
2002;1;TAM;SBCT;SBPA;144,77;327
2002;1;TAM;SBBH;SBRJ;103,23;2451
2002;1;TAM;SBRF;SBGL;352,65;176
2002;1;TAM;SBBH;SBCT;207,74;8
2002;1;TAM;SBSV;SBGL;212,12;455
2002;1;TAM;SBSP;SBPA;205,15;2728
2002;1;TAM;SBSP;SBAU;186,20;1119
2002;1;TAM;SBCT;SBBR;656,56;1
2002;1;TAM;SBKP;SBCT;173,34;5
2002;1;TAM;SBGR;SBFL;166,35;251
2002;1;TAM;SBML;SBSP;121,61;29
2002;1;TAM;SBSP;SBCT;140,31;1753
2002;1;TAM;SBKP;SBPA;227,41;50
2002;1;TAM;SBGL;SBBR;217,26;612
2002;1;TAM;SBBR;SBBE;396,87;99
2002;1;TAM;SBKP;SBPA;295,59;6
2002;1;TAM;SBBH;SBSP;212,08;463
2002;1;TAM;SBSP;SBNF;170,82;1490
2002;1;TAM;SBSP;SBKP;73,27;89
2002;1;TAM;SBBR;SBSV;214,76;1284
2002;1;TAM;SBBR;SBGO;121,11;849
2002;1;TAM;SBPA;SBBR;709,41;495
2002;1;TAM;SBBR;SBSP;183,50;1768
2002;1;TAM;SBGR;SBSV;727,97;151
2002;1;TAM;SBRJ;SBVT;148,93;129
2002;1;TAM;SBKP;SBSP;62,18;41
2002;1;TAM;SBSP;SBRJ;135,20;371
2002;1;TAM;SBBR;SBBE;406,04;180
2002;1;TAM;SBRF;SBGL;360,64;907
2002;1;TAM;SBSP;SBBH;215,41;628
2002;1;TAM;SBGR;SBKP;89,81;70
2002;1;TAM;SBSP;SBVT;216,90;716
2002;1;TAM;SBFL;SBBR;287,02;186
2002;1;TAM;SBBR;SBFZ;411,27;526
2002;1;TAM;SBRF;SBFZ;157,82;201
2002;1;TAM;SBGR;SBSV;786,59;14
2002;1;TAM;SBBR;SBFL;332,32;101
2002;1;TAM;SBBH;SBKP;226,60;14
2002;1;TAM;SBSP;SBBR;276,39;918
2002;1;TAM;SBPA;SBGR;173,61;260
2002;1;TAM;SBGO;SBSP;241,26;216
2002;1;TAM;SBPA;SBSP;510,82;6
2002;1;TAM;SBFL;SBPA;200,38;48
2002;1;TAM;SBCT;SBGR;173,25;193
2002;1;TAM;SBSP;SBAU;340,96;3
2002;1;TAM;SBSP;SBGO;279,23;253
2002;1;TAM;SBFL;SBPA;105,34;84
2002;1;TAM;SBGR;SBGL;197,11;438
2002;1;TAM;SBGL;SBSV;370,70;293
2002;1;TAM;SBGR;SBFL;212,64;7
2002;1;TAM;SBGL;SBRF;391,85;101
2002;1;TAM;SBCT;SBKP;169,27;106
2002;1;TAM;SBFL;SBCT;99,36;5
2002;1;TAM;SBCT;SBPA;192,67;214
2002;1;TAM;SBGL;SBRF;346,89;889
2002;1;TAM;SBMQ;SBBE;112,32;131
2002;1;TAM;SBGO;SBSP;272,49;484
2002;1;TAM;SBKP;SBBR;195,75;58
2002;1;TAM;SBCT;SBGR;140,51;1003
2002;1;TAM;SBSP;SBUL;201,31;189
2002;1;TAM;SBPA;SBSP;503,79;38
2002;1;TAM;SBBR;SBBH;229,24;301
2002;1;TAM;SBSV;SBGL;392,85;464
2002;1;TAM;SBCT;SBGR;133,44;741
2002;1;TAM;SBRJ;SBKP;133,70;192
2002;1;TAM;SBUL;SBSP;237,25;197
2002;1;TAM;SBSP;SBGO;206,08;660
2002;1;TAM;SBPA;SBGR;284,07;342
2002;1;TAM;SBRF;SBFZ;253,12;99
2002;1;TAM;SBFZ;SBRF;268,11;84
2002;1;TAM;SBBE;SBMQ;119,10;2087
2002;1;TAM;SBSP;SBBU;105,53;151
2002;1;TAM;SBBR;SBRJ;220,68;4489
2002;1;TAM;SBSP;SBUL;138,66;291
2002;1;TAM;SBRF;SBSV;184,23;333
2002;1;TAM;SBFL;SBPA;104,91;1859
2002;1;TAM;SBGO;SBSP;235,34;2309
2002;1;TAM;SBFL;SBGL;367,71;45
2002;1;TAM;SBSP;SBGL;104,79;856
2002;1;TAM;SBSP;SBML;169,77;725
2002;1;TAM;SBFL;SBCT;139,29;156
2002;1;TAM;SBGR;SBCT;218,74;756
2002;1;TAM;SBBR;SBPA;1895,67;2
2002;1;TAM;SBBH;SBBR;186,54;1011
2002;1;TAM;SBPA;SBKP;278,81;21
2002;1;TAM;SBSP;SBKP;89,37;36
2002;1;TAM;SBGL;SBFL;321,16;30
2002;1;TAM;SBSP;SBNF;147,40;427
2002;1;TAM;SBSV;SBBR;229,70;1219
2002;1;TAM;SBSP;SBNF;189,03;70
2002;1;TAM;SBKP;SBGR;86,09;395
2002;1;TAM;SBKP;SBSP;73,61;274
2002;1;TAM;SBFL;SBPA;117,61;96
2002;1;TAM;SBVT;SBRJ;202,23;85
2002;1;TAM;SBGL;SBSP;126,44;615
2002;1;TAM;SBKP;SBRJ;129,75;37
2002;1;TAM;SBGL;SBCT;144,28;15
2002;1;TAM;SBBR;SBGL;170,74;460
2002;1;TAM;SBBR;SBPA;1062,99;52
2002;1;TAM;SBKP;SBBR;188,97;120
2002;1;TAM;SBML;SBSP;128,40;73
2002;1;TAM;SBKP;SBBR;543,04;7
2002;1;TAM;SBCT;SBGL;182,31;1
2002;1;TAM;SBBE;SBBR;273,70;439
2002;1;TAM;SBPS;SBSP;249,64;448
2002;1;TAM;SBPA;SBGL;214,34;2547
2002;1;TAM;SBSP;SBPA;306,26;277
2002;1;TAM;SBFZ;SBBR;615,64;114
2002;1;TAM;SBBR;SBGR;167,15;146
2002;1;TAM;SBBH;SBRJ;176,84;399
2002;1;TAM;SBCT;SBSP;108,70;5235
2002;1;TAM;SBSP;SBFL;221,11;99
2002;1;TAM;SBGL;SBPA;247,85;646
2002;1;TAM;SBVT;SBSP;236,33;3036
2002;1;TAM;SBCT;SBSP;112,04;3682
2002;1;TAM;SBCT;SBGL;304,55;16
2002;1;TAM;SBCT;SBGR;112,30;315
2002;1;TAM;SBSV;SBGL;342,22;1637
2002;1;TAM;SBVT;SBRJ;193,53;53
2002;1;TAM;SBSP;SBBH;189,15;55
2002;1;TAM;SBBE;SBBR;370,62;159
2002;1;TAM;SBAU;SBSP;148,72;53
2002;1;TAM;SBFL;SBBR;305,01;49
2002;1;TAM;SBMQ;SBBE;191,38;98
2002;1;TAM;SBKP;SBSP;79,79;59
2002;1;TAM;SBPA;SBGL;274,31;38
2002;1;TAM;SBFL;SBGL;165,24;4
2002;1;TAM;SBGL;SBRF;303,60;152
2002;1;TAM;SBGL;SBRF;315,67;1375
2002;1;TAM;SBSP;SBBU;127,94;36
2002;1;TAM;SBCT;SBBR;259,90;153
2002;1;TAM;SBBH;SBSP;194,04;50
2002;1;TAM;SBML;SBSP;169,58;669
2002;1;TAM;SBFZ;SBBR;680,33;1
2002;1;TAM;SBBE;SBMQ;195,99;130
2002;1;TAM;SBPA;SBGR;203,10;1022
2002;1;TAM;SBSP;SBPA;326,35;401
2002;1;TAM;SBGR;SBFL;216,56;112
2002;1;TAM;SBKP;SBCT;127,61;905
2002;1;TAM;SBKP;SBSP;150,18;17
2002;1;TAM;SBPS;SBSP;197,98;151
2002;1;TAM;SBBR;SBFL;401,38;1
2002;1;TAM;SBGL;SBGR;181,27;1000
2002;1;TAM;SBGR;SBBR;320,97;316
2002;1;TAM;SBBR;SBCT;366,04;85
2002;1;TAM;SBFL;SBSP;138,40;422
2002;1;TAM;SBSP;SBBH;207,50;412
2002;1;TAM;SBFZ;SBRF;390,12;1
2002;1;TAM;SBGL;SBCT;139,24;2
2002;1;TAM;SBFL;SBCT;146,25;591
2002;1;TAM;SBBE;SBBR;653,66;14
2002;1;TAM;SBBR;SBSV;299,23;574
2002;1;TAM;SDCO;SBSP;75,87;25
2002;1;TAM;SBBR;SBGL;226,40;221
2002;1;TAM;SBCT;SBFL;151,41;1
2002;1;TAM;SBSP;SBVT;189,91;823
2002;1;TAM;SBSP;SBNF;288,98;1
2002;1;TAM;SBFL;SBGL;184,27;12
2002;1;TAM;SBCF;SBGR;137,64;440
2002;1;TAM;SBBR;SBSV;482,91;22
2002;1;TAM;SBSP;SBBH;173,68;6491
2002;1;TAM;SBBR;SBFZ;373,94;1285
2002;1;TAM;SBCT;SBGL;252,74;6
2002;1;TAM;SBMQ;SBBE;146,54;87
2002;1;TAM;SBCT;SBPA;231,92;67
2002;1;TAM;SBGL;SBSP;151,96;664
2002;1;TAM;SBSP;SBML;223,90;58
2002;1;TAM;SBBR;SBSV;253,86;1221
2002;1;TAM;SBPS;SBSP;225,72;80
2002;1;TAM;SBGL;SBFL;190,49;19
2002;1;TAM;SBCT;SBGL;231,64;29
2002;1;TAM;SBSP;SBML;204,35;40
2002;1;TAM;SBCT;SBKP;141,11;32
2002;1;TAM;SBGL;SBPA;494,14;135
2002;1;TAM;SBSP;SBPA;267,84;205
2002;1;TAM;SBPA;SBCT;210,93;93
2002;1;TAM;SBFL;SBBR;287,94;13
2002;1;TAM;SBSV;SBRF;133,49;1108
2002;1;TAM;SBBE;SBMQ;118,18;3169
2002;1;TAM;SBGL;SBCT;179,02;6
2002;1;TAM;SBBR;SBKP;219,13;77
2002;1;TAM;SBGL;SBBR;208,48;510
2002;1;TAM;SBSP;SBCT;111,58;3317
2002;1;TAM;SBGL;SBFL;302,21;8
2002;1;TAM;SBBR;SBBE;369,17;115
2002;1;TAM;SBCT;SBPA;130,14;1197
2002;1;TAM;SBCT;SBSP;139,42;1786
2002;1;TAM;SBFZ;SBBR;374,62;1258
2002;1;TAM;SBSP;SBBR;224,36;2918
2002;1;TAM;SBSP;SBFL;189,00;275
2002;1;TAM;SBGR;SBGL;451,28;7
2002;1;TAM;SBBR;SBCT;209,37;377
2002;1;TAM;SBSP;SBCT;108,10;5228
2002;1;TAM;SBSP;SBBR;502,15;61
2002;1;TAM;SBGL;SBFL;198,98;107
2002;1;TAM;SBML;SBSP;226,61;83
2002;1;TAM;SBRF;SBGL;832,57;67
2002;1;TAM;SBGR;SBBR;227,77;348
2002;1;TAM;SBSP;SBBR;264,78;657
2002;1;TAM;SBCT;SBBR;201,90;382
2002;1;TAM;SBSP;SBRJ;184,62;12704
2002;1;TAM;SBSP;SBVT;269,82;205
2002;1;TAM;SBBH;SBSP;192,83;201
2002;1;TAM;SBBR;SBGO;128,48;406
2002;1;TAM;SBBR;SBFL;254,59;25
2002;1;TAM;SBPA;SBGL;331,59;26
2002;1;TAM;SBPA;SBCT;132,59;1250
2002;1;TAM;SBPA;SBKP;228,11;32
2002;1;TAM;SBMQ;SBBE;310,87;11
2002;1;TAM;SBGL;SBPA;228,57;2473
2002;1;TAM;SBBR;SBSP;185,34;7804
2002;1;TAM;SBSP;SBKP;53,09;89
2002;1;TAM;SBBH;SBSP;174,89;1529
2002;1;TAM;SBKP;SBGR;76,00;67
2002;1;TAM;SBSP;SBFL;138,74;2878
2002;1;TAM;SBKP;SBBR;210,27;320
2002;1;TAM;SBBR;SBGR;217,26;665
2002;1;TAM;SBRP;SBSP;259,08;54
2002;1;TAM;SBSP;SBAU;211,90;108
2002;1;TAM;SBBR;SBCT;299,17;383
2002;1;TAM;SBBH;SBSP;171,26;7490
2002;1;TAM;SBSP;SBRP;240,09;3
2002;1;TAM;SBSP;SBGL;152,79;474
2002;1;TAM;SBBR;SBSV;180,75;735
2002;1;TAM;SBKP;SBCT;200,10;14
2002;1;TAM;SBGO;SBBR;108,03;1239
2002;1;TAM;SBFL;SBGR;204,25;767
2002;1;TAM;SBRJ;SBKP;185,10;11
2002;1;TAM;SBCT;SBKP;164,15;518
2002;1;TAM;SBGR;SBPA;511,82;1
2002;1;TAM;SBGR;SBCT;110,39;233
2002;1;TAM;SBSP;SBVT;219,24;1282
2002;1;TAM;SBFZ;SBRF;153,99;202
2002;1;TAM;SBRJ;SBVT;130,54;51
2002;1;TAM;SBFL;SBGL;203,90;76
2002;1;TAM;SBBR;SBSP;233,18;2418
2002;1;TAM;SBCT;SBBR;229,60;729
2002;1;TAM;SBGO;SBSP;286,63;550
2002;1;TAM;SBGR;SBPA;274,55;353
2002;1;TAM;SBGL;SBGR;625,03;2
2002;1;TAM;SBFZ;SBRF;210,23;64
2002;1;TAM;SBGR;SBSV;389,30;1692
2002;1;TAM;SBGR;SBPA;213,91;393
2002;1;TAM;SBGL;SBSP;90,07;2673
2002;1;TAM;SBGL;SBRF;448,15;306
2002;1;TAM;SBGR;SBCF;225,43;1451
2002;1;TAM;SBRF;SBFZ;334,94;10
2002;1;TAM;SBCT;SBKP;207,69;25
2002;1;TAM;SBKP;SBBH;199,76;1373
2002;1;TAM;SBSP;SBPA;247,58;1653
2002;1;TAM;SBKP;SBRJ;162,03;228
2002;1;TAM;SBFL;SBGL;323,06;94
2002;1;TAM;SBRJ;SBSP;153,67;384
2002;1;TAM;SBGR;SBGL;102,28;821
2002;1;TAM;SBSP;SBCT;160,40;474
2002;1;TAM;SBBH;SBRJ;283,74;17
2002;1;TAM;SBCT;SBGR;224,66;639
2002;1;TAM;SBPA;SBFL;150,97;54
2002;1;TAM;SBNF;SBSP;154,63;228
2002;1;TAM;SBUL;SBSP;196,40;177
2002;1;TAM;SBSP;SDCO;77,23;11
2002;1;TAM;SBGR;SBCT;186,75;237
2002;1;TAM;SBBH;SBSP;362,78;19
2002;1;TAM;SBSP;SBCT;262,58;14
2002;1;TAM;SBBR;SBFL;252,36;771
2002;1;TAM;SBGL;SBRF;305,64;173
2002;1;TAM;SBBR;SBKP;226,87;107
2002;1;TAM;SBSP;SDCO;99,31;7
2002;1;TAM;SBPA;SBCT;230,79;92
2002;1;TAM;SBBR;SBFZ;336,45;244
2002;1;TAM;SBPA;SBSP;270,60;167
2002;1;TAM;SBKP;SBPA;331,77;4
2002;1;TAM;SBSV;SBGL;211,27;915
2002;1;TAM;SBSP;SBCT;253,68;47
2002;1;TAM;SBBH;SBBR;161,04;735
2002;1;TAM;SBSP;SBGO;188,32;281
2002;1;TAM;SBGR;SBFL;154,14;469
2002;1;TAM;SBGR;SBGL;221,27;276
2002;1;TAM;SBPA;SBBR;934,11;38
2002;1;TAM;SBCT;SBSP;154,64;385
2002;1;TAM;SBCT;SBBH;314,18;17
2002;1;TAM;SBSV;SBBR;181,40;1189
2002;1;TAM;SBBR;SBSV;263,93;259
2002;1;TAM;SBGO;SBSP;496,24;4
2002;1;TAM;SBSP;SBPS;314,78;2
2002;1;TAM;SBSV;SBBR;196,35;668
2002;1;TAM;SBBR;SBFZ;618,01;46
2002;1;TAM;SBPA;SBGR;317,80;9
2002;1;TAM;SBSP;SBPS;559,14;56
2002;1;TAM;SBSV;SBGL;692,11;58
2002;1;TAM;SBVT;SBSP;279,19;166
2002;1;TAM;SBFL;SBCT;249,96;3
2002;1;TAM;SBSV;SBGL;228,31;1018
2002;1;TAM;SBGL;SBGR;193,27;483
2002;1;TAM;SBBH;SBRJ;144,35;4068
2002;1;TAM;SBGR;SBCT;126,08;975
2002;1;TAM;SBGR;SBCT;145,90;504
2002;1;TAM;SBBR;SBGR;880,39;8
2002;1;TAM;SBKP;SBCT;204,31;9
2002;1;TAM;SBRJ;SBSP;184,58;11090
2002;1;TAM;SBBR;SBFZ;278,85;1033
2002;1;TAM;SBAU;SBSP;254,79;143
2002;1;TAM;SBNF;SBSP;178,46;59
2002;1;TAM;SBVT;SBSP;263,47;168
2002;1;TAM;SBBR;SBCT;396,88;122
2002;1;TAM;SBBH;SBCT;319,14;15
2002;1;TAM;SBPA;SBGR;231,73;5
2002;1;TAM;SBFL;SBBR;404,54;129
2002;1;TAM;SBSV;SBRF;103,10;1274
2002;1;TAM;SBCT;SBKP;305,82;1
2002;1;TAM;SBBR;SBFZ;387,46;733
2002;1;TAM;SBGL;SBGR;121,08;2004
2002;1;TAM;SBSP;SBUL;202,25;102
2002;1;TAM;SBSP;SBNF;199,27;171
2002;1;TAM;SBBR;SBGO;123,25;501
2002;1;TAM;SBGR;SBSV;343,89;324
2002;1;TAM;SBBR;SBRJ;250,28;1673
2002;1;TAM;SBGR;SBCT;169,99;1796
2002;1;TAM;SBBR;SBPA;720,00;30
2002;1;TAM;SBSV;SBBR;486,48;60
2002;1;TAM;SBRP;SBSP;152,37;410
2002;1;TAM;SBBH;SBKP;230,93;50
2002;1;TAM;SBBR;SBBH;214,42;1771
2002;1;TAM;SBCT;SBPA;210,45;16
2002;1;TAM;SBGR;SBBR;263,25;634
2002;1;TAM;SBGR;SBBR;170,32;692
2002;1;TAM;SBKP;SBCT;164,05;417
2002;1;TAM;SBKP;SBSP;55,01;477
2002;1;TAM;SBSV;SBGL;309,00;325
2002;1;TAM;SBBH;SBRJ;157,29;604
2002;1;TAM;SBPA;SBFL;221,14;1
2002;1;TAM;SBSP;SBPA;220,30;1001
2002;1;TAM;SBFZ;SBBR;428,16;514
2002;1;TAM;SBBR;SBGL;305,82;52
2002;1;TAM;SBSP;SBUL;239,13;163
2002;1;TAM;SBBR;SBCT;384,54;10
2002;1;TAM;SBBE;SBMQ;118,01;248
2002;1;TAM;SBSV;SBRF;287,65;3
2002;1;TAM;SBSV;SBGR;620,88;53
2002;1;TAM;SBSP;SBPS;229,20;83
2002;1;TAM;SBSP;SBGL;122,74;494
2002;1;TAM;SBFZ;SBRF;211,61;364
2002;1;TAM;SBGR;SBSV;355,79;529
2002;1;TAM;SBCT;SBKP;132,73;735
2002;1;TAM;SDCO;SBSP;67,04;14
2002;1;TAM;SBNF;SBSP;150,41;1350
2002;1;TAM;SBCF;SBGR;141,71;1016
2002;1;TAM;SBRF;SBSV;264,51;120
2002;1;TAM;SBCT;SBBH;221,47;22
2002;1;TAM;SBBH;SBBR;197,34;1905
2002;1;TAM;SBGR;SBFL;143,89;66
2002;1;TAM;SBNF;SBSP;190,27;252
2002;1;TAM;SBGL;SBCT;251,13;12
2002;1;TAM;SBSP;SBBR;187,87;5692
2002;1;TAM;SBBH;SBSP;414,09;81
2002;1;TAM;SBML;SBSP;194,89;77
2002;1;TAM;SBPA;SBFL;107,45;2287
2002;1;TAM;SBGL;SBCT;262,42;56
2002;1;TAM;SBCT;SBSP;115,45;1247
2002;1;TAM;SBBR;SBGR;282,92;425
2002;1;TAM;SBRF;SBGL;450,75;506
2002;1;TAM;SBCF;SBGR;129,06;115
2002;1;TAM;SBBH;SBSP;147,37;5590
2002;1;TAM;SBVT;SBRJ;295,11;1
2002;1;TAM;SBGR;SBCF;209,91;73
2002;1;TAM;SBRF;SBFZ;221,21;387
2002;1;TAM;SBRJ;SBBH;157,82;656
2002;1;TAM;SBSV;SBBR;254,61;1337
2002;1;TAM;SBGR;SBKP;83,66;69
2002;1;TAM;SBPA;SBBR;1099,26;64
2002;1;TAM;SBSP;SBRJ;296,45;647
2002;1;TAM;SBFL;SBPA;100,01;412
2002;1;TAM;SBVT;SBRJ;184,46;15
2002;1;TAM;SBBR;SBKP;581,02;3
2002;1;TAM;SBGR;SBFL;153,37;707
2002;1;TAM;SBSV;SBRF;169,13;169
2002;1;TAM;SBSV;SBRF;162,32;224
2002;1;TAM;SBCT;SBBR;492,96;2
2002;1;TAM;SBSP;SBKP;92,25;69
2002;1;TAM;SBBE;SBBR;401,70;119
2002;1;TAM;SBSV;SBRF;280,00;146
2002;1;TAM;SBPA;SBGL;581,01;1
2002;1;TAM;SBRF;SBSV;102,58;1295
2002;1;TAM;SBPA;SBFL;183,50;53
2002;1;TAM;SBBR;SBRJ;478,20;6
2002;1;TAM;SBKP;SBRJ;289,74;1
2002;1;TAM;SBSP;SBRP;128,61;2481
2002;1;TAM;SBBH;SBKP;238,58;1
2002;1;TAM;SBBR;SBGR;175,10;210
2002;1;TAM;SBGO;SBSP;424,07;2
2002;1;TAM;SBGR;SBSV;268,44;6108
2002;1;TAM;SBGL;SBSV;332,12;211
2002;1;TAM;SBKP;SBSP;68,33;49
2002;1;TAM;SBSP;SBBH;155,43;3470
2002;1;TAM;SBFL;SBCT;133,38;78
2002;1;TAM;SBRJ;SBBH;191,43;444
2002;1;TAM;SBGL;SBBR;262,96;73
2002;1;TAM;SBBR;SBKP;275,79;373
2002;1;TAM;SBKP;SBPA;319,18;26
2002;1;TAM;SBBR;SBRJ;327,86;501
2002;1;TAM;SBSP;SBNF;152,89;655
2002;1;TAM;SBSP;SBML;126,62;65
2002;1;TAM;SBSP;SBBH;176,15;1617
2002;1;TAM;SBBR;SBSP;290,97;1265
2002;1;TAM;SBBR;SBBH;231,25;1
2002;1;TAM;SBGR;SBSV;404,39;2
2002;1;TAM;SBSP;SBKP;69,36;480
2002;1;TAM;SBGL;SBRF;485,50;86
2002;1;TAM;SBSV;SBGR;321,11;894
2002;1;TAM;SBBR;SBPA;968,46;33
2002;1;TAM;SBKP;SBBR;251,77;477
2002;1;TAM;SBKP;SBRJ;189,66;289
2002;1;TAM;SBBU;SBSP;150,55;134
2002;1;TAM;SBSP;SBGO;439,77;6
2002;1;TAM;SBFL;SBSP;148,06;1071
2002;1;TAM;SBBR;SBBH;385,89;2
2002;1;TAM;SBPA;SBSP;293,03;291
2002;1;TAM;SBSP;SBNF;176,39;102
2002;1;TAM;SBBH;SBRJ;131,33;187
2002;1;TAM;SBSP;SBBR;191,10;8586
2002;1;TAM;SBCT;SBGL;168,27;110
2002;1;TAM;SBFL;SBSP;180,36;470
2002;1;TAM;SBNF;SBSP;193,16;141
2002;1;TAM;SBPA;SBBR;698,18;504
2002;1;TAM;SBFL;SBPA;151,99;46
2002;1;TAM;SBSP;SDCO;69,73;20
2002;1;TAM;SBPA;SBGL;281,03;81
2002;1;TAM;SBCT;SBGR;159,76;1622
2002;1;TAM;SBVT;SBRJ;165,07;247
2002;1;TAM;SBCF;SBGR;167,15;1748
2002;1;TAM;SBKP;SBRJ;192,47;32
2002;1;TAM;SBFL;SBBR;249,21;691
2002;1;TAM;SBRJ;SBBH;120,13;1287
2002;1;TAM;SBFL;SBGR;149,66;84
2002;1;TAM;SBRJ;SBKP;116,52;910
2002;1;TAM;SBGO;SBSP;202,29;510
2002;1;TAM;SBSP;SBRP;168,57;216
2002;1;TAM;SBSP;SBBR;584,30;349
2002;1;TAM;SBGR;SBCT;322,45;12
2002;1;TAM;SBNF;SBSP;273,86;18
2002;1;TAM;SBVT;SBSP;210,32;995
2002;1;TAM;SBSV;SBBR;306,60;1357
2002;1;TAM;SBBU;SBSP;174,35;144
2002;1;TAM;SBSP;SDCO;83,93;10
2002;1;TAM;SBSP;SBPS;223,48;101
2002;1;TAM;SBCT;SBBH;294,83;8
2002;1;TAM;SBGL;SBSP;119,76;132
2002;1;TAM;SBSV;SBGR;400,04;670
2002;1;TAM;SBSP;SBBR;247,32;2909
2002;1;TAM;SBRP;SBSP;165,66;379
2002;1;TAM;SBGL;SBRF;726,85;53
2002;1;TAM;SBGR;SBCF;169,43;435
2002;1;TAM;SBKP;SBPA;223,48;977
2002;1;TAM;SBPA;SBSP;187,91;4882
2002;1;TAM;SBRJ;SBVT;196,25;71
2002;1;TAM;SBMQ;SBBE;113,27;3403
2002;1;TAM;SBSP;SBKP;79,77;5
2002;1;TAM;SBRF;SBFZ;217,82;362
2002;1;TAM;SBGL;SBSV;439,58;557
2002;1;TAM;SBBR;SBBE;284,17;421
2002;1;TAM;SBAU;SBSP;338,39;9
2002;1;TAM;SBSP;SBRP;174,45;227
2002;1;TAM;SBCT;SBGL;250,39;3
2002;1;TAM;SBUL;SBSP;185,36;834
2002;1;TAM;SBSP;SBBU;234,07;2
2002;1;TAM;SBSV;SBGR;343,16;686
2002;1;TAM;SBPA;SBGR;468,31;2
2002;1;TAM;SBBR;SBGO;117,19;482
2002;1;TAM;SBGR;SBBR;284,12;521
2002;1;TAM;SBPA;SBSP;313,88;297
2002;1;TAM;SBBH;SBRJ;187,27;388
2002;1;TAM;SBBH;SBBR;231,62;562
2002;1;TAM;SBRJ;SBSP;149,36;9022
2002;1;TAM;SBCT;SBBH;262,32;39
2002;1;TAM;SBPS;SBSP;309,05;2
2002;1;VRG;SBFL;SBGR;249,00;56
2002;1;VRG;SBRF;SBSV;325,00;493
2002;1;VRG;SBBR;SBCT;585,00;86
2002;1;VRG;SBGR;SBFL;289,00;433
2002;1;VRG;SBGL;SBBR;496,00;1178
2002;1;VRG;SBSV;SBGL;682,00;682
2002;1;VRG;SBBR;SBGO;114,00;18
2002;1;VRG;SBSV;SBBR;493,00;206
2002;1;VRG;SBPA;SBFL;101,00;970
2002;1;VRG;SBFL;SBCT;238,00;374
2002;1;VRG;SBGL;SBFL;474,00;136
2002;1;VRG;SBGL;SBPA;406,00;274
2002;1;VRG;SBCT;SBBR;410,00;11
2002;1;VRG;SBGR;SBSV;611,00;320
2002;1;VRG;SBBR;SBSV;466,00;484
2002;1;VRG;SBCF;SBBR;336,00;24
2002;1;VRG;SBGL;SBGR;205,00;285
2002;1;VRG;SBBR;SBFL;248,00;526
2002;1;VRG;SBGR;SBCT;101,00;1539
2002;1;VRG;SBGR;SBCT;208,00;86
2002;1;VRG;SBGO;SBBR;133,00;3
2002;1;VRG;SBFL;SBCT;179,00;45
2002;1;VRG;SBCT;SBGR;255,00;226
2002;1;VRG;SBRF;SBGL;668,00;445
2002;1;VRG;SBSP;SBBR;593,00;92
2002;1;VRG;SBGL;SBBR;400,00;1508
2002;1;VRG;SBFL;SBGR;322,00;147
2002;1;VRG;SBBR;SBPA;271,00;1355
2002;1;VRG;SBSP;SBCT;241,00;82
2002;1;VRG;SBSV;SBBR;382,00;56
2002;1;VRG;SBSP;SBCT;101,00;370
2002;1;VRG;SBSV;SBBR;542,00;665
2002;1;VRG;SBCT;SBSP;101,00;353
2002;1;VRG;SBPA;SBGL;496,00;429
2002;1;VRG;SBBE;SBBR;503,00;22
2002;1;VRG;SBGL;SBRF;632,00;427
2002;1;VRG;SBGL;SBGR;348,00;1770
2002;1;VRG;SBEG;SBGR;837,00;493
2002;1;VRG;SBMQ;SBBE;228,00;64
2002;1;VRG;SBGR;SBBR;348,00;31
2002;1;VRG;SBGL;SBGR;266,00;220
2002;1;VRG;SBSP;SBCT;255,00;9
2002;1;VRG;SBFZ;SBRF;288,00;83
2002;1;VRG;SBBR;SBCF;336,00;16
2002;1;VRG;SBSV;SBRF;282,00;47
2002;1;VRG;SBCT;SBBR;698,00;55
2002;1;VRG;SBGL;SBRF;519,00;150
2002;1;VRG;SBSV;SBRF;84,00;3014
2002;1;VRG;SBMQ;SBBE;186,00;5
2002;1;VRG;SBSP;SBCT;297,00;185
2002;1;VRG;SBBR;SBFZ;422,00;687
2002;1;VRG;SBBR;SBBE;470,00;31
2002;1;VRG;SBCT;SBFL;205,00;68
2002;1;VRG;SBCF;SBBR;392,00;8
2002;1;VRG;SBPA;SBGL;580,00;931
2002;1;VRG;SBGR;SBPA;480,00;3057
2002;1;VRG;SBGR;SBSV;875,00;1
2002;1;VRG;SBSV;SBBR;410,00;83
2002;1;VRG;SBCT;SBBR;439,00;32
2002;1;VRG;SBRF;SBGL;519,00;153
2002;1;VRG;SBSV;SBBR;652,00;226
2002;1;VRG;SBGL;SBFL;356,00;178
2002;1;VRG;SBCT;SBPA;111,00;119
2002;1;VRG;SBFL;SBPA;265,00;102
2002;1;VRG;SBGR;SBGL;238,00;1070
2002;1;VRG;SBCF;SBGL;236,00;55
2002;1;VRG;SBGL;SBCT;390,00;123
2002;1;VRG;SBBR;SBSP;332,00;22
2002;1;VRG;SBSP;SBBR;332,00;20
2002;1;VRG;SBBE;SBMQ;199,00;1
2002;1;VRG;SBPA;SBCT;369,00;14
2002;1;VRG;SBGR;SBPA;618,00;20
2002;1;VRG;SBBR;SBPA;351,00;68
2002;1;VRG;SBCF;SBGR;307,00;191
2002;1;VRG;SBBE;SBBR;671,00;314
2002;1;VRG;SBBE;SBBR;541,00;891
2002;1;VRG;SBCT;SBGL;302,00;43
2002;1;VRG;SBCF;SBBR;354,00;12
2002;1;VRG;SBCT;SBFL;167,00;25
2002;1;VRG;SBMQ;SBBE;265,00;121
2002;1;VRG;SBGO;SBBR;155,00;67
2002;1;VRG;SBBR;SBGL;638,00;22
2002;1;VRG;SBGL;SBPA;658,00;512
2002;1;VRG;SBGL;SBPA;523,00;191
2002;1;VRG;SBPA;SBCT;111,00;71
2002;1;VRG;SBPA;SBGL;523,00;202
2002;1;VRG;SBEG;SBGR;885,00;132
2002;1;VRG;SBGR;SBGL;205,00;138
2002;1;VRG;SBGR;SBFL;141,00;1549
2002;1;VRG;SBSV;SBRF;300,00;223
2002;1;VRG;SBPA;SBGL;406,00;179
2002;1;VRG;SBCT;SBGR;208,00;80
2002;1;VRG;SBPA;SBGR;572,00;808
2002;1;VRG;SBSP;SBBR;497,00;324
2002;1;VRG;SBGL;SBGR;293,00;7283
2002;1;VRG;SBSV;SBGR;266,00;4246
2002;1;VRG;SBSV;SBGL;516,00;504
2002;1;VRG;SBGL;SBCT;312,00;179
2002;1;VRG;SBBR;SBCF;354,00;8
2002;1;VRG;SBFZ;SBBR;527,00;77
2002;1;VRG;SBCT;SBPA;439,00;4
2002;1;VRG;SBBR;SBSP;356,00;15
2002;1;VRG;SBBR;SBFZ;839,00;127
2002;1;VRG;SBSP;SBBR;426,00;25
2002;1;VRG;SBCT;SBGL;312,00;156
2002;1;VRG;SBRF;SBGL;632,00;564
2002;1;VRG;SBBR;SBCT;471,00;327
2002;1;VRG;SBGR;SBCF;425,00;242
2002;1;VRG;SBSP;SBCT;208,00;5
2002;1;VRG;SBFL;SBCT;205,00;146
2002;1;VRG;SBGO;SBBR;164,00;122
2002;1;VRG;SBBR;SBGO;164,00;71
2002;1;VRG;SBGR;SBGL;293,00;7629
2002;1;VRG;SBGL;SBCF;291,00;203
2002;1;VRG;SBRF;SBGL;556,00;494
2002;1;VRG;SBSV;SBRF;480,00;152
2002;1;VRG;SBGL;SBSV;489,00;998
2002;1;VRG;SBGL;SBSV;217,00;2070
2002;1;VRG;SBGL;SBFL;382,00;46
2002;1;VRG;SBRF;SBFZ;308,00;237
2002;1;VRG;SBGR;SBGL;252,00;403
2002;1;VRG;SBCF;SBGL;175,00;17
2002;1;VRG;SBBR;SBFL;576,00;13
2002;1;VRG;SBBR;SBCT;439,00;6
2002;1;VRG;SBCT;SBGR;297,00;682
2002;1;VRG;SBPA;SBCT;298,00;23
2002;1;VRG;SBBR;SBGR;402,00;566
2002;1;VRG;SBBR;SBSP;497,00;254
2002;1;VRG;SBFL;SBCT;143,00;107
2002;1;VRG;SBBE;SBBR;606,00;51
2002;1;VRG;SBFL;SBGR;306,00;296
2002;1;VRG;SBGL;SBSV;428,00;812
2002;1;VRG;SBGR;SBEG;737,00;190
2002;1;VRG;SBBR;SBGR;373,00;41
2002;1;VRG;SBGL;SBBR;591,00;768
2002;1;VRG;SBCF;SBGL;218,00;2
2002;1;VRG;SBBR;SBCT;410,00;9
2002;1;VRG;SBBR;SBSV;440,00;524
2002;1;VRG;SBSV;SBRF;345,00;132
2002;1;VRG;SBGL;SBRF;556,00;383
2002;1;VRG;SBGL;SBCF;236,00;84
2002;1;VRG;SBGL;SBPA;221,00;4045
2002;1;VRG;SBSV;SBGL;217,00;1932
2002;1;VRG;SBGL;SBBR;156,00;2917
2002;1;VRG;SBFL;SBBR;447,00;30
2002;1;VRG;SBGL;SBFL;428,00;30
2002;1;VRG;SBRF;SBSV;282,00;72
2002;1;VRG;SBGL;SBPA;496,00;484
2002;1;VRG;SBRF;SBGL;741,00;1372
2002;1;VRG;SBBE;SBBR;221,00;267
2002;1;VRG;SBEG;SBGR;737,00;173
2002;1;VRG;SBGO;SBBR;173,00;38
2002;1;VRG;SBBE;SBMQ;228,00;69
2002;1;VRG;SBSV;SBGR;578,00;1313
2002;1;VRG;SBRF;SBFZ;371,00;62
2002;1;VRG;SBGR;SBCT;269,00;124
2002;1;VRG;SBSV;SBBR;440,00;757
2002;1;VRG;SBPA;SBFL;347,00;42
2002;1;VRG;SBBR;SBPA;580,00;484
2002;1;VRG;SBFL;SBCT;194,00;799
2002;1;VRG;SBFZ;SBRF;247,00;220
2002;1;VRG;SBSV;SBGR;546,00;2099
2002;1;VRG;SBRF;SBFZ;490,00;73
2002;1;VRG;SBBR;SBBE;671,00;457
2002;1;VRG;SBGL;SBCF;204,00;129
2002;1;VRG;SBCT;SBBR;471,00;319
2002;1;VRG;SBEG;SBGR;982,00;512
2002;1;VRG;SBGL;SBFL;405,00;131
2002;1;VRG;SBPA;SBGR;480,00;2020
2002;1;VRG;SBCT;SBPA;259,00;1
2002;1;VRG;SBSV;SBGL;428,00;703
2002;1;VRG;SBGR;SBEG;1272,00;63
2002;1;VRG;SBBR;SBBE;221,00;222
2002;1;VRG;SBFL;SBGR;356,00;601
2002;1;VRG;SBGO;SBBR;225,00;8
2002;1;VRG;SBGL;SBRF;885,00;388
2002;1;VRG;SBGL;SBSV;516,00;543
2002;1;VRG;SBBR;SBCF;392,00;4
2002;1;VRG;SBGR;SBEG;885,00;254
2002;1;VRG;SBBR;SBFZ;703,00;599
2002;1;VRG;SBSV;SBGL;400,00;186
2002;1;VRG;SBRF;SBFZ;247,00;233
2002;1;VRG;SBGL;SBCF;345,00;29
2002;1;VRG;SBFL;SBGL;332,00;546
2002;1;VRG;SBEG;SBGR;1175,00;488
2002;1;VRG;SBFL;SBGL;198,00;863
2002;1;VRG;SBBR;SBBE;573,00;168
2002;1;VRG;SBPA;SBBR;650,00;64
2002;1;VRG;SBCT;SBFL;216,00;4
2002;1;VRG;SBCF;SBGR;357,00;223
2002;1;VRG;SBCF;SBGL;345,00;3
2002;1;VRG;SBBR;SBSV;410,00;100
2002;1;VRG;SBGL;SBGR;176,00;1086
2002;1;VRG;SBSV;SBRF;325,00;278
2002;1;VRG;SBGL;SBFL;565,00;52
2002;1;VRG;SBSV;SBGR;611,00;783
2002;1;VRG;SBCF;SBGR;323,00;106
2002;1;VRG;SBGL;SBBR;372,00;220
2002;1;VRG;SBBR;SBGO;143,00;5
2002;1;VRG;SBGL;SBPA;435,00;455
2002;1;VRG;SBRF;SBGL;885,00;396
2002;1;VRG;SBBR;SBCT;500,00;22
2002;1;VRG;SBBR;SBPA;861,00;98
2002;1;VRG;SBBR;SBGR;348,00;46
2002;1;VRG;SBFZ;SBRF;490,00;48
2002;1;VRG;SBBR;SBSP;402,00;125
2002;1;VRG;SBCT;SBGL;390,00;147
2002;1;VRG;SBCF;SBGR;260,00;89
2002;1;VRG;SBFL;SBGR;423,00;167
2002;1;VRG;SBBR;SBSV;382,00;71
2002;1;VRG;SBBR;SBPA;540,00;16
2002;1;VRG;SBCT;SBGR;101,00;1731
2002;1;VRG;SBCT;SBGL;369,00;276
2002;1;VRG;SBSP;SBBR;165,00;244
2002;1;VRG;SBGL;SBCT;348,00;1377
2002;1;VRG;SBFL;SBBR;479,00;51
2002;1;VRG;SBGR;SBGL;266,00;94
2002;1;VRG;SBSP;SBBR;402,00;85
2002;1;VRG;SBCT;SBPA;369,00;36
2002;1;VRG;SBGR;SBCF;289,00;381
2002;1;VRG;SBBR;SBCT;221,00;147
2002;1;VRG;SBPA;SBGL;221,00;3943
2002;1;VRG;SBBR;SBFZ;527,00;187
2002;1;VRG;SBCT;SBFL;143,00;90
2002;1;VRG;SBPA;SBFL;237,00;305
2002;1;VRG;SBGR;SBCT;353,00;225
2002;1;VRG;SBBR;SBCF;235,00;1
2002;1;VRG;SBFL;SBBR;576,00;26
2002;1;VRG;SBFZ;SBRF;333,00;959
2002;1;VRG;SBFZ;SBRF;411,00;392
2002;1;VRG;SBGR;SBPA;336,00;265
2002;1;VRG;SBGR;SBCF;357,00;485
2002;1;VRG;SBBR;SBBE;541,00;756
2002;1;VRG;SBBR;SBGL;591,00;610
2002;1;VRG;SBFL;SBPA;292,00;179
2002;1;VRG;SBGR;SBCT;241,00;567
2002;1;VRG;SBFL;SBGR;267,00;262
2002;1;VRG;SBBR;SBPA;720,00;283
2002;1;VRG;SBCT;SBGR;380,00;5
2002;1;VRG;SBCF;SBGR;289,00;333
2002;1;VRG;SBFL;SBGL;405,00;207
2002;1;VRG;SBGL;SBCT;302,00;28
2002;1;VRG;SBPA;SBBR;861,00;129
2002;1;VRG;SBGR;SBBR;449,00;110
2002;1;VRG;SBCT;SBGR;269,00;110
2002;1;VRG;SBGL;SBRF;741,00;845
2002;1;VRG;SBCT;SBBR;528,00;17
2002;1;VRG;SBGL;SBBR;427,00;187
2002;1;VRG;SBGR;SBFL;267,00;249
2002;1;VRG;SBBR;SBFZ;600,00;192
2002;1;VRG;SBBR;SBSV;542,00;596
2002;1;VRG;SBGL;SBBR;347,00;123
2002;1;VRG;SBBR;SBFL;447,00;14
2002;1;VRG;SBBR;SBGO;155,00;80
2002;1;VRG;SBGR;SBEG;589,00;1083
2002;1;VRG;SBGR;SBCT;223,00;262
2002;1;VRG;SBCT;SBBR;500,00;30
2002;1;VRG;SBGR;SBPA;188,00;4808
2002;1;VRG;SBBE;SBMQ;241,00;16
2002;1;VRG;SBFL;SBBR;248,00;273
2002;1;VRG;SBGR;SBPA;434,00;314
2002;1;VRG;SBGL;SBGR;238,00;1523
2002;1;VRG;SBBR;SBGR;497,00;532
2002;1;VRG;SBPA;SBGL;435,00;486
2002;1;VRG;SBGL;SBFL;332,00;348
2002;1;VRG;SBPA;SBGL;658,00;437
2002;1;VRG;SBFL;SBPA;237,00;356
2002;1;VRG;SBGR;SBPA;360,00;429
2002;1;VRG;SBBR;SBSV;210,00;479
2002;1;VRG;SBPA;SBGL;467,00;1506
2002;1;VRG;SBRJ;SBSP;186,00;5979
2002;1;VRG;SBCT;SBPA;277,00;7
2002;1;VRG;SBSV;SBGL;571,00;2167
2002;1;VRG;SBFL;SBBR;515,00;276
2002;1;VRG;SBGR;SBPA;411,00;783
2002;1;VRG;SBPA;SBCT;334,00;1
2002;1;VRG;SBCT;SBSP;297,00;226
2002;1;VRG;SBBR;SBSV;652,00;171
2002;1;VRG;SBGL;SBCF;250,00;87
2002;1;VRG;SBFZ;SBBR;566,00;836
2002;1;VRG;SBSV;SBRF;403,00;1157
2002;1;VRG;SBBR;SBCF;294,00;4
2002;1;VRG;SBGL;SBPA;580,00;1130
2002;1;VRG;SBFL;SBPA;205,00;5
2002;1;VRG;SBFL;SBBR;638,00;127
2002;1;VRG;SBGR;SBSV;546,00;1999
2002;1;VRG;SBCT;SBGL;161,00;476
2002;1;VRG;SBGR;SBBR;373,00;35
2002;1;VRG;SBFZ;SBRF;371,00;38
2002;1;VRG;SBPA;SBFL;213,00;34
2002;1;VRG;SBBR;SBCF;317,00;2
2002;1;VRG;SBBR;SBFL;762,00;39
2002;1;VRG;SBFL;SBCT;216,00;49
2002;1;VRG;SBGR;SBSV;474,00;263
2002;1;VRG;SBGR;SBFL;356,00;278
2002;1;VRG;SBFL;SBPA;101,00;1071
2002;1;VRG;SBBR;SBGR;426,00;152
2002;1;VRG;SBFL;SBCT;282,00;38
2002;1;VRG;SBCT;SBGL;348,00;1128
2002;1;VRG;SBCF;SBBR;275,00;1
2002;1;VRG;SBRJ;SBSP;278,00;31230
2002;1;VRG;SBRF;SBSV;403,00;634
2002;1;VRG;SBMQ;SBBE;215,00;130
2002;1;VRG;SBBR;SBSP;426,00;35
2002;1;VRG;SBSP;SBCT;223,00;18
2002;1;VRG;SBPA;SBFL;265,00;95
2002;1;VRG;SBBR;SBCF;275,00;1
2002;1;VRG;SBPA;SBBR;615,00;207
2002;1;VRG;SBBR;SBPA;418,00;23
2002;1;VRG;SBCT;SBPA;298,00;92
2002;1;VRG;SBRF;SBSV;345,00;258
2002;1;VRG;SBBE;SBMQ;215,00;222
2002;1;VRG;SBBR;SBFL;638,00;107
2002;1;VRG;SBSP;SBRJ;278,00;30828
2002;1;VRG;SBBR;SBFL;515,00;169
2002;1;VRG;SBBR;SBBE;503,00;21
2002;1;VRG;SBBR;SBBE;606,00;42
2002;1;VRG;SBGR;SBSV;809,00;608
2002;1;VRG;SBRF;SBSV;300,00;203
2002;1;VRG;SBRF;SBGL;281,00;1545
2002;1;VRG;SBMQ;SBBE;241,00;15
2002;1;VRG;SBGR;SBSV;266,00;3510
2002;1;VRG;SBBR;SBGL;347,00;95
2002;1;VRG;SBCF;SBGR;268,00;63
2002;1;VRG;SBPA;SBCT;277,00;4
2002;1;VRG;SBBE;SBMQ;265,00;249
2002;1;VRG;SBBR;SBSP;593,00;34
2002;1;VRG;SBFL;SBGR;289,00;483
2002;1;VRG;SBSP;SBBR;356,00;5
2002;1;VRG;SBCF;SBGR;141,00;385
2002;1;VRG;SBBR;SBFZ;566,00;742
2002;1;VRG;SBBR;SBFZ;634,00;75
2002;1;VRG;SBGL;SBCF;175,00;100
2002;1;VRG;SBGO;SBBR;143,00;5
2002;1;VRG;SBRF;SBSV;364,00;94
2002;1;VRG;SBPA;SBGR;618,00;14
2002;1;VRG;SBRF;SBFZ;333,00;1272
2002;1;VRG;SBPA;SBFL;292,00;126
2002;1;VRG;SBGR;SBCT;297,00;759
2002;1;VRG;SBFL;SBPA;347,00;72
2002;1;VRG;SBBR;SBGO;173,00;38
2002;1;VRG;SBCT;SBPA;316,00;42
2002;1;VRG;SBCT;SBSP;241,00;95
2002;1;VRG;SBGR;SBBR;402,00;712
2002;1;VRG;SBFZ;SBRF;352,00;155
2002;1;VRG;SBBR;SBCT;528,00;14
2002;1;VRG;SBCT;SBFL;282,00;17
2002;1;VRG;SBBR;SBPA;650,00;54
2002;1;VRG;SBGR;SBEG;982,00;703
2002;1;VRG;SBPA;SBCT;439,00;2
2002;1;VRG;SBPA;SBFL;251,00;90
2002;1;VRG;SBBE;SBMQ;315,00;17
2002;1;VRG;SBGR;SBFL;322,00;92
2002;1;VRG;SBGR;SBFL;306,00;157
2002;1;VRG;SBGR;SBCF;141,00;361
2002;1;VRG;SBBR;SBGL;447,00;95
2002;1;VRG;SBBE;SBBR;573,00;158
2002;1;VRG;SBGL;SBRF;596,00;903
2002;1;VRG;SBBR;SBGO;133,00;3
2002;1;VRG;SBPA;SBBR;580,00;552
2002;1;VRG;SBGR;SBCT;255,00;216
2002;1;VRG;SBGL;SBSV;400,00;278
2002;1;VRG;SBEG;SBGR;589,00;794
2002;1;VRG;SBGL;SBCF;264,00;333
2002;1;VRG;SBBR;SBGR;165,00;318
2002;1;VRG;SBGR;SBEG;837,00;535
2002;1;VRG;SBCF;SBGR;425,00;216
2002;1;VRG;SBCT;SBSP;353,00;22
2002;1;VRG;SBBE;SBBR;470,00;70
2002;1;VRG;SBBR;SBGL;372,00;71
2002;1;VRG;SBPA;SBGR;336,00;381
2002;1;VRG;SBPA;SBFL;205,00;3
2002;1;VRG;SBSP;SBCT;269,00;1
2002;1;VRG;SBGR;SBBR;497,00;833
2002;1;VRG;SBGR;SBGL;220,00;340
2002;1;VRG;SBGO;SBBR;190,00;112
2002;1;VRG;SBGR;SBPA;572,00;883
2002;1;VRG;SBBR;SBGR;593,00;279
2002;1;VRG;SBFL;SBCT;167,00;26
2002;1;VRG;SBBR;SBGO;225,00;7
2002;1;VRG;SBGL;SBCT;369,00;277
2002;1;VRG;SBCF;SBGL;204,00;80
2002;1;VRG;SBGR;SBSV;578,00;899
2002;1;VRG;SBCT;SBSP;223,00;5
2002;1;VRG;SBCF;SBGL;264,00;206
2002;1;VRG;SBBR;SBFZ;492,00;227
2002;1;VRG;SBGR;SBCF;307,00;266
2002;1;VRG;SBPA;SBGR;360,00;729
2002;1;VRG;SBGL;SBBR;447,00;420
2002;1;VRG;SBMQ;SBBE;315,00;8
2002;1;VRG;SBGL;SBGR;376,00;79
2002;1;VRG;SBGR;SBBR;426,00;250
2002;1;VRG;SBPA;SBGR;188,00;5914
2002;1;VRG;SBBR;SBSV;493,00;99
2002;1;VRG;SBRF;SBFZ;352,00;186
2002;1;VRG;SBGL;SBRF;281,00;1785
2002;1;VRG;SBGR;SBFL;423,00;135
2002;1;VRG;SBGR;SBFL;249,00;99
2002;1;VRG;SBBR;SBGL;156,00;2422
2002;1;VRG;SBFL;SBGL;565,00;99
2002;1;VRG;SBGR;SBEG;789,00;2649
2002;1;VRG;SBSV;SBGR;474,00;351
2002;1;VRG;SBGR;SBGL;376,00;76
2002;1;VRG;SBPA;SBGR;411,00;906
2002;1;VRG;SBBR;SBGR;449,00;66
2002;1;VRG;SBGL;SBCT;431,00;416
2002;1;VRG;SBSV;SBGR;508,00;851
2002;1;VRG;SBGR;SBSV;508,00;847
2002;1;VRG;SBSP;SBCT;353,00;45
2002;1;VRG;SBGR;SBBR;165,00;261
2002;1;VRG;SBRF;SBFZ;411,00;484
2002;1;VRG;SBGL;SBSV;460,00;1475
2002;1;VRG;SBEG;SBGR;789,00;2353
2002;1;VRG;SBFL;SBGR;141,00;1630
2002;1;VRG;SBCT;SBGR;241,00;646
2002;1;VRG;SBFL;SBBR;762,00;31
2002;1;VRG;SBSV;SBGL;489,00;924
2002;1;VRG;SBGR;SBEG;688,00;326
2002;1;VRG;SBGL;SBPA;467,00;1673
2002;1;VRG;SBFZ;SBBR;703,00;1336
2002;1;VRG;SBBR;SBSP;165,00;454
2002;1;VRG;SBBE;SBMQ;156,00;1074
2002;1;VRG;SBFZ;SBBR;634,00;75
2002;1;VRG;SBPA;SBCT;316,00;7
2002;1;VRG;SBEG;SBGR;688,00;353
2002;1;VRG;SBFZ;SBBR;839,00;189
2002;1;VRG;SBMQ;SBBE;199,00;1
2002;1;VRG;SBPA;SBGR;434,00;330
2002;1;VRG;SBFL;SBGL;356,00;217
2002;1;VRG;SBCF;SBBR;235,00;5
2002;1;VRG;SBSV;SBBR;466,00;530
2002;1;VRG;SBGR;SBCF;268,00;66
2002;1;VRG;SBCT;SBGL;513,00;213
2002;1;VRG;SBCT;SBSP;255,00;5
2002;1;VRG;SBBR;SBFL;479,00;32
2002;1;VRG;SBGL;SBRF;668,00;462
2002;1;VRG;SBGR;SBGL;348,00;1594
2002;1;VRG;SBGL;SBGR;220,00;402
2002;1;VRG;SBRF;SBSV;84,00;3602
2002;1;VRG;SBBR;SBFL;545,00;40
2002;1;VRG;SBCT;SBPA;334,00;6
2002;1;VRG;SBRF;SBFZ;288,00;67
2002;1;VRG;SBCT;SBGR;223,00;181
2002;1;VRG;SBBE;SBBR;802,00;128
2002;1;VRG;SBGL;SBFL;198,00;717
2002;1;VRG;SBGL;SBSV;571,00;1367
2002;1;VRG;SBSP;SBRJ;186,00;4729
2002;1;VRG;SBGL;SBBR;638,00;35
2002;1;VRG;SBFL;SBGL;474,00;280
2002;1;VRG;SBCT;SBSP;208,00;2
2002;1;VRG;SBGR;SBCF;323,00;161
2002;1;VRG;SBFZ;SBBR;600,00;296
2002;1;VRG;SBCT;SBSP;269,00;3
2002;1;VRG;SBFL;SBPA;251,00;108
2002;1;VRG;SBPA;SBBR;418,00;10
2002;1;VRG;SBGR;SBCF;260,00;41
2002;1;VRG;SBFL;SBPA;213,00;29
2002;1;VRG;SBCT;SBFL;179,00;66
2002;1;VRG;SBFL;SBGL;428,00;85
2002;1;VRG;SBBR;SBGO;190,00;35
2002;1;VRG;SBFL;SBBR;545,00;71
2002;1;VRG;SBPA;SBBR;720,00;276
2002;1;VRG;SBSV;SBBR;210,00;271
2002;1;VRG;SBCT;SBBR;585,00;102
2002;1;VRG;SBPA;SBBR;540,00;39
2002;1;VRG;SBSV;SBRF;364,00;32
2002;1;VRG;SBGR;SBCT;380,00;3
2002;1;VRG;SBBR;SBCT;698,00;30
2002;1;VRG;SBCT;SBFL;194,00;639
2002;1;VRG;SBGR;SBEG;1175,00;559
2002;1;VRG;SBBR;SBSP;449,00;10
2002;1;VRG;SBCT;SBGR;353,00;224
2002;1;VRG;SBGL;SBCT;161,00;565
2002;1;VRG;SBPA;SBGR;387,00;2526
2002;1;VRG;SBCT;SBGL;431,00;529
2002;1;VRG;SBBR;SBPA;615,00;295
2002;1;VRG;SBFZ;SBBR;422,00;770
2002;1;VRG;SBPA;SBBR;351,00;178
2002;1;VRG;SBRF;SBGL;596,00;791
2002;1;VRG;SBCF;SBBR;317,00;4
2002;1;VRG;SBGR;SBPA;387,00;2209
2002;1;VRG;SBRF;SBSV;480,00;225
2002;1;VRG;SBFL;SBGL;382,00;81
2002;1;VRG;SBMQ;SBBE;156,00;756
2002;1;VRG;SBCF;SBBR;294,00;2
2002;1;VRG;SBSP;SBBR;449,00;8
2002;1;VRG;SBSV;SBGL;460,00;1405
2002;1;VRG;SBBR;SBGL;496,00;1338
2002;1;VRG;SBSV;SBGR;809,00;1013
2002;1;VRG;SBCF;SBGL;250,00;111
2002;1;VRG;SBCT;SBFL;238,00;197
2002;1;VRG;SBGR;SBSV;677,00;2217
2002;1;VRG;SBGL;SBGR;252,00;598
2002;1;VRG;SBCF;SBGL;291,00;125
2002;1;VRG;SBBR;SBBE;802,00;103
2002;1;VRG;SBFZ;SBRF;308,00;208
2002;1;VRG;SBBR;SBGL;400,00;916
2002;1;VRG;SBGL;SBSV;682,00;545
2002;1;VRG;SBCT;SBBR;221,00;197
2002;1;VRG;SBGR;SBGL;176,00;1078
2002;1;VRG;SBPA;SBBR;271,00;1383
2002;1;VRG;SBGR;SBBR;593,00;275
2002;1;VRG;SBBE;SBMQ;186,00;11
2002;1;VRG;SBSV;SBGR;677,00;3206
2002;1;VRG;SBEG;SBGR;1272,00;57
2002;1;VRG;SBBR;SBGL;427,00;375
2002;1;VRG;SBFZ;SBBR;492,00;283
2002;1;VRG;SBGO;SBBR;114,00;34
2002;1;VRG;SBGL;SBCT;513,00;175
2002;1;VSP;SBPA;SBGL;283,00;781
2002;1;VSP;SBRF;SBGL;634,00;13
2002;1;VSP;SBGR;SBCT;209,00;65
2002;1;VSP;SBBR;SBBE;656,00;171
2002;1;VSP;SBCT;SBGL;326,00;13
2002;1;VSP;SBBR;SBPA;266,00;32
2002;1;VSP;SBSP;SBBR;434,00;8
2002;1;VSP;SBGL;SBPA;283,00;948
2002;1;VSP;SBBR;SBSV;364,00;185
2002;1;VSP;SBSV;SBGR;336,00;825
2002;1;VSP;SBFZ;SBBR;551,00;66
2002;1;VSP;SBBR;SBCT;343,00;85
2002;1;VSP;SBBR;SBGR;417,00;11
2002;1;VSP;SBBR;SBSV;454,00;106
2002;1;VSP;SBCT;SBBR;451,00;18
2002;1;VSP;SBBR;SBPA;345,00;102
2002;1;VSP;SBPA;SBGL;216,00;176
2002;1;VSP;SBBR;SBSP;417,00;15
2002;1;VSP;SBGO;SBBR;179,00;9
2002;1;VSP;SBGR;SBCT;185,00;79
2002;1;VSP;SBBE;SBMQ;160,00;87
2002;1;VSP;SBGL;SBBR;429,00;5
2002;1;VSP;SBSP;SBRJ;142,00;27136
2002;1;VSP;SBBR;SBCT;216,00;9
2002;1;VSP;SBBR;SBGR;365,00;30
2002;1;VSP;SBGL;SBBR;375,00;64
2002;1;VSP;SBBR;SBSP;174,00;175
2002;1;VSP;SBBR;SBSP;399,00;25
2002;1;VSP;SBBR;SBCF;298,00;39
2002;1;VSP;SBFZ;SBRF;311,00;13
2002;1;VSP;SBGR;SBEG;874,00;14
2002;1;VSP;SBBR;SBGO;158,00;26
2002;1;VSP;SBCF;SBGR;132,00;131
2002;1;VSP;SBGL;SBSV;509,00;111
2002;1;VSP;SBGR;SBGL;223,00;42
2002;1;VSP;SBBH;SBSP;312,00;1
2002;1;VSP;SBBR;SBGR;278,00;320
2002;1;VSP;SBCF;SBBR;340,00;9
2002;1;VSP;SBBR;SBBE;579,00;22
2002;1;VSP;SBGR;SBFL;136,00;101
2002;1;VSP;SBSV;SBRF;337,00;12
2002;1;VSP;SBGR;SBPA;183,00;301
2002;1;VSP;SBSV;SBRF;96,00;601
2002;1;VSP;SBSV;SBGR;629,00;101
2002;1;VSP;SBSV;SBRF;307,00;27
2002;1;VSP;SBGL;SBPA;389,00;102
2002;1;VSP;SBGL;SBRF;718,00;175
2002;1;VSP;SBBR;SBBE;233,00;102
2002;1;VSP;SBBR;SBCT;396,00;24
2002;1;VSP;SBCT;SBGL;357,00;3
2002;1;VSP;SBGL;SBCT;403,00;41
2002;1;VSP;SBSV;SBGR;655,00;307
2002;1;VSP;SBMQ;SBBE;160,00;102
2002;1;VSP;SBFL;SBGR;332,00;8
2002;1;VSP;SBMQ;SBBE;255,00;89
2002;1;VSP;SBBE;SBMQ;226,00;5
2002;1;VSP;SBGL;SBCT;326,00;9
2002;1;VSP;SBFZ;SBBR;604,00;30
2002;1;VSP;SBBR;SBCF;354,00;1
2002;1;VSP;SBCT;SBGR;248,00;8
2002;1;VSP;SBBR;SBGL;242,00;295
2002;1;VSP;SBMQ;SBBE;236,00;10
2002;1;VSP;SBRF;SBGL;438,00;254
2002;1;VSP;SBFZ;SBBR;418,00;213
2002;1;VSP;SBGL;SBPA;526,00;2
2002;1;VSP;SBCF;SBBR;368,00;96
2002;1;VSP;SBSV;SBGL;212,00;351
2002;1;VSP;SBGR;SBSV;336,00;687
2002;1;VSP;SBGR;SBPA;415,00;13
2002;1;VSP;SBSP;SBBH;299,00;5
2002;1;VSP;SBGR;SBSV;655,00;439
2002;1;VSP;SBGR;SBPA;432,00;7
2002;1;VSP;SBEG;SBGR;669,00;231
2002;1;VSP;SBBR;SBBE;400,00;315
2002;1;VSP;SBGL;SBSV;338,00;648
2002;1;VSP;SBSV;SBBR;473,00;109
2002;1;VSP;SBGL;SBGR;244,00;4
2002;1;VSP;SBGR;SBCF;312,00;7
2002;1;VSP;SBGR;SBFL;257,00;37
2002;1;VSP;SBGR;SBBR;278,00;231
2002;1;VSP;SBRJ;SBSP;142,00;27242
2002;1;VSP;SBBR;SBGR;399,00;14
2002;1;VSP;SBGR;SBCF;210,00;94
2002;1;VSP;SBCT;SBGR;96,00;103
2002;1;VSP;SBSV;SBGL;285,00;1109
2002;1;VSP;SBRF;SBFZ;200,00;945
2002;1;VSP;SBPA;SBBR;671,00;35
2002;1;VSP;SBGL;SBSV;212,00;35
2002;1;VSP;SBMQ;SBBE;138,00;145
2002;1;VSP;SBCT;SBBR;516,00;8
2002;1;VSP;SBFL;SBGR;257,00;39
2002;1;VSP;SBRF;SBSV;271,00;12
2002;1;VSP;SBGR;SBBR;365,00;46
2002;1;VSP;SBSV;SBGL;338,00;635
2002;1;VSP;SBRF;SBFZ;237,00;213
2002;1;VSP;SBGR;SBCF;242,00;38
2002;1;VSP;SBGR;SBGL;244,00;13
2002;1;VSP;SBGL;SBCT;288,00;54
2002;1;VSP;SBGR;SBPA;363,00;89
2002;1;VSP;SBGR;SBEG;575,00;401
2002;1;VSP;SBBE;SBBR;630,00;8
2002;1;VSP;SBFZ;SBRF;369,00;3
2002;1;VSP;SBBR;SBGO;179,00;8
2002;1;VSP;SBSP;SBBR;417,00;19
2002;1;VSP;SBGR;SBCT;257,00;254
2002;1;VSP;SBFL;SBGR;360,00;32
2002;1;VSP;SBGO;SBBR;193,00;41
2002;1;VSP;SBRF;SBGL;368,00;901
2002;1;VSP;SBBR;SBSP;434,00;6
2002;1;VSP;SBGL;SBKP;182,00;13
2002;1;VSP;SBFZ;SBRF;200,00;1101
2002;1;VSP;SBBH;SBSP;132,00;367
2002;1;VSP;SBCT;SBBR;343,00;62
2002;1;VSP;SBBR;SBPA;475,00;42
2002;1;VSP;SBGR;SBFL;291,00;19
2002;1;VSP;SBSV;SBGL;446,00;97
2002;1;VSP;SBGO;SBBR;106,00;221
2002;1;VSP;SBGO;SBBR;186,00;11
2002;1;VSP;SBBR;SBGR;434,00;7
2002;1;VSP;SBGR;SBPA;233,00;944
2002;1;VSP;SBGR;SBPA;398,00;6
2002;1;VSP;SBEG;SBGR;762,00;112
2002;1;VSP;SBGR;SBBR;321,00;65
2002;1;VSP;SBFZ;SBBR;685,00;175
2002;1;VSP;SBBR;SBFZ;418,00;361
2002;1;VSP;SBBR;SBCF;326,00;6
2002;1;VSP;SBSP;SBBH;312,00;2
2002;1;VSP;SBPA;SBGR;183,00;389
2002;1;VSP;SBCF;SBGR;337,00;35
2002;1;VSP;SBCT;SBGR;161,00;167
2002;1;VSP;SBGO;SBBR;158,00;13
2002;1;VSP;SBBR;SBFZ;351,00;402
2002;1;VSP;SBEG;SBGR;483,00;584
2002;1;VSP;SBGL;SBGR;197,00;9
2002;1;VSP;SBCF;SBGR;273,00;2
2002;1;VSP;SBEG;SBGR;874,00;37
2002;1;VSP;SBCT;SBGL;288,00;22
2002;1;VSP;SBFZ;SBRF;273,00;74
2002;1;VSP;SBSV;SBBR;315,00;382
2002;1;VSP;SBRF;SBSV;307,00;13
2002;1;VSP;SBGL;SBBR;331,00;157
2002;1;VSP;SBSV;SBBR;415,00;79
2002;1;VSP;SBPA;SBBR;540,00;9
2002;1;VSP;SBCT;SBGL;403,00;42
2002;1;VSP;SBGR;SBCF;337,00;154
2002;1;VSP;SBGL;SBSV;392,00;237
2002;1;VSP;SBBR;SBCT;559,00;52
2002;1;VSP;SBRF;SBSV;337,00;1
2002;1;VSP;SBPA;SBGR;233,00;645
2002;1;VSP;SBGR;SBBR;452,00;245
2002;1;VSP;SBCF;SBBR;298,00;25
2002;1;VSP;SBCT;SBBR;494,00;5
2002;1;VSP;SBSV;SBBR;196,00;21
2002;1;VSP;SBGR;SBFL;360,00;65
2002;1;VSP;SBCF;SBBR;193,00;284
2002;1;VSP;SBSV;SBRF;352,00;13
2002;1;VSP;SBPA;SBGL;484,00;6
2002;1;VSP;SBKP;SBGL;292,00;31
2002;1;VSP;SBSV;SBGR;399,00;612
2002;1;VSP;SBGL;SBRF;578,00;136
2002;1;VSP;SBSP;SBBR;452,00;188
2002;1;VSP;SBCT;SBBR;288,00;87
2002;1;VSP;SBGR;SBEG;762,00;30
2002;1;VSP;SBGL;SBKP;292,00;12
2002;1;VSP;SBMQ;SBBE;246,00;9
2002;1;VSP;SBGL;SBKP;259,00;7
2002;1;VSP;SBCF;SBGR;178,00;213
2002;1;VSP;SBBH;SBSP;242,00;39
2002;1;VSP;SBGL;SBCT;357,00;3
2002;1;VSP;SBSV;SBRF;271,00;38
2002;1;VSP;SBCT;SBGR;209,00;18
2002;1;VSP;SBGR;SBGL;264,00;4
2002;1;VSP;SBSV;SBGL;509,00;18
2002;1;VSP;SBEG;SBGR;837,00;35
2002;1;VSP;SBGL;SBGR;142,00;587
2002;1;VSP;SBGL;SBRF;368,00;712
2002;1;VSP;SBGL;SBBR;242,00;436
2002;1;VSP;SBRF;SBGL;276,00;39
2002;1;VSP;SBPA;SBBR;409,00;121
2002;1;VSP;SBGR;SBCF;325,00;15
2002;1;VSP;SBGR;SBPA;277,00;285
2002;1;VSP;SBGR;SBCT;138,00;516
2002;1;VSP;SBFZ;SBBR;631,00;45
2002;1;VSP;SBGL;SBSV;285,00;711
2002;1;VSP;SBFL;SBGR;136,00;155
2002;1;VSP;SBRF;SBFZ;355,00;4
2002;1;VSP;SBCT;SBGL;372,00;1
2002;1;VSP;SBGR;SBBR;183,00;218
2002;1;VSP;SBBE;SBMQ;184,00;81
2002;1;VSP;SBGR;SBCT;96,00;134
2002;1;VSP;SBBR;SBCT;494,00;16
2002;1;VSP;SBBR;SBSV;514,00;231
2002;1;VSP;SBRF;SBSV;366,00;1
2002;1;VSP;SBGL;SBKP;270,00;6
2002;1;VSP;SBSP;SBBH;242,00;21
2002;1;VSP;SBBE;SBBR;400,00;343
2002;1;VSP;SBGR;SBSV;463,00;285
2002;1;VSP;SBBE;SBBR;336,00;374
2002;1;VSP;SBPA;SBGR;320,00;68
2002;1;VSP;SBEG;SBGR;911,00;18
2002;1;VSP;SBBR;SBGR;234,00;318
2002;1;VSP;SBGR;SBSV;399,00;931
2002;1;VSP;SBPA;SBGR;450,00;315
2002;1;VSP;SBRF;SBFZ;273,00;58
2002;1;VSP;SBSV;SBGR;578,00;74
2002;1;VSP;SBGR;SBCF;299,00;8
2002;1;VSP;SBGR;SBFL;347,00;12
2002;1;VSP;SBGL;SBCT;249,00;65
2002;1;VSP;SBBH;SBSP;325,00;6
2002;1;VSP;SBCT;SBGL;211,00;231
2002;1;VSP;SBSV;SBRF;199,00;415
2002;1;VSP;SBBR;SBPA;540,00;25
2002;1;VSP;SBBH;SBSP;273,00;26
2002;1;VSP;SBFZ;SBRF;237,00;175
2002;1;VSP;SBCT;SBGR;257,00;154
2002;1;VSP;SBPA;SBGR;398,00;2
2002;1;VSP;SBGL;SBKP;281,00;1
2002;1;VSP;SBGR;SBFL;223,00;79
2002;1;VSP;SBPA;SBBR;475,00;71
2002;1;VSP;SBRF;SBSV;235,00;108
2002;1;VSP;SBBR;SBGO;141,00;41
2002;1;VSP;SBGL;SBGR;264,00;8
2002;1;VSP;SBBR;SBSV;494,00;65
2002;1;VSP;SBSV;SBBR;494,00;30
2002;1;VSP;SBCT;SBBR;537,00;15
2002;1;VSP;SBBR;SBBE;464,00;104
2002;1;VSP;SBMQ;SBBE;136,00;389
2002;1;VSP;SBCT;SBBR;396,00;23
2002;1;VSP;SBRF;SBFZ;339,00;2
2002;1;VSP;SBGR;SBPA;450,00;273
2002;1;VSP;SBSP;SBBH;132,00;387
2002;1;VSP;SBGR;SBCF;132,00;76
2002;1;VSP;SBSP;SBBR;278,00;325
2002;1;VSP;SBGR;SBGL;197,00;57
2002;1;VSP;SBGR;SBSV;261,00;12
2002;1;VSP;SBPA;SBGL;505,00;3
2002;1;VSP;SBGR;SBCT;161,00;208
2002;1;VSP;SBRF;SBFZ;384,00;54
2002;1;VSP;SBFZ;SBBR;351,00;386
2002;1;VSP;SBSP;SBBH;178,00;612
2002;1;VSP;SBBR;SBFZ;558,00;26
2002;1;VSP;SBBE;SBBR;233,00;95
2002;1;VSP;SBGL;SBBR;465,00;230
2002;1;VSP;SBFL;SBGR;189,00;135
2002;1;VSP;SBBR;SBSV;415,00;176
2002;1;VSP;SBCT;SBGL;156,00;137
2002;1;VSP;SBCF;SBBR;228,00;187
2002;1;VSP;SBGR;SBCT;228,00;12
2002;1;VSP;SBRF;SBGL;691,00;12
2002;1;VSP;SBCT;SBGL;388,00;6
2002;1;VSP;SBGR;SBSV;527,00;222
2002;1;VSP;SBSV;SBGL;531,00;15
2002;1;VSP;SBGL;SBKP;155,00;154
2002;1;VSP;SBEG;SBGR;575,00;413
2002;1;VSP;SBBR;SBBE;528,00;87
2002;1;VSP;SBRF;SBSV;381,00;107
2002;1;VSP;SBGO;SBBR;172,00;15
2002;1;VSP;SBGR;SBEG;669,00;61
2002;1;VSP;SBPA;SBBR;345,00;105
2002;1;VSP;SBGL;SBKP;210,00;9
2002;1;VSP;SBBR;SBGR;452,00;189
2002;1;VSP;SBSP;SBBR;399,00;17
2002;1;VSP;SBRF;SBSV;199,00;345
2002;1;VSP;SBKP;SBGL;259,00;1
2002;1;VSP;SBBE;SBBR;656,00;102
2002;1;VSP;SBGL;SBPA;548,00;102
2002;1;VSP;SBPA;SBBR;619,00;12
2002;1;VSP;SBPA;SBBR;645,00;8
2002;1;VSP;SBRF;SBFZ;311,00;13
2002;1;VSP;SBGR;SBBR;399,00;7
2002;1;VSP;SBBR;SBPA;645,00;7
2002;1;VSP;SBBE;SBMQ;236,00;9
2002;1;VSP;SBPA;SBGL;548,00;54
2002;1;VSP;SBGL;SBRF;691,00;81
2002;1;VSP;SBBR;SBBE;630,00;11
2002;1;VSP;SBFZ;SBBR;485,00;189
2002;1;VSP;SBBR;SBGL;375,00;94
2002;1;VSP;SBGL;SBCT;156,00;181
2002;1;VSP;SBSV;SBGR;527,00;78
2002;1;VSP;SBCF;SBGR;210,00;44
2002;1;VSP;SBGL;SBRF;663,00;67
2002;1;VSP;SBGR;SBFL;189,00;104
2002;1;VSP;SBGL;SBGR;254,00;13
2002;1;VSP;SBBR;SBGL;412,00;32
2002;1;VSP;SBBE;SBMQ;208,00;15
2002;1;VSP;SBSV;SBGL;392,00;134
2002;1;VSP;SBBR;SBGO;186,00;7
2002;1;VSP;SBGR;SBSV;603,00;161
2002;1;VSP;SBBR;SBPA;619,00;18
2002;1;VSP;SBCF;SBBR;326,00;8
2002;1;VSP;SBBR;SBCF;193,00;168
2002;1;VSP;SBSP;SBBH;325,00;9
2002;1;VSP;SBBR;SBGL;465,00;218
2002;1;VSP;SBGL;SBBR;286,00;396
2002;1;VSP;SBGR;SBFL;319,00;6
2002;1;VSP;SBGR;SBSV;578,00;85
2002;1;VSP;SBPA;SBBR;266,00;29
2002;1;VSP;SBGR;SBPA;320,00;102
2002;1;VSP;SBGL;SBPA;484,00;19
2002;1;VSP;SBGL;SBSV;531,00;65
2002;1;VSP;SBBE;SBBR;464,00;137
2002;1;VSP;SBCT;SBGL;249,00;154
2002;1;VSP;SBBR;SBFZ;604,00;77
2002;1;VSP;SBBR;SBSV;315,00;285
2002;1;VSP;SBGR;SBEG;948,00;155
2002;1;VSP;SBBR;SBCF;263,00;45
2002;1;VSP;SBBH;SBSP;337,00;106
2002;1;VSP;SBBE;SBMQ;138,00;231
2002;1;VSP;SBBR;SBSV;473,00;123
2002;1;VSP;SBSV;SBGR;463,00;114
2002;1;VSP;SBSP;SBBR;174,00;97
2002;1;VSP;SBCT;SBGR;185,00;37
2002;1;VSP;SBSP;SBBH;210,00;121
2002;1;VSP;SBGO;SBBR;141,00;35
2002;1;VSP;SBGR;SBCF;273,00;40
2002;1;VSP;SBRF;SBGL;578,00;25
2002;1;VSP;SBBR;SBCT;537,00;2
2002;1;VSP;SBGL;SBBR;412,00;22
2002;1;VSP;SBBR;SBSV;265,00;201
2002;1;VSP;SBBR;SBPA;671,00;21
2002;1;VSP;SBCF;SBBR;263,00;32
2002;1;VSP;SBGR;SBCT;248,00;2
2002;1;VSP;SBCF;SBGR;312,00;6
2002;1;VSP;SBBR;SBSP;278,00;231
2002;1;VSP;SBRF;SBFZ;369,00;1
2002;1;VSP;SBBR;SBSP;321,00;65
2002;1;VSP;SBBR;SBGO;172,00;12
2002;1;VSP;SBGL;SBPA;505,00;9
2002;1;VSP;SBFZ;SBRF;384,00;72
2002;1;VSP;SBGL;SBSV;553,00;312
2002;1;VSP;SBBR;SBGO;193,00;65
2002;1;VSP;SBKP;SBGL;210,00;2
2002;1;VSP;SBGL;SBPA;216,00;371
2002;1;VSP;SBBR;SBSP;234,00;257
2002;1;VSP;SBCT;SBBR;216,00;4
2002;1;VSP;SBBR;SBGO;106,00;398
2002;1;VSP;SBGL;SBGR;172,00;129
2002;1;VSP;SBSP;SBBH;337,00;95
2002;1;VSP;SBBE;SBBR;528,00;87
2002;1;VSP;SBGL;SBRF;508,00;148
2002;1;VSP;SBGL;SBRF;438,00;354
2002;1;VSP;SBGL;SBCT;372,00;3
2002;1;VSP;SBSV;SBGL;553,00;143
2002;1;VSP;SBFL;SBGR;319,00;13
2002;1;VSP;SBSV;SBBR;265,00;211
2002;1;VSP;SBCF;SBGR;299,00;5
2002;1;VSP;SBFL;SBGR;291,00;27
2002;1;VSP;SBMQ;SBBE;208,00;36
2002;1;VSP;SBCT;SBBR;559,00;41
2002;1;VSP;SBEG;SBGR;948,00;97
2002;1;VSP;SBGL;SBRF;634,00;35
2002;1;VSP;SBBE;SBBR;579,00;19
2002;1;VSP;SBBR;SBBE;604,00;19
2002;1;VSP;SBBH;SBSP;299,00;3
2002;1;VSP;SBFZ;SBBR;558,00;12
2002;1;VSP;SBCT;SBGR;228,00;3
2002;1;VSP;SBFL;SBGR;223,00;112
2002;1;VSP;SBPA;SBGR;363,00;12
2002;1;VSP;SBGR;SBEG;483,00;796
2002;1;VSP;SBCT;SBGR;138,00;412
2002;1;VSP;SBSP;SBBR;234,00;241
2002;1;VSP;SBBR;SBCT;516,00;5
2002;1;VSP;SBBR;SBCT;288,00;79
2002;1;VSP;SBPA;SBGR;415,00;15
2002;1;VSP;SBPA;SBGL;335,00;131
2002;1;VSP;SBSP;SBBR;321,00;106
2002;1;VSP;SBPA;SBGL;526,00;9
2002;1;VSP;SBRF;SBSV;96,00;515
2002;1;VSP;SBBR;SBGL;183,00;39
2002;1;VSP;SBBR;SBFZ;631,00;154
2002;1;VSP;SBBE;SBMQ;136,00;285
2002;1;VSP;SBGR;SBCT;237,00;7
2002;1;VSP;SBSV;SBBR;454,00;24
2002;1;VSP;SBPA;SBGL;441,00;15
2002;1;VSP;SBBR;SBGL;286,00;387
2002;1;VSP;SBGR;SBGL;275,00;289
2002;1;VSP;SBKP;SBGL;182,00;31
2002;1;VSP;SBBR;SBGL;331,00;301
2002;1;VSP;SBFZ;SBRF;355,00;8
2002;1;VSP;SBBR;SBGL;448,00;19
2002;1;VSP;SBSV;SBGR;261,00;215
2002;1;VSP;SBGR;SBBR;417,00;19
2002;1;VSP;SBPA;SBGR;432,00;3
2002;1;VSP;SBBR;SBBE;336,00;306
2002;1;VSP;SBBH;SBSP;210,00;111
2002;1;VSP;SBCF;SBGR;325,00;1
2002;1;VSP;SBBR;SBSP;365,00;30
2002;1;VSP;SBBR;SBCF;340,00;22
2002;1;VSP;SBMQ;SBBE;184,00;94
2002;1;VSP;SBBE;SBMQ;255,00;128
2002;1;VSP;SBBE;SBBR;604,00;21
2002;1;VSP;SBGR;SBEG;911,00;17
2002;1;VSP;SBKP;SBGL;237,00;8
2002;1;VSP;SBGL;SBPA;441,00;35
2002;1;VSP;SBRF;SBGL;718,00;94
2002;1;VSP;SBSV;SBBR;514,00;112
2002;1;VSP;SBBR;SBPA;409,00;62
2002;1;VSP;SBKP;SBGL;155,00;205
2002;1;VSP;SBBH;SBSP;178,00;587
2002;1;VSP;SBGR;SBGL;254,00;6
2002;1;VSP;SBGR;SBFL;332,00;1
2002;1;VSP;SBPA;SBGL;389,00;19
2002;1;VSP;SBGL;SBSV;446,00;254
2002;1;VSP;SBGL;SBSV;489,00;154
2002;1;VSP;SBSV;SBBR;364,00;138
2002;1;VSP;SBBR;SBFZ;685,00;295
2002;1;VSP;SBCF;SBGR;242,00;6
2002;1;VSP;SBRF;SBSV;352,00;18
2002;1;VSP;SBGL;SBKP;237,00;6
2002;1;VSP;SBBR;SBGR;321,00;65
2002;1;VSP;SBGR;SBBR;234,00;478
2002;1;VSP;SBSV;SBGL;489,00;44
2002;1;VSP;SBSV;SBRF;366,00;11
2002;1;VSP;SBBR;SBCF;368,00;42
2002;1;VSP;SBRF;SBGL;663,00;4
2002;1;VSP;SBSP;SBBR;365,00;42
2002;1;VSP;SBGR;SBCF;178,00;245
2002;1;VSP;SBGR;SBEG;837,00;8
2002;1;VSP;SBSV;SBRF;235,00;154
2002;1;VSP;SBKP;SBGL;270,00;4
2002;1;VSP;SBBR;SBCT;451,00;31
2002;1;VSP;SBGL;SBGR;223,00;24
2002;1;VSP;SBGR;SBSV;629,00;107
2002;1;VSP;SBFZ;SBRF;339,00;3
2002;1;VSP;SBBR;SBPA;593,00;9
2002;1;VSP;SBGL;SBPA;335,00;208
2002;1;VSP;SBBR;SBGR;183,00;121
2002;1;VSP;SBBR;SBGL;429,00;26
2002;1;VSP;SBPA;SBGR;277,00;318
2002;1;VSP;SBBR;SBSV;196,00;74
2002;1;VSP;SBGR;SBGL;142,00;555
2002;1;VSP;SBGL;SBCT;388,00;2
2002;1;VSP;SBCT;SBGR;237,00;12
2002;1;VSP;SBGL;SBGR;275,00;346
2002;1;VSP;SBBR;SBFZ;485,00;305
2002;1;VSP;SBRF;SBGL;508,00;87
2002;1;VSP;SBSV;SBGR;603,00;136
2002;1;VSP;SBKP;SBGL;281,00;6
2002;1;VSP;SBBE;SBMQ;246,00;11
2002;1;VSP;SBGO;SBBR;123,00;196
2002;1;VSP;SBBR;SBSP;452,00;237
2002;1;VSP;SBGL;SBRF;276,00;13
2002;1;VSP;SBCF;SBBR;354,00;11
2002;1;VSP;SBSV;SBRF;381,00;125
2002;1;VSP;SBMQ;SBBE;226,00;12
2002;1;VSP;SBGR;SBBR;434,00;8
2002;1;VSP;SBPA;SBBR;593,00;12
2002;1;VSP;SBBR;SBCF;228,00;144
2002;1;VSP;SBGL;SBBR;448,00;8
2002;1;VSP;SBFL;SBGR;347,00;16
2002;1;VSP;SBSP;SBBH;273,00;6
2002;1;VSP;SBGL;SBCT;211,00;287
2002;1;VSP;SBGR;SBGL;172,00;208
2002;1;VSP;SBBR;SBFZ;551,00;189
2002;1;VSP;SBGL;SBBR;183,00;18
2002;1;VSP;SBBR;SBGO;123,00;281
