ANO;MES;EMPRESA;ORIGEM;DESTINO;TARIFA;ASSENTOS
2002;4;GLO;SBSV;SBRF;152,00;4
2002;4;GLO;SBRF;SBSV;97,00;69
2002;4;GLO;SBFL;SBSP;163,00;74
2002;4;GLO;SBBR;SBSP;145,00;468
2002;4;GLO;SBBH;SBSP;292,00;25
2002;4;GLO;SBSP;SBPA;191,00;52
2002;4;GLO;SBBR;SBBE;212,00;304
2002;4;GLO;SBBH;SBBR;133,00;2
2002;4;GLO;SBFL;SBGL;127,00;120
2002;4;GLO;SBCT;SBSP;182,00;12
2002;4;GLO;SBBE;SBBR;474,00;1
2002;4;GLO;SBGL;SBFL;127,00;120
2002;4;GLO;SBSV;SBBR;383,00;7
2002;4;GLO;SBGL;SBFL;200,00;4
2002;4;GLO;SBBR;SBFL;230,00;22
2002;4;GLO;SBBR;SBGL;99,00;2861
2002;4;GLO;SBPA;SBCT;76,00;197
2002;4;GLO;SBBR;SBFZ;239,00;954
2002;4;GLO;SBSP;SBRJ;128,00;673
2002;4;GLO;SBBR;SBFL;246,00;4
2002;4;GLO;SBSP;SBBH;148,00;1
2002;4;GLO;SBBE;SBBR;212,00;83
2002;4;GLO;SBRJ;SBVT;81,00;31
2002;4;GLO;SBBH;SBSP;113,00;1029
2002;4;GLO;SBSP;SBFL;131,00;261
2002;4;GLO;SBSP;SBPA;160,00;774
2002;4;GLO;SBMQ;SBBE;118,00;1
2002;4;GLO;SBBH;SBBR;158,00;1
2002;4;GLO;SBRF;SBGL;655,00;2
2002;4;GLO;SBBH;SBSP;101,00;1518
2002;4;GLO;SBFL;SBBR;230,00;52
2002;4;GLO;SBGL;SBFL;190,00;12
2002;4;GLO;SBGL;SBBR;99,00;3447
2002;4;GLO;SBBR;SBSP;129,00;6898
2002;4;GLO;SBCT;SBBR;187,00;164
2002;4;GLO;SBBH;SBSP;76,00;1426
2002;4;GLO;SBFL;SBGL;203,00;100
2002;4;GLO;SBSP;SBFL;163,00;2
2002;4;GLO;SBGL;SBFL;261,00;2
2002;4;GLO;SBFL;SBBR;246,00;18
2002;4;GLO;SBVT;SBRJ;81,00;54
2002;4;GLO;SBPA;SBGL;135,00;178
2002;4;GLO;SBPA;SBBR;257,00;30
2002;4;GLO;SBBE;SBBR;189,00;455
2002;4;GLO;SBFL;SBSP;131,00;153
2002;4;GLO;SBBH;SBBR;194,00;1
2002;4;GLO;SBBR;SBFL;169,00;99
2002;4;GLO;SBBR;SBFL;199,00;704
2002;4;GLO;SBGL;SBFL;180,00;44
2002;4;GLO;SBRF;SBSV;115,00;64
2002;4;GLO;SBBH;SBSP;160,00;1
2002;4;GLO;SBBH;SBCT;186,00;204
2002;4;GLO;SBPA;SBSP;129,00;3776
2002;4;GLO;SBBR;SBSP;161,00;34
2002;4;GLO;SBPA;SBSP;110,00;458
2002;4;GLO;SBGL;SBFL;149,00;2179
2002;4;GLO;SBBR;SBSV;212,00;59
2002;4;GLO;SBSV;SBRF;79,00;1335
2002;4;GLO;SBPA;SBBR;303,00;3
2002;4;GLO;SBPA;SBSP;176,00;694
2002;4;GLO;SBBE;SBMQ;79,00;1303
2002;4;GLO;SBSV;SBBR;189,00;141
2002;4;GLO;SBSP;SBRJ;118,00;2478
2002;4;GLO;SBSP;SBCT;134,00;3
2002;4;GLO;SBBR;SBBE;189,00;140
2002;4;GLO;SBGL;SBBR;205,00;8
2002;4;GLO;SBSP;SBRJ;148,00;1674
2002;4;GLO;SBBR;SBSV;189,00;2
2002;4;GLO;SBSP;SBGL;168,00;9
2002;4;GLO;SBPA;SBFL;79,00;1584
2002;4;GLO;SBFL;SBSP;120,00;423
2002;4;GLO;SBPA;SBCT;102,00;27
2002;4;GLO;SBMQ;SBBE;87,00;35
2002;4;GLO;SBCT;SBBH;388,17;2
2002;4;GLO;SBPA;SBFL;241,00;34
2002;4;GLO;SBBR;SBBE;258,00;2
2002;4;GLO;SBPA;SBCT;89,00;2066
2002;4;GLO;SBBH;SBBR;121,00;476
2002;4;GLO;SBPA;SBCT;309,00;5
2002;4;GLO;SBSV;SBGL;297,00;2
2002;4;GLO;SBSP;SBGL;158,00;2
2002;4;GLO;SBBR;SBCT;187,00;211
2002;4;GLO;SBGL;SBCT;132,00;177
2002;4;GLO;SBCT;SBPA;102,00;11
2002;4;GLO;SBGL;SBRF;281,00;174
2002;4;GLO;SBBR;SBBH;93,00;409
2002;4;GLO;SBRJ;SBVT;264,00;1
2002;4;GLO;SBBR;SBGL;163,00;1
2002;4;GLO;SBGL;SBSP;178,00;15
2002;4;GLO;SBBR;SBSP;110,00;1564
2002;4;GLO;SBBR;SBPA;189,00;1580
2002;4;GLO;SBGL;SBFL;170,00;60
2002;4;GLO;SBCT;SBGL;144,00;152
2002;4;GLO;SBFL;SBSP;84,00;240
2002;4;GLO;SBCT;SBSP;67,00;866
2002;4;GLO;SBGL;SBRF;302,00;122
2002;4;GLO;SBBR;SBGL;142,00;191
2002;4;GLO;SBRJ;SBSP;148,00;1831
2002;4;GLO;SBGL;SBPA;159,00;1788
2002;4;GLO;SBGL;SBRF;385,00;2
2002;4;GLO;SBRF;SBSV;350,00;34
2002;4;GLO;SBSP;SBRJ;158,00;392
2002;4;GLO;SBBR;SBBH;121,00;709
2002;4;GLO;SBBE;SBMQ;133,00;1
2002;4;GLO;SBSV;SBGL;272,00;5
2002;4;GLO;SBSV;SBRF;350,00;3
2002;4;GLO;SBFL;SBPA;79,00;1599
2002;4;GLO;SBBH;SBBR;93,00;426
2002;4;GLO;SBBH;SBSP;136,00;2
2002;4;GLO;SBBH;SBCT;350,00;3
2002;4;GLO;SBFL;SBPA;106,00;10
2002;4;GLO;SBGL;SBCT;119,00;1628
2002;4;GLO;SBGL;SBPA;194,00;88
2002;4;GLO;SBFL;SBBR;262,00;18
2002;4;GLO;SBSV;SBRF;115,00;4
2002;4;GLO;SBBR;SBBE;235,00;50
2002;4;GLO;SBSP;SBFL;120,00;382
2002;4;GLO;SBRJ;SBSP;128,00;809
2002;4;GLO;SBBR;SBBH;109,00;2251
2002;4;GLO;SBRJ;SBSP;98,00;686
2002;4;GLO;SBSV;SBRF;67,00;710
2002;4;GLO;SBSV;SBGL;504,00;6
2002;4;GLO;SBBR;SBBH;194,00;2
2002;4;GLO;SBPA;SBGL;229,00;4
2002;4;GLO;SBSP;SBBH;89,00;7072
2002;4;GLO;SBSV;SBBR;166,00;57
2002;4;GLO;SBGL;SBRF;322,00;46
2002;4;GLO;SBRJ;SBSP;108,00;1609
2002;4;GLO;SBGL;SBSV;246,00;30
2002;4;GLO;SBBH;SBSP;89,00;7128
2002;4;GLO;SBSP;SBBR;286,00;2
2002;4;GLO;SBRJ;SBKP;69,00;2203
2002;4;GLO;SBVT;SBRJ;94,00;25
2002;4;GLO;SBPA;SBBR;161,00;114
2002;4;GLO;SBKP;SBRJ;81,00;61
2002;4;GLO;SBPA;SBSP;160,00;1240
2002;4;GLO;SBBR;SBGL;84,00;433
2002;4;GLO;SBCT;SBSP;95,00;25
2002;4;GLO;SBBR;SBBE;474,00;1
2002;4;GLO;SBGL;SBRF;260,00;530
2002;4;GLO;SBSP;SBFL;84,00;287
2002;4;GLO;SBGL;SBCT;157,00;12
2002;4;GLO;SBGL;SBBR;120,00;719
2002;4;GLO;SBRJ;SBKP;92,00;5
2002;4;GLO;SBFL;SBBR;293,00;19
2002;4;GLO;SBCT;SBGL;101,00;129
2002;4;GLO;SBSP;SBRJ;98,00;727
2002;4;GLO;SBGL;SBFL;211,00;2
2002;4;GLO;SBBR;SBBE;593,00;7
2002;4;GLO;SBBR;SBBH;133,00;2
2002;4;GLO;SBRF;SBGL;364,00;12
2002;4;GLO;SBGL;SBPA;176,00;538
2002;4;GLO;SBGL;SBSV;297,00;3
2002;4;GLO;SBFL;SBSP;99,00;1680
2002;4;GLO;SBFZ;SBBR;257,00;40
2002;4;GLO;SBSP;SBPA;145,00;1902
2002;4;GLO;SBSP;SBRJ;168,00;9
2002;4;GLO;SBVT;SBRJ;264,00;74
2002;4;GLO;SBGL;SBBR;293,00;7
2002;4;GLO;SBCT;SBBR;149,00;1421
2002;4;GLO;SBBR;SBPA;212,00;392
2002;4;GLO;SBGL;SBFL;221,00;2
2002;4;GLO;SBSP;SBBR;177,00;10
2002;4;GLO;SBRJ;SBSP;158,00;539
2002;4;GLO;SBFL;SBPA;97,00;48
2002;4;GLO;SBRF;SBSV;67,00;684
2002;4;GLO;SBBE;SBBR;258,00;4
2002;4;GLO;SBCT;SBBH;152,00;202
2002;4;GLO;SBRJ;SBSP;118,00;2827
2002;4;GLO;SBSP;SBBR;161,00;70
2002;4;GLO;SBBR;SBGL;422,00;2
2002;4;GLO;SBBE;SBMQ;225,00;1
2002;4;GLO;SBSP;SBBR;145,00;989
2002;4;GLO;SBKP;SBRJ;59,00;491
2002;4;GLO;SBSP;SBGL;118,00;132
2002;4;GLO;SBCT;SBBR;168,00;449
2002;4;GLO;SBGL;SBBR;163,00;39
2002;4;GLO;SBFL;SBBR;309,00;3
2002;4;GLO;SBBH;SBSP;125,00;7
2002;4;GLO;SBCT;SBBR;127,00;178
2002;4;GLO;SBSP;SBBR;226,00;3
2002;4;GLO;SBVT;SBRJ;69,00;3499
2002;4;GLO;SBRJ;SBVT;59,00;2973
2002;4;GLO;SBBE;SBMQ;125,00;1
2002;4;GLO;SBBR;SBBH;329,00;3
2002;4;GLO;SBSP;SBRJ;138,00;6020
2002;4;GLO;SBFZ;SBBR;498,00;1
2002;4;GLO;SBSP;SBCT;227,00;31
2002;4;GLO;SBSP;SBBH;136,00;2
2002;4;GLO;SBGL;SBPA;135,00;218
2002;4;GLO;SBSP;SBPA;238,00;30
2002;4;GLO;SBRJ;SBSP;238,00;111
2002;4;GLO;SBBR;SBSP;411,00;27
2002;4;GLO;SBBH;SBCT;225,00;4
2002;4;GLO;SBBR;SBPA;234,00;192
2002;4;GLO;SBGL;SBPA;478,00;3
2002;4;GLO;SBPA;SBFL;88,00;17
2002;4;GLO;SBRF;SBGL;302,00;108
2002;4;GLO;SBSP;SBCT;67,00;726
2002;4;GLO;SBRJ;SBKP;104,00;1
2002;4;GLO;SBBR;SBFZ;203,00;198
2002;4;GLO;SBSP;SBBH;76,00;1243
2002;4;GLO;SBSP;SBFL;153,00;6
2002;4;GLO;SBBR;SBSV;142,00;418
2002;4;GLO;SBCT;SBBH;101,00;81
2002;4;GLO;SBSP;SBGL;96,00;687
2002;4;GLO;SBRJ;SBKP;59,00;475
2002;4;GLO;SBBR;SBPA;161,00;243
2002;4;GLO;SBFL;SBGL;213,00;24
2002;4;GLO;SBGL;SBSP;168,00;2
2002;4;GLO;SBBE;SBBR;161,00;76
2002;4;GLO;SBPA;SBSP;145,00;4588
2002;4;GLO;SBFL;SBGL;149,00;810
2002;4;GLO;SBFL;SBSP;295,00;24
2002;4;GLO;SBPA;SBGL;478,00;6
2002;4;GLO;SBSV;SBRF;170,00;2
2002;4;GLO;SBPA;SBBR;325,00;3
2002;4;GLO;SBFL;SBPA;88,00;136
2002;4;GLO;SBSP;SBCT;79,00;3723
2002;4;GLO;SBCT;SBGL;132,00;82
2002;4;GLO;SBSP;SBGL;238,00;15
2002;4;GLO;SBFL;SBPA;67,00;385
2002;4;GLO;SBVT;SBRJ;106,00;2
2002;4;GLO;SBCT;SBSP;103,00;40
2002;4;GLO;SBBR;SBBH;145,00;1
2002;4;GLO;SBRJ;SBVT;69,00;3403
2002;4;GLO;SBGL;SBBR;422,00;1
2002;4;GLO;SBSP;SBGL;108,00;4233
2002;4;GLO;SBSV;SBBR;479,00;2
2002;4;GLO;SBGL;SBCT;170,00;4
2002;4;GLO;SBBR;SBSV;166,00;319
2002;4;GLO;SBSV;SBBR;212,00;73
2002;4;GLO;SBSV;SBGL;195,00;98
2002;4;GLO;SBSV;SBBR;235,00;7
2002;4;GLO;SBBR;SBBE;161,00;65
2002;4;GLO;SBGL;SBSV;195,00;102
2002;4;GLO;SBGL;SBSP;118,00;176
2002;4;GLO;SBSP;SBPA;222,00;4
2002;4;GLO;SBVT;SBRJ;59,00;3101
2002;4;GLO;SBRF;SBGL;385,00;2
2002;4;GLO;SBBE;SBBR;593,00;4
2002;4;GLO;SBKP;SBRJ;92,00;16
2002;4;GLO;SBBH;SBSP;172,00;10
2002;4;GLO;SBBR;SBFL;278,00;6
2002;4;GLO;SBBH;SBBR;109,00;2113
2002;4;GLO;SBFL;SBGL;263,00;10
2002;4;GLO;SBSP;SBRJ;238,00;92
2002;4;GLO;SBFL;SBGL;233,00;20
2002;4;GLO;SBBH;SBSP;148,00;4
2002;4;GLO;SBSV;SBBR;142,00;409
2002;4;GLO;SBCT;SBBH;169,00;22
2002;4;GLO;SBSP;SBPA;404,00;30
2002;4;GLO;SBSP;SBPA;110,00;442
2002;4;GLO;SBFL;SBSP;153,00;29
2002;4;GLO;SBGL;SBCT;144,00;166
2002;4;GLO;SBPA;SBFL;142,00;1
2002;4;GLO;SBKP;SBRJ;104,00;1
2002;4;GLO;SBGL;SBCT;101,00;158
2002;4;GLO;SBSP;SBBH;292,00;22
2002;4;GLO;SBSP;SBFL;110,00;2103
2002;4;GLO;SBPA;SBGL;159,00;2952
2002;4;GLO;SBCT;SBPA;309,00;5
2002;4;GLO;SBSV;SBBR;282,00;6
2002;4;GLO;SBGL;SBBR;142,00;348
2002;4;GLO;SBCT;SBGL;119,00;2187
2002;4;GLO;SBBE;SBBR;303,00;2
2002;4;GLO;SBFL;SBSP;142,00;61
2002;4;GLO;SBPA;SBFL;67,00;391
2002;4;GLO;SBRJ;SBSP;168,00;13
2002;4;GLO;SBBE;SBMQ;87,00;95
2002;4;GLO;SBSV;SBGL;221,00;53
2002;4;GLO;SBPA;SBGL;176,00;307
2002;4;GLO;SBFL;SBPA;142,00;6
2002;4;GLO;SBCT;SBPA;89,00;1765
2002;4;GLO;SBGL;SBSV;149,00;34
2002;4;GLO;SBPA;SBSP;207,00;4
2002;4;GLO;SBFZ;SBBR;312,00;1
2002;4;GLO;SBPA;SBCT;129,00;8
2002;4;GLO;SBGL;SBSP;158,00;21
2002;4;GLO;SBRJ;SBVT;94,00;1
2002;4;GLO;SBBE;SBMQ;94,00;37
2002;4;GLO;SBFL;SBPA;115,00;1
2002;4;GLO;SBSP;SBGL;178,00;13
2002;4;GLO;SBFZ;SBBR;623,00;4
2002;4;GLO;SBGL;SBPA;229,00;6
2002;4;GLO;SBSP;SBBH;125,00;2
2002;4;GLO;SBRJ;SBKP;257,00;1
2002;4;GLO;SBSV;SBGL;144,00;1121
2002;4;GLO;SBGL;SBSP;238,00;18
2002;4;GLO;SBCT;SBBH;119,00;718
2002;4;GLO;SBGL;SBBR;248,00;4
2002;4;GLO;SBSV;SBRF;188,00;1
2002;4;GLO;SBRF;SBGL;322,00;80
2002;4;GLO;SBFL;SBGL;193,00;678
2002;4;GLO;SBBE;SBMQ;157,00;3
2002;4;GLO;SBFZ;SBBR;239,00;860
2002;4;GLO;SBSV;SBRF;97,00;77
2002;4;GLO;SBBH;SBBR;329,00;2
2002;4;GLO;SBSP;SBCT;103,00;33
2002;4;GLO;SBSP;SBCT;87,00;537
2002;4;GLO;SBFZ;SBBR;294,00;5
2002;4;GLO;SBRF;SBSV;133,00;6
2002;4;GLO;SBSP;SBPA;323,00;2
2002;4;GLO;SBRF;SBGL;260,00;702
2002;4;GLO;SBRF;SBGL;281,00;248
2002;4;GLO;SBGL;SBBR;184,00;9
2002;4;GLO;SBGL;SBFL;159,00;420
2002;4;GLO;SBBR;SBSV;383,00;1
2002;4;GLO;SBBH;SBCT;172,00;283
2002;4;GLO;SBBR;SBCT;149,00;1268
2002;4;GLO;SBBH;SBCT;101,00;187
2002;4;GLO;SBGL;SBBR;227,00;12
2002;4;GLO;SBSP;SBPA;207,00;32
2002;4;GLO;SBBR;SBPA;592,00;2
2002;4;GLO;SBSP;SBGL;138,00;57
2002;4;GLO;SBBR;SBGL;120,00;773
2002;4;GLO;SBGL;SBPA;211,00;4
2002;4;GLO;SBSP;SBFL;142,00;45
2002;4;GLO;SBCT;SBPA;182,00;1
2002;4;GLO;SBSP;SBCT;95,00;12
2002;4;GLO;SBRF;SBSV;79,00;1161
2002;4;GLO;SBPA;SBBR;592,00;6
2002;4;GLO;SBGL;SBBR;84,00;528
2002;4;GLO;SBRJ;SBSP;178,00;486
2002;4;GLO;SBCT;SBSP;79,00;2715
2002;4;GLO;SBGL;SBSV;119,00;1441
2002;4;GLO;SBCT;SBPA;116,00;3
2002;4;GLO;SBGL;SBSP;128,00;1924
2002;4;GLO;SBSV;SBBR;119,00;716
2002;4;GLO;SBPA;SBBR;280,00;6
2002;4;GLO;SBSP;SBBH;172,00;13
2002;4;GLO;SBMQ;SBBE;79,00;1377
2002;4;GLO;SBBR;SBBH;158,00;1
2002;4;GLO;SBCT;SBPA;76,00;233
2002;4;GLO;SBCT;SBGL;157,00;6
2002;4;GLO;SBRJ;SBVT;119,00;5
2002;4;GLO;SBCT;SBBH;136,00;291
2002;4;GLO;SBFL;SBBR;365,00;15
2002;4;GLO;SBKP;SBRJ;128,00;4
2002;4;GLO;SBFZ;SBBR;276,00;13
2002;4;GLO;SBBR;SBFZ;257,00;107
2002;4;GLO;SBBR;SBSP;177,00;7
2002;4;GLO;SBSP;SBFL;295,00;27
2002;4;GLO;SBBR;SBSP;329,00;3
2002;4;GLO;SBGL;SBSV;221,00;42
2002;4;GLO;SBFL;SBGL;365,84;22
2002;4;GLO;SBFL;SBGL;243,00;24
2002;4;GLO;SBGL;SBSP;96,00;469
2002;4;GLO;SBBR;SBSV;479,00;2
2002;4;GLO;SBSP;SBFL;174,00;3
2002;4;GLO;SBPA;SBBR;212,00;430
2002;4;GLO;SBCT;SBGL;170,00;4
2002;4;GLO;SBSP;SBBR;242,00;6
2002;4;GLO;SBCT;SBSP;87,00;460
2002;4;GLO;SBGL;SBSV;504,00;3
2002;4;GLO;SBRJ;SBKP;81,00;33
2002;4;GLO;SBSV;SBBR;101,00;252
2002;4;GLO;SBBR;SBSV;119,00;911
2002;4;GLO;SBFL;SBBR;169,00;106
2002;4;GLO;SBBE;SBBR;280,00;2
2002;4;GLO;SBGL;SBSV;170,00;528
2002;4;GLO;SBFL;SBGL;340,00;18
2002;4;GLO;SBCT;SBBR;479,00;4
2002;4;GLO;SBFL;SBSP;174,00;40
2002;4;GLO;SBFL;SBBR;525,00;6
2002;4;GLO;SBSV;SBGL;119,00;1417
2002;4;GLO;SBRJ;SBSP;138,00;6379
2002;4;GLO;SBSP;SBBR;329,00;5
2002;4;GLO;SBFL;SBGL;223,00;6
2002;4;GLO;SBBR;SBFL;309,00;3
2002;4;GLO;SBGL;SBSP;188,00;1
2002;4;GLO;SBPA;SBCT;116,00;4
2002;4;GLO;SBFL;SBPA;124,00;2
2002;4;GLO;SBGL;SBRF;655,00;2
2002;4;GLO;SBCT;SBBR;282,00;2
2002;4;GLO;SBPA;SBGL;211,00;15
2002;4;GLO;SBSP;SBRJ;188,00;52
2002;4;GLO;SBBH;SBCT;199,00;12
2002;4;GLO;SBGL;SBSP;108,00;3863
2002;4;GLO;SBRF;SBGL;239,00;1278
2002;4;GLO;SBSP;SBBR;411,00;24
2002;4;GLO;SBSP;SBGL;77,00;1238
2002;4;GLO;SBGL;SBSP;138,00;84
2002;4;GLO;SBGL;SBSV;144,00;1084
2002;4;GLO;SBSV;SBGL;246,00;18
2002;4;GLO;SBSP;SBRJ;108,00;1727
2002;4;GLO;SBGL;SBRF;239,00;1424
2002;4;GLO;SBBR;SBFL;215,00;406
2002;4;GLO;SBGL;SBFL;376,00;2
2002;4;GLO;SBSP;SBRJ;178,00;325
2002;4;GLO;SBBH;SBCT;265,00;10
2002;4;GLO;SBSV;SBGL;149,00;19
2002;4;GLO;SBSP;SBFL;99,00;2375
2002;4;GLO;SBBR;SBFZ;498,00;2
2002;4;GLO;SBPA;SBSP;191,00;156
2002;4;GLO;SBCT;SBSP;134,00;4
2002;4;GLO;SBGL;SBSP;77,00;921
2002;4;GLO;SBPA;SBSP;323,00;4
2002;4;GLO;SBPA;SBBR;189,00;1539
2002;4;GLO;SBSP;SBBH;113,00;1107
2002;4;GLO;SBSP;SBGL;128,00;1758
2002;4;GLO;SBSP;SBBR;129,00;6411
2002;4;GLO;SBSP;SBPA;176,00;794
2002;4;GLO;SBPA;SBBR;234,00;185
2002;4;GLO;SBPA;SBSP;404,00;24
2002;4;GLO;SBBH;SBSP;234,00;4
2002;4;GLO;SBSV;SBGL;170,00;403
2002;4;GLO;SBBR;SBCT;168,00;453
2002;4;GLO;SBCT;SBSP;227,00;25
2002;4;GLO;SBSP;SBBR;194,00;2
2002;4;GLO;SBRJ;SBVT;156,00;1
2002;4;GLO;SBFZ;SBBR;203,00;139
2002;4;GLO;SBSP;SBBH;101,00;1182
2002;4;GLO;SBBH;SBCT;119,00;914
2002;4;GLO;SBBR;SBSV;101,00;297
2002;4;GLO;SBBR;SBCT;127,00;223
2002;4;GLO;SBFL;SBBR;215,00;970
2002;4;GLO;SBRJ;SBSP;188,00;17
2002;4;GLO;SBKP;SBRJ;69,00;1957
2002;4;GLO;SBFL;SBSP;110,00;2635
2002;4;GLO;SBSV;SBBR;333,00;6
2002;4;GLO;SBPA;SBGL;194,00;54
2002;4;GLO;SBSP;SBBR;110,00;1163
2002;4;GLO;SBFZ;SBBR;330,00;1
2002;4;GLO;SBSP;SBPA;129,00;6138
2002;4;MSQ;SBMQ;SBBE;72,80;67
2002;4;MSQ;SBBE;SBMQ;72,80;59
2002;4;NES;SBSP;SBPS;469,00;13
2002;4;NES;SBBR;SBSP;271,00;2
2002;4;NES;SBBR;SBBH;208,00;13
2002;4;NES;SBSP;SBBR;313,00;37
2002;4;NES;SBBR;SBSP;469,00;2
2002;4;NES;SBSP;SBPS;366,00;146
2002;4;NES;SBSP;SBPS;410,00;30
2002;4;NES;SBBR;SBSP;539,00;149
2002;4;NES;SBMQ;SBBE;248,00;4
2002;4;NES;SBBR;SBSP;270,00;8
2002;4;NES;SBRF;SBFZ;372,00;1
2002;4;NES;SBRF;SBSV;367,00;5
2002;4;NES;SBBR;SBSP;378,00;18
2002;4;NES;SBSP;SBPS;302,00;1
2002;4;NES;SBRF;SBSV;286,00;48
2002;4;NES;SBFZ;SBRF;330,00;7
2002;4;NES;SBSP;SBPS;728,00;7
2002;4;NES;SBFZ;SBRF;259,00;1
2002;4;NES;SBBH;SBBR;374,00;2
2002;4;NES;SBBH;SBBR;301,00;44
2002;4;NES;SBBE;SBMQ;171,00;5
2002;4;NES;SBBR;SBSP;280,00;3
2002;4;NES;SBPS;SBSP;234,00;194
2002;4;NES;SBBH;SBBR;387,00;3
2002;4;NES;SBPS;SBSP;527,00;2
2002;4;NES;SBRF;SBFZ;248,00;4
2002;4;NES;SBRF;SBFZ;342,00;4
2002;4;NES;SBBH;SBBR;215,00;18
2002;4;NES;SBSV;SBRF;265,00;1
2002;4;NES;SBSV;SBRF;286,00;54
2002;4;NES;SBMQ;SBBE;193,00;24
2002;4;NES;SBMQ;SBBE;200,00;26
2002;4;NES;SBFZ;SBRF;255,00;91
2002;4;NES;SBBR;SBBH;499,00;1
2002;4;NES;SBSV;SBRF;490,00;1
2002;4;NES;SBSP;SBKP;50,00;6
2002;4;NES;SBSP;SBPS;527,00;1
2002;4;NES;SBSP;SBPS;703,00;6
2002;4;NES;SBBR;SBBH;345,00;17
2002;4;NES;SBPS;SBSP;703,00;4
2002;4;NES;SBSP;SBBR;324,00;42
2002;4;NES;SBRF;SBFZ;171,00;190
2002;4;NES;SBBE;SBMQ;220,00;2
2002;4;NES;SBPS;SBSP;364,00;6
2002;4;NES;SBSP;SBBR;365,00;91
2002;4;NES;SBBR;SBBH;431,00;56
2002;4;NES;SBPS;SBSP;303,00;33
2002;4;NES;SBRF;SBFZ;413,00;31
2002;4;NES;SBRF;SBSV;422,00;109
2002;4;NES;SBBR;SBSP;417,00;4
2002;4;NES;SBRF;SBSV;265,00;6
2002;4;NES;SBSP;SBBR;485,00;4
2002;4;NES;SBBR;SBBH;226,00;2
2002;4;NES;SBBR;SBSP;365,00;18
2002;4;NES;SBSV;SBRF;337,00;4
2002;4;NES;SBSP;SBPS;424,00;34
2002;4;NES;SBFZ;SBRF;427,00;41
2002;4;NES;SBSP;SBBR;539,00;138
2002;4;NES;SBRF;SBSV;204,00;31
2002;4;NES;SBSP;SBPS;364,00;10
2002;4;NES;SBBE;SBMQ;193,00;19
2002;4;NES;SBKP;SBSP;88,00;1
2002;4;NES;SBBR;SBSP;325,00;1
2002;4;NES;SBRF;SBSV;337,00;16
2002;4;NES;SBMQ;SBBE;165,00;9
2002;4;NES;SBSP;SBBR;647,00;4
2002;4;NES;SBRF;SBFZ;299,00;17
2002;4;NES;SBRF;SBSV;245,00;11
2002;4;NES;SBKP;SBSP;126,00;19
2002;4;NES;SBSP;SBKP;76,00;1
2002;4;NES;SBSP;SBKP;126,00;2
2002;4;NES;SBRF;SBSV;252,00;95
2002;4;NES;SBPS;SBSP;545,00;3
2002;4;NES;SBPS;SBSP;410,00;31
2002;4;NES;SBSV;SBRF;422,00;60
2002;4;NES;SBRF;SBFZ;385,00;2
2002;4;NES;SBSV;SBRF;211,00;34
2002;4;NES;SBFZ;SBRF;257,00;4
2002;4;NES;SBBR;SBSP;208,00;99
2002;4;NES;SBRF;SBSV;163,00;158
2002;4;NES;SBBR;SBBH;516,00;2
2002;4;NES;SBPS;SBSP;242,00;219
2002;4;NES;SBBR;SBBH;172,00;29
2002;4;NES;SBFZ;SBRF;299,00;28
2002;4;NES;SBBH;SBBR;291,00;36
2002;4;NES;SBRF;SBSV;254,00;14
2002;4;NES;SBSP;SBPS;545,00;3
2002;4;NES;SBPS;SBSP;607,00;30
2002;4;NES;SBRF;SBFZ;427,00;34
2002;4;NES;SBFZ;SBRF;372,00;1
2002;4;NES;SBBH;SBBR;208,00;16
2002;4;NES;SBSV;SBRF;380,00;3
2002;4;NES;SBBE;SBMQ;431,00;23
2002;4;NES;SBBE;SBMQ;228,00;2
2002;4;NES;SBRF;SBSV;211,00;35
2002;4;NES;SBSP;SBBR;261,00;84
2002;4;NES;SBKP;SBSP;50,00;1
2002;4;NES;SBSP;SBBR;625,00;3
2002;4;NES;SBBH;SBBR;499,00;1
2002;4;NES;SBFZ;SBRF;413,00;35
2002;4;NES;SBMQ;SBBE;143,00;6
2002;4;NES;SBBR;SBBH;301,00;30
2002;4;NES;SBSP;SBBR;215,00;101
2002;4;NES;SBSV;SBRF;79,00;320
2002;4;NES;SBRF;SBFZ;214,00;13
2002;4;NES;SBPS;SBSP;293,00;29
2002;4;NES;SBBR;SBBH;374,00;1
2002;4;NES;SBPS;SBSP;469,00;22
2002;4;NES;SBPS;SBSP;379,00;152
2002;4;NES;SBSP;SBKP;83,00;2
2002;4;NES;SBRF;SBSV;169,00;370
2002;4;NES;SBPS;SBSP;586,00;26
2002;4;NES;SBSP;SBBR;417,00;27
2002;4;NES;SBSV;SBRF;163,00;98
2002;4;NES;SBBR;SBBH;291,00;27
2002;4;NES;SBBH;SBBR;218,00;1
2002;4;NES;SBSP;SBPS;352,00;8
2002;4;NES;SBSV;SBRF;296,00;61
2002;4;NES;SBBR;SBSP;324,00;11
2002;4;NES;SBSP;SBKP;130,00;3
2002;4;NES;SBBR;SBBH;259,00;16
2002;4;NES;SBKP;SBSP;130,00;23
2002;4;NES;SBBE;SBMQ;114,00;151
2002;4;NES;SBMQ;SBBE;220,00;4
2002;4;NES;SBSP;SBPS;485,00;15
2002;4;NES;SBBH;SBBR;333,00;10
2002;4;NES;SBFZ;SBRF;385,00;3
2002;4;NES;SBFZ;SBRF;207,00;5
2002;4;NES;SBBR;SBBH;250,00;14
2002;4;NES;SBBE;SBMQ;200,00;21
2002;4;NES;SBBE;SBMQ;257,00;5
2002;4;NES;SBBH;SBBR;416,00;26
2002;4;NES;SBBE;SBMQ;165,00;3
2002;4;NES;SBSV;SBRF;252,00;52
2002;4;NES;SBMQ;SBBE;431,00;46
2002;4;NES;SBBR;SBSP;432,00;6
2002;4;NES;SBFZ;SBRF;171,00;271
2002;4;NES;SBRF;SBFZ;330,00;3
2002;4;NES;SBSP;SBPS;303,00;16
2002;4;NES;SBMQ;SBBE;275,00;40
2002;4;NES;SBSP;SBKP;52,00;7
2002;4;NES;SBSP;SBBR;378,00;104
2002;4;NES;SBPS;SBSP;366,00;135
2002;4;NES;SBBR;SBBH;215,00;15
2002;4;NES;SBRF;SBFZ;165,00;102
2002;4;NES;SBPS;SBSP;352,00;6
2002;4;NES;SBSV;SBRF;326,00;2
2002;4;NES;SBSP;SBKP;86,00;2
2002;4;NES;SBBR;SBSP;313,00;9
2002;4;NES;SBRF;SBFZ;289,00;14
2002;4;NES;SBRF;SBFZ;255,00;66
2002;4;NES;SBRF;SBSV;296,00;55
2002;4;NES;SBMQ;SBBE;110,00;199
2002;4;NES;SBRF;SBFZ;207,00;10
2002;4;NES;SBFZ;SBRF;165,00;116
2002;4;NES;SBSP;SBPS;379,00;146
2002;4;NES;SBSP;SBBR;208,00;89
2002;4;NES;SBSP;SBPS;234,00;206
2002;4;NES;SBFZ;SBRF;214,00;6
2002;4;NES;SBSP;SBBR;270,00;95
2002;4;NES;SBSP;SBBR;271,00;1
2002;4;NES;SBPS;SBSP;728,00;5
2002;4;NES;SBSV;SBRF;254,00;15
2002;4;NES;SBFZ;SBRF;248,00;2
2002;4;NES;SBMQ;SBBE;138,00;6
2002;4;NES;SBBH;SBBR;345,00;15
2002;4;NES;SBBR;SBBH;416,00;71
2002;4;NES;SBRF;SBFZ;257,00;6
2002;4;NES;SBSP;SBPS;607,00;39
2002;4;NES;SBBE;SBMQ;275,00;20
2002;4;NES;SBBR;SBSP;215,00;112
2002;4;NES;SBBR;SBBH;166,00;26
2002;4;NES;SBBR;SBBH;333,00;15
2002;4;NES;SBSP;SBBR;432,00;32
2002;4;NES;SBMQ;SBBE;114,00;225
2002;4;NES;SBSP;SBPS;313,00;1
2002;4;NES;SBBR;SBSP;261,00;7
2002;4;NES;SBSP;SBBR;521,00;122
2002;4;NES;SBSV;SBRF;245,00;12
2002;4;NES;SBSV;SBRF;367,00;3
2002;4;NES;SBRF;SBSV;256,00;5
2002;4;NES;SBSP;SBPS;586,00;35
2002;4;NES;SBFZ;SBRF;289,00;24
2002;4;NES;SBRF;SBSV;380,00;6
2002;4;NES;SBMQ;SBBE;257,00;6
2002;4;NES;SBBE;SBMQ;248,00;3
2002;4;NES;SBBE;SBMQ;110,00;133
2002;4;NES;SBFZ;SBRF;342,00;8
2002;4;NES;SBBR;SBSP;521,00;132
2002;4;NES;SBPS;SBSP;424,00;36
2002;4;NES;SBSP;SBBR;469,00;3
2002;4;NES;SBFZ;SBRF;496,00;2
2002;4;NES;SBSV;SBRF;256,00;1
2002;4;NES;SBMQ;SBBE;171,00;10
2002;4;NES;SBBR;SBBH;218,00;1
2002;4;NES;SBSP;SBPS;293,00;14
2002;4;NES;SBRF;SBSV;326,00;13
2002;4;NES;SBBH;SBBR;226,00;1
2002;4;NES;SBRF;SBSV;79,00;461
2002;4;NES;SBSP;SBPS;242,00;234
2002;4;NES;SBSV;SBRF;169,00;229
2002;4;NES;SBSV;SBRF;204,00;29
2002;4;PEP;SBMQ;SBBE;135,92;14
2002;4;PEP;SBBE;SBMQ;139,25;2
2002;4;PEP;SBMQ;SBBE;119,59;1
2002;4;PEP;SBBE;SBMQ;143,51;13
2002;4;RSL;SBKP;SBRJ;202,00;26
2002;4;RSL;SBCT;SBKP;285,00;2
2002;4;RSL;SBSP;SBFL;97,00;470
2002;4;RSL;SBBH;SBBR;172,00;291
2002;4;RSL;SBBR;SBBH;403,00;148
2002;4;RSL;SBFL;SBPA;191,00;10
2002;4;RSL;SBSP;SBRP;398,00;8
2002;4;RSL;SBBR;SBGO;126,00;2
2002;4;RSL;SBRP;SBSP;285,00;90
2002;4;RSL;SBSP;SBBR;431,00;205
2002;4;RSL;SBFL;SBSP;242,00;9
2002;4;RSL;SBSP;SBCT;250,00;78
2002;4;RSL;SBBH;SBSP;132,00;1474
2002;4;RSL;SBRJ;SBVT;103,00;141
2002;4;RSL;SBCT;SBKP;263,00;107
2002;4;RSL;SBVT;SBSP;388,00;2
2002;4;RSL;SBSP;SBUL;249,00;34
2002;4;RSL;SBKP;SBRJ;195,00;220
2002;4;RSL;SBSP;SBCA;417,00;25
2002;4;RSL;SBSP;SBVT;388,00;5
2002;4;RSL;SBCT;SBRJ;177,00;118
2002;4;RSL;SBPA;SBKP;218,00;66
2002;4;RSL;SBRJ;SBBH;165,00;13
2002;4;RSL;SBBR;SBBH;376,00;7
2002;4;RSL;SBSP;SBCA;609,00;1
2002;4;RSL;SBSP;SBFL;250,00;70
2002;4;RSL;SBFL;SBRJ;207,00;22
2002;4;RSL;SBKP;SBPA;419,00;68
2002;4;RSL;SBBR;SBGO;162,00;192
2002;4;RSL;SBSP;SBBH;477,00;6
2002;4;RSL;SBSP;SBCT;229,00;113
2002;4;RSL;SBPA;SBSP;307,00;132
2002;4;RSL;SBVT;SBSP;617,00;1
2002;4;RSL;SBRJ;SBBR;307,00;335
2002;4;RSL;SBBH;SBRJ;151,00;84
2002;4;RSL;SBSP;SBBH;96,00;958
2002;4;RSL;SBVT;SBRJ;206,00;11
2002;4;RSL;SBKP;SBPA;519,00;32
2002;4;RSL;SBBR;SBRJ;426,00;397
2002;4;RSL;SBSP;SBGO;337,00;45
2002;4;RSL;SBRJ;SBFL;314,00;2
2002;4;RSL;SBUL;SBSP;324,00;262
2002;4;RSL;SBGO;SBSP;389,00;185
2002;4;RSL;SBSP;SBBR;504,00;949
2002;4;RSL;SBSP;SBPA;303,00;244
2002;4;RSL;SBSP;SBFL;347,00;111
2002;4;RSL;SBBH;SBRJ;193,00;22
2002;4;RSL;SBSP;SBCA;487,00;87
2002;4;RSL;SBBR;SBRJ;462,00;25
2002;4;RSL;SBBR;SBSP;197,00;287
2002;4;RSL;SBRJ;SBBH;68,00;437
2002;4;RSL;SBFL;SBPA;273,00;9
2002;4;RSL;SBPA;SBSP;638,00;1
2002;4;RSL;SBSP;SBRP;331,00;14
2002;4;RSL;SBFL;SBSP;417,00;365
2002;4;RSL;SBBR;SBBH;336,00;234
2002;4;RSL;SBFL;SBRJ;447,00;1
2002;4;RSL;SBBR;SBKP;501,00;18
2002;4;RSL;SBKP;SBCT;228,00;20
2002;4;RSL;SBBH;SBBR;291,00;10
2002;4;RSL;SBPA;SBSP;155,00;854
2002;4;RSL;SBNF;SBSP;228,00;57
2002;4;RSL;SBSP;SBGO;280,00;1012
2002;4;RSL;SBSP;SBUL;545,00;1
2002;4;RSL;SBRJ;SBVT;68,00;681
2002;4;RSL;SBNF;SBSP;202,00;62
2002;4;RSL;SBSP;SBFL;365,00;24
2002;4;RSL;SBBH;SBSP;99,00;1894
2002;4;RSL;SBCT;SBPA;422,00;169
2002;4;RSL;SBSP;SBKP;50,00;1
2002;4;RSL;SBRJ;SBPA;752,00;1
2002;4;RSL;SBRJ;SBKP;142,00;941
2002;4;RSL;SBSP;SBBR;470,00;76
2002;4;RSL;SBSP;SBCT;87,00;976
2002;4;RSL;SBBR;SBSP;470,00;54
2002;4;RSL;SBBR;SBSP;203,00;514
2002;4;RSL;SBPA;SBSP;511,00;925
2002;4;RSL;SBSP;SBVT;142,00;231
2002;4;RSL;SBSP;SBNF;208,00;82
2002;4;RSL;SBBR;SBBH;250,00;162
2002;4;RSL;SBBH;SBBR;403,00;176
2002;4;RSL;SBVT;SBRJ;414,00;1
2002;4;RSL;SBSP;SBPA;150,00;136
2002;4;RSL;SBGO;SBBR;130,00;19
2002;4;RSL;SBRJ;SBCT;183,00;115
2002;4;RSL;SBPA;SBFL;267,00;38
2002;4;RSL;SBRJ;SBBR;323,00;13
2002;4;RSL;SBSP;SBVT;617,00;1
2002;4;RSL;SBRJ;SBCT;277,00;13
2002;4;RSL;SBCT;SBKP;405,00;2
2002;4;RSL;SBBR;SBRJ;437,00;259
2002;4;RSL;SBCT;SBPA;369,00;7
2002;4;RSL;SBSP;SBBR;407,00;340
2002;4;RSL;SBRJ;SBBR;437,00;219
2002;4;RSL;SBPA;SBCT;287,00;5
2002;4;RSL;SBGO;SBBR;236,00;1
2002;4;RSL;SBNF;SBSP;201,00;832
2002;4;RSL;SBSP;SBCT;200,00;52
2002;4;RSL;SBVT;SBSP;400,00;10
2002;4;RSL;SBRP;SBSP;258,00;9
2002;4;RSL;SBBH;SBCT;433,00;2
2002;4;RSL;SBSP;SBFL;377,00;24
2002;4;RSL;SBRJ;SBKP;278,00;178
2002;4;RSL;SBBH;SBKP;219,00;10
2002;4;RSL;SBCT;SBRJ;374,00;66
2002;4;RSL;SBPA;SBCT;245,00;1
2002;4;RSL;SBBH;SBBR;376,00;22
2002;4;RSL;SBRJ;SBPA;366,00;19
2002;4;RSL;SBSP;SBCT;194,00;2
2002;4;RSL;SBKP;SBCT;131,00;67
2002;4;RSL;SBUL;SBSP;344,00;32
2002;4;RSL;SBCT;SBKP;131,00;232
2002;4;RSL;SBFL;SBSP;327,00;138
2002;4;RSL;SBSP;SBBR;303,00;296
2002;4;RSL;SBGO;SBSP;337,00;65
2002;4;RSL;SBBH;SBCT;175,00;156
2002;4;RSL;SBCT;SBRJ;462,00;109
2002;4;RSL;SBCT;SBSP;183,00;86
2002;4;RSL;SBBH;SBSP;261,00;21
2002;4;RSL;SBRJ;SBPA;483,00;2
2002;4;RSL;SBRJ;SBFL;324,00;2
2002;4;RSL;SBRJ;SBVT;427,00;1
2002;4;RSL;SBKP;SBBR;300,00;3
2002;4;RSL;SBSP;SBCT;80,00;246
2002;4;RSL;SBRJ;SBBR;167,00;262
2002;4;RSL;SBSP;SBCT;291,00;748
2002;4;RSL;SBRJ;SBVT;275,00;42
2002;4;RSL;SBSP;SBRP;224,00;423
2002;4;RSL;SBPA;SBSP;206,00;306
2002;4;RSL;SBBH;SBRJ;250,00;12
2002;4;RSL;SBSP;SBGO;400,00;30
2002;4;RSL;SBVT;SBSP;411,00;3
2002;4;RSL;SBRJ;SBVT;213,00;7
2002;4;RSL;SBPA;SBFL;328,00;46
2002;4;RSL;SBCT;SBSP;109,00;211
2002;4;RSL;SBBH;SBSP;223,00;128
2002;4;RSL;SBSP;SBFL;404,00;259
2002;4;RSL;SBCT;SBSP;200,00;10
2002;4;RSL;SBRJ;SBBR;369,00;21
2002;4;RSL;SBBR;SBKP;212,00;25
2002;4;RSL;SBRJ;SBCT;334,00;14
2002;4;RSL;SBGO;SBSP;377,00;116
2002;4;RSL;SBCT;SBSP;169,00;130
2002;4;RSL;SBRJ;SBVT;171,00;45
2002;4;RSL;SBRJ;SBCT;578,00;5
2002;4;RSL;SBPA;SBKP;469,00;2
2002;4;RSL;SBVT;SBRJ;341,00;604
2002;4;RSL;SBCT;SBSP;106,00;151
2002;4;RSL;SBFL;SBSP;258,00;136
2002;4;RSL;SBKP;SBCT;195,00;100
2002;4;RSL;SBFL;SBRJ;461,00;11
2002;4;RSL;SBRJ;SBBH;258,00;10
2002;4;RSL;SBCT;SBKP;195,00;122
2002;4;RSL;SBPA;SBCT;510,00;1
2002;4;RSL;SBVT;SBSP;246,00;17
2002;4;RSL;SBCT;SBPA;526,00;3
2002;4;RSL;SBBH;SBSP;128,00;914
2002;4;RSL;SBSP;SBNF;278,00;59
2002;4;RSL;SBGO;SBBR;197,00;10
2002;4;RSL;SBKP;SBBH;173,00;189
2002;4;RSL;SBPA;SBFL;273,00;1
2002;4;RSL;SBKP;SBSP;120,00;7
2002;4;RSL;SBSP;SBRP;246,00;27
2002;4;RSL;SBSP;SBFL;417,00;287
2002;4;RSL;SBSP;SBUL;562,00;48
2002;4;RSL;SBSP;SBCA;441,00;56
2002;4;RSL;SBKP;SBCT;203,00;14
2002;4;RSL;SBFL;SBSP;358,00;137
2002;4;RSL;SBKP;SBBH;219,00;4
2002;4;RSL;SBBR;SBSP;455,00;34
2002;4;RSL;SBKP;SBSP;109,00;112
2002;4;RSL;SBSP;SBCT;98,00;1264
2002;4;RSL;SBVT;SBRJ;171,00;42
2002;4;RSL;SBNF;SBSP;194,00;48
2002;4;RSL;SBRJ;SBVT;330,00;515
2002;4;RSL;SBSP;SBPA;495,00;775
2002;4;RSL;SBKP;SBSP;131,00;54
2002;4;RSL;SBKP;SBSP;52,00;38
2002;4;RSL;SBVT;SBSP;238,00;15
2002;4;RSL;SBCT;SBBH;409,00;4
2002;4;RSL;SBBR;SBKP;485,00;9
2002;4;RSL;SBSP;SBCT;362,00;3
2002;4;RSL;SBFL;SBRJ;421,00;3
2002;4;RSL;SBVT;SBSP;365,00;11
2002;4;RSL;SBSP;SBGO;298,00;31
2002;4;RSL;SBKP;SBBR;291,00;6
2002;4;RSL;SBBR;SBRJ;98,00;8
2002;4;RSL;SBBR;SBBH;172,00;252
2002;4;RSL;SBCT;SBKP;271,00;35
2002;4;RSL;SBKP;SBPA;430,00;16
2002;4;RSL;SBPA;SBSP;423,00;184
2002;4;RSL;SBKP;SBBR;392,00;2
2002;4;RSL;SBKP;SBBH;220,00;65
2002;4;RSL;SBSP;SBNF;294,00;7
2002;4;RSL;SBKP;SBPA;469,00;3
2002;4;RSL;SBPA;SBFL;121,00;50
2002;4;RSL;SBVT;SBRJ;239,00;116
2002;4;RSL;SBRJ;SBBH;250,00;10
2002;4;RSL;SBCT;SBRJ;144,00;398
2002;4;RSL;SBGO;SBSP;467,00;159
2002;4;RSL;SBGO;SBSP;482,00;212
2002;4;RSL;SBSP;SBKP;114,00;6
2002;4;RSL;SBSP;SBNF;228,00;132
2002;4;RSL;SBFL;SBSP;147,00;242
2002;4;RSL;SBSP;SBUL;241,00;52
2002;4;RSL;SBCT;SBSP;282,00;416
2002;4;RSL;SBFL;SBSP;97,00;543
2002;4;RSL;SBKP;SBBR;501,00;9
2002;4;RSL;SBPA;SBFL;197,00;12
2002;4;RSL;SBBH;SBCT;458,00;2
2002;4;RSL;SBBH;SBRJ;279,00;1068
2002;4;RSL;SBUL;SBSP;389,00;56
2002;4;RSL;SBBH;SBRJ;217,00;26
2002;4;RSL;SBBR;SBBH;291,00;14
2002;4;RSL;SBKP;SBBR;453,00;1
2002;4;RSL;SBBR;SBRJ;172,00;516
2002;4;RSL;SBBR;SBBH;242,00;69
2002;4;RSL;SBNF;SBSP;417,00;4
2002;4;RSL;SBSP;SBFL;327,00;99
2002;4;RSL;SBKP;SBPA;225,00;116
2002;4;RSL;SBSP;SBBR;445,00;256
2002;4;RSL;SBSP;SBFL;152,00;272
2002;4;RSL;SBBR;SBRJ;358,00;6
2002;4;RSL;SBBR;SBRJ;101,00;333
2002;4;RSL;SBUL;SBSP;333,00;10
2002;4;RSL;SBSP;SBCT;177,00;3
2002;4;RSL;SBSP;SBBR;319,00;12
2002;4;RSL;SBKP;SBSP;157,00;51
2002;4;RSL;SBSP;SBCT;183,00;44
2002;4;RSL;SBBH;SBRJ;210,00;19
2002;4;RSL;SBSP;SBFL;135,00;381
2002;4;RSL;SBVT;SBRJ;79,00;533
2002;4;RSL;SBKP;SBCT;294,00;10
2002;4;RSL;SBBR;SBGO;276,00;2
2002;4;RSL;SBKP;SBCT;392,00;3
2002;4;RSL;SBKP;SBRJ;263,00;198
2002;4;RSL;SBKP;SBRJ;96,00;9
2002;4;RSL;SBSP;SBVT;118,00;1139
2002;4;RSL;SBRJ;SBCT;418,00;2
2002;4;RSL;SBBH;SBRJ;146,00;39
2002;4;RSL;SBSP;SBNF;153,00;144
2002;4;RSL;SBSP;SBUL;324,00;329
2002;4;RSL;SBRJ;SBCT;462,00;121
2002;4;RSL;SBSP;SBVT;238,00;26
2002;4;RSL;SBFL;SBRJ;196,00;126
2002;4;RSL;SBSP;SBVT;173,00;38
2002;4;RSL;SBSP;SBVT;286,00;22
2002;4;RSL;SBVT;SBSP;168,00;34
2002;4;RSL;SBSP;SBPA;313,00;225
2002;4;RSL;SBBR;SBBH;346,00;31
2002;4;RSL;SBRJ;SBKP;195,00;208
2002;4;RSL;SBRJ;SBBH;217,00;42
2002;4;RSL;SBSP;SBFL;337,00;153
2002;4;RSL;SBSP;SBCT;255,00;6
2002;4;RSL;SBRP;SBSP;224,00;378
2002;4;RSL;SBRJ;SBKP;72,00;687
2002;4;RSL;SBRJ;SBBR;658,00;6
2002;4;RSL;SBBH;SBCT;245,00;53
2002;4;RSL;SBGO;SBSP;413,00;39
2002;4;RSL;SBCT;SBPA;332,00;35
2002;4;RSL;SBRJ;SBBR;477,00;32
2002;4;RSL;SBUL;SBSP;562,00;33
2002;4;RSL;SBRJ;SBBH;193,00;14
2002;4;RSL;SBBH;SBKP;342,00;1
2002;4;RSL;SBBR;SBBH;136,00;523
2002;4;RSL;SBBR;SBBH;110,00;982
2002;4;RSL;SBSP;SBBH;301,00;166
2002;4;RSL;SBGO;SBSP;298,00;98
2002;4;RSL;SBBR;SBKP;300,00;2
2002;4;RSL;SBSP;SBNF;235,00;122
2002;4;RSL;SBSP;SBPA;511,00;801
2002;4;RSL;SBNF;SBSP;287,00;91
2002;4;RSL;SBKP;SBCT;125,00;416
2002;4;RSL;SBBR;SBBH;257,00;32
2002;4;RSL;SBSP;SBBR;420,00;349
2002;4;RSL;SBBH;SBCT;507,00;8
2002;4;RSL;SBRJ;SBVT;283,00;5
2002;4;RSL;SBBH;SBSP;230,00;224
2002;4;RSL;SBGO;SBBR;167,00;51
2002;4;RSL;SBBH;SBKP;213,00;32
2002;4;RSL;SBRJ;SBFL;190,00;30
2002;4;RSL;SBCT;SBKP;255,00;75
2002;4;RSL;SBRJ;SBKP;68,00;9
2002;4;RSL;SBSP;SBNF;287,00;97
2002;4;RSL;SBSP;SBPA;618,00;2
2002;4;RSL;SBRJ;SBBH;117,00;179
2002;4;RSL;SBSP;SBCA;455,00;55
2002;4;RSL;SBRJ;SBBH;98,00;1297
2002;4;RSL;SBBH;SBBR;242,00;80
2002;4;RSL;SBPA;SBFL;191,00;8
2002;4;RSL;SBBH;SBRJ;185,00;54
2002;4;RSL;SBCT;SBSP;242,00;11
2002;4;RSL;SBPA;SBRJ;618,00;5
2002;4;RSL;SBRJ;SBCT;144,00;395
2002;4;RSL;SBSP;SBBH;237,00;106
2002;4;RSL;SBCT;SBPA;351,00;32
2002;4;RSL;SBRJ;SBBR;317,00;214
2002;4;RSL;SBFL;SBRJ;434,00;13
2002;4;RSL;SBSP;SBBR;650,00;6
2002;4;RSL;SBKP;SBRJ;228,00;25
2002;4;RSL;SBSP;SBFL;243,00;55
2002;4;RSL;SBRJ;SBBH;121,00;219
2002;4;RSL;SBSP;SBVT;365,00;20
2002;4;RSL;SBBR;SBSP;431,00;209
2002;4;RSL;SBPA;SBFL;282,00;10
2002;4;RSL;SBPA;SBRJ;599,00;9
2002;4;RSL;SBSP;SBKP;162,00;5
2002;4;RSL;SBSP;SBBR;150,00;881
2002;4;RSL;SBRJ;SBKP;421,00;2
2002;4;RSL;SBSP;SBFL;139,00;300
2002;4;RSL;SBSP;SBKP;189,00;3
2002;4;RSL;SBGO;SBSP;280,00;793
2002;4;RSL;SBBR;SBGO;197,00;47
2002;4;RSL;SBBR;SBKP;405,00;9
2002;4;RSL;SBSP;SBFL;242,00;27
2002;4;RSL;SBSP;SBFL;251,00;50
2002;4;RSL;SBKP;SBPA;406,00;30
2002;4;RSL;SBBH;SBRJ;258,00;9
2002;4;RSL;SBBR;SBRJ;413,00;226
2002;4;RSL;SBVT;SBSP;477,00;82
2002;4;RSL;SBBH;SBSP;347,00;16
2002;4;RSL;SBSP;SBBH;269,00;49
2002;4;RSL;SBVT;SBRJ;275,00;36
2002;4;RSL;SBBH;SBKP;312,00;1
2002;4;RSL;SBRJ;SBBH;191,00;134
2002;4;RSL;SBBH;SBRJ;160,00;4
2002;4;RSL;SBKP;SBPA;503,00;26
2002;4;RSL;SBRJ;SBBR;451,00;242
2002;4;RSL;SBSP;SBCA;503,00;54
2002;4;RSL;SBCT;SBKP;125,00;502
2002;4;RSL;SBPA;SBSP;495,00;660
2002;4;RSL;SBSP;SBCT;106,00;140
2002;4;RSL;SBUL;SBSP;545,00;6
2002;4;RSL;SBSP;SBBH;347,00;9
2002;4;RSL;SBNF;SBSP;153,00;188
2002;4;RSL;SBNF;SBSP;271,00;165
2002;4;RSL;SBCT;SBSP;194,00;6
2002;4;RSL;SBBR;SBGO;167,00;170
2002;4;RSL;SBSP;SBGO;422,00;4
2002;4;RSL;SBSP;SBGO;389,00;190
2002;4;RSL;SBPA;SBSP;200,00;90
2002;4;RSL;SBPA;SBSP;437,00;235
2002;4;RSL;SBSP;SBGO;467,00;169
2002;4;RSL;SBPA;SBCT;343,00;64
2002;4;RSL;SBSP;SBPA;206,00;518
2002;4;RSL;SBFL;SBSP;365,00;22
2002;4;RSL;SBCT;SBPA;296,00;8
2002;4;RSL;SBBR;SBKP;392,00;5
2002;4;RSL;SBNF;SBSP;263,00;146
2002;4;RSL;SBCT;SBBH;433,00;1
2002;4;RSL;SBFL;SBSP;337,00;134
2002;4;RSL;SBRJ;SBKP;325,00;366
2002;4;RSL;SBKP;SBBR;485,00;6
2002;4;RSL;SBBH;SBBR;520,00;1
2002;4;RSL;SBSP;SBRP;250,00;10
2002;4;RSL;SBRJ;SBCT;386,00;58
2002;4;RSL;SBBH;SBCT;237,00;18
2002;4;RSL;SBKP;SBSP;161,00;1
2002;4;RSL;SBPA;SBSP;313,00;200
2002;4;RSL;SBBR;SBSP;650,00;8
2002;4;RSL;SBSP;SBNF;194,00;42
2002;4;RSL;SBCT;SBBH;447,00;3
2002;4;RSL;SBCT;SBKP;127,00;252
2002;4;RSL;SBKP;SBBH;226,00;41
2002;4;RSL;SBPA;SBFL;79,00;249
2002;4;RSL;SBFL;SBSP;283,00;38
2002;4;RSL;SBSP;SBKP;157,00;2
2002;4;RSL;SBRJ;SBBR;172,00;519
2002;4;RSL;SBRP;SBSP;386,00;13
2002;4;RSL;SBSP;SBVT;294,00;6
2002;4;RSL;SBCT;SBRJ;431,00;2
2002;4;RSL;SBSP;SBBR;455,00;57
2002;4;RSL;SBRJ;SBKP;147,00;656
2002;4;RSL;SBCT;SBPA;144,00;190
2002;4;RSL;SBRJ;SBBH;210,00;33
2002;4;RSL;SBPA;SBCT;409,00;83
2002;4;RSL;SBKP;SBBH;322,00;16
2002;4;RSL;SBSP;SBUL;401,00;113
2002;4;RSL;SBSP;SBCA;584,00;1
2002;4;RSL;SBGO;SBSP;400,00;16
2002;4;RSL;SBBH;SBKP;295,00;6
2002;4;RSL;SBSP;SBUL;344,00;10
2002;4;RSL;SBKP;SBSP;118,00;9
2002;4;RSL;SBRJ;SBPA;255,00;11
2002;4;RSL;SBBH;SBBR;346,00;62
2002;4;RSL;SBKP;SBRJ;271,00;229
2002;4;RSL;SBBH;SBSP;477,00;3
2002;4;RSL;SBVT;SBSP;138,00;242
2002;4;RSL;SBGO;SBBR;244,00;13
2002;4;RSL;SBRJ;SBKP;303,00;3
2002;4;RSL;SBBR;SBRJ;369,00;19
2002;4;RSL;SBPA;SBCT;140,00;132
2002;4;RSL;SBBH;SBBR;357,00;69
2002;4;RSL;SBBH;SBBR;364,00;11
2002;4;RSL;SBSP;SBPA;307,00;81
2002;4;RSL;SBCT;SBRJ;408,00;34
2002;4;RSL;SBRJ;SBBH;398,00;1
2002;4;RSL;SBBH;SBKP;364,00;35
2002;4;RSL;SBPA;SBFL;318,00;22
2002;4;RSL;SBSP;SBBH;159,00;404
2002;4;RSL;SBRJ;SBKP;434,00;2
2002;4;RSL;SBSP;SBFL;147,00;444
2002;4;RSL;SBSP;SBVT;168,00;65
2002;4;RSL;SBVT;SBSP;142,00;293
2002;4;RSL;SBRJ;SBKP;335,00;497
2002;4;RSL;SBPA;SBSP;303,00;194
2002;4;RSL;SBBR;SBGO;244,00;36
2002;4;RSL;SBNF;SBSP;404,00;2
2002;4;RSL;SBSP;SBVT;246,00;19
2002;4;RSL;SBBH;SBKP;263,00;18
2002;4;RSL;SBKP;SBCT;405,00;2
2002;4;RSL;SBKP;SBRJ;294,00;4
2002;4;RSL;SBBH;SBRJ;95,00;1310
2002;4;RSL;SBPA;SBKP;454,00;1
2002;4;RSL;SBVT;SBRJ;70,00;1464
2002;4;RSL;SBBR;SBSP;630,00;6
2002;4;RSL;SBCT;SBPA;381,00;22
2002;4;RSL;SBVT;SBRJ;427,00;3
2002;4;RSL;SBRP;SBSP;250,00;1
2002;4;RSL;SBBR;SBGO;175,00;14
2002;4;RSL;SBPA;SBFL;397,00;2
2002;4;RSL;SBBH;SBKP;173,00;289
2002;4;RSL;SBSP;SBVT;297,00;6
2002;4;RSL;SBVT;SBSP;288,00;1
2002;4;RSL;SBSP;SBBH;372,00;1325
2002;4;RSL;SBCT;SBRJ;286,00;34
2002;4;RSL;SBCT;SBRJ;140,00;235
2002;4;RSL;SBBR;SBSP;170,00;1395
2002;4;RSL;SBRJ;SBBH;151,00;60
2002;4;RSL;SBRJ;SBKP;263,00;142
2002;4;RSL;SBRJ;SBBR;144,00;1164
2002;4;RSL;SBRP;SBSP;398,00;4
2002;4;RSL;SBKP;SBRJ;201,00;197
2002;4;RSL;SBKP;SBSP;124,00;3
2002;4;RSL;SBFL;SBPA;267,00;25
2002;4;RSL;SBRJ;SBVT;414,00;2
2002;4;RSL;SBFL;SBSP;250,00;33
2002;4;RSL;SBBR;SBGO;203,00;53
2002;4;RSL;SBRJ;SBPA;498,00;1
2002;4;RSL;SBPA;SBKP;519,00;19
2002;4;RSL;SBKP;SBBH;353,00;1
2002;4;RSL;SBSP;SBPA;248,00;948
2002;4;RSL;SBCT;SBPA;254,00;122
2002;4;RSL;SBSP;SBBR;364,00;23
2002;4;RSL;SBCT;SBPA;287,00;2
2002;4;RSL;SBUL;SBSP;352,00;3
2002;4;RSL;SBSP;SBFL;520,00;1
2002;4;RSL;SBSP;SBCA;394,00;32
2002;4;RSL;SBSP;SBBR;145,00;413
2002;4;RSL;SBCT;SBKP;294,00;7
2002;4;RSL;SBPA;SBSP;447,00;31
2002;4;RSL;SBSP;SBBR;630,00;4
2002;4;RSL;SBCT;SBKP;325,00;214
2002;4;RSL;SBFL;SBSP;139,00;340
2002;4;RSL;SBKP;SBPA;444,00;31
2002;4;RSL;SBPA;SBCT;362,00;27
2002;4;RSL;SBPA;SBSP;347,00;12
2002;4;RSL;SBPA;SBCT;422,00;168
2002;4;RSL;SBSP;SBRP;342,00;27
2002;4;RSL;SBCT;SBRJ;277,00;34
2002;4;RSL;SBSP;SBBR;165,00;1159
2002;4;RSL;SBCT;SBBH;422,00;7
2002;4;RSL;SBSP;SBCA;430,00;25
2002;4;RSL;SBRJ;SBBR;140,00;778
2002;4;RSL;SBCT;SBBH;304,00;2
2002;4;RSL;SBCT;SBKP;315,00;113
2002;4;RSL;SBCT;SBKP;392,00;1
2002;4;RSL;SBCT;SBPA;109,00;62
2002;4;RSL;SBSP;SBFL;358,00;98
2002;4;RSL;SBPA;SBRJ;255,00;4
2002;4;RSL;SBBH;SBRJ;191,00;97
2002;4;RSL;SBKP;SBBH;304,00;2
2002;4;RSL;SBSP;SBCA;603,00;3
2002;4;RSL;SBVT;SBSP;424,00;2
2002;4;RSL;SBCT;SBSP;229,00;162
2002;4;RSL;SBSP;SBBR;313,00;262
2002;4;RSL;SBRJ;SBCT;140,00;255
2002;4;RSL;SBRP;SBSP;246,00;19
2002;4;RSL;SBRJ;SBKP;271,00;189
2002;4;RSL;SBBR;SBRJ;451,00;369
2002;4;RSL;SBSP;SBNF;263,00;112
2002;4;RSL;SBCT;SBBH;507,00;2
2002;4;RSL;SBRJ;SBFL;196,00;111
2002;4;RSL;SBKP;SBSP;70,00;1
2002;4;RSL;SBBH;SBSP;159,00;314
2002;4;RSL;SBKP;SBSP;112,00;56
2002;4;RSL;SBBR;SBSP;504,00;1038
2002;4;RSL;SBBH;SBSP;372,00;959
2002;4;RSL;SBSP;SBCT;236,00;157
2002;4;RSL;SBCT;SBRJ;395,00;33
2002;4;RSL;SBSP;SBCA;292,00;1
2002;4;RSL;SBKP;SBRJ;99,00;232
2002;4;RSL;SBRJ;SBBR;527,00;1307
2002;4;RSL;SBSP;SBPA;240,00;1745
2002;4;RSL;SBSP;SBBH;99,00;1833
2002;4;RSL;SBRJ;SBFL;214,00;8
2002;4;RSL;SBRJ;SBBH;199,00;24
2002;4;RSL;SBSP;SBPA;400,00;370
2002;4;RSL;SBRJ;SBCT;395,00;50
2002;4;RSL;SBCT;SBPA;140,00;270
2002;4;RSL;SBSP;SBUL;314,00;266
2002;4;RSL;SBSP;SBCT;109,00;233
2002;4;RSL;SBCT;SBKP;189,00;105
2002;4;RSL;SBBR;SBRJ;167,00;409
2002;4;RSL;SBRJ;SBVT;232,00;61
2002;4;RSL;SBKP;SBBR;205,00;10
2002;4;RSL;SBKP;SBCT;255,00;85
2002;4;RSL;SBFL;SBPA;82,00;383
2002;4;RSL;SBPA;SBSP;413,00;412
2002;4;RSL;SBRJ;SBVT;341,00;713
2002;4;RSL;SBKP;SBSP;135,00;37
2002;4;RSL;SBGO;SBSP;289,00;1002
2002;4;RSL;SBSP;SBGO;482,00;235
2002;4;RSL;SBRJ;SBPA;372,00;3
2002;4;RSL;SBSP;SBRP;258,00;19
2002;4;RSL;SBRP;SBSP;179,00;15
2002;4;RSL;SBCT;SBKP;280,00;49
2002;4;RSL;SBFL;SBPA;259,00;12
2002;4;RSL;SBPA;SBKP;444,00;14
2002;4;RSL;SBPA;SBKP;312,00;40
2002;4;RSL;SBBH;SBBR;110,00;827
2002;4;RSL;SBBH;SBSP;336,00;11
2002;4;RSL;SBSP;SBGO;377,00;166
2002;4;RSL;SBBR;SBBH;364,00;6
2002;4;RSL;SBSP;SBFL;292,00;40
2002;4;RSL;SBCT;SBBH;170,00;28
2002;4;RSL;SBCT;SBSP;236,00;215
2002;4;RSL;SBNF;SBSP;303,00;17
2002;4;RSL;SBFL;SBSP;135,00;526
2002;4;RSL;SBVT;SBRJ;198,00;4
2002;4;RSL;SBRJ;SBFL;207,00;2
2002;4;RSL;SBKP;SBCT;121,00;178
2002;4;RSL;SBBH;SBSP;462,00;3
2002;4;RSL;SBRJ;SBPA;224,00;34
2002;4;RSL;SBCT;SBSP;263,00;14
2002;4;RSL;SBKP;SBRJ;72,00;644
2002;4;RSL;SBSP;SBVT;424,00;4
2002;4;RSL;SBNF;SBSP;208,00;96
2002;4;RSL;SBRJ;SBPA;599,00;14
2002;4;RSL;SBPA;SBSP;248,00;960
2002;4;RSL;SBFL;SBSP;404,00;338
2002;4;RSL;SBCT;SBPA;112,00;374
2002;4;RSL;SBRJ;SBBR;511,00;784
2002;4;RSL;SBSP;SBRP;276,00;117
2002;4;RSL;SBPA;SBKP;503,00;13
2002;4;RSL;SBBH;SBSP;384,00;1663
2002;4;RSL;SBFL;SBPA;121,00;31
2002;4;RSL;SBSP;SBFL;94,00;62
2002;4;RSL;SBBH;SBBR;282,00;7
2002;4;RSL;SBPA;SBFL;117,00;61
2002;4;RSL;SBBH;SBBR;416,00;254
2002;4;RSL;SBPA;SBCT;526,00;4
2002;4;RSL;SBRJ;SBKP;201,00;69
2002;4;RSL;SBSP;SBCT;263,00;9
2002;4;RSL;SBRJ;SBPA;359,00;8
2002;4;RSL;SBCT;SBSP;98,00;1292
2002;4;RSL;SBKP;SBSP;93,00;32
2002;4;RSL;SBBR;SBBH;357,00;41
2002;4;RSL;SBCT;SBPA;246,00;56
2002;4;RSL;SBBR;SBRJ;307,00;234
2002;4;RSL;SBGO;SBSP;605,00;2
2002;4;RSL;SBCT;SBSP;362,00;4
2002;4;RSL;SBKP;SBBH;376,00;8
2002;4;RSL;SBSP;SBRP;231,00;621
2002;4;RSL;SBSP;SBGO;289,00;1006
2002;4;RSL;SBFL;SBPA;318,00;28
2002;4;RSL;SBRJ;SBBR;638,00;5
2002;4;RSL;SBFL;SBSP;504,00;13
2002;4;RSL;SBSP;SBNF;303,00;3
2002;4;RSL;SBSP;SBRP;285,00;157
2002;4;RSL;SBBH;SBSP;96,00;908
2002;4;RSL;SBPA;SBKP;225,00;68
2002;4;RSL;SBBR;SBBH;416,00;413
2002;4;RSL;SBBR;SBSP;520,00;1261
2002;4;RSL;SBSP;SBNF;271,00;155
2002;4;RSL;SBGO;SBBR;162,00;23
2002;4;RSL;SBCT;SBBH;523,00;6
2002;4;RSL;SBRJ;SBCT;177,00;65
2002;4;RSL;SBVT;SBRJ;283,00;5
2002;4;RSL;SBSP;SBFL;283,00;40
2002;4;RSL;SBBR;SBKP;428,00;1
2002;4;RSL;SBSP;SBUL;363,00;6
2002;4;RSL;SBRJ;SBBR;313,00;7
2002;4;RSL;SBBH;SBKP;304,00;15
2002;4;RSL;SBBH;SBBR;336,00;223
2002;4;RSL;SBRJ;SBCT;374,00;45
2002;4;RSL;SBBR;SBRJ;658,00;4
2002;4;RSL;SBBR;SBSP;420,00;411
2002;4;RSL;SBRJ;SBKP;228,00;40
2002;4;RSL;SBSP;SBVT;492,00;91
2002;4;RSL;SBRJ;SBBR;101,00;250
2002;4;RSL;SBRJ;SBBH;95,00;1625
2002;4;RSL;SBPA;SBKP;309,00;6
2002;4;RSL;SBBR;SBSP;150,00;1060
2002;4;RSL;SBCT;SBKP;121,00;239
2002;4;RSL;SBPA;SBRJ;372,00;1
2002;4;RSL;SBGO;SBSP;327,00;55
2002;4;RSL;SBKP;SBRJ;335,00;493
2002;4;RSL;SBPA;SBKP;406,00;41
2002;4;RSL;SBBR;SBGO;252,00;2
2002;4;RSL;SBSP;SBUL;333,00;17
2002;4;RSL;SBSP;SBVT;303,00;36
2002;4;RSL;SBPA;SBCT;252,00;14
2002;4;RSL;SBSP;SBBR;302,00;2
2002;4;RSL;SBUL;SBSP;233,00;3
2002;4;RSL;SBKP;SBCT;221,00;11
2002;4;RSL;SBPA;SBCT;381,00;17
2002;4;RSL;SBSP;SBBR;197,00;272
2002;4;RSL;SBFL;SBPA;197,00;29
2002;4;RSL;SBFL;SBSP;251,00;130
2002;4;RSL;SBFL;SBRJ;523,00;1
2002;4;RSL;SBUL;SBSP;401,00;83
2002;4;RSL;SBRJ;SBKP;202,00;56
2002;4;RSL;SBVT;SBRJ;266,00;38
2002;4;RSL;SBCT;SBSP;174,00;94
2002;4;RSL;SBRJ;SBFL;540,00;10
2002;4;RSL;SBPA;SBRJ;360,00;8
2002;4;RSL;SBRJ;SBVT;100,00;98
2002;4;RSL;SBPA;SBSP;240,00;1402
2002;4;RSL;SBSP;SBKP;72,00;29
2002;4;RSL;SBSP;SBVT;288,00;2
2002;4;RSL;SBRJ;SBPA;512,00;10
2002;4;RSL;SBBR;SBGO;130,00;13
2002;4;RSL;SBCT;SBRJ;183,00;136
2002;4;RSL;SBRJ;SBCT;477,00;199
2002;4;RSL;SBRJ;SBKP;294,00;4
2002;4;RSL;SBRJ;SBBR;413,00;304
2002;4;RSL;SBBR;SBGO;170,00;14
2002;4;RSL;SBFL;SBSP;243,00;104
2002;4;RSL;SBVT;SBRJ;232,00;82
2002;4;RSL;SBNF;SBSP;325,00;179
2002;4;RSL;SBKP;SBRJ;208,00;8
2002;4;RSL;SBPA;SBCT;296,00;10
2002;4;RSL;SBRJ;SBBR;98,00;9
2002;4;RSL;SBCT;SBPA;343,00;73
2002;4;RSL;SBBR;SBRJ;317,00;360
2002;4;RSL;SBBR;SBGO;118,00;2
2002;4;RSL;SBBR;SBRJ;323,00;29
2002;4;RSL;SBSP;SBUL;389,00;62
2002;4;RSL;SBKP;SBSP;183,00;9
2002;4;RSL;SBKP;SBBH;312,00;9
2002;4;RSL;SBCT;SBPA;510,00;5
2002;4;RSL;SBCT;SBBH;245,00;12
2002;4;RSL;SBKP;SBCT;280,00;75
2002;4;RSL;SBFL;SBRJ;214,00;31
2002;4;RSL;SBKP;SBBR;405,00;1
2002;4;RSL;SBRJ;SBKP;287,00;106
2002;4;RSL;SBPA;SBCT;144,00;198
2002;4;RSL;SBBR;SBKP;415,00;5
2002;4;RSL;SBRJ;SBKP;235,00;65
2002;4;RSL;SBRJ;SBVT;82,00;792
2002;4;RSL;SBSP;SBCT;95,00;1249
2002;4;RSL;SBSP;SBPA;358,00;31
2002;4;RSL;SBCT;SBSP;291,00;782
2002;4;RSL;SBSP;SBVT;400,00;9
2002;4;RSL;SBBH;SBBR;250,00;153
2002;4;RSL;SBFL;SBPA;328,00;48
2002;4;RSL;SBBH;SBRJ;288,00;1530
2002;4;RSL;SBKP;SBBR;415,00;1
2002;4;RSL;SBCT;SBSP;250,00;107
2002;4;RSL;SBUL;SBSP;467,00;14
2002;4;RSL;SBRJ;SBBH;160,00;13
2002;4;RSL;SBPA;SBFL;82,00;369
2002;4;RSL;SBSP;SBBH;128,00;838
2002;4;RSL;SBBH;SBBR;136,00;404
2002;4;RSL;SBBH;SBCT;170,00;68
2002;4;RSL;SBRJ;SBBH;288,00;1523
2002;4;RSL;SBCT;SBPA;362,00;36
2002;4;RSL;SBKP;SBPA;312,00;11
2002;4;RSL;SBSP;SBGO;413,00;33
2002;4;RSL;SBRJ;SBFL;523,00;7
2002;4;RSL;SBPA;SBCT;332,00;18
2002;4;RSL;SBBH;SBCT;447,00;1
2002;4;RSL;SBVT;SBSP;377,00;30
2002;4;RSL;SBRJ;SBVT;266,00;59
2002;4;RSL;SBPA;SBSP;297,00;155
2002;4;RSL;SBBH;SBKP;220,00;58
2002;4;RSL;SBSP;SBUL;352,00;3
2002;4;RSL;SBSP;SBBH;132,00;1228
2002;4;RSL;SBSP;SBBH;311,00;229
2002;4;RSL;SBRJ;SBVT;206,00;1
2002;4;RSL;SBFL;SBSP;520,00;2
2002;4;RSL;SBBR;SBBH;520,00;3
2002;4;RSL;SBSP;SBBH;230,00;256
2002;4;RSL;SBKP;SBPA;218,00;65
2002;4;RSL;SBRJ;SBVT;198,00;9
2002;4;RSL;SBKP;SBCT;271,00;147
2002;4;RSL;SBSP;SBBR;170,00;1259
2002;4;RSL;SBVT;SBRJ;330,00;466
2002;4;RSL;SBKP;SBBR;428,00;6
2002;4;RSL;SBSP;SBFL;258,00;136
2002;4;RSL;SBCT;SBSP;95,00;144
2002;4;RSL;SBSP;SBPA;423,00;216
2002;4;RSL;SBFL;SBSP;292,00;26
2002;4;RSL;SBBR;SBRJ;140,00;911
2002;4;RSL;SBRJ;SBVT;239,00;87
2002;4;RSL;SBSP;SBKP;118,00;4
2002;4;RSL;SBRJ;SBPA;528,00;13
2002;4;RSL;SBSP;SBVT;377,00;45
2002;4;RSL;SBCT;SBRJ;386,00;74
2002;4;RSL;SBRP;SBSP;342,00;27
2002;4;RSL;SBSP;SBCT;174,00;73
2002;4;RSL;SBBH;SBKP;376,00;47
2002;4;RSL;SBVT;SBRJ;100,00;109
2002;4;RSL;SBFL;SBRJ;324,00;8
2002;4;RSL;SBVT;SBRJ;166,00;41
2002;4;RSL;SBKP;SBRJ;421,00;1
2002;4;RSL;SBRJ;SBBH;386,00;1
2002;4;RSL;SBSP;SBNF;202,00;109
2002;4;RSL;SBFL;SBSP;94,00;89
2002;4;RSL;SBKP;SBCT;325,00;244
2002;4;RSL;SBRP;SBSP;276,00;40
2002;4;RSL;SBSP;SBBR;353,00;22
2002;4;RSL;SBRJ;SBBH;185,00;81
2002;4;RSL;SBSP;SBKP;183,00;2
2002;4;RSL;SBPA;SBCT;254,00;143
2002;4;RSL;SBSP;SBPA;347,00;14
2002;4;RSL;SBFL;SBPA;230,00;1
2002;4;RSL;SBKP;SBRJ;303,00;3
2002;4;RSL;SBPA;SBKP;430,00;11
2002;4;RSL;SBSP;SBBH;336,00;11
2002;4;RSL;SBBH;SBRJ;68,00;349
2002;4;RSL;SBUL;SBSP;482,00;4
2002;4;RSL;SBCT;SBKP;203,00;2
2002;4;RSL;SBSP;SBVT;138,00;343
2002;4;RSL;SBSP;SBVT;411,00;1
2002;4;RSL;SBVT;SBSP;173,00;69
2002;4;RSL;SBUL;SBSP;503,00;2
2002;4;RSL;SBSP;SBBR;203,00;308
2002;4;RSL;SBBH;SBRJ;165,00;4
2002;4;RSL;SBBR;SBSP;313,00;189
2002;4;RSL;SBBH;SBSP;164,00;413
2002;4;RSL;SBFL;SBRJ;314,00;7
2002;4;RSL;SBSP;SBBH;223,00;151
2002;4;RSL;SBSP;SBPA;447,00;14
2002;4;RSL;SBSP;SBPA;437,00;268
2002;4;RSL;SBKP;SBBH;364,00;11
2002;4;RSL;SBRJ;SBVT;79,00;656
2002;4;RSL;SBPA;SBSP;358,00;32
2002;4;RSL;SBSP;SBKP;90,00;8
2002;4;RSL;SBBR;SBGO;179,00;3
2002;4;RSL;SBBR;SBGO;236,00;25
2002;4;RSL;SBBH;SBSP;269,00;57
2002;4;RSL;SBKP;SBRJ;235,00;29
2002;4;RSL;SBSP;SBGO;327,00;65
2002;4;RSL;SBPA;SBCT;351,00;11
2002;4;RSL;SBBH;SBKP;353,00;1
2002;4;RSL;SBVT;SBRJ;213,00;47
2002;4;RSL;SBBH;SBSP;319,00;37
2002;4;RSL;SBSP;SBNF;417,00;6
2002;4;RSL;SBRJ;SBBH;146,00;29
2002;4;RSL;SBGO;SBBR;175,00;7
2002;4;RSL;SBKP;SBRJ;147,00;737
2002;4;RSL;SBUL;SBSP;363,00;7
2002;4;RSL;SBCT;SBBH;175,00;135
2002;4;RSL;SBNF;SBSP;195,00;801
2002;4;RSL;SBRJ;SBCT;431,00;1
2002;4;RSL;SBBR;SBBH;326,00;111
2002;4;RSL;SBRJ;SBCT;324,00;14
2002;4;RSL;SBSP;SBKP;93,00;1
2002;4;RSL;SBPA;SBCT;369,00;10
2002;4;RSL;SBBH;SBBR;167,00;259
2002;4;RSL;SBSP;SBKP;112,00;23
2002;4;RSL;SBBR;SBSP;353,00;29
2002;4;RSL;SBCT;SBPA;260,00;40
2002;4;RSL;SBBR;SBRJ;638,00;1
2002;4;RSL;SBKP;SBPA;663,00;2
2002;4;RSL;SBRJ;SBBR;462,00;53
2002;4;RSL;SBRJ;SBCT;408,00;23
2002;4;RSL;SBCT;SBBH;473,00;1
2002;4;RSL;SBBR;SBRJ;527,00;1271
2002;4;RSL;SBCT;SBRJ;578,00;1
2002;4;RSL;SBNF;SBSP;335,00;254
2002;4;RSL;SBSP;SBCT;169,00;68
2002;4;RSL;SBBR;SBSP;302,00;3
2002;4;RSL;SBGO;SBBR;285,00;1
2002;4;RSL;SBSP;SBKP;131,00;13
2002;4;RSL;SBVT;SBSP;286,00;18
2002;4;RSL;SBRJ;SBKP;96,00;4
2002;4;RSL;SBKP;SBPA;302,00;13
2002;4;RSL;SBSP;SBKP;52,00;35
2002;4;RSL;SBSP;SBBR;520,00;1152
2002;4;RSL;SBBR;SBBH;167,00;148
2002;4;RSL;SBBH;SBRJ;398,00;1
2002;4;RSL;SBCT;SBKP;221,00;3
2002;4;RSL;SBRJ;SBVT;292,00;5
2002;4;RSL;SBBR;SBSP;407,00;289
2002;4;RSL;SBUL;SBSP;314,00;260
2002;4;RSL;SBKP;SBSP;114,00;13
2002;4;RSL;SBFL;SBSP;152,00;190
2002;4;RSL;SBPA;SBRJ;247,00;8
2002;4;RSL;SBRJ;SBBH;279,00;1050
2002;4;RSL;SBRJ;SBKP;208,00;8
2002;4;RSL;SBBR;SBKP;205,00;9
2002;4;RSL;SBBR;SBSP;364,00;104
2002;4;RSL;SBGO;SBSP;422,00;3
2002;4;RSL;SBSP;SBNF;335,00;242
2002;4;RSL;SBFL;SBPA;282,00;8
2002;4;RSL;SBSP;SBNF;195,00;708
2002;4;RSL;SBSP;SBUL;467,00;18
2002;4;RSL;SBUL;SBSP;249,00;22
2002;4;RSL;SBPA;SBKP;419,00;52
2002;4;RSL;SBSP;SBBH;384,00;1503
2002;4;RSL;SBRJ;SBKP;99,00;264
2002;4;RSL;SBPA;SBSP;461,00;21
2002;4;RSL;SBKP;SBRJ;287,00;109
2002;4;RSL;SBBR;SBSP;445,00;245
2002;4;RSL;SBSP;SBCT;282,00;434
2002;4;RSL;SBBR;SBKP;219,00;12
2002;4;RSL;SBBR;SBSP;303,00;123
2002;4;RSL;SBKP;SBSP;90,00;4
2002;4;RSL;SBGO;SBSP;436,00;5
2002;4;RSL;SBKP;SBBH;179,00;290
2002;4;RSL;SBNF;SBSP;278,00;65
2002;4;RSL;SBKP;SBBH;213,00;41
2002;4;RSL;SBBH;SBKP;255,00;9
2002;4;RSL;SBFL;SBPA;117,00;40
2002;4;RSL;SBGO;SBBR;118,00;2
2002;4;RSL;SBSP;SBNF;201,00;769
2002;4;RSL;SBSP;SBPA;155,00;901
2002;4;RSL;SBKP;SBCT;285,00;6
2002;4;RSL;SBRJ;SBPA;420,00;1
2002;4;RSL;SBSP;SBKP;109,00;45
2002;4;RSL;SBBH;SBCT;523,00;22
2002;4;RSL;SBSP;SBCA;407,00;47
2002;4;RSL;SBBH;SBCT;409,00;3
2002;4;RSL;SBSP;SBNF;325,00;239
2002;4;RSL;SBCT;SBSP;87,00;1069
2002;4;RSL;SBBH;SBCT;314,00;11
2002;4;RSL;SBSP;SBKP;135,00;16
2002;4;RSL;SBBR;SBGO;285,00;1
2002;4;RSL;SBVT;SBRJ;292,00;9
2002;4;RSL;SBNF;SBSP;235,00;79
2002;4;RSL;SBRJ;SBCT;286,00;19
2002;4;RSL;SBPA;SBCT;112,00;348
2002;4;RSL;SBVT;SBSP;492,00;113
2002;4;RSL;SBRJ;SBVT;70,00;1350
2002;4;RSL;SBKP;SBPA;319,00;5
2002;4;RSL;SBPA;SBCT;109,00;58
2002;4;RSL;SBVT;SBSP;297,00;3
2002;4;RSL;SBBR;SBRJ;511,00;893
2002;4;RSL;SBVT;SBRJ;82,00;722
2002;4;RSL;SBCT;SBBH;314,00;14
2002;4;RSL;SBBR;SBBH;282,00;7
2002;4;RSL;SBSP;SBKP;70,00;4
2002;4;RSL;SBKP;SBRJ;142,00;789
2002;4;RSL;SBCT;SBPA;245,00;8
2002;4;RSL;SBKP;SBCT;127,00;118
2002;4;RSL;SBBR;SBRJ;477,00;53
2002;4;RSL;SBPA;SBRJ;224,00;30
2002;4;RSL;SBRJ;SBBH;70,00;1555
2002;4;RSL;SBSP;SBPA;297,00;96
2002;4;RSL;SBSP;SBBH;261,00;41
2002;4;RSL;SBBH;SBSP;311,00;235
2002;4;RSL;SBBH;SBSP;237,00;100
2002;4;RSL;SBRP;SBSP;238,00;23
2002;4;RSL;SBVT;SBSP;114,00;691
2002;4;RSL;SBSP;SBBH;329,00;32
2002;4;RSL;SBSP;SBCT;242,00;61
2002;4;RSL;SBPA;SBRJ;217,00;16
2002;4;RSL;SBBR;SBKP;291,00;6
2002;4;RSL;SBPA;SBRJ;359,00;2
2002;4;RSL;SBRJ;SBPA;776,00;2
2002;4;RSL;SBUL;SBSP;241,00;17
2002;4;RSL;SBFL;SBPA;79,00;301
2002;4;RSL;SBCT;SBSP;177,00;2
2002;4;RSL;SBBH;SBKP;179,00;350
2002;4;RSL;SBBH;SBRJ;121,00;233
2002;4;RSL;SBBR;SBSP;145,00;496
2002;4;RSL;SBSP;SBPA;413,00;384
2002;4;RSL;SBBR;SBSP;319,00;24
2002;4;RSL;SBBH;SBSP;301,00;144
2002;4;RSL;SBPA;SBSP;150,00;132
2002;4;RSL;SBSP;SBRP;238,00;30
2002;4;RSL;SBSP;SBBH;164,00;454
2002;4;RSL;SBKP;SBCT;263,00;128
2002;4;RSL;SBKP;SBBH;263,00;2
2002;4;RSL;SBKP;SBCT;315,00;187
2002;4;RSL;SBSP;SBGO;436,00;4
2002;4;RSL;SBGO;SBBR;203,00;25
2002;4;RSL;SBFL;SBSP;377,00;23
2002;4;RSL;SBBH;SBCT;304,00;4
2002;4;RSL;SBSP;SBBH;319,00;33
2002;4;RSL;SBBH;SBRJ;98,00;1554
2002;4;RSL;SBVT;SBRJ;68,00;593
2002;4;RSL;SBSP;SBPA;461,00;16
2002;4;RSL;SBBH;SBRJ;386,00;1
2002;4;RSL;SBPA;SBKP;352,00;6
2002;4;RSL;SBSP;SBVT;114,00;630
2002;4;RSL;SBVT;SBSP;118,00;1137
2002;4;RSL;SBFL;SBRJ;190,00;54
2002;4;RSL;SBCT;SBBH;237,00;9
2002;4;RSL;SBRJ;SBPA;618,00;15
2002;4;RSL;SBKP;SBSP;162,00;17
2002;4;RSL;SBSP;SBUL;482,00;5
2002;4;RSL;SBRP;SBSP;231,00;596
2002;4;RSL;SBSP;SBVT;477,00;105
2002;4;RSL;SBBH;SBBR;326,00;221
2002;4;RSL;SBPA;SBFL;259,00;38
2002;4;RSL;SBSP;SBRP;386,00;14
2002;4;RSL;SBCT;SBSP;80,00;306
2002;4;RSL;SBRJ;SBPA;217,00;11
2002;4;RSL;SBKP;SBCT;189,00;135
2002;4;RSL;SBVT;SBSP;303,00;13
2002;4;RSL;SBPA;SBSP;618,00;4
2002;4;RSL;SBRJ;SBBR;358,00;8
2002;4;RSL;SBBR;SBSP;165,00;1094
2002;4;RSL;SBCT;SBKP;228,00;6
2002;4;RSL;SBBH;SBRJ;199,00;25
2002;4;RSL;SBKP;SBRJ;278,00;81
2002;4;RSL;SBBH;SBKP;226,00;47
2002;4;RSL;SBPA;SBKP;319,00;24
2002;4;RSL;SBSP;SBPA;200,00;87
2002;4;RSL;SBKP;SBRJ;325,00;273
2002;4;RSL;SBRJ;SBPA;247,00;10
2002;4;RSL;SBFL;SBRJ;540,00;30
2002;4;RSL;SBKP;SBBR;212,00;32
2002;4;RSL;SBFL;SBPA;397,00;1
2002;4;RSL;SBCT;SBKP;197,00;14
2002;4;RSL;SBCT;SBRJ;477,00;165
2002;4;RSL;SBBH;SBRJ;70,00;1475
2002;4;RSL;SBPA;SBKP;302,00;40
2002;4;RSL;SBKP;SBSP;72,00;25
2002;4;RSL;SBFL;SBPA;297,00;4
2002;4;RSL;SBBR;SBRJ;144,00;966
2002;4;RSL;SBCT;SBPA;409,00;96
2002;4;RSL;SBVT;SBRJ;103,00;149
2002;4;RSL;SBKP;SBRJ;68,00;3
2002;4;RSL;SBPA;SBSP;400,00;331
2002;4;RSL;SBRP;SBSP;331,00;8
2002;4;RSL;SBBH;SBSP;329,00;60
2002;4;RSL;SBRJ;SBPA;360,00;2
2002;4;RSL;SBBH;SBRJ;117,00;94
2002;4;RSL;SBFL;SBSP;347,00;118
2002;4;RSL;SBBH;SBKP;322,00;1
2002;4;RSL;SBRJ;SBVT;166,00;33
2002;4;RSL;SBPA;SBCT;246,00;52
2002;4;RSL;SBBH;SBCT;422,00;14
2002;4;RSL;SBPA;SBRJ;528,00;1
2002;4;RSL;SBRJ;SBBR;426,00;350
2002;4;TAM;SBGR;SBSV;257,26;4235
2002;4;TAM;SBKP;SBGR;60,27;1092
2002;4;TAM;SBFL;SBPA;65,49;1999
2002;4;TAM;SBBH;SBSP;178,47;10222
2002;4;TAM;SBKP;SBSP;46,86;1237
2002;4;TAM;SBMQ;SBBE;82,09;2000
2002;4;TAM;SDCO;SBSP;64,22;580
2002;4;TAM;SBSP;SBVT;245,17;2467
2002;4;TAM;SBAU;SBSP;171,10;1461
2002;4;TAM;SBSV;SBRF;93,77;1733
2002;4;TAM;SBRF;SBGL;204,01;1891
2002;4;TAM;SBPA;SBKP;313,59;1741
2002;4;TAM;SBSP;SBAU;174,09;1534
2002;4;TAM;SBKP;SBRJ;137,73;807
2002;4;TAM;SBRJ;SBVT;178,65;2012
2002;4;TAM;SBGR;SBCT;124,72;6380
2002;4;TAM;SBCT;SBFL;88,76;1026
2002;4;TAM;SBBU;SBSP;131,18;2552
2002;4;TAM;SBGR;SBKP;65,45;1273
2002;4;TAM;SBBH;SBBR;129,75;6573
2002;4;TAM;SBRJ;SBSP;166,73;13560
2002;4;TAM;SBSP;SBBR;206,46;22221
2002;4;TAM;SBBR;SBBH;195,51;5185
2002;4;TAM;SBBH;SBCT;230,90;760
2002;4;TAM;SBSP;SBUL;158,59;5375
2002;4;TAM;SBBR;SBSV;211,51;2836
2002;4;TAM;SBGL;SBGR;112,09;1612
2002;4;TAM;SBSP;SBPA;190,50;12971
2002;4;TAM;SBSP;SDCO;75,52;373
2002;4;TAM;SBBR;SBGO;72,14;5109
2002;4;TAM;SBRJ;SBBH;153,80;4094
2002;4;TAM;SBPA;SBGR;228,97;4017
2002;4;TAM;SBBE;SBMQ;86,10;2124
2002;4;TAM;SBGR;SBCF;214,97;1490
2002;4;TAM;SBFL;SBBR;266,93;642
2002;4;TAM;SBBR;SBKP;281,06;1913
2002;4;TAM;SBKP;SBBR;249,30;1988
2002;4;TAM;SBGR;SBPA;215,82;3260
2002;4;TAM;SBBR;SBCT;219,00;2244
2002;4;TAM;SBFL;SBCT;89,74;1066
2002;4;TAM;SBGR;SBGL;98,71;2015
2002;4;TAM;SBVT;SBRJ;166,32;1355
2002;4;TAM;SBCT;SBKP;159,87;1854
2002;4;TAM;SBGR;SBBR;196,14;3048
2002;4;TAM;SBSV;SBBR;231,87;1977
2002;4;TAM;SBCT;SBSP;132,50;21174
2002;4;TAM;SBSP;SBKP;59,51;1188
2002;4;TAM;SBRF;SBFZ;171,48;3350
2002;4;TAM;SBPA;SBSP;195,36;9880
2002;4;TAM;SBSV;SBGL;221,98;3991
2002;4;TAM;SBGO;SBBR;72,70;5490
2002;4;TAM;SBPS;SBSP;247,06;1021
2002;4;TAM;SBKP;SBPA;285,27;1178
2002;4;TAM;SBKP;SBCT;165,61;1591
2002;4;TAM;SBSP;SBGL;99,80;4710
2002;4;TAM;SBSP;SBBH;176,45;10160
2002;4;TAM;SBPA;SBGL;315,45;1608
2002;4;TAM;SBCT;SBBR;199,52;2320
2002;4;TAM;SBBR;SBFZ;240,01;2044
2002;4;TAM;SBSP;SBML;153,48;1127
2002;4;TAM;SBSP;SBRP;143,70;6685
2002;4;TAM;SBBR;SBBE;219,44;3008
2002;4;TAM;SBRJ;SBKP;154,99;938
2002;4;TAM;SBGL;SBRF;224,07;1877
2002;4;TAM;SBSP;SBRJ;164,03;16155
2002;4;TAM;SBCT;SBGR;130,25;5991
2002;4;TAM;SBRP;SBSP;137,43;6598
2002;4;TAM;SBBE;SBBR;198,84;2517
2002;4;TAM;SBPA;SBCT;148,45;6839
2002;4;TAM;SBSP;SBGO;155,28;5981
2002;4;TAM;SBBR;SBGR;184,25;3577
2002;4;TAM;SBGL;SBBR;146,24;1417
2002;4;TAM;SBGL;SBSV;227,34;3438
2002;4;TAM;SBCF;SBGR;187,59;1028
2002;4;TAM;SBBH;SBRJ;158,06;3593
2002;4;TAM;SBML;SBSP;153,19;1157
2002;4;TAM;SBSP;SBFL;174,95;4193
2002;4;TAM;SBFL;SBSP;174,90;3935
2002;4;TAM;SBSP;SBPS;230,78;1066
2002;4;TAM;SBCT;SBPA;139,64;7662
2002;4;TAM;SBSP;SBCT;133,19;21378
2002;4;TAM;SBUL;SBSP;155,00;5946
2002;4;TAM;SBFZ;SBRF;149,48;2562
2002;4;TAM;SBGO;SBSP;165,14;5945
2002;4;TAM;SBBR;SBGL;167,44;1834
2002;4;TAM;SBSV;SBGR;281,20;5080
2002;4;TAM;SBCT;SBBH;291,35;1063
2002;4;TAM;SBPA;SBFL;64,36;2150
2002;4;TAM;SBGL;SBSP;104,33;4621
2002;4;TAM;SBRJ;SBBR;234,13;8493
2002;4;TAM;SBGL;SBPA;283,39;1753
2002;4;TAM;SBSP;SBNF;152,98;3390
2002;4;TAM;SBBR;SBFL;304,62;767
2002;4;TAM;SBSP;SBBU;126,69;2589
2002;4;TAM;SBRF;SBSV;68,36;1035
2002;4;TAM;SBBR;SBSP;212,66;19173
2002;4;TAM;SBVT;SBSP;236,40;3051
2002;4;TAM;SBFL;SBGR;153,73;1930
2002;4;TAM;SBPA;SBBR;274,13;692
2002;4;TAM;SBNF;SBSP;155,49;2868
2002;4;TAM;SBGR;SBFL;172,68;1825
2002;4;TAM;SBBR;SBRJ;229,40;7313
2002;4;TAM;SBFZ;SBBR;256,56;1969
2002;4;TAM;SBBR;SBPA;320,68;616
2002;4;VRG;SBFZ;SBRF;308,00;136
2002;4;VRG;SBBR;SBGR;406,00;243
2002;4;VRG;SBBR;SBGR;383,00;397
2002;4;VRG;SBPA;SBGR;411,00;368
2002;4;VRG;SBPA;SBGL;435,00;299
2002;4;VRG;SBBE;SBBR;828,00;148
2002;4;VRG;SBPA;SBCT;316,00;38
2002;4;VRG;SBFL;SBPA;213,00;12
2002;4;VRG;SBBE;SBMQ;87,00;947
2002;4;VRG;SBCT;SBFL;194,00;663
2002;4;VRG;SBGR;SBGL;376,00;45
2002;4;VRG;SBRF;SBGL;556,00;286
2002;4;VRG;SBGL;SBGR;348,00;1351
2002;4;VRG;SBRF;SBFZ;333,00;1594
2002;4;VRG;SBRF;SBGL;596,00;836
2002;4;VRG;SBBR;SBGO;225,00;3
2002;4;VRG;SBPA;SBGL;406,00;59
2002;4;VRG;SBBE;SBBR;591,00;73
2002;4;VRG;SBPA;SBBR;540,00;40
2002;4;VRG;SBSV;SBBR;410,00;37
2002;4;VRG;SBGO;SBBR;190,00;27
2002;4;VRG;SBBR;SBPA;720,00;429
2002;4;VRG;SBGL;SBCT;312,00;246
2002;4;VRG;SBBE;SBMQ;222,00;142
2002;4;VRG;SBCT;SBGR;203,00;32
2002;4;VRG;SBSV;SBBR;466,00;193
2002;4;VRG;SBCT;SBGR;234,00;229
2002;4;VRG;SBGO;SBBR;155,00;98
2002;4;VRG;SBGL;SBRF;281,00;1788
2002;4;VRG;SBBE;SBBR;519,00;6
2002;4;VRG;SBPA;SBCT;277,00;10
2002;4;VRG;SBSV;SBRF;300,00;76
2002;4;VRG;SBRF;SBGL;741,00;572
2002;4;VRG;SBCT;SBBR;604,00;139
2002;4;VRG;SBMQ;SBBE;325,00;17
2002;4;VRG;SBBR;SBGL;400,00;908
2002;4;VRG;SBBR;SBPA;540,00;64
2002;4;VRG;SBPA;SBFL;84,00;1434
2002;4;VRG;SBBR;SBGL;372,00;18
2002;4;VRG;SBGR;SBFL;249,00;22
2002;4;VRG;SBSV;SBGL;428,00;321
2002;4;VRG;SBGL;SBGR;266,00;122
2002;4;VRG;SBGR;SBSV;474,00;146
2002;4;VRG;SBFL;SBGL;474,00;180
2002;4;VRG;SBGR;SBEG;837,00;143
2002;4;VRG;SBGL;SBRF;519,00;67
2002;4;VRG;SBCT;SBPA;316,00;30
2002;4;VRG;SBGL;SBCT;431,00;433
2002;4;VRG;SBFZ;SBBR;566,00;383
2002;4;VRG;SBCT;SBGL;302,00;94
2002;4;VRG;SBGR;SBPA;411,00;276
2002;4;VRG;SBBR;SBGR;429,00;93
2002;4;VRG;SBFL;SBBR;594,00;7
2002;4;VRG;SBGR;SBGL;103,00;2274
2002;4;VRG;SBFL;SBGL;405,00;75
2002;4;VRG;SBFL;SBBR;562,00;39
2002;4;VRG;SBFL;SBBR;199,00;119
2002;4;VRG;SBBR;SBFZ;600,00;49
2002;4;VRG;SBBE;SBBR;692,00;219
2002;4;VRG;SBBR;SBSV;546,00;409
2002;4;VRG;SBFL;SBCT;282,00;19
2002;4;VRG;SBGL;SBCT;348,00;1345
2002;4;VRG;SBGR;SBPA;434,00;123
2002;4;VRG;SBGR;SBPA;360,00;298
2002;4;VRG;SBFZ;SBBR;492,00;18
2002;4;VRG;SBGR;SBSV;809,00;900
2002;4;VRG;SBSV;SBGL;217,00;2804
2002;4;VRG;SBFL;SBGR;423,00;82
2002;4;VRG;SBGO;SBBR;173,00;2
2002;4;VRG;SBGR;SBPA;480,00;1791
2002;4;VRG;SBPA;SBGL;523,00;64
2002;4;VRG;SBSV;SBRF;282,00;43
2002;4;VRG;SBFL;SBGR;141,00;1219
2002;4;VRG;SBBR;SBPA;615,00;297
2002;4;VRG;SBCT;SBBR;149,00;632
2002;4;VRG;SBMQ;SBBE;87,00;651
2002;4;VRG;SBBR;SBPA;650,00;128
2002;4;VRG;SBSV;SBGR;546,00;1155
2002;4;VRG;SBGR;SBFL;356,00;245
2002;4;VRG;SBGR;SBGL;266,00;94
2002;4;VRG;SBPA;SBCT;369,00;40
2002;4;VRG;SBCT;SBBR;168,00;2
2002;4;VRG;SBPA;SBGL;467,00;1023
2002;4;VRG;SBGR;SBCF;268,00;3
2002;4;VRG;SBPA;SBBR;271,00;1649
2002;4;VRG;SBGR;SBCF;307,00;48
2002;4;VRG;SBGL;SBBR;156,00;2357
2002;4;VRG;SBMQ;SBBE;249,00;2
2002;4;VRG;SBPA;SBBR;418,00;106
2002;4;VRG;SBBR;SBBE;828,00;154
2002;4;VRG;SBBR;SBGL;447,00;82
2002;4;VRG;SBBR;SBPA;580,00;465
2002;4;VRG;SBPA;SBBR;351,00;92
2002;4;VRG;SBFL;SBGL;428,00;30
2002;4;VRG;SBGR;SBFL;267,00;197
2002;4;VRG;SBBR;SBGL;638,00;55
2002;4;VRG;SBSV;SBGL;516,00;80
2002;4;VRG;SBBR;SBSV;382,00;33
2002;4;VRG;SBRF;SBSV;345,00;43
2002;4;VRG;SBBR;SBFL;658,00;124
2002;4;VRG;SBGR;SBSV;611,00;70
2002;4;VRG;SBFL;SBGL;198,00;1288
2002;4;VRG;SBGL;SBFL;332,00;164
2002;4;VRG;SBFL;SBCT;194,00;542
2002;4;VRG;SBGL;SBCT;390,00;39
2002;4;VRG;SBPA;SBCT;298,00;147
2002;4;VRG;SBPA;SBBR;580,00;543
2002;4;VRG;SBGR;SBCF;357,00;161
2002;4;VRG;SBSV;SBRF;325,00;367
2002;4;VRG;SBFL;SBGL;382,00;57
2002;4;VRG;SBBR;SBFL;215,00;1
2002;4;VRG;SBPA;SBGR;572,00;779
2002;4;VRG;SBCT;SBBR;516,00;24
2002;4;VRG;SBCF;SBGR;425,00;210
2002;4;VRG;SBBR;SBCT;149,00;419
2002;4;VRG;SBGL;SBBR;347,00;57
2002;4;VRG;SBGR;SBBR;333,00;57
2002;4;VRG;SBBR;SBFL;494,00;12
2002;4;VRG;SBGR;SBGL;238,00;664
2002;4;VRG;SBGR;SBCF;141,00;98
2002;4;VRG;SBPA;SBFL;265,00;7
2002;4;VRG;SBEG;SBGR;837,00;195
2002;4;VRG;SBMQ;SBBE;79,00;3
2002;4;VRG;SBEG;SBGR;1272,00;58
2002;4;VRG;SBRJ;SBSP;278,00;32216
2002;4;VRG;SBCT;SBGR;248,00;81
2002;4;VRG;SBFL;SBPA;251,00;57
2002;4;VRG;SBBR;SBPA;861,00;266
2002;4;VRG;SBRF;SBSV;84,00;1952
2002;4;VRG;SBFL;SBBR;531,00;249
2002;4;VRG;SBBE;SBMQ;205,00;8
2002;4;VRG;SBGR;SBGL;252,00;170
2002;4;VRG;SBFL;SBGR;249,00;22
2002;4;VRG;SBPA;SBGL;692,00;606
2002;4;VRG;SBFZ;SBRF;352,00;57
2002;4;VRG;SBFL;SBGL;565,00;64
2002;4;VRG;SBGR;SBPA;387,00;1386
2002;4;VRG;SBFZ;SBRF;411,00;281
2002;4;VRG;SBGR;SBSV;677,00;1534
2002;4;VRG;SBSP;SBRJ;278,00;33192
2002;4;VRG;SBSV;SBRF;403,00;807
2002;4;VRG;SBBR;SBGR;566,00;404
2002;4;VRG;SBPA;SBFL;213,00;36
2002;4;VRG;SBGR;SBEG;688,00;210
2002;4;VRG;SBFL;SBBR;494,00;25
2002;4;VRG;SBBR;SBFZ;304,00;1170
2002;4;VRG;SBBE;SBMQ;273,00;152
2002;4;VRG;SBGL;SBFL;405,00;25
2002;4;VRG;SBGR;SBSV;546,00;1054
2002;4;VRG;SBBE;SBBR;212,00;737
2002;4;VRG;SBFL;SBPA;292,00;209
2002;4;VRG;SBEG;SBGR;589,00;217
2002;4;VRG;SBSP;SBRJ;186,00;1481
2002;4;VRG;SBGR;SBSV;578,00;325
2002;4;VRG;SBMQ;SBBE;235,00;11
2002;4;VRG;SBGL;SBBR;400,00;908
2002;4;VRG;SBFL;SBCT;125,00;331
2002;4;VRG;SBBR;SBSV;493,00;80
2002;4;VRG;SBPA;SBFL;292,00;121
2002;4;VRG;SBMQ;SBBE;273,00;115
2002;4;VRG;SBBR;SBCT;545,00;21
2002;4;VRG;SBCT;SBFL;238,00;171
2002;4;VRG;SBGR;SBGL;205,00;92
2002;4;VRG;SBBR;SBGL;496,00;1172
2002;4;VRG;SBGL;SBGR;205,00;146
2002;4;VRG;SBGL;SBCT;302,00;57
2002;4;VRG;SBCT;SBGL;312,00;287
2002;4;VRG;SBGR;SBCF;323,00;48
2002;4;VRG;SBPA;SBFL;347,00;52
2002;4;VRG;SBBR;SBCT;453,00;41
2002;4;VRG;SBBR;SBGO;173,00;2
2002;4;VRG;SBPA;SBGR;360,00;401
2002;4;VRG;SBGL;SBBR;372,00;57
2002;4;VRG;SBFZ;SBRF;247,00;193
2002;4;VRG;SBGL;SBSV;428,00;257
2002;4;VRG;SBSV;SBGR;508,00;346
2002;4;VRG;SBPA;SBBR;615,00;217
2002;4;VRG;SBGL;SBBR;447,00;229
2002;4;VRG;SBFL;SBGR;267,00;219
2002;4;VRG;SBGL;SBPA;435,00;331
2002;4;VRG;SBBR;SBBE;692,00;266
2002;4;VRG;SBGR;SBEG;737,00;136
2002;4;VRG;SBFZ;SBRF;371,00;23
2002;4;VRG;SBGR;SBCF;289,00;200
2002;4;VRG;SBBR;SBFL;562,00;107
2002;4;VRG;SBGL;SBSV;682,00;437
2002;4;VRG;SBGL;SBRF;556,00;265
2002;4;VRG;SBGL;SBSV;516,00;79
2002;4;VRG;SBSV;SBGR;809,00;890
2002;4;VRG;SBGR;SBFL;141,00;1156
2002;4;VRG;SBBR;SBFZ;492,00;7
2002;4;VRG;SBGR;SBGL;293,00;5030
2002;4;VRG;SBFZ;SBRF;288,00;56
2002;4;VRG;SBCT;SBGR;217,00;173
2002;4;VRG;SBGR;SBGL;220,00;107
2002;4;VRG;SBBR;SBFZ;703,00;201
2002;4;VRG;SBGL;SBGR;238,00;847
2002;4;VRG;SBRF;SBSV;325,00;430
2002;4;VRG;SBSV;SBBR;440,00;1042
2002;4;VRG;SBFL;SBGR;289,00;308
2002;4;VRG;SBCT;SBFL;282,00;15
2002;4;VRG;SBPA;SBCT;111,00;392
2002;4;VRG;SBGL;SBFL;382,00;35
2002;4;VRG;SBGR;SBCT;217,00;249
2002;4;VRG;SBFL;SBBR;786,00;28
2002;4;VRG;SBBR;SBBE;212,00;701
2002;4;VRG;SBPA;SBGR;434,00;178
2002;4;VRG;SBFZ;SBBR;839,00;170
2002;4;VRG;SBBR;SBBE;189,00;13
2002;4;VRG;SBBR;SBSV;466,00;269
2002;4;VRG;SBPA;SBGR;336,00;274
2002;4;VRG;SBCT;SBPA;369,00;72
2002;4;VRG;SBGR;SBBR;429,00;97
2002;4;VRG;SBPA;SBGL;496,00;185
2002;4;VRG;SBFL;SBCT;179,00;55
2002;4;VRG;SBCT;SBFL;205,00;122
2002;4;VRG;SBSV;SBRF;480,00;121
2002;4;VRG;SBGR;SBBR;475,00;697
2002;4;VRG;SBRF;SBGL;281,00;1954
2002;4;VRG;SBGL;SBRF;741,00;348
2002;4;VRG;SBPA;SBGR;480,00;1271
2002;4;VRG;SBRJ;SBSP;186,00;1701
2002;4;VRG;SBRF;SBFZ;411,00;355
2002;4;VRG;SBRF;SBFZ;490,00;75
2002;4;VRG;SBGL;SBBR;496,00;992
2002;4;VRG;SBGR;SBFL;306,00;57
2002;4;VRG;SBFL;SBGR;306,00;69
2002;4;VRG;SBRF;SBSV;282,00;31
2002;4;VRG;SBPA;SBFL;237,00;260
2002;4;VRG;SBSV;SBBR;201,00;645
2002;4;VRG;SBGL;SBFL;565,00;63
2002;4;VRG;SBCT;SBGL;513,00;265
2002;4;VRG;SBFL;SBCT;205,00;142
2002;4;VRG;SBCT;SBPA;298,00;103
2002;4;VRG;SBCT;SBBR;453,00;73
2002;4;VRG;SBGL;SBCT;513,00;242
2002;4;VRG;SBBR;SBGL;156,00;2268
2002;4;VRG;SBFL;SBCT;160,00;272
2002;4;VRG;SBPA;SBGL;580,00;823
2002;4;VRG;SBCT;SBFL;179,00;45
2002;4;VRG;SBBE;SBMQ;249,00;8
2002;4;VRG;SBBR;SBGR;333,00;34
2002;4;VRG;SBBR;SBGO;190,00;22
2002;4;VRG;SBGR;SBCT;289,00;299
2002;4;VRG;SBPA;SBBR;720,00;324
2002;4;VRG;SBGL;SBRF;885,00;391
2002;4;VRG;SBBR;SBCT;516,00;56
2002;4;VRG;SBGL;SBSV;489,00;140
2002;4;VRG;SBGR;SBPA;572,00;848
2002;4;VRG;SBFZ;SBBR;703,00;327
2002;4;VRG;SBCT;SBGR;261,00;32
2002;4;VRG;SBBR;SBFL;594,00;25
2002;4;VRG;SBPA;SBCT;334,00;5
2002;4;VRG;SBGR;SBBR;383,00;563
2002;4;VRG;SBGR;SBPA;336,00;241
2002;4;VRG;SBBR;SBGL;591,00;766
2002;4;VRG;SBBR;SBBE;591,00;55
2002;4;VRG;SBGL;SBBR;591,00;767
2002;4;VRG;SBGR;SBCT;234,00;261
2002;4;VRG;SBGR;SBEG;1272,00;62
2002;4;VRG;SBGR;SBEG;982,00;403
2002;4;VRG;SBFL;SBCT;216,00;11
2002;4;VRG;SBGL;SBCT;161,00;1013
2002;4;VRG;SBGL;SBSV;400,00;44
2002;4;VRG;SBGO;SBBR;225,00;4
2002;4;VRG;SBBR;SBGL;347,00;66
2002;4;VRG;SBEG;SBGR;982,00;340
2002;4;VRG;SBSV;SBBR;652,00;222
2002;4;VRG;SBBR;SBBE;519,00;7
2002;4;VRG;SBGR;SBCT;101,00;830
2002;4;VRG;SBCT;SBPA;334,00;23
2002;4;VRG;SBPA;SBCT;439,00;16
2002;4;VRG;SBSV;SBBR;546,00;417
2002;4;VRG;SBGL;SBCT;369,00;201
2002;4;VRG;SBFL;SBGR;356,00;281
2002;4;VRG;SBCF;SBGR;307,00;74
2002;4;VRG;SBRF;SBFZ;247,00;196
2002;4;VRG;SBSV;SBGL;682,00;577
2002;4;VRG;SBGL;SBBR;424,00;37
2002;4;VRG;SBBR;SBCT;720,00;91
2002;4;VRG;SBBE;SBMQ;79,00;23
2002;4;VRG;SBFL;SBPA;237,00;465
2002;4;VRG;SBCT;SBGL;161,00;1140
2002;4;VRG;SBBE;SBBR;189,00;33
2002;4;VRG;SBBR;SBFL;531,00;240
2002;4;VRG;SBFZ;SBRF;333,00;1262
2002;4;VRG;SBBR;SBPA;351,00;225
2002;4;VRG;SBFL;SBCT;238,00;306
2002;4;VRG;SBSV;SBGR;611,00;95
2002;4;VRG;SBGL;SBFL;474,00;104
2002;4;VRG;SBCT;SBPA;439,00;24
2002;4;VRG;SBSV;SBGR;677,00;1454
2002;4;VRG;SBRF;SBFZ;308,00;114
2002;4;VRG;SBCT;SBBR;486,00;239
2002;4;VRG;SBFL;SBGL;356,00;138
2002;4;VRG;SBGL;SBFL;356,00;129
2002;4;VRG;SBGR;SBFL;322,00;21
2002;4;VRG;SBGR;SBBR;566,00;450
2002;4;VRG;SBBE;SBMQ;235,00;9
2002;4;VRG;SBGL;SBRF;668,00;28
2002;4;VRG;SBPA;SBGL;221,00;4433
2002;4;VRG;SBGL;SBGR;293,00;4772
2002;4;VRG;SBFZ;SBBR;634,00;33
2002;4;VRG;SBGR;SBCT;203,00;22
2002;4;VRG;SBGL;SBGR;376,00;62
2002;4;VRG;SBFL;SBGL;332,00;193
2002;4;VRG;SBCT;SBPA;277,00;15
2002;4;VRG;SBGR;SBEG;589,00;235
2002;4;VRG;SBBR;SBGO;155,00;131
2002;4;VRG;SBCT;SBGL;431,00;515
2002;4;VRG;SBBE;SBBR;625,00;26
2002;4;VRG;SBGR;SBBR;356,00;42
2002;4;VRG;SBGL;SBSV;217,00;2701
2002;4;VRG;SBCT;SBPA;259,00;3
2002;4;VRG;SBBR;SBSV;652,00;202
2002;4;VRG;SBFL;SBPA;101,00;6
2002;4;VRG;SBBR;SBSV;410,00;65
2002;4;VRG;SBRF;SBGL;885,00;416
2002;4;VRG;SBCF;SBGR;141,00;250
2002;4;VRG;SBBR;SBBE;558,00;445
2002;4;VRG;SBGR;SBEG;789,00;2321
2002;4;VRG;SBFL;SBPA;84,00;1452
2002;4;VRG;SBCT;SBGL;369,00;215
2002;4;VRG;SBGL;SBSV;571,00;817
2002;4;VRG;SBBR;SBBE;625,00;9
2002;4;VRG;SBBR;SBSV;440,00;745
2002;4;VRG;SBSV;SBGR;474,00;176
2002;4;VRG;SBGL;SBFL;198,00;1251
2002;4;VRG;SBCT;SBGR;289,00;384
2002;4;VRG;SBRF;SBGL;668,00;107
2002;4;VRG;SBBR;SBGR;165,00;652
2002;4;VRG;SBGR;SBSV;266,00;4901
2002;4;VRG;SBFL;SBBR;658,00;76
2002;4;VRG;SBCF;SBGR;323,00;73
2002;4;VRG;SBGL;SBGR;252,00;219
2002;4;VRG;SBFL;SBPA;347,00;90
2002;4;VRG;SBCF;SBGR;260,00;27
2002;4;VRG;SBGL;SBRF;596,00;1062
2002;4;VRG;SBGR;SBPA;188,00;4846
2002;4;VRG;SBRF;SBFZ;352,00;41
2002;4;VRG;SBGL;SBPA;523,00;57
2002;4;VRG;SBBE;SBMQ;325,00;16
2002;4;VRG;SBCT;SBPA;111,00;216
2002;4;VRG;SBPA;SBFL;251,00;18
2002;4;VRG;SBBR;SBFL;199,00;219
2002;4;VRG;SBBR;SBPA;418,00;85
2002;4;VRG;SBGR;SBBR;165,00;768
2002;4;VRG;SBBR;SBGO;164,00;2
2002;4;VRG;SBRF;SBGL;519,00;67
2002;4;VRG;SBSV;SBGR;266,00;5245
2002;4;VRG;SBSV;SBRF;345,00;129
2002;4;VRG;SBCT;SBFL;160,00;147
2002;4;VRG;SBGR;SBCT;343,00;106
2002;4;VRG;SBMQ;SBBE;205,00;3
2002;4;VRG;SBSV;SBGL;489,00;317
2002;4;VRG;SBGR;SBCF;260,00;39
2002;4;VRG;SBFZ;SBBR;527,00;116
2002;4;VRG;SBEG;SBGR;737,00;111
2002;4;VRG;SBGR;SBCT;174,00;3
2002;4;VRG;SBRF;SBGL;632,00;145
2002;4;VRG;SBBR;SBFZ;634,00;26
2002;4;VRG;SBBR;SBFZ;566,00;307
2002;4;VRG;SBCT;SBFL;216,00;16
2002;4;VRG;SBCT;SBBR;545,00;11
2002;4;VRG;SBRF;SBSV;480,00;85
2002;4;VRG;SBBR;SBCT;168,00;3
2002;4;VRG;SBCT;SBGR;174,00;4
2002;4;VRG;SBRF;SBSV;364,00;10
2002;4;VRG;SBBR;SBGR;356,00;17
2002;4;VRG;SBCT;SBGL;390,00;103
2002;4;VRG;SBCT;SBGL;348,00;1259
2002;4;VRG;SBGL;SBPA;580,00;867
2002;4;VRG;SBSV;SBGR;578,00;349
2002;4;VRG;SBBR;SBSV;201,00;587
2002;4;VRG;SBGL;SBPA;496,00;97
2002;4;VRG;SBFZ;SBRF;490,00;39
2002;4;VRG;SBCT;SBFL;125,00;367
2002;4;VRG;SBEG;SBGR;885,00;59
2002;4;VRG;SBGR;SBFL;423,00;109
2002;4;VRG;SBBR;SBGO;114,00;8
2002;4;VRG;SBGO;SBBR;133,00;1
2002;4;VRG;SBSV;SBGL;571,00;965
2002;4;VRG;SBGR;SBFL;289,00;340
2002;4;VRG;SBGO;SBBR;164,00;5
2002;4;VRG;SBFL;SBPA;265,00;66
2002;4;VRG;SBSV;SBBR;382,00;65
2002;4;VRG;SBGR;SBEG;885,00;67
2002;4;VRG;SBGL;SBPA;692,00;558
2002;4;VRG;SBCF;SBGR;357,00;167
2002;4;VRG;SBBR;SBGR;475,00;705
2002;4;VRG;SBGR;SBCT;248,00;37
2002;4;VRG;SBSV;SBGL;400,00;54
2002;4;VRG;SBFZ;SBBR;304,00;1516
2002;4;VRG;SBSV;SBRF;84,00;1525
2002;4;VRG;SBBR;SBCT;604,00;124
2002;4;VRG;SBSV;SBGL;460,00;1289
2002;4;VRG;SBGR;SBCT;261,00;20
2002;4;VRG;SBFL;SBBR;215,00;17
2002;4;VRG;SBFL;SBGR;322,00;38
2002;4;VRG;SBGO;SBBR;114,00;18
2002;4;VRG;SBGL;SBGR;220,00;99
2002;4;VRG;SBGL;SBPA;406,00;35
2002;4;VRG;SBCT;SBGR;343,00;154
2002;4;VRG;SBBR;SBPA;271,00;1448
2002;4;VRG;SBCF;SBGR;268,00;55
2002;4;VRG;SBBR;SBGL;424,00;205
2002;4;VRG;SBBR;SBCT;486,00;321
2002;4;VRG;SBPA;SBBR;650,00;58
2002;4;VRG;SBBE;SBBR;558,00;669
2002;4;VRG;SBGR;SBCF;425,00;137
2002;4;VRG;SBBR;SBFZ;527,00;112
2002;4;VRG;SBSV;SBRF;364,00;42
2002;4;VRG;SBGR;SBSV;508,00;461
2002;4;VRG;SBSV;SBBR;493,00;57
2002;4;VRG;SBGR;SBEG;1175,00;644
2002;4;VRG;SBPA;SBBR;861,00;237
2002;4;VRG;SBRF;SBFZ;288,00;48
2002;4;VRG;SBGL;SBSV;460,00;998
2002;4;VRG;SBPA;SBGR;188,00;4825
2002;4;VRG;SBGL;SBPA;467,00;1257
2002;4;VRG;SBCF;SBGR;289,00;219
2002;4;VRG;SBGL;SBBR;638,00;44
2002;4;VRG;SBGR;SBGL;348,00;1138
2002;4;VRG;SBRF;SBFZ;371,00;27
2002;4;VRG;SBMQ;SBBE;222,00;131
2002;4;VRG;SBBR;SBFL;786,00;62
2002;4;VRG;SBBR;SBFZ;839,00;142
2002;4;VRG;SBRF;SBSV;300,00;84
2002;4;VRG;SBEG;SBGR;1175,00;630
2002;4;VRG;SBFZ;SBBR;600,00;90
2002;4;VRG;SBEG;SBGR;688,00;170
2002;4;VRG;SBPA;SBGR;387,00;1460
2002;4;VRG;SBCT;SBGR;101,00;1011
2002;4;VRG;SBPA;SBCT;259,00;4
2002;4;VRG;SBGL;SBPA;221,00;4009
2002;4;VRG;SBRF;SBSV;403,00;502
2002;4;VRG;SBGR;SBBR;406,00;240
2002;4;VRG;SBGL;SBRF;632,00;145
2002;4;VRG;SBCT;SBBR;720,00;64
2002;4;VRG;SBGL;SBGR;103,00;2445
2002;4;VRG;SBGL;SBFL;428,00;7
2002;4;VRG;SBEG;SBGR;789,00;2348
2002;4;VSP;SBKP;SBGL;68,00;25
2002;4;VSP;SBKP;SBGL;298,00;5
2002;4;VSP;SBBR;SBCT;148,00;24
2002;4;VSP;SBGL;SBSV;590,00;209
2002;4;VSP;SBPA;SBBR;602,00;5
2002;4;VSP;SBBR;SBPA;684,00;7
2002;4;VSP;SBGL;SBSV;566,00;18
2002;4;VSP;SBBR;SBGO;124,00;170
2002;4;VSP;SBGR;SBGL;95,00;105
2002;4;VSP;SBRF;SBFZ;394,00;1
2002;4;VSP;SBGR;SBFL;230,00;43
2002;4;VSP;SBBR;SBPA;602,00;11
2002;4;VSP;SBSV;SBGL;518,00;77
2002;4;VSP;SBBR;SBFZ;587,00;95
2002;4;VSP;SBGL;SBCT;108,00;109
2002;4;VSP;SBKP;SBGL;274,00;2
2002;4;VSP;SBEG;SBGR;932,00;13
2002;4;VSP;SBGL;SBRF;620,00;60
2002;4;VSP;SBBR;SBFZ;450,00;217
2002;4;VSP;SBCT;SBGR;185,00;79
2002;4;VSP;SBGR;SBFL;264,00;28
2002;4;VSP;SBGL;SBGR;239,00;18
2002;4;VSP;SBGO;SBBR;199,00;16
2002;4;VSP;SBMQ;SBBE;274,00;42
2002;4;VSP;SBSP;SBBR;305,00;130
2002;4;VSP;SBGL;SBRF;385,00;519
2002;4;VSP;SBCF;SBGR;358,00;96
2002;4;VSP;SBBR;SBGL;500,00;85
2002;4;VSP;SBBR;SBGR;398,00;29
2002;4;VSP;SBGR;SBSV;614,00;44
2002;4;VSP;SBBR;SBPA;374,00;70
2002;4;VSP;SBBR;SBGO;141,00;26
2002;4;VSP;SBFL;SBGR;327,00;5
2002;4;VSP;SBKP;SBGL;311,00;5
2002;4;VSP;SBFZ;SBRF;207,00;595
2002;4;VSP;SBFZ;SBBR;587,00;78
2002;4;VSP;SBGR;SBBR;451,00;8
2002;4;VSP;SBGL;SBBR;440,00;11
2002;4;VSP;SBSV;SBBR;504,00;61
2002;4;VSP;SBBR;SBCT;602,00;11
2002;4;VSP;SBCF;SBGR;254,00;20
2002;4;VSP;SBGL;SBPA;372,00;122
2002;4;VSP;SBRF;SBFZ;411,00;17
2002;4;VSP;SBSV;SBBR;526,00;29
2002;4;VSP;SBSV;SBRF;391,00;5
2002;4;VSP;SBGR;SBGL;239,00;15
2002;4;VSP;SBMQ;SBBE;169,00;74
2002;4;VSP;SBCT;SBGL;380,00;4
2002;4;VSP;SBGR;SBFL;327,00;8
2002;4;VSP;SBBE;SBBR;188,00;125
2002;4;VSP;SBRF;SBFZ;332,00;4
2002;4;VSP;SBGL;SBBR;405,00;23
2002;4;VSP;SBCT;SBBR;487,00;15
2002;4;VSP;SBGL;SBKP;252,00;3
2002;4;VSP;SBGR;SBBR;247,00;346
2002;4;VSP;SBSP;SBBR;247,00;182
2002;4;VSP;SBBR;SBCT;487,00;16
2002;4;VSP;SBCF;SBGR;222,00;70
2002;4;VSP;SBPA;SBBR;684,00;4
2002;4;VSP;SBGR;SBBR;305,00;192
2002;4;VSP;SBFZ;SBRF;332,00;5
2002;4;VSP;SBSV;SBGR;670,00;70
2002;4;VSP;SBGL;SBKP;298,00;1
2002;4;VSP;SBGL;SBSV;478,00;143
2002;4;VSP;SBBR;SBSV;118,00;78
2002;4;VSP;SBBH;SBSP;358,00;34
2002;4;VSP;SBPA;SBGL;551,00;3
2002;4;VSP;SBGR;SBGL;294,00;153
2002;4;VSP;SBGR;SBBR;398,00;34
2002;4;VSP;SBBR;SBFZ;515,00;114
2002;4;VSP;SBGL;SBBR;480,00;2
2002;4;VSP;SBBE;SBMQ;138,00;161
2002;4;VSP;SBFZ;SBBR;515,00;124
2002;4;VSP;SBSV;SBGR;496,00;139
2002;4;VSP;SBGL;SBKP;157,00;111
2002;4;VSP;SBGR;SBEG;932,00;11
2002;4;VSP;SBGR;SBFL;342,00;5
2002;4;VSP;SBBR;SBGR;490,00;147
2002;4;VSP;SBGR;SBCT;298,00;121
2002;4;VSP;SBCT;SBBR;530,00;5
2002;4;VSP;SBCT;SBBR;553,00;2
2002;4;VSP;SBBR;SBPA;743,00;16
2002;4;VSP;SBGR;SBPA;250,00;621
2002;4;VSP;SBCT;SBBR;148,00;34
2002;4;VSP;SBBR;SBBE;693,00;78
2002;4;VSP;SBBR;SBGR;432,00;16
2002;4;VSP;SBPA;SBBR;655,00;7
2002;4;VSP;SBPA;SBBR;460,00;59
2002;4;VSP;SBFL;SBGR;342,00;3
2002;4;VSP;SBGL;SBCT;414,00;4
2002;4;VSP;SBGL;SBPA;527,00;6
2002;4;VSP;SBBH;SBSP;344,00;2
2002;4;VSP;SBFZ;SBRF;411,00;29
2002;4;VSP;SBBR;SBGO;184,00;2
2002;4;VSP;SBGO;SBBR;176,00;7
2002;4;VSP;SBBH;SBSP;290,00;6
2002;4;VSP;SBBE;SBMQ;262,00;5
2002;4;VSP;SBEG;SBGR;892,00;6
2002;4;VSP;SBBR;SBSP;451,00;5
2002;4;VSP;SBSV;SBBR;118,00;88
2002;4;VSP;SBBR;SBFZ;668,00;61
2002;4;VSP;SBGL;SBCT;217,00;159
2002;4;VSP;SBGR;SBSV;188,00;166
2002;4;VSP;SBBR;SBSV;481,00;61
2002;4;VSP;SBBR;SBGL;310,00;160
2002;4;VSP;SBBH;SBSP;254,00;8
2002;4;VSP;SBMQ;SBBE;138,00;195
2002;4;VSP;SBGL;SBGR;209,00;13
2002;4;VSP;SBBR;SBGO;100,00;174
2002;4;VSP;SBMQ;SBBE;241,00;5
2002;4;VSP;SBFL;SBGR;187,00;80
2002;4;VSP;SBRF;SBGL;704,00;30
2002;4;VSP;SBEG;SBGR;974,00;5
2002;4;VSP;SBBR;SBCF;348,00;2
2002;4;VSP;SBBR;SBCF;108,00;17
2002;4;VSP;SBBR;SBCF;199,00;122
2002;4;VSP;SBBR;SBSP;128,00;95
2002;4;VSP;SBBR;SBFZ;639,00;18
2002;4;VSP;SBGO;SBBR;124,00;181
2002;4;VSP;SBBR;SBBE;665,00;3
2002;4;VSP;SBGL;SBSV;118,00;79
2002;4;VSP;SBSP;SBBR;348,00;54
2002;4;VSP;SBGO;SBBR;100,00;160
2002;4;VSP;SBGL;SBCT;307,00;26
2002;4;VSP;SBBR;SBPA;713,00;2
2002;4;VSP;SBGO;SBBR;184,00;3
2002;4;VSP;SBGR;SBCT;78,00;88
2002;4;VSP;SBGR;SBCT;242,00;20
2002;4;VSP;SBFZ;SBBR;366,00;256
2002;4;VSP;SBGL;SBPA;302,00;612
2002;4;VSP;SBGR;SBCF;180,00;195
2002;4;VSP;SBGR;SBPA;352,00;96
2002;4;VSP;SBBR;SBSP;490,00;91
2002;4;VSP;SBCF;SBBR;320,00;14
2002;4;VSP;SBPA;SBGR;128,00;299
2002;4;VSP;SBSV;SBRF;375,00;3
2002;4;VSP;SBPA;SBGR;436,00;5
2002;4;VSP;SBBR;SBFZ;366,00;307
2002;4;VSP;SBBR;SBCF;380,00;3
2002;4;VSP;SBBR;SBCT;578,00;1
2002;4;VSP;SBPA;SBGL;575,00;4
2002;4;VSP;SBGR;SBEG;511,00;581
2002;4;VSP;SBBR;SBBE;609,00;10
2002;4;VSP;SBGR;SBBR;432,00;2
2002;4;VSP;SBRF;SBFZ;361,00;3
2002;4;VSP;SBCT;SBBR;602,00;16
2002;4;VSP;SBKP;SBGL;286,00;2
2002;4;VSP;SBCF;SBBR;199,00;139
2002;4;VSP;SBGL;SBRF;765,00;62
2002;4;VSP;SBGR;SBPA;128,00;289
2002;4;VSP;SBSP;SBBH;254,00;7
2002;4;VSP;SBPA;SBGR;250,00;565
2002;4;VSP;SBSV;SBBR;276,00;157
2002;4;VSP;SBGO;SBBR;191,00;1
2002;4;VSP;SBGL;SBGR;120,00;332
2002;4;VSP;SBGL;SBGR;271,00;3
2002;4;VSP;SBGR;SBPA;456,00;6
2002;4;VSP;SBSV;SBRF;253,00;80
2002;4;VSP;SBBR;SBCF;245,00;119
2002;4;VSP;SBSP;SBBH;329,00;1
2002;4;VSP;SBGL;SBGR;95,00;79
2002;4;VSP;SBKP;SBGL;252,00;4
2002;4;VSP;SBSV;SBGR;642,00;99
2002;4;VSP;SBBR;SBGO;161,00;9
2002;4;VSP;SBSV;SBGR;566,00;81
2002;4;VSP;SBGL;SBKP;311,00;6
2002;4;VSP;SBGL;SBPA;425,00;79
2002;4;VSP;SBBR;SBGR;305,00;233
2002;4;VSP;SBBR;SBGR;247,00;339
2002;4;VSP;SBGL;SBPA;599,00;53
2002;4;VSP;SBPA;SBGR;352,00;87
2002;4;VSP;SBBR;SBSV;276,00;193
2002;4;VSP;SBCF;SBBR;348,00;3
2002;4;VSP;SBPA;SBGL;425,00;36
2002;4;VSP;SBPA;SBBR;743,00;6
2002;4;VSP;SBCT;SBGR;286,00;12
2002;4;VSP;SBRF;SBFZ;93,00;109
2002;4;VSP;SBGR;SBFL;301,00;14
2002;4;VSP;SBBR;SBBE;491,00;81
2002;4;VSP;SBFL;SBGR;264,00;21
2002;4;VSP;SBSV;SBGR;433,00;576
2002;4;VSP;SBGR;SBFL;89,00;149
2002;4;VSP;SBGL;SBGR;294,00;154
2002;4;VSP;SBEG;SBGR;1014,00;71
2002;4;VSP;SBBR;SBSP;305,00;106
2002;4;VSP;SBGL;SBSV;418,00;121
2002;4;VSP;SBGL;SBRF;673,00;18
2002;4;VSP;SBGL;SBBR;355,00;81
2002;4;VSP;SBRF;SBFZ;378,00;3
2002;4;VSP;SBGR;SBCF;222,00;80
2002;4;VSP;SBPA;SBGR;402,00;45
2002;4;VSP;SBGL;SBCT;267,00;80
2002;4;VSP;SBSV;SBRF;408,00;78
2002;4;VSP;SBCF;SBGR;290,00;11
2002;4;VSP;SBGL;SBGR;183,00;121
2002;4;VSP;SBSP;SBBR;432,00;6
2002;4;VSP;SBBR;SBCF;395,00;33
2002;4;VSP;SBCT;SBGR;212,00;13
2002;4;VSP;SBBR;SBCF;281,00;20
2002;4;VSP;SBPA;SBGL;599,00;68
2002;4;VSP;SBBR;SBSP;432,00;7
2002;4;VSP;SBEG;SBGR;511,00;564
2002;4;VSP;SBPA;SBGL;485,00;25
2002;4;VSP;SBSP;SBBH;290,00;2
2002;4;VSP;SBSV;SBRF;330,00;19
2002;4;VSP;SBCT;SBGR;78,00;93
2002;4;VSP;SBGR;SBGL;120,00;281
2002;4;VSP;SBBR;SBCT;373,00;54
2002;4;VSP;SBFL;SBGR;230,00;54
2002;4;VSP;SBBR;SBSV;340,00;211
2002;4;VSP;SBBE;SBMQ;241,00;17
2002;4;VSP;SBBR;SBCF;320,00;13
2002;4;VSP;SBGR;SBBR;471,00;2
2002;4;VSP;SBSP;SBBH;222,00;47
2002;4;VSP;SBPA;SBGL;372,00;101
2002;4;VSP;SBBR;SBCF;363,00;6
2002;4;VSP;SBGL;SBSV;542,00;31
2002;4;VSP;SBBH;SBSP;315,00;1
2002;4;VSP;SBBR;SBSP;247,00;159
2002;4;VSP;SBSV;SBGL;297,00;610
2002;4;VSP;SBGL;SBBR;500,00;111
2002;4;VSP;SBRF;SBFZ;207,00;558
2002;4;VSP;SBSP;SBBH;315,00;2
2002;4;VSP;SBGR;SBCT;286,00;3
2002;4;VSP;SBMQ;SBBE;252,00;3
2002;4;VSP;SBGL;SBGR;283,00;5
2002;4;VSP;SBCT;SBGR;242,00;5
2002;4;VSP;SBPA;SBGR;456,00;10
2002;4;VSP;SBSV;SBBR;388,00;87
2002;4;VSP;SBCT;SBBR;303,00;76
2002;4;VSP;SBRF;SBFZ;292,00;31
2002;4;VSP;SBSV;SBGL;118,00;42
2002;4;VSP;SBBR;SBSV;526,00;45
2002;4;VSP;SBSV;SBBR;340,00;216
2002;4;VSP;SBBH;SBSP;329,00;1
2002;4;VSP;SBGR;SBBR;348,00;33
2002;4;VSP;SBGL;SBPA;148,00;253
2002;4;VSP;SBSV;SBGR;352,00;547
2002;4;VSP;SBGR;SBFL;187,00;75
2002;4;VSP;SBGR;SBEG;892,00;4
2002;4;VSP;SBGL;SBKP;286,00;2
2002;4;VSP;SBFZ;SBRF;93,00;128
2002;4;VSP;SBGR;SBPA;436,00;3
2002;4;VSP;SBEG;SBGR;629,00;271
2002;4;VSP;SBBH;SBSP;180,00;348
2002;4;VSP;SBBE;SBBR;609,00;13
2002;4;VSP;SBCF;SBGR;315,00;2
2002;4;VSP;SBMQ;SBBE;222,00;14
2002;4;VSP;SBPA;SBGL;148,00;258
2002;4;VSP;SBPA;SBBR;374,00;86
2002;4;VSP;SBFZ;SBRF;361,00;4
2002;4;VSP;SBRF;SBGL;543,00;73
2002;4;VSP;SBBR;SBCT;427,00;9
2002;4;VSP;SBBR;SBGL;440,00;17
2002;4;VSP;SBSV;SBBR;547,00;116
2002;4;VSP;SBGR;SBCT;262,00;2
2002;4;VSP;SBBR;SBGO;176,00;4
2002;4;VSP;SBCF;SBBR;363,00;3
2002;4;VSP;SBGR;SBFL;372,00;27
2002;4;VSP;SBRF;SBSV;330,00;14
2002;4;VSP;SBBR;SBBE;188,00;133
2002;4;VSP;SBPA;SBGR;308,00;187
2002;4;VSP;SBCT;SBBR;373,00;51
2002;4;VSP;SBPA;SBGL;302,00;530
2002;4;VSP;SBSP;SBBR;490,00;87
2002;4;VSP;SBGL;SBKP;193,00;13
2002;4;VSP;SBGL;SBCT;350,00;5
2002;4;VSP;SBGL;SBPA;551,00;1
2002;4;VSP;SBFL;SBGR;89,00;107
2002;4;VSP;SBSP;SBBH;358,00;32
2002;4;VSP;SBSV;SBGL;590,00;188
2002;4;VSP;SBBR;SBBE;349,00;249
2002;4;VSP;SBBE;SBMQ;78,00;170
2002;4;VSP;SBKP;SBGL;221,00;7
2002;4;VSP;SBCF;SBBR;395,00;42
2002;4;VSP;SBFZ;SBRF;255,00;110
2002;4;VSP;SBBR;SBGL;480,00;9
2002;4;VSP;SBRF;SBGL;765,00;65
2002;4;VSP;SBEG;SBGR;720,00;38
2002;4;VSP;SBBR;SBSV;547,00;89
2002;4;VSP;SBGL;SBCT;380,00;6
2002;4;VSP;SBBE;SBMQ;252,00;1
2002;4;VSP;SBGL;SBRF;734,00;25
2002;4;VSP;SBGR;SBCT;150,00;232
2002;4;VSP;SBRF;SBSV;408,00;63
2002;4;VSP;SBGR;SBCF;329,00;3
2002;4;VSP;SBKP;SBGL;157,00;112
2002;4;VSP;SBBR;SBGO;73,00;41
2002;4;VSP;SBSP;SBBR;471,00;2
2002;4;VSP;SBGR;SBEG;629,00;289
2002;4;VSP;SBGO;SBBR;141,00;15
2002;4;VSP;SBCT;SBGL;414,00;4
2002;4;VSP;SBBR;SBPA;188,00;43
2002;4;VSP;SBBR;SBGR;348,00;46
2002;4;VSP;SBBR;SBSP;348,00;50
2002;4;VSP;SBSP;SBBR;128,00;93
2002;4;VSP;SBGL;SBGR;259,00;17
2002;4;VSP;SBGR;SBSV;670,00;78
2002;4;VSP;SBCT;SBGR;275,00;3
2002;4;VSP;SBFZ;SBRF;378,00;4
2002;4;VSP;SBFZ;SBBR;450,00;208
2002;4;VSP;SBRF;SBSV;375,00;6
2002;4;VSP;SBRF;SBGL;385,00;563
2002;4;VSP;SBBH;SBSP;222,00;71
2002;4;VSP;SBSV;SBGL;418,00;102
2002;4;VSP;SBPA;SBBR;188,00;32
2002;4;VSP;SBBR;SBCT;553,00;2
2002;4;VSP;SBCF;SBBR;380,00;7
2002;4;VSP;SBRF;SBFZ;255,00;140
2002;4;VSP;SBGL;SBRF;543,00;101
2002;4;VSP;SBGR;SBCF;254,00;17
2002;4;VSP;SBBR;SBPA;528,00;22
2002;4;VSP;SBSV;SBGR;188,00;123
2002;4;VSP;SBSV;SBRF;289,00;7
2002;4;VSP;SBBR;SBCT;530,00;2
2002;4;VSP;SBSP;SBBH;107,00;184
2002;4;VSP;SBGR;SBCF;290,00;13
2002;4;VSP;SBSV;SBBR;443,00;79
2002;4;VSP;SBGR;SBGL;209,00;20
2002;4;VSP;SBGR;SBCF;358,00;98
2002;4;VSP;SBCT;SBGL;267,00;98
2002;4;VSP;SBGR;SBPA;496,00;118
2002;4;VSP;SBGR;SBGL;259,00;10
2002;4;VSP;SBBR;SBBE;562,00;49
2002;4;VSP;SBCT;SBBR;427,00;7
2002;4;VSP;SBGR;SBGL;183,00;122
2002;4;VSP;SBGR;SBCT;275,00;1
2002;4;VSP;SBBR;SBSV;388,00;125
2002;4;VSP;SBGL;SBPA;575,00;3
2002;4;VSP;SBCT;SBGR;150,00;278
2002;4;VSP;SBEG;SBGR;821,00;20
2002;4;VSP;SBCT;SBGL;432,00;6
2002;4;VSP;SBBE;SBBR;491,00;81
2002;4;VSP;SBMQ;SBBE;78,00;138
2002;4;VSP;SBCT;SBGR;262,00;5
2002;4;VSP;SBBE;SBBR;693,00;64
2002;4;VSP;SBPA;SBGR;496,00;116
2002;4;VSP;SBSP;SBRJ;120,00;25582
2002;4;VSP;SBCF;SBBR;108,00;22
2002;4;VSP;SBFZ;SBRF;394,00;7
2002;4;VSP;SBRF;SBGL;673,00;30
2002;4;VSP;SBFZ;SBBR;697,00;11
2002;4;VSP;SBBR;SBFZ;238,00;41
2002;4;VSP;SBGR;SBGL;283,00;4
2002;4;VSP;SBFZ;SBBR;639,00;33
2002;4;VSP;SBSV;SBRF;76,00;443
2002;4;VSP;SBGL;SBCT;398,00;2
2002;4;VSP;SBGL;SBBR;98,00;61
2002;4;VSP;SBKP;SBGL;193,00;25
2002;4;VSP;SBCT;SBGL;398,00;3
2002;4;VSP;SBGR;SBPA;402,00;44
2002;4;VSP;SBFZ;SBBR;726,00;109
2002;4;VSP;SBGL;SBPA;485,00;18
2002;4;VSP;SBGL;SBRF;704,00;27
2002;4;VSP;SBBR;SBPA;655,00;2
2002;4;VSP;SBGR;SBSV;496,00;203
2002;4;VSP;SBGR;SBCT;212,00;16
2002;4;VSP;SBCT;SBGL;217,00;167
2002;4;VSP;SBRF;SBSV;76,00;387
2002;4;VSP;SBGO;SBBR;161,00;9
2002;4;VSP;SBSV;SBBR;481,00;54
2002;4;VSP;SBGR;SBSV;433,00;688
2002;4;VSP;SBGL;SBSV;518,00;95
2002;4;VSP;SBFZ;SBBR;668,00;55
2002;4;VSP;SBGL;SBKP;221,00;5
2002;4;VSP;SBCF;SBBR;245,00;107
2002;4;VSP;SBGL;SBKP;68,00;13
2002;4;VSP;SBGL;SBCT;432,00;11
2002;4;VSP;SBGR;SBFL;357,00;11
2002;4;VSP;SBCT;SBGL;307,00;17
2002;4;VSP;SBFL;SBGR;301,00;4
2002;4;VSP;SBRF;SBGL;474,00;200
2002;4;VSP;SBCF;SBGR;344,00;5
2002;4;VSP;SBBR;SBGL;405,00;33
2002;4;VSP;SBGR;SBPA;308,00;195
2002;4;VSP;SBBR;SBBE;637,00;7
2002;4;VSP;SBSV;SBRF;205,00;280
2002;4;VSP;SBSV;SBGL;366,00;361
2002;4;VSP;SBBR;SBSV;504,00;69
2002;4;VSP;SBGL;SBBR;310,00;166
2002;4;VSP;SBGR;SBCF;344,00;5
2002;4;VSP;SBGR;SBEG;720,00;30
2002;4;VSP;SBGR;SBSV;642,00;106
2002;4;VSP;SBBE;SBMQ;169,00;34
2002;4;VSP;SBGO;SBBR;73,00;56
2002;4;VSP;SBSV;SBGL;566,00;23
2002;4;VSP;SBGL;SBBR;252,00;185
2002;4;VSP;SBSV;SBGL;478,00;149
2002;4;VSP;SBBE;SBMQ;194,00;61
2002;4;VSP;SBBE;SBBR;562,00;64
2002;4;VSP;SBPA;SBBR;713,00;2
2002;4;VSP;SBBE;SBBR;665,00;8
2002;4;VSP;SBRF;SBSV;253,00;68
2002;4;VSP;SBGR;SBBR;490,00;158
2002;4;VSP;SBBR;SBSP;471,00;2
2002;4;VSP;SBSV;SBGL;542,00;38
2002;4;VSP;SBBR;SBBE;430,00;208
2002;4;VSP;SBCT;SBGL;108,00;97
2002;4;VSP;SBSV;SBGR;614,00;34
2002;4;VSP;SBFL;SBGR;357,00;9
2002;4;VSP;SBGR;SBEG;1014,00;80
2002;4;VSP;SBCT;SBBR;578,00;3
2002;4;VSP;SBGR;SBEG;821,00;17
2002;4;VSP;SBSV;SBGR;698,00;187
2002;4;VSP;SBGL;SBRF;238,00;79
2002;4;VSP;SBGR;SBGL;271,00;3
2002;4;VSP;SBRF;SBSV;359,00;3
2002;4;VSP;SBPA;SBGL;527,00;10
2002;4;VSP;SBBE;SBMQ;222,00;12
2002;4;VSP;SBBE;SBBR;430,00;255
2002;4;VSP;SBGL;SBRF;474,00;266
2002;4;VSP;SBBR;SBGL;98,00;49
2002;4;VSP;SBSV;SBRF;359,00;1
2002;4;VSP;SBCF;SBGR;180,00;198
2002;4;VSP;SBCF;SBBR;281,00;17
2002;4;VSP;SBBR;SBFZ;697,00;17
2002;4;VSP;SBBR;SBSV;443,00;90
2002;4;VSP;SBBH;SBSP;107,00;221
2002;4;VSP;SBFL;SBGR;372,00;17
2002;4;VSP;SBRF;SBGL;620,00;70
2002;4;VSP;SBSP;SBBH;180,00;260
2002;4;VSP;SBRJ;SBSP;120,00;20408
2002;4;VSP;SBBE;SBBR;349,00;293
2002;4;VSP;SBGR;SBEG;974,00;4
2002;4;VSP;SBFZ;SBRF;292,00;26
2002;4;VSP;SBBR;SBCT;303,00;79
2002;4;VSP;SBGL;SBKP;274,00;1
2002;4;VSP;SBCT;SBGL;350,00;2
2002;4;VSP;SBCF;SBGR;329,00;6
2002;4;VSP;SBSP;SBBR;398,00;28
2002;4;VSP;SBGR;SBCF;315,00;1
2002;4;VSP;SBBE;SBMQ;274,00;59
2002;4;VSP;SBRF;SBSV;289,00;11
2002;4;VSP;SBRF;SBGL;734,00;28
2002;4;VSP;SBGR;SBSV;352,00;468
2002;4;VSP;SBGL;SBSV;366,00;391
2002;4;VSP;SBRF;SBSV;205,00;253
2002;4;VSP;SBBR;SBSP;398,00;17
2002;4;VSP;SBGL;SBBR;459,00;3
2002;4;VSP;SBBE;SBBR;637,00;5
2002;4;VSP;SBBR;SBGR;451,00;9
2002;4;VSP;SBGR;SBSV;566,00;77
2002;4;VSP;SBPA;SBGR;476,00;11
2002;4;VSP;SBBR;SBFZ;726,00;128
2002;4;VSP;SBSP;SBBH;344,00;3
2002;4;VSP;SBBR;SBGR;471,00;5
2002;4;VSP;SBRF;SBGL;238,00;78
2002;4;VSP;SBSP;SBBR;451,00;7
2002;4;VSP;SBBR;SBGO;191,00;3
2002;4;VSP;SBMQ;SBBE;262,00;3
2002;4;VSP;SBGR;SBCT;185,00;80
2002;4;VSP;SBBR;SBGL;355,00;113
2002;4;VSP;SBGL;SBSV;297,00;553
2002;4;VSP;SBCT;SBGR;298,00;136
2002;4;VSP;SBGR;SBSV;698,00;180
2002;4;VSP;SBPA;SBBR;528,00;35
2002;4;VSP;SBGR;SBPA;476,00;7
2002;4;VSP;SBBR;SBGL;252,00;217
2002;4;VSP;SBBR;SBPA;460,00;37
2002;4;VSP;SBBR;SBGO;199,00;10
2002;4;VSP;SBRF;SBSV;391,00;3
2002;4;VSP;SBFZ;SBBR;238,00;46
2002;4;VSP;SBMQ;SBBE;194,00;71
2002;4;VSP;SBBR;SBGL;459,00;6
