ANO;MES;EMPRESA;ORIGEM;DESTINO;TARIFA;ASSENTOS
2002;12;GLO;SBRJ;SBSP;124,00;11
2002;12;GLO;SBGL;SBBR;237,30;84
2002;12;GLO;SBKP;SBPA;246,00;13
2002;12;GLO;SBCT;SBRJ;247,80;699
2002;12;GLO;SBFL;SBGL;398,00;3
2002;12;GLO;SBSV;SBGL;358,94;545
2002;12;GLO;SBBR;SBFZ;488,00;13
2002;12;GLO;SBRJ;SBSP;251,50;4
2002;12;GLO;SBRJ;SBVT;232,14;51
2002;12;GLO;SBSP;SBBH;237,50;30
2002;12;GLO;SBRF;SBSV;178,62;861
2002;12;GLO;SBSP;SBBR;220,10;132
2002;12;GLO;SBGL;SBBR;306,82;4
2002;12;GLO;SBRJ;SBPA;479,20;4
2002;12;GLO;SBPA;SBBR;319,23;12
2002;12;GLO;SBBR;SBSP;349,29;124
2002;12;GLO;SBBR;SBRJ;251,71;29
2002;12;GLO;SBGL;SBSV;352,79;533
2002;12;GLO;SBSP;SBRJ;253,00;1
2002;12;GLO;SBFL;SBRJ;420,85;6
2002;12;GLO;SBCT;SBKP;145,00;5
2002;12;GLO;SBSP;SBBH;192,00;4
2002;12;GLO;SBFL;SBPA;228,00;3
2002;12;GLO;SBBR;SBSP;477,00;1
2002;12;GLO;SBCT;SBGL;221,40;122
2002;12;GLO;SBBH;SBRJ;213,54;59
2002;12;GLO;SBRJ;SBBR;443,00;1
2002;12;GLO;SBSV;SBBR;310,44;294
2002;12;GLO;SBBH;SBRJ;286,00;1
2002;12;GLO;SBRJ;SBKP;307,00;2
2002;12;GLO;SBBE;SBBR;457,46;108
2002;12;GLO;SBGL;SBPA;350,96;684
2002;12;GLO;SBRJ;SBVT;111,00;1
2002;12;GLO;SBSP;SBVT;327,50;27
2002;12;GLO;SBBR;SBSP;328,00;1
2002;12;GLO;SBSP;SBBH;375,00;2
2002;12;GLO;SBGO;SBSP;207,65;446
2002;12;GLO;SBFZ;SBRF;252,59;24
2002;12;GLO;SBBH;SBKP;356,00;1
2002;12;GLO;SBFL;SBSP;281,06;27
2002;12;GLO;SBBR;SBFZ;502,23;310
2002;12;GLO;SBSP;SBFL;325,15;38
2002;12;GLO;SBSV;SBRF;286,21;26
2002;12;GLO;SBSP;SBGO;275,04;987
2002;12;GLO;SBSP;SBFL;321,91;5
2002;12;GLO;SBGL;SBBR;352,00;1
2002;12;GLO;SBSP;SBNF;224,54;260
2002;12;GLO;SBBR;SBRJ;190,00;3
2002;12;GLO;SBBH;SBCT;439,00;1
2002;12;GLO;SBBR;SBSV;395,56;251
2002;12;GLO;SBCT;SBSP;202,27;2508
2002;12;GLO;SBSP;SBRJ;100,00;1
2002;12;GLO;SBPA;SBFL;166,34;956
2002;12;GLO;SBRJ;SBBH;254,00;1
2002;12;GLO;SBBH;SBBR;328,00;4
2002;12;GLO;SBBR;SBFL;539,16;5
2002;12;GLO;SBSP;SBBH;267,48;175
2002;12;GLO;SBKP;SBBR;380,00;9
2002;12;GLO;SBSP;SBFL;290,94;51
2002;12;GLO;SBRF;SBFZ;170,76;578
2002;12;GLO;SBGL;SBCT;150,00;4
2002;12;GLO;SBBR;SBCT;418,56;107
2002;12;GLO;SBBR;SBBE;541,05;60
2002;12;GLO;SBBR;SBSV;510,42;13
2002;12;GLO;SBGO;SBSP;270,49;1008
2002;12;GLO;SBBR;SBBH;283,15;155
2002;12;GLO;SBRJ;SBPA;411,47;85
2002;12;GLO;SBGL;SBSV;394,49;322
2002;12;GLO;SBFL;SBGL;347,11;44
2002;12;GLO;SBRJ;SBSP;186,64;239
2002;12;GLO;SBSP;SBGO;289,00;6
2002;12;GLO;SBCT;SBSP;234,52;105
2002;12;GLO;SBPA;SBSP;230,00;6
2002;12;GLO;SBBH;SBRJ;217,64;41
2002;12;GLO;SBSP;SBGL;168,66;3
2002;12;GLO;SBSV;SBBR;420,74;3
2002;12;GLO;SBPA;SBGL;393,24;92
2002;12;GLO;SBRF;SBFZ;466,44;15
2002;12;GLO;SBFZ;SBRF;180,97;294
2002;12;GLO;SBRF;SBSV;138,68;43
2002;12;GLO;SBCT;SBBR;566,00;1
2002;12;GLO;SBVT;SBRJ;180,76;57
2002;12;GLO;SBBR;SBRJ;202,50;9
2002;12;GLO;SBRJ;SBCT;503,33;5
2002;12;GLO;SBSP;SBPA;368,26;136
2002;12;GLO;SBRJ;SBSP;214,94;2507
2002;12;GLO;SBSP;SBPA;387,23;327
2002;12;GLO;SBRJ;SBSP;279,00;8
2002;12;GLO;SBGL;SBRF;565,83;5
2002;12;GLO;SBGL;SBSP;195,89;29
2002;12;GLO;SBVT;SBSP;171,00;37
2002;12;GLO;SBGL;SBSV;539,58;5
2002;12;GLO;SBFL;SBGL;403,60;21
2002;12;GLO;SBSP;SBGO;328,76;36
2002;12;GLO;SBRJ;SBBR;316,25;21
2002;12;GLO;SBVT;SBSP;386,97;8
2002;12;GLO;SBPA;SBGL;485,33;3
2002;12;GLO;SBSP;SBNF;334,92;13
2002;12;GLO;SBNF;SBSP;246,00;5
2002;12;GLO;SBBR;SBGL;318,96;118
2002;12;GLO;SBGL;SBFL;201,81;10
2002;12;GLO;SBSP;SBBR;308,57;64
2002;12;GLO;SBCT;SBRJ;265,00;1
2002;12;GLO;SBBR;SBKP;348,15;65
2002;12;GLO;SBSP;SBRJ;242,83;910
2002;12;GLO;SBGL;SBFL;366,28;47
2002;12;GLO;SBBR;SBSP;423,00;4
2002;12;GLO;SBCT;SBSP;219,20;740
2002;12;GLO;SBBE;SBBR;493,60;68
2002;12;GLO;SBRJ;SBKP;100,00;1
2002;12;GLO;SBPA;SBBR;438,89;306
2002;12;GLO;SBGL;SBSP;124,41;56
2002;12;GLO;SBBR;SBPA;538,40;4
2002;12;GLO;SBBE;SBBR;437,84;2
2002;12;GLO;SBFZ;SBBR;473,81;262
2002;12;GLO;SBRJ;SBCT;219,27;163
2002;12;GLO;SBPA;SBRJ;283,80;93
2002;12;GLO;SBSP;SBCT;284,80;51
2002;12;GLO;SBRJ;SBVT;161,71;539
2002;12;GLO;SBKP;SBCT;352,00;4
2002;12;GLO;SBGL;SBSV;250,00;3
2002;12;GLO;SBBH;SBBR;252,76;802
2002;12;GLO;SBGO;SBSP;279,05;106
2002;12;GLO;SBKP;SBBR;352,41;103
2002;12;GLO;SBKP;SBCT;227,96;98
2002;12;GLO;SBSP;SBGL;170,35;481
2002;12;GLO;SBBR;SBRJ;217,38;315
2002;12;GLO;SBGL;SBFL;544,15;30
2002;12;GLO;SBFL;SBGL;450,00;2
2002;12;GLO;SBPA;SBFL;146,04;473
2002;12;GLO;SBPA;SBSP;437,00;21
2002;12;GLO;SBCT;SBSP;218,90;417
2002;12;GLO;SBSP;SBFL;137,79;106
2002;12;GLO;SBSP;SBPA;343,07;47
2002;12;GLO;SBCT;SBSP;100,00;4
2002;12;GLO;SBPA;SBCT;231,63;1530
2002;12;GLO;SBGL;SBPA;236,00;33
2002;12;GLO;SBPA;SBKP;367,42;64
2002;12;GLO;SBSP;SBBR;355,27;10
2002;12;GLO;SBCT;SBBR;306,72;780
2002;12;GLO;SBRJ;SBVT;239,25;6
2002;12;GLO;SBFL;SBSP;139,82;90
2002;12;GLO;SBSP;SBBR;264,00;1
2002;12;GLO;SBSP;SBNF;350,22;8
2002;12;GLO;SBFL;SBSP;324,00;4
2002;12;GLO;SBBH;SBCT;344,17;13
2002;12;GLO;SBNF;SBSP;194,26;155
2002;12;GLO;SBPA;SBSP;273,33;53
2002;12;GLO;SBSP;SBRJ;175,11;228
2002;12;GLO;SBGL;SBRF;621,84;35
2002;12;GLO;SBKP;SBRJ;132,62;14
2002;12;GLO;SBBR;SBPA;434,81;543
2002;12;GLO;SBBE;SBMQ;150,45;364
2002;12;GLO;SBKP;SBBR;480,00;1
2002;12;GLO;SBBR;SBBE;451,95;158
2002;12;GLO;SBSP;SBBR;265,15;101
2002;12;GLO;SBRJ;SBKP;133,17;15
2002;12;GLO;SBBR;SBRJ;399,21;172
2002;12;GLO;SBBR;SBBH;305,79;20
2002;12;GLO;SBCT;SBKP;187,18;124
2002;12;GLO;SBBR;SBFZ;553,11;413
2002;12;GLO;SBSP;SBFL;189,00;4
2002;12;GLO;SBKP;SBRJ;181,66;413
2002;12;GLO;SBPA;SBKP;484,50;2
2002;12;GLO;SBGL;SBCT;318,00;10
2002;12;GLO;SBKP;SBRJ;133,07;38
2002;12;GLO;SBGL;SBSP;279,00;5
2002;12;GLO;SBPA;SBBR;411,55;16
2002;12;GLO;SBGL;SBSP;245,00;1
2002;12;GLO;SBSP;SBPA;432,71;6
2002;12;GLO;SBCT;SBBH;328,23;88
2002;12;GLO;SBSP;SBFL;266,48;299
2002;12;GLO;SBSP;SBCT;303,00;9
2002;12;GLO;SBSP;SBPA;445,00;3
2002;12;GLO;SBFL;SBPA;166,84;848
2002;12;GLO;SBSP;SBNF;134,76;15
2002;12;GLO;SBGL;SBCT;265,00;16
2002;12;GLO;SBBR;SBGL;276,78;218
2002;12;GLO;SBBR;SBBH;198,61;64
2002;12;GLO;SBRJ;SBFL;392,19;28
2002;12;GLO;SBCT;SBBH;278,64;206
2002;12;GLO;SBCT;SBBH;247,67;271
2002;12;GLO;SBPA;SBKP;460,00;1
2002;12;GLO;SBBR;SBPA;296,42;13
2002;12;GLO;SBSP;SBPA;280,81;66
2002;12;GLO;SBSP;SBFL;151,38;12
2002;12;GLO;SBFZ;SBBR;611,94;8
2002;12;GLO;SBRF;SBGL;250,00;4
2002;12;GLO;SBBR;SBCT;484,00;1
2002;12;GLO;SBRF;SBSV;211,75;11
2002;12;GLO;SBVT;SBSP;387,00;2
2002;12;GLO;SBRF;SBGL;467,80;441
2002;12;GLO;SBBH;SBKP;322,00;1
2002;12;GLO;SBGL;SBRF;536,82;251
2002;12;GLO;SBRF;SBFZ;213,18;364
2002;12;GLO;SBSP;SBRJ;300,96;40
2002;12;GLO;SBKP;SBBR;224,77;8
2002;12;GLO;SBRF;SBSV;263,74;35
2002;12;GLO;SBCT;SBPA;229,59;1670
2002;12;GLO;SBBE;SBBR;628,00;1
2002;12;GLO;SBGL;SBRF;605,00;12
2002;12;GLO;SBSP;SBFL;159,46;79
2002;12;GLO;SBGL;SBCT;330,13;33
2002;12;GLO;SBPA;SBFL;191,00;17
2002;12;GLO;SBBH;SBRJ;160,04;992
2002;12;GLO;SBRJ;SBBH;183,00;9
2002;12;GLO;SBFL;SBSP;196,99;2517
2002;12;GLO;SBSP;SBBH;256,58;1410
2002;12;GLO;SBBR;SBGL;234,00;6
2002;12;GLO;SBSP;SBBH;275,21;852
2002;12;GLO;SBBR;SBBH;230,00;2
2002;12;GLO;SBFZ;SBRF;128,73;52
2002;12;GLO;SBBH;SBKP;197,00;2
2002;12;GLO;SBRJ;SBVT;203,08;41
2002;12;GLO;SBKP;SBPA;478,00;2
2002;12;GLO;SBVT;SBRJ;127,17;1223
2002;12;GLO;SBSV;SBBR;346,69;54
2002;12;GLO;SBRJ;SBFL;354,23;84
2002;12;GLO;SBGL;SBSV;312,51;31
2002;12;GLO;SBSP;SBPA;369,72;816
2002;12;GLO;SBBR;SBBE;574,54;4
2002;12;GLO;SBCT;SBSP;185,00;127
2002;12;GLO;SBBE;SBMQ;183,17;261
2002;12;GLO;SBPA;SBRJ;596,50;5
2002;12;GLO;SBSP;SBRJ;231,21;8903
2002;12;GLO;SBBR;SBCT;343,61;380
2002;12;GLO;SBRJ;SBVT;149,00;3
2002;12;GLO;SBBR;SBCT;270,97;303
2002;12;GLO;SBSP;SBFL;356,75;33
2002;12;GLO;SBRJ;SBBH;160,80;855
2002;12;GLO;SBPA;SBBR;336,00;2
2002;12;GLO;SBGL;SBSP;100,00;32
2002;12;GLO;SBPA;SBCT;289,00;1
2002;12;GLO;SBMQ;SBBE;184,06;319
2002;12;GLO;SBFL;SBPA;115,28;14
2002;12;GLO;SBBR;SBFL;349,77;160
2002;12;GLO;SBBH;SBSP;235,25;2563
2002;12;GLO;SBRJ;SBVT;100,00;9
2002;12;GLO;SBFL;SBBR;297,00;1
2002;12;GLO;SBRJ;SBKP;279,00;1
2002;12;GLO;SBFL;SBGL;255,00;2
2002;12;GLO;SBRJ;SBCT;182,00;13
2002;12;GLO;SBCT;SBPA;194,37;100
2002;12;GLO;SBVT;SBRJ;102,00;21
2002;12;GLO;SBRJ;SBFL;222,00;14
2002;12;GLO;SBVT;SBSP;237,14;19
2002;12;GLO;SBBH;SBSP;623,00;1
2002;12;GLO;SBPA;SBGL;430,83;19
2002;12;GLO;SBBR;SBRJ;254,97;2087
2002;12;GLO;SBPA;SBRJ;455,00;8
2002;12;GLO;SBRJ;SBBH;190,64;193
2002;12;GLO;SBPA;SBGL;467,93;13
2002;12;GLO;SBRF;SBSV;300,00;2
2002;12;GLO;SBCT;SBKP;135,92;12
2002;12;GLO;SBRJ;SBPA;461,87;9
2002;12;GLO;SBBR;SBBE;489,09;58
2002;12;GLO;SBBH;SBBR;288,73;21
2002;12;GLO;SBPA;SBBR;285,92;42
2002;12;GLO;SBBR;SBPA;467,00;1
2002;12;GLO;SBSP;SBVT;348,36;34
2002;12;GLO;SBFL;SBRJ;268,01;210
2002;12;GLO;SBBR;SBGL;343,00;1
2002;12;GLO;SBSP;SBGL;100,00;18
2002;12;GLO;SBRJ;SBKP;124,88;30
2002;12;GLO;SBFL;SBGL;212,75;11
2002;12;GLO;SBSV;SBGL;475,38;23
2002;12;GLO;SBFL;SBSP;168,86;64
2002;12;GLO;SBBR;SBSP;248,66;44
2002;12;GLO;SBBR;SBSV;278,21;594
2002;12;GLO;SBBR;SBRJ;189,22;299
2002;12;GLO;SBSP;SBNF;248,47;209
2002;12;GLO;SBBH;SBSP;278,64;558
2002;12;GLO;SBSP;SBCT;339,86;13
2002;12;GLO;SBSV;SBGL;524,34;17
2002;12;GLO;SBCT;SBBH;337,29;13
2002;12;GLO;SBPA;SBCT;204,15;160
2002;12;GLO;SBSP;SBGL;245,00;3
2002;12;GLO;SBBR;SBGL;333,81;27
2002;12;GLO;SBBE;SBMQ;257,00;3
2002;12;GLO;SBCT;SBPA;252,98;103
2002;12;GLO;SBPA;SBSP;372,84;133
2002;12;GLO;SBFL;SBSP;177,05;638
2002;12;GLO;SBRJ;SBPA;277,65;98
2002;12;GLO;SBBE;SBMQ;137,50;5
2002;12;GLO;SBFL;SBBR;367,48;77
2002;12;GLO;SBFL;SBPA;209,40;24
2002;12;GLO;SBGL;SBCT;450,41;5
2002;12;GLO;SBBE;SBMQ;139,04;390
2002;12;GLO;SBKP;SBBH;248,24;54
2002;12;GLO;SBBH;SBBR;314,82;15
2002;12;GLO;SBFL;SBBR;415,49;234
2002;12;GLO;SBSV;SBRF;181,29;678
2002;12;GLO;SBSV;SBGL;250,00;2
2002;12;GLO;SBKP;SBBR;301,77;105
2002;12;GLO;SBRJ;SBCT;210,00;8
2002;12;GLO;SBBR;SBBH;393,00;1
2002;12;GLO;SBGL;SBSP;194,17;399
2002;12;GLO;SBMQ;SBBE;140,35;355
2002;12;GLO;SBBH;SBSP;165,32;49
2002;12;GLO;SBSV;SBGL;596,00;2
2002;12;GLO;SBSV;SBRF;249,27;141
2002;12;GLO;SBGL;SBPA;503,33;3
2002;12;GLO;SBSP;SBFL;215,69;2481
2002;12;GLO;SBFL;SBRJ;222,00;18
2002;12;GLO;SBFL;SBSP;218,09;1282
2002;12;GLO;SBPA;SBFL;106,10;26
2002;12;GLO;SBCT;SBBR;273,71;271
2002;12;GLO;SBFL;SBSP;246,27;199
2002;12;GLO;SBRJ;SBCT;317,65;39
2002;12;GLO;SBSP;SBGL;202,15;464
2002;12;GLO;SBKP;SBRJ;214,43;747
2002;12;GLO;SBBR;SBGL;259,79;679
2002;12;GLO;SBGL;SBSP;187,00;1
2002;12;GLO;SBGL;SBBR;312,78;212
2002;12;GLO;SBKP;SBPA;401,17;126
2002;12;GLO;SBGL;SBSV;246,00;6
2002;12;GLO;SBBR;SBPA;516,59;124
2002;12;GLO;SBSV;SBRF;278,78;117
2002;12;GLO;SBBH;SBCT;215,16;146
2002;12;GLO;SBPA;SBBR;607,25;4
2002;12;GLO;SBVT;SBRJ;233,63;17
2002;12;GLO;SBGL;SBFL;329,32;411
2002;12;GLO;SBRJ;SBBR;336,89;200
2002;12;GLO;SBBR;SBGL;150,00;1
2002;12;GLO;SBBR;SBSP;331,79;1602
2002;12;GLO;SBGL;SBCT;218,46;13
2002;12;GLO;SBSV;SBRF;198,63;517
2002;12;GLO;SBBR;SBSV;573,00;3
2002;12;GLO;SBBR;SBBE;658,00;1
2002;12;GLO;SBSP;SBPA;481,00;1
2002;12;GLO;SBPA;SBKP;421,50;231
2002;12;GLO;SBSP;SBNF;246,00;13
2002;12;GLO;SBFL;SBGL;323,93;191
2002;12;GLO;SBBR;SBPA;481,70;76
2002;12;GLO;SBFL;SBRJ;397,46;9
2002;12;GLO;SBBR;SBFL;398,60;380
2002;12;GLO;SBCT;SBSP;155,91;41
2002;12;GLO;SBSV;SBRF;158,65;9
2002;12;GLO;SBBR;SBKP;397,48;38
2002;12;GLO;SBCT;SBBR;490,64;13
2002;12;GLO;SBSP;SBGL;199,00;29
2002;12;GLO;SBKP;SBPA;426,63;248
2002;12;GLO;SBRJ;SBBR;150,00;4
2002;12;GLO;SBFL;SBBR;229,50;2
2002;12;GLO;SBFL;SBBR;389,42;6
2002;12;GLO;SBGL;SBFL;341,46;55
2002;12;GLO;SBBH;SBBR;278,99;1151
2002;12;GLO;SBVT;SBSP;278,00;1
2002;12;GLO;SBGL;SBBR;262,60;678
2002;12;GLO;SBBR;SBBH;289,22;20
2002;12;GLO;SBSV;SBBR;285,79;374
2002;12;GLO;SBVT;SBSP;297,05;61
2002;12;GLO;SBFL;SBBR;548,00;1
2002;12;GLO;SBBH;SBCT;365,00;3
2002;12;GLO;SBBH;SBKP;237,83;3
2002;12;GLO;SBRJ;SBCT;293,53;12
2002;12;GLO;SBSP;SBVT;402,03;7
2002;12;GLO;SBRJ;SBBR;283,84;67
2002;12;GLO;SBBR;SBRJ;270,89;40
2002;12;GLO;SBGL;SBFL;423,50;11
2002;12;GLO;SBRJ;SBFL;422,40;24
2002;12;GLO;SBBH;SBKP;305,10;4
2002;12;GLO;SBVT;SBRJ;142,51;1672
2002;12;GLO;SBFL;SBPA;145,19;383
2002;12;GLO;SBKP;SBCT;275,00;12
2002;12;GLO;SBVT;SBRJ;256,51;23
2002;12;GLO;SBNF;SBSP;228,06;283
2002;12;GLO;SBBH;SBRJ;100,00;5
2002;12;GLO;SBRJ;SBCT;371,00;1
2002;12;GLO;SBPA;SBCT;242,95;405
2002;12;GLO;SBBH;SBSP;296,01;219
2002;12;GLO;SBBR;SBSV;434,61;28
2002;12;GLO;SBBR;SBPA;370,71;916
2002;12;GLO;SBGL;SBCT;210,00;1
2002;12;GLO;SBPA;SBGL;232,42;30
2002;12;GLO;SBRF;SBGL;578,67;13
2002;12;GLO;SBRJ;SBBR;228,98;83
2002;12;GLO;SBCT;SBKP;221,70;107
2002;12;GLO;SBGL;SBPA;392,85;107
2002;12;GLO;SBBR;SBRJ;323,47;300
2002;12;GLO;SBBR;SBSP;317,27;127
2002;12;GLO;SBFZ;SBBR;515,09;202
2002;12;GLO;SBKP;SBBH;322,00;1
2002;12;GLO;SBBR;SBFZ;746,00;1
2002;12;GLO;SBFL;SBBR;448,11;209
2002;12;GLO;SBPA;SBGL;318,28;1328
2002;12;GLO;SBSP;SBBH;358,00;1
2002;12;GLO;SBSP;SBGL;182,54;1105
2002;12;GLO;SBSV;SBBR;549,00;1
2002;12;GLO;SBSP;SBRJ;265,00;3
2002;12;GLO;SBVT;SBRJ;100,00;11
2002;12;GLO;SBRJ;SBPA;344,00;2
2002;12;GLO;SBPA;SBSP;287,00;1
2002;12;GLO;SBNF;SBSP;336,00;1
2002;12;GLO;SBRJ;SBPA;250,00;1
2002;12;GLO;SBRJ;SBFL;311,46;12
2002;12;GLO;SBSP;SBFL;386,33;140
2002;12;GLO;SBBR;SBSV;584,31;19
2002;12;GLO;SBKP;SBBR;329,30;191
2002;12;GLO;SBKP;SBCT;205,53;282
2002;12;GLO;SBPA;SBFL;273,12;62
2002;12;GLO;SBBR;SBFZ;821,02;37
2002;12;GLO;SBRJ;SBBH;236,00;2
2002;12;GLO;SBRJ;SBBR;404,00;2
2002;12;GLO;SBVT;SBSP;257,16;274
2002;12;GLO;SBKP;SBRJ;100,00;2
2002;12;GLO;SBCT;SBSP;210,00;10
2002;12;GLO;SBRF;SBGL;601,38;8
2002;12;GLO;SBSP;SBBH;337,00;2
2002;12;GLO;SBBR;SBFL;444,00;2
2002;12;GLO;SBSV;SBRF;237,41;11
2002;12;GLO;SBSV;SBGL;388,28;176
2002;12;GLO;SBBH;SBSP;150,00;1
2002;12;GLO;SBBR;SBKP;274,00;1
2002;12;GLO;SBSP;SBVT;165,97;15
2002;12;GLO;SBSP;SBGO;187,09;79
2002;12;GLO;SBGL;SBSP;181,89;1813
2002;12;GLO;SBSP;SBVT;278,00;1
2002;12;GLO;SBCT;SBGL;323,46;13
2002;12;GLO;SBNF;SBSP;158,00;4
2002;12;GLO;SBSV;SBGL;385,00;13
2002;12;GLO;SBFL;SBGL;313,31;43
2002;12;GLO;SBCT;SBKP;211,36;282
2002;12;GLO;SBSP;SBBH;208,05;727
2002;12;GLO;SBCT;SBRJ;321,42;31
2002;12;GLO;SBGO;SBSP;437,12;38
2002;12;GLO;SBCT;SBRJ;277,99;566
2002;12;GLO;SBCT;SBPA;272,00;4
2002;12;GLO;SBSP;SBRJ;168,50;2
2002;12;GLO;SBSP;SBRJ;229,46;1107
2002;12;GLO;SBFL;SBRJ;215,76;12
2002;12;GLO;SBKP;SBCT;237,83;43
2002;12;GLO;SBRJ;SBSP;199,00;158
2002;12;GLO;SBBR;SBSP;388,66;13
2002;12;GLO;SBFZ;SBBR;250,00;2
2002;12;GLO;SBSP;SBFL;100,00;13
2002;12;GLO;SBBR;SBRJ;349,53;300
2002;12;GLO;SBSP;SBBH;299,28;6
2002;12;GLO;SBVT;SBSP;212,42;698
2002;12;GLO;SBSP;SBBR;370,65;42
2002;12;GLO;SBGL;SBPA;250,66;8
2002;12;GLO;SBCT;SBSP;282,50;2
2002;12;GLO;SBMQ;SBBE;172,98;1014
2002;12;GLO;SBRJ;SBVT;127,00;1089
2002;12;GLO;SBBR;SBCT;255,00;11
2002;12;GLO;SBPA;SBGL;282,87;347
2002;12;GLO;SBRJ;SBSP;227,21;1028
2002;12;GLO;SBBE;SBMQ;77,33;3
2002;12;GLO;SBRJ;SBBR;186,75;330
2002;12;GLO;SBKP;SBBH;277,31;101
2002;12;GLO;SBCT;SBBR;444,00;2
2002;12;GLO;SBPA;SBSP;366,07;2868
2002;12;GLO;SBBH;SBSP;280,14;6
2002;12;GLO;SBRJ;SBSP;315,00;1
2002;12;GLO;SBPA;SBCT;156,83;69
2002;12;GLO;SBGL;SBSV;514,34;248
2002;12;GLO;SBRF;SBGL;541,62;77
2002;12;GLO;SBPA;SBFL;100,00;1
2002;12;GLO;SBPA;SBRJ;332,00;11
2002;12;GLO;SBPA;SBFL;200,32;301
2002;12;GLO;SBGL;SBSV;279,96;850
2002;12;GLO;SBFL;SBSP;255,00;6
2002;12;GLO;SBGL;SBCT;226,22;157
2002;12;GLO;SBBR;SBSP;349,50;101
2002;12;GLO;SBGL;SBRF;430,20;22
2002;12;GLO;SBSV;SBGL;531,98;26
2002;12;GLO;SBGL;SBFL;150,00;1
2002;12;GLO;SBRJ;SBKP;250,00;10
2002;12;GLO;SBFL;SBPA;137,00;1
2002;12;GLO;SBCT;SBSP;129,35;99
2002;12;GLO;SBSV;SBGL;227,96;89
2002;12;GLO;SBSP;SBBR;336,05;1777
2002;12;GLO;SBGL;SBSP;171,79;30
2002;12;GLO;SBRF;SBFZ;134,08;55
2002;12;GLO;SBBR;SBCT;400,43;37
2002;12;GLO;SBCT;SBPA;160,70;85
2002;12;GLO;SBGO;SBSP;189,47;92
2002;12;GLO;SBSP;SBCT;132,75;29
2002;12;GLO;SBGL;SBBR;282,25;298
2002;12;GLO;SBCT;SBGL;356,62;12
2002;12;GLO;SBBR;SBFL;551,25;7
2002;12;GLO;SBRJ;SBCT;150,00;1
2002;12;GLO;SBSP;SBVT;259,07;376
2002;12;GLO;SBCT;SBSP;271,00;13
2002;12;GLO;SBRF;SBGL;422,11;332
2002;12;GLO;SBRF;SBFZ;177,92;342
2002;12;GLO;SBBH;SBBR;301,95;21
2002;12;GLO;SBPA;SBCT;257,96;96
2002;12;GLO;SBSV;SBRF;416,00;1
2002;12;GLO;SBRJ;SBFL;525,36;28
2002;12;GLO;SBRJ;SBCT;321,26;70
2002;12;GLO;SBFL;SBSP;347,00;4
2002;12;GLO;SBBR;SBFL;274,50;9
2002;12;GLO;SBBR;SBCT;694,00;4
2002;12;GLO;SBRF;SBFZ;118,50;4
2002;12;GLO;SBPA;SBSP;418,20;9
2002;12;GLO;SBBR;SBGL;400,23;42
2002;12;GLO;SBSP;SBFL;226,65;36
2002;12;GLO;SBSP;SBNF;246,06;17
2002;12;GLO;SBCT;SBGL;210,00;6
2002;12;GLO;SBRJ;SBFL;300,08;454
2002;12;GLO;SBBR;SBBH;273,97;1009
2002;12;GLO;SBCT;SBSP;246,15;35
2002;12;GLO;SBGL;SBPA;271,00;7
2002;12;GLO;SBRJ;SBFL;429,00;1
2002;12;GLO;SBPA;SBBR;484,65;64
2002;12;GLO;SBBR;SBCT;561,00;2
2002;12;GLO;SBKP;SBBH;197,00;3
2002;12;GLO;SBBR;SBFL;456,58;123
2002;12;GLO;SBSP;SBGO;459,79;31
2002;12;GLO;SBRJ;SBBH;100,00;5
2002;12;GLO;SBGL;SBCT;182,00;7
2002;12;GLO;SBRJ;SBCT;276,29;332
2002;12;GLO;SBFL;SBGL;261,89;120
2002;12;GLO;SBSP;SBNF;204,05;18
2002;12;GLO;SBRF;SBSV;197,29;595
2002;12;GLO;SBSP;SBFL;193,60;3005
2002;12;GLO;SBBR;SBKP;238,00;6
2002;12;GLO;SBGL;SBSV;602,48;73
2002;12;GLO;SBBR;SBRJ;330,00;12
2002;12;GLO;SBSP;SBCT;203,12;2113
2002;12;GLO;SBRJ;SBPA;357,63;325
2002;12;GLO;SBSP;SBCT;214,03;626
2002;12;GLO;SBSP;SBBR;421,00;1
2002;12;GLO;SBBR;SBFZ;314,42;127
2002;12;GLO;SBRJ;SBFL;266,88;175
2002;12;GLO;SBRJ;SBBH;216,25;56
2002;12;GLO;SBFZ;SBBR;496,12;29
2002;12;GLO;SBBR;SBCT;297,99;900
2002;12;GLO;SBBE;SBBR;433,48;73
2002;12;GLO;SBRJ;SBSP;232,10;6771
2002;12;GLO;SBFL;SBSP;371,00;7
2002;12;GLO;SBCT;SBPA;239,25;408
2002;12;GLO;SBSP;SBVT;280,62;86
2002;12;GLO;SBGL;SBSP;173,14;726
2002;12;GLO;SBGL;SBSP;232,52;107
2002;12;GLO;SBFL;SBSP;357,00;4
2002;12;GLO;SBSP;SBGL;211,05;52
2002;12;GLO;SBSP;SBGL;122,94;42
2002;12;GLO;SBSP;SBBR;370,00;11
2002;12;GLO;SBBE;SBMQ;127,13;621
2002;12;GLO;SBBR;SBFZ;392,78;34
2002;12;GLO;SBBR;SBBH;391,78;78
2002;12;GLO;SBSP;SBRJ;272,65;20
2002;12;GLO;SBBR;SBPA;424,07;3
2002;12;GLO;SBBH;SBCT;277,37;310
2002;12;GLO;SBCT;SBSP;185,87;21
2002;12;GLO;SBSP;SBGL;187,00;13
2002;12;GLO;SBRJ;SBBR;293,00;12
2002;12;GLO;SBPA;SBBR;561,00;8
2002;12;GLO;SBFL;SBRJ;233,85;13
2002;12;GLO;SBPA;SBRJ;356,47;345
2002;12;GLO;SBGL;SBCT;275,76;305
2002;12;GLO;SBRJ;SBSP;242,28;1011
2002;12;GLO;SBBH;SBSP;263,00;7
2002;12;GLO;SBSV;SBBR;432,62;26
2002;12;GLO;SBSP;SBCT;254,50;21
2002;12;GLO;SBCT;SBRJ;252,97;35
2002;12;GLO;SBBH;SBRJ;190,08;321
2002;12;GLO;SBBH;SBSP;238,60;31
2002;12;GLO;SBRJ;SBFL;452,00;1
2002;12;GLO;SBGL;SBPA;284,61;377
2002;12;GLO;SBFZ;SBBR;534,39;59
2002;12;GLO;SBRF;SBSV;248,80;14
2002;12;GLO;SBBH;SBRJ;147,70;4
2002;12;GLO;SBSP;SBCT;268,17;15
2002;12;GLO;SBKP;SBPA;446,00;5
2002;12;GLO;SBFL;SBPA;180,56;749
2002;12;GLO;SBVT;SBRJ;149,00;3
2002;12;GLO;SBSP;SBRJ;198,55;201
2002;12;GLO;SBGL;SBPA;315,26;1317
2002;12;GLO;SBSP;SBGO;293,36;168
2002;12;GLO;SBRF;SBGL;532,68;416
2002;12;GLO;SBBR;SBFL;721,00;7
2002;12;GLO;SBFL;SBGL;302,97;399
2002;12;GLO;SBGO;SBSP;289,00;10
2002;12;GLO;SBKP;SBBH;299,27;39
2002;12;GLO;SBCT;SBRJ;338,37;7
2002;12;GLO;SBBR;SBSP;358,77;1634
2002;12;GLO;SBRJ;SBBR;313,91;822
2002;12;GLO;SBKP;SBRJ;134,06;7
2002;12;GLO;SBMQ;SBBE;148,54;555
2002;12;GLO;SBKP;SBPA;323,00;3
2002;12;GLO;SBSP;SBRJ;125,80;13
2002;12;GLO;SBSP;SBVT;150,00;2
2002;12;GLO;SBBH;SBBR;283,49;170
2002;12;GLO;SBRF;SBFZ;251,04;51
2002;12;GLO;SBRJ;SBSP;209,00;1
2002;12;GLO;SBFL;SBRJ;150,00;1
2002;12;GLO;SBRJ;SBFL;542,05;30
2002;12;GLO;SBFL;SBRJ;341,50;4
2002;12;GLO;SBSP;SBBR;360,30;1571
2002;12;GLO;SBFZ;SBBR;410,14;34
2002;12;GLO;SBCT;SBBH;365,00;1
2002;12;GLO;SBFL;SBRJ;319,61;166
2002;12;GLO;SBRJ;SBSP;253,00;12
2002;12;GLO;SBGL;SBSV;526,35;74
2002;12;GLO;SBRJ;SBKP;214,25;479
2002;12;GLO;SBBR;SBGL;302,91;284
2002;12;GLO;SBBR;SBBH;295,50;16
2002;12;GLO;SBFL;SBSP;164,00;2
2002;12;GLO;SBGO;SBSP;246,61;1257
2002;12;GLO;SBBR;SBCT;177,60;4
2002;12;GLO;SBGL;SBSP;202,60;175
2002;12;GLO;SBSP;SBGL;191,94;656
2002;12;GLO;SBPA;SBRJ;271,00;1
2002;12;GLO;SBSP;SBCT;211,14;287
2002;12;GLO;SBKP;SBBR;325,33;32
2002;12;GLO;SBCT;SBRJ;210,00;4
2002;12;GLO;SBBH;SBRJ;176,17;2896
2002;12;GLO;SBFL;SBRJ;306,51;426
2002;12;GLO;SBBH;SBSP;209,97;733
2002;12;GLO;SBCT;SBBR;222,00;4
2002;12;GLO;SBSP;SBPA;403,50;83
2002;12;GLO;SBPA;SBKP;396,48;157
2002;12;GLO;SBRJ;SBBR;202,50;13
2002;12;GLO;SBRJ;SBVT;98,48;33
2002;12;GLO;SBGL;SBRF;784,00;1
2002;12;GLO;SBPA;SBBR;386,44;675
2002;12;GLO;SBSP;SBNF;265,91;86
2002;12;GLO;SBSV;SBBR;345,87;185
2002;12;GLO;SBSP;SBPA;150,00;4
2002;12;GLO;SBBR;SBBE;292,69;21
2002;12;GLO;SBRJ;SBPA;393,56;49
2002;12;GLO;SBGL;SBFL;468,58;78
2002;12;GLO;SBCT;SBGL;182,00;4
2002;12;GLO;SBBR;SBPA;333,18;194
2002;12;GLO;SBBR;SBGL;225,00;1
2002;12;GLO;SBBR;SBFZ;381,65;681
2002;12;GLO;SBBR;SBRJ;150,00;4
2002;12;GLO;SBBH;SBKP;289,86;39
2002;12;GLO;SBRJ;SBCT;265,00;11
2002;12;GLO;SBSP;SBNF;188,81;193
2002;12;GLO;SBBH;SBBR;249,78;31
2002;12;GLO;SBRJ;SBBR;263,96;1991
2002;12;GLO;SBCT;SBBR;606,00;1
2002;12;GLO;SBGL;SBSV;297,82;1279
2002;12;GLO;SBBR;SBKP;316,76;21
2002;12;GLO;SBRJ;SBBH;220,30;38
2002;12;GLO;SBFZ;SBRF;219,16;294
2002;12;GLO;SBBR;SBSV;414,69;141
2002;12;GLO;SBFZ;SBRF;167,59;656
2002;12;GLO;SBBH;SBCT;247,81;228
2002;12;GLO;SBFZ;SBBR;685,00;4
2002;12;GLO;SBGL;SBRF;455,46;678
2002;12;GLO;SBGL;SBRF;571,00;4
2002;12;GLO;SBBR;SBSV;341,00;13
2002;12;GLO;SBRF;SBGL;540,06;13
2002;12;GLO;SBRF;SBGL;639,12;7
2002;12;GLO;SBRF;SBGL;353,68;111
2002;12;GLO;SBSP;SBPA;230,00;10
2002;12;GLO;SBBH;SBKP;254,41;46
2002;12;GLO;SBPA;SBKP;246,00;4
2002;12;GLO;SBBR;SBKP;298,73;102
2002;12;GLO;SBRJ;SBVT;178,28;100
2002;12;GLO;SBBH;SBSP;182,40;9
2002;12;GLO;SBRJ;SBFL;476,00;1
2002;12;GLO;SBSP;SBBH;150,00;2
2002;12;GLO;SBSP;SBCT;146,20;38
2002;12;GLO;SBSV;SBGL;340,15;34
2002;12;GLO;SBRJ;SBSP;196,44;1425
2002;12;GLO;SBCT;SBGL;269,29;317
2002;12;GLO;SBBE;SBBR;501,11;60
2002;12;GLO;SBPA;SBGL;250,00;1
2002;12;GLO;SBSP;SBFL;239,09;647
2002;12;GLO;SBBR;SBFL;639,00;2
2002;12;GLO;SBVT;SBSP;234,90;639
2002;12;GLO;SBSP;SBBR;423,00;1
2002;12;GLO;SBSP;SBRJ;207,10;35
2002;12;GLO;SBGL;SBBR;293,00;5
2002;12;GLO;SBSV;SBGL;420,00;11
2002;12;GLO;SBBR;SBBH;247,34;819
2002;12;GLO;SBKP;SBCT;237,11;16
2002;12;GLO;SBSP;SBBH;164,61;57
2002;12;GLO;SBPA;SBSP;229,00;19
2002;12;GLO;SBSP;SBBH;234,00;2232
2002;12;GLO;SBRJ;SBFL;323,10;372
2002;12;GLO;SBBH;SBKP;280,80;103
2002;12;GLO;SBSP;SBPA;324,20;396
2002;12;GLO;SBPA;SBRJ;236,00;15
2002;12;GLO;SBPA;SBSP;367,15;967
2002;12;GLO;SBSP;SBBR;317,71;1545
2002;12;GLO;SBFZ;SBBR;651,44;4
2002;12;GLO;SBGL;SBPA;493,00;1
2002;12;GLO;SBPA;SBGL;260,96;24
2002;12;GLO;SBBR;SBGL;247,27;19
2002;12;GLO;SBGO;SBSP;334,00;2
2002;12;GLO;SBSP;SBBR;362,52;150
2002;12;GLO;SBBH;SBCT;325,84;100
2002;12;GLO;SBBR;SBFZ;418,06;683
2002;12;GLO;SBPA;SBSP;397,66;125
2002;12;GLO;SBBH;SBRJ;126,94;46
2002;12;GLO;SBGL;SBSV;449,07;249
2002;12;GLO;SBSP;SBVT;231,58;705
2002;12;GLO;SBNF;SBSP;208,17;140
2002;12;GLO;SBSP;SBCT;100,00;4
2002;12;GLO;SBRJ;SBBH;122,98;47
2002;12;GLO;SBBH;SBBR;198,11;94
2002;12;GLO;SBSV;SBGL;284,65;1157
2002;12;GLO;SBSP;SBBH;319,00;1
2002;12;GLO;SBNF;SBSP;252,14;120
2002;12;GLO;SBKP;SBRJ;260,06;46
2002;12;GLO;SBSP;SBFL;401,14;275
2002;12;GLO;SBSV;SBBR;387,16;94
2002;12;GLO;SBRJ;SBKP;200,34;1106
2002;12;GLO;SBSP;SBPA;270,09;29
2002;12;GLO;SBBR;SBSV;361,00;117
2002;12;GLO;SBSP;SBBR;477,00;1
2002;12;GLO;SBVT;SBRJ;214,71;6
2002;12;GLO;SBPA;SBCT;115,63;10
2002;12;GLO;SBGL;SBRF;601,52;239
2002;12;GLO;SBVT;SBSP;331,00;13
2002;12;GLO;SBSV;SBGL;456,39;136
2002;12;GLO;SBSV;SBGL;342,80;72
2002;12;GLO;SBGL;SBSP;191,87;44
2002;12;GLO;SBFL;SBBR;485,60;30
2002;12;GLO;SBFL;SBSP;422,00;2
2002;12;GLO;SBSP;SBBH;424,00;2
2002;12;GLO;SBFL;SBPA;173,00;14
2002;12;GLO;SBPA;SBKP;474,33;5
2002;12;GLO;SBBR;SBPA;272,41;55
2002;12;GLO;SBBR;SBSV;276,06;469
2002;12;GLO;SBSV;SBRF;113,25;11
2002;12;GLO;SBBR;SBFL;490,32;38
2002;12;GLO;SBGL;SBSP;157,37;477
2002;12;GLO;SBSP;SBGO;247,56;1169
2002;12;GLO;SBBR;SBFL;581,20;13
2002;12;GLO;SBCT;SBRJ;368,57;6
2002;12;GLO;SBFL;SBBR;289,75;18
2002;12;GLO;SBGL;SBRF;508,27;482
2002;12;GLO;SBSP;SBBR;320,00;10
2002;12;GLO;SBRF;SBGL;346,20;4
2002;12;GLO;SBBR;SBKP;326,40;152
2002;12;GLO;SBFL;SBBR;351,00;2
2002;12;GLO;SBBR;SBSP;316,28;1145
2002;12;GLO;SBRF;SBFZ;152,28;6
2002;12;GLO;SBCT;SBPA;248,00;5
2002;12;GLO;SBBR;SBGL;270,00;1
2002;12;GLO;SBBR;SBRJ;284,96;2984
2002;12;GLO;SBGL;SBFL;297,81;474
2002;12;GLO;SBPA;SBBR;341,07;139
2002;12;GLO;SBSV;SBRF;130,12;52
2002;12;GLO;SBRJ;SBCT;251,70;652
2002;12;GLO;SBBR;SBFZ;633,04;98
2002;12;GLO;SBPA;SBRJ;396,14;62
2002;12;GLO;SBFL;SBRJ;370,00;15
2002;12;GLO;SBBH;SBBR;203,00;1
2002;12;GLO;SBBE;SBBR;520,56;38
2002;12;GLO;SBRF;SBSV;228,18;421
2002;12;GLO;SBFL;SBSP;100,00;9
2002;12;GLO;SBGO;SBSP;150,00;1
2002;12;GLO;SBMQ;SBBE;120,46;605
2002;12;GLO;SBRJ;SBKP;104,00;2
2002;12;GLO;SBCT;SBKP;252,45;42
2002;12;GLO;SBKP;SBPA;353,82;79
2002;12;GLO;SBRJ;SBBR;398,00;2
2002;12;GLO;SBFZ;SBBR;421,69;405
2002;12;GLO;SBGL;SBRF;395,06;362
2002;12;GLO;SBRJ;SBPA;232,62;31
2002;12;GLO;SBCT;SBRJ;292,00;9
2002;12;GLO;SBBR;SBBH;339,35;18
2002;12;GLO;SBSP;SBFL;172,89;430
2002;12;GLO;SBMQ;SBBE;96,66;3
2002;12;GLO;SBBR;SBBE;517,25;45
2002;12;GLO;SBCT;SBBR;344,83;396
2002;12;GLO;SBRJ;SBCT;298,44;24
2002;12;GLO;SBSP;SBGO;341,60;13
2002;12;GLO;SBKP;SBCT;171,00;1
2002;12;GLO;SBRJ;SBKP;165,00;1
2002;12;GLO;SBRF;SBSV;113,25;11
2002;12;GLO;SBBE;SBMQ;176,20;802
2002;12;GLO;SBCT;SBBH;210,00;175
2002;12;GLO;SBKP;SBBH;241,50;3
2002;12;GLO;SBCT;SBRJ;314,95;55
2002;12;GLO;SBBR;SBSP;224,21;151
2002;12;GLO;SBGL;SBFL;537,00;2
2002;12;GLO;SBKP;SBRJ;236,15;12
2002;12;GLO;SBBH;SBSP;255,20;4
2002;12;GLO;SBCT;SBGL;251,61;734
2002;12;GLO;SBSV;SBGL;314,69;1061
2002;12;GLO;SBBR;SBSV;212,66;59
2002;12;GLO;SBRJ;SBSP;196,50;7
2002;12;GLO;SBBR;SBSV;139,00;26
2002;12;GLO;SBRJ;SBFL;150,00;3
2002;12;GLO;SBRJ;SBKP;183,93;379
2002;12;GLO;SBBH;SBSP;255,69;1693
2002;12;GLO;SBSP;SBBR;150,00;4
2002;12;GLO;SBKP;SBCT;184,89;110
2002;12;GLO;SBRJ;SBVT;236,25;2
2002;12;GLO;SBBR;SBFZ;545,00;3
2002;12;GLO;SBGL;SBPA;418,55;130
2002;12;GLO;SBGO;SBSP;441,00;1
2002;12;GLO;SBGL;SBRF;346,72;154
2002;12;GLO;SBSP;SBGL;229,63;282
2002;12;GLO;SBRJ;SBPA;308,18;346
2002;12;GLO;SBSP;SBPA;363,85;2627
2002;12;GLO;SBPA;SBRJ;310,47;248
2002;12;GLO;SBPA;SBBR;431,50;1
2002;12;GLO;SBBH;SBSP;223,33;11
2002;12;GLO;SBGL;SBCT;250,43;642
2002;12;GLO;SBPA;SBSP;466,00;3
2002;12;GLO;SBSP;SBVT;387,00;1
2002;12;GLO;SBBR;SBFL;440,68;391
2002;12;GLO;SBSP;SBCT;152,00;1
2002;12;GLO;SBSP;SBPA;517,00;8
2002;12;GLO;SBSV;SBRF;224,88;323
2002;12;GLO;SBBE;SBBR;326,05;26
2002;12;GLO;SBSP;SBBH;263,00;7
2002;12;GLO;SBMQ;SBBE;290,50;4
2002;12;GLO;SBPA;SBSP;338,12;515
2002;12;GLO;SBBR;SBBE;443,65;74
2002;12;GLO;SBSP;SBVT;209,94;630
2002;12;GLO;SBSP;SBRJ;196,22;1335
2002;12;GLO;SBSP;SBRJ;215,11;2275
2002;12;GLO;SBKP;SBRJ;250,00;2
2002;12;GLO;SBBH;SBRJ;183,00;9
2002;12;GLO;SBCT;SBRJ;215,43;116
2002;12;GLO;SBGL;SBBR;150,00;1
2002;12;GLO;SBPA;SBFL;180,32;1089
2002;12;GLO;SBGL;SBBR;193,43;29
2002;12;GLO;SBRJ;SBBR;292,52;2314
2002;12;GLO;SBFL;SBSP;152,25;16
2002;12;GLO;SBSV;SBGL;402,75;275
2002;12;GLO;SBFL;SBBR;534,50;4
2002;12;GLO;SBSP;SBVT;249,00;1
2002;12;GLO;SBGL;SBFL;260,00;139
2002;12;GLO;SBBH;SBBR;215,62;7
2002;12;GLO;SBRJ;SBBH;176,54;2273
2002;12;GLO;SBCT;SBPA;135,50;24
2002;12;GLO;SBPA;SBSP;150,00;1
2002;12;GLO;SBPA;SBCT;272,00;1
2002;12;GLO;SBCT;SBKP;256,00;6
2002;12;GLO;SBNF;SBSP;213,74;21
2002;12;GLO;SBBR;SBCT;538,86;8
2002;12;GLO;SBFZ;SBBR;310,35;100
2002;12;GLO;SBGL;SBSV;486,94;58
2002;12;GLO;SBGL;SBRF;668,54;37
2002;12;GLO;SBBR;SBRJ;368,68;14
2002;12;GLO;SBSP;SBCT;232,98;243
2002;12;GLO;SBRJ;SBBR;358,73;268
2002;12;GLO;SBKP;SBRJ;199,69;1102
2002;12;GLO;SBGL;SBPA;250,00;1
2002;12;GLO;SBVT;SBRJ;161,43;422
2002;12;GLO;SBCT;SBSP;303,00;4
2002;12;GLO;SBBR;SBSP;337,77;8
2002;12;GLO;SBGL;SBRF;621,43;13
2002;12;GLO;SBCT;SBBR;401,97;32
2002;12;GLO;SBFL;SBSP;261,15;83
2002;12;GLO;SBPA;SBSP;371,09;29
2002;12;GLO;SBSP;SBGL;157,12;465
2002;12;GLO;SBRJ;SBBR;272,47;21
2002;12;GLO;SBRJ;SBKP;217,71;43
2002;12;GLO;SBSP;SBCT;210,00;13
2002;12;GLO;SBGL;SBSV;232,57;53
2002;12;GLO;SBFL;SBSP;319,79;55
2002;12;GLO;SBBR;SBRJ;293,00;18
2002;12;GLO;SBBR;SBKP;242,00;1
2002;12;GLO;SBBR;SBFL;544,00;2
2002;12;GLO;SBSP;SBPA;429,77;59
2002;12;GLO;SBRJ;SBKP;235,48;72
2002;12;GLO;SBFL;SBPA;204,17;89
2002;12;GLO;SBSP;SBBR;417,33;3
2002;12;GLO;SBSP;SBCT;178,40;130
2002;12;GLO;SBNF;SBSP;327,85;31
2002;12;GLO;SBBR;SBRJ;313,24;1051
2002;12;GLO;SBSP;SBFL;280,58;241
2002;12;GLO;SBKP;SBRJ;307,00;2
2002;12;GLO;SBSP;SBNF;200,24;264
2002;12;GLO;SBCT;SBRJ;182,00;22
2002;12;GLO;SBBR;SBSV;345,09;161
2002;12;GLO;SBPA;SBGL;353,60;654
2002;12;GLO;SBSP;SBGO;208,75;343
2002;12;GLO;SBBR;SBFZ;488,66;285
2002;12;GLO;SBFZ;SBRF;295,00;2
2002;12;GLO;SBKP;SBCT;130,11;8
2002;12;GLO;SBGL;SBPA;519,39;13
2002;12;GLO;SBRJ;SBFL;212,50;3
2002;12;GLO;SBSV;SBBR;221,83;64
2002;12;GLO;SBRJ;SBVT;142,51;1740
2002;12;GLO;SBSP;SBRJ;197,38;8
2002;12;GLO;SBGL;SBRF;250,00;2
2002;12;GLO;SBFZ;SBRF;438,49;11
2002;12;GLO;SBBR;SBSV;503,71;164
2002;12;GLO;SBKP;SBCT;169,85;19
2002;12;GLO;SBBR;SBBH;203,00;4
2002;12;GLO;SBBR;SBFZ;549,33;99
2002;12;GLO;SBSP;SBCT;184,76;42
2002;12;GLO;SBCT;SBGL;206,62;26
2002;12;GLO;SBVT;SBSP;329,06;21
2002;12;GLO;SBGL;SBSV;422,13;425
2002;12;GLO;SBRF;SBGL;679,00;1
2002;12;GLO;SBBR;SBGL;188,84;46
2002;12;TAM;SBBR;SBBH;414,98;176
2002;12;TAM;SBCT;SBBR;479,00;636
2002;12;TAM;SBCT;SBBH;405,97;61
2002;12;TAM;SBBR;SBRJ;727,00;145
2002;12;TAM;SBPA;SBKP;670,01;2
2002;12;TAM;SBSV;SBRF;1603,02;5
2002;12;TAM;SBRF;SBSV;1120,00;40
2002;12;TAM;SBBR;SBRJ;422,98;134
2002;12;TAM;SBUL;SBSP;331,97;60
2002;12;TAM;SBSP;SBPS;754,99;66
2002;12;TAM;SBGR;SBGL;399,01;63
2002;12;TAM;SBSV;SBGL;539,98;16
2002;12;TAM;SBBH;SBSP;406,02;315
2002;12;TAM;SBCF;SBGR;329,64;12
2002;12;TAM;SBBH;SBCT;487,02;92
2002;12;TAM;SBSP;SBGO;339,98;1736
2002;12;TAM;SBGR;SBCF;329,64;34
2002;12;TAM;SBPA;SBKP;548,00;1005
2002;12;TAM;SBCT;SBBH;696,00;14
2002;12;TAM;SBSV;SBGL;784,97;98
2002;12;TAM;SBSP;SBPS;704,01;47
2002;12;TAM;SBBH;SBBR;345,02;1512
2002;12;TAM;SBKP;SBGR;197,00;10
2002;12;TAM;SBBR;SBRJ;680,04;81
2002;12;TAM;SBGR;SBCT;258,01;951
2002;12;TAM;SBBE;SBMQ;250,99;47
2002;12;TAM;SBSV;SBRF;1305,98;40
2002;12;TAM;SBPA;SBGR;618,99;7
2002;12;TAM;SBFL;SBBR;936,30;36
2002;12;TAM;SBRJ;SBBR;366,00;4075
2002;12;TAM;SBCT;SBSP;397,00;186
2002;12;TAM;SBFL;SBSP;457,99;5
2002;12;TAM;SBGL;SBBR;468,52;2
2002;12;TAM;SBSP;SBFL;246,98;2146
2002;12;TAM;SBFL;SBSP;366,98;110
2002;12;TAM;SBPA;SBFL;346,01;20
2002;12;TAM;SBCT;SBSP;582,99;4
2002;12;TAM;SBGO;SBSP;396,04;33
2002;12;TAM;SBGR;SBKP;187,00;4
2002;12;TAM;SBBR;SBSP;442,96;4125
2002;12;TAM;SBSP;SBCT;258,01;1351
2002;12;TAM;SBCT;SBGL;334,99;234
2002;12;TAM;SBBR;SBBH;345,02;1873
2002;12;TAM;SBSP;SBFL;305,00;182
2002;12;TAM;SBSP;SBPA;439,01;7651
2002;12;TAM;SBCT;SBSP;311,01;817
2002;12;TAM;SBPA;SBCT;268,98;1979
2002;12;TAM;SBGL;SBPA;469,03;199
2002;12;TAM;SBBR;SBRJ;594,01;104
2002;12;TAM;SBGR;SBCF;524,07;8
2002;12;TAM;SBKP;SBPA;586,02;51
2002;12;TAM;SBGR;SBFL;246,99;189
2002;12;TAM;SBBR;SBBH;520,03;125
2002;12;TAM;SBFL;SBSP;372,00;8
2002;12;TAM;SBBE;SBBR;553,04;94
2002;12;TAM;SBSP;SBFL;278,99;194
2002;12;TAM;SBFZ;SBBR;1041,94;13
2002;12;TAM;SBCT;SBGL;409,99;6
2002;12;TAM;SBGR;SBBR;738,04;103
2002;12;TAM;SBSP;SBKP;174,00;1
2002;12;TAM;SBGR;SBCF;406,82;27
2002;12;TAM;SBSP;SBGL;370,99;5
2002;12;TAM;SBBR;SBRJ;509,01;113
2002;12;TAM;SBVT;SBRJ;391,00;4
2002;12;TAM;SBRJ;SBBR;1049,01;3
2002;12;TAM;SBRF;SBGL;894,07;20
2002;12;TAM;SBCT;SBSP;468,99;103
2002;12;TAM;SBBR;SBFZ;900,07;78
2002;12;TAM;SBFL;SBBR;522,57;1060
2002;12;TAM;SBBE;SBBR;914,96;12
2002;12;TAM;SBCT;SBSP;293,99;1290
2002;12;TAM;SBBR;SBGL;399,42;4
2002;12;TAM;SBSP;SBRP;569,01;3
2002;12;TAM;SBBE;SBBR;686,02;104
2002;12;TAM;SBGR;SBFL;337,02;14
2002;12;TAM;SBBR;SBKP;831,99;136
2002;12;TAM;SBVT;SBRJ;287,00;9
2002;12;TAM;SBCT;SBPA;574,00;189
2002;12;TAM;SBSV;SBRF;1400,00;11
2002;12;TAM;SBRP;SBSP;386,01;2
2002;12;TAM;SBUL;SBSP;874,98;92
2002;12;TAM;SBSP;SBVT;387,00;148
2002;12;TAM;SBGL;SBSV;843,99;79
2002;12;TAM;SBGR;SBPA;504,04;25
2002;12;TAM;SBGR;SBFL;428,02;53
2002;12;TAM;SBBH;SBCT;347,01;680
2002;12;TAM;SBGR;SBFL;831,00;4
2002;12;TAM;SBMQ;SBBE;250,99;112
2002;12;TAM;SBRJ;SBBR;680,04;20
2002;12;TAM;SBRP;SBSP;393,00;30
2002;12;TAM;SBSP;SBKP;151,00;77
2002;12;TAM;SBBR;SBBH;818,01;7
2002;12;TAM;SBPA;SBGR;438,99;264
2002;12;TAM;SBGR;SBCF;219,43;4
2002;12;TAM;SBBR;SBCT;700,05;110
2002;12;TAM;SBRF;SBGL;797,08;3
2002;12;TAM;SBBH;SBBR;262,00;5
2002;12;TAM;SBFZ;SBRF;352,00;9
2002;12;TAM;SBGR;SBSV;1005,98;12
2002;12;TAM;SBFL;SBCT;762,99;8
2002;12;TAM;SBBR;SBCT;385,95;378
2002;12;TAM;SBFL;SBSP;494,00;3
2002;12;TAM;SBGL;SBGR;548,00;1
2002;12;TAM;SBFZ;SBBR;900,07;18
2002;12;TAM;SBCT;SBPA;545,00;7
2002;12;TAM;SBUL;SBSP;817,02;109
2002;12;TAM;SBPA;SBSP;439,01;7791
2002;12;TAM;SBFL;SBSP;463,01;2
2002;12;TAM;SBSP;SBPA;468,97;961
2002;12;TAM;SBKP;SBCT;446,00;42
2002;12;TAM;SBBR;SBFL;545,55;528
2002;12;TAM;SBSP;SBFL;433,00;30
2002;12;TAM;SBBE;SBBR;852,98;65
2002;12;TAM;SBFL;SBGR;366,99;14
2002;12;TAM;SBVT;SBSP;662,03;26
2002;12;TAM;SBGO;SBBR;271,99;13
2002;12;TAM;SBRJ;SBVT;453,99;2
2002;12;TAM;SBCT;SBKP;421,98;4
2002;12;TAM;SBSP;SBBH;771,02;8
2002;12;TAM;SBRF;SBFZ;492,01;32
2002;12;TAM;SBPA;SBGR;658,96;6
2002;12;TAM;SBSP;SBVT;655,00;8
2002;12;TAM;SBSV;SBGR;925,01;22
2002;12;TAM;SBRJ;SBBR;509,01;211
2002;12;TAM;SBFZ;SBRF;386,98;6
2002;12;TAM;SBGR;SBSV;994,95;60
2002;12;TAM;SBCT;SBBH;567,98;13
2002;12;TAM;SBFL;SBPA;202,99;480
2002;12;TAM;SBGR;SBPA;747,01;108
2002;12;TAM;SBPA;SBFL;427,00;1
2002;12;TAM;SBBH;SBCT;649,03;6
2002;12;TAM;SBBR;SBSV;467,96;57
2002;12;TAM;SBBR;SBCT;801,00;67
2002;12;TAM;SBFL;SBGR;462,99;2
2002;12;TAM;SBSV;SBRF;1696,98;59
2002;12;TAM;SBFL;SBGR;428,02;28
2002;12;TAM;SBKP;SBGR;151,00;49
2002;12;TAM;SBBH;SBRJ;164,00;172
2002;12;TAM;SBSP;SBVT;662,03;15
2002;12;TAM;SBSP;SBKP;217,00;4
2002;12;TAM;SBBH;SBSP;538,02;22
2002;12;TAM;SBBR;SBGR;738,04;95
2002;12;TAM;SBBR;SBBE;800,98;45
2002;12;TAM;SBSV;SBRF;1494,03;72
2002;12;TAM;SBGO;SBSP;792,00;43
2002;12;TAM;SBBH;SBSP;523,00;12
2002;12;TAM;SBFZ;SBRF;561,98;10
2002;12;TAM;SBBR;SBGO;256,00;31
2002;12;TAM;SBSV;SBBR;808,03;24
2002;12;TAM;SBSP;SBCT;354,00;478
2002;12;TAM;SBBR;SBKP;730,97;18
2002;12;TAM;SBGR;SBGL;257,00;5
2002;12;TAM;SBCT;SBPA;470,99;9
2002;12;TAM;SBSV;SBBR;654,02;29
2002;12;TAM;SBSP;SBCT;293,99;1472
2002;12;TAM;SBVT;SBRJ;420,01;2
2002;12;TAM;SBGR;SBCT;445,99;104
2002;12;TAM;SBSV;SBGL;492,03;81
2002;12;TAM;SBBR;SBGL;366,42;21
2002;12;TAM;SBBR;SBGR;488,97;34
2002;12;TAM;SBRJ;SBBH;454,01;176
2002;12;TAM;SBFL;SBSP;831,02;3
2002;12;TAM;SBBR;SBBE;988,06;22
2002;12;TAM;SBFZ;SBBR;724,07;122
2002;12;TAM;SBGR;SBSV;936,04;7
2002;12;TAM;SBBR;SBBH;391,99;75
2002;12;TAM;SBSP;SBUL;715,01;1410
2002;12;TAM;SBPA;SBFL;297,99;27
2002;12;TAM;SBSV;SBRF;932,99;14
2002;12;TAM;SBPA;SBFL;248,00;30
2002;12;TAM;SBGO;SBBR;256,00;75
2002;12;TAM;SBPA;SBGL;694,01;62
2002;12;TAM;SBSP;SBRP;363,00;10
2002;12;TAM;SBKP;SBBR;312,02;45
2002;12;TAM;SBCT;SBPA;505,00;1
2002;12;TAM;SBFL;SBSP;524,99;30
2002;12;TAM;SBBH;SBBR;414,98;171
2002;12;TAM;SBPA;SBGR;709,04;2
2002;12;TAM;SBBE;SBBR;1040,06;82
2002;12;TAM;SBKP;SBBR;502,02;132
2002;12;TAM;SBFZ;SBRF;421,97;36
2002;12;TAM;SBBR;SBKP;547,99;101
2002;12;TAM;SBRF;SBSV;1027,02;40
2002;12;TAM;SBSP;SBGL;398,99;6
2002;12;TAM;SBBH;SBBR;391,99;59
2002;12;TAM;SBKP;SBBR;730,97;12
2002;12;TAM;SBPS;SBSP;592,05;33
2002;12;TAM;SBFL;SBBR;989,21;86
2002;12;TAM;SBGR;SBBR;488,97;29
2002;12;TAM;SBGR;SBCT;375,01;7
2002;12;TAM;SBMQ;SBBE;342,00;9
2002;12;TAM;SBGR;SBFL;493,99;3
2002;12;TAM;SBGL;SBBR;399,42;10
2002;12;TAM;SBGR;SBBR;698,02;32
2002;12;TAM;SBGL;SBSP;348,01;1
2002;12;TAM;SBSP;SBCT;397,00;101
2002;12;TAM;SBVT;SBSP;568,97;6
2002;12;TAM;SBRF;SBGL;766,98;59
2002;12;TAM;SBBH;SBBR;520,03;69
2002;12;TAM;SBGL;SBCT;640,01;1
2002;12;TAM;SBCT;SBGL;316,98;12
2002;12;TAM;SBBR;SBSV;415,98;827
2002;12;TAM;SBBE;SBBR;653,02;588
2002;12;TAM;SBRF;SBSV;932,99;9
2002;12;TAM;SBSP;SBCT;270,99;4819
2002;12;TAM;SBBR;SBSP;301,01;451
2002;12;TAM;SBPA;SBGL;743,00;8
2002;12;TAM;SBGL;SBCT;673,01;49
2002;12;TAM;SBPA;SBCT;825,99;1
2002;12;TAM;SBSV;SBBR;467,96;50
2002;12;TAM;SBRF;SBFZ;421,97;32
2002;12;TAM;SBBR;SBBH;262,00;8
2002;12;TAM;SBGO;SBSP;435,00;22
2002;12;TAM;SBMQ;SBBE;273,00;107
2002;12;TAM;SBUL;SBSP;1019,99;148
2002;12;TAM;SBBH;SBRJ;359,02;45
2002;12;TAM;SBGR;SBCT;271,01;252
2002;12;TAM;SBSV;SBGL;590,00;105
2002;12;TAM;SBBE;SBBR;988,06;24
2002;12;TAM;SBSP;SBGL;348,01;3
2002;12;TAM;SBCT;SBBR;859,00;25
2002;12;TAM;SBCT;SBPA;216,00;114
2002;12;TAM;SBGR;SBBR;442,98;46
2002;12;TAM;SBVT;SBSP;874,01;2
2002;12;TAM;SBCT;SBGR;354,01;149
2002;12;TAM;SBFL;SBPA;297,99;22
2002;12;TAM;SBGL;SBCT;523,02;15
2002;12;TAM;SBCT;SBBH;447,99;151
2002;12;TAM;SBFL;SBGR;246,99;58
2002;12;TAM;SBGL;SBPA;743,00;17
2002;12;TAM;SBCT;SBKP;296,98;11
2002;12;TAM;SBBR;SBKP;786,03;37
2002;12;TAM;SBBR;SBSV;697,02;69
2002;12;TAM;SBPS;SBSP;568,01;205
2002;12;TAM;SBBH;SBBR;371,98;172
2002;12;TAM;SBBR;SBSP;569,98;757
2002;12;TAM;SBPA;SBFL;156,02;180
2002;12;TAM;SBGR;SBFL;304,98;19
2002;12;TAM;SBSP;SBPA;504,04;1061
2002;12;TAM;SBFL;SBSP;427,98;70
2002;12;TAM;SBGR;SBSV;808,93;75
2002;12;TAM;SBSP;SBVT;568,97;11
2002;12;TAM;SBBH;SBBR;483,97;169
2002;12;TAM;SBGR;SBSV;882,93;148
2002;12;TAM;SBGR;SBKP;163,00;1
2002;12;TAM;SBBR;SBBE;553,04;77
2002;12;TAM;SBGR;SBGL;218,01;467
2002;12;TAM;SBBR;SBGL;770,87;2
2002;12;TAM;SBBH;SBRJ;411,99;5
2002;12;TAM;SBBR;SBBH;714,01;37
2002;12;TAM;SBGR;SBFL;488,99;4
2002;12;TAM;SBRP;SBSP;399,99;69
2002;12;TAM;SBBR;SBFZ;845,01;52
2002;12;TAM;SBFZ;SBRF;234,00;1260
2002;12;TAM;SBGL;SBPA;694,01;25
2002;12;TAM;SBCT;SBBH;347,01;412
2002;12;TAM;SBKP;SBCT;344,00;4
2002;12;TAM;SBFL;SBSP;337,01;37
2002;12;TAM;SBSP;SBFL;427,98;132
2002;12;TAM;SBKP;SBSP;151,00;17
2002;12;TAM;SBGL;SBPA;595,03;52
2002;12;TAM;SBRJ;SBSP;309,01;15129
2002;12;TAM;SBSP;SBFL;601,02;44
2002;12;TAM;SBSP;SBPS;810,02;89
2002;12;TAM;SBSV;SBGR;694,01;69
2002;12;TAM;SBBH;SBSP;329,01;2005
2002;12;TAM;SBSV;SBRF;1120,00;65
2002;12;TAM;SBSP;SBPA;328,02;660
2002;12;TAM;SBPA;SBFL;202,99;544
2002;12;TAM;SBCT;SBSP;270,99;4759
2002;12;TAM;SBRJ;SBVT;391,00;5
2002;12;TAM;SBKP;SBPA;380,98;48
2002;12;TAM;SBSP;SBGO;593,98;23
2002;12;TAM;SBCT;SBBH;649,03;4
2002;12;TAM;SBBH;SBCT;447,99;169
2002;12;TAM;SBRJ;SBBR;594,01;60
2002;12;TAM;SBBR;SBFL;936,30;86
2002;12;TAM;SBKP;SBGR;174,00;1
2002;12;TAM;SBBR;SBFL;989,21;455
2002;12;TAM;SBBR;SBGL;727,82;2
2002;12;TAM;SBBR;SBSP;466,97;922
2002;12;TAM;SBGO;SBBR;226,99;1034
2002;12;TAM;SBMQ;SBBE;392,00;11
2002;12;TAM;SBFL;SBGR;524,99;18
2002;12;TAM;SBBR;SBFZ;676,95;32
2002;12;TAM;SBCT;SBBR;755,02;47
2002;12;TAM;SBBR;SBGL;509,56;7
2002;12;TAM;SBPA;SBSP;579,04;551
2002;12;TAM;SBGR;SBBR;615,00;19
2002;12;TAM;SBCT;SBKP;325,00;25
2002;12;TAM;SBRJ;SBBR;399,04;290
2002;12;TAM;SBGR;SBCF;353,70;29
2002;12;TAM;SBSP;SBRP;386,01;3
2002;12;TAM;SBSP;SBVT;562,99;97
2002;12;TAM;SBBR;SBGO;402,00;10
2002;12;TAM;SBRF;SBGL;1096,96;4
2002;12;TAM;SBBR;SBGR;419,04;502
2002;12;TAM;SBGR;SBCF;318,63;444
2002;12;TAM;SBGR;SBCT;293,99;23
2002;12;TAM;SBFL;SBGR;278,98;10
2002;12;TAM;SBGR;SBSV;694,01;171
2002;12;TAM;SBRF;SBGL;957,98;23
2002;12;TAM;SBSP;SBPS;938,04;32
2002;12;TAM;SBBE;SBMQ;366,01;3
2002;12;TAM;SBSP;SBGO;680,04;25
2002;12;TAM;SBPA;SBGL;1171,00;19
2002;12;TAM;SBGL;SBRF;957,98;40
2002;12;TAM;SBRJ;SBBR;769,96;458
2002;12;TAM;SBSP;SBPS;592,05;135
2002;12;TAM;SBBH;SBRJ;454,01;386
2002;12;TAM;SBPA;SBKP;760,99;98
2002;12;TAM;SBBR;SBBE;1248,07;1
2002;12;TAM;SBVT;SBRJ;240,02;36
2002;12;TAM;SBFL;SBBR;545,55;417
2002;12;TAM;SBBR;SBKP;641,03;44
2002;12;TAM;SBCT;SBSP;354,00;631
2002;12;TAM;SBGR;SBSV;925,01;31
2002;12;TAM;SBUL;SBSP;1206,01;19
2002;12;TAM;SBGL;SBRF;701,95;37
2002;12;TAM;SBSP;SBRP;318,99;2000
2002;12;TAM;SBRJ;SBSP;418,98;927
2002;12;TAM;SBGR;SBCF;555,12;46
2002;12;TAM;SBMQ;SBBE;415,00;23
2002;12;TAM;SBVT;SBRJ;368,01;17
2002;12;TAM;SBPA;SBCT;470,99;9
2002;12;TAM;SBCT;SBGR;396,98;32
2002;12;TAM;SBCT;SBFL;244,01;333
2002;12;TAM;SBBH;SBRJ;263,01;13
2002;12;TAM;SBGR;SBPA;972,00;4
2002;12;TAM;SBGO;SBSP;554,03;104
2002;12;TAM;SBFL;SBGR;342,01;4
2002;12;TAM;SBRJ;SBVT;174,01;2257
2002;12;TAM;SBBR;SBRJ;399,04;297
2002;12;TAM;SBFL;SBGR;371,98;4
2002;12;TAM;SBVT;SBSP;562,99;94
2002;12;TAM;SBGR;SBBR;467,00;7
2002;12;TAM;SBSP;SBFL;341,99;59
2002;12;TAM;SBRJ;SBBH;286,98;107
2002;12;TAM;SBBR;SBGO;226,99;630
2002;12;TAM;SBCT;SBBH;317,98;1142
2002;12;TAM;SBBH;SBRJ;286,98;111
2002;12;TAM;SBPS;SBSP;704,01;4
2002;12;TAM;SBFL;SBGR;433,01;6
2002;12;TAM;SBRJ;SBVT;476,98;63
2002;12;TAM;SBCT;SBGR;293,99;122
2002;12;TAM;SBGL;SBPA;898,03;103
2002;12;TAM;SBFL;SBSP;305,00;123
2002;12;TAM;SBKP;SBCT;270,99;17
2002;12;TAM;SBSP;SBVT;609,03;3
2002;12;TAM;SBBR;SBFZ;630,00;686
2002;12;TAM;SBRF;SBSV;1494,03;43
2002;12;TAM;SBRJ;SBBH;333,99;49
2002;12;TAM;SBSP;SBBH;622,99;62
2002;12;TAM;SBSP;SBFL;524,99;100
2002;12;TAM;SBGR;SBFL;524,99;61
2002;12;TAM;SBSP;SBBR;466,97;955
2002;12;TAM;SBSV;SBGR;994,95;5
2002;12;TAM;SBSP;SBFL;463,01;24
2002;12;TAM;SBGL;SBRF;797,08;5
2002;12;TAM;SBBR;SBGL;423,46;14
2002;12;TAM;SBBR;SBGR;300,96;1
2002;12;TAM;SBCT;SBPA;441,99;82
2002;12;TAM;SBSP;SBBH;523,00;7
2002;12;TAM;SBSV;SBGR;882,93;115
2002;12;TAM;SBGR;SBFL;611,00;115
2002;12;TAM;SBSV;SBBR;697,02;27
2002;12;TAM;SBCT;SBGL;558,03;4
2002;12;TAM;SBRJ;SBBH;263,01;30
2002;12;TAM;SBBH;SBSP;488,98;28
2002;12;TAM;SBGR;SBGL;418,99;173
2002;12;TAM;SBRF;SBGL;1023,01;51
2002;12;TAM;SBVT;SBSP;655,00;11
2002;12;TAM;SBCT;SBKP;257,00;875
2002;12;TAM;SBRF;SBSV;1696,98;56
2002;12;TAM;SBSP;SBGL;418,99;19
2002;12;TAM;SBSV;SBGR;635,97;51
2002;12;TAM;SBGR;SBCT;429,01;61
2002;12;TAM;SBSP;SBCT;429,01;133
2002;12;TAM;SBGO;SBBR;402,00;1
2002;12;TAM;SBGL;SBSV;737,99;50
2002;12;TAM;SBSV;SBGR;872,05;328
2002;12;TAM;SBBR;SBSV;808,03;55
2002;12;TAM;SBSP;SBPS;1109,97;5
2002;12;TAM;SBBR;SBGR;442,98;73
2002;12;TAM;SBGR;SBFL;309,98;11
2002;12;TAM;SBSP;SBFL;309,98;42
2002;12;TAM;SBBH;SBRJ;333,99;211
2002;12;TAM;SBGO;SBSP;934,04;2
2002;12;TAM;SBGL;SBGR;371,00;10
2002;12;TAM;SBGR;SBCF;457,91;49
2002;12;TAM;SBCT;SBGR;445,99;207
2002;12;TAM;SBBR;SBGR;615,00;8
2002;12;TAM;SBGR;SBPA;579,03;22
2002;12;TAM;SBGL;SBPA;850,95;2
2002;12;TAM;SBBH;SBSP;218,99;422
2002;12;TAM;SBBR;SBRJ;769,96;605
2002;12;TAM;SBGR;SBPA;438,99;334
2002;12;TAM;SBGR;SBPA;658,96;7
2002;12;TAM;SBSP;SBCT;374,99;456
2002;12;TAM;SBSP;SBUL;331,97;72
2002;12;TAM;SBBH;SBBR;625,01;61
2002;12;TAM;SBBH;SBSP;456,98;163
2002;12;TAM;SBCF;SBGR;406,82;10
2002;12;TAM;SBCF;SBGR;353,70;7
2002;12;TAM;SBGO;SBSP;475,03;168
2002;12;TAM;SBSV;SBBR;514,97;11
2002;12;TAM;SBCT;SBKP;270,99;45
2002;12;TAM;SBMQ;SBBE;162,00;738
2002;12;TAM;SBPA;SBFL;224,01;45
2002;12;TAM;SBCT;SBBR;550,95;133
2002;12;TAM;SBPS;SBSP;938,04;7
2002;12;TAM;SBRJ;SBBR;727,00;51
2002;12;TAM;SBBH;SBRJ;382,02;40
2002;12;TAM;SBFL;SBCT;722,99;10
2002;12;TAM;SBSP;SBPA;579,04;564
2002;12;TAM;SBSV;SBGR;1050,96;371
2002;12;TAM;SBGL;SBBR;509,56;3
2002;12;TAM;SBPA;SBSP;468,97;1208
2002;12;TAM;SBBR;SBBH;788,97;249
2002;12;TAM;SBSP;SBGL;217,98;1381
2002;12;TAM;SBGO;SBBR;291,00;32
2002;12;TAM;SBBR;SBCT;479,00;450
2002;12;TAM;SBKP;SBPA;631,99;7
2002;12;TAM;SBBR;SBGR;698,02;56
2002;12;TAM;SBBR;SBFL;654,53;386
2002;12;TAM;SBPA;SBSP;709,02;108
2002;12;TAM;SBBR;SBCT;599,97;254
2002;12;TAM;SBRP;SBSP;363,00;10
2002;12;TAM;SBCT;SBGL;673,01;110
2002;12;TAM;SBSV;SBBR;560,02;104
2002;12;TAM;SBGL;SBCT;373,97;76
2002;12;TAM;SBBR;SBGR;961,02;1
2002;12;TAM;SBPA;SBGL;469,03;236
2002;12;TAM;SBGR;SBFL;342,01;2
2002;12;TAM;SBFL;SBSP;341,99;3
2002;12;TAM;SBGL;SBSP;279,98;47
2002;12;TAM;SBKP;SBCT;194,98;57
2002;12;TAM;SBBR;SBSV;560,02;111
2002;12;TAM;SBCT;SBFL;672,00;6
2002;12;TAM;SBSP;SBUL;1019,99;148
2002;12;TAM;SBPA;SBCT;381,01;101
2002;12;TAM;SBUL;SBSP;715,01;1411
2002;12;TAM;SBBR;SBBE;653,02;526
2002;12;TAM;SBGL;SBSV;784,97;166
2002;12;TAM;SBGR;SBSV;1050,96;605
2002;12;TAM;SBBE;SBMQ;392,00;27
2002;12;TAM;SBSP;SBVT;874,01;2
2002;12;TAM;SBCT;SBPA;825,99;1
2002;12;TAM;SBSV;SBRF;249,03;473
2002;12;TAM;SBBR;SBFL;522,57;956
2002;12;TAM;SBFL;SBBR;817,34;50
2002;12;TAM;SBPA;SBKP;380,98;55
2002;12;TAM;SBRJ;SBBH;217,01;2574
2002;12;TAM;SBBR;SBSP;651,00;345
2002;12;TAM;SBSP;SBKP;163,00;1
2002;12;TAM;SBFL;SBBR;871,31;18
2002;12;TAM;SBBR;SBKP;502,02;76
2002;12;TAM;SBSP;SBFL;488,98;67
2002;12;TAM;SBBR;SBCT;550,95;230
2002;12;TAM;SBFZ;SBBR;630,00;542
2002;12;TAM;SBGR;SBGL;371,00;17
2002;12;TAM;SBGL;SBRF;670,92;531
2002;12;TAM;SBGR;SBGL;325,00;256
2002;12;TAM;SBCF;SBGR;490,00;6
2002;12;TAM;SBGL;SBSP;257,01;13
2002;12;TAM;SBSV;SBGL;737,99;53
2002;12;TAM;SBSP;SBGL;325,00;35
2002;12;TAM;SBGL;SBBR;680,75;8
2002;12;TAM;SBFL;SBSP;433,00;3
2002;12;TAM;SBPA;SBSP;658,97;60
2002;12;TAM;SBCT;SBKP;344,00;8
2002;12;TAM;SBFL;SBSP;274,01;150
2002;12;TAM;SBMQ;SBBE;366,01;2
2002;12;TAM;SBFZ;SBRF;492,01;58
2002;12;TAM;SBSV;SBGL;429,97;1539
2002;12;TAM;SBGL;SBGR;280,01;3
2002;12;TAM;SBSP;SBGO;435,00;15
2002;12;TAM;SBRF;SBFZ;526,99;9
2002;12;TAM;SBBE;SBMQ;223,00;1335
2002;12;TAM;SBPA;SBGR;469,00;3
2002;12;TAM;SBGL;SBCT;558,03;4
2002;12;TAM;SBFL;SBSP;610,98;19
2002;12;TAM;SBFZ;SBRF;526,99;13
2002;12;TAM;SBPA;SBCT;545,00;8
2002;12;TAM;SBSP;SBGO;934,04;2
2002;12;TAM;SBFZ;SBBR;1097,01;194
2002;12;TAM;SBGL;SBGR;325,00;99
2002;12;TAM;SBBR;SBFZ;1097,01;517
2002;12;TAM;SBBH;SBSP;318,02;5879
2002;12;TAM;SBGO;SBSP;339,98;2277
2002;12;TAM;SBBR;SBBH;483,97;57
2002;12;TAM;SBFL;SBPA;427,00;4
2002;12;TAM;SBGR;SBKP;197,00;15
2002;12;TAM;SBBR;SBSV;747,05;83
2002;12;TAM;SBPA;SBSP;504,04;1134
2002;12;TAM;SBCT;SBSP;258,01;1527
2002;12;TAM;SBPA;SBGR;747,01;92
2002;12;TAM;SBGR;SBPA;469,00;21
2002;12;TAM;SBPA;SBSP;618,96;304
2002;12;TAM;SBRF;SBFZ;234,00;943
2002;12;TAM;SBPA;SBGR;504,04;32
2002;12;TAM;SBGO;SBBR;164,00;8
2002;12;TAM;SBCT;SBSP;174,01;391
2002;12;TAM;SBCT;SBBR;909,96;199
2002;12;TAM;SBBR;SBKP;457,97;150
2002;12;TAM;SBFZ;SBBR;676,95;29
2002;12;TAM;SBGL;SBSP;217,98;1158
2002;12;TAM;SBSP;SBVT;460,03;269
2002;12;TAM;SBSP;SBBR;961,00;18
2002;12;TAM;SBGL;SBPA;546,04;13
2002;12;TAM;SBSP;SBVT;308,98;3484
2002;12;TAM;SBGR;SBFL;366,99;15
2002;12;TAM;SBBR;SBGL;680,75;4
2002;12;TAM;SBCT;SBBR;801,00;39
2002;12;TAM;SBRP;SBSP;318,99;2326
2002;12;TAM;SBGL;SBCT;446,01;18
2002;12;TAM;SBGL;SBGR;418,99;217
2002;12;TAM;SBFL;SBCT;672,00;7
2002;12;TAM;SBBR;SBCT;859,00;36
2002;12;TAM;SBPA;SBGL;898,03;172
2002;12;TAM;SBGR;SBFL;273,98;22
2002;12;TAM;SBSP;SBGO;554,03;56
2002;12;TAM;SBFL;SBGR;488,99;16
2002;12;TAM;SBSP;SBBR;569,98;465
2002;12;TAM;SBSP;SBRP;399,99;29
2002;12;TAM;SBVT;SBRJ;476,98;61
2002;12;TAM;SBCT;SBBR;385,95;448
2002;12;TAM;SBRJ;SBBH;164,00;138
2002;12;TAM;SBBR;SBBH;625,01;52
2002;12;TAM;SBGL;SBRF;1096,96;23
2002;12;TAM;SBCT;SBGL;373,97;76
2002;12;TAM;SBCT;SBGR;429,01;18
2002;12;TAM;SBSP;SBBR;442,96;3453
2002;12;TAM;SBGL;SBSV;492,03;96
2002;12;TAM;SBVT;SBRJ;621,98;1
2002;12;TAM;SBBR;SBGO;271,99;14
2002;12;TAM;SBGR;SBCF;539,10;35
2002;12;TAM;SBSP;SBBR;697,96;572
2002;12;TAM;SBGR;SBGL;280,01;11
2002;12;TAM;SBBE;SBMQ;162,00;669
2002;12;TAM;SBSP;SBCT;174,01;439
2002;12;TAM;SBGL;SBBR;366,42;24
2002;12;TAM;SBVT;SBRJ;174,01;1760
2002;12;TAM;SBRJ;SBVT;287,00;14
2002;12;TAM;SBRJ;SBBH;411,99;15
2002;12;TAM;SBBR;SBKP;1082,01;2
2002;12;TAM;SBPS;SBSP;810,02;13
2002;12;TAM;SBGL;SBCT;316,98;76
2002;12;TAM;SBFZ;SBBR;964,93;15
2002;12;TAM;SBGR;SBCT;354,01;122
2002;12;TAM;SBBR;SBFZ;724,07;127
2002;12;TAM;SBCT;SBPA;316,98;516
2002;12;TAM;SBGR;SBBR;570,03;35
2002;12;TAM;SBGL;SBSP;398,99;4
2002;12;TAM;SBSP;SBPA;618,96;265
2002;12;TAM;SBGL;SBSV;1161,02;6
2002;12;TAM;SBVT;SBSP;609,03;19
2002;12;TAM;SBRJ;SBBR;467,99;238
2002;12;TAM;SBBH;SBSP;353,00;486
2002;12;TAM;SBKP;SBCT;257,00;919
2002;12;TAM;SBCT;SBBR;700,05;86
2002;12;TAM;SBGR;SBBR;651,00;11
2002;12;TAM;SBPA;SBCT;505,00;2
2002;12;TAM;SBGL;SBSP;370,99;8
2002;12;TAM;SBFZ;SBBR;845,01;29
2002;12;TAM;SBCT;SBPA;348,01;64
2002;12;TAM;SBGR;SBCT;311,00;37
2002;12;TAM;SBSP;SBPS;568,01;204
2002;12;TAM;SBBH;SBSP;771,02;9
2002;12;TAM;SBSP;SBPA;972,01;20
2002;12;TAM;SBSP;SBBR;615,03;261
2002;12;TAM;SBGR;SBCF;490,00;7
2002;12;TAM;SBSP;SBBH;218,99;391
2002;12;TAM;SBSV;SBGR;819,96;8
2002;12;TAM;SBGR;SBPA;618,99;80
2002;12;TAM;SBCT;SBGR;258,01;748
2002;12;TAM;SBVT;SBRJ;315,00;7
2002;12;TAM;SBSP;SBFL;274,01;245
2002;12;TAM;SBPA;SBSP;972,01;32
2002;12;TAM;SBBR;SBBH;371,98;144
2002;12;TAM;SBBR;SBBE;852,98;29
2002;12;TAM;SBBR;SBCT;499,99;543
2002;12;TAM;SBBR;SBFL;817,34;144
2002;12;TAM;SBRJ;SBVT;315,00;20
2002;12;TAM;SBSP;SBGO;792,00;19
2002;12;TAM;SBSV;SBBR;747,05;9
2002;12;TAM;SBFL;SBGR;457,99;7
2002;12;TAM;SBPA;SBCT;316,98;412
2002;12;TAM;SBPA;SBSP;328,02;630
2002;12;TAM;SBCT;SBKP;446,00;49
2002;12;TAM;SBSP;SBRJ;418,98;480
2002;12;TAM;SBMQ;SBBE;223,00;2024
2002;12;TAM;SBBR;SBKP;412,97;507
2002;12;TAM;SBGR;SBFL;601,01;3
2002;12;TAM;SBCF;SBGR;539,10;30
2002;12;TAM;SBFL;SBBR;599,52;52
2002;12;TAM;SBSP;SBRP;393,00;29
2002;12;TAM;SBBR;SBRJ;366,00;3555
2002;12;TAM;SBSV;SBBR;848,96;180
2002;12;TAM;SBKP;SBPA;760,99;110
2002;12;TAM;SBRF;SBFZ;386,98;5
2002;12;TAM;SBSV;SBGL;843,99;62
2002;12;TAM;SBCT;SBKP;371,00;6
2002;12;TAM;SBBR;SBGO;308,99;168
2002;12;TAM;SBKP;SBBR;547,99;107
2002;12;TAM;SBGL;SBSP;418,99;4
2002;12;TAM;SBBE;SBBR;800,98;72
2002;12;TAM;SBBR;SBGL;255,28;1
2002;12;TAM;SBCT;SBGL;523,02;15
2002;12;TAM;SBBR;SBGR;570,03;39
2002;12;TAM;SBBR;SBSV;654,02;64
2002;12;TAM;SBSP;SBFL;494,00;33
2002;12;TAM;SBSV;SBGR;599,99;951
2002;12;TAM;SBSP;SBRJ;342,99;1262
2002;12;TAM;SBCT;SBBH;738,01;190
2002;12;TAM;SBCF;SBGR;524,07;5
2002;12;TAM;SBCT;SBPA;268,98;1752
2002;12;TAM;SBFL;SBGR;611,00;44
2002;12;TAM;SBBR;SBSV;848,96;293
2002;12;TAM;SBCT;SBGR;375,01;49
2002;12;TAM;SBBR;SBSP;839,04;479
2002;12;TAM;SBSV;SBGL;687,00;168
2002;12;TAM;SBSP;SBPA;785,02;164
2002;12;TAM;SBBR;SBRJ;1049,01;29
2002;12;TAM;SBGL;SBCT;409,99;4
2002;12;TAM;SBRP;SBSP;569,01;3
2002;12;TAM;SBBR;SBFL;599,52;226
2002;12;TAM;SBGR;SBPA;709,04;51
2002;12;TAM;SBCT;SBBR;499,99;448
2002;12;TAM;SBPA;SBKP;586,02;33
2002;12;TAM;SBPA;SBCT;348,01;35
2002;12;TAM;SBSP;SBFL;457,99;63
2002;12;TAM;SBGL;SBGR;218,01;347
2002;12;TAM;SBSP;SBUL;1206,01;10
2002;12;TAM;SBBR;SBSP;961,00;71
2002;12;TAM;SBPA;SBSP;785,02;82
2002;12;TAM;SBGL;SBGR;347,99;6
2002;12;TAM;SBSP;SBGO;632,04;16
2002;12;TAM;SBGL;SBGR;399,01;9
2002;12;TAM;SBCT;SBSP;429,01;295
2002;12;TAM;SBBR;SBSP;488,97;1285
2002;12;TAM;SBGL;SBRF;894,07;34
2002;12;TAM;SBRJ;SBVT;368,01;27
2002;12;TAM;SBKP;SBBR;641,03;21
2002;12;TAM;SBKP;SBBR;457,97;200
2002;12;TAM;SBGR;SBFL;433,01;6
2002;12;TAM;SBGL;SBCT;334,99;167
2002;12;TAM;SBCT;SBKP;391,99;3
2002;12;TAM;SBFL;SBPA;248,00;6
2002;12;TAM;SBBR;SBCT;909,96;186
2002;12;TAM;SBGL;SBPA;795,01;6
2002;12;TAM;SBPA;SBGL;795,01;3
2002;12;TAM;SBVT;SBRJ;263,01;3
2002;12;TAM;SBKP;SBPA;548,00;848
2002;12;TAM;SBRJ;SBBR;422,98;81
2002;12;TAM;SBPA;SBKP;719,04;1
2002;12;TAM;SBFL;SBPA;346,01;10
2002;12;TAM;SBGL;SBSV;539,98;24
2002;12;TAM;SBPS;SBSP;754,99;9
2002;12;TAM;SBRJ;SBBR;255,01;123
2002;12;TAM;SBSP;SBBH;318,02;4560
2002;12;TAM;SBBH;SBCT;567,98;20
2002;12;TAM;SBSP;SBRJ;309,01;10402
2002;12;TAM;SBSP;SBCT;311,01;1228
2002;12;TAM;SBSP;SBPS;661,00;61
2002;12;TAM;SBBR;SBFL;871,31;67
2002;12;TAM;SBRF;SBFZ;352,00;12
2002;12;TAM;SBFL;SBGR;337,02;20
2002;12;TAM;SBBH;SBCT;317,98;1033
2002;12;TAM;SBRJ;SBVT;263,01;14
2002;12;TAM;SBCF;SBGR;318,63;367
2002;12;TAM;SBFL;SBSP;246,98;2461
2002;12;TAM;SBGR;SBFL;462,99;20
2002;12;TAM;SBBR;SBGR;651,00;31
2002;12;TAM;SBSV;SBRF;839,03;416
2002;12;TAM;SBUL;SBSP;766,01;334
2002;12;TAM;SBBH;SBCT;738,01;208
2002;12;TAM;SBBR;SBFZ;1041,94;55
2002;12;TAM;SBSP;SBPS;432,02;75
2002;12;TAM;SBBR;SBGO;291,00;80
2002;12;TAM;SBRJ;SBVT;240,02;136
2002;12;TAM;SBSP;SBBR;301,01;569
2002;12;TAM;SBGL;SBPA;497,95;22
2002;12;TAM;SBGR;SBSV;872,05;223
2002;12;TAM;SBPA;SBGL;497,95;28
2002;12;TAM;SBPA;SBGL;595,03;10
2002;12;TAM;SBBH;SBBR;714,01;57
2002;12;TAM;SBCT;SBFL;762,99;32
2002;12;TAM;SBGR;SBSV;635,97;50
2002;12;TAM;SBGR;SBBR;300,96;2
2002;12;TAM;SBSP;SBBH;353,00;434
2002;12;TAM;SBBR;SBGL;468,52;21
2002;12;TAM;SBCT;SBGL;594,99;13
2002;12;TAM;SBBE;SBMQ;342,00;5
2002;12;TAM;SBVT;SBSP;418,98;55
2002;12;TAM;SBBH;SBSP;622,99;58
2002;12;TAM;SBGL;SBSV;894,01;374
2002;12;TAM;SBBR;SBBE;686,02;148
2002;12;TAM;SBGR;SBFL;371,98;25
2002;12;TAM;SBBR;SBSV;514,97;30
2002;12;TAM;SBBH;SBRJ;217,01;2813
2002;12;TAM;SBSV;SBBR;415,98;733
2002;12;TAM;SBSV;SBGR;808,93;29
2002;12;TAM;SBSP;SBFL;372,00;62
2002;12;TAM;SBSP;SBBR;488,97;1036
2002;12;TAM;SBGL;SBRF;766,98;63
2002;12;TAM;SBCT;SBSP;374,99;648
2002;12;TAM;SBGL;SBBR;423,46;4
2002;12;TAM;SBSP;SBPA;709,02;125
2002;12;TAM;SBCT;SBPA;381,01;124
2002;12;TAM;SBRF;SBGL;701,95;9
2002;12;TAM;SBBH;SBRJ;565,00;6
2002;12;TAM;SBCF;SBGR;457,91;28
2002;12;TAM;SBSP;SBGL;257,01;23
2002;12;TAM;SBRJ;SBBH;240,98;105
2002;12;TAM;SBPA;SBGR;579,03;39
2002;12;TAM;SBBR;SBGO;164,00;29
2002;12;TAM;SBSP;SBVT;418,98;27
2002;12;TAM;SBBR;SBBE;1040,06;96
2002;12;TAM;SBCT;SBGL;446,01;24
2002;12;TAM;SBSP;SBGL;279,98;66
2002;12;TAM;SBGL;SBBR;770,87;18
2002;12;TAM;SBFL;SBBR;654,53;122
2002;12;TAM;SBFL;SBPA;156,02;60
2002;12;TAM;SBFL;SBGR;309,98;8
2002;12;TAM;SBGR;SBKP;151,00;54
2002;12;TAM;SBSP;SBBR;419,04;1059
2002;12;TAM;SBBR;SBRJ;467,99;307
2002;12;TAM;SBPA;SBCT;216,00;126
2002;12;TAM;SBSP;SBCT;582,99;13
2002;12;TAM;SBFZ;SBRF;638,98;45
2002;12;TAM;SBGL;SBCT;594,99;3
2002;12;TAM;SBSP;SBFL;610,98;44
2002;12;TAM;SBSV;SBGL;894,01;334
2002;12;TAM;SBKP;SBBR;412,97;542
2002;12;TAM;SBSP;SBBH;329,01;1917
2002;12;TAM;SBBE;SBBR;1248,07;2
2002;12;TAM;SBBH;SBBR;788,97;257
2002;12;TAM;SBGR;SBCT;396,98;11
2002;12;TAM;SBBE;SBMQ;415,00;45
2002;12;TAM;SBSP;SBPA;658,97;55
2002;12;TAM;SBGO;SBSP;632,04;62
2002;12;TAM;SBKP;SBPA;719,04;1
2002;12;TAM;SBBR;SBBE;914,96;6
2002;12;TAM;SBFL;SBSP;278,99;22
2002;12;TAM;SBFL;SBSP;601,02;3
2002;12;TAM;SBRF;SBSV;839,03;119
2002;12;TAM;SBGR;SBSV;819,96;21
2002;12;TAM;SBBR;SBFL;762,46;162
2002;12;TAM;SBGL;SBRF;1023,01;39
2002;12;TAM;SBBR;SBKP;685,96;50
2002;12;TAM;SBCT;SBKP;194,98;22
2002;12;TAM;SBCF;SBGR;555,12;17
2002;12;TAM;SBGR;SBBR;419,04;897
2002;12;TAM;SBCT;SBBH;487,02;85
2002;12;TAM;SBBR;SBSP;697,96;340
2002;12;TAM;SBVT;SBSP;460,03;178
2002;12;TAM;SBGR;SBFL;457,99;14
2002;12;TAM;SBRJ;SBBH;565,00;5
2002;12;TAM;SBRF;SBSV;1305,98;20
2002;12;TAM;SBGR;SBCT;583,02;2
2002;12;TAM;SBRJ;SBVT;134,01;468
2002;12;TAM;SBBR;SBCT;755,02;80
2002;12;TAM;SBGO;SBBR;308,99;72
2002;12;TAM;SBPA;SBGR;972,00;2
2002;12;TAM;SBSP;SBGO;396,04;30
2002;12;TAM;SBRF;SBGL;670,92;482
2002;12;TAM;SBFL;SBCT;630,99;7
2002;12;TAM;SBFL;SBPA;224,01;16
2002;12;TAM;SBSP;SBGO;475,03;223
2002;12;TAM;SBPA;SBCT;574,00;157
2002;12;TAM;SBBH;SBCT;696,00;5
2002;12;TAM;SBVT;SBSP;387,00;114
2002;12;TAM;SBBR;SBSV;1077,04;2
2002;12;TAM;SBRF;SBSV;249,03;421
2002;12;TAM;SBFL;SBPA;452,01;19
2002;12;TAM;SBSP;SBBH;456,98;168
2002;12;TAM;SBFL;SBPA;273,01;3
2002;12;TAM;SBSV;SBBR;1077,04;1
2002;12;TAM;SBSP;SBUL;817,02;50
2002;12;TAM;SBGR;SBSV;599,99;1150
2002;12;TAM;SBPA;SBFL;273,01;7
2002;12;TAM;SBRF;SBFZ;638,98;42
2002;12;TAM;SBGR;SBGL;347,99;12
2002;12;TAM;SBGO;SBSP;680,04;40
2002;12;TAM;SBSP;SBBH;488,98;19
2002;12;TAM;SBKP;SBBR;685,96;11
2002;12;TAM;SBGL;SBRF;1161,06;256
2002;12;TAM;SBFL;SBBR;762,46;73
2002;12;TAM;SBSV;SBGR;1365,97;4
2002;12;TAM;SBVT;SBRJ;134,01;261
2002;12;TAM;SBBR;SBKP;312,02;22
2002;12;TAM;SBRJ;SBBH;382,02;27
2002;12;TAM;SBGL;SBSP;325,00;16
2002;12;TAM;SBPS;SBSP;432,02;94
2002;12;TAM;SBBR;SBSP;419,04;1458
2002;12;TAM;SBBR;SBSP;615,03;673
2002;12;TAM;SBCT;SBGR;271,01;108
2002;12;TAM;SBCT;SBFL;722,99;5
2002;12;TAM;SBSP;SBBH;538,02;22
2002;12;TAM;SBPA;SBFL;397,99;2
2002;12;TAM;SBSP;SBUL;766,01;249
2002;12;TAM;SBFL;SBCT;244,01;398
2002;12;TAM;SBSP;SBCT;468,99;154
2002;12;TAM;SBMQ;SBBE;319,00;64
2002;12;TAM;SBKP;SBCT;325,00;15
2002;12;TAM;SBSP;SBFL;337,01;74
2002;12;TAM;SBRJ;SBSP;342,99;1211
2002;12;TAM;SBRF;SBGL;1161,06;199
2002;12;TAM;SBBR;SBGR;467,00;6
2002;12;TAM;SBFL;SBCT;589,00;34
2002;12;TAM;SBGL;SBSV;590,00;186
2002;12;TAM;SBSP;SBUL;874,98;90
2002;12;TAM;SBKP;SBCT;296,98;5
2002;12;TAM;SBPA;SBCT;441,99;52
2002;12;TAM;SBPA;SBGL;546,04;2
2002;12;TAM;SBRF;SBSV;1400,00;3
2002;12;TAM;SBFL;SBGR;304,98;24
2002;12;TAM;SBGL;SBSV;429,97;1612
2002;12;TAM;SBGO;SBSP;593,98;69
2002;12;TAM;SBGL;SBSV;687,00;150
2002;12;TAM;SBBE;SBMQ;319,00;40
2002;12;TAM;SBCT;SBFL;630,99;6
2002;12;TAM;SBPA;SBFL;452,01;79
2002;12;TAM;SBBE;SBMQ;273,00;40
2002;12;TAM;SBFL;SBSP;309,98;10
2002;12;TAM;SBKP;SBBR;786,03;8
2002;12;TAM;SBSP;SBFL;831,02;9
2002;12;TAM;SBSP;SBBR;651,00;219
2002;12;TAM;SBSP;SBFL;366,98;202
2002;12;TAM;SBFL;SBGR;273,98;24
2002;12;TAM;SBKP;SBPA;670,01;1
2002;12;TAM;SBRF;SBFZ;561,98;8
2002;12;TAM;SBSP;SBBH;406,02;327
2002;12;TAM;SBCT;SBGL;640,01;2
2002;12;TAM;SBFL;SBSP;488,98;8
2002;12;TAM;SBSV;SBRF;1027,02;5
2002;12;TAM;SBBR;SBFZ;964,93;46
2002;12;TAM;SBVT;SBSP;308,98;3190
2002;12;TAM;SBBR;SBRJ;255,01;52
2002;12;TAM;SBCT;SBFL;589,00;22
2002;12;TAM;SBBH;SBRJ;240,98;122
2002;12;TAM;SBKP;SBBR;831,99;174
2002;12;TAM;SBBH;SBCT;405,97;150
2002;12;TAM;SBCT;SBBR;599,97;164
2002;12;TAM;SBGR;SBFL;278,98;5
2002;12;TAM;SBPA;SBKP;631,99;2
2002;12;TAM;SBRJ;SBBH;359,02;24
2002;12;TAM;SBPS;SBSP;661,00;45
2002;12;TAM;SBSP;SBBR;839,04;719
2002;12;TAM;SBCT;SBGR;311,00;65
2002;12;VRG;SBBR;SBFL;1189,00;13
2002;12;VRG;SBGR;SBEG;1522,00;370
2002;12;VRG;SBKP;SBPA;498,00;260
2002;12;VRG;SBBR;SBGR;696,00;44
2002;12;VRG;SBGL;SBGR;371,00;56
2002;12;VRG;SBBR;SBPA;982,00;96
2002;12;VRG;SBSP;SBUL;507,00;60
2002;12;VRG;SBRJ;SBBR;923,00;217
2002;12;VRG;SBPA;SBFL;299,00;203
2002;12;VRG;SBSV;SBGL;496,00;372
2002;12;VRG;SBSP;SBGO;551,00;97
2002;12;VRG;SBRJ;SBFL;386,00;390
2002;12;VRG;SBBR;SBFZ;612,00;186
2002;12;VRG;SBFZ;SBRF;605,00;8
2002;12;VRG;SBKP;SBBR;521,00;29
2002;12;VRG;SBBR;SBKP;381,00;119
2002;12;VRG;SBBH;SBSP;489,00;35
2002;12;VRG;SBCT;SBFL;209,00;51
2002;12;VRG;SBSV;SBGL;835,00;31
2002;12;VRG;SBBR;SBGO;227,00;228
2002;12;VRG;SBRF;SBGL;887,00;356
2002;12;VRG;SBBE;SBMQ;361,00;5
2002;12;VRG;SBGR;SBPA;745,00;1726
2002;12;VRG;SBKP;SBCT;344,00;64
2002;12;VRG;SBPA;SBGR;429,00;4196
2002;12;VRG;SBGR;SBSV;993,00;208
2002;12;VRG;SBKP;SBPA;713,00;1
2002;12;VRG;SBPA;SBKP;422,00;1
2002;12;VRG;SBBR;SBRJ;770,00;2624
2002;12;VRG;SBSV;SBBR;746,00;9
2002;12;VRG;SBBR;SBBE;916,00;42
2002;12;VRG;SBGR;SBSV;600,00;1872
2002;12;VRG;SBBR;SBRJ;923,00;238
2002;12;VRG;SBGR;SBEG;1339,00;57
2002;12;VRG;SBGR;SBGL;420,00;6851
2002;12;VRG;SBFL;SBRJ;567,00;51
2002;12;VRG;SBRJ;SBBH;545,00;7
2002;12;VRG;SBGR;SBPA;655,00;151
2002;12;VRG;SBGL;SBRF;645,00;225
2002;12;VRG;SBRJ;SBCT;804,00;4
2002;12;VRG;SBBH;SBRJ;349,00;192
2002;12;VRG;SBPA;SBFL;203,00;1399
2002;12;VRG;SBKP;SBBR;410,00;124
2002;12;VRG;SBSP;SBFL;524,00;4
2002;12;VRG;SBGR;SBGL;371,00;93
2002;12;VRG;SBKP;SBCT;392,00;1
2002;12;VRG;SBGL;SBCT;442,00;92
2002;12;VRG;SBRP;SBSP;306,00;701
2002;12;VRG;SBRJ;SBBH;254,00;53
2002;12;VRG;SBCT;SBRJ;590,00;17
2002;12;VRG;SBFZ;SBBR;1310,00;79
2002;12;VRG;SBCT;SBSP;295,00;410
2002;12;VRG;SBFL;SBGR;427,00;154
2002;12;VRG;SBPA;SBGL;505,00;570
2002;12;VRG;SBGR;SBGL;235,00;125
2002;12;VRG;SBSV;SBRF;414,00;163
2002;12;VRG;SBPA;SBGL;694,00;390
2002;12;VRG;SBFL;SBPA;454,00;266
2002;12;VRG;SBFZ;SBRF;769,00;3
2002;12;VRG;SBFL;SBSP;366,00;110
2002;12;VRG;SBBR;SBGR;737,00;524
2002;12;VRG;SBPA;SBBR;1055,00;13
2002;12;VRG;SBFL;SBBR;763,00;12
2002;12;VRG;SBNF;SBSP;626,00;9
2002;12;VRG;SBKP;SBSP;185,00;19
2002;12;VRG;SBSP;SBVT;295,00;3167
2002;12;VRG;SBGR;SBGL;546,00;40
2002;12;VRG;SBFZ;SBBR;612,00;101
2002;12;VRG;SBGL;SBPA;694,00;609
2002;12;VRG;SBBR;SBFL;991,00;99
2002;12;VRG;SBPA;SBBR;625,00;61
2002;12;VRG;SBFL;SBGL;736,00;198
2002;12;VRG;SBBR;SBRJ;592,00;565
2002;12;VRG;SBBH;SBRJ;429,00;7
2002;12;VRG;SBSP;SBPA;417,00;415
2002;12;VRG;SBPA;SBFL;429,00;5
2002;12;VRG;SBSV;SBGR;600,00;2346
2002;12;VRG;SBPA;SBKP;754,00;7
2002;12;VRG;SBBR;SBGR;413,00;60
2002;12;VRG;SBGL;SBRF;671,00;772
2002;12;VRG;SBPA;SBCT;269,00;455
2002;12;VRG;SBSV;SBGR;693,00;567
2002;12;VRG;SBGR;SBCT;491,00;121
2002;12;VRG;SBSP;SBBH;367,00;429
2002;12;VRG;SBMQ;SBBE;271,00;5
2002;12;VRG;SBBR;SBKP;734,00;104
2002;12;VRG;SBKP;SBSP;142,00;7
2002;12;VRG;SBSP;SBPS;858,00;263
2002;12;VRG;SBBR;SBBH;536,00;122
2002;12;VRG;SBRF;SBSV;754,00;45
2002;12;VRG;SBFZ;SBRF;422,00;322
2002;12;VRG;SBBR;SBGO;166,00;45
2002;12;VRG;SBBE;SBBR;801,00;236
2002;12;VRG;SBSV;SBGR;925,00;139
2002;12;VRG;SBGL;SBFL;648,00;14
2002;12;VRG;SBRF;SBGL;760,00;661
2002;12;VRG;SBRJ;SBFL;648,00;9
2002;12;VRG;SBGR;SBCF;367,00;134
2002;12;VRG;SBPA;SBRJ;496,00;44
2002;12;VRG;SBGR;SBPA;417,00;433
2002;12;VRG;SBFL;SBBR;872,00;6
2002;12;VRG;SBKP;SBRJ;483,00;589
2002;12;VRG;SBFL;SBPA;203,00;1253
2002;12;VRG;SBBH;SBSP;525,00;15
2002;12;VRG;SBBR;SBBE;1041,00;449
2002;12;VRG;SBBR;SBSV;1018,00;168
2002;12;VRG;SBFL;SBPA;429,00;2
2002;12;VRG;SBGL;SBRF;1151,00;533
2002;12;VRG;SBCT;SBRJ;318,00;520
2002;12;VRG;SBVT;SBSP;295,00;2845
2002;12;VRG;SBGO;SBSP;401,00;22
2002;12;VRG;SBCT;SBKP;257,00;1040
2002;12;VRG;SBBR;SBKP;694,00;2
2002;12;VRG;SBSP;SBBR;648,00;273
2002;12;VRG;SBFL;SBPA;545,00;19
2002;12;VRG;SBBR;SBFZ;1033,00;7
2002;12;VRG;SBGR;SBEG;794,00;1582
2002;12;VRG;SBKP;SBPA;422,00;2
2002;12;VRG;SBSP;SBBH;556,00;3278
2002;12;VRG;SBSP;SBUL;332,00;28
2002;12;VRG;SBGR;SBCF;428,00;97
2002;12;VRG;SBRJ;SBVT;452,00;9
2002;12;VRG;SBRJ;SBFL;412,00;39
2002;12;VRG;SBRF;SBFZ;605,00;3
2002;12;VRG;SBPA;SBGR;703,00;34
2002;12;VRG;SBFL;SBSP;524,00;18
2002;12;VRG;SBSV;SBRF;483,00;294
2002;12;VRG;SBPA;SBBR;737,00;228
2002;12;VRG;SBRJ;SBCT;516,00;124
2002;12;VRG;SBGL;SBBR;507,00;159
2002;12;VRG;SBBR;SBRJ;366,00;4382
2002;12;VRG;SBFL;SBPA;399,00;18
2002;12;VRG;SBBR;SBGR;648,00;57
2002;12;VRG;SBKP;SBBR;789,00;58
2002;12;VRG;SBGL;SBBR;677,00;47
2002;12;VRG;SBRJ;SBFL;883,00;1
2002;12;VRG;SBFZ;SBBR;842,00;274
2002;12;VRG;SBCF;SBGR;668,00;179
2002;12;VRG;SBCT;SBGL;670,00;306
2002;12;VRG;SBSP;SBFL;310,00;183
2002;12;VRG;SBPA;SBFL;454,00;302
2002;12;VRG;SBFL;SBRJ;736,00;109
2002;12;VRG;SBSV;SBBR;654,00;322
2002;12;VRG;SBSV;SBGR;588,00;618
2002;12;VRG;SBRJ;SBCT;442,00;95
2002;12;VRG;SBFL;SBSP;248,00;241
2002;12;VRG;SBGL;SBBR;923,00;299
2002;12;VRG;SBVT;SBRJ;174,00;2639
2002;12;VRG;SBGR;SBFL;488,00;76
2002;12;VRG;SBFL;SBSP;427,00;150
2002;12;VRG;SBSP;SBBR;413,00;187
2002;12;VRG;SBSP;SBPA;703,00;12
2002;12;VRG;SBVT;SBSP;508,00;108
2002;12;VRG;SBPA;SBCT;321,00;87
2002;12;VRG;SBRJ;SBVT;368,00;253
2002;12;VRG;SBRJ;SBBH;429,00;11
2002;12;VRG;SBGL;SBBR;366,00;1061
2002;12;VRG;SBSP;SBRP;399,00;131
2002;12;VRG;SBGL;SBRF;1088,00;21
2002;12;VRG;SBSP;SBGO;340,00;1118
2002;12;VRG;SBRJ;SBKP;246,00;1609
2002;12;VRG;SBFL;SBRJ;412,00;64
2002;12;VRG;SBBE;SBBR;1248,00;115
2002;12;VRG;SBBR;SBRJ;507,00;408
2002;12;VRG;SBGR;SBSV;1260,00;553
2002;12;VRG;SBEG;SBGR;1978,00;44
2002;12;VRG;SBUL;SBSP;507,00;87
2002;12;VRG;SBSP;SBPA;745,00;1161
2002;12;VRG;SBGL;SBGR;546,00;38
2002;12;VRG;SBFZ;SBRF;492,00;338
2002;12;VRG;SBGL;SBBR;770,00;570
2002;12;VRG;SBCF;SBGR;312,00;89
2002;12;VRG;SBSV;SBGL;414,00;1499
2002;12;VRG;SBBE;SBMQ;411,00;99
2002;12;VRG;SBBR;SBSP;413,00;158
2002;12;VRG;SBBR;SBBE;686,00;180
2002;12;VRG;SBCT;SBSP;536,00;90
2002;12;VRG;SBBR;SBKP;565,00;88
2002;12;VRG;SBCT;SBSP;421,00;14
2002;12;VRG;SBGR;SBCF;489,00;39
2002;12;VRG;SBPA;SBCT;505,00;12
2002;12;VRG;SBNF;SBSP;492,00;11
2002;12;VRG;SBGL;SBFL;883,00;28
2002;12;VRG;SBGR;SBEG;1004,00;479
2002;12;VRG;SBGL;SBSV;584,00;729
2002;12;VRG;SBNF;SBSP;521,00;616
2002;12;VRG;SBSP;SBRP;306,00;778
2002;12;VRG;SBCT;SBSP;344,00;380
2002;12;VRG;SBCT;SBKP;421,00;2
2002;12;VRG;SBVT;SBRJ;368,00;238
2002;12;VRG;SBBR;SBGL;507,00;207
2002;12;VRG;SBBR;SBFL;522,00;2
2002;12;VRG;SBCT;SBPA;269,00;525
2002;12;VRG;SBSV;SBRF;628,00;350
2002;12;VRG;SBGL;SBFL;696,00;5
2002;12;VRG;SBFL;SBRJ;696,00;3
2002;12;VRG;SBPS;SBSP;481,00;159
2002;12;VRG;SBSP;SBCT;446,00;1379
2002;12;VRG;SBRJ;SBKP;457,00;4
2002;12;VRG;SBBR;SBGO;355,00;3
2002;12;VRG;SBGR;SBFL;427,00;307
2002;12;VRG;SBGR;SBCT;703,00;7
2002;12;VRG;SBRJ;SBVT;420,00;98
2002;12;VRG;SBKP;SBCT;446,00;195
2002;12;VRG;SBGR;SBFL;664,00;200
2002;12;VRG;SBCT;SBKP;446,00;175
2002;12;VRG;SBBR;SBGO;261,00;9
2002;12;VRG;SBGR;SBBR;419,00;417
2002;12;VRG;SBSP;SBCT;295,00;686
2002;12;VRG;SBSP;SBPA;491,00;579
2002;12;VRG;SBBH;SBBR;576,00;15
2002;12;VRG;SBBE;SBMQ;271,00;9
2002;12;VRG;SBRJ;SBVT;316,00;224
2002;12;VRG;SBSP;SBPS;481,00;169
2002;12;VRG;SBKP;SBPA;754,00;21
2002;12;VRG;SBGR;SBPA;491,00;611
2002;12;VRG;SBFL;SBGR;554,00;248
2002;12;VRG;SBBR;SBSP;567,00;834
2002;12;VRG;SBGO;SBBR;355,00;2
2002;12;VRG;SBSP;SBPA;429,00;2188
2002;12;VRG;SBBR;SBFL;763,00;16
2002;12;VRG;SBBH;SBBR;403,00;240
2002;12;VRG;SBRF;SBFZ;769,00;18
2002;12;VRG;SBBR;SBSV;746,00;117
2002;12;VRG;SBGO;SBBR;261,00;2
2002;12;VRG;SBSP;SBGO;859,00;15
2002;12;VRG;SBKP;SBRJ;318,00;112
2002;12;VRG;SBRJ;SBCT;318,00;439
2002;12;VRG;SBGR;SBBR;696,00;32
2002;12;VRG;SBSP;SBBR;567,00;1286
2002;12;VRG;SBGR;SBGL;397,00;46
2002;12;VRG;SBGR;SBCF;556,00;556
2002;12;VRG;SBSP;SBBH;336,00;4285
2002;12;VRG;SBFL;SBCT;246,00;67
2002;12;VRG;SBFL;SBCT;287,00;93
2002;12;VRG;SBBR;SBSP;737,00;2125
2002;12;VRG;SBSV;SBBR;560,00;64
2002;12;VRG;SBBR;SBGL;923,00;311
2002;12;VRG;SBEG;SBGR;853,00;110
2002;12;VRG;SBCT;SBSP;258,00;3831
2002;12;VRG;SBPA;SBGR;745,00;1332
2002;12;VRG;SBSV;SBGR;808,00;566
2002;12;VRG;SBSP;SBBH;312,00;281
2002;12;VRG;SBPA;SBBR;1116,00;358
2002;12;VRG;SBPS;SBSP;661,00;107
2002;12;VRG;SBBR;SBPA;1339,00;149
2002;12;VRG;SBBR;SBSV;654,00;598
2002;12;VRG;SBEG;SBGR;1826,00;544
2002;12;VRG;SBGL;SBFL;736,00;278
2002;12;VRG;SBVT;SBSP;793,00;3
2002;12;VRG;SBSP;SBGO;677,00;8
2002;12;VRG;SBRF;SBSV;249,00;1657
2002;12;VRG;SBSP;SBRJ;309,00;54392
2002;12;VRG;SBEG;SBGR;1004,00;510
2002;12;VRG;SBPA;SBRJ;595,00;19
2002;12;VRG;SBGL;SBRF;760,00;857
2002;12;VRG;SBCT;SBGL;318,00;913
2002;12;VRG;SBVT;SBRJ;574,00;7
2002;12;VRG;SBGR;SBEG;1978,00;28
2002;12;VRG;SBFL;SBGL;883,00;19
2002;12;VRG;SBBE;SBBR;1041,00;430
2002;12;VRG;SBGR;SBPA;429,00;3451
2002;12;VRG;SBBR;SBSP;884,00;130
2002;12;VRG;SBGO;SBSP;340,00;866
2002;12;VRG;SBCT;SBPA;321,00;104
2002;12;VRG;SBVT;SBRJ;267,00;58
2002;12;VRG;SBSV;SBGR;993,00;61
2002;12;VRG;SBGO;SBSP;551,00;97
2002;12;VRG;SBPS;SBSP;811,00;8
2002;12;VRG;SBGR;SBFL;524,00;20
2002;12;VRG;SBSP;SBGO;473,00;38
2002;12;VRG;SBSP;SBCT;258,00;3842
2002;12;VRG;SBGR;SBBR;567,00;254
2002;12;VRG;SBSP;SBCT;536,00;24
2002;12;VRG;SBFL;SBPA;254,00;68
2002;12;VRG;SBSP;SBVT;582,00;13
2002;12;VRG;SBBR;SBRJ;727,00;7
2002;12;VRG;SBBE;SBMQ;316,00;133
2002;12;VRG;SBGL;SBSV;414,00;1389
2002;12;VRG;SBCT;SBPA;542,00;3
2002;12;VRG;SBFL;SBGL;567,00;116
2002;12;VRG;SBGL;SBPA;851,00;23
2002;12;VRG;SBGL;SBSV;778,00;167
2002;12;VRG;SBSP;SBFL;248,00;1333
2002;12;VRG;SBCT;SBGR;893,00;44
2002;12;VRG;SBSP;SBVT;370,00;153
2002;12;VRG;SBRF;SBGL;1382,00;217
2002;12;VRG;SBCT;SBFL;328,00;1
2002;12;VRG;SBGL;SBBR;592,00;328
2002;12;VRG;SBSP;SBUL;576,00;211
2002;12;VRG;SBGL;SBGR;324,00;254
2002;12;VRG;SBFL;SBGR;248,00;535
2002;12;VRG;SBBR;SBFL;555,00;13
2002;12;VRG;SBFL;SBRJ;486,00;35
2002;12;VRG;SBGL;SBSV;496,00;417
2002;12;VRG;SBRJ;SBFL;567,00;44
2002;12;VRG;SBRJ;SBKP;483,00;643
2002;12;VRG;SBCT;SBRJ;633,00;2
2002;12;VRG;SBFL;SBRJ;386,00;189
2002;12;VRG;SBSP;SBCT;421,00;13
2002;12;VRG;SBBH;SBSP;367,00;292
2002;12;VRG;SBPA;SBGL;851,00;8
2002;12;VRG;SBFZ;SBRF;234,00;1282
2002;12;VRG;SBGR;SBCT;745,00;130
2002;12;VRG;SBSP;SBVT;508,00;123
2002;12;VRG;SBFL;SBGR;488,00;23
2002;12;VRG;SBGL;SBPA;793,00;91
2002;12;VRG;SBMQ;SBBE;388,00;1
2002;12;VRG;SBRJ;SBBH;399,00;23
2002;12;VRG;SBBH;SBRJ;399,00;6
2002;12;VRG;SBKP;SBSP;123,00;2
2002;12;VRG;SBSP;SBVT;625,00;3
2002;12;VRG;SBBR;SBGL;366,00;1282
2002;12;VRG;SBSP;SBPA;574,00;406
2002;12;VRG;SBUL;SBSP;576,00;185
2002;12;VRG;SBCT;SBGL;633,00;9
2002;12;VRG;SBRF;SBGL;1151,00;372
2002;12;VRG;SBBR;SBBH;347,00;2103
2002;12;VRG;SBCT;SBKP;295,00;95
2002;12;VRG;SBBR;SBSP;419,00;3980
2002;12;VRG;SBSP;SBBR;696,00;92
2002;12;VRG;SBBR;SBFL;655,00;18
2002;12;VRG;SBRJ;SBCT;670,00;286
2002;12;VRG;SBBE;SBBR;583,00;11
2002;12;VRG;SBNF;SBSP;459,00;38
2002;12;VRG;SBCT;SBKP;536,00;5
2002;12;VRG;SBSP;SBFL;366,00;173
2002;12;VRG;SBSV;SBBR;475,00;51
2002;12;VRG;SBFL;SBRJ;883,00;12
2002;12;VRG;SBGR;SBPA;574,00;549
2002;12;VRG;SBFZ;SBRF;359,00;54
2002;12;VRG;SBGL;SBCT;516,00;301
2002;12;VRG;SBBR;SBSV;560,00;175
2002;12;VRG;SBSV;SBGR;1050,00;1237
2002;12;VRG;SBSP;SBNF;521,00;1231
2002;12;VRG;SBSP;SBBH;668,00;6
2002;12;VRG;SBGL;SBFL;567,00;152
2002;12;VRG;SBRF;SBFZ;422,00;336
2002;12;VRG;SBKP;SBBR;607,00;83
2002;12;VRG;SBPA;SBRJ;793,00;4
2002;12;VRG;SBCT;SBFL;246,00;395
2002;12;VRG;SBCT;SBGL;442,00;111
2002;12;VRG;SBPA;SBFL;349,00;76
2002;12;VRG;SBBR;SBBH;470,00;478
2002;12;VRG;SBFZ;SBBR;1092,00;281
2002;12;VRG;SBBR;SBBH;342,00;35
2002;12;VRG;SBGR;SBCF;312,00;58
2002;12;VRG;SBSP;SBPA;893,00;19
2002;12;VRG;SBPA;SBGR;574,00;439
2002;12;VRG;SBGL;SBGR;397,00;34
2002;12;VRG;SBFZ;SBRF;562,00;24
2002;12;VRG;SBVT;SBSP;436,00;69
2002;12;VRG;SBBR;SBSP;648,00;122
2002;12;VRG;SBPA;SBGR;655,00;74
2002;12;VRG;SBGL;SBBR;727,00;4
2002;12;VRG;SBCT;SBPA;689,00;2
2002;12;VRG;SBRJ;SBVT;477,00;1062
2002;12;VRG;SBGR;SBPA;703,00;52
2002;12;VRG;SBSP;SBBR;419,00;4169
2002;12;VRG;SBFL;SBGR;366,00;199
2002;12;VRG;SBUL;SBSP;332,00;22
2002;12;VRG;SBPA;SBGR;893,00;427
2002;12;VRG;SBBR;SBBE;983,00;5
2002;12;VRG;SBGR;SBCT;893,00;32
2002;12;VRG;SBPA;SBFL;399,00;20
2002;12;VRG;SBGL;SBCT;633,00;8
2002;12;VRG;SBBR;SBFZ;1310,00;110
2002;12;VRG;SBRF;SBGL;1088,00;13
2002;12;VRG;SBCF;SBGR;525,00;19
2002;12;VRG;SBRF;SBFZ;492,00;300
2002;12;VRG;SBRJ;SBKP;318,00;116
2002;12;VRG;SBKP;SBCT;295,00;157
2002;12;VRG;SBBR;SBFZ;630,00;872
2002;12;VRG;SBGL;SBCT;804,00;31
2002;12;VRG;SBGO;SBBR;296,00;100
2002;12;VRG;SBGL;SBRF;887,00;439
2002;12;VRG;SBEG;SBGR;1438,00;108
2002;12;VRG;SBGR;SBCF;318,00;28
2002;12;VRG;SBPA;SBCT;442,00;173
2002;12;VRG;SBSP;SBNF;492,00;21
2002;12;VRG;SBCT;SBFL;373,00;70
2002;12;VRG;SBGL;SBRF;1013,00;98
2002;12;VRG;SBGL;SBPA;901,00;1250
2002;12;VRG;SBBR;SBGO;296,00;56
2002;12;VRG;SBRF;SBSV;553,00;31
2002;12;VRG;SBFL;SBGL;648,00;7
2002;12;VRG;SBGR;SBEG;1826,00;364
2002;12;VRG;SBBR;SBGR;567,00;210
2002;12;VRG;SBSV;SBBR;417,00;159
2002;12;VRG;SBCT;SBFL;287,00;174
2002;12;VRG;SBGL;SBPA;496,00;2434
2002;12;VRG;SBBH;SBRJ;254,00;22
2002;12;VRG;SBBR;SBSV;848,00;851
2002;12;VRG;SBGL;SBSV;885,00;1047
2002;12;VRG;SBBE;SBMQ;226,00;395
2002;12;VRG;SBKP;SBPA;663,00;24
2002;12;VRG;SBFL;SBBR;991,00;56
2002;12;VRG;SBRJ;SBBR;592,00;505
2002;12;VRG;SBKP;SBRJ;426,00;75
2002;12;VRG;SBSP;SBNF;402,00;463
2002;12;VRG;SBSP;SBFL;554,00;914
2002;12;VRG;SBBR;SBGL;770,00;832
2002;12;VRG;SBVT;SBSP;661,00;433
2002;12;VRG;SBKP;SBRJ;372,00;193
2002;12;VRG;SBFL;SBSP;310,00;62
2002;12;VRG;SBSP;SBKP;123,00;2
2002;12;VRG;SBCT;SBGL;590,00;8
2002;12;VRG;SBGR;SBCT;574,00;67
2002;12;VRG;SBFL;SBGL;386,00;446
2002;12;VRG;SBSP;SBBR;487,00;673
2002;12;VRG;SBGL;SBCT;590,00;7
2002;12;VRG;SBPA;SBGL;1081,00;268
2002;12;VRG;SBGR;SBFL;554,00;761
2002;12;VRG;SBRP;SBSP;376,00;1
2002;12;VRG;SBPA;SBGR;491,00;461
2002;12;VRG;SBBR;SBSP;487,00;406
2002;12;VRG;SBPA;SBCT;574,00;250
2002;12;VRG;SBGR;SBFL;366,00;484
2002;12;VRG;SBGR;SBEG;853,00;91
2002;12;VRG;SBGR;SBBR;737,00;829
2002;12;VRG;SBPA;SBGL;595,00;544
2002;12;VRG;SBVT;SBSP;582,00;5
2002;12;VRG;SBMQ;SBBE;492,00;1
2002;12;VRG;SBCT;SBKP;344,00;66
2002;12;VRG;SBRF;SBSV;628,00;482
2002;12;VRG;SBGR;SBGL;324,00;235
2002;12;VRG;SBGL;SBFL;486,00;138
2002;12;VRG;SBBR;SBSP;696,00;70
2002;12;VRG;SBRJ;SBBH;217,00;4818
2002;12;VRG;SBGR;SBCF;668,00;142
2002;12;VRG;SBPA;SBCT;542,00;3
2002;12;VRG;SBRJ;SBBH;299,00;87
2002;12;VRG;SBCT;SBPA;379,00;232
2002;12;VRG;SBBE;SBMQ;492,00;3
2002;12;VRG;SBGO;SBSP;473,00;66
2002;12;VRG;SBGL;SBGR;504,00;1359
2002;12;VRG;SBGO;SBBR;166,00;40
2002;12;VRG;SBRJ;SBPA;505,00;168
2002;12;VRG;SBPA;SBCT;689,00;1
2002;12;VRG;SBRF;SBFZ;234,00;1461
2002;12;VRG;SBKP;SBBR;694,00;29
2002;12;VRG;SBRJ;SBBR;431,00;18
2002;12;VRG;SBBR;SBSV;802,00;53
2002;12;VRG;SBGR;SBEG;1438,00;47
2002;12;VRG;SBVT;SBSP;625,00;3
2002;12;VRG;SBGL;SBPA;505,00;621
2002;12;VRG;SBCT;SBGR;655,00;25
2002;12;VRG;SBGL;SBBR;1001,00;22
2002;12;VRG;SBRJ;SBBR;507,00;451
2002;12;VRG;SBRJ;SBKP;426,00;11
2002;12;VRG;SBKP;SBRJ;578,00;37
2002;12;VRG;SBKP;SBRJ;457,00;8
2002;12;VRG;SBGR;SBCF;525,00;20
2002;12;VRG;SBSP;SBBH;489,00;33
2002;12;VRG;SBCF;SBGR;318,00;37
2002;12;VRG;SBBR;SBPA;625,00;89
2002;12;VRG;SBMQ;SBBE;411,00;131
2002;12;VRG;SBFZ;SBBR;630,00;856
2002;12;VRG;SBBE;SBBR;916,00;73
2002;12;VRG;SBFL;SBCT;373,00;5
2002;12;VRG;SBBR;SBSV;475,00;140
2002;12;VRG;SBGO;SBSP;859,00;19
2002;12;VRG;SBPA;SBKP;498,00;276
2002;12;VRG;SBFL;SBBR;655,00;14
2002;12;VRG;SBSV;SBGL;885,00;847
2002;12;VRG;SBFL;SBSP;554,00;276
2002;12;VRG;SBGO;SBSP;630,00;1
2002;12;VRG;SBRJ;SBVT;174,00;2379
2002;12;VRG;SBBR;SBPA;675,00;129
2002;12;VRG;SBRF;SBSV;414,00;158
2002;12;VRG;SBFZ;SBBR;721,00;279
2002;12;VRG;SBCT;SBGR;491,00;106
2002;12;VRG;SBGR;SBEG;1172,00;328
2002;12;VRG;SBBR;SBBE;583,00;11
2002;12;VRG;SBGR;SBSV;1050,00;1517
2002;12;VRG;SBUL;SBSP;545,00;6
2002;12;VRG;SBNF;SBSP;344,00;265
2002;12;VRG;SBRJ;SBPA;694,00;14
2002;12;VRG;SBSV;SBRF;249,00;1380
2002;12;VRG;SBGR;SBGL;218,00;917
2002;12;VRG;SBEG;SBGR;1172,00;585
2002;12;VRG;SBKP;SBCT;536,00;5
2002;12;VRG;SBGR;SBCT;429,00;301
2002;12;VRG;SBGL;SBCT;670,00;307
2002;12;VRG;SBSP;SBPA;655,00;56
2002;12;VRG;SBPS;SBSP;567,00;254
2002;12;VRG;SBCT;SBRJ;804,00;8
2002;12;VRG;SBFL;SBRJ;648,00;11
2002;12;VRG;SBSP;SBVT;661,00;553
2002;12;VRG;SBFL;SBGR;664,00;96
2002;12;VRG;SBVT;SBRJ;420,00;68
2002;12;VRG;SBFL;SBBR;555,00;7
2002;12;VRG;SBGL;SBPA;1081,00;357
2002;12;VRG;SBPA;SBGL;793,00;46
2002;12;VRG;SBSP;SBGO;630,00;5
2002;12;VRG;SBCT;SBGR;574,00;60
2002;12;VRG;SBBH;SBBR;470,00;540
2002;12;VRG;SBCT;SBRJ;442,00;53
2002;12;VRG;SBBR;SBBE;1248,00;126
2002;12;VRG;SBBR;SBPA;499,00;670
2002;12;VRG;SBRF;SBSV;352,00;112
2002;12;VRG;SBFL;SBSP;664,00;11
2002;12;VRG;SBBR;SBFL;872,00;14
2002;12;VRG;SBFL;SBPA;349,00;50
2002;12;VRG;SBRF;SBGL;645,00;204
2002;12;VRG;SBBR;SBBH;610,00;728
2002;12;VRG;SBRJ;SBKP;578,00;15
2002;12;VRG;SBSV;SBBR;1018,00;113
2002;12;VRG;SBPA;SBGR;968,00;9
2002;12;VRG;SBBR;SBPA;859,00;233
2002;12;VRG;SBCF;SBGR;556,00;285
2002;12;VRG;SBSP;SBGO;401,00;17
2002;12;VRG;SBSP;SBFL;664,00;10
2002;12;VRG;SBRF;SBFZ;359,00;48
2002;12;VRG;SBPA;SBBR;675,00;165
2002;12;VRG;SBRF;SBGL;1013,00;107
2002;12;VRG;SBNF;SBSP;402,00;339
2002;12;VRG;SBKP;SBBR;947,00;2
2002;12;VRG;SBSP;SBBR;737,00;2910
2002;12;VRG;SBNF;SBSP;271,00;1815
2002;12;VRG;SBSV;SBRF;592,00;29
2002;12;VRG;SBRF;SBFZ;640,00;350
2002;12;VRG;SBPS;SBSP;858,00;116
2002;12;VRG;SBFL;SBSP;488,00;70
2002;12;VRG;SBBH;SBRJ;299,00;67
2002;12;VRG;SBGR;SBBR;487,00;172
2002;12;VRG;SBPA;SBBR;499,00;549
2002;12;VRG;SBBR;SBKP;485,00;36
2002;12;VRG;SBPA;SBGL;496,00;1840
2002;12;VRG;SBRJ;SBPA;496,00;39
2002;12;VRG;SBBR;SBGL;592,00;301
2002;12;VRG;SBMQ;SBBE;226,00;283
2002;12;VRG;SBRJ;SBFL;486,00;45
2002;12;VRG;SBPA;SBRJ;694,00;11
2002;12;VRG;SBRJ;SBPA;901,00;36
2002;12;VRG;SBBH;SBSP;668,00;16
2002;12;VRG;SBSP;SBVT;436,00;125
2002;12;VRG;SBFZ;SBBR;962,00;31
2002;12;VRG;SBBE;SBBR;983,00;9
2002;12;VRG;SBSV;SBGR;1260,00;488
2002;12;VRG;SBSV;SBBR;848,00;155
2002;12;VRG;SBSP;SBPS;811,00;24
2002;12;VRG;SBGR;SBBR;413,00;27
2002;12;VRG;SBBR;SBGL;431,00;65
2002;12;VRG;SBFL;SBGR;524,00;5
2002;12;VRG;SBSP;SBVT;793,00;10
2002;12;VRG;SBCF;SBGR;428,00;163
2002;12;VRG;SBBR;SBGR;884,00;266
2002;12;VRG;SBSP;SBNF;626,00;22
2002;12;VRG;SBBH;SBRJ;217,00;4546
2002;12;VRG;SBCT;SBKP;392,00;6
2002;12;VRG;SBGR;SBSV;808,00;895
2002;12;VRG;SBBR;SBPA;737,00;259
2002;12;VRG;SBRF;SBFZ;562,00;46
2002;12;VRG;SBBR;SBBH;732,00;14
2002;12;VRG;SBRJ;SBSP;309,00;52883
2002;12;VRG;SBBR;SBGL;677,00;177
2002;12;VRG;SBBR;SBBE;801,00;274
2002;12;VRG;SBSP;SBNF;459,00;53
2002;12;VRG;SBBH;SBSP;312,00;246
2002;12;VRG;SBGR;SBFL;310,00;331
2002;12;VRG;SBPA;SBBR;859,00;243
2002;12;VRG;SBGR;SBSV;925,00;357
2002;12;VRG;SBCF;SBGR;489,00;62
2002;12;VRG;SBCT;SBGR;745,00;233
2002;12;VRG;SBPA;SBRJ;901,00;13
2002;12;VRG;SBVT;SBRJ;477,00;1072
2002;12;VRG;SBCT;SBSP;392,00;32
2002;12;VRG;SBEG;SBGR;1522,00;664
2002;12;VRG;SBRJ;SBBH;454,00;2681
2002;12;VRG;SBPA;SBCT;379,00;149
2002;12;VRG;SBPA;SBFL;545,00;20
2002;12;VRG;SBBH;SBRJ;454,00;2426
2002;12;VRG;SBCT;SBGL;804,00;73
2002;12;VRG;SBBR;SBPA;1116,00;543
2002;12;VRG;SBBR;SBSV;417,00;290
2002;12;VRG;SBBH;SBRJ;545,00;1
2002;12;VRG;SBSP;SBFL;427,00;185
2002;12;VRG;SBSV;SBGL;584,00;610
2002;12;VRG;SBBR;SBGL;1001,00;27
2002;12;VRG;SBGR;SBCT;655,00;16
2002;12;VRG;SBRF;SBSV;592,00;11
2002;12;VRG;SBSV;SBGL;1061,00;116
2002;12;VRG;SBRJ;SBPA;793,00;7
2002;12;VRG;SBBR;SBRJ;677,00;140
2002;12;VRG;SBBR;SBFZ;962,00;55
2002;12;VRG;SBBH;SBSP;428,00;324
2002;12;VRG;SBMQ;SBBE;316,00;127
2002;12;VRG;SBSP;SBPS;567,00;340
2002;12;VRG;SBRF;SBGL;671,00;889
2002;12;VRG;SBGL;SBGR;235,00;110
2002;12;VRG;SBSP;SBKP;142,00;4
2002;12;VRG;SBGL;SBSV;1061,00;126
2002;12;VRG;SBRJ;SBBH;349,00;280
2002;12;VRG;SBBH;SBBR;347,00;1968
2002;12;VRG;SBBR;SBGL;727,00;20
2002;12;VRG;SBBR;SBBH;576,00;5
2002;12;VRG;SBFZ;SBBR;1033,00;1
2002;12;VRG;SBGO;SBBR;227,00;250
2002;12;VRG;SBBH;SBSP;336,00;3944
2002;12;VRG;SBFL;SBCT;209,00;53
2002;12;VRG;SBSP;SBKP;185,00;7
2002;12;VRG;SBFL;SBGL;486,00;80
2002;12;VRG;SBFZ;SBRF;640,00;342
2002;12;VRG;SBRF;SBSV;483,00;423
2002;12;VRG;SBCT;SBRJ;670,00;352
2002;12;VRG;SBSP;SBBR;884,00;210
2002;12;VRG;SBSV;SBRF;553,00;32
2002;12;VRG;SBBH;SBSP;556,00;2681
2002;12;VRG;SBGL;SBBR;431,00;52
2002;12;VRG;SBRJ;SBKP;372,00;119
2002;12;VRG;SBMQ;SBBE;361,00;7
2002;12;VRG;SBGR;SBBR;648,00;107
2002;12;VRG;SBSV;SBBR;802,00;4
2002;12;VRG;SBFL;SBGR;310,00;321
2002;12;VRG;SBGL;SBCT;318,00;1570
2002;12;VRG;SBBR;SBFZ;1092,00;563
2002;12;VRG;SBSP;SBPS;661,00;124
2002;12;VRG;SBBR;SBFZ;842,00;304
2002;12;VRG;SBBH;SBBR;342,00;54
2002;12;VRG;SBBR;SBFZ;721,00;197
2002;12;VRG;SBBR;SBGR;419,00;470
2002;12;VRG;SBGR;SBGL;504,00;1324
2002;12;VRG;SBBR;SBKP;646,00;37
2002;12;VRG;SBSP;SBCT;344,00;528
2002;12;VRG;SBSP;SBBH;525,00;12
2002;12;VRG;SBSV;SBGL;778,00;130
2002;12;VRG;SBBR;SBFL;936,00;1
2002;12;VRG;SBGR;SBFL;248,00;586
2002;12;VRG;SBGR;SBPA;893,00;556
2002;12;VRG;SBEG;SBGR;1339,00;90
2002;12;VRG;SBSP;SBUL;545,00;7
2002;12;VRG;SBBR;SBKP;882,00;1
2002;12;VRG;SBGL;SBPA;595,00;305
2002;12;VRG;SBEG;SBGR;794,00;1964
2002;12;VRG;SBCT;SBPA;442,00;139
2002;12;VRG;SBSP;SBRP;352,00;13
2002;12;VRG;SBVT;SBRJ;316,00;308
2002;12;VRG;SBRP;SBSP;352,00;7
2002;12;VRG;SBPA;SBGR;417,00;473
2002;12;VRG;SBCT;SBPA;574,00;254
2002;12;VRG;SBBH;SBBR;536,00;86
2002;12;VRG;SBBH;SBBR;610,00;642
2002;12;VRG;SBPA;SBBR;1339,00;146
2002;12;VRG;SBKP;SBCT;257,00;1157
2002;12;VRG;SBPA;SBKP;581,00;2
2002;12;VRG;SBSP;SBNF;271,00;2529
2002;12;VRG;SBCT;SBGR;429,00;307
2002;12;VRG;SBGL;SBSV;682,00;612
2002;12;VRG;SBSP;SBGO;716,00;253
2002;12;VRG;SBRJ;SBPA;595,00;28
2002;12;VRG;SBKP;SBPA;581,00;115
2002;12;VRG;SBSP;SBRP;376,00;4
2002;12;VRG;SBPS;SBSP;755,00;16
2002;12;VRG;SBRJ;SBVT;267,00;58
2002;12;VRG;SBCT;SBPA;505,00;7
2002;12;VRG;SBBR;SBRJ;431,00;40
2002;12;VRG;SBRJ;SBBR;366,00;3981
2002;12;VRG;SBCT;SBGL;516,00;238
2002;12;VRG;SBGL;SBRF;1382,00;275
2002;12;VRG;SBGR;SBSV;588,00;683
2002;12;VRG;SBFL;SBPA;299,00;122
2002;12;VRG;SBPA;SBRJ;505,00;180
2002;12;VRG;SBBE;SBBR;553,00;229
2002;12;VRG;SBCT;SBSP;446,00;1194
2002;12;VRG;SBSP;SBCT;392,00;54
2002;12;VRG;SBPA;SBFL;254,00;72
2002;12;VRG;SBCT;SBRJ;516,00;106
2002;12;VRG;SBGL;SBFL;412,00;179
2002;12;VRG;SBRJ;SBFL;736,00;101
2002;12;VRG;SBGR;SBSV;693,00;956
2002;12;VRG;SBKP;SBRJ;246,00;1626
2002;12;VRG;SBGR;SBBR;884,00;402
2002;12;VRG;SBCF;SBGR;367,00;227
2002;12;VRG;SBSP;SBBH;428,00;316
2002;12;VRG;SBRJ;SBBR;770,00;2080
2002;12;VRG;SBGL;SBSV;835,00;94
2002;12;VRG;SBSP;SBFL;488,00;36
2002;12;VRG;SBSV;SBRF;352,00;93
2002;12;VRG;SBBR;SBBH;403,00;279
2002;12;VRG;SBPA;SBGL;901,00;868
2002;12;VRG;SBSV;SBRF;754,00;44
2002;12;VRG;SBGO;SBSP;716,00;294
2002;12;VRG;SBVT;SBSP;370,00;161
2002;12;VRG;SBSP;SBNF;344,00;469
2002;12;VRG;SBCT;SBGR;703,00;7
2002;12;VRG;SBSV;SBGL;682,00;500
2002;12;VRG;SBBR;SBPA;1055,00;26
2002;12;VRG;SBBR;SBGR;487,00;217
2002;12;VRG;SBBE;SBBR;686,00;116
2002;12;VRG;SBGL;SBFL;386,00;940
2002;12;VRG;SBRJ;SBBR;727,00;10
2002;12;VRG;SBBR;SBBE;553,00;193
2002;12;VRG;SBGL;SBGR;218,00;1319
2002;12;VRG;SBFL;SBGL;412,00;164
2002;12;VRG;SBRJ;SBBR;677,00;122
2002;12;VRG;SBVT;SBRJ;452,00;23
2002;12;VRG;SBSP;SBPS;755,00;20
2002;12;VRG;SBRJ;SBCT;590,00;12
2002;12;VRG;SBRP;SBSP;399,00;111
2002;12;VRG;SBGL;SBGR;420,00;4375
2002;12;VRG;SBPA;SBBR;982,00;88
2002;12;VSP;SBSP;SBCT;247,00;53
2002;12;VSP;SBBR;SBCT;698,00;28
2002;12;VSP;SBCF;SBGR;414,00;3
2002;12;VSP;SBBH;SBSP;538,00;53
2002;12;VSP;SBMQ;SBBE;412,00;41
2002;12;VSP;SBBR;SBBE;1043,00;164
2002;12;VSP;SBGR;SBCT;345,00;6
2002;12;VSP;SBRF;SBFZ;291,00;37
2002;12;VSP;SBBH;SBBR;293,00;946
2002;12;VSP;SBRF;SBGL;549,00;1125
2002;12;VSP;SBGR;SBFL;246,00;81
2002;12;VSP;SBBH;SBBR;428,00;77
2002;12;VSP;SBSP;SBBR;385,00;601
2002;12;VSP;SBCF;SBBR;392,00;11
2002;12;VSP;SBGO;SBSP;717,00;96
2002;12;VSP;SBGR;SBGL;368,00;1
2002;12;VSP;SBSP;SBBR;611,00;16
2002;12;VSP;SBEG;SBGR;1098,00;32
2002;12;VSP;SBSP;SBBH;250,00;2320
2002;12;VSP;SBSP;SBGO;296,00;801
2002;12;VSP;SBPA;SBSP;574,00;3
2002;12;VSP;SBCF;SBGR;473,00;62
2002;12;VSP;SBBR;SBSP;486,00;824
2002;12;VSP;SBGL;SBGR;292,00;64
2002;12;VSP;SBBE;SBMQ;412,00;65
2002;12;VSP;SBFL;SBGR;215,00;308
2002;12;VSP;SBGL;SBSV;359,00;2151
2002;12;VSP;SBGO;SBSP;296,00;949
2002;12;VSP;SBBR;SBFZ;906,00;36
2002;12;VSP;SBFZ;SBBR;961,00;1
2002;12;VSP;SBCT;SBGL;467,00;6
2002;12;VSP;SBBH;SBSP;355,00;30
2002;12;VSP;SBGR;SBCF;355,00;69
2002;12;VSP;SBPA;SBGR;746,00;138
2002;12;VSP;SBGR;SBPA;492,00;93
2002;12;VSP;SBGR;SBSV;757,00;140
2002;12;VSP;SBBR;SBPA;529,00;17
2002;12;VSP;SBBR;SBKP;497,00;2
2002;12;VSP;SBBR;SBSP;342,00;1871
2002;12;VSP;SBCF;SBGR;355,00;69
2002;12;VSP;SBMQ;SBBE;363,00;116
2002;12;VSP;SBBR;SBCT;427,00;54
2002;12;VSP;SBGR;SBCF;250,00;271
2002;12;VSP;SBFZ;SBRF;250,00;31
2002;12;VSP;SBGL;SBSV;685,00;197
2002;12;VSP;SBRF;SBFZ;446,00;42
2002;12;VSP;SBKP;SBBR;358,00;11
2002;12;VSP;SBGR;SBCT;221,00;81
2002;12;VSP;SBCT;SBBR;752,00;2
2002;12;VSP;SBBR;SBGO;300,00;158
2002;12;VSP;SBSV;SBBR;682,00;107
2002;12;VSP;SBBR;SBFZ;602,00;514
2002;12;VSP;SBGO;SBBR;300,00;133
2002;12;VSP;SBBR;SBBE;620,00;243
2002;12;VSP;SBBR;SBFZ;841,00;113
2002;12;VSP;SBSV;SBBR;633,00;272
2002;12;VSP;SBBR;SBSV;408,00;136
2002;12;VSP;SBPA;SBBR;927,00;4
2002;12;VSP;SBBR;SBKP;663,00;12
2002;12;VSP;SBBR;SBKP;580,00;1
2002;12;VSP;SBFZ;SBRF;203,00;1042
2002;12;VSP;SBBR;SBGL;317,00;293
2002;12;VSP;SBGR;SBEG;688,00;484
2002;12;VSP;SBSV;SBRF;339,00;189
2002;12;VSP;SBBE;SBMQ;363,00;110
2002;12;VSP;SBPA;SBCT;228,00;49
2002;12;VSP;SBBH;SBSP;297,00;41
2002;12;VSP;SBFZ;SBBR;602,00;212
2002;12;VSP;SBBR;SBPA;616,00;35
2002;12;VSP;SBSP;SBGO;552,00;1
2002;12;VSP;SBBR;SBCT;332,00;169
2002;12;VSP;SBBR;SBPA;804,00;29
2002;12;VSP;SBFZ;SBRF;619,00;104
2002;12;VSP;SBGL;SBRF;1013,00;3
2002;12;VSP;SBGR;SBPA;537,00;13
2002;12;VSP;SBGL;SBPA;447,00;36
2002;12;VSP;SBCT;SBGL;300,00;51
2002;12;VSP;SBGL;SBGR;319,00;22
2002;12;VSP;SBFZ;SBBR;841,00;6
2002;12;VSP;SBKP;SBGL;360,00;7
2002;12;VSP;SBSP;SBBR;415,00;238
2002;12;VSP;SBBR;SBKP;358,00;16
2002;12;VSP;SBFZ;SBBR;906,00;2
2002;12;VSP;SBBR;SBGL;356,00;355
2002;12;VSP;SBSV;SBGR;925,00;18
2002;12;VSP;SBBR;SBCF;300,00;231
2002;12;VSP;SBBR;SBPA;927,00;6
2002;12;VSP;SBFZ;SBBR;549,00;614
2002;12;VSP;SBBR;SBPA;860,00;7
2002;12;VSP;SBRF;SBFZ;514,00;6
2002;12;VSP;SBBR;SBGL;579,00;120
2002;12;VSP;SBPA;SBBR;860,00;8
2002;12;VSP;SBBR;SBCF;392,00;178
2002;12;VSP;SBPA;SBGR;574,00;4
2002;12;VSP;SBBR;SBCT;797,00;4
2002;12;VSP;SBPA;SBGL;396,00;163
2002;12;VSP;SBRF;SBFZ;341,00;238
2002;12;VSP;SBGR;SBSV;498,00;1529
2002;12;VSP;SBSP;SBRJ;259,00;16817
2002;12;VSP;SBMQ;SBBE;193,00;609
2002;12;VSP;SBFZ;SBBR;1092,00;225
2002;12;VSP;SBGR;SBPA;411,00;433
2002;12;VSP;SBGO;SBSP;330,00;67
2002;12;VSP;SBGR;SBGL;292,00;142
2002;12;VSP;SBGR;SBCF;473,00;21
2002;12;VSP;SBGL;SBBR;541,00;92
2002;12;VSP;SBGL;SBPA;396,00;252
2002;12;VSP;SBBR;SBBH;293,00;768
2002;12;VSP;SBGR;SBEG;889,00;143
2002;12;VSP;SBPA;SBCT;504,00;3
2002;12;VSP;SBBR;SBFZ;549,00;744
2002;12;VSP;SBSV;SBRF;509,00;1
2002;12;VSP;SBGL;SBKP;258,00;31
2002;12;VSP;SBSP;SBGO;330,00;102
2002;12;VSP;SBPA;SBGL;649,00;6
2002;12;VSP;SBBR;SBGL;413,00;359
2002;12;VSP;SBBR;SBSV;822,00;289
2002;12;VSP;SBKP;SBBR;389,00;2
2002;12;VSP;SBFZ;SBRF;446,00;37
2002;12;VSP;SBRF;SBSV;405,00;192
2002;12;VSP;SBPA;SBSP;411,00;46
2002;12;VSP;SBPA;SBBR;1117,00;61
2002;12;VSP;SBGR;SBEG;1266,00;17
2002;12;VSP;SBCT;SBGL;428,00;44
2002;12;VSP;SBPA;SBGL;595,00;62
2002;12;VSP;SBSV;SBBR;362,00;233
2002;12;VSP;SBGR;SBFL;430,00;98
2002;12;VSP;SBCF;SBGR;447,00;1
2002;12;VSP;SBGL;SBCT;467,00;1
2002;12;VSP;SBSV;SBRF;613,00;26
2002;12;VSP;SBGR;SBCT;296,00;93
2002;12;VSP;SBRF;SBSV;339,00;138
2002;12;VSP;SBRF;SBFZ;409,00;465
2002;12;VSP;SBSP;SBGO;717,00;75
2002;12;VSP;SBGR;SBBR;736,00;214
2002;12;VSP;SBPA;SBGR;370,00;1016
2002;12;VSP;SBGL;SBSV;738,00;67
2002;12;VSP;SBBH;SBSP;414,00;3
2002;12;VSP;SBGL;SBRF;586,00;154
2002;12;VSP;SBBR;SBPA;983,00;2
2002;12;VSP;SBBR;SBGR;611,00;8
2002;12;VSP;SBFL;SBGR;402,00;5
2002;12;VSP;SBFZ;SBBR;786,00;14
2002;12;VSP;SBGR;SBFL;369,00;83
2002;12;VSP;SBCT;SBGR;200,00;733
2002;12;VSP;SBGR;SBBR;648,00;63
2002;12;VSP;SBCT;SBGL;339,00;12
2002;12;VSP;SBMQ;SBBE;297,00;15
2002;12;VSP;SBGL;SBKP;468,00;12
2002;12;VSP;SBSP;SBBH;473,00;94
2002;12;VSP;SBGR;SBFL;492,00;28
2002;12;VSP;SBGR;SBFL;276,00;43
2002;12;VSP;SBRF;SBFZ;477,00;28
2002;12;VSP;SBBR;SBBE;751,00;50
2002;12;VSP;SBFZ;SBRF;409,00;385
2002;12;VSP;SBFL;SBGR;276,00;21
2002;12;VSP;SBSP;SBPA;492,00;21
2002;12;VSP;SBBR;SBBE;803,00;13
2002;12;VSP;SBGR;SBBR;611,00;25
2002;12;VSP;SBFZ;SBRF;341,00;181
2002;12;VSP;SBBR;SBCF;523,00;26
2002;12;VSP;SBRF;SBFZ;545,00;8
2002;12;VSP;SBGR;SBSV;925,00;17
2002;12;VSP;SBBE;SBBR;1043,00;126
2002;12;VSP;SBSP;SBBR;736,00;464
2002;12;VSP;SBBR;SBCT;652,00;46
2002;12;VSP;SBCT;SBGR;221,00;38
2002;12;VSP;SBSP;SBGO;516,00;4
2002;12;VSP;SBBR;SBKP;542,00;1
2002;12;VSP;SBBR;SBGO;231,00;27
2002;12;VSP;SBGR;SBGL;390,00;31
2002;12;VSP;SBGL;SBBR;752,00;328
2002;12;VSP;SBBR;SBCT;906,00;89
2002;12;VSP;SBGR;SBCF;269,00;60
2002;12;VSP;SBBR;SBKP;753,00;9
2002;12;VSP;SBGR;SBEG;1098,00;9
2002;12;VSP;SBGR;SBCT;323,00;13
2002;12;VSP;SBCT;SBGL;273,00;582
2002;12;VSP;SBCT;SBSP;394,00;17
2002;12;VSP;SBCF;SBGR;538,00;73
2002;12;VSP;SBGR;SBEG;1525,00;102
2002;12;VSP;SBBR;SBGR;567,00;71
2002;12;VSP;SBBR;SBFZ;786,00;142
2002;12;VSP;SBGL;SBGR;368,00;1
2002;12;VSP;SBBR;SBKP;415,00;1
2002;12;VSP;SBBR;SBBH;594,00;71
2002;12;VSP;SBBH;SBBR;339,00;256
2002;12;VSP;SBCT;SBSP;200,00;358
2002;12;VSP;SBGR;SBPA;574,00;2
2002;12;VSP;SBBR;SBSP;530,00;117
2002;12;VSP;SBGR;SBCT;247,00;168
2002;12;VSP;SBBR;SBCT;369,00;98
2002;12;VSP;SBBE;SBMQ;229,00;55
2002;12;VSP;SBGL;SBCT;300,00;93
2002;12;VSP;SBPA;SBGL;694,00;3
2002;12;VSP;SBGL;SBBR;413,00;287
2002;12;VSP;SBEG;SBGR;1342,00;3
2002;12;VSP;SBBR;SBSP;567,00;63
2002;12;VSP;SBBR;SBSV;454,00;458
2002;12;VSP;SBGL;SBKP;337,00;15
2002;12;VSP;SBGL;SBKP;388,00;6
2002;12;VSP;SBSV;SBGL;685,00;30
2002;12;VSP;SBFL;SBGR;430,00;10
2002;12;VSP;SBGL;SBRF;886,00;53
2002;12;VSP;SBBR;SBSV;682,00;172
2002;12;VSP;SBBR;SBSV;362,00;283
2002;12;VSP;SBBH;SBBR;392,00;380
2002;12;VSP;SBGL;SBRF;760,00;293
2002;12;VSP;SBCT;SBBR;906,00;28
2002;12;VSP;SBPA;SBCT;315,00;41
2002;12;VSP;SBCT;SBBR;598,00;51
2002;12;VSP;SBBE;SBMQ;342,00;5
2002;12;VSP;SBBR;SBGO;264,00;28
2002;12;VSP;SBBR;SBFZ;721,00;473
2002;12;VSP;SBCT;SBBR;427,00;9
2002;12;VSP;SBGL;SBBR;317,00;272
2002;12;VSP;SBSP;SBBH;297,00;15
2002;12;VSP;SBFL;SBGR;559,00;196
2002;12;VSP;SBCF;SBGR;269,00;80
2002;12;VSP;SBSV;SBBR;454,00;454
2002;12;VSP;SBRF;SBGL;829,00;42
2002;12;VSP;SBRF;SBGL;1013,00;17
2002;12;VSP;SBSP;SBPA;746,00;61
2002;12;VSP;SBSP;SBGO;473,00;35
2002;12;VSP;SBGR;SBPA;370,00;1092
2002;12;VSP;SBFL;SBGR;246,00;36
2002;12;VSP;SBPA;SBCT;573,00;6
2002;12;VSP;SBSV;SBGL;587,00;770
2002;12;VSP;SBKP;SBGL;468,00;15
2002;12;VSP;SBSP;SBCT;345,00;2
2002;12;VSP;SBMQ;SBBE;272,00;102
2002;12;VSP;SBBH;SBSP;473,00;22
2002;12;VSP;SBGO;SBBR;231,00;45
2002;12;VSP;SBGL;SBBR;291,00;808
2002;12;VSP;SBGR;SBEG;1007,00;80
2002;12;VSP;SBGR;SBCF;414,00;2
2002;12;VSP;SBKP;SBBR;663,00;15
2002;12;VSP;SBSP;SBPA;656,00;8
2002;12;VSP;SBEG;SBGR;1007,00;110
2002;12;VSP;SBBR;SBCF;428,00;42
2002;12;VSP;SBSP;SBCT;394,00;23
2002;12;VSP;SBGO;SBBR;216,00;42
2002;12;VSP;SBEG;SBGR;1266,00;10
2002;12;VSP;SBGR;SBSV;872,00;16
2002;12;VSP;SBCT;SBSP;345,00;1
2002;12;VSP;SBCT;SBPA;573,00;4
2002;12;VSP;SBRF;SBSV;289,00;42
2002;12;VSP;SBCF;SBBR;428,00;2
2002;12;VSP;SBGR;SBCF;297,00;119
2002;12;VSP;SBSV;SBBR;543,00;612
2002;12;VSP;SBCT;SBGL;500,00;1
2002;12;VSP;SBGR;SBFL;559,00;222
2002;12;VSP;SBBR;SBGL;496,00;500
2002;12;VSP;SBGR;SBCF;538,00;34
2002;12;VSP;SBFZ;SBRF;545,00;5
2002;12;VSP;SBBE;SBBR;751,00;65
2002;12;VSP;SBSV;SBBR;592,00;196
2002;12;VSP;SBPA;SBSP;656,00;16
2002;12;VSP;SBSP;SBCT;200,00;380
2002;12;VSP;SBKP;SBBR;753,00;2
2002;12;VSP;SBBE;SBMQ;317,00;2
2002;12;VSP;SBBR;SBSV;723,00;42
2002;12;VSP;SBSP;SBPA;370,00;551
2002;12;VSP;SBGR;SBSV;1051,00;636
2002;12;VSP;SBSP;SBBR;342,00;1589
2002;12;VSP;SBPA;SBGL;793,00;2
2002;12;VSP;SBSV;SBGL;420,00;215
2002;12;VSP;SBCT;SBGR;372,00;5
2002;12;VSP;SBGL;SBKP;309,00;18
2002;12;VSP;SBBR;SBCF;457,00;45
2002;12;VSP;SBGL;SBBR;579,00;43
2002;12;VSP;SBSP;SBCT;323,00;8
2002;12;VSP;SBKP;SBGL;388,00;4
2002;12;VSP;SBGL;SBGR;341,00;7
2002;12;VSP;SBPA;SBGR;656,00;34
2002;12;VSP;SBGL;SBRF;549,00;1073
2002;12;VSP;SBBR;SBGO;216,00;33
2002;12;VSP;SBBH;SBSP;269,00;80
2002;12;VSP;SBRF;SBSV;441,00;3
2002;12;VSP;SBSP;SBBR;648,00;114
2002;12;VSP;SBFZ;SBRF;291,00;7
2002;12;VSP;SBSV;SBRF;441,00;12
2002;12;VSP;SBSP;SBPA;411,00;35
2002;12;VSP;SBBR;SBGL;662,00;94
2002;12;VSP;SBBR;SBSV;633,00;329
2002;12;VSP;SBCT;SBSP;448,00;49
2002;12;VSP;SBBR;SBCT;500,00;68
2002;12;VSP;SBRF;SBSV;509,00;1
2002;12;VSP;SBBR;SBSP;648,00;93
2002;12;VSP;SBBR;SBSP;736,00;534
2002;12;VSP;SBBR;SBCT;752,00;11
2002;12;VSP;SBCT;SBBR;332,00;56
2002;12;VSP;SBBR;SBBE;688,00;241
2002;12;VSP;SBBR;SBCF;339,00;89
2002;12;VSP;SBSV;SBGR;872,00;25
2002;12;VSP;SBBR;SBCT;598,00;124
2002;12;VSP;SBGL;SBBR;356,00;295
2002;12;VSP;SBPA;SBBR;465,00;91
2002;12;VSP;SBCF;SBGR;297,00;233
2002;12;VSP;SBGL;SBCT;273,00;620
2002;12;VSP;SBSP;SBCT;296,00;18
2002;12;VSP;SBBR;SBGL;291,00;753
2002;12;VSP;SBRJ;SBSP;259,00;15151
2002;12;VSP;SBGL;SBSV;889,00;327
2002;12;VSP;SBSV;SBGR;809,00;97
2002;12;VSP;SBCF;SBBR;300,00;81
2002;12;VSP;SBGR;SBEG;1342,00;5
2002;12;VSP;SBRF;SBGL;886,00;3
2002;12;VSP;SBBR;SBGL;624,00;23
2002;12;VSP;SBGL;SBSV;420,00;283
2002;12;VSP;SBSV;SBGR;578,00;825
2002;12;VSP;SBCF;SBGR;250,00;579
2002;12;VSP;SBPA;SBCT;378,00;4
2002;12;VSP;SBBR;SBKP;389,00;3
2002;12;VSP;SBGR;SBPA;619,00;1
2002;12;VSP;SBBR;SBGR;342,00;474
2002;12;VSP;SBGL;SBKP;213,00;93
2002;12;VSP;SBBR;SBGL;752,00;276
2002;12;VSP;SBSP;SBGO;394,00;42
2002;12;VSP;SBSV;SBGL;640,00;121
2002;12;VSP;SBBR;SBPA;737,00;70
2002;12;VSP;SBCT;SBSP;296,00;16
2002;12;VSP;SBCT;SBPA;378,00;5
2002;12;VSP;SBGR;SBPA;656,00;53
2002;12;VSP;SBCT;SBGR;247,00;145
2002;12;VSP;SBSV;SBGL;889,00;389
2002;12;VSP;SBCT;SBSP;247,00;32
2002;12;VSP;SBMQ;SBBE;342,00;10
2002;12;VSP;SBGR;SBGL;443,00;154
2002;12;VSP;SBBR;SBGR;530,00;46
2002;12;VSP;SBCT;SBPA;249,00;10
2002;12;VSP;SBGO;SBSP;516,00;2
2002;12;VSP;SBCT;SBBR;698,00;2
2002;12;VSP;SBKP;SBGL;337,00;9
2002;12;VSP;SBBR;SBCF;493,00;16
2002;12;VSP;SBGO;SBBR;264,00;25
2002;12;VSP;SBSV;SBGL;782,00;36
2002;12;VSP;SBBR;SBBH;523,00;69
2002;12;VSP;SBEG;SBGR;688,00;278
2002;12;VSP;SBCF;SBBR;594,00;23
2002;12;VSP;SBBR;SBSP;415,00;198
2002;12;VSP;SBGO;SBSP;394,00;35
2002;12;VSP;SBGL;SBRF;633,00;338
2002;12;VSP;SBPA;SBGR;537,00;14
2002;12;VSP;SBBR;SBGR;648,00;53
2002;12;VSP;SBBR;SBBH;493,00;3
2002;12;VSP;SBCT;SBPA;228,00;37
2002;12;VSP;SBSV;SBGL;489,00;743
2002;12;VSP;SBSP;SBBR;486,00;685
2002;12;VSP;SBBR;SBPA;433,00;181
2002;12;VSP;SBCT;SBGR;394,00;41
2002;12;VSP;SBBR;SBSV;592,00;323
2002;12;VSP;SBPA;SBGR;411,00;227
2002;12;VSP;SBBH;SBBR;457,00;38
2002;12;VSP;SBGR;SBSV;809,00;111
2002;12;VSP;SBBR;SBKP;625,00;1
2002;12;VSP;SBGR;SBBR;567,00;63
2002;12;VSP;SBGL;SBRF;955,00;7
2002;12;VSP;SBBR;SBBH;457,00;108
2002;12;VSP;SBGR;SBBR;342,00;601
2002;12;VSP;SBRF;SBSV;472,00;4
2002;12;VSP;SBGO;SBSP;631,00;1
2002;12;VSP;SBSV;SBRF;405,00;278
2002;12;VSP;SBGL;SBPA;901,00;102
2002;12;VSP;SBRF;SBSV;217,00;1480
2002;12;VSP;SBGL;SBCT;339,00;68
2002;12;VSP;SBGO;SBSP;355,00;5
2002;12;VSP;SBMQ;SBBE;229,00;40
2002;12;VSP;SBSV;SBGL;359,00;2032
2002;12;VSP;SBRF;SBSV;613,00;59
2002;12;VSP;SBBH;SBSP;250,00;1951
2002;12;VSP;SBSP;SBBH;414,00;10
2002;12;VSP;SBCT;SBGL;649,00;47
2002;12;VSP;SBFZ;SBBR;721,00;117
2002;12;VSP;SBBR;SBGO;115,00;953
2002;12;VSP;SBPA;SBBR;529,00;18
2002;12;VSP;SBGL;SBCT;500,00;3
2002;12;VSP;SBGL;SBSV;640,00;135
2002;12;VSP;SBGR;SBBR;385,00;219
2002;12;VSP;SBBH;SBBR;493,00;7
2002;12;VSP;SBCT;SBPA;315,00;36
2002;12;VSP;SBBR;SBGO;249,00;4
2002;12;VSP;SBSP;SBGO;355,00;8
2002;12;VSP;SBGR;SBCT;394,00;53
2002;12;VSP;SBBH;SBBR;594,00;125
2002;12;VSP;SBBE;SBBR;866,00;34
2002;12;VSP;SBPA;SBGR;492,00;129
2002;12;VSP;SBGR;SBCT;200,00;732
2002;12;VSP;SBBR;SBFZ;1092,00;233
2002;12;VSP;SBEG;SBGR;1174,00;31
2002;12;VSP;SBGO;SBBR;249,00;11
2002;12;VSP;SBSP;SBCT;448,00;44
2002;12;VSP;SBGR;SBCF;387,00;2
2002;12;VSP;SBBE;SBMQ;297,00;8
2002;12;VSP;SBRF;SBSV;539,00;9
2002;12;VSP;SBBR;SBGL;541,00;96
2002;12;VSP;SBGL;SBPA;495,00;346
2002;12;VSP;SBSV;SBGR;757,00;22
2002;12;VSP;SBBR;SBBH;392,00;255
2002;12;VSP;SBFZ;SBRF;514,00;12
2002;12;VSP;SBGR;SBFL;464,00;10
2002;12;VSP;SBPA;SBGR;619,00;1
2002;12;VSP;SBGR;SBPA;746,00;169
2002;12;VSP;SBBH;SBSP;447,00;1
2002;12;VSP;SBCF;SBBR;339,00;12
2002;12;VSP;SBBE;SBBR;918,00;9
2002;12;VSP;SBCT;SBGR;296,00;116
2002;12;VSP;SBSV;SBRF;217,00;1397
2002;12;VSP;SBRF;SBGL;1151,00;201
2002;12;VSP;SBGL;SBGR;390,00;15
2002;12;VSP;SBMQ;SBBE;317,00;27
2002;12;VSP;SBEG;SBGR;780,00;66
2002;12;VSP;SBPA;SBGL;495,00;314
2002;12;VSP;SBGL;SBPA;595,00;89
2002;12;VSP;SBBR;SBPA;1117,00;25
2002;12;VSP;SBKP;SBGL;309,00;27
2002;12;VSP;SBSP;SBBH;269,00;45
2002;12;VSP;SBBR;SBFZ;961,00;16
2002;12;VSP;SBGO;SBSP;473,00;30
2002;12;VSP;SBGR;SBFL;402,00;46
2002;12;VSP;SBCT;SBPA;504,00;1
2002;12;VSP;SBBR;SBBH;428,00;65
2002;12;VSP;SBFZ;SBRF;477,00;28
2002;12;VSP;SBGL;SBKP;360,00;12
2002;12;VSP;SBGL;SBBR;496,00;370
2002;12;VSP;SBKP;SBGL;213,00;89
2002;12;VSP;SBSV;SBBR;408,00;198
2002;12;VSP;SBGR;SBGL;259,00;434
2002;12;VSP;SBGO;SBBR;198,00;528
2002;12;VSP;SBBR;SBGO;198,00;532
2002;12;VSP;SBGL;SBRF;829,00;59
2002;12;VSP;SBCF;SBBR;523,00;14
2002;12;VSP;SBBR;SBPA;465,00;64
2002;12;VSP;SBGO;SBSP;595,00;1
2002;12;VSP;SBBR;SBCF;594,00;52
2002;12;VSP;SBGR;SBFL;310,00;117
2002;12;VSP;SBRF;SBSV;248,00;180
2002;12;VSP;SBGL;SBRF;1151,00;168
2002;12;VSP;SBRF;SBFZ;250,00;88
2002;12;VSP;SBSV;SBRF;248,00;350
2002;12;VSP;SBRF;SBGL;586,00;51
2002;12;VSP;SBGR;SBBR;415,00;118
2002;12;VSP;SBBR;SBBE;866,00;3
2002;12;VSP;SBSV;SBGR;694,00;468
2002;12;VSP;SBGL;SBCT;357,00;85
2002;12;VSP;SBSP;SBPA;537,00;3
2002;12;VSP;SBGR;SBSV;578,00;1660
2002;12;VSP;SBGL;SBBR;662,00;112
2002;12;VSP;SBSP;SBBR;530,00;145
2002;12;VSP;SBCT;SBBR;369,00;22
2002;12;VSP;SBBR;SBSP;385,00;549
2002;12;VSP;SBPA;SBGL;901,00;120
2002;12;VSP;SBGL;SBPA;793,00;3
2002;12;VSP;SBSV;SBBR;822,00;355
2002;12;VSP;SBPA;SBBR;433,00;268
2002;12;VSP;SBGR;SBEG;1174,00;1
2002;12;VSP;SBBR;SBBE;566,00;1670
2002;12;VSP;SBCT;SBGR;448,00;80
2002;12;VSP;SBBR;SBGR;486,00;373
2002;12;VSP;SBGL;SBPA;694,00;3
2002;12;VSP;SBGL;SBBR;624,00;4
2002;12;VSP;SBPA;SBGL;354,00;1415
2002;12;VSP;SBGL;SBCT;649,00;48
2002;12;VSP;SBCT;SBSP;221,00;25
2002;12;VSP;SBBH;SBBR;523,00;74
2002;12;VSP;SBGL;SBPA;354,00;1342
2002;12;VSP;SBPA;SBSP;492,00;30
2002;12;VSP;SBBR;SBBH;339,00;278
2002;12;VSP;SBCT;SBGL;357,00;93
2002;12;VSP;SBBR;SBSV;543,00;881
2002;12;VSP;SBEG;SBGR;889,00;144
2002;12;VSP;SBEG;SBGR;1525,00;40
2002;12;VSP;SBSV;SBBR;723,00;8
2002;12;VSP;SBSP;SBBH;355,00;5
2002;12;VSP;SBGR;SBGL;319,00;18
2002;12;VSP;SBBE;SBBR;566,00;1564
2002;12;VSP;SBGR;SBGL;341,00;2
2002;12;VSP;SBBE;SBBR;620,00;186
2002;12;VSP;SBPA;SBBR;616,00;54
2002;12;VSP;SBGL;SBGR;259,00;416
2002;12;VSP;SBGR;SBEG;780,00;46
2002;12;VSP;SBCT;SBGR;345,00;13
2002;12;VSP;SBSV;SBGR;1051,00;516
2002;12;VSP;SBGL;SBGR;443,00;141
2002;12;VSP;SBGR;SBFL;215,00;416
2002;12;VSP;SBSV;SBRF;472,00;5
2002;12;VSP;SBSV;SBRF;289,00;136
2002;12;VSP;SBPA;SBBR;737,00;56
2002;12;VSP;SBCT;SBBR;652,00;5
2002;12;VSP;SBGR;SBBR;530,00;72
2002;12;VSP;SBBE;SBBR;803,00;94
2002;12;VSP;SBCT;SBBR;500,00;17
2002;12;VSP;SBBR;SBGR;736,00;168
2002;12;VSP;SBSV;SBGL;738,00;38
2002;12;VSP;SBGR;SBCT;448,00;84
2002;12;VSP;SBGL;SBSV;782,00;12
2002;12;VSP;SBFL;SBGR;310,00;102
2002;12;VSP;SBRF;SBFZ;203,00;1200
2002;12;VSP;SBPA;SBSP;746,00;72
2002;12;VSP;SBBR;SBGR;385,00;192
2002;12;VSP;SBSP;SBCT;221,00;18
2002;12;VSP;SBBE;SBMQ;193,00;605
2002;12;VSP;SBRF;SBGL;760,00;79
2002;12;VSP;SBGL;SBSV;587,00;809
2002;12;VSP;SBRF;SBGL;633,00;275
2002;12;VSP;SBPA;SBSP;370,00;648
2002;12;VSP;SBPA;SBGL;447,00;7
2002;12;VSP;SBCT;SBGL;539,00;3
2002;12;VSP;SBSV;SBGR;498,00;1478
2002;12;VSP;SBFL;SBGR;369,00;121
2002;12;VSP;SBSP;SBBH;387,00;21
2002;12;VSP;SBGO;SBBR;115,00;941
2002;12;VSP;SBKP;SBGL;258,00;32
2002;12;VSP;SBGL;SBCT;428,00;75
2002;12;VSP;SBGR;SBSV;694,00;783
2002;12;VSP;SBSP;SBBH;538,00;47
2002;12;VSP;SBBE;SBMQ;272,00;113
2002;12;VSP;SBSP;SBPA;574,00;13
2002;12;VSP;SBRF;SBFZ;619,00;145
2002;12;VSP;SBPA;SBSP;537,00;5
2002;12;VSP;SBBR;SBSP;611,00;37
2002;12;VSP;SBGL;SBPA;649,00;12
2002;12;VSP;SBGR;SBBR;486,00;366
2002;12;VSP;SBPA;SBBR;804,00;19
2002;12;VSP;SBGL;SBSV;489,00;1171
2002;12;VSP;SBSP;SBBR;567,00;57
2002;12;VSP;SBBE;SBBR;688,00;282
2002;12;VSP;SBBR;SBGR;415,00;98
2002;12;VSP;SBPA;SBCT;249,00;13
