ANO;MES;EMPRESA;ORIGEM;DESTINO;TARIFA;ASSENTOS
2002;5;GLO;SBSP;SBBH;136,00;89
2002;5;GLO;SBSP;SBRJ;188,00;3
2002;5;GLO;SBBR;SBGL;248,00;3
2002;5;GLO;SBMQ;SBBE;87,00;2
2002;5;GLO;SBGL;SBRF;239,00;1782
2002;5;GLO;SBBR;SBFL;215,00;324
2002;5;GLO;SBSP;SBBR;329,00;13
2002;5;GLO;SBGL;SBSV;144,00;753
2002;5;GLO;SBBR;SBBE;212,00;293
2002;5;GLO;SBSV;SBRF;350,00;4
2002;5;GLO;SBFL;SBGL;149,00;1553
2002;5;GLO;SBFL;SBSP;99,00;2271
2002;5;GLO;SBSV;SBGL;149,00;22
2002;5;GLO;SBBH;SBBR;133,00;2
2002;5;GLO;SBPA;SBSP;145,00;880
2002;5;GLO;SBSP;SBPA;145,00;1134
2002;5;GLO;SBBR;SBFZ;257,00;354
2002;5;GLO;SBBR;SBSV;282,00;9
2002;5;GLO;SBGL;SBSP;108,00;418
2002;5;GLO;SBBR;SBPA;189,00;1254
2002;5;GLO;SBBR;SBFZ;239,00;696
2002;5;GLO;SBRJ;SBSP;108,00;3683
2002;5;GLO;SBFL;SBPA;79,00;2253
2002;5;GLO;SBFL;SBGL;193,00;595
2002;5;GLO;SBGL;SBFL;159,00;442
2002;5;GLO;SBCT;SBGL;119,00;1003
2002;5;GLO;SBPA;SBBR;212,00;316
2002;5;GLO;SBSV;SBGL;195,00;64
2002;5;GLO;SBBH;SBBR;194,00;2
2002;5;GLO;SBRJ;SBVT;94,00;3
2002;5;GLO;SBSP;SBBR;129,00;7189
2002;5;GLO;SBGL;SBSP;128,00;109
2002;5;GLO;SBSP;SBRJ;168,00;7
2002;5;GLO;SBBR;SBFZ;276,00;30
2002;5;GLO;SBPA;SBBR;234,00;166
2002;5;GLO;SBFL;SBBR;525,00;2
2002;5;GLO;SBSP;SBRJ;118,00;6109
2002;5;GLO;SBKP;SBRJ;257,00;2
2002;5;GLO;SBSV;SBRF;115,00;1
2002;5;GLO;SBGL;SBBR;248,00;7
2002;5;GLO;SBPA;SBFL;241,00;3
2002;5;GLO;SBFL;SBSP;153,00;2
2002;5;GLO;SBKP;SBRJ;69,00;2157
2002;5;GLO;SBGL;SBFL;149,00;1624
2002;5;GLO;SBPA;SBGL;194,00;1
2002;5;GLO;SBFL;SBGL;213,00;12
2002;5;GLO;SBBR;SBSP;145,00;8
2002;5;GLO;SBFL;SBPA;142,00;6
2002;5;GLO;SBBR;SBSV;119,00;1080
2002;5;GLO;SBSV;SBRF;97,00;117
2002;5;GLO;SBBR;SBSP;129,00;7290
2002;5;GLO;SBSP;SBBR;411,00;19
2002;5;GLO;SBBR;SBPA;212,00;320
2002;5;GLO;SBBH;SBSP;148,00;15
2002;5;GLO;SBSP;SBPA;160,00;1424
2002;5;GLO;SBPA;SBGL;176,00;57
2002;5;GLO;SBRJ;SBSP;148,00;277
2002;5;GLO;SBFL;SBGL;340,00;2
2002;5;GLO;SBBE;SBBR;189,00;219
2002;5;GLO;SBBR;SBCT;168,00;95
2002;5;GLO;SBBR;SBFL;525,00;2
2002;5;GLO;SBSP;SBRJ;158,00;61
2002;5;GLO;SBBE;SBMQ;79,00;1278
2002;5;GLO;SBSP;SBBH;292,00;11
2002;5;GLO;SBGL;SBPA;281,00;5
2002;5;GLO;SBFL;SBSP;236,00;7
2002;5;GLO;SBFL;SBGL;293,00;18
2002;5;GLO;SBBR;SBFL;246,00;2
2002;5;GLO;SBSP;SBPA;404,00;24
2002;5;GLO;SBSP;SBRJ;128,00;585
2002;5;GLO;SBSV;SBBR;119,00;222
2002;5;GLO;SBBH;SBSP;172,00;15
2002;5;GLO;SBSP;SBRJ;178,00;27
2002;5;GLO;SBGL;SBRF;260,00;208
2002;5;GLO;SBGL;SBFL;170,00;106
2002;5;GLO;SBGL;SBRF;302,00;24
2002;5;GLO;SBRJ;SBSP;118,00;5918
2002;5;GLO;SBGL;SBSP;168,00;2
2002;5;GLO;SBSP;SBGL;118,00;62
2002;5;GLO;SBBR;SBSP;329,00;3
2002;5;GLO;SBCT;SBBR;149,00;2060
2002;5;GLO;SBBR;SBFZ;367,00;1
2002;5;GLO;SBCT;SBSP;134,00;11
2002;5;GLO;SBSP;SBPA;238,00;10
2002;5;GLO;SBSP;SBGL;108,00;319
2002;5;GLO;SBBH;SBCT;172,00;301
2002;5;GLO;SBGL;SBPA;176,00;364
2002;5;GLO;SBFL;SBSP;142,00;5
2002;5;GLO;SBSP;SBFL;142,00;3
2002;5;GLO;SBSP;SBGL;148,00;17
2002;5;GLO;SBRF;SBGL;260,00;230
2002;5;GLO;SBBR;SBFL;199,00;785
2002;5;GLO;SBSV;SBBR;189,00;326
2002;5;GLO;SBBH;SBCT;186,00;208
2002;5;GLO;SBCT;SBPA;182,00;5
2002;5;GLO;SBSV;SBBR;142,00;508
2002;5;GLO;SBSP;SBBR;194,00;1
2002;5;GLO;SBCT;SBSP;118,00;2
2002;5;GLO;SBCT;SBBH;388,17;2
2002;5;GLO;SBFL;SBPA;241,00;1
2002;5;GLO;SBSP;SBCT;79,00;2999
2002;5;GLO;SBBH;SBCT;388,17;2
2002;5;GLO;SBSP;SBPA;129,00;6012
2002;5;GLO;SBCT;SBSP;95,00;35
2002;5;GLO;SBFL;SBBR;215,00;631
2002;5;GLO;SBFL;SBSP;295,00;27
2002;5;GLO;SBBH;SBSP;292,00;16
2002;5;GLO;SBRJ;SBKP;92,00;2
2002;5;GLO;SBFL;SBPA;88,00;4
2002;5;GLO;SBGL;SBSV;297,00;4
2002;5;GLO;SBRJ;SBSP;138,00;756
2002;5;GLO;SBSP;SBCT;95,00;15
2002;5;GLO;SBSV;SBGL;221,00;56
2002;5;GLO;SBRJ;SBSP;238,00;122
2002;5;GLO;SBPA;SBCT;116,00;1
2002;5;GLO;SBBR;SBSV;166,00;331
2002;5;GLO;SBSP;SBBR;242,00;14
2002;5;GLO;SBPA;SBBR;189,00;121
2002;5;GLO;SBSP;SBPA;191,00;20
2002;5;GLO;SBRJ;SBVT;264,00;6
2002;5;GLO;SBSV;SBGL;170,00;457
2002;5;GLO;SBSP;SBBH;89,00;4333
2002;5;GLO;SBSP;SBFL;99,00;2216
2002;5;GLO;SBSV;SBRF;79,00;1157
2002;5;GLO;SBBH;SBSP;136,00;1
2002;5;GLO;SBSP;SBFL;295,00;32
2002;5;GLO;SBGL;SBFL;211,00;8
2002;5;GLO;SBCT;SBBH;119,00;616
2002;5;GLO;SBSV;SBGL;297,00;35
2002;5;GLO;SBSV;SBBR;479,00;3
2002;5;GLO;SBSV;SBGL;144,00;713
2002;5;GLO;SBKP;SBRJ;81,00;4
2002;5;GLO;SBCT;SBSP;87,00;720
2002;5;GLO;SBRJ;SBKP;69,00;2493
2002;5;GLO;SBBR;SBFZ;623,00;38
2002;5;GLO;SBBR;SBGL;142,00;425
2002;5;GLO;SBGL;SBSP;118,00;26
2002;5;GLO;SBGL;SBSP;148,00;49
2002;5;GLO;SBFL;SBGL;365,84;28
2002;5;GLO;SBSV;SBRF;206,00;1
2002;5;GLO;SBSV;SBGL;272,00;63
2002;5;GLO;SBGL;SBFL;190,00;24
2002;5;GLO;SBBR;SBGL;99,00;3461
2002;5;GLO;SBSP;SBBH;113,00;1272
2002;5;GLO;SBGL;SBSV;195,00;90
2002;5;GLO;SBGL;SBRF;385,00;6
2002;5;GLO;SBSV;SBGL;504,00;1
2002;5;GLO;SBSP;SBBH;172,00;15
2002;5;GLO;SBRF;SBGL;239,00;1558
2002;5;GLO;SBGL;SBSV;272,00;60
2002;5;GLO;SBCT;SBBH;136,00;258
2002;5;GLO;SBCT;SBBR;187,00;39
2002;5;GLO;SBBH;SBSP;101,00;1195
2002;5;GLO;SBGL;SBPA;194,00;8
2002;5;GLO;SBBR;SBBH;109,00;1643
2002;5;GLO;SBVT;SBRJ;264,00;100
2002;5;GLO;SBSV;SBBR;166,00;102
2002;5;GLO;SBBE;SBBR;212,00;220
2002;5;GLO;SBBH;SBSP;113,00;988
2002;5;GLO;SBSP;SBFL;205,00;1
2002;5;GLO;SBBH;SBBR;329,00;8
2002;5;GLO;SBSP;SBCT;103,00;3
2002;5;GLO;SBCT;SBPA;89,00;1987
2002;5;GLO;SBFL;SBSP;110,00;1523
2002;5;GLO;SBSP;SBGL;96,00;3934
2002;5;GLO;SBCT;SBGL;132,00;96
2002;5;GLO;SBSP;SBBR;161,00;2
2002;5;GLO;SBSV;SBGL;119,00;487
2002;5;GLO;SBFL;SBSP;120,00;948
2002;5;GLO;SBPA;SBGL;264,00;1
2002;5;GLO;SBSP;SBGL;138,00;6
2002;5;GLO;SBFL;SBSP;174,00;16
2002;5;GLO;SBBR;SBFL;230,00;33
2002;5;GLO;SBRF;SBSV;97,00;4
2002;5;GLO;SBSP;SBCT;134,00;11
2002;5;GLO;SBFL;SBGL;203,00;42
2002;5;GLO;SBRJ;SBKP;116,00;1
2002;5;GLO;SBRJ;SBVT;81,00;1
2002;5;GLO;SBSP;SBFL;110,00;1509
2002;5;GLO;SBBR;SBFZ;433,00;22
2002;5;GLO;SBCT;SBBH;152,00;236
2002;5;GLO;SBBH;SBBR;109,00;1307
2002;5;GLO;SBSP;SBBH;101,00;1082
2002;5;GLO;SBFL;SBBR;262,00;2
2002;5;GLO;SBGL;SBSV;149,00;19
2002;5;GLO;SBCT;SBGL;144,00;186
2002;5;GLO;SBPA;SBFL;88,00;14
2002;5;GLO;SBGL;SBSP;96,00;3843
2002;5;GLO;SBBR;SBCT;149,00;1883
2002;5;GLO;SBRF;SBSV;350,00;2
2002;5;GLO;SBBH;SBBR;121,00;698
2002;5;GLO;SBBR;SBBH;329,00;1
2002;5;GLO;SBRJ;SBSP;128,00;1090
2002;5;GLO;SBBR;SBSV;189,00;1
2002;5;GLO;SBGL;SBPA;478,00;3
2002;5;GLO;SBBH;SBCT;350,00;2
2002;5;GLO;SBRJ;SBKP;151,00;4
2002;5;GLO;SBBH;SBCT;119,00;638
2002;5;GLO;SBBH;SBCT;212,00;3
2002;5;GLO;SBCT;SBBR;168,00;113
2002;5;GLO;SBFZ;SBBR;239,00;839
2002;5;GLO;SBCT;SBSP;227,00;7
2002;5;GLO;SBSP;SBCT;110,00;1
2002;5;GLO;SBGL;SBCT;132,00;141
2002;5;GLO;SBPA;SBCT;89,00;2601
2002;5;GLO;SBGL;SBPA;159,00;2103
2002;5;GLO;SBBR;SBGL;422,00;1
2002;5;GLO;SBBR;SBSP;411,00;30
2002;5;GLO;SBCT;SBPA;116,00;1
2002;5;GLO;SBCT;SBPA;309,00;2
2002;5;GLO;SBBR;SBBE;189,00;168
2002;5;GLO;SBSP;SBFL;131,00;253
2002;5;GLO;SBBR;SBGL;120,00;427
2002;5;GLO;SBRF;SBSV;79,00;1117
2002;5;GLO;SBBR;SBBH;133,00;1
2002;5;GLO;SBGL;SBBR;142,00;427
2002;5;GLO;SBGL;SBBR;120,00;542
2002;5;GLO;SBPA;SBSP;129,00;5864
2002;5;GLO;SBBR;SBSV;479,00;6
2002;5;GLO;SBCT;SBPA;102,00;7
2002;5;GLO;SBRJ;SBKP;81,00;4
2002;5;GLO;SBSP;SBBH;125,00;7
2002;5;GLO;SBRF;SBGL;302,00;20
2002;5;GLO;SBRJ;SBSP;158,00;111
2002;5;GLO;SBFL;SBSP;131,00;202
2002;5;GLO;SBGL;SBSP;138,00;9
2002;5;GLO;SBSP;SBRJ;148,00;304
2002;5;GLO;SBPA;SBSP;160,00;1864
2002;5;GLO;SBCT;SBSP;79,00;1960
2002;5;GLO;SBBR;SBFZ;312,00;7
2002;5;GLO;SBPA;SBCT;309,00;1
2002;5;GLO;SBGL;SBSV;170,00;562
2002;5;GLO;SBBH;SBSP;89,00;4857
2002;5;GLO;SBKP;SBRJ;92,00;3
2002;5;GLO;SBGL;SBSV;221,00;123
2002;5;GLO;SBBR;SBCT;187,00;108
2002;5;GLO;SBPA;SBGL;159,00;2843
2002;5;GLO;SBSP;SBFL;174,00;11
2002;5;GLO;SBSP;SBCT;227,00;13
2002;5;GLO;SBGL;SBBR;99,00;3617
2002;5;GLO;SBFL;SBBR;230,00;15
2002;5;GLO;SBGL;SBSP;238,00;13
2002;5;GLO;SBGL;SBSV;119,00;627
2002;5;GLO;SBBR;SBBE;235,00;1
2002;5;GLO;SBFZ;SBBR;498,00;2
2002;5;GLO;SBSP;SBCT;87,00;346
2002;5;GLO;SBRJ;SBKP;257,00;2
2002;5;GLO;SBFZ;SBBR;276,00;1
2002;5;GLO;SBGL;SBRF;281,00;48
2002;5;GLO;SBGL;SBCT;119,00;1015
2002;5;GLO;SBGL;SBSV;246,00;37
2002;5;GLO;SBFL;SBGL;223,00;6
2002;5;GLO;SBSP;SBGL;168,00;6
2002;5;GLO;SBSP;SBGL;238,00;20
2002;5;GLO;SBFZ;SBBR;257,00;241
2002;5;GLO;SBPA;SBSP;176,00;950
2002;5;GLO;SBBR;SBFZ;498,00;26
2002;5;GLO;SBSP;SBPA;176,00;1062
2002;5;GLO;SBPA;SBFL;79,00;2522
2002;5;GLO;SBRF;SBGL;281,00;24
2002;5;GLO;SBFL;SBBR;199,00;537
2002;5;GLO;SBSP;SBRJ;108,00;3786
2002;5;GLO;SBRJ;SBSP;178,00;24
2002;5;GLO;SBSP;SBGL;128,00;165
2002;5;GLO;SBSP;SBBR;145,00;27
2002;5;GLO;SBRJ;SBVT;69,00;4424
2002;5;GLO;SBSP;SBRJ;238,00;116
2002;5;GLO;SBMQ;SBBE;79,00;1273
2002;5;GLO;SBBR;SBSP;161,00;3
2002;5;GLO;SBSV;SBGL;246,00;28
2002;5;GLO;SBBH;SBBR;145,00;1
2002;5;GLO;SBRJ;SBSP;168,00;2
2002;5;GLO;SBBR;SBPA;234,00;378
2002;5;GLO;SBVT;SBRJ;69,00;4045
2002;5;GLO;SBSP;SBRJ;138,00;585
2002;5;GLO;SBBR;SBBH;121,00;958
2002;5;GLO;SBGL;SBCT;144,00;236
2002;5;GLO;SBPA;SBSP;191,00;26
2002;5;GLO;SBBR;SBSP;242,00;4
2002;5;GLO;SBBR;SBSV;142,00;300
2002;5;GLO;SBKP;SBRJ;104,00;79
2002;5;GLO;SBPA;SBSP;404,00;30
2002;5;GLO;SBCT;SBBH;350,00;21
2002;5;GLO;SBGL;SBFL;376,00;2
2002;5;GLO;SBPA;SBCT;102,00;6
2002;5;GLO;SBBE;SBMQ;87,00;1
2002;5;GLO;SBRJ;SBVT;156,00;6
2002;5;MSQ;SBBE;SBMQ;53,33;85
2002;5;MSQ;SBMQ;SBBE;53,33;119
2002;5;NES;SBFZ;SBRF;176,00;89
2002;5;NES;SBPS;SBSP;607,00;58
2002;5;NES;SBSV;SBRF;422,00;135
2002;5;NES;SBKP;SBSP;57,00;14
2002;5;NES;SBBR;SBSP;220,00;184
2002;5;NES;SBBH;SBBR;431,00;75
2002;5;NES;SBBE;SBMQ;228,00;5
2002;5;NES;SBMQ;SBBE;228,00;2
2002;5;NES;SBSP;SBBH;397,00;7
2002;5;NES;SBBR;SBBH;431,00;87
2002;5;NES;SBFZ;SBRF;278,00;16
2002;5;NES;SBSV;SBRF;274,00;69
2002;5;NES;SBRF;SBSV;337,00;9
2002;5;NES;SBMQ;SBBE;200,00;14
2002;5;NES;SBPS;SBSP;379,00;230
2002;5;NES;SBSP;SBKP;57,00;10
2002;5;NES;SBRF;SBFZ;299,00;12
2002;5;NES;SBSP;SBPS;424,00;46
2002;5;NES;SBBE;SBMQ;185,00;2
2002;5;NES;SBPS;SBSP;485,00;25
2002;5;NES;SBSV;SBRF;265,00;6
2002;5;NES;SBBH;SBBR;220,00;2
2002;5;NES;SBMQ;SBBE;285,00;124
2002;5;NES;SBRF;SBSV;216,00;3
2002;5;NES;SBSP;SBBR;378,00;121
2002;5;NES;SBRF;SBFZ;268,00;2
2002;5;NES;SBFZ;SBRF;427,00;127
2002;5;NES;SBSP;SBBR;336,00;1
2002;5;NES;SBBR;SBSP;539,00;228
2002;5;NES;SBBR;SBSP;378,00;9
2002;5;NES;SBSP;SBPS;379,00;240
2002;5;NES;SBFZ;SBRF;149,00;154
2002;5;NES;SBMQ;SBBE;185,00;18
2002;5;NES;SBPS;SBSP;545,00;6
2002;5;NES;SBSV;SBRF;87,00;776
2002;5;NES;SBBR;SBBH;345,00;13
2002;5;NES;SBBR;SBSP;350,00;25
2002;5;NES;SBPS;SBSP;247,00;357
2002;5;NES;SBBH;SBBR;280,00;14
2002;5;NES;SBSP;SBBR;432,00;85
2002;5;NES;SBPS;SBSP;308,00;7
2002;5;NES;SBBH;SBSP;397,00;4
2002;5;NES;SBBH;SBBR;177,00;19
2002;5;NES;SBRF;SBSV;380,00;1
2002;5;NES;SBBE;SBMQ;257,00;2
2002;5;NES;SBRF;SBSV;274,00;66
2002;5;NES;SBSP;SBBR;220,00;86
2002;5;NES;SBSP;SBPS;395,00;8
2002;5;NES;SBSP;SBBR;350,00;177
2002;5;NES;SBSP;SBBR;485,00;3
2002;5;NES;SBBR;SBSP;432,00;6
2002;5;NES;SBSV;SBRF;337,00;13
2002;5;NES;SBSV;SBRF;296,00;73
2002;5;NES;SBRF;SBFZ;149,00;149
2002;5;NES;SBRF;SBFZ;427,00;32
2002;5;NES;SBMQ;SBBE;148,00;2
2002;5;NES;SBRF;SBSV;174,00;347
2002;5;NES;SBSP;SBPS;607,00;87
2002;5;NES;SBBR;SBBH;220,00;7
2002;5;NES;SBBR;SBBH;301,00;45
2002;5;NES;SBSP;SBPS;247,00;358
2002;5;NES;SBRF;SBSV;296,00;80
2002;5;NES;SBBH;SBBR;387,00;2
2002;5;NES;SBBR;SBBH;177,00;39
2002;5;NES;SBPS;SBSP;395,00;16
2002;5;NES;SBBE;SBMQ;104,00;197
2002;5;NES;SBMQ;SBBE;257,00;2
2002;5;NES;SBRF;SBFZ;176,00;59
2002;5;NES;SBSV;SBRF;216,00;7
2002;5;NES;SBPS;SBSP;424,00;53
2002;5;NES;SBSV;SBRF;174,00;264
2002;5;NES;SBBE;SBMQ;148,00;1
2002;5;NES;SBBE;SBMQ;200,00;20
2002;5;NES;SBSP;SBBR;275,00;55
2002;5;NES;SBSP;SBKP;85,00;2
2002;5;NES;SBMQ;SBBE;119,00;309
2002;5;NES;SBBH;SBBR;301,00;46
2002;5;NES;SBRF;SBFZ;278,00;12
2002;5;NES;SBSP;SBPS;545,00;6
2002;5;NES;SBMQ;SBBE;104,00;236
2002;5;NES;SBSP;SBPS;308,00;3
2002;5;NES;SBSV;SBRF;380,00;7
2002;5;NES;SBKP;SBSP;130,00;97
2002;5;NES;SBRF;SBSV;422,00;280
2002;5;NES;SBFZ;SBRF;299,00;30
2002;5;NES;SBBH;SBBR;345,00;54
2002;5;NES;SBSP;SBKP;130,00;4
2002;5;NES;SBBE;SBMQ;285,00;93
2002;5;NES;SBSP;SBPS;485,00;24
2002;5;NES;SBFZ;SBRF;342,00;4
2002;5;NES;SBRF;SBSV;265,00;3
2002;5;NES;SBBR;SBBH;280,00;27
2002;5;NES;SBRF;SBSV;87,00;865
2002;5;NES;SBBE;SBMQ;119,00;247
2002;5;NES;SBSP;SBBR;539,00;300
2002;5;RSL;SBSP;SBRP;398,00;37
2002;5;RSL;SBRJ;SBPA;224,00;17
2002;5;RSL;SBKP;SBRJ;335,00;905
2002;5;RSL;SBSP;SBRP;246,00;23
2002;5;RSL;SBSP;SBBR;170,00;3427
2002;5;RSL;SBBR;SBSP;170,00;2550
2002;5;RSL;SBSP;SBUL;344,00;24
2002;5;RSL;SBBH;SBRJ;288,00;2764
2002;5;RSL;SBBR;SBSP;122,00;2455
2002;5;RSL;SBBH;SBRJ;217,00;64
2002;5;RSL;SBVT;SBRJ;65,00;3204
2002;5;RSL;SBBH;SBRJ;121,00;108
2002;5;RSL;SBSP;SBCT;250,00;121
2002;5;RSL;SBBH;SBRJ;98,00;1828
2002;5;RSL;SBSP;SBPA;511,00;1389
2002;5;RSL;SBBR;SBBH;357,00;108
2002;5;RSL;SBVT;SBSP;173,00;40
2002;5;RSL;SBCT;SBSP;250,00;179
2002;5;RSL;SBCT;SBKP;294,00;7
2002;5;RSL;SBRJ;SBKP;147,00;230
2002;5;RSL;SBFL;SBPA;267,00;84
2002;5;RSL;SBFL;SBSP;139,00;626
2002;5;RSL;SBRP;SBSP;398,00;42
2002;5;RSL;SBBR;SBKP;405,00;8
2002;5;RSL;SBBH;SBCT;422,00;12
2002;5;RSL;SBFL;SBSP;417,00;619
2002;5;RSL;SBBH;SBCT;113,00;218
2002;5;RSL;SBBH;SBSP;311,00;518
2002;5;RSL;SBRJ;SBKP;271,00;578
2002;5;RSL;SBRJ;SBVT;292,00;9
2002;5;RSL;SBBR;SBBH;172,00;287
2002;5;RSL;SBRJ;SBFL;434,00;59
2002;5;RSL;SBFL;SBRJ;196,00;54
2002;5;RSL;SBVT;SBRJ;103,00;52
2002;5;RSL;SBRJ;SBFL;540,00;124
2002;5;RSL;SBVT;SBRJ;275,00;54
2002;5;RSL;SBSP;SBNF;287,00;110
2002;5;RSL;SBPA;SBSP;413,00;958
2002;5;RSL;SBRJ;SBBH;121,00;185
2002;5;RSL;SBBR;SBKP;212,00;43
2002;5;RSL;SBPA;SBCT;112,00;623
2002;5;RSL;SBKP;SBCT;125,00;429
2002;5;RSL;SBVT;SBSP;400,00;22
2002;5;RSL;SBRJ;SBPA;151,00;71
2002;5;RSL;SBBH;SBBR;336,00;674
2002;5;RSL;SBBH;SBSP;347,00;28
2002;5;RSL;SBBH;SBKP;376,00;43
2002;5;RSL;SBFL;SBSP;98,00;1339
2002;5;RSL;SBVT;SBRJ;82,00;614
2002;5;RSL;SBBH;SBRJ;258,00;26
2002;5;RSL;SBRJ;SBCT;183,00;53
2002;5;RSL;SBRJ;SBCT;113,00;176
2002;5;RSL;SBCT;SBKP;125,00;447
2002;5;RSL;SBCT;SBBH;422,00;7
2002;5;RSL;SBGO;SBBR;80,00;201
2002;5;RSL;SBPA;SBKP;190,00;133
2002;5;RSL;SBGO;SBSP;389,00;257
2002;5;RSL;SBCT;SBPA;362,00;42
2002;5;RSL;SBCT;SBRJ;144,00;220
2002;5;RSL;SBGO;SBBR;175,00;13
2002;5;RSL;SBBH;SBBR;357,00;184
2002;5;RSL;SBSP;SBKP;135,00;9
2002;5;RSL;SBCT;SBPA;112,00;591
2002;5;RSL;SBRJ;SBKP;287,00;259
2002;5;RSL;SBKP;SBPA;444,00;59
2002;5;RSL;SBKP;SBRJ;287,00;229
2002;5;RSL;SBFL;SBPA;121,00;21
2002;5;RSL;SBRJ;SBFL;461,00;21
2002;5;RSL;SBBR;SBRJ;144,00;2373
2002;5;RSL;SBSP;SBRP;258,00;33
2002;5;RSL;SBRJ;SBBR;426,00;1012
2002;5;RSL;SBSP;SBRP;285,00;306
2002;5;RSL;SBSP;SBRP;342,00;272
2002;5;RSL;SBRJ;SBCT;431,00;1
2002;5;RSL;SBSP;SBCA;352,00;45
2002;5;RSL;SBBR;SBGO;122,00;164
2002;5;RSL;SBSP;SBFL;337,00;352
2002;5;RSL;SBRJ;SBCT;477,00;212
2002;5;RSL;SBBH;SBBR;103,00;89
2002;5;RSL;SBBH;SBSP;84,00;5193
2002;5;RSL;SBSP;SBFL;417,00;580
2002;5;RSL;SBCT;SBPA;84,00;829
2002;5;RSL;SBSP;SBCA;302,00;84
2002;5;RSL;SBBH;SBBR;416,00;706
2002;5;RSL;SBBH;SBSP;329,00;102
2002;5;RSL;SBGO;SBBR;122,00;89
2002;5;RSL;SBFL;SBPA;77,00;305
2002;5;RSL;SBKP;SBBR;453,00;4
2002;5;RSL;SBKP;SBRJ;271,00;550
2002;5;RSL;SBPA;SBCT;144,00;124
2002;5;RSL;SBCT;SBPA;381,00;28
2002;5;RSL;SBSP;SBFL;152,00;195
2002;5;RSL;SBKP;SBBR;405,00;10
2002;5;RSL;SBBR;SBGO;203,00;105
2002;5;RSL;SBCT;SBBH;523,00;22
2002;5;RSL;SBRJ;SBBH;191,00;655
2002;5;RSL;SBBH;SBRJ;65,00;3837
2002;5;RSL;SBCT;SBSP;109,00;203
2002;5;RSL;SBKP;SBRJ;147,00;196
2002;5;RSL;SBPA;SBSP;461,00;39
2002;5;RSL;SBSP;SBNF;194,00;70
2002;5;RSL;SBRJ;SBPA;255,00;6
2002;5;RSL;SBCT;SBSP;291,00;1632
2002;5;RSL;SBBH;SBSP;384,00;3033
2002;5;RSL;SBVT;SBSP;142,00;251
2002;5;RSL;SBRJ;SBBH;65,00;4071
2002;5;RSL;SBBR;SBSP;420,00;1266
2002;5;RSL;SBRJ;SBBH;258,00;17
2002;5;RSL;SBKP;SBSP;112,00;32
2002;5;RSL;SBBH;SBSP;164,00;560
2002;5;RSL;SBFL;SBRJ;461,00;15
2002;5;RSL;SBSP;SBCT;263,00;20
2002;5;RSL;SBBR;SBGO;65,00;17
2002;5;RSL;SBPA;SBKP;444,00;11
2002;5;RSL;SBSP;SBPA;123,00;2850
2002;5;RSL;SBBR;SBSP;203,00;648
2002;5;RSL;SBKP;SBCT;294,00;11
2002;5;RSL;SBSP;SBCT;236,00;661
2002;5;RSL;SBPA;SBFL;282,00;3
2002;5;RSL;SBVT;SBRJ;341,00;1076
2002;5;RSL;SBSP;SBFL;98,00;1035
2002;5;RSL;SBRJ;SBBR;477,00;141
2002;5;RSL;SBSP;SBBR;445,00;366
2002;5;RSL;SBBH;SBRJ;191,00;744
2002;5;RSL;SBVT;SBSP;109,00;2556
2002;5;RSL;SBKP;SBBH;304,00;59
2002;5;RSL;SBKP;SBPA;225,00;35
2002;5;RSL;SBRJ;SBBR;144,00;3130
2002;5;RSL;SBSP;SBBH;84,00;4923
2002;5;RSL;SBKP;SBSP;118,00;3
2002;5;RSL;SBVT;SBSP;492,00;245
2002;5;RSL;SBKP;SBBH;179,00;232
2002;5;RSL;SBSP;SBFL;377,00;24
2002;5;RSL;SBKP;SBRJ;303,00;30
2002;5;RSL;SBCT;SBRJ;183,00;72
2002;5;RSL;SBKP;SBPA;190,00;172
2002;5;RSL;SBNF;SBSP;271,00;480
2002;5;RSL;SBBH;SBBR;110,00;2202
2002;5;RSL;SBPA;SBRJ;224,00;20
2002;5;RSL;SBKP;SBPA;469,00;5
2002;5;RSL;SBRJ;SBPA;498,00;22
2002;5;RSL;SBPA;SBFL;328,00;46
2002;5;RSL;SBUL;SBSP;482,00;432
2002;5;RSL;SBGO;SBBR;65,00;4
2002;5;RSL;SBUL;SBSP;324,00;161
2002;5;RSL;SBSP;SBVT;142,00;220
2002;5;RSL;SBPA;SBSP;206,00;1321
2002;5;RSL;SBCT;SBKP;131,00;166
2002;5;RSL;SBSP;SBBR;203,00;271
2002;5;RSL;SBSP;SBBR;520,00;2718
2002;5;RSL;SBSP;SBVT;400,00;21
2002;5;RSL;SBRJ;SBBR;172,00;552
2002;5;RSL;SBSP;SBGO;389,00;203
2002;5;RSL;SBPA;SBRJ;618,00;5
2002;5;RSL;SBSP;SBBH;384,00;3429
2002;5;RSL;SBBR;SBSP;520,00;2658
2002;5;RSL;SBSP;SBGO;195,00;1003
2002;5;RSL;SBSP;SBCT;75,00;3738
2002;5;RSL;SBBR;SBRJ;172,00;140
2002;5;RSL;SBUL;SBSP;363,00;6
2002;5;RSL;SBKP;SBBR;219,00;1
2002;5;RSL;SBPA;SBFL;267,00;113
2002;5;RSL;SBSP;SBBH;164,00;543
2002;5;RSL;SBSP;SBCA;503,00;86
2002;5;RSL;SBSP;SBKP;52,00;19
2002;5;RSL;SBBH;SBKP;304,00;57
2002;5;RSL;SBFL;SBPA;82,00;178
2002;5;RSL;SBFL;SBRJ;434,00;14
2002;5;RSL;SBBR;SBGO;167,00;103
2002;5;RSL;SBSP;SBVT;109,00;2529
2002;5;RSL;SBKP;SBPA;179,00;3
2002;5;RSL;SBSP;SBPA;461,00;29
2002;5;RSL;SBPA;SBSP;123,00;2640
2002;5;RSL;SBKP;SBRJ;99,00;808
2002;5;RSL;SBSP;SBBH;347,00;27
2002;5;RSL;SBCT;SBRJ;113,00;199
2002;5;RSL;SBCT;SBBH;175,00;71
2002;5;RSL;SBCA;SBSP;455,00;7
2002;5;RSL;SBVT;SBSP;377,00;142
2002;5;RSL;SBCT;SBKP;263,00;293
2002;5;RSL;SBKP;SBBH;122,00;190
2002;5;RSL;SBBR;SBBH;416,00;611
2002;5;RSL;SBBH;SBKP;220,00;14
2002;5;RSL;SBGO;SBSP;436,00;4
2002;5;RSL;SBSP;SBCA;455,00;59
2002;5;RSL;SBRJ;SBFL;196,00;208
2002;5;RSL;SBSP;SBBR;122,00;2094
2002;5;RSL;SBBR;SBBH;110,00;1864
2002;5;RSL;SBPA;SBCT;381,00;51
2002;5;RSL;SBCT;SBRJ;431,00;4
2002;5;RSL;SBGO;SBSP;195,00;1051
2002;5;RSL;SBRJ;SBVT;341,00;1554
2002;5;RSL;SBNF;SBSP;194,00;124
2002;5;RSL;SBKP;SBBH;220,00;20
2002;5;RSL;SBBR;SBKP;453,00;2
2002;5;RSL;SBRJ;SBKP;303,00;26
2002;5;RSL;SBCA;SBSP;302,00;97
2002;5;RSL;SBPA;SBKP;179,00;5
2002;5;RSL;SBRJ;SBKP;99,00;849
2002;5;RSL;SBRJ;SBPA;618,00;40
2002;5;RSL;SBRJ;SBPA;528,00;18
2002;5;RSL;SBRJ;SBVT;239,00;133
2002;5;RSL;SBPA;SBFL;77,00;222
2002;5;RSL;SBRJ;SBKP;335,00;846
2002;5;RSL;SBFL;SBSP;377,00;50
2002;5;RSL;SBPA;SBRJ;528,00;6
2002;5;RSL;SBBH;SBCT;447,00;3
2002;5;RSL;SBSP;SBKP;112,00;9
2002;5;RSL;SBRJ;SBVT;103,00;51
2002;5;RSL;SBFL;SBRJ;488,00;3
2002;5;RSL;SBBR;SBBH;376,00;7
2002;5;RSL;SBKP;SBBR;151,00;3
2002;5;RSL;SBRJ;SBCT;386,00;200
2002;5;RSL;SBGO;SBSP;413,00;52
2002;5;RSL;SBPA;SBKP;419,00;85
2002;5;RSL;SBBR;SBGO;175,00;16
2002;5;RSL;SBVT;SBRJ;292,00;19
2002;5;RSL;SBPA;SBSP;511,00;1873
2002;5;RSL;SBBH;SBCT;175,00;92
2002;5;RSL;SBRJ;SBBR;94,00;1391
2002;5;RSL;SBKP;SBBR;428,00;23
2002;5;RSL;SBSP;SBKP;72,00;17
2002;5;RSL;SBKP;SBSP;93,00;4
2002;5;RSL;SBBR;SBRJ;527,00;2986
2002;5;RSL;SBCT;SBBH;245,00;5
2002;5;RSL;SBNF;SBSP;287,00;119
2002;5;RSL;SBUL;SBSP;344,00;13
2002;5;RSL;SBPA;SBRJ;498,00;6
2002;5;RSL;SBCT;SBSP;75,00;2953
2002;5;RSL;SBSP;SBNF;271,00;424
2002;5;RSL;SBSP;SBGO;436,00;12
2002;5;RSL;SBSP;SBBH;132,00;2039
2002;5;RSL;SBSP;SBPA;437,00;202
2002;5;RSL;SBRJ;SBVT;275,00;105
2002;5;RSL;SBBH;SBKP;122,00;235
2002;5;RSL;SBRJ;SBBR;451,00;610
2002;5;RSL;SBPA;SBCT;362,00;54
2002;5;RSL;SBRP;SBSP;342,00;282
2002;5;RSL;SBSP;SBVT;424,00;4
2002;5;RSL;SBSP;SBCA;407,00;82
2002;5;RSL;SBSP;SBBH;329,00;65
2002;5;RSL;SBKP;SBCT;325,00;375
2002;5;RSL;SBKP;SBSP;135,00;27
2002;5;RSL;SBBH;SBCT;245,00;13
2002;5;RSL;SBBH;SBCT;523,00;22
2002;5;RSL;SBPA;SBRJ;151,00;65
2002;5;RSL;SBSP;SBCA;430,00;42
2002;5;RSL;SBPA;SBCT;422,00;445
2002;5;RSL;SBBR;SBRJ;94,00;1660
2002;5;RSL;SBSP;SBVT;173,00;79
2002;5;RSL;SBSP;SBNF;303,00;12
2002;5;RSL;SBRJ;SBBH;98,00;1571
2002;5;RSL;SBKP;SBSP;72,00;48
2002;5;RSL;SBKP;SBRJ;72,00;1517
2002;5;RSL;SBFL;SBSP;358,00;187
2002;5;RSL;SBKP;SBCT;75,00;510
2002;5;RSL;SBSP;SBPA;413,00;588
2002;5;RSL;SBCT;SBKP;75,00;664
2002;5;RSL;SBSP;SBCT;109,00;169
2002;5;RSL;SBSP;SBBR;420,00;1085
2002;5;RSL;SBRJ;SBFL;214,00;56
2002;5;RSL;SBSP;SBVT;492,00;260
2002;5;RSL;SBPA;SBFL;121,00;53
2002;5;RSL;SBKP;SBBH;376,00;38
2002;5;RSL;SBPA;SBFL;82,00;218
2002;5;RSL;SBCT;SBKP;280,00;107
2002;5;RSL;SBSP;SBNF;335,00;545
2002;5;RSL;SBBR;SBRJ;451,00;336
2002;5;RSL;SBGO;SBBR;185,00;2
2002;5;RSL;SBCA;SBSP;430,00;29
2002;5;RSL;SBRJ;SBBH;217,00;106
2002;5;RSL;SBBR;SBRJ;426,00;899
2002;5;RSL;SBCT;SBPA;343,00;211
2002;5;RSL;SBPA;SBKP;225,00;34
2002;5;RSL;SBGO;SBSP;482,00;376
2002;5;RSL;SBCT;SBRJ;386,00;145
2002;5;RSL;SBSP;SBFL;139,00;665
2002;5;RSL;SBCT;SBSP;236,00;890
2002;5;RSL;SBSP;SBNF;139,00;1948
2002;5;RSL;SBSP;SBFL;358,00;124
2002;5;RSL;SBRP;SBSP;285,00;260
2002;5;RSL;SBFL;SBSP;152,00;197
2002;5;RSL;SBNF;SBSP;139,00;2059
2002;5;RSL;SBKP;SBSP;124,00;1
2002;5;RSL;SBCA;SBSP;503,00;68
2002;5;RSL;SBKP;SBBH;322,00;1
2002;5;RSL;SBPA;SBFL;297,00;1
2002;5;RSL;SBUL;SBSP;401,00;276
2002;5;RSL;SBPA;SBCT;343,00;99
2002;5;RSL;SBNF;SBSP;303,00;21
2002;5;RSL;SBPA;SBCT;84,00;646
2002;5;RSL;SBSP;SBGO;165,00;1331
2002;5;RSL;SBSP;SBGO;482,00;353
2002;5;RSL;SBFL;SBRJ;214,00;5
2002;5;RSL;SBSP;SBGO;413,00;31
2002;5;RSL;SBSP;SBBH;311,00;347
2002;5;RSL;SBGO;SBBR;167,00;46
2002;5;RSL;SBBR;SBSP;445,00;322
2002;5;RSL;SBFL;SBSP;337,00;292
2002;5;RSL;SBKP;SBBR;501,00;23
2002;5;RSL;SBKP;SBBR;212,00;78
2002;5;RSL;SBKP;SBPA;519,00;89
2002;5;RSL;SBGO;SBBR;203,00;75
2002;5;RSL;SBSP;SBUL;324,00;137
2002;5;RSL;SBSP;SBPA;248,00;236
2002;5;RSL;SBBH;SBKP;322,00;7
2002;5;RSL;SBBR;SBKP;151,00;7
2002;5;RSL;SBCT;SBSP;263,00;40
2002;5;RSL;SBBH;SBSP;132,00;2356
2002;5;RSL;SBVT;SBSP;424,00;4
2002;5;RSL;SBRP;SBSP;246,00;36
2002;5;RSL;SBCT;SBPA;422,00;420
2002;5;RSL;SBSP;SBUL;482,00;515
2002;5;RSL;SBFL;SBPA;328,00;58
2002;5;RSL;SBNF;SBSP;335,00;484
2002;5;RSL;SBSP;SBBR;470,00;145
2002;5;RSL;SBBR;SBGO;80,00;381
2002;5;RSL;SBSP;SBKP;118,00;3
2002;5;RSL;SBCA;SBSP;407,00;85
2002;5;RSL;SBFL;SBPA;282,00;4
2002;5;RSL;SBBH;SBBR;172,00;373
2002;5;RSL;SBSP;SBPA;206,00;1207
2002;5;RSL;SBBH;SBBR;376,00;27
2002;5;RSL;SBVT;SBRJ;239,00;329
2002;5;RSL;SBPA;SBSP;437,00;312
2002;5;RSL;SBPA;SBKP;519,00;30
2002;5;RSL;SBSP;SBVT;377,00;34
2002;5;RSL;SBSP;SBCT;98,00;1285
2002;5;RSL;SBGO;SBSP;165,00;1391
2002;5;RSL;SBCT;SBBH;113,00;161
2002;5;RSL;SBCT;SBRJ;408,00;47
2002;5;RSL;SBBR;SBBH;103,00;84
2002;5;RSL;SBCT;SBSP;98,00;1618
2002;5;RSL;SBKP;SBPA;419,00;58
2002;5;RSL;SBRJ;SBVT;65,00;2852
2002;5;RSL;SBBR;SBRJ;477,00;126
2002;5;RSL;SBFL;SBPA;297,00;2
2002;5;RSL;SBCT;SBRJ;477,00;183
2002;5;RSL;SBPA;SBSP;248,00;283
2002;5;RSL;SBBR;SBKP;428,00;2
2002;5;RSL;SBBH;SBKP;179,00;244
2002;5;RSL;SBSP;SBUL;401,00;140
2002;5;RSL;SBKP;SBSP;52,00;7
2002;5;RSL;SBRP;SBSP;258,00;33
2002;5;RSL;SBSP;SBUL;281,00;62
2002;5;RSL;SBUL;SBSP;281,00;78
2002;5;RSL;SBRJ;SBFL;147,00;99
2002;5;RSL;SBCT;SBPA;144,00;90
2002;5;RSL;SBFL;SBRJ;540,00;24
2002;5;RSL;SBRJ;SBCT;408,00;83
2002;5;RSL;SBRJ;SBVT;82,00;787
2002;5;RSL;SBCT;SBKP;325,00;296
2002;5;RSL;SBRJ;SBCT;144,00;228
2002;5;RSL;SBPA;SBRJ;255,00;2
2002;5;RSL;SBRJ;SBBR;527,00;2650
2002;5;RSL;SBKP;SBCT;131,00;106
2002;5;RSL;SBFL;SBRJ;147,00;118
2002;5;RSL;SBCA;SBSP;352,00;34
2002;5;RSL;SBBR;SBSP;470,00;50
2002;5;RSL;SBKP;SBCT;263,00;340
2002;5;RSL;SBSP;SBRP;231,00;1096
2002;5;RSL;SBPA;SBKP;469,00;4
2002;5;RSL;SBRP;SBSP;231,00;1094
2002;5;RSL;SBSP;SBUL;363,00;9
2002;5;RSL;SBBR;SBBH;336,00;627
2002;5;RSL;SBSP;SBCT;291,00;1294
2002;5;RSL;SBRJ;SBBH;288,00;2761
2002;5;RSL;SBBR;SBKP;219,00;1
2002;5;RSL;SBRJ;SBKP;72,00;1472
2002;5;RSL;SBKP;SBCT;280,00;204
2002;5;RSL;SBBR;SBKP;501,00;49
2002;5;TAM;SBPA;SBCT;228,87;127
2002;5;TAM;SBGR;SBGL;64,94;142
2002;5;TAM;SBRP;SBSP;141,33;3014
2002;5;TAM;SBSV;SBBR;251,80;121
2002;5;TAM;SBFZ;SBBR;338,81;221
2002;5;TAM;SBSP;SBRJ;130,31;55
2002;5;TAM;SBBR;SBPA;242,19;63
2002;5;TAM;SBFZ;SBBR;189,51;346
2002;5;TAM;SBFL;SBSP;200,37;70
2002;5;TAM;SBSV;SBGR;274,96;68
2002;5;TAM;SBRF;SBFZ;132,80;381
2002;5;TAM;SBBR;SBSP;185,77;3261
2002;5;TAM;SBGL;SBSP;137,53;5
2002;5;TAM;SBFZ;SBRF;231,99;114
2002;5;TAM;SBBR;SBSV;292,19;149
2002;5;TAM;SBRJ;SBKP;173,46;160
2002;5;TAM;SBBR;SBGL;188,38;46
2002;5;TAM;SBVT;SBRJ;151,32;225
2002;5;TAM;SBGL;SBRF;334,63;65
2002;5;TAM;SBGL;SBSV;368,99;757
2002;5;TAM;SBCT;SBSP;109,16;1772
2002;5;TAM;SBCT;SBSP;117,04;3207
2002;5;TAM;SBGO;SBSP;244,71;286
2002;5;TAM;SBFZ;SBRF;130,85;8
2002;5;TAM;SBSP;SBUL;164,00;82
2002;5;TAM;SBPA;SBCT;128,21;1209
2002;5;TAM;SBBH;SBCT;264,56;1
2002;5;TAM;SBSP;SBBU;133,59;1449
2002;5;TAM;SBGO;SBBR;189,58;9
2002;5;TAM;SBGL;SBPA;355,47;18
2002;5;TAM;SBBR;SBPA;256,00;63
2002;5;TAM;SBCT;SBGR;201,65;3
2002;5;TAM;SBBH;SBSP;181,99;617
2002;5;TAM;SBSV;SBBR;431,79;1
2002;5;TAM;SBPA;SBGL;243,26;39
2002;5;TAM;SBGL;SBPA;235,97;33
2002;5;TAM;SBSP;SBUL;177,08;325
2002;5;TAM;SBSP;SBNF;160,00;279
2002;5;TAM;SBGR;SBKP;59,22;186
2002;5;TAM;SBPA;SBFL;92,86;33
2002;5;TAM;SBGR;SBGL;133,49;1
2002;5;TAM;SBGR;SBFL;216,56;145
2002;5;TAM;SBSP;SBBU;211,30;3
2002;5;TAM;SBBR;SBSP;257,54;297
2002;5;TAM;SBFL;SBSP;215,50;76
2002;5;TAM;SBFZ;SBRF;179,07;23
2002;5;TAM;SBPA;SBBR;408,47;25
2002;5;TAM;SBGL;SBRF;336,30;29
2002;5;TAM;SBRJ;SBKP;119,70;22
2002;5;TAM;SBSP;SBFL;229,31;88
2002;5;TAM;SBRP;SBSP;160,53;103
2002;5;TAM;SBSV;SBGL;162,83;221
2002;5;TAM;SBSV;SBRF;81,84;23
2002;5;TAM;SBCT;SBKP;169,23;22
2002;5;TAM;SBRJ;SBBH;120,86;831
2002;5;TAM;SBVT;SBSP;178,95;139
2002;5;TAM;SBSP;SBML;159,83;41
2002;5;TAM;SBBE;SBBR;180,96;539
2002;5;TAM;SBGL;SBPA;291,24;265
2002;5;TAM;SBFL;SBGR;94,71;166
2002;5;TAM;SBFL;SBCT;72,08;691
2002;5;TAM;SBBH;SBCT;239,42;29
2002;5;TAM;SBVT;SBSP;455,64;7
2002;5;TAM;SBVT;SBRJ;112,86;59
2002;5;TAM;SBSP;SBML;215,96;69
2002;5;TAM;SBKP;SBGR;71,48;419
2002;5;TAM;SBRJ;SBBH;160,64;130
2002;5;TAM;SBSP;SBNF;168,75;89
2002;5;TAM;SBBE;SBBR;348,57;253
2002;5;TAM;SBRJ;SBKP;145,46;35
2002;5;TAM;SBSP;SBGO;242,00;452
2002;5;TAM;SBSV;SBRF;77,18;13
2002;5;TAM;SBSP;SBKP;69,11;21
2002;5;TAM;SBBH;SBRJ;185,42;187
2002;5;TAM;SBSV;SBBR;284,94;42
2002;5;TAM;SBGR;SBFL;133,13;116
2002;5;TAM;SBCT;SBSP;139,28;597
2002;5;TAM;SBKP;SBRJ;145,34;49
2002;5;TAM;SBSP;SBBU;155,01;75
2002;5;TAM;SBGL;SBBR;162,24;12
2002;5;TAM;SBSP;SBRJ;158,63;51
2002;5;TAM;SBBH;SBBR;208,99;284
2002;5;TAM;SBSP;SBAU;238,97;93
2002;5;TAM;SBKP;SBSP;29,49;301
2002;5;TAM;SBRJ;SBKP;144,04;57
2002;5;TAM;SBSP;SBRJ;148,37;813
2002;5;TAM;SBKP;SBGR;70,32;177
2002;5;TAM;SBBR;SBGL;174,85;13
2002;5;TAM;SBSV;SBBR;160,50;306
2002;5;TAM;SBKP;SBSP;64,04;15
2002;5;TAM;SBCT;SBSP;139,91;9221
2002;5;TAM;SBKP;SBPA;300,31;49
2002;5;TAM;SBKP;SBRJ;161,62;3
2002;5;TAM;SBBR;SBBH;152,93;624
2002;5;TAM;SBFZ;SBBR;212,48;63
2002;5;TAM;SBPA;SBGR;141,77;269
2002;5;TAM;SBAU;SBSP;168,91;87
2002;5;TAM;SBBR;SBCT;343,21;134
2002;5;TAM;SBBR;SBGO;79,65;1798
2002;5;TAM;SBGR;SBCT;150,17;1432
2002;5;TAM;SBSV;SBGL;118,29;297
2002;5;TAM;SBGR;SBKP;83,17;5
2002;5;TAM;SBCT;SBBR;191,73;667
2002;5;TAM;SBCF;SBGR;144,98;2
2002;5;TAM;SBBR;SBRJ;174,84;1006
2002;5;TAM;SBSP;SBRP;158,22;232
2002;5;TAM;SBBH;SBCT;203,86;70
2002;5;TAM;SBSP;SBRP;147,03;578
2002;5;TAM;SBSP;SBVT;264,83;10
2002;5;TAM;SBBR;SBSV;165,59;92
2002;5;TAM;SBSP;SBCT;123,76;518
2002;5;TAM;SBMQ;SBBE;64,94;117
2002;5;TAM;SBVT;SBSP;210,85;260
2002;5;TAM;SBSP;SBPA;262,99;294
2002;5;TAM;SBKP;SBGR;53,77;54
2002;5;TAM;SBGR;SBCT;105,51;1101
2002;5;TAM;SBBR;SBGL;106,76;117
2002;5;TAM;SBKP;SBCT;143,24;51
2002;5;TAM;SBVT;SBSP;264,07;159
2002;5;TAM;SBSP;SBBU;156,06;54
2002;5;TAM;SBBR;SBGL;154,65;15
2002;5;TAM;SBSP;SBVT;267,25;31
2002;5;TAM;SBSV;SBGL;216,26;3
2002;5;TAM;SBGL;SBSP;109,67;1936
2002;5;TAM;SBBR;SBRJ;276,73;1035
2002;5;TAM;SBBR;SBBH;191,48;334
2002;5;TAM;SBSP;SBAU;204,82;49
2002;5;TAM;SBSP;SBBH;204,98;317
2002;5;TAM;SBPA;SBCT;170,93;225
2002;5;TAM;SBSP;SBNF;141,16;695
2002;5;TAM;SBGO;SBSP;221,94;470
2002;5;TAM;SBPA;SBGR;188,22;570
2002;5;TAM;SBSP;SBNF;142,53;1889
2002;5;TAM;SBGR;SBSV;358,54;98
2002;5;TAM;SBSP;SBML;190,17;48
2002;5;TAM;SBGR;SBKP;63,86;118
2002;5;TAM;SBCT;SBPA;151,07;85
2002;5;TAM;SBPA;SBCT;117,48;503
2002;5;TAM;SBBE;SBMQ;78,04;7
2002;5;TAM;SBFL;SBGR;285,93;3
2002;5;TAM;SBSP;SBGO;143,03;1263
2002;5;TAM;SBSV;SBBR;137,54;356
2002;5;TAM;SBPA;SBBR;206,88;69
2002;5;TAM;SBSP;SBGL;143,99;29
2002;5;TAM;SBKP;SBRJ;118,64;12
2002;5;TAM;SBBH;SBSP;159,57;1376
2002;5;TAM;SBSP;SBCT;116,78;2001
2002;5;TAM;SBSP;SBVT;182,73;48
2002;5;TAM;SBSP;SBGO;262,63;122
2002;5;TAM;SBFL;SBBR;223,34;295
2002;5;TAM;SBRJ;SBBR;273,30;638
2002;5;TAM;SBCT;SBGR;92,33;264
2002;5;TAM;SBSP;SBPS;277,38;56
2002;5;TAM;SBFL;SBBR;219,93;43
2002;5;TAM;SBPS;SBSP;279,51;25
2002;5;TAM;SBRJ;SBSP;246,16;1
2002;5;TAM;SBSP;SBBU;102,84;646
2002;5;TAM;SBFL;SBPA;85,67;16
2002;5;TAM;SBAU;SBSP;164,07;16
2002;5;TAM;SBSP;SBPS;303,21;15
2002;5;TAM;SBBR;SBGR;162,45;159
2002;5;TAM;SBFL;SBCT;86,79;24
2002;5;TAM;SBSV;SBGR;273,95;332
2002;5;TAM;SBSP;SBGO;374,67;16
2002;5;TAM;SBNF;SBSP;167,60;1712
2002;5;TAM;SBSP;SDCO;76,84;5
2002;5;TAM;SBBR;SBFL;337,31;67
2002;5;TAM;SBBR;SBCT;187,08;243
2002;5;TAM;SBVT;SBSP;268,00;130
2002;5;TAM;SBKP;SBSP;72,51;28
2002;5;TAM;SBBR;SBBE;254,38;151
2002;5;TAM;SBFL;SBPA;102,98;8
2002;5;TAM;SBGR;SBSV;601,73;1
2002;5;TAM;SBRJ;SBBH;175,58;130
2002;5;TAM;SBRF;SBFZ;220,89;229
2002;5;TAM;SBGR;SBSV;348,09;87
2002;5;TAM;SBSP;SBFL;219,55;90
2002;5;TAM;SBSP;SBRP;118,26;134
2002;5;TAM;SBGR;SBBR;247,95;186
2002;5;TAM;SBGR;SBBR;296,17;249
2002;5;TAM;SBPA;SBCT;205,64;102
2002;5;TAM;SBKP;SBGR;80,26;72
2002;5;TAM;SBBE;SBBR;231,36;156
2002;5;TAM;SBNF;SBSP;161,15;57
2002;5;TAM;SBRF;SBSV;60,33;20
2002;5;TAM;SBBR;SBGL;259,39;126
2002;5;TAM;SBCT;SBSP;256,76;43
2002;5;TAM;SBGO;SBSP;240,11;342
2002;5;TAM;SBGR;SBBR;152,79;118
2002;5;TAM;SBKP;SBSP;81,53;141
2002;5;TAM;SBSP;SBBH;186,93;5391
2002;5;TAM;SBGL;SBPA;353,34;23
2002;5;TAM;SBGR;SBKP;76,46;82
2002;5;TAM;SDCO;SBSP;75,81;7
2002;5;TAM;SBFZ;SBBR;288,31;138
2002;5;TAM;SBGL;SBSV;194,23;517
2002;5;TAM;SBKP;SBGR;51,13;230
2002;5;TAM;SBGL;SBSP;95,53;712
2002;5;TAM;SBSP;SBCT;140,61;9663
2002;5;TAM;SBFL;SBGR;158,41;535
2002;5;TAM;SBCT;SBBR;145,42;142
2002;5;TAM;SBCT;SBPA;129,87;369
2002;5;TAM;SBBH;SBRJ;277,14;49
2002;5;TAM;SBSP;SBRP;162,90;3406
2002;5;TAM;SBBH;SBCT;256,20;14
2002;5;TAM;SBKP;SBBR;147,47;236
2002;5;TAM;SBSV;SBGR;761,19;11
2002;5;TAM;SBBU;SBSP;156,00;76
2002;5;TAM;SBGL;SBSV;242,55;99
2002;5;TAM;SBBH;SBRJ;131,05;67
2002;5;TAM;SBRF;SBGL;191,56;126
2002;5;TAM;SBBR;SBPA;286,81;54
2002;5;TAM;SBPA;SBKP;340,25;1170
2002;5;TAM;SBBR;SBGR;212,81;64
2002;5;TAM;SBBH;SBSP;196,26;255
2002;5;TAM;SBGR;SBFL;267,59;230
2002;5;TAM;SBSV;SBBR;332,91;182
2002;5;TAM;SBGR;SBCF;228,31;167
2002;5;TAM;SBBE;SBBR;183,86;484
2002;5;TAM;SBFL;SBGR;121,95;110
2002;5;TAM;SBSP;SBBR;280,06;962
2002;5;TAM;SBSP;SBVT;229,82;175
2002;5;TAM;SBGO;SBBR;66,09;309
2002;5;TAM;SBGR;SBSV;235,06;151
2002;5;TAM;SBKP;SBBR;280,18;140
2002;5;TAM;SBBR;SBGO;97,55;383
2002;5;TAM;SBCF;SBGR;294,97;276
2002;5;TAM;SBBR;SBFL;383,00;104
2002;5;TAM;SBBR;SBFL;401,38;19
2002;5;TAM;SBSP;SBUL;372,27;6
2002;5;TAM;SBSP;SBFL;210,86;164
2002;5;TAM;SBSV;SBRF;195,89;445
2002;5;TAM;SBSP;SBAU;185,54;945
2002;5;TAM;SBBE;SBBR;328,60;86
2002;5;TAM;SBCT;SBSP;105,56;1602
2002;5;TAM;SBBR;SBKP;256,80;305
2002;5;TAM;SBCT;SBKP;188,86;20
2002;5;TAM;SBSP;SBKP;78,72;118
2002;5;TAM;SBUL;SBSP;137,67;995
2002;5;TAM;SBBR;SBGR;168,09;298
2002;5;TAM;SBSP;SBPA;173,01;1214
2002;5;TAM;SBKP;SBCT;166,76;29
2002;5;TAM;SBCT;SBBH;156,55;39
2002;5;TAM;SBCT;SBBR;339,21;69
2002;5;TAM;SBGR;SBSV;300,36;195
2002;5;TAM;SBPA;SBSP;171,25;846
2002;5;TAM;SBKP;SBSP;67,65;8
2002;5;TAM;SBRJ;SBSP;137,64;859
2002;5;TAM;SBSP;SBBU;150,04;143
2002;5;TAM;SBAU;SBSP;209,24;18
2002;5;TAM;SBPS;SBSP;201,80;10
2002;5;TAM;SBGO;SBSP;298,96;754
2002;5;TAM;SBGR;SBPA;236,40;499
2002;5;TAM;SBSP;SBRJ;216,99;2
2002;5;TAM;SBCT;SBBR;238,69;245
2002;5;TAM;SBCT;SBFL;106,96;1
2002;5;TAM;SBSP;SBKP;60,48;113
2002;5;TAM;SBRF;SBGL;212,00;13
2002;5;TAM;SBGL;SBRF;236,15;113
2002;5;TAM;SBPA;SBSP;297,72;187
2002;5;TAM;SBGR;SBGL;87,72;916
2002;5;TAM;SBGL;SBBR;135,91;163
2002;5;TAM;SBBH;SBRJ;105,15;169
2002;5;TAM;SBBR;SBGO;91,45;202
2002;5;TAM;SBBR;SBGR;190,75;1250
2002;5;TAM;SBGL;SBRF;193,05;95
2002;5;TAM;SBSP;SBPA;311,20;265
2002;5;TAM;SBKP;SBCT;191,02;303
2002;5;TAM;SBCT;SBFL;94,61;20
2002;5;TAM;SBBH;SBSP;208,66;329
2002;5;TAM;SBRF;SBSV;83,40;23
2002;5;TAM;SBBU;SBSP;125,53;159
2002;5;TAM;SBGO;SBSP;147,22;581
2002;5;TAM;SBBR;SBGO;105,75;279
2002;5;TAM;SBGR;SBCF;123,90;1
2002;5;TAM;SBBE;SBMQ;101,96;71
2002;5;TAM;SBRJ;SBVT;190,73;44
2002;5;TAM;SBSP;SBRJ;186,99;2496
2002;5;TAM;SBGR;SBBR;170,91;190
2002;5;TAM;SBFL;SBSP;143,03;305
2002;5;TAM;SBGR;SBGL;152,73;155
2002;5;TAM;SBBR;SBGL;483,87;5
2002;5;TAM;SBBR;SBSP;471,86;77
2002;5;TAM;SBCT;SBPA;122,71;1205
2002;5;TAM;SBPA;SBSP;184,64;1200
2002;5;TAM;SBPA;SBFL;174,24;5
2002;5;TAM;SBRJ;SBBR;278,12;501
2002;5;TAM;SBAU;SBSP;327,09;3
2002;5;TAM;SBUL;SBSP;171,23;375
2002;5;TAM;SBRJ;SBSP;137,53;30
2002;5;TAM;SBBR;SBBH;164,21;596
2002;5;TAM;SBFZ;SBBR;167,04;163
2002;5;TAM;SBCF;SBGR;138,24;21
2002;5;TAM;SBFL;SBPA;61,09;386
2002;5;TAM;SBRJ;SBVT;170,84;52
2002;5;TAM;SBSP;SBUL;123,87;3236
2002;5;TAM;SBGR;SBPA;239,17;632
2002;5;TAM;SBSV;SBRF;71,67;65
2002;5;TAM;SBPS;SBSP;247,96;19
2002;5;TAM;SBKP;SBBR;307,15;334
2002;5;TAM;SBGR;SBCT;228,86;8
2002;5;TAM;SBCT;SBBR;376,43;75
2002;5;TAM;SBGL;SBGR;102,08;669
2002;5;TAM;SBBR;SBSV;329,23;2
2002;5;TAM;SBPS;SBSP;173,95;92
2002;5;TAM;SBKP;SBGR;56,86;37
2002;5;TAM;SBGR;SBFL;111,19;95
2002;5;TAM;SBSP;SBAU;331,74;5
2002;5;TAM;SBFL;SBCT;75,69;15
2002;5;TAM;SBGL;SBBR;114,07;326
2002;5;TAM;SBGL;SBPA;189,11;44
2002;5;TAM;SBSP;SBGL;95,75;50
2002;5;TAM;SBSP;SBVT;227,78;111
2002;5;TAM;SBBR;SBSP;180,01;847
2002;5;TAM;SBBR;SBFL;240,02;65
2002;5;TAM;SBBE;SBMQ;89,88;74
2002;5;TAM;SBBR;SBSV;271,40;311
2002;5;TAM;SBRJ;SBBR;318,86;318
2002;5;TAM;SBUL;SBSP;164,16;113
2002;5;TAM;SBBR;SBSV;199,16;32
2002;5;TAM;SBGO;SBBR;58,56;993
2002;5;TAM;SBFL;SBCT;132,15;11
2002;5;TAM;SBGO;SBBR;50,58;1022
2002;5;TAM;SBML;SBSP;93,27;193
2002;5;TAM;SBNF;SBSP;193,90;35
2002;5;TAM;SBSP;SBFL;152,45;170
2002;5;TAM;SBGR;SBFL;96,20;246
2002;5;TAM;SBSP;SBNF;137,53;75
2002;5;TAM;SBRF;SBGL;225,56;93
2002;5;TAM;SBCT;SBBH;275,23;81
2002;5;TAM;SBSP;SBPS;265,48;410
2002;5;TAM;SBRJ;SBKP;180,87;103
2002;5;TAM;SBFZ;SBBR;238,15;77
2002;5;TAM;SBGR;SBKP;66,98;59
2002;5;TAM;SBAU;SBSP;213,85;8
2002;5;TAM;SBCT;SBBH;202,95;25
2002;5;TAM;SBKP;SBRJ;182,17;87
2002;5;TAM;SBRJ;SBBH;191,85;328
2002;5;TAM;SBRF;SBSV;53,59;81
2002;5;TAM;SBVT;SBRJ;187,97;21
2002;5;TAM;SBGL;SBSV;184,13;55
2002;5;TAM;SBNF;SBSP;175,48;134
2002;5;TAM;SBGO;SBBR;81,16;1575
2002;5;TAM;SBSP;SBRJ;136,18;38
2002;5;TAM;SBGR;SBFL;172,32;445
2002;5;TAM;SBGL;SBSP;90,90;258
2002;5;TAM;SBBR;SBSV;134,62;454
2002;5;TAM;SBRF;SBFZ;99,82;36
2002;5;TAM;SBKP;SBCT;159,14;13
2002;5;TAM;SBSP;SDCO;67,24;76
2002;5;TAM;SBSP;SBVT;423,96;6
2002;5;TAM;SBSV;SBGL;175,73;461
2002;5;TAM;SBGL;SBBR;186,55;61
2002;5;TAM;SBGL;SBGR;97,83;72
2002;5;TAM;SBSV;SBGL;202,63;107
2002;5;TAM;SBPA;SBCT;328,78;10
2002;5;TAM;SBGR;SBCT;92,51;594
2002;5;TAM;SBFL;SBGR;152,54;120
2002;5;TAM;SBGO;SBBR;112,42;183
2002;5;TAM;SBPA;SBGR;534,05;2
2002;5;TAM;SBFL;SBSP;198,96;450
2002;5;TAM;SBCT;SBFL;112,77;43
2002;5;TAM;SBRF;SBSV;84,18;18
2002;5;TAM;SBFL;SBCT;148,04;24
2002;5;TAM;SBSP;SBPS;329,26;69
2002;5;TAM;SBSV;SBGR;288,60;1174
2002;5;TAM;SBGR;SBPA;225,51;64
2002;5;TAM;SBRJ;SBBH;176,63;502
2002;5;TAM;SBSP;SBFL;138,25;370
2002;5;TAM;SBKP;SBBR;167,66;161
2002;5;TAM;SBBH;SBCT;156,63;69
2002;5;TAM;SBBR;SBBH;157,81;187
2002;5;TAM;SBKP;SBPA;315,16;27
2002;5;TAM;SBBR;SBBE;254,54;41
2002;5;TAM;SBPA;SBFL;108,94;9
2002;5;TAM;SBBR;SBSV;224,61;188
2002;5;TAM;SBRJ;SBBH;132,31;244
2002;5;TAM;SBVT;SBSP;266,72;894
2002;5;TAM;SBRF;SBGL;206,24;376
2002;5;TAM;SBSP;SBBR;186,30;2714
2002;5;TAM;SBSP;SBRP;119,25;796
2002;5;TAM;SBSP;SBPS;347,12;11
2002;5;TAM;SBSP;SBBH;217,07;277
2002;5;TAM;SBGL;SBGR;187,07;129
2002;5;TAM;SBFL;SBGR;146,83;139
2002;5;TAM;SBRJ;SBBH;126,90;417
2002;5;TAM;SBSV;SBGL;299,02;943
2002;5;TAM;SBBU;SBSP;89,26;555
2002;5;TAM;SBBR;SBGL;262,59;330
2002;5;TAM;SBSP;SBCT;170,37;248
2002;5;TAM;SBBR;SBBH;225,40;225
2002;5;TAM;SBPA;SBCT;179,48;138
2002;5;TAM;SBBU;SBSP;137,23;1002
2002;5;TAM;SBPA;SBSP;184,47;1129
2002;5;TAM;SBBH;SBBR;227,77;204
2002;5;TAM;SBBH;SBBR;155,67;894
2002;5;TAM;SBGR;SBSV;264,23;39
2002;5;TAM;SBBR;SBGR;281,81;591
2002;5;TAM;SBBR;SBBE;431,00;1
2002;5;TAM;SBRP;SBSP;119,40;1025
2002;5;TAM;SBGL;SBSP;109,89;42
2002;5;TAM;SBRF;SBGL;618,16;1
2002;5;TAM;SBSP;SBNF;153,55;201
2002;5;TAM;SBSP;SBPA;175,52;1542
2002;5;TAM;SBGO;SBSP;114,75;1709
2002;5;TAM;SBVT;SBSP;209,56;441
2002;5;TAM;SBGL;SBRF;207,91;560
2002;5;TAM;SBCT;SBBR;393,96;15
2002;5;TAM;SBFL;SBBR;374,99;34
2002;5;TAM;SBGR;SBSV;285,27;290
2002;5;TAM;SBRF;SBSV;54,43;9
2002;5;TAM;SBRJ;SBBR;496,29;11
2002;5;TAM;SBSP;SBGO;254,41;106
2002;5;TAM;SBML;SBSP;271,91;14
2002;5;TAM;SBRF;SBSV;67,00;48
2002;5;TAM;SBGR;SBBR;191,86;757
2002;5;TAM;SBNF;SBSP;141,82;630
2002;5;TAM;SBCT;SBFL;69,47;594
2002;5;TAM;SBKP;SBGR;63,96;17
2002;5;TAM;SBSP;SDCO;90,93;7
2002;5;TAM;SBSP;SBPA;178,78;5322
2002;5;TAM;SBSP;SBUL;186,91;94
2002;5;TAM;SBSP;SBBR;154,52;2555
2002;5;TAM;SBSP;SBBR;229,95;7994
2002;5;TAM;SBKP;SBPA;186,07;33
2002;5;TAM;SBSP;SDCO;75,57;29
2002;5;TAM;SBMQ;SBBE;89,95;204
2002;5;TAM;SBKP;SBPA;254,33;22
2002;5;TAM;SDCO;SBSP;67,61;10
2002;5;TAM;SBUL;SBSP;186,36;248
2002;5;TAM;SBCT;SBPA;205,64;64
2002;5;TAM;SBGR;SBBR;268,38;246
2002;5;TAM;SBBR;SBCT;369,83;58
2002;5;TAM;SBNF;SBSP;176,14;88
2002;5;TAM;SBBR;SBFL;228,72;97
2002;5;TAM;SBKP;SBSP;49,46;134
2002;5;TAM;SBMQ;SBBE;60,17;5
2002;5;TAM;SBBH;SBCT;174,50;114
2002;5;TAM;SBSP;SBGL;93,63;858
2002;5;TAM;SBFL;SBBR;273,24;155
2002;5;TAM;SBFZ;SBRF;214,56;1236
2002;5;TAM;SBBR;SBBH;231,68;99
2002;5;TAM;SBGL;SBSV;201,41;266
2002;5;TAM;SBCF;SBGR;200,63;2
2002;5;TAM;SBFL;SBPA;92,38;8
2002;5;TAM;SBBR;SBGO;59,37;859
2002;5;TAM;SBRF;SBSV;58,64;121
2002;5;TAM;SBSP;SBRJ;146,91;3983
2002;5;TAM;SBSP;SBFL;208,03;544
2002;5;TAM;SBGR;SBCF;155,40;14
2002;5;TAM;SBGL;SBBR;471,81;3
2002;5;TAM;SDCO;SBSP;65,35;1
2002;5;TAM;SBBR;SBGR;200,07;571
2002;5;TAM;SBGL;SBSP;95,89;150
2002;5;TAM;SBSP;SBRP;172,11;164
2002;5;TAM;SBCF;SBGR;145,82;65
2002;5;TAM;SBPA;SBGR;190,13;260
2002;5;TAM;SBKP;SBRJ;149,86;61
2002;5;TAM;SBRJ;SBSP;168,12;252
2002;5;TAM;SBSP;SBBR;174,34;3110
2002;5;TAM;SBCT;SBGR;69,97;249
2002;5;TAM;SBSP;SBNF;168,92;105
2002;5;TAM;SBBR;SBKP;208,52;106
2002;5;TAM;SBCF;SBGR;646,24;2
2002;5;TAM;SBSV;SBGL;192,77;160
2002;5;TAM;SDCO;SBSP;102,07;1
2002;5;TAM;SBRJ;SBBR;318,49;379
2002;5;TAM;SBFL;SBSP;131,37;332
2002;5;TAM;SBRF;SBGL;192,12;146
2002;5;TAM;SBCT;SBKP;135,09;172
2002;5;TAM;SBVT;SBRJ;171,05;10
2002;5;TAM;SBGR;SBPA;224,04;275
2002;5;TAM;SBBH;SBRJ;123,27;184
2002;5;TAM;SBPA;SBKP;313,07;6
2002;5;TAM;SBNF;SBSP;280,22;2
2002;5;TAM;SBBR;SBBH;176,17;835
2002;5;TAM;SBMQ;SBBE;92,94;19
2002;5;TAM;SBGR;SBPA;164,70;76
2002;5;TAM;SBSP;SBFL;358,39;23
2002;5;TAM;SBSP;SBBH;150,80;1105
2002;5;TAM;SBSP;SBBR;268,88;1072
2002;5;TAM;SBCT;SBKP;131,47;65
2002;5;TAM;SBFL;SBCT;166,74;62
2002;5;TAM;SBSP;SBUL;181,66;100
2002;5;TAM;SBBR;SBGR;656,30;39
2002;5;TAM;SBCT;SBBR;390,93;192
2002;5;TAM;SBBR;SBCT;203,85;325
2002;5;TAM;SBFL;SBSP;39,67;114
2002;5;TAM;SBBH;SBSP;367,26;17
2002;5;TAM;SBPA;SBBR;319,56;47
2002;5;TAM;SBKP;SBRJ;188,12;15
2002;5;TAM;SBFZ;SBRF;142,83;50
2002;5;TAM;SBGO;SBBR;108,47;330
2002;5;TAM;SBSP;SDCO;142,24;1
2002;5;TAM;SBBR;SBFL;193,01;39
2002;5;TAM;SBSP;SDCO;76,42;10
2002;5;TAM;SBFL;SBBR;419,50;42
2002;5;TAM;SBCF;SBGR;143,89;9
2002;5;TAM;SBRJ;SBVT;186,68;925
2002;5;TAM;SBBR;SBCT;314,32;128
2002;5;TAM;SBSP;SBFL;168,65;1132
2002;5;TAM;SBBU;SBSP;171,96;231
2002;5;TAM;SBSP;SBFL;147,13;482
2002;5;TAM;SBAU;SBSP;247,71;136
2002;5;TAM;SBSP;SBVT;234,89;257
2002;5;TAM;SBSP;SBBH;159,42;1351
2002;5;TAM;SBSP;SBGL;102,14;2095
2002;5;TAM;SBUL;SBSP;165,49;110
2002;5;TAM;SBRJ;SBVT;311,91;6
2002;5;TAM;SBSP;SBAU;205,44;85
2002;5;TAM;SBBR;SBSP;177,04;1979
2002;5;TAM;SBBE;SBBR;212,04;136
2002;5;TAM;SBSV;SBGR;293,83;269
2002;5;TAM;SBVT;SBRJ;158,88;24
2002;5;TAM;SBPS;SBSP;320,84;69
2002;5;TAM;SBGR;SBBR;226,23;30
2002;5;TAM;SBGR;SBPA;155,27;264
2002;5;TAM;SBCT;SBFL;146,10;33
2002;5;TAM;SBGR;SBCT;135,56;92
2002;5;TAM;SBCT;SBGR;113,77;83
2002;5;TAM;SBSP;SBPS;564,87;1
2002;5;TAM;SBGL;SBRF;268,48;17
2002;5;TAM;SBSP;SBPA;184,47;1584
2002;5;TAM;SBCT;SBGR;198,99;596
2002;5;TAM;SBRJ;SBKP;93,89;64
2002;5;TAM;SBBU;SBSP;148,16;267
2002;5;TAM;SBBH;SBCT;311,70;8
2002;5;TAM;SBGR;SBSV;259,29;332
2002;5;TAM;SBRJ;SBVT;153,03;161
2002;5;TAM;SBBR;SBBE;224,92;153
2002;5;TAM;SBPA;SBKP;393,65;1
2002;5;TAM;SBFL;SBGR;248,02;141
2002;5;TAM;SBPA;SBGL;291,01;32
2002;5;TAM;SBCT;SBFL;234,61;1
2002;5;TAM;SBCT;SBKP;167,14;43
2002;5;TAM;SBSP;SBBU;154,61;108
2002;5;TAM;SBRJ;SBVT;165,19;12
2002;5;TAM;SBGL;SBGR;122,40;20
2002;5;TAM;SBBR;SBBH;226,13;66
2002;5;TAM;SBML;SBSP;161,20;585
2002;5;TAM;SBBR;SBRJ;268,28;624
2002;5;TAM;SBSP;SBAU;137,13;35
2002;5;TAM;SBBH;SBRJ;171,15;531
2002;5;TAM;SBPA;SBCT;122,29;404
2002;5;TAM;SBCT;SBPA;235,39;63
2002;5;TAM;SBVT;SBSP;178,26;302
2002;5;TAM;SBGR;SBBR;216,66;54
2002;5;TAM;SBBR;SBRJ;195,90;914
2002;5;TAM;SBFL;SBSP;180,51;116
2002;5;TAM;SBGL;SBSP;143,89;31
2002;5;TAM;SBPA;SBGL;204,92;18
2002;5;TAM;SBBR;SBFZ;307,40;264
2002;5;TAM;SBPA;SBBR;237,06;131
2002;5;TAM;SBSP;SBVT;263,47;111
2002;5;TAM;SBBR;SBBE;165,67;722
2002;5;TAM;SBGR;SBPA;209,59;152
2002;5;TAM;SBBR;SBFZ;126,51;219
2002;5;TAM;SBGR;SBCF;133,72;50
2002;5;TAM;SBBH;SBBR;370,94;28
2002;5;TAM;SBBR;SBSV;249,41;270
2002;5;TAM;SBGR;SBCT;190,27;518
2002;5;TAM;SBPA;SBSP;403,43;14
2002;5;TAM;SBFL;SBBR;199,05;58
2002;5;TAM;SBPS;SBSP;256,04;3
2002;5;TAM;SBGR;SBCF;163,98;121
2002;5;TAM;SBBR;SBBE;403,79;60
2002;5;TAM;SBGL;SBSP;114,41;23
2002;5;TAM;SBGR;SBBR;508,90;7
2002;5;TAM;SBGO;SBBR;95,05;110
2002;5;TAM;SBPS;SBSP;197,65;58
2002;5;TAM;SBSP;SBBH;164,20;1820
2002;5;TAM;SBUL;SBSP;325,62;12
2002;5;TAM;SBBE;SBBR;651,57;2
2002;5;TAM;SBSV;SBGL;209,20;108
2002;5;TAM;SBBR;SBPA;725,14;2
2002;5;TAM;SBKP;SBSP;46,92;1
2002;5;TAM;SBBR;SBGO;64,03;197
2002;5;TAM;SBFL;SBCT;106,12;4
2002;5;TAM;SBGO;SBSP;357,82;158
2002;5;TAM;SBRJ;SBBR;279,42;1517
2002;5;TAM;SBML;SBSP;103,58;50
2002;5;TAM;SBRF;SBFZ;239,95;2339
2002;5;TAM;SBGR;SBGL;94,23;22
2002;5;TAM;SBBR;SBFL;334,42;40
2002;5;TAM;SBSP;SBFL;189,93;244
2002;5;TAM;SBGR;SBKP;78,91;417
2002;5;TAM;SBPA;SBFL;84,03;35
2002;5;TAM;SBSV;SBBR;283,31;205
2002;5;TAM;SBRJ;SBSP;153,34;137
2002;5;TAM;SBSP;SBGL;127,23;15
2002;5;TAM;SBRJ;SBKP;192,02;41
2002;5;TAM;SBBE;SBBR;167,44;661
2002;5;TAM;SBGO;SBSP;264,19;200
2002;5;TAM;SBKP;SBRJ;205,90;195
2002;5;TAM;SBBE;SBMQ;94,06;347
2002;5;TAM;SBKP;SBBR;253,60;242
2002;5;TAM;SBPA;SBGR;187,79;145
2002;5;TAM;SBRF;SBFZ;192,55;39
2002;5;TAM;SBBR;SBPA;324,69;42
2002;5;TAM;SDCO;SBSP;83,61;11
2002;5;TAM;SBBR;SBKP;328,54;340
2002;5;TAM;SBSP;SBKP;78,43;35
2002;5;TAM;SBRF;SBFZ;352,56;5
2002;5;TAM;SBRJ;SBSP;178,56;31
2002;5;TAM;SBMQ;SBBE;82,51;777
2002;5;TAM;SBFL;SBPA;120,88;10
2002;5;TAM;SBSP;SBAU;116,04;50
2002;5;TAM;SBBE;SBMQ;84,98;764
2002;5;TAM;SBCT;SBKP;199,89;254
2002;5;TAM;SBSV;SBRF;68,62;49
2002;5;TAM;SBCT;SBBH;242,06;16
2002;5;TAM;SBBE;SBMQ;61,42;633
2002;5;TAM;SBSP;SBBH;190,06;201
2002;5;TAM;SBSP;SBVT;218,71;344
2002;5;TAM;SBSP;SBGL;91,33;249
2002;5;TAM;SBGR;SBFL;131,43;141
2002;5;TAM;SBRP;SBSP;165,30;374
2002;5;TAM;SBSP;SBGL;214,04;1
2002;5;TAM;SBSP;SBBR;215,02;1610
2002;5;TAM;SBGO;SBSP;160,70;1352
2002;5;TAM;SBBR;SBFZ;186,47;456
2002;5;TAM;SBFL;SBSP;179,10;1707
2002;5;TAM;SBGO;SBBR;131,04;43
2002;5;TAM;SBPA;SBGL;353,68;28
2002;5;TAM;SBKP;SBCT;129,60;19
2002;5;TAM;SBUL;SBSP;230,24;60
2002;5;TAM;SBBR;SBRJ;493,14;10
2002;5;TAM;SBPA;SBFL;174,86;16
2002;5;TAM;SBRF;SBGL;246,93;50
2002;5;TAM;SBKP;SBCT;200,87;5
2002;5;TAM;SBSP;SBRJ;134,28;971
2002;5;TAM;SBPA;SBSP;183,81;531
2002;5;TAM;SBRJ;SBVT;210,30;107
2002;5;TAM;SBGL;SBPA;253,68;37
2002;5;TAM;SBGR;SBCT;126,08;196
2002;5;TAM;SBCT;SBPA;182,73;143
2002;5;TAM;SBFZ;SBRF;135,31;351
2002;5;TAM;SBCT;SBGR;113,80;215
2002;5;TAM;SBKP;SBRJ;94,10;68
2002;5;TAM;SBCF;SBGR;149,94;215
2002;5;TAM;SBPS;SBSP;302,99;7
2002;5;TAM;SBPA;SBSP;236,20;239
2002;5;TAM;SBGR;SBCF;305,24;303
2002;5;TAM;SBRF;SBFZ;111,86;71
2002;5;TAM;SBRJ;SBBR;168,62;660
2002;5;TAM;SBGL;SBGR;74,34;167
2002;5;TAM;SBSP;SBKP;30,55;274
2002;5;TAM;SBBU;SBSP;123,09;133
2002;5;TAM;SBPA;SBBR;296,60;148
2002;5;TAM;SBSP;SBBH;353,15;22
2002;5;TAM;SBBH;SBSP;163,45;1738
2002;5;TAM;SBCT;SBKP;98,41;100
2002;5;TAM;SBGL;SBSV;231,84;116
2002;5;TAM;SBKP;SBPA;307,30;931
2002;5;TAM;SBSP;SBUL;198,17;115
2002;5;TAM;SBSP;SBCT;124,59;3526
2002;5;TAM;SBRF;SBSV;122,41;6
2002;5;TAM;SBGL;SBGR;88,53;104
2002;5;TAM;SBSP;SBKP;98,99;7
2002;5;TAM;SBPA;SBGL;334,39;258
2002;5;TAM;SBRJ;SBSP;187,28;2082
2002;5;TAM;SBAU;SBSP;199,88;58
2002;5;TAM;SBSV;SBBR;222,77;132
2002;5;TAM;SBNF;SBSP;158,72;101
2002;5;TAM;SDCO;SBSP;63,43;87
2002;5;TAM;SBRP;SBSP;155,79;244
2002;5;TAM;SBCT;SBPA;344,96;1
2002;5;TAM;SBBE;SBBR;196,58;80
2002;5;TAM;SBKP;SBCT;143,72;629
2002;5;TAM;SBCT;SBBH;302,27;10
2002;5;TAM;SBGR;SBCT;134,80;2623
2002;5;TAM;SBGO;SBSP;249,64;307
2002;5;TAM;SBVT;SBSP;263,69;120
2002;5;TAM;SBPA;SBGL;187,77;39
2002;5;TAM;SBFL;SBBR;366,33;27
2002;5;TAM;SBKP;SBBR;187,93;59
2002;5;TAM;SBPA;SBGR;281,47;739
2002;5;TAM;SBFZ;SBRF;99,63;29
2002;5;TAM;SBCT;SBPA;140,76;4456
2002;5;TAM;SBBR;SBBE;299,46;228
2002;5;TAM;SBCT;SBSP;149,02;397
2002;5;TAM;SBSP;SBBR;174,77;1399
2002;5;TAM;SBSP;SDCO;72,82;7
2002;5;TAM;SBRJ;SBSP;181,26;374
2002;5;TAM;SBGL;SBSV;132,53;273
2002;5;TAM;SBSP;SBBU;164,58;12
2002;5;TAM;SBBH;SBBR;153,29;568
2002;5;TAM;SBBR;SBFL;308,16;236
2002;5;TAM;SBSP;SBGO;263,45;239
2002;5;TAM;SBBR;SBSV;314,18;344
2002;5;TAM;SBMQ;SBBE;95,34;8
2002;5;TAM;SBGL;SBSV;285,51;4
2002;5;TAM;SBBE;SBBR;285,78;198
2002;5;TAM;SBFL;SBBR;284,00;45
2002;5;TAM;SBBR;SBCT;360,74;363
2002;5;TAM;SBPA;SBBR;342,35;48
2002;5;TAM;SBBR;SBGL;131,25;106
2002;5;TAM;SBRJ;SBBR;190,43;1028
2002;5;TAM;SDCO;SBSP;69,48;11
2002;5;TAM;SBBR;SBFZ;297,26;264
2002;5;TAM;SBVT;SBRJ;295,11;2
2002;5;TAM;SBGR;SBKP;63,28;31
2002;5;TAM;SBGO;SBBR;76,46;268
2002;5;TAM;SBSV;SBRF;49,96;319
2002;5;TAM;SBAU;SBSP;110,72;40
2002;5;TAM;SBPA;SBKP;213,69;4
2002;5;TAM;SBPS;SBSP;292,77;526
2002;5;TAM;SBBH;SBSP;146,97;1188
2002;5;TAM;SBSP;SBML;309,04;10
2002;5;TAM;SBBR;SBGR;197,42;313
2002;5;TAM;SBMQ;SBBE;102,71;57
2002;5;TAM;SBSP;SBBU;97,47;57
2002;5;TAM;SBSP;SBBH;182,40;680
2002;5;TAM;SBFL;SBCT;85,63;2
2002;5;TAM;SBBR;SBRJ;325,08;216
2002;5;TAM;SBRJ;SBKP;95,08;37
2002;5;TAM;SBPA;SBBR;235,45;140
2002;5;TAM;SBPA;SBGL;204,47;18
2002;5;TAM;SBSP;SBPA;480,27;16
2002;5;TAM;SBBH;SBBR;151,95;333
2002;5;TAM;SBKP;SBGR;106,55;6
2002;5;TAM;SBBR;SBSP;228,20;1085
2002;5;TAM;SBRJ;SBBH;297,56;7
2002;5;TAM;SBGR;SBCF;194,63;580
2002;5;TAM;SBNF;SBSP;161,98;106
2002;5;TAM;SBSP;SBNF;190,48;42
2002;5;TAM;SBGR;SBGL;81,59;159
2002;5;TAM;SBSV;SBGR;357,38;194
2002;5;TAM;SBPA;SBKP;204,52;76
2002;5;TAM;SBRJ;SBVT;99,07;68
2002;5;TAM;SBSP;SBRJ;138,48;974
2002;5;TAM;SBFL;SBSP;202,86;25
2002;5;TAM;SBBR;SBGO;128,99;64
2002;5;TAM;SBBR;SBKP;296,86;222
2002;5;TAM;SBSP;SBAU;102,03;285
2002;5;TAM;SBSP;SBML;167,65;749
2002;5;TAM;SBBH;SBSP;139,41;426
2002;5;TAM;SBSP;SBKP;64,31;25
2002;5;TAM;SBKP;SBSP;68,08;499
2002;5;TAM;SBVT;SBRJ;180,37;58
2002;5;TAM;SBSP;SBBR;269,32;1126
2002;5;TAM;SBSP;SBBR;507,56;89
2002;5;TAM;SBGL;SBGR;101,44;31
2002;5;TAM;SBBR;SBFL;397,05;46
2002;5;TAM;SBBR;SBFZ;203,36;131
2002;5;TAM;SBGL;SBPA;252,23;13
2002;5;TAM;SBRJ;SBVT;131,50;75
2002;5;TAM;SBSP;SBML;88,37;169
2002;5;TAM;SBPA;SBSP;252,69;139
2002;5;TAM;SBKP;SBPA;495,56;1
2002;5;TAM;SBGR;SBFL;134,88;53
2002;5;TAM;SBBR;SBGR;273,77;588
2002;5;TAM;SBCF;SBGR;178,21;40
2002;5;TAM;SBGR;SBKP;50,08;203
2002;5;TAM;SBBR;SBCT;369,50;205
2002;5;TAM;SBBR;SBBH;233,08;1003
2002;5;TAM;SBPA;SBFL;189,12;1
2002;5;TAM;SBSP;SBAU;133,43;57
2002;5;TAM;SBCT;SBKP;206,29;18
2002;5;TAM;SBGL;SBRF;376,25;14
2002;5;TAM;SBGL;SBSP;104,18;84
2002;5;TAM;SBRJ;SBBR;158,97;1174
2002;5;TAM;SBSP;SBPS;226,85;68
2002;5;TAM;SBSP;SBRP;156,57;343
2002;5;TAM;SBGR;SBSV;354,77;179
2002;5;TAM;SBBR;SBPA;429,82;41
2002;5;TAM;SBBR;SBBH;390,52;39
2002;5;TAM;SBGR;SBKP;81,38;33
2002;5;TAM;SBSP;SBCT;147,03;618
2002;5;TAM;SBSP;SBPA;237,37;463
2002;5;TAM;SBSP;SBPA;180,46;453
2002;5;TAM;SBSP;SBGO;148,62;348
2002;5;TAM;SBFL;SBCT;113,87;14
2002;5;TAM;SBCT;SBSP;147,26;190
2002;5;TAM;SBSP;SBUL;147,38;977
2002;5;TAM;SBFL;SBGR;166,96;224
2002;5;TAM;SBBR;SBGR;242,82;230
2002;5;TAM;SBGR;SBFL;133,02;385
2002;5;TAM;SBFZ;SBBR;319,22;30
2002;5;TAM;SBRJ;SBVT;124,90;33
2002;5;TAM;SBBR;SBBE;189,98;483
2002;5;TAM;SBMQ;SBBE;52,48;771
2002;5;TAM;SBPA;SBFL;82,55;49
2002;5;TAM;SBBH;SBRJ;120,09;475
2002;5;TAM;SBGL;SBPA;214,00;6
2002;5;TAM;SBGR;SBGL;108,72;70
2002;5;TAM;SBGR;SBFL;395,16;1
2002;5;TAM;SBSP;SBGO;120,26;2919
2002;5;TAM;SBML;SBSP;195,29;19
2002;5;TAM;SBSP;SBGO;231,48;383
2002;5;TAM;SBBR;SBPA;418,42;34
2002;5;TAM;SBNF;SBSP;135,67;75
2002;5;TAM;SBKP;SBCT;106,45;92
2002;5;TAM;SBSP;SBCT;156,50;482
2002;5;TAM;SBUL;SBSP;205,01;12
2002;5;TAM;SBCT;SBGR;141,48;1698
2002;5;TAM;SBPA;SBGR;148,78;234
2002;5;TAM;SBBE;SBMQ;63,92;93
2002;5;TAM;SDCO;SBSP;64,06;66
2002;5;TAM;SDCO;SBSP;63,51;332
2002;5;TAM;SBPA;SBKP;243,15;12
2002;5;TAM;SBSV;SBGL;127,54;68
2002;5;TAM;SBKP;SBBR;297,02;137
2002;5;TAM;SBPA;SBSP;240,72;462
2002;5;TAM;SBSV;SBBR;165,16;64
2002;5;TAM;SBBR;SBFZ;244,74;53
2002;5;TAM;SBPA;SBGL;281,37;9
2002;5;TAM;SBSP;SBCT;110,69;1593
2002;5;TAM;SBPA;SBKP;314,03;148
2002;5;TAM;SBKP;SBPA;194,38;47
2002;5;TAM;SBBH;SBBR;218,20;232
2002;5;TAM;SBSP;SBAU;228,10;9
2002;5;TAM;SBGR;SBPA;187,62;342
2002;5;TAM;SBRP;SBSP;127,59;737
2002;5;TAM;SBBU;SBSP;233,73;49
2002;5;TAM;SBMQ;SBBE;107,42;66
2002;5;TAM;SBGL;SBBR;219,27;43
2002;5;TAM;SBKP;SBCT;175,57;10
2002;5;TAM;SBKP;SBGR;50,71;148
2002;5;TAM;SBSP;SBCT;166,76;140
2002;5;TAM;SBFL;SBPA;77,36;19
2002;5;TAM;SBPA;SBKP;213,52;11
2002;5;TAM;SBRF;SBGL;249,53;33
2002;5;TAM;SBSP;SBGL;111,07;25
2002;5;TAM;SBKP;SBPA;280,90;17
2002;5;TAM;SBSV;SBGR;385,10;35
2002;5;TAM;SBRP;SBSP;253,50;81
2002;5;TAM;SBSP;SBML;115,20;48
2002;5;TAM;SBML;SBSP;189,28;82
2002;5;TAM;SBPA;SBGL;207,72;2
2002;5;TAM;SBPA;SBKP;263,69;15
2002;5;TAM;SBBR;SBKP;149,78;174
2002;5;TAM;SBCT;SBBR;271,15;105
2002;5;TAM;SBCT;SBFL;136,43;17
2002;5;TAM;SBGR;SBGL;107,06;43
2002;5;TAM;SBSP;SBML;152,67;82
2002;5;TAM;SBRF;SBFZ;117,25;13
2002;5;TAM;SBML;SBSP;215,92;119
2002;5;TAM;SBSV;SBRF;295,49;4
2002;5;TAM;SBKP;SBBR;411,29;7
2002;5;TAM;SBVT;SBRJ;123,77;57
2002;5;TAM;SBRJ;SBSP;193,78;15
2002;5;TAM;SBSP;SBVT;276,02;870
2002;5;TAM;SBVT;SBRJ;184,05;500
2002;5;TAM;SBSV;SBBR;197,86;54
2002;5;TAM;SBPA;SBGR;153,62;102
2002;5;TAM;SBSP;SBGL;136,46;7
2002;5;TAM;SBBR;SBKP;325,19;157
2002;5;TAM;SBBR;SBRJ;287,22;159
2002;5;TAM;SBBU;SBSP;149,61;77
2002;5;TAM;SBBH;SBBR;235,16;1271
2002;5;TAM;SBBR;SBFZ;571,39;7
2002;5;TAM;SBPA;SBBR;239,79;22
2002;5;TAM;SBRJ;SBBR;215,39;783
2002;5;TAM;SBSP;SBGO;241,34;122
2002;5;TAM;SBSP;SBBU;124,93;167
2002;5;TAM;SBSP;SBPS;174,63;188
2002;5;TAM;SBPA;SBFL;127,63;26
2002;5;TAM;SBPA;SBGR;221,53;324
2002;5;TAM;SBFL;SBSP;341,06;15
2002;5;TAM;SBBR;SBCT;231,33;172
2002;5;TAM;SBPA;SBCT;155,87;2962
2002;5;TAM;SBSP;SDCO;93,55;1
2002;5;TAM;SBFL;SBPA;136,42;3
2002;5;TAM;SBBR;SBRJ;213,53;427
2002;5;TAM;SBGL;SBRF;213,48;163
2002;5;TAM;SBBR;SBCT;271,37;205
2002;5;TAM;SBSP;SBPS;178,33;92
2002;5;TAM;SBGL;SBBR;150,35;14
2002;5;TAM;SBAU;SBSP;104,41;263
2002;5;TAM;SBFZ;SBBR;353,00;389
2002;5;TAM;SBBH;SBRJ;162,53;188
2002;5;TAM;SBFL;SBGR;126,38;69
2002;5;TAM;SBML;SBSP;151,26;36
2002;5;TAM;SBGR;SBBR;173,05;31
2002;5;TAM;SBPA;SBKP;159,42;89
2002;5;TAM;SBPA;SBGR;219,36;36
2002;5;TAM;SBCT;SBBH;330,80;264
2002;5;TAM;SBKP;SBBR;256,40;353
2002;5;TAM;SBBR;SBPA;308,32;98
2002;5;TAM;SBBR;SBFZ;275,48;125
2002;5;TAM;SBGR;SBFL;179,94;214
2002;5;TAM;SBGL;SBPA;201,56;35
2002;5;TAM;SBGR;SBKP;86,40;154
2002;5;TAM;SBSP;SBPA;239,47;596
2002;5;TAM;SBRF;SBFZ;127,53;326
2002;5;TAM;SBCT;SBFL;77,83;56
2002;5;TAM;SBGR;SBGL;138,91;358
2002;5;TAM;SBSP;SBKP;87,39;81
2002;5;TAM;SBBR;SBRJ;264,39;442
2002;5;TAM;SBSV;SBRF;84,95;45
2002;5;TAM;SBKP;SBSP;39,93;103
2002;5;TAM;SBRJ;SBBH;106,24;270
2002;5;TAM;SBBR;SBKP;176,68;108
2002;5;TAM;SBBE;SBMQ;63,37;5
2002;5;TAM;SBBR;SBSP;176,00;2072
2002;5;TAM;SBCT;SBSP;157,36;235
2002;5;TAM;SBSP;SBCT;243,62;29
2002;5;TAM;SBKP;SBPA;314,81;16
2002;5;TAM;SBSP;SBKP;43,98;211
2002;5;TAM;SBRP;SBSP;108,12;170
2002;5;TAM;SBBR;SBRJ;180,77;858
2002;5;TAM;SBGR;SBCF;176,18;20
2002;5;TAM;SBKP;SBRJ;274,52;3
2002;5;TAM;SBBH;SBSP;213,75;277
2002;5;TAM;SBKP;SBBR;306,75;139
2002;5;TAM;SBBH;SBBR;187,58;449
2002;5;TAM;SBSP;SBNF;288,15;6
2002;5;TAM;SBGR;SBGL;83,68;105
2002;5;TAM;SBSP;SDCO;82,24;3
2002;5;TAM;SBFL;SBGR;133,08;109
2002;5;TAM;SBRP;SBSP;153,78;473
2002;5;TAM;SBGR;SBCT;74,53;280
2002;5;TAM;SBSP;SBRP;114,93;619
2002;5;TAM;SBBR;SBSP;281,54;462
2002;5;TAM;SBSP;SBUL;196,62;18
2002;5;TAM;SBUL;SBSP;194,41;231
2002;5;TAM;SBPA;SBCT;149,57;222
2002;5;TAM;SBGL;SBBR;144,05;148
2002;5;TAM;SBSP;SBML;195,44;5
2002;5;TAM;SBBR;SBFZ;297,10;259
2002;5;TAM;SBSV;SBGL;129,37;40
2002;5;TAM;SBRJ;SBBH;175,02;699
2002;5;TAM;SBCT;SBPA;116,89;293
2002;5;TAM;SBRJ;SBKP;161,46;304
2002;5;TAM;SBPA;SBSP;187,32;3899
2002;5;TAM;SBSP;SBML;204,98;3
2002;5;TAM;SBSV;SBGR;242,17;287
2002;5;TAM;SBBR;SBGL;170,37;176
2002;5;TAM;SBBH;SBCT;291,10;71
2002;5;TAM;SBCT;SBFL;139,65;151
2002;5;TAM;SBSP;SBUL;224,33;48
2002;5;TAM;SBSV;SBRF;53,59;89
2002;5;TAM;SBCT;SBBR;225,71;157
2002;5;TAM;SBCT;SBGR;95,64;474
2002;5;TAM;SBRF;SBFZ;138,44;34
2002;5;TAM;SBBR;SBKP;325,50;297
2002;5;TAM;SBBR;SBPA;336,73;105
2002;5;TAM;SBSP;SBRP;232,89;20
2002;5;TAM;SBGL;SBBR;258,30;39
2002;5;TAM;SBKP;SBPA;214,22;9
2002;5;TAM;SBFZ;SBRF;109,47;414
2002;5;TAM;SBBH;SBRJ;168,25;34
2002;5;TAM;SBGL;SBPA;221,51;2
2002;5;TAM;SBBR;SBCT;480,62;8
2002;5;TAM;SBSP;SDCO;78,83;267
2002;5;TAM;SBRP;SBSP;171,60;407
2002;5;TAM;SBBH;SBCT;259,76;144
2002;5;TAM;SBCT;SBBR;501,40;1
2002;5;TAM;SBCT;SBBH;315,91;11
2002;5;TAM;SBKP;SBSP;50,41;39
2002;5;TAM;SBGR;SBCF;220,12;2
2002;5;TAM;SBBU;SBSP;94,20;79
2002;5;TAM;SBSP;SBRJ;145,53;238
2002;5;TAM;SBKP;SBGR;73,60;23
2002;5;TAM;SBBR;SBKP;523,81;13
2002;5;TAM;SBCT;SBSP;114,89;576
2002;5;TAM;SBBH;SBBR;169,89;758
2002;5;TAM;SBCT;SBBH;241,73;37
2002;5;TAM;SBRF;SBSV;39,33;317
2002;5;TAM;SBCT;SBBH;157,54;152
2002;5;TAM;SBCT;SBPA;167,14;131
2002;5;TAM;SBSP;SBCT;104,00;146
2002;5;TAM;SBFZ;SBRF;153,62;17
2002;5;TAM;SBCT;SBFL;79,95;17
2002;5;TAM;SBPA;SBFL;58,77;595
2002;5;TAM;SBBR;SBPA;193,88;35
2002;5;TAM;SBBR;SBGL;126,22;384
2002;5;TAM;SBBE;SBMQ;88,11;17
2002;5;TAM;SBRF;SBGL;177,25;17
2002;5;TAM;SBKP;SBRJ;99,02;28
2002;5;TAM;SBBR;SBGO;33,64;808
2002;5;TAM;SBML;SBSP;145,65;136
2002;5;TAM;SBGR;SBSV;237,82;942
2002;5;TAM;SBPA;SBBR;330,95;55
2002;5;TAM;SBML;SBSP;209,32;8
2002;5;TAM;SBFZ;SBRF;495,33;1
2002;5;TAM;SBRJ;SBSP;149,39;3842
2002;5;TAM;SBGL;SBGR;107,94;39
2002;5;TAM;SBSV;SBGR;290,64;280
2002;5;TAM;SBBR;SBBE;303,16;505
2002;5;TAM;SBFL;SBBR;294,11;54
2002;5;TAM;SBFZ;SBBR;242,54;5
2002;5;TAM;SBGL;SBBR;155,93;157
2002;5;TAM;SDCO;SBSP;61,97;5
2002;5;TAM;SBVT;SBRJ;118,67;22
2002;5;TAM;SBBR;SBKP;270,28;121
2002;5;TAM;SBGL;SBSV;124,99;333
2002;5;TAM;SBFL;SBPA;170,76;7
2002;5;TAM;SBBR;SBGO;67,57;468
2002;5;TAM;SBBH;SBRJ;166,93;1123
2002;5;TAM;SBSP;SBGL;92,48;89
2002;5;TAM;SBBR;SBFZ;350,97;48
2002;5;TAM;SBPA;SBFL;97,25;6
2002;5;TAM;SBFL;SBSP;144,74;73
2002;5;TAM;SBBH;SBSP;189,25;5252
2002;5;TAM;SBCT;SBGR;167,80;2256
2002;5;TAM;SBGR;SBPA;162,36;358
2002;5;TAM;SBCT;SBKP;131,44;820
2002;5;TAM;SBSV;SBGR;385,39;152
2002;5;TAM;SBBR;SBSP;259,46;1177
2002;5;TAM;SBSP;SBNF;184,86;109
2002;5;TAM;SBSV;SBRF;141,13;12
2002;5;TAM;SBVT;SBSP;223,62;207
2002;5;TAM;SBBR;SBSP;221,74;8695
2002;5;TAM;SBGR;SBCT;94,67;155
2002;5;TAM;SBGR;SBPA;511,82;1
2002;5;TAM;SBCT;SBGR;115,85;709
2002;5;TAM;SBSP;SBBH;144,95;535
2002;5;TAM;SBUL;SBSP;123,21;3381
2002;5;TAM;SBSP;SBPS;204,72;14
2002;5;TAM;SBBR;SBSV;133,10;630
2002;5;TAM;SBGL;SBGR;142,65;302
2002;5;TAM;SBGL;SBSV;128,88;58
2002;5;TAM;SBAU;SBSP;180,50;801
2002;5;TAM;SBSP;SBKP;78,27;683
2002;5;TAM;SBBR;SBBE;152,47;633
2002;5;TAM;SBBR;SBGO;102,02;53
2002;5;VRG;SBBR;SBGL;413,00;504
2002;5;VRG;SBCT;SBBR;486,00;107
2002;5;VRG;SBMQ;SBBE;84,00;130
2002;5;VRG;SBBR;SBFL;256,00;57
2002;5;VRG;SBCT;SBGL;166,00;589
2002;5;VRG;SBGL;SBGR;252,00;78
2002;5;VRG;SBGR;SBEG;1313,00;40
2002;5;VRG;SBRF;SBFZ;363,00;32
2002;5;VRG;SBGL;SBGR;227,00;153
2002;5;VRG;SBRF;SBFZ;424,00;428
2002;5;VRG;SBBR;SBSV;673,00;176
2002;5;VRG;SBPA;SBFL;273,00;7
2002;5;VRG;SBRJ;SBSP;278,00;6199
2002;5;VRG;SBGR;SBPA;371,00;277
2002;5;VRG;SBBR;SBFZ;725,00;276
2002;5;VRG;SBPA;SBGL;714,00;533
2002;5;VRG;SBFL;SBCT;223,00;10
2002;5;VRG;SBFL;SBGR;367,00;291
2002;5;VRG;SBGR;SBCF;146,00;104
2002;5;VRG;SBGR;SBFL;184,00;1344
2002;5;VRG;SBBR;SBPA;671,00;166
2002;5;VRG;SBGL;SBCT;348,00;293
2002;5;VRG;SBCT;SBGL;381,00;119
2002;5;VRG;SBFL;SBBR;786,00;12
2002;5;VRG;SBBE;SBMQ;249,00;7
2002;5;VRG;SBFL;SBGL;367,00;92
2002;5;VRG;SBGR;SBEG;913,00;30
2002;5;VRG;SBGL;SBCT;334,00;164
2002;5;VRG;SBBR;SBFL;786,00;56
2002;5;VRG;SBBR;SBBE;692,00;208
2002;5;VRG;SBSV;SBBR;481,00;133
2002;5;VRG;SBPA;SBGL;512,00;157
2002;5;VRG;SBCT;SBGL;402,00;37
2002;5;VRG;SBSV;SBRF;356,00;72
2002;5;VRG;SBFZ;SBBR;363,00;1448
2002;5;VRG;SBGR;SBBR;343,00;307
2002;5;VRG;SBBR;SBGR;343,00;262
2002;5;VRG;SBGL;SBCT;381,00;144
2002;5;VRG;SBPA;SBFL;237,00;113
2002;5;VRG;SBBR;SBGL;307,00;2
2002;5;VRG;SBGR;SBCT;149,00;1072
2002;5;VRG;SBGR;SBEG;814,00;892
2002;5;VRG;SBGL;SBGR;279,00;5814
2002;5;VRG;SBGR;SBBR;368,00;23
2002;5;VRG;SBRF;SBGL;383,00;2244
2002;5;VRG;SBBE;SBBR;519,00;8
2002;5;VRG;SBPA;SBCT;286,00;4
2002;5;VRG;SBRF;SBSV;87,00;618
2002;5;VRG;SBGR;SBGL;388,00;80
2002;5;VRG;SBBR;SBSV;509,00;28
2002;5;VRG;SBFL;SBBR;494,00;14
2002;5;VRG;SBRF;SBFZ;318,00;77
2002;5;VRG;SBGL;SBRF;290,00;469
2002;5;VRG;SBSV;SBGL;125,00;802
2002;5;VRG;SBBR;SBFL;329,00;315
2002;5;VRG;SBEG;SBGR;1013,00;486
2002;5;VRG;SBBR;SBCT;720,00;71
2002;5;VRG;SBSV;SBGR;631,00;66
2002;5;VRG;SBGL;SBBR;205,00;2776
2002;5;VRG;SBGR;SBCT;298,00;268
2002;5;VRG;SBFL;SBGR;220,00;29
2002;5;VRG;SBBR;SBFL;594,00;18
2002;5;VRG;SBCT;SBBR;604,00;93
2002;5;VRG;SBRF;SBFZ;344,00;314
2002;5;VRG;SBGR;SBEG;709,00;147
2002;5;VRG;SBGL;SBCT;223,00;1891
2002;5;VRG;SBFL;SBCT;129,00;151
2002;5;VRG;SBGR;SBCT;241,00;135
2002;5;VRG;SBBR;SBFZ;544,00;129
2002;5;VRG;SBGL;SBSV;125,00;839
2002;5;VRG;SBEG;SBGR;864,00;89
2002;5;VRG;SBGL;SBBR;161,00;538
2002;5;VRG;SBCT;SBFL;212,00;74
2002;5;VRG;SBGL;SBSV;533,00;47
2002;5;VRG;SBGR;SBCT;104,00;192
2002;5;VRG;SBCT;SBPA;298,00;57
2002;5;VRG;SBBR;SBCT;486,00;187
2002;5;VRG;SBGR;SBPA;248,00;5121
2002;5;VRG;SBGL;SBRF;615,00;253
2002;5;VRG;SBBR;SBFL;531,00;148
2002;5;VRG;SBPA;SBCT;381,00;83
2002;5;VRG;SBGR;SBPA;448,00;75
2002;5;VRG;SBFL;SBPA;151,00;1241
2002;5;VRG;SBSV;SBGR;596,00;277
2002;5;VRG;SBGL;SBCT;445,00;294
2002;5;VRG;SBPA;SBBR;635,00;182
2002;5;VRG;SBCF;SBGR;221,00;40
2002;5;VRG;SBFL;SBGL;155,00;99
2002;5;VRG;SBGO;SBBR;196,00;24
2002;5;VRG;SBGR;SBCT;179,00;5
2002;5;VRG;SBBR;SBGL;161,00;422
2002;5;VRG;SBGR;SBGL;359,00;1457
2002;5;VRG;SBBR;SBCT;604,00;135
2002;5;VRG;SBGR;SBBR;294,00;2
2002;5;VRG;SBRF;SBSV;376,00;5
2002;5;VRG;SBGL;SBPA;599,00;867
2002;5;VRG;SBGL;SBRF;765,00;426
2002;5;VRG;SBGR;SBCF;298,00;89
2002;5;VRG;SBGL;SBCT;402,00;25
2002;5;VRG;SBMQ;SBBE;235,00;5
2002;5;VRG;SBFL;SBBR;256,00;66
2002;5;VRG;SBGR;SBGL;226,00;383
2002;5;VRG;SBSV;SBGR;419,00;103
2002;5;VRG;SBCT;SBPA;115,00;90
2002;5;VRG;SBRF;SBFZ;212,00;2584
2002;5;VRG;SBBR;SBGR;419,00;146
2002;5;VRG;SBRJ;SBSP;139,00;55619
2002;5;VRG;SBCT;SBPA;286,00;16
2002;5;VRG;SBRF;SBGL;459,00;13
2002;5;VRG;SBGO;SBBR;232,00;4
2002;5;VRG;SBPA;SBGR;297,00;137
2002;5;VRG;SBBR;SBFL;658,00;100
2002;5;VRG;SBBE;SBMQ;235,00;11
2002;5;VRG;SBFZ;SBBR;544,00;146
2002;5;VRG;SBFL;SBCT;185,00;26
2002;5;VRG;SBFL;SBGR;437,00;84
2002;5;VRG;SBSV;SBBR;134,00;251
2002;5;VRG;SBCF;SBGR;298,00;116
2002;5;VRG;SBPA;SBGR;248,00;4376
2002;5;VRG;SBGL;SBCT;166,00;585
2002;5;VRG;SBBR;SBCT;160,00;96
2002;5;VRG;SBFL;SBGR;316,00;34
2002;5;VRG;SBCT;SBGL;529,00;266
2002;5;VRG;SBGL;SBBR;512,00;742
2002;5;VRG;SBBR;SBSV;481,00;166
2002;5;VRG;SBBR;SBGR;584,00;398
2002;5;VRG;SBPA;SBCT;326,00;34
2002;5;VRG;SBFZ;SBBR;260,00;258
2002;5;VRG;SBBR;SBGL;384,00;27
2002;5;VRG;SBGO;SBBR;160,00;23
2002;5;VRG;SBBR;SBFZ;654,00;14
2002;5;VRG;SBBR;SBFZ;260,00;217
2002;5;VRG;SBGR;SBFL;437,00;121
2002;5;VRG;SBGR;SBFL;332,00;46
2002;5;VRG;SBSV;SBBR;454,00;492
2002;5;VRG;SBGR;SBFL;367,00;313
2002;5;VRG;SBGR;SBEG;1213,00;475
2002;5;VRG;SBCT;SBGL;267,00;7
2002;5;VRG;SBCT;SBGR;256,00;113
2002;5;VRG;SBCT;SBPA;228,00;4
2002;5;VRG;SBFL;SBPA;273,00;40
2002;5;VRG;SBSV;SBGR;350,00;4767
2002;5;VRG;SBGL;SBGR;359,00;1563
2002;5;VRG;SBRF;SBGL;652,00;47
2002;5;VRG;SBGR;SBCF;439,00;149
2002;5;VRG;SBSV;SBGR;699,00;1675
2002;5;VRG;SBBR;SBSV;169,00;2
2002;5;VRG;SBGL;SBFL;245,00;1094
2002;5;VRG;SBPA;SBGL;599,00;822
2002;5;VRG;SBGO;SBBR;137,00;16
2002;5;VRG;SBGL;SBSV;295,00;3398
2002;5;VRG;SBPA;SBFL;259,00;17
2002;5;VRG;SBBR;SBCT;453,00;1
2002;5;VRG;SBGR;SBBR;395,00;323
2002;5;VRG;SBBR;SBGL;438,00;217
2002;5;VRG;SBSV;SBBR;169,00;7
2002;5;VRG;SBGL;SBSV;704,00;511
2002;5;VRG;SBBE;SBBR;277,00;1126
2002;5;VRG;SBGL;SBFL;418,00;22
2002;5;VRG;SBPA;SBBR;599,00;401
2002;5;VRG;SBGR;SBCT;269,00;16
2002;5;VRG;SBGR;SBCF;276,00;12
2002;5;VRG;SBBR;SBFL;562,00;64
2002;5;VRG;SBCT;SBFL;123,00;1038
2002;5;VRG;SBCT;SBGR;179,00;4
2002;5;VRG;SBCT;SBBR;453,00;48
2002;5;VRG;SBCF;SBGR;333,00;70
2002;5;VRG;SBSV;SBGR;835,00;830
2002;5;VRG;SBGL;SBFL;155,00;88
2002;5;VRG;SBGR;SBBR;419,00;181
2002;5;VRG;SBSV;SBRF;312,00;48
2002;5;VRG;SBPA;SBBR;557,00;71
2002;5;VRG;SBSV;SBRF;416,00;559
2002;5;VRG;SBFL;SBCT;212,00;127
2002;5;VRG;SBGL;SBRF;652,00;52
2002;5;VRG;SBMQ;SBBE;205,00;5
2002;5;VRG;SBBR;SBGL;461,00;67
2002;5;VRG;SBCF;SBGR;146,00;129
2002;5;VRG;SBGO;SBBR;169,00;5
2002;5;VRG;SBGR;SBBR;490,00;806
2002;5;VRG;SBGR;SBSV;631,00;73
2002;5;VRG;SBSV;SBGL;505,00;200
2002;5;VRG;SBGR;SBPA;297,00;106
2002;5;VRG;SBGL;SBBR;610,00;727
2002;5;VRG;SBFL;SBPA;301,00;148
2002;5;VRG;SBBR;SBFZ;584,00;164
2002;5;VRG;SBGL;SBGR;239,00;198
2002;5;VRG;SBEG;SBGR;737,00;146
2002;5;VRG;SBEG;SBGR;814,00;858
2002;5;VRG;SBFZ;SBRF;383,00;11
2002;5;VRG;SBCT;SBFL;129,00;139
2002;5;VRG;SBPA;SBBR;671,00;54
2002;5;VRG;SBCT;SBPA;453,00;39
2002;5;VRG;SBGR;SBEG;1013,00;516
2002;5;VRG;SBGR;SBFL;220,00;17
2002;5;VRG;SBCT;SBFL;185,00;37
2002;5;VRG;SBGL;SBSV;442,00;229
2002;5;VRG;SBFL;SBGL;245,00;978
2002;5;VRG;SBBR;SBGR;442,00;71
2002;5;VRG;SBGR;SBPA;495,00;1780
2002;5;VRG;SBBR;SBSV;134,00;204
2002;5;VRG;SBGL;SBBR;438,00;56
2002;5;VRG;SBCT;SBGR;104,00;208
2002;5;VRG;SBBE;SBMQ;325,00;6
2002;5;VRG;SBPA;SBGL;449,00;281
2002;5;VRG;SBGL;SBPA;714,00;586
2002;5;VRG;SBFL;SBBR;594,00;8
2002;5;VRG;SBGL;SBPA;449,00;276
2002;5;VRG;SBGR;SBSV;419,00;115
2002;5;VRG;SBGR;SBEG;737,00;143
2002;5;VRG;SBGL;SBFL;367,00;100
2002;5;VRG;SBCT;SBGR;241,00;113
2002;5;VRG;SBGR;SBEG;864,00;77
2002;5;VRG;SBPA;SBCT;345,00;3
2002;5;VRG;SBSV;SBGL;533,00;79
2002;5;VRG;SBPA;SBGR;590,00;714
2002;5;VRG;SBGL;SBBR;658,00;40
2002;5;VRG;SBFL;SBCT;200,00;197
2002;5;VRG;SBBR;SBFL;494,00;16
2002;5;VRG;SBGR;SBSV;524,00;377
2002;5;VRG;SBFL;SBCT;291,00;52
2002;5;VRG;SBBR;SBGO;137,00;2
2002;5;VRG;SBPA;SBGR;399,00;812
2002;5;VRG;SBGR;SBSV;699,00;1853
2002;5;VRG;SBBR;SBSV;454,00;405
2002;5;VRG;SBBR;SBFL;197,00;2
2002;5;VRG;SBBR;SBPA;372,00;1516
2002;5;VRG;SBBR;SBGR;490,00;690
2002;5;VRG;SBCT;SBGL;223,00;2049
2002;5;VRG;SBPA;SBFL;151,00;1099
2002;5;VRG;SBBR;SBGR;368,00;21
2002;5;VRG;SBGL;SBPA;512,00;71
2002;5;VRG;SBGR;SBSV;350,00;4844
2002;5;VRG;SBRF;SBSV;208,00;1151
2002;5;VRG;SBGR;SBSV;596,00;272
2002;5;VRG;SBBE;SBBR;692,00;246
2002;5;VRG;SBRF;SBSV;335,00;151
2002;5;VRG;SBFL;SBPA;259,00;48
2002;5;VRG;SBGR;SBPA;194,00;973
2002;5;VRG;SBMQ;SBBE;109,00;669
2002;5;VRG;SBBR;SBPA;431,00;33
2002;5;VRG;SBSV;SBBR;509,00;31
2002;5;VRG;SBBR;SBSV;282,00;1224
2002;5;VRG;SBBE;SBBR;558,00;379
2002;5;VRG;SBBE;SBMQ;273,00;156
2002;5;VRG;SBBE;SBBR;828,00;157
2002;5;VRG;SBCT;SBGR;224,00;152
2002;5;VRG;SBFZ;SBRF;424,00;253
2002;5;VRG;SBGR;SBPA;590,00;727
2002;5;VRG;SBGL;SBFL;293,00;11
2002;5;VRG;SBPA;SBBR;431,00;47
2002;5;VRG;SBPA;SBFL;87,00;354
2002;5;VRG;SBRF;SBGL;913,00;266
2002;5;VRG;SBRF;SBFZ;506,00;93
2002;5;VRG;SBBR;SBGO;196,00;17
2002;5;VRG;SBBR;SBGR;294,00;1
2002;5;VRG;SBSV;SBGL;442,00;233
2002;5;VRG;SBPA;SBCT;191,00;422
2002;5;VRG;SBPA;SBGL;482,00;449
2002;5;VRG;SBCT;SBBR;516,00;21
2002;5;VRG;SBGL;SBPA;228,00;732
2002;5;VRG;SBGL;SBGR;226,00;558
2002;5;VRG;SBSV;SBGL;589,00;810
2002;5;VRG;SBGR;SBCT;256,00;79
2002;5;VRG;SBPA;SBGR;424,00;315
2002;5;VRG;SBGR;SBCF;317,00;40
2002;5;VRG;SBGR;SBPA;424,00;204
2002;5;VRG;SBCT;SBGL;334,00;142
2002;5;VRG;SBSV;SBRF;495,00;140
2002;5;VRG;SBBR;SBBE;828,00;134
2002;5;VRG;SBCF;SBGR;184,00;303
2002;5;VRG;SBFL;SBGL;489,00;150
2002;5;VRG;SBGL;SBBR;307,00;1
2002;5;VRG;SBBE;SBBR;625,00;27
2002;5;VRG;SBGL;SBRF;913,00;455
2002;5;VRG;SBSV;SBGR;563,00;499
2002;5;VRG;SBGR;SBBR;442,00;93
2002;5;VRG;SBGL;SBFL;583,00;97
2002;5;VRG;SBPA;SBCT;298,00;52
2002;5;VRG;SBGR;SBSV;210,00;1157
2002;5;VRG;SBFZ;SBBR;725,00;233
2002;5;VRG;SBFL;SBGL;442,00;15
2002;5;VRG;SBCF;SBGR;276,00;22
2002;5;VRG;SBEG;SBGR;1213,00;621
2002;5;VRG;SBCT;SBFL;291,00;21
2002;5;VRG;SBGL;SBFL;489,00;133
2002;5;VRG;SBBR;SBGO;98,00;96
2002;5;VRG;SBCF;SBGR;368,00;256
2002;5;VRG;SBGR;SBPA;399,00;573
2002;5;VRG;SBBR;SBPA;635,00;264
2002;5;VRG;SBFL;SBPA;226,00;8
2002;5;VRG;SBCF;SBGR;439,00;247
2002;5;VRG;SBSV;SBBR;563,00;392
2002;5;VRG;SBPA;SBGR;495,00;1290
2002;5;VRG;SBCT;SBBR;302,00;605
2002;5;VRG;SBGR;SBGL;239,00;209
2002;5;VRG;SBFL;SBGR;136,00;316
2002;5;VRG;SBGR;SBCT;224,00;154
2002;5;VRG;SBFL;SBPA;358,00;75
2002;5;VRG;SBRF;SBFZ;383,00;13
2002;5;VRG;SBSV;SBBR;673,00;234
2002;5;VRG;SBPA;SBGL;228,00;966
2002;5;VRG;SBGR;SBSV;835,00;685
2002;5;VRG;SBFL;SBPA;87,00;338
2002;5;VRG;SBBE;SBBR;416,00;109
2002;5;VRG;SBBR;SBFZ;363,00;1159
2002;5;VRG;SBSP;SBRJ;139,00;57281
2002;5;VRG;SBGL;SBFL;394,00;476
2002;5;VRG;SBGL;SBBR;413,00;563
2002;5;VRG;SBBR;SBFZ;619,00;51
2002;5;VRG;SBPA;SBBR;743,00;304
2002;5;VRG;SBFZ;SBRF;212,00;2076
2002;5;VRG;SBBR;SBBE;277,00;854
2002;5;VRG;SBBR;SBPA;280,00;486
2002;5;VRG;SBFL;SBCT;246,00;395
2002;5;VRG;SBSV;SBBR;282,00;1369
2002;5;VRG;SBCT;SBGR;354,00;117
2002;5;VRG;SBBR;SBGL;512,00;1086
2002;5;VRG;SBFL;SBGR;184,00;1324
2002;5;VRG;SBCT;SBPA;326,00;15
2002;5;VRG;SBGR;SBFL;275,00;150
2002;5;VRG;SBGL;SBFL;442,00;15
2002;5;VRG;SBRF;SBGL;290,00;350
2002;5;VRG;SBRF;SBGL;574,00;158
2002;5;VRG;SBCT;SBGR;269,00;32
2002;5;VRG;SBBE;SBMQ;109,00;801
2002;5;VRG;SBFZ;SBBR;654,00;26
2002;5;VRG;SBGL;SBRF;689,00;19
2002;5;VRG;SBGR;SBEG;405,00;2672
2002;5;VRG;SBGL;SBBR;461,00;129
2002;5;VRG;SBPA;SBFL;358,00;32
2002;5;VRG;SBGL;SBSV;589,00;901
2002;5;VRG;SBFL;SBGL;394,00;430
2002;5;VRG;SBSV;SBRF;376,00;17
2002;5;VRG;SBSV;SBGR;524,00;240
2002;5;VRG;SBRF;SBSV;416,00;577
2002;5;VRG;SBFL;SBGL;418,00;30
2002;5;VRG;SBFZ;SBRF;318,00;67
2002;5;VRG;SBBR;SBBE;625,00;15
2002;5;VRG;SBPA;SBFL;226,00;11
2002;5;VRG;SBGR;SBFL;136,00;262
2002;5;VRG;SBCT;SBPA;381,00;91
2002;5;VRG;SBSV;SBBR;422,00;21
2002;5;VRG;SBGL;SBGR;139,00;2445
2002;5;VRG;SBBR;SBGO;160,00;27
2002;5;VRG;SBPA;SBGL;359,00;75
2002;5;VRG;SBCT;SBFL;200,00;246
2002;5;VRG;SBFZ;SBRF;97,00;154
2002;5;VRG;SBEG;SBGR;913,00;28
2002;5;VRG;SBPA;SBBR;372,00;1780
2002;5;VRG;SBSV;SBGR;210,00;1137
2002;5;VRG;SBBR;SBGL;658,00;28
2002;5;VRG;SBSV;SBRF;208,00;1265
2002;5;VRG;SBPA;SBBR;280,00;207
2002;5;VRG;SBBE;SBMQ;222,00;61
2002;5;VRG;SBSV;SBGL;475,00;844
2002;5;VRG;SBGR;SBFL;298,00;160
2002;5;VRG;SBGL;SBPA;482,00;500
2002;5;VRG;SBCT;SBGL;348,00;491
2002;5;VRG;SBPA;SBGR;371,00;385
2002;5;VRG;SBPA;SBCT;115,00;188
2002;5;VRG;SBRF;SBGL;689,00;20
2002;5;VRG;SBCT;SBBR;160,00;88
2002;5;VRG;SBPA;SBCT;228,00;1
2002;5;VRG;SBBR;SBBE;416,00;93
2002;5;VRG;SBPA;SBFL;301,00;91
2002;5;VRG;SBGR;SBGL;279,00;6216
2002;5;VRG;SBMQ;SBBE;325,00;10
2002;5;VRG;SBBR;SBSV;422,00;41
2002;5;VRG;SBPA;SBGL;300,00;4339
2002;5;VRG;SBMQ;SBBE;249,00;6
2002;5;VRG;SBBR;SBCT;302,00;526
2002;5;VRG;SBFL;SBBR;562,00;24
2002;5;VRG;SBFZ;SBBR;584,00;249
2002;5;VRG;SBBE;SBBR;591,00;77
2002;5;VRG;SBGL;SBRF;459,00;12
2002;5;VRG;SBFZ;SBRF;506,00;83
2002;5;VRG;SBPA;SBGR;194,00;948
2002;5;VRG;SBSV;SBGL;353,00;23
2002;5;VRG;SBBR;SBPA;889,00;229
2002;5;VRG;SBFL;SBGR;275,00;183
2002;5;VRG;SBFL;SBGL;293,00;7
2002;5;VRG;SBBR;SBPA;743,00;395
2002;5;VRG;SBSV;SBRF;335,00;184
2002;5;VRG;SBCT;SBBR;720,00;57
2002;5;VRG;SBGL;SBPA;540,00;29
2002;5;VRG;SBRF;SBGL;615,00;204
2002;5;VRG;SBGR;SBCF;333,00;26
2002;5;VRG;SBBR;SBBE;591,00;58
2002;5;VRG;SBCT;SBPA;345,00;8
2002;5;VRG;SBRF;SBSV;249,00;8
2002;5;VRG;SBGO;SBBR;98,00;95
2002;5;VRG;SBGR;SBFL;316,00;46
2002;5;VRG;SBCT;SBBR;545,00;8
2002;5;VRG;SBMQ;SBBE;273,00;163
2002;5;VRG;SBBR;SBPA;557,00;111
2002;5;VRG;SBEG;SBGR;405,00;2873
2002;5;VRG;SBBR;SBGO;169,00;9
2002;5;VRG;SBCT;SBFL;246,00;229
2002;5;VRG;SBGR;SBCF;368,00;231
2002;5;VRG;SBBR;SBSV;563,00;435
2002;5;VRG;SBGR;SBGL;227,00;84
2002;5;VRG;SBGR;SBBR;584,00;412
2002;5;VRG;SBCT;SBGL;445,00;577
2002;5;VRG;SBBR;SBBE;558,00;275
2002;5;VRG;SBRF;SBSV;495,00;57
2002;5;VRG;SBFL;SBGL;583,00;63
2002;5;VRG;SBFL;SBPA;237,00;229
2002;5;VRG;SBBR;SBGL;205,00;2620
2002;5;VRG;SBSV;SBGL;295,00;3356
2002;5;VRG;SBRF;SBSV;356,00;36
2002;5;VRG;SBCT;SBGR;298,00;434
2002;5;VRG;SBGL;SBSV;475,00;573
2002;5;VRG;SBBE;SBMQ;84,00;177
2002;5;VRG;SBRF;SBGL;765,00;473
2002;5;VRG;SBBR;SBPA;223,00;26
2002;5;VRG;SBFZ;SBRF;363,00;21
2002;5;VRG;SBGL;SBGR;388,00;55
2002;5;VRG;SBGL;SBCT;267,00;19
2002;5;VRG;SBFL;SBBR;531,00;112
2002;5;VRG;SBGL;SBRF;383,00;3004
2002;5;VRG;SBPA;SBGL;540,00;34
2002;5;VRG;SBGL;SBCT;529,00;287
2002;5;VRG;SBGR;SBGL;252,00;74
2002;5;VRG;SBEG;SBGR;1313,00;55
2002;5;VRG;SBPA;SBGR;448,00;135
2002;5;VRG;SBFZ;SBBR;866,00;133
2002;5;VRG;SBGL;SBSV;505,00;136
2002;5;VRG;SBBR;SBGR;245,00;809
2002;5;VRG;SBSV;SBRF;87,00;773
2002;5;VRG;SBSV;SBGL;704,00;584
2002;5;VRG;SBBR;SBGR;395,00;188
2002;5;VRG;SBBR;SBCT;545,00;15
2002;5;VRG;SBPA;SBBR;223,00;30
2002;5;VRG;SBGL;SBRF;574,00;219
2002;5;VRG;SBMQ;SBBE;222,00;78
2002;5;VRG;SBGL;SBBR;384,00;22
2002;5;VRG;SBEG;SBGR;709,00;136
2002;5;VRG;SBFZ;SBBR;619,00;72
2002;5;VRG;SBPA;SBCT;453,00;31
2002;5;VRG;SBCT;SBGR;149,00;1143
2002;5;VRG;SBFL;SBBR;329,00;203
2002;5;VRG;SBGR;SBSV;563,00;488
2002;5;VRG;SBFL;SBGR;298,00;142
2002;5;VRG;SBFL;SBCT;123,00;895
2002;5;VRG;SBGL;SBSV;353,00;82
2002;5;VRG;SBCT;SBPA;191,00;315
2002;5;VRG;SBFZ;SBRF;344,00;245
2002;5;VRG;SBGR;SBCT;354,00;91
2002;5;VRG;SBFL;SBBR;658,00;45
2002;5;VRG;SBGR;SBCF;184,00;135
2002;5;VRG;SBGL;SBPA;359,00;55
2002;5;VRG;SBGL;SBPA;300,00;3933
2002;5;VRG;SBBR;SBBE;519,00;2
2002;5;VRG;SBFL;SBGR;332,00;35
2002;5;VRG;SBBR;SBGL;610,00;716
2002;5;VRG;SBBR;SBCT;516,00;33
2002;5;VRG;SBGR;SBGL;139,00;2298
2002;5;VRG;SBRF;SBSV;312,00;55
2002;5;VRG;SBRF;SBFZ;97,00;172
2002;5;VRG;SBCT;SBFL;223,00;13
2002;5;VRG;SBBR;SBPA;599,00;345
2002;5;VRG;SBPA;SBBR;889,00;217
2002;5;VRG;SBBR;SBFZ;866,00;117
2002;5;VRG;SBSV;SBRF;249,00;11
2002;5;VRG;SBSP;SBRJ;278,00;6014
2002;5;VRG;SBCF;SBGR;317,00;62
2002;5;VRG;SBGR;SBBR;245,00;1037
2002;5;VSP;SBSV;SBRF;320,00;6
2002;5;VSP;SBGL;SBSV;571,00;219
2002;5;VSP;SBFL;SBGR;346,00;2
2002;5;VSP;SBCT;SBBR;216,00;43
2002;5;VSP;SBBE;SBMQ;233,00;21
2002;5;VSP;SBGR;SBFL;317,00;6
2002;5;VSP;SBGR;SBSV;595,00;78
2002;5;VSP;SBCT;SBGL;368,00;6
2002;5;VSP;SBBH;SBSP;319,00;2
2002;5;VSP;SBFZ;SBBR;647,00;54
2002;5;VSP;SBGL;SBKP;244,00;5
2002;5;VSP;SBBR;SBGR;337,00;78
2002;5;VSP;SBCT;SBGL;339,00;4
2002;5;VSP;SBGR;SBCF;347,00;85
2002;5;VSP;SBCF;SBGR;319,00;5
2002;5;VSP;SBBE;SBBR;617,00;15
2002;5;VSP;SBFZ;SBRF;247,00;158
2002;5;VSP;SBGL;SBCT;217,00;193
2002;5;VSP;SBGR;SBCF;246,00;26
2002;5;VSP;SBBE;SBBR;416,00;287
2002;5;VSP;SBEG;SBGR;609,00;389
2002;5;VSP;SBSV;SBGR;676,00;165
2002;5;VSP;SBGL;SBRF;526,00;127
2002;5;VSP;SBSV;SBBR;276,00;225
2002;5;VSP;SBRF;SBGL;526,00;112
2002;5;VSP;SBBR;SBPA;662,00;6
2002;5;VSP;SBBR;SBGR;475,00;145
2002;5;VSP;SBBE;SBMQ;215,00;14
2002;5;VSP;SBGR;SBCF;333,00;2
2002;5;VSP;SBCT;SBBR;414,00;6
2002;5;VSP;SBGR;SBGL;202,00;25
2002;5;VSP;SBRF;SBFZ;184,00;202
2002;5;VSP;SBRF;SBSV;348,00;2
2002;5;VSP;SBRF;SBSV;395,00;59
2002;5;VSP;SBGL;SBKP;289,00;2
2002;5;VSP;SBGL;SBCT;136,00;134
2002;5;VSP;SBBR;SBGL;465,00;11
2002;5;VSP;SBKP;SBGL;277,00;3
2002;5;VSP;SBGL;SBPA;188,00;301
2002;5;VSP;SBBR;SBCT;536,00;2
2002;5;VSP;SBEG;SBGR;982,00;61
2002;5;VSP;SBBR;SBFZ;675,00;22
2002;5;VSP;SBPA;SBGL;188,00;313
2002;5;VSP;SBGL;SBSV;548,00;29
2002;5;VSP;SBGL;SBKP;157,00;133
2002;5;VSP;SBBR;SBPA;583,00;11
2002;5;VSP;SBBR;SBSV;196,00;159
2002;5;VSP;SBGR;SBCF;281,00;13
2002;5;VSP;SBBE;SBMQ;265,00;55
2002;5;VSP;SBBR;SBCF;310,00;12
2002;5;VSP;SBRF;SBSV;79,00;477
2002;5;VSP;SBGO;SBBR;120,00;225
2002;5;VSP;SBFZ;SBRF;366,00;4
2002;5;VSP;SBMQ;SBBE;164,00;76
2002;5;VSP;SBBR;SBCT;414,00;18
2002;5;VSP;SBCT;SBGL;217,00;191
2002;5;VSP;SBKP;SBGL;265,00;5
2002;5;VSP;SBGR;SBEG;982,00;74
2002;5;VSP;SBGR;SBEG;511,00;696
2002;5;VSP;SBSV;SBBR;329,00;274
2002;5;VSP;SBMQ;SBBE;265,00;41
2002;5;VSP;SBSV;SBBR;430,00;98
2002;5;VSP;SBSV;SBRF;363,00;4
2002;5;VSP;SBCT;SBBR;583,00;17
2002;5;VSP;SBBR;SBGL;138,00;121
2002;5;VSP;SBGR;SBEG;697,00;22
2002;5;VSP;SBGL;SBKP;214,00;8
2002;5;VSP;SBFL;SBGR;136,00;116
2002;5;VSP;SBBH;SBSP;333,00;4
2002;5;VSP;SBFZ;SBBR;619,00;42
2002;5;VSP;SBGR;SBCT;150,00;302
2002;5;VSP;SBSV;SBGR;622,00;91
2002;5;VSP;SBSP;SBBH;305,00;1
2002;5;VSP;SBSP;SBBH;281,00;8
2002;5;VSP;SBBR;SBSV;429,00;95
2002;5;VSP;SBGR;SBGL;138,00;312
2002;5;VSP;SBSP;SBBR;475,00;97
2002;5;VSP;SBCF;SBBR;368,00;7
2002;5;VSP;SBCT;SBBR;361,00;68
2002;5;VSP;SBSP;SBRJ;155,00;23452
2002;5;VSP;SBGL;SBSV;525,00;36
2002;5;VSP;SBSV;SBGR;261,00;312
2002;5;VSP;SBGL;SBBR;465,00;8
2002;5;VSP;SBGR;SBCT;266,00;5
2002;5;VSP;SBGL;SBSV;405,00;158
2002;5;VSP;SBEG;SBGR;864,00;9
2002;5;VSP;SBPA;SBGL;412,00;74
2002;5;VSP;SBEG;SBGR;511,00;655
2002;5;VSP;SBBE;SBBR;476,00;102
2002;5;VSP;SBPA;SBBR;691,00;4
2002;5;VSP;SBGL;SBBR;344,00;98
2002;5;VSP;SBRF;SBGL;652,00;22
2002;5;VSP;SBSV;SBGL;146,00;145
2002;5;VSP;SBMQ;SBBE;254,00;8
2002;5;VSP;SBGR;SBBR;385,00;30
2002;5;VSP;SBGL;SBCT;385,00;5
2002;5;VSP;SBCF;SBBR;337,00;4
2002;5;VSP;SBGR;SBFL;136,00;136
2002;5;VSP;SBGR;SBEG;943,00;6
2002;5;VSP;SBGR;SBCT;254,00;6
2002;5;VSP;SBGR;SBGL;251,00;17
2002;5;VSP;SBBE;SBBR;216,00;176
2002;5;VSP;SBGL;SBKP;96,00;17
2002;5;VSP;SBBE;SBBR;671,00;86
2002;5;VSP;SBGR;SBFL;360,00;22
2002;5;VSP;SBBR;SBGL;426,00;22
2002;5;VSP;SBPA;SBBR;266,00;42
2002;5;VSP;SBCT;SBGR;277,00;9
2002;5;VSP;SBBR;SBSP;456,00;2
2002;5;VSP;SBCT;SBGL;297,00;28
2002;5;VSP;SBSP;SBBH;319,00;3
2002;5;VSP;SBSV;SBGR;352,00;729
2002;5;VSP;SBBR;SBCF;237,00;145
2002;5;VSP;SBGL;SBRF;682,00;35
2002;5;VSP;SBGR;SBFL;187,00;99
2002;5;VSP;SBGL;SBPA;580,00;72
2002;5;VSP;SBGR;SBBR;418,00;8
2002;5;VSP;SBFZ;SBRF;207,00;695
2002;5;VSP;SBGR;SBGL;274,00;8
2002;5;VSP;SBGL;SBCT;297,00;35
2002;5;VSP;SBCF;SBBR;199,00;170
2002;5;VSP;SBBR;SBFZ;366,00;371
2002;5;VSP;SBFL;SBGR;223,00;80
2002;5;VSP;SBGR;SBSV;676,00;188
2002;5;VSP;SBBH;SBSP;347,00;61
2002;5;VSP;SBGR;SBFL;223,00;71
2002;5;VSP;SBSP;SBBR;146,00;121
2002;5;VSP;SBBR;SBCF;135,00;25
2002;5;VSP;SBBR;SBGL;445,00;6
2002;5;VSP;SBPA;SBGR;341,00;115
2002;5;VSP;SBSV;SBRF;348,00;7
2002;5;VSP;SBBE;SBBR;644,00;8
2002;5;VSP;SBBE;SBMQ;254,00;7
2002;5;VSP;SBGL;SBSV;463,00;119
2002;5;VSP;SBBE;SBBR;349,00;341
2002;5;VSP;SBBR;SBCT;216,00;31
2002;5;VSP;SBGL;SBRF;711,00;31
2002;5;VSP;SBGO;SBBR;137,00;22
2002;5;VSP;SBGL;SBCT;368,00;8
2002;5;VSP;SBFZ;SBBR;366,00;354
2002;5;VSP;SBGR;SBCT;289,00;91
2002;5;VSP;SBSV;SBGR;480,00;177
2002;5;VSP;SBSV;SBRF;79,00;539
2002;5;VSP;SBBR;SBBE;416,00;248
2002;5;VSP;SBGL;SBPA;470,00;22
2002;5;VSP;SBSV;SBGL;502,00;96
2002;5;VSP;SBBR;SBPA;511,00;35
2002;5;VSP;SBMQ;SBBE;99,00;186
2002;5;VSP;SBBR;SBBE;617,00;17
2002;5;VSP;SBGL;SBBR;252,00;218
2002;5;VSP;SBFZ;SBRF;350,00;4
2002;5;VSP;SBGR;SBGL;262,00;7
2002;5;VSP;SBSV;SBGL;548,00;37
2002;5;VSP;SBCT;SBBR;513,00;9
2002;5;VSP;SBBR;SBCT;583,00;11
2002;5;VSP;SBBR;SBCF;199,00;161
2002;5;VSP;SBBR;SBSV;509,00;30
2002;5;VSP;SBPA;SBGL;534,00;7
2002;5;VSP;SBMQ;SBBE;138,00;245
2002;5;VSP;SBGL;SBGR;251,00;21
2002;5;VSP;SBFZ;SBRF;382,00;2
2002;5;VSP;SBGR;SBCT;179,00;121
2002;5;VSP;SBCT;SBBR;303,00;97
2002;5;VSP;SBSV;SBRF;379,00;5
2002;5;VSP;SBCF;SBBR;383,00;35
2002;5;VSP;SBBR;SBSP;295,00;151
2002;5;VSP;SBBR;SBFZ;299,00;130
2002;5;VSP;SBBR;SBFZ;569,00;102
2002;5;VSP;SBGR;SBPA;250,00;749
2002;5;VSP;SBGR;SBGL;231,00;20
2002;5;VSP;SBGL;SBRF;385,00;598
2002;5;VSP;SBGR;SBFL;346,00;8
2002;5;VSP;SBRF;SBGL;711,00;35
2002;5;VSP;SBGR;SBGL;177,00;150
2002;5;VSP;SBSP;SBBR;295,00;166
2002;5;VSP;SBSP;SBBR;418,00;3
2002;5;VSP;SBPA;SBBR;662,00;7
2002;5;VSP;SBGR;SBPA;183,00;385
2002;5;VSP;SBBR;SBGR;437,00;9
2002;5;VSP;SBMQ;SBBE;215,00;28
2002;5;VSP;SBRF;SBFZ;322,00;8
2002;5;VSP;SBFZ;SBBR;299,00;112
2002;5;VSP;SBGL;SBGR;138,00;352
2002;5;VSP;SBBR;SBGO;178,00;3
2002;5;VSP;SBBH;SBSP;180,00;286
2002;5;VSP;SBPA;SBGR;461,00;7
2002;5;VSP;SBCF;SBGR;180,00;254
2002;5;VSP;SBPA;SBBR;720,00;14
2002;5;VSP;SBMQ;SBBE;244,00;4
2002;5;VSP;SBPA;SBGL;557,00;9
2002;5;VSP;SBGR;SBEG;903,00;18
2002;5;VSP;SBGR;SBCT;96,00;148
2002;5;VSP;SBCT;SBGL;401,00;6
2002;5;VSP;SBGR;SBCF;215,00;122
2002;5;VSP;SBBR;SBCF;337,00;3
2002;5;VSP;SBGL;SBKP;187,00;17
2002;5;VSP;SBGL;SBSV;146,00;164
2002;5;VSP;SBGR;SBSV;261,00;352
2002;5;VSP;SBGL;SBKP;301,00;3
2002;5;VSP;SBRF;SBSV;245,00;102
2002;5;VSP;SBBH;SBSP;281,00;8
2002;5;VSP;SBBR;SBFZ;647,00;65
2002;5;VSP;SBGL;SBPA;412,00;96
2002;5;VSP;SBPA;SBBR;446,00;71
2002;5;VSP;SBBR;SBSV;376,00;126
2002;5;VSP;SBBR;SBGR;247,00;431
2002;5;VSP;SBKP;SBGL;214,00;6
2002;5;VSP;SBPA;SBGL;470,00;25
2002;5;VSP;SBCF;SBGR;347,00;78
2002;5;VSP;SBGO;SBBR;185,00;4
2002;5;VSP;SBRF;SBFZ;283,00;37
2002;5;VSP;SBBR;SBBE;644,00;9
2002;5;VSP;SBBR;SBPA;446,00;56
2002;5;VSP;SBBR;SBSV;466,00;73
2002;5;VSP;SBCF;SBBR;310,00;11
2002;5;VSP;SBBR;SBGO;120,00;208
2002;5;VSP;SBGL;SBCT;339,00;6
2002;5;VSP;SBSV;SBGR;419,00;576
2002;5;VSP;SBBR;SBPA;374,00;91
2002;5;VSP;SBFZ;SBBR;499,00;120
2002;5;VSP;SBCT;SBBR;472,00;15
2002;5;VSP;SBGR;SBBR;247,00;445
2002;5;VSP;SBRF;SBGL;385,00;592
2002;5;VSP;SBBR;SBGO;193,00;14
2002;5;VSP;SBBR;SBGL;300,00;191
2002;5;VSP;SBGL;SBPA;510,00;11
2002;5;VSP;SBSV;SBRF;395,00;67
2002;5;VSP;SBFL;SBGR;187,00;78
2002;5;VSP;SBBH;SBSP;114,00;251
2002;5;VSP;SBGL;SBBR;426,00;15
2002;5;VSP;SBGR;SBEG;795,00;15
2002;5;VSP;SBCT;SBGR;150,00;328
2002;5;VSP;SBMQ;SBBE;233,00;12
2002;5;VSP;SBCT;SBBR;536,00;3
2002;5;VSP;SBEG;SBGR;943,00;9
2002;5;VSP;SBGL;SBBR;392,00;29
2002;5;VSP;SBBR;SBPA;720,00;15
2002;5;VSP;SBRF;SBFZ;398,00;13
2002;5;VSP;SBBR;SBCF;368,00;6
2002;5;VSP;SBSV;SBGR;548,00;66
2002;5;VSP;SBBR;SBBE;590,00;11
2002;5;VSP;SBPA;SBBR;374,00;102
2002;5;VSP;SBGL;SBGR;231,00;25
2002;5;VSP;SBGO;SBBR;100,00;195
2002;5;VSP;SBRF;SBFZ;207,00;618
2002;5;VSP;SBSV;SBRF;280,00;17
2002;5;VSP;SBBR;SBSV;430,00;104
2002;5;VSP;SBBR;SBSV;329,00;261
2002;5;VSP;SBPA;SBGL;360,00;123
2002;5;VSP;SBBR;SBCT;560,00;5
2002;5;VSP;SBSP;SBBR;385,00;28
2002;5;VSP;SBFZ;SBBR;675,00;18
2002;5;VSP;SBBR;SBGO;100,00;218
2002;5;VSP;SBRF;SBFZ;382,00;5
2002;5;VSP;SBSV;SBBR;509,00;28
2002;5;VSP;SBGO;SBBR;170,00;7
2002;5;VSP;SBFZ;SBBR;703,00;85
2002;5;VSP;SBBR;SBGL;484,00;117
2002;5;VSP;SBEG;SBGR;903,00;13
2002;5;VSP;SBGL;SBBR;300,00;206
2002;5;VSP;SBBE;SBMQ;138,00;212
2002;5;VSP;SBSV;SBGR;595,00;66
2002;5;VSP;SBRF;SBSV;363,00;6
2002;5;VSP;SBSP;SBBR;247,00;222
2002;5;VSP;SBGL;SBGR;262,00;6
2002;5;VSP;SBGR;SBBR;337,00;45
2002;5;VSP;SBKP;SBGL;244,00;3
2002;5;VSP;SBGL;SBGR;202,00;19
2002;5;VSP;SBPA;SBBR;634,00;5
2002;5;VSP;SBBR;SBFZ;499,00;135
2002;5;VSP;SBGR;SBBR;295,00;248
2002;5;VSP;SBCF;SBBR;135,00;36
2002;5;VSP;SBGR;SBCF;180,00;241
2002;5;VSP;SBRF;SBSV;379,00;3
2002;5;VSP;SBCT;SBGR;289,00;77
2002;5;VSP;SBGL;SBCT;259,00;96
2002;5;VSP;SBSV;SBBR;376,00;112
2002;5;VSP;SBPA;SBGL;510,00;15
2002;5;VSP;SBKP;SBGL;96,00;28
2002;5;VSP;SBKP;SBGL;289,00;3
2002;5;VSP;SBEG;SBGR;697,00;25
2002;5;VSP;SBSV;SBGL;571,00;207
2002;5;VSP;SBPA;SBGL;302,00;601
2002;5;VSP;SBFL;SBGR;317,00;2
2002;5;VSP;SBBR;SBGO;137,00;19
2002;5;VSP;SBGR;SBFL;331,00;10
2002;5;VSP;SBFZ;SBBR;436,00;251
2002;5;VSP;SBBR;SBFZ;703,00;96
2002;5;VSP;SBBE;SBMQ;244,00;2
2002;5;VSP;SBCT;SBGL;418,00;8
2002;5;VSP;SBBR;SBSP;337,00;68
2002;5;VSP;SBRF;SBSV;280,00;21
2002;5;VSP;SBGR;SBGL;285,00;188
2002;5;VSP;SBBR;SBGR;295,00;298
2002;5;VSP;SBGL;SBSV;297,00;668
2002;5;VSP;SBSV;SBBR;488,00;60
2002;5;VSP;SBSV;SBGL;525,00;45
2002;5;VSP;SBGL;SBPA;557,00;7
2002;5;VSP;SBGR;SBSV;352,00;715
2002;5;VSP;SBBR;SBSP;475,00;92
2002;5;VSP;SBSV;SBGL;463,00;143
2002;5;VSP;SBBR;SBSV;276,00;258
2002;5;VSP;SBGR;SBSV;548,00;72
2002;5;VSP;SBGR;SBPA;480,00;121
2002;5;VSP;SBRF;SBFZ;350,00;3
2002;5;VSP;SBBR;SBPA;691,00;2
2002;5;VSP;SBGL;SBKP;265,00;3
2002;5;VSP;SBGR;SBSV;480,00;198
2002;5;VSP;SBGR;SBCF;305,00;4
2002;5;VSP;SBBE;SBMQ;188,00;75
2002;5;VSP;SBKP;SBGL;301,00;6
2002;5;VSP;SBGL;SBRF;741,00;80
2002;5;VSP;SBCF;SBGR;215,00;103
2002;5;VSP;SBBR;SBCF;383,00;24
2002;5;VSP;SBFZ;SBRF;322,00;6
2002;5;VSP;SBGR;SBCT;205,00;54
2002;5;VSP;SBCF;SBBR;237,00;135
2002;5;VSP;SBFZ;SBRF;398,00;15
2002;5;VSP;SBGL;SBRF;276,00;123
2002;5;VSP;SBBR;SBSP;146,00;105
2002;5;VSP;SBCF;SBGR;305,00;6
2002;5;VSP;SBBR;SBGO;73,00;59
2002;5;VSP;SBGR;SBPA;461,00;8
2002;5;VSP;SBCF;SBGR;281,00;8
2002;5;VSP;SBBR;SBCT;472,00;9
2002;5;VSP;SBBR;SBSV;488,00;68
2002;5;VSP;SBBR;SBGL;252,00;253
2002;5;VSP;SBGR;SBEG;864,00;5
2002;5;VSP;SBGR;SBCT;234,00;12
2002;5;VSP;SBSP;SBBR;337,00;65
2002;5;VSP;SBBE;SBBR;544,00;67
2002;5;VSP;SBSP;SBBR;456,00;7
2002;5;VSP;SBBR;SBSP;437,00;5
2002;5;VSP;SBGR;SBSV;649,00;65
2002;5;VSP;SBBR;SBFZ;436,00;272
2002;5;VSP;SBSP;SBBH;333,00;2
2002;5;VSP;SBGO;SBBR;178,00;5
2002;5;VSP;SBGL;SBGR;285,00;213
2002;5;VSP;SBRF;SBFZ;247,00;172
2002;5;VSP;SBCT;SBGR;96,00;132
2002;5;VSP;SBBR;SBCT;513,00;4
2002;5;VSP;SBCT;SBGL;136,00;126
2002;5;VSP;SBRF;SBGL;276,00;136
2002;5;VSP;SBBR;SBBE;476,00;96
2002;5;VSP;SBCT;SBGR;234,00;25
2002;5;VSP;SBFZ;SBBR;569,00;91
2002;5;VSP;SBBR;SBPA;634,00;2
2002;5;VSP;SBCT;SBGL;259,00;112
2002;5;VSP;SBBR;SBSP;385,00;23
2002;5;VSP;SBGR;SBPA;341,00;124
2002;5;VSP;SBGR;SBCT;277,00;4
2002;5;VSP;SBPA;SBGR;422,00;6
2002;5;VSP;SBGL;SBSV;354,00;485
2002;5;VSP;SBMQ;SBBE;188,00;61
2002;5;VSP;SBGL;SBCT;418,00;10
2002;5;VSP;SBSV;SBGL;405,00;119
2002;5;VSP;SBSP;SBBH;180,00;312
2002;5;VSP;SBBR;SBGL;392,00;17
2002;5;VSP;SBCF;SBGR;333,00;9
2002;5;VSP;SBGR;SBBR;437,00;11
2002;5;VSP;SBFL;SBGR;256,00;36
2002;5;VSP;SBGL;SBPA;360,00;148
2002;5;VSP;SBCT;SBGR;179,00;141
2002;5;VSP;SBSV;SBBR;466,00;68
2002;5;VSP;SBKP;SBGL;187,00;29
2002;5;VSP;SBGR;SBCF;319,00;6
2002;5;VSP;SBBR;SBGO;170,00;6
2002;5;VSP;SBGR;SBSV;419,00;601
2002;5;VSP;SBGR;SBFL;256,00;48
2002;5;VSP;SBFL;SBGR;331,00;3
2002;5;VSP;SBCF;SBBR;272,00;21
2002;5;VSP;SBBR;SBCF;352,00;6
2002;5;VSP;SBBR;SBBE;349,00;281
2002;5;VSP;SBBR;SBSP;247,00;201
2002;5;VSP;SBKP;SBGL;157,00;119
2002;5;VSP;SBBE;SBMQ;164,00;35
2002;5;VSP;SBCT;SBGL;385,00;4
2002;5;VSP;SBGR;SBFL;292,00;15
2002;5;VSP;SBRJ;SBSP;155,00;14625
2002;5;VSP;SBGO;SBBR;156,00;12
2002;5;VSP;SBBR;SBGO;156,00;11
2002;5;VSP;SBBR;SBFZ;619,00;28
2002;5;VSP;SBGR;SBPA;442,00;5
2002;5;VSP;SBGR;SBSV;622,00;80
2002;5;VSP;SBSV;SBBR;429,00;69
2002;5;VSP;SBFL;SBGR;292,00;3
2002;5;VSP;SBBR;SBBE;544,00;57
2002;5;VSP;SBGL;SBKP;277,00;4
2002;5;VSP;SBBR;SBGR;418,00;16
2002;5;VSP;SBRF;SBFZ;366,00;3
2002;5;VSP;SBCT;SBGR;205,00;41
2002;5;VSP;SBBR;SBSP;418,00;7
2002;5;VSP;SBPA;SBGR;298,00;241
2002;5;VSP;SBBR;SBCF;272,00;28
2002;5;VSP;SBCT;SBBR;560,00;3
2002;5;VSP;SBRF;SBGL;459,00;306
2002;5;VSP;SBSV;SBGR;649,00;77
2002;5;VSP;SBGR;SBPA;389,00;61
2002;5;VSP;SBGL;SBRF;459,00;326
2002;5;VSP;SBFL;SBGR;360,00;33
2002;5;VSP;SBRF;SBGL;600,00;67
2002;5;VSP;SBSP;SBBH;114,00;188
2002;5;VSP;SBBR;SBCT;303,00;90
2002;5;VSP;SBSV;SBRF;245,00;131
2002;5;VSP;SBFZ;SBRF;184,00;190
2002;5;VSP;SBGL;SBGR;274,00;5
2002;5;VSP;SBBR;SBGO;185,00;3
2002;5;VSP;SBRF;SBGL;741,00;87
2002;5;VSP;SBBH;SBSP;305,00;5
2002;5;VSP;SBSV;SBGL;297,00;702
2002;5;VSP;SBCF;SBBR;352,00;3
2002;5;VSP;SBSV;SBRF;205,00;352
2002;5;VSP;SBGL;SBRF;600,00;71
2002;5;VSP;SBGR;SBPA;422,00;9
2002;5;VSP;SBSP;SBBH;246,00;6
2002;5;VSP;SBGR;SBBR;475,00;156
2002;5;VSP;SBBR;SBPA;266,00;39
2002;5;VSP;SBCF;SBGR;246,00;32
2002;5;VSP;SBPA;SBBR;511,00;43
2002;5;VSP;SBBR;SBBE;671,00;93
2002;5;VSP;SBBH;SBSP;246,00;7
2002;5;VSP;SBGR;SBPA;298,00;215
2002;5;VSP;SBPA;SBGR;442,00;9
2002;5;VSP;SBRF;SBSV;320,00;9
2002;5;VSP;SBBR;SBGR;385,00;26
2002;5;VSP;SBPA;SBGR;183,00;353
2002;5;VSP;SBGO;SBBR;73,00;79
2002;5;VSP;SBGL;SBPA;302,00;741
2002;5;VSP;SBGL;SBBR;445,00;4
2002;5;VSP;SBBE;SBBR;590,00;19
2002;5;VSP;SBPA;SBBR;583,00;8
2002;5;VSP;SBSV;SBBR;196,00;138
2002;5;VSP;SBSV;SBGL;354,00;446
2002;5;VSP;SBGL;SBBR;484,00;101
2002;5;VSP;SBPA;SBGL;580,00;77
2002;5;VSP;SBPA;SBGR;250,00;702
2002;5;VSP;SBRF;SBGL;682,00;39
2002;5;VSP;SBCT;SBGR;266,00;4
2002;5;VSP;SBBR;SBCT;361,00;76
2002;5;VSP;SBBR;SBBE;216,00;189
2002;5;VSP;SBGL;SBRF;652,00;25
2002;5;VSP;SBRF;SBSV;205,00;313
2002;5;VSP;SBGO;SBBR;193,00;15
2002;5;VSP;SBBH;SBSP;215,00;86
2002;5;VSP;SBSP;SBBR;437,00;13
2002;5;VSP;SBGR;SBBR;456,00;5
2002;5;VSP;SBSP;SBBH;215,00;102
2002;5;VSP;SBBR;SBGR;456,00;7
2002;5;VSP;SBGL;SBSV;502,00;126
2002;5;VSP;SBEG;SBGR;795,00;19
2002;5;VSP;SBGL;SBBR;138,00;110
2002;5;VSP;SBFZ;SBRF;283,00;47
2002;5;VSP;SBBR;SBGL;344,00;106
2002;5;VSP;SBPA;SBGR;480,00;112
2002;5;VSP;SBGR;SBEG;609,00;365
2002;5;VSP;SBSP;SBBH;347,00;37
2002;5;VSP;SBGL;SBCT;401,00;4
2002;5;VSP;SBBE;SBMQ;99,00;215
2002;5;VSP;SBGL;SBGR;177,00;158
2002;5;VSP;SBGL;SBPA;534,00;6
2002;5;VSP;SBPA;SBGR;389,00;52
2002;5;VSP;SBCT;SBGR;254,00;5
